Date,Open,High,Low,Close,Volume
2021-09-22,69.57167031565916,69.71368588647434,68.87829117783568,69.10385131835938,2326300
2021-09-23,69.00358720105635,69.60507228502061,68.61930648042461,68.76132202148438,2565300
2021-09-24,68.71955286750423,69.15395520006129,68.36033298010825,68.54412078857422,2527100
2021-09-27,68.48565940396888,69.20409297278924,67.89252356608986,67.96771240234375,2713700
2021-09-28,68.1932504464894,68.31020516610079,67.59177176286836,67.90086364746094,3483700
2021-09-29,67.94265774840405,69.10385596154995,67.72545332496807,68.6443862915039,2177100
2021-09-30,68.61933056382728,68.84489073625622,67.76723064485176,67.81735229492188,2935600
2021-10-01,68.3269203390242,68.56082979096075,67.56670824667583,67.98440551757812,3181500
2021-10-04,67.95100283831432,69.62179226289315,67.9175926585519,69.37117767333984,3370400
2021-10-05,69.31269576117494,69.63849916775607,69.06207481447156,69.35446166992188,2587000
2021-10-06,69.19573917284877,70.73286224252305,68.92841314448998,70.6409683227539,2697800
2021-10-07,70.85816098116845,71.21738086982351,70.13972120385834,70.29009246826172,2263700
2021-10-08,70.26504667146294,70.27340240281413,69.73875032033844,69.8222885131836,1879300
2021-10-11,69.77216510962617,69.8222931274905,68.68615578375751,68.92842102050781,2221100
2021-10-12,68.97017186628909,69.28762587370966,68.61930768566546,68.96182250976562,2898800
2021-10-13,69.12054552437017,69.77215227473668,68.37704486063866,69.72203063964844,2131300
2021-10-14,70.09796530755688,70.39870150573064,69.77215554355465,70.21492004394531,2252200
2021-10-15,70.17314623024835,70.507305344151,69.51318373301822,69.7470932006836,1849000
2021-10-18,69.54661115230152,69.59673279647699,68.78639889000854,69.32940673828125,2002000
2021-10-19,69.68861136271217,70.16478599806786,69.49647418669483,70.00606536865234,2224000
2021-10-20,70.34022300567035,71.27586725527728,70.2733962813488,70.92500305175781,2330900
2021-10-21,70.83312013602131,71.25917323420714,70.66603736538177,71.17562866210938,1736700
2021-10-22,71.44293687492335,71.7186185974455,71.13384498017525,71.4930648803711,1770500
2021-10-25,71.48472084909707,71.55990968279622,70.65768191973912,70.73286437988281,1814100
2021-10-26,70.8498284138389,71.29258662223037,70.5073198723414,70.5240249633789,2829300
2021-10-27,71.62673873545216,71.62673873545216,70.23998686818398,70.42377471923828,3768600
2021-10-28,70.42376503792852,71.00853868947878,69.77215191734493,70.76627349853516,2523700
2021-10-29,70.76627349853516,71.21738733268313,70.28174311664792,70.76627349853516,2897600
2021-11-01,70.75792178200216,71.27586874100955,70.51566295087102,71.11714172363281,2079500
2021-11-02,71.18397407355634,71.4596558249754,70.43211764857489,71.25916290283203,2071400
2021-11-03,71.2591639178981,71.73533859824349,70.47389093244759,70.95006561279297,2067900
2021-11-04,70.95007193159923,71.17562569561687,69.17068351995331,70.08126068115234,2690200
2021-11-05,70.46554489043702,71.48472749078074,70.34023440499939,71.0419692993164,1940100
2021-11-08,71.14222169265241,71.16728251599051,69.79723560268705,70.0896224975586,4155000
2021-11-09,70.31728639034436,70.78106768773118,69.95469549421426,70.02215576171875,3267300
2021-11-10,70.45220906619834,71.10149646890471,70.39318293867957,70.98344421386719,4234900
2021-11-11,70.98343827804008,70.98343827804008,69.2463782991467,69.65956115722656,2882700
2021-11-12,69.51621150147136,69.63426374422566,69.06086437940563,69.16204833984375,2061000
2021-11-15,69.35599482824979,69.90409820171134,68.98496981851618,69.8872299194336,2099100
2021-11-16,69.90409638463892,70.14020086347224,69.48247940576096,69.61739349365234,1881200
2021-11-17,69.49090146574153,70.24980674909513,69.24636288850141,70.19078063964844,2146900
2021-11-18,70.18237609839511,70.29199421401637,69.5583782401541,69.8366470336914,2123000
2021-11-19,70.00527318221171,70.56181062542403,69.67641248699131,70.308837890625,2477700
2021-11-22,70.24981899356433,71.72547842030087,69.95468839488993,71.08462524414062,3014900
2021-11-23,71.21110032710935,71.56526345469214,70.48591865797734,71.09304809570312,2166000
2021-11-24,71.47250487535439,71.47250487535439,70.57867259530529,70.67986297607422,2539200
2021-11-26,70.42689451510383,70.7894853598269,69.3897203910719,69.60896301269531,1636800
2021-11-29,69.74388539588793,70.62928369497796,69.30540653381915,70.24982452392578,2899200
2021-11-30,70.16549825062424,70.16549825062424,68.03211732434129,68.3441162109375,4122300
2021-12-01,68.78258909439496,69.5920928679063,67.6442246139373,67.69481658935547,3494100
2021-12-02,68.1839093526442,69.31383995054125,67.8719104218657,68.56336212158203,3442200
2021-12-03,69.13676174801446,69.62583906783178,68.32725778764386,69.43189239501953,2809100
2021-12-06,69.96312485663533,71.3966200596713,69.85350032108798,70.40160369873047,3864700
2021-12-07,70.14863075076325,70.84851000390476,69.71014551663461,70.7557601928711,3601900
2021-12-08,70.65457815283672,71.32073378975109,70.37630938677788,70.84851837158203,2343100
2021-12-09,70.80636961187058,70.93285601569724,70.12335203791869,70.42691040039062,2441400
2021-12-10,70.92440969167103,71.04246193273579,70.48592442483226,70.8232192993164,1955900
2021-12-13,70.76420277472499,72.07965232025747,70.74734092372833,71.65803527832031,3664800
2021-12-14,71.87725636642568,72.13866325204722,71.32915304069783,71.78450012207031,2341100
2021-12-15,71.95315211298461,73.7155079220653,71.86883000745193,73.5552978515625,3894500
2021-12-16,73.47940055531879,74.53344291631815,73.3782101726518,74.20458221435547,3521600
2021-12-17,73.85884128706175,74.40694451281186,72.85539749636052,72.97344970703125,5325600
2021-12-20,72.40006506233563,73.63961995709518,72.13023046461251,73.5552978515625,3349500
2021-12-21,73.90102089371972,74.00221128103401,72.74578809699779,73.15054321289062,2813500
2021-12-22,72.77109707786559,73.40352258051206,72.70363681357573,73.04093170166016,1776400
2021-12-23,72.95659637451172,73.3529173486771,72.79638630341827,72.95659637451172,1553100
2021-12-27,72.93974048844595,73.52157400304209,72.74579383912562,73.42881774902344,1609800
2021-12-28,73.57215670124386,74.45755485666746,73.57215670124386,74.38166046142578,1507500
2021-12-29,74.51659380526613,74.77799429679489,74.28891701369291,74.69367218017578,1170700
2021-12-30,74.74425083262565,74.84544121454006,74.19614752230957,74.78641510009766,1288900
2021-12-31,74.74427604174603,75.23335340257161,74.45757951300658,75.02254486083984,1520800
2022-01-03,74.73582547199813,74.85387771475105,73.80826937892594,74.71896362304688,2661600
2022-01-04,74.6262144098218,75.84047351652293,74.6262144098218,74.75270080566406,2349200
2022-01-05,74.76113529799349,76.1356045080621,74.76113529799349,75.44415283203125,3343300
2022-01-06,75.46943481312047,76.1524522203504,74.97192989510465,75.19960021972656,3296300
2022-01-07,75.03940047930877,76.96197319083873,74.67680956031913,76.56565856933594,3109600
2022-01-10,76.65840449718533,77.09688333774858,76.17775495075338,76.31267547607422,3206500
2022-01-11,76.11870701970447,76.42227168133417,75.19958532942113,75.69709014892578,2231600
2022-01-12,75.63808583282214,76.23678762315056,75.014094485663,76.1355972290039,2244200
2022-01-13,76.11030234372947,77.22337096204247,75.81517173155649,76.61624145507812,2937700
2022-01-14,76.84391006469765,76.99569243800424,76.12716247039175,76.7174301147461,4088400
2022-01-18,76.32112811436583,76.58252865382184,75.21648695401704,76.1609115600586,2558800
2022-01-19,76.27052293899331,76.79333040500663,75.58750536621655,76.14404296875,2535000
2022-01-20,76.27895558246229,76.75959876003863,75.73928627547713,75.8236083984375,2361500
2022-01-21,76.44759429731091,77.29082826167551,75.66338645311723,75.86576080322266,3969900
2022-01-24,76.22834809914497,76.88606953124173,73.428811725756,75.14900970458984,4777200
2022-01-25,74.43226557718492,75.6043668067105,74.24675949316666,75.01409912109375,2837900
2022-01-26,74.8454691028216,75.72243343942152,74.47444399758452,74.90449523925781,3561600
2022-01-27,75.11527436782285,76.32952676083069,75.04781411449912,75.3851089477539,3239000
2022-01-28,75.17429819600179,76.13558425987038,74.60089892690792,76.00066375732422,4460800
2022-01-31,75.33452298691714,76.30424338021842,75.14058276827583,76.22835540771484,5909000
2022-02-01,75.81516704055431,76.0006731043244,74.12869915149771,74.49971771240234,4817000
2022-02-02,74.57559608319974,75.88260455626661,74.0443546949807,75.78984832763672,3518800
2022-02-03,75.8910682539371,76.39700742229024,75.56220747283929,76.05128479003906,2529800
2022-02-04,75.27549184705322,76.13559407829437,74.55874427659523,75.19116973876953,3439600
2022-02-07,74.86231260988886,76.21148570734255,74.86231260988886,75.73084259033203,3011400
2022-02-08,75.95008953269125,76.34641055982375,75.64652476439254,76.05970764160156,2415300
2022-02-09,76.57007262339563,76.65513677463456,75.75350738947405,76.02569580078125,2828700
2022-02-10,75.35371250584765,75.70245727792211,74.16289252676945,74.3330078125,3065100
2022-02-11,74.47760465241326,75.40475045881534,74.44358029819391,74.55416107177734,3340500
2022-02-14,74.79231852873895,74.89439158248098,72.6658452468909,73.30378723144531,2659100
2022-02-15,73.49094267800272,73.83968103918701,72.26609157836619,72.67437744140625,3790700
2022-02-16,72.83597371886867,73.09115315474726,71.7642356629369,72.64884948730469,2622900
2022-02-17,72.3596500171413,73.04862544990068,71.61963480046724,72.7168960571289,3155000
2022-02-18,72.5552611322178,73.46539131383406,72.30858948624024,72.90399932861328,3909500
2022-02-22,72.90398698229019,73.70354276905506,72.42765918905808,73.14215087890625,2481200
2022-02-23,73.14218328788607,73.30379735626293,71.81526585337136,71.99388885498047,3615400
2022-02-24,74.14588956393928,74.17991392469925,72.18953749136497,73.62702941894531,6582000
2022-02-25,74.16289202496232,76.18729246517977,73.91622031968456,76.0937271118164,4073700
2022-02-28,75.48130519541462,77.31007379190035,75.22613225674279,77.1059341430664,5547300
2022-03-01,76.85074855801116,77.98203398165568,76.26384630344793,76.7316665649414,4013000
2022-03-02,76.46799369592883,77.82042782138734,76.46799369592883,77.60778045654297,3146500
2022-03-03,77.76087941756059,80.54231031909958,77.76087941756059,79.93839263916016,4173700
2022-03-04,79.67470782065222,81.98831203510375,79.18136440944195,81.9372787475586,4675100
2022-03-07,81.66508816546725,83.48534891894282,80.9335807797361,82.72832489013672,4111300
2022-03-08,82.99201353212324,83.42581597471663,80.95910523748489,81.01864624023438,3689900
2022-03-09,81.57150752953181,81.57150752953181,80.12550196124712,80.81448364257812,3006200
2022-03-10,80.47427534157592,81.84372499363903,79.94690750076526,81.64808654785156,2897900
2022-03-11,81.9542875333776,82.36257330145354,80.98461613486464,81.26531219482422,2254900
2022-03-14,81.14623867514999,81.95429609516809,80.41473119430962,80.58484649658203,2948400
2022-03-15,81.26530169250282,81.7926693894711,80.68690071467613,81.75013732910156,3673700
2022-03-16,81.58854699013433,81.65659571070253,79.43655649565916,80.86554718017578,2880000
2022-03-17,80.9931154464451,81.63105743138625,80.60184514108565,80.75495147705078,2863600
2022-03-18,80.7549688108684,81.0951994176147,79.43655249653658,80.01495361328125,5719000
2022-03-21,79.95540385754553,81.14623031927775,79.92137950269807,80.54231262207031,2426000
2022-03-22,80.57634257545006,81.31635125398176,80.20208113560614,81.01864624023438,3653900
2022-03-23,80.97608792644345,82.06484753588923,80.83999703118805,81.66506958007812,2989400
2022-03-24,81.90326354887577,82.66879539504448,81.36739450129912,82.03085327148438,3036600
2022-03-25,81.95428389067825,82.83889760762176,81.95428389067825,82.3710708618164,2032200
2022-03-28,82.32005586675756,83.03455446551146,81.63108040574899,83.02604675292969,2465400
2022-03-29,82.89844379269564,84.04673820761917,82.80487843767766,83.94467163085938,2943100
2022-03-30,83.94467089936084,84.58261295647955,83.50236077231519,84.56559753417969,2164100
2022-03-31,84.89733612639944,85.62884361735057,84.65066439205705,84.86331176757812,3670600
2022-04-01,84.89733203514616,86.43690337257425,84.02122592853667,86.34333801269531,2569100
2022-04-04,85.78194696366654,85.98608661991607,84.3529563909546,85.61183166503906,2580800
2022-04-05,85.60331680281318,87.35552889234803,85.60331680281318,86.17321014404297,2235300
2022-04-06,86.32630673146693,89.15026296396661,86.13917604608443,88.8780746459961,3364500
2022-04-07,88.77600430773668,88.82703758722317,87.21091667884602,87.9254150390625,3226300
2022-04-08,88.1040698523741,88.58039793836869,87.35554687211578,87.60221862792969,2180400
2022-04-11,87.82336806388166,88.2316538894301,86.02862365499139,86.2497787475586,3621200
2022-04-12,86.30929656129184,87.63621378115769,85.92652748592042,87.02378845214844,2493900
2022-04-13,87.295984685832,87.4746076747511,86.15619804525821,86.97276306152344,1737400
2022-04-14,87.38104476193693,87.40656140353029,86.64953741867984,86.79413604736328,2188300
2022-04-18,86.93874466921699,87.23644967116186,85.98608217351102,86.4709243774414,1818200
2022-04-19,86.60701729815788,87.30450038563559,86.36034557960714,87.1258773803711,1892100
2022-04-20,87.6022088012693,87.89991382162125,86.98128211446132,87.46611785888672,2335100
2022-04-21,87.21945921277124,88.0445321711297,86.71760796934875,86.86221313476562,3004600
2022-04-22,86.7601071783432,86.88769686914878,85.16100165675954,85.27157592773438,2426500
2022-04-25,85.47572233091255,85.94354907121098,83.80856797650262,85.4842300415039,3140100
2022-04-26,85.28008796525222,86.35182584765022,84.3784588634252,84.41248321533203,2050800
2022-04-27,84.59109284745162,85.82445107389715,83.52785635369541,84.65914154052734,3436000
2022-04-28,85.10997805327312,87.40657345556495,83.74052852342942,87.1258773803711,4355000
2022-04-29,86.7005799372926,86.96426058115362,84.05524631897099,84.30191802978516,3589200
2022-05-02,84.60811575057808,85.38214861197991,82.49865150497408,83.46832275390625,2652900
2022-05-03,83.99571101962235,85.17802987582854,83.41730991454084,83.85111236572266,2844800
2022-05-04,84.18284740161404,85.83299317780201,83.85961922472097,85.67137908935547,2987900
2022-05-05,85.18653187258292,85.96056487172127,83.97018874009497,84.76974487304688,2680400
2022-05-06,84.6251482913756,85.15251612228467,83.91916393209709,84.76124572753906,3291000
2022-05-09,84.78695052081339,86.36437899454691,83.84392206015285,85.46421813964844,3170300
2022-05-10,85.95287526398745,87.11022862505199,83.98108321130117,84.9412612915039,3174300
2022-05-11,84.81267067437908,86.84447358374103,84.68407439442579,85.54137420654297,3331400
2022-05-12,85.30132361053337,85.94429841161781,83.31238848747269,84.46974182128906,2905400
2022-05-13,84.65835424420551,85.57566475768016,83.92107590171058,85.46421813964844,2270400
2022-05-16,85.60994789355796,85.97001219497025,84.86409480576597,85.20701599121094,2142200
2022-05-17,85.44708229787486,86.11577519554953,84.05826059983649,86.07291412353516,2521200
2022-05-18,86.47584496927509,87.05023434381465,85.35277763051407,85.62711334228516,3580900
2022-05-19,85.27561397599037,85.37848576815593,83.6467430130239,84.90697479248047,2749800
2022-05-20,84.91556148129945,85.67855790292015,84.17828301131189,85.4728012084961,2925600
2022-05-23,86.21006639805417,86.93877646569449,85.3784845397284,85.9614486694336,2485500
2022-05-24,86.33866181481497,87.93323996129867,85.65282590127386,87.63318634033203,2534300
2022-05-25,87.74464119019602,88.2933125887681,87.23026257161956,87.85609436035156,2393000
2022-05-26,88.38760360347483,88.72194998531785,87.85608194037981,87.94181060791016,2574800
2022-05-27,87.80465404045708,88.84198613282969,87.35886097110621,88.7905502319336,2713400
2022-05-31,88.11328131153137,88.43048462426569,86.7501776311577,87.47030639648438,3319500
2022-06-01,88.00183529373852,88.21616026691339,86.48441082088011,87.4788818359375,2234500
2022-06-02,87.8903883977447,88.061852312936,85.73857022270055,87.65892028808594,2261200
2022-06-03,87.36742427463284,87.86465317927775,87.12737484053736,87.4017105102539,1682400
2022-06-06,87.7446428395817,88.12185688594533,87.04165718815436,87.49602508544922,1499000
2022-06-07,87.65031288057524,87.90750538743286,86.68156664734227,87.81320190429688,1461700
2022-06-08,87.6074853983569,87.6074853983569,85.94432137547976,86.18436431884766,1814500
2022-06-09,86.13289744521838,86.74157941581718,84.16110562105422,84.23826599121094,2279800
2022-06-10,83.53528053524131,85.00983698939157,83.16664142170374,84.23826599121094,3003000
2022-06-13,83.24381832874897,83.65532515541919,79.39454363933982,79.73746490478516,4241100
2022-06-14,79.83176649601869,80.41473067104934,76.60831714345625,77.5342025756836,3482800
2022-06-15,78.10858287993673,78.7944253149474,76.03391899801284,77.71422576904297,3954800
2022-06-16,76.3939922601729,77.07125994520212,75.66528867574465,76.46257781982422,3908000
2022-06-17,77.24270882769707,77.40559787882519,75.12517732574453,75.79387664794922,8000800
2022-06-21,75.91389087986151,77.6027657908789,75.82815567751298,77.11410522460938,3197400
2022-06-22,76.71119087037512,78.15145483145868,76.70261604077406,77.42274475097656,2632500
2022-06-23,78.11716588770862,79.40311568248032,77.86854814250464,79.22308349609375,2991900
2022-06-24,79.30880202349411,80.49187332861764,79.23164164453058,80.24325561523438,3647200
2022-06-27,80.09752838929525,81.46063206474301,79.90892136838772,81.42634582519531,2910900
2022-06-28,81.52064562138744,82.4636807586212,81.2548847412648,81.51207733154297,2318500
2022-06-29,81.64922037757952,82.06072710533385,81.27201296287207,81.76067352294922,1700100
2022-06-30,81.10914862988584,82.85804130925558,81.00627028144778,82.24935913085938,3046800
2022-07-01,82.30079428269747,84.03253728449693,81.77784079577181,83.97252655029297,2833600
2022-07-05,83.68960414884806,83.8439183658425,79.42024850578751,80.22611236572266,3654900
2022-07-06,80.38041836734527,82.11216081157427,79.9603368224921,81.27201080322266,2574100
2022-07-07,81.67494964703808,82.0607384841797,80.9376778312362,81.03197479248047,2604500
2022-07-08,81.31487973185588,81.39204011027358,80.44043686741587,80.87765502929688,1979100
2022-07-11,80.8090820264346,81.82926435399179,80.4147248982063,81.45205688476562,1699200
2022-07-12,81.36633935271259,82.23220757120046,80.5604753269126,80.90339660644531,1945100
2022-07-13,80.11466890417415,81.2120182137127,79.9174936001303,80.50045776367188,2071100
2022-07-14,79.25736445586925,80.97196406803022,78.98302877955064,80.8176498413086,2043200
2022-07-15,80.989112859843,81.67494877295759,80.04608439138646,81.63208770751953,2376900
2022-07-18,81.41777538133084,81.41777538133084,79.95179328622348,80.04609680175781,2354100
2022-07-19,80.83481698241532,80.83481698241532,80.06324568193891,80.23470306396484,2568900
2022-07-20,80.46617427117492,80.61191369371042,79.03448491659296,79.48027801513672,2293300
2022-07-21,79.26594810532897,79.60029454364917,78.92302683660387,79.54885864257812,2061600
2022-07-22,80.19181976113872,80.89480529767847,79.8917661554226,80.88623046875,1870100
2022-07-25,81.03197659632306,82.23219765968425,80.62905117266739,82.12932586669922,2626800
2022-07-26,82.0607356681192,83.07234966620162,82.00072494538033,82.66084289550781,2492400
2022-07-27,81.29775089285133,82.76373293347316,80.8776692335643,82.54940795898438,2757600
2022-07-28,83.24381375947254,83.82677791652682,82.2407745091623,83.68961334228516,2805200
2022-07-29,83.47528580183022,85.00985326402974,83.27810396539358,84.49546813964844,5858500
2022-08-01,84.25542656874359,85.0527156753258,83.91250532729384,84.95841217041016,2643200
2022-08-02,84.9584079762626,85.51565414852399,84.32400796234018,84.40973663330078,2139300
2022-08-03,84.33258633850758,85.58424330107395,82.92661514545064,85.37848663330078,2099000
2022-08-04,85.27561066682802,86.03003212304019,84.92411461542618,85.6871109008789,2864500
2022-08-05,85.67855088182976,85.8757261886456,84.58977638693239,85.26704406738281,2699300
2022-08-08,86.1072048450881,86.74160494556304,85.31848395888012,85.79857635498047,2050400
2022-08-09,85.9713808187599,87.12918318519746,85.9713808187599,86.8958969116211,1867100
2022-08-10,87.36247126102406,87.62168407705808,86.65396370152756,87.56119537353516,2311400
2022-08-11,87.52663999012796,88.546200294056,87.04277650537949,87.44023132324219,2214200
2022-08-12,88.2351558182185,89.72993096979253,87.88089870855082,89.66944885253906,3186600
2022-08-15,89.66943081950467,90.40385826475813,89.50526228052206,90.34337615966797,2056700
2022-08-16,89.75583964916521,91.11237261589325,89.75583964916521,90.2569808959961,2063200
2022-08-17,89.70399421021719,90.85316081494851,89.70399421021719,90.1446533203125,1877000
2022-08-18,90.36931167643603,91.13830799075153,90.05826550532483,90.17922973632812,2151200
2022-08-19,90.10146443749271,91.02598055352543,89.84225819280638,90.6717300415039,2426200
2022-08-22,90.72356515595659,90.72356515595659,89.17694358748929,89.3497543334961,2612400
2022-08-23,89.41888532342443,89.41888532342443,88.33020712610512,88.73629760742188,1169500
2022-08-24,88.68444445018136,88.80540867629367,88.04506117043691,88.70172882080078,1382500
2022-08-25,89.09053576947817,89.40158850019012,88.21785968653325,89.32382202148438,1466200
2022-08-26,89.50527408697722,89.62624490516961,87.9154547765802,87.97593688964844,2004700
2022-08-29,87.65624721817599,89.47935949708359,87.03414827156442,88.93502044677734,1663500
2022-08-30,88.9004506029514,88.92637056614365,87.23286485300704,87.56119537353516,1826200
2022-08-31,87.64760927694694,88.03642193217269,86.40339823293472,86.57620239257812,3253700
2022-09-01,86.61940315747249,88.97821873248978,86.58484100855746,88.45979309082031,2828600
2022-09-02,88.77082608054182,89.64350201825378,86.99091865595004,87.34516906738281,2320800
2022-09-06,87.44023660585118,89.21150891112701,87.39703886185431,87.75128936767578,2740800
2022-09-07,88.28700664698135,90.68037825892225,88.28700664698135,90.49893188476562,2845600
2022-09-08,89.8940945671471,90.82725283203744,89.41887324927073,89.84225463867188,2929900
2022-09-09,90.42114439203772,91.1469296672382,89.53982616694549,90.47298431396484,2000000
2022-09-12,90.47299235214561,91.24198202531063,90.15329742372924,90.87908935546875,1772500
2022-09-13,90.15330002631853,90.6285213401083,87.98457953771126,88.30426788330078,3093400
2022-09-14,88.3042675128613,89.77312919074126,88.3042675128613,89.27198791503906,1430600
2022-09-15,88.95228709908,88.95228709908,86.3342654447289,86.56755828857422,3097500
2022-09-16,86.72307394637768,87.3019750040581,86.37745911168405,86.71443176269531,5319700
2022-09-19,86.53299318270426,87.39702705054543,86.14417398694258,87.36246490478516,2873400
2022-09-20,87.07734140145116,87.09462577219604,85.23695144048074,86.19602966308594,2273600
2022-09-21,86.78357737981699,87.37112076560044,85.1505536413414,85.16783142089844,2853200
2022-09-22,84.93454188210337,85.98002219468624,84.7098912041428,85.43567657470703,1939500
2022-09-23,84.80494836889788,84.92591261572657,83.37064859641903,84.45069122314453,2096800
2022-09-26,84.1136951444873,84.51979211434261,81.44383367518273,82.62755584716797,3504700
2022-09-27,82.84357148302996,82.90405359492065,80.07866552223292,80.23419189453125,2924100
2022-09-28,81.12413726785468,81.35743009780909,80.05273714466567,80.83900451660156,3419200
2022-09-29,80.9772543065152,80.9772543065152,76.75212926408412,76.9594955444336,3429200
2022-09-30,77.46065261544373,77.76306320951386,74.37605137181528,74.69573974609375,5127200
2022-10-03,75.77577533786096,77.01134415916917,75.29191843174506,76.23371887207031,6209900
2022-10-04,76.5274862447616,78.78261536856999,76.35468209258441,78.33332061767578,5094100
2022-10-05,77.30512360699385,77.45200780598768,75.50793129159631,75.7757797241211,3296800
2022-10-06,75.58569015672566,75.74121652587336,72.74301777133778,73.0195083618164,4211100
2022-10-07,73.05407422295784,73.33920042084182,71.34328407537399,71.7061767578125,3717000
2022-10-10,71.93081344977834,73.43423040763803,71.90489349065132,72.9676513671875,4127900
2022-10-11,72.84669531480588,74.47108325045268,72.73437328200167,73.33055877685547,3921000
2022-10-12,73.3305753197772,73.3305753197772,70.56566228678604,70.62614440917969,2552800
2022-10-13,69.81396297117011,73.47746597462212,69.38194588989322,73.25281524658203,4047100
2022-10-14,73.7366497073917,74.45379942498315,71.83577776819477,72.16410827636719,4001200
2022-10-17,73.2700831217738,74.35876117515194,73.20960100769723,73.48609161376953,3606400
2022-10-18,74.27235627941391,75.04998813951207,73.736652866445,74.80805969238281,2612300
2022-10-19,73.84898514535446,74.60069048720659,73.48609245673232,74.22052001953125,1806500
2022-10-20,74.55749228467637,74.55749228467637,72.18139886009088,72.51837158203125,3165500
2022-10-21,72.67389213168904,74.4451642702217,72.06907103621988,73.98722076416016,2278600
2022-10-24,74.72165445505566,75.16230699708306,73.6588898592217,74.30691528320312,2141900
2022-10-25,74.3501067184519,75.65479293281497,74.29826021092876,75.53382873535156,2580000
2022-10-26,76.03498232370863,76.56204352399878,75.37831472150108,75.55976104736328,2197600
2022-10-27,74.45380094995899,77.1755091034167,74.43652317214571,75.32647705078125,2740500
2022-10-28,75.65481063798005,77.38287853993158,75.65481063798005,77.24463653564453,2633900
2022-10-31,77.20142719289372,77.23598933973727,75.48200158777394,75.96585845947266,4104000
2022-11-01,76.12137748977987,77.07181336420669,75.70664495172863,76.49291229248047,4169800
2022-11-02,76.47564347474862,78.31603333604214,76.18186851650064,76.2164306640625,3166600
2022-11-03,75.83626159807633,77.40016762724441,75.36968903712582,76.6225357055664,4020800
2022-11-04,76.74349220176893,77.48656189734199,75.79305621200626,77.39151763916016,3304300
2022-11-07,77.62479214609432,77.62479214609432,74.89444881104546,76.03497314453125,3038600
2022-11-08,76.08681836580278,77.43471564809826,76.0349784445028,77.11502075195312,2959600
2022-11-09,77.01908481586675,77.44644044582476,76.42602624235248,76.59173583984375,2932000
2022-11-10,78.78082777058724,80.21986777276273,77.56854724033856,80.06288146972656,4114900
2022-11-11,79.60063130912019,80.17624991438535,77.75168909473263,78.47557067871094,3966700
2022-11-14,78.78080511001077,79.00755786277861,77.14989268947083,77.32432556152344,3045700
2022-11-15,78.24881645107106,78.99886135735312,76.79233653112571,77.812744140625,4912300
2022-11-16,78.25754921271235,79.0163108660168,78.06567630831107,78.26626586914062,3294700
2022-11-17,77.6644829475082,78.08310864901061,77.19352404286631,77.68192291259766,2587800
2022-11-18,78.21394467321275,79.87973775439535,78.21394467321275,79.609375,4318800
2022-11-21,79.73145191694668,81.39725117528003,79.66167875709367,81.24026489257812,3150700
2022-11-22,81.64147032773626,82.59210490841159,81.14434808792863,81.72868347167969,3286800
2022-11-23,81.72866600068433,83.0368828419898,81.48446658827024,82.96710968017578,3323000
2022-11-25,83.15898161587423,83.56016731090456,82.81012246465029,83.26364135742188,1252000
2022-11-28,84.7375711461376,84.84222423791007,81.972867752294,83.04560852050781,4529100
2022-11-29,82.50487491221384,82.74907432695042,81.99031281029535,82.5484848022461,2044500
2022-11-30,82.47871387352198,84.49336575359612,81.95542844863802,84.42359924316406,4346800
2022-12-01,85.24340569418969,85.65331469366606,83.70843609070278,84.1445083618164,2846500
2022-12-02,83.08921327873183,83.20259633547481,82.4176648631341,82.9583969116211,3492000
2022-12-05,82.4438353093898,82.79269451121904,82.07753614174021,82.43511199951172,2496000
2022-12-06,82.27811725173996,84.28405246604824,82.16474085069773,84.04857635498047,4255100
2022-12-07,85.00792947601549,86.02833699204253,83.96135203445318,84.31021118164062,6140700
2022-12-08,84.18811325230539,85.72308953991566,84.03112696545962,85.22596740722656,3735000
2022-12-09,85.26958287941437,85.40912922282945,84.03113902431697,84.23173522949219,2552300
2022-12-12,84.8770961481744,85.98471665289517,84.03983828904519,85.94983673095703,2132700
2022-12-13,87.01385564811568,87.49353779467214,85.04281382792911,86.01089477539062,4842800
2022-12-14,86.33360195185864,87.45866941283525,85.45274059608067,85.89752960205078,3048300
2022-12-15,85.76670610222904,85.92369241346783,83.13283205137354,83.35086822509766,6069100
2022-12-16,82.78395560874336,82.78395560874336,80.9437301532933,82.47870635986328,6084100
2022-12-19,82.06880339794418,82.97583455686146,81.51935470962967,81.9815902709961,3337000
2022-12-20,82.00774390556562,82.29555317921053,81.36235885727784,81.69377136230469,1975400
2022-12-21,82.03393951027105,83.16773043605366,81.7810167143984,83.15028381347656,2399200
2022-12-22,82.81012039885428,82.86245359529002,81.08327795697295,82.39149475097656,3310100
2022-12-23,82.19961522147489,83.49039194790919,82.05135226045992,83.45550537109375,1406200
2022-12-27,83.69971953213002,84.12706852918312,83.06305103722877,83.97880554199219,1327300
2022-12-28,84.15323035035222,84.4759262468465,83.11538280399479,83.16770935058594,1391800
2022-12-29,83.66483834078468,84.30150687671488,83.43807886380377,83.73461151123047,1415900
2022-12-30,83.63866862216146,83.795654916603,82.04264240432842,82.81012725830078,1405300
2023-01-03,82.76651971736993,83.1066555619863,81.44957957435518,82.7403564453125,1870500
2023-01-04,83.08923004093396,84.48466700835598,82.75781742083635,83.30726623535156,1963500
2023-01-05,82.71419748017898,83.24620626229542,81.52808684814393,81.78972625732422,2374200
2023-01-06,82.64440997288011,84.75499794564534,82.64440997288011,84.18810272216797,2287500
2023-01-09,84.08346264266255,85.74925534014308,83.9264763511885,85.42655944824219,2561400
2023-01-10,85.13002577566641,85.53993475817704,84.13578157099295,84.84221649169922,3975900
2023-01-11,84.81606363867037,85.28702252829821,84.62419075912547,85.14747619628906,5187300
2023-01-12,85.10388862335019,85.3306414737012,83.94393447726503,84.08348083496094,2505500
2023-01-13,83.4206292467137,83.59505549871196,82.56592464247831,82.71418762207031,3709700
2023-01-17,82.66187050642556,83.28981573154441,82.26068475791868,82.73164367675781,2575400
2023-01-18,82.95839959037426,83.03688941317516,80.55127854878113,80.62976837158203,3775900
2023-01-19,80.49893073285867,80.81290324898336,79.80993585880357,79.91458892822266,1778500
2023-01-20,79.57445685713022,80.96988663059999,78.57148942015898,80.38555145263672,3154200
2023-01-23,80.17625114840389,81.54551786674695,79.8622785686877,80.81291961669922,2157400
2023-01-24,80.54254433077051,81.04838974453888,79.61807327755798,80.84779357910156,2225300
2023-01-25,80.62104560408619,80.70825872967612,79.88844071047386,80.54254913330078,2302700
2023-01-26,80.33323842560421,81.43214246811702,80.20241540679206,81.10072326660156,2262900
2023-01-27,80.83909673809674,81.5280918697332,80.45535092960651,81.1705093383789,1647700
2023-01-30,81.0483897738877,81.95542086492458,80.83035364586733,80.99606323242188,2866700
2023-01-31,81.18793289653372,82.09496402623418,80.16752537084629,81.94670104980469,3339000
2023-02-01,81.30131780218287,83.02816032292579,81.07455835109819,82.5484848022461,3290400
2023-02-02,82.54849395855712,83.40319200493856,81.61529943219776,82.4612808227539,2533600
2023-02-03,81.94671059704842,82.06008700624439,79.3477232636669,80.33324432373047,2593300
2023-02-06,80.184986712109,80.74315879381439,79.8710140844077,80.67338562011719,2657000
2023-02-07,80.30706485543983,80.69952720761853,79.08606125964543,80.48149108886719,3160800
2023-02-08,80.03671292424788,80.03671292424788,78.50174310573777,78.82443237304688,2901700
2023-02-09,78.9916739038307,79.43178798776317,77.57450601631949,77.8825912475586,2779800
2023-02-10,78.28749819948766,79.76628184302572,78.02342705343834,79.70466613769531,2053100
2023-02-13,79.79268919760082,80.42645458820654,79.72226932850946,80.17998504638672,3107200
2023-02-14,79.99512939475449,80.62009055616574,79.17651697180021,79.6430435180664,1989700
2023-02-15,79.44059085096953,80.05674787215773,79.15891811048238,80.03034210205078,1687500
2023-02-16,79.21173161149524,80.27680689768981,78.55156048004842,79.8366928100586,2054600
2023-02-17,79.78388080581536,81.62356117356042,79.52861383059675,81.34188842773438,3127600
2023-02-21,80.52328283373129,80.93698446790503,79.61664209997438,79.96873474121094,2834600
2023-02-22,79.56381580402073,80.5408695124034,79.31735301552914,79.94231414794922,3583000
2023-02-23,79.4053830428391,80.07435833774235,78.25228627994129,79.84549713134766,3829200
2023-02-24,78.72760557841697,80.03033944150883,78.48994022413976,79.59902954101562,3248100
2023-02-27,80.09194315105788,80.57607123313838,79.11488954220934,79.28213500976562,2931400
2023-02-28,78.76283192772964,79.50222048270405,77.24883816399077,77.43368530273438,3593800
2023-03-01,77.12559171236624,77.16080164368759,75.46196107217737,76.0165023803711,2997900
2023-03-02,75.78763296791148,77.62731306525428,75.56757595771684,77.45126342773438,2549200
2023-03-03,77.53928942481707,78.43712583967545,76.77349528252849,78.41951751708984,2715600
2023-03-06,78.34031349921311,79.05329622588538,78.21708208264282,78.66600036621094,1735400
2023-03-07,78.84204223389635,79.37898199104607,77.6273296950179,78.0146255493164,3381000
2023-03-08,78.28750266887005,78.93006553034094,77.74175873649581,78.60438537597656,2108300
2023-03-09,79.0268809520817,79.88950747997258,77.86498008153154,78.1290512084961,2006500
2023-03-10,78.4811554616862,78.63079265523949,76.57985918262538,77.04637908935547,2660400
2023-03-13,77.28404155364787,80.08316760357455,77.21362168325273,78.67479705810547,4420600
2023-03-14,79.07967795319907,80.1975712408131,78.78920782566745,79.4405746459961,2926900
2023-03-15,79.37016994293018,81.97564443706658,78.98287412710964,81.50032043457031,4085000
2023-03-16,81.15703064768452,81.98444723630904,79.76627531046601,80.98979187011719,4169200
2023-03-17,80.65530528167697,80.85776071685486,79.30855724802275,79.8366928100586,8072300
2023-03-20,80.24161685370139,81.37710547646832,79.97754567152681,80.7697525024414,2718300
2023-03-21,80.7081105801101,80.79613204038179,77.22240837161694,78.25227355957031,4532000
2023-03-22,78.12905396344094,78.73640683190322,76.41260500886224,76.44781494140625,3156000
2023-03-23,76.41259651682198,77.04636180096534,75.0042329496185,75.18028259277344,3862100
2023-03-24,75.39153744628453,78.43712583967545,75.28590765759314,78.41951751708984,2527200
2023-03-27,78.727608762779,79.10610714012344,77.82097483266762,77.94420623779297,1919000
2023-03-28,77.92660912452656,79.12372013134122,77.86499341309974,78.27870178222656,2158900
2023-03-29,78.59558050565423,79.3261715579963,78.52516063457362,79.30856323242188,3185900
2023-03-30,79.56381961017426,80.2592006341738,77.97060885434699,79.59902954101562,3617600
2023-03-31,79.96871807148707,80.2239850152822,79.49339411224176,80.09194946289062,2210600
2023-04-03,79.63425030473847,80.64651412840377,79.31736759966746,80.01274871826172,2926200
2023-04-04,79.81909441503674,80.40004154198341,79.57263159053764,80.25040435791016,3146900
2023-04-05,80.82255223268967,83.54246083512022,80.7521323656605,83.2167739868164,4232600
2023-04-06,83.91215147447467,84.54591681941318,82.67102655470211,83.52484893798828,2991500
2023-04-10,83.1903770027607,83.40162991055416,82.1957147438325,83.1287612915039,1977400
2023-04-11,83.21676773295583,83.35760074082224,82.47737261593241,83.04071807861328,2682600
2023-04-12,83.2695807407359,83.49844193761562,82.60940963541991,82.97030639648438,2434300
2023-04-13,82.653426411053,82.90869338593235,81.05141141211998,82.71504211425781,2062200
2023-04-14,81.81721208162504,82.05487746675875,81.0690194220282,81.42111206054688,1994100
2023-04-17,81.90522510856624,82.38934652070944,81.31546719414098,82.1164779663086,1632000
2023-04-18,82.22210800980409,82.22210800980409,81.03379473172441,81.39469146728516,2070900
2023-04-19,81.81720213249355,82.34534438385266,81.5795434918681,82.33654022216797,1622000
2023-04-20,82.55659003906854,82.75903873086759,81.9492305324572,82.31012725830078,2099700
2023-04-21,82.81186786793728,83.09354061378981,82.14289257818454,82.67102813720703,2506900
2023-04-24,82.4685914776381,83.16397263968182,82.07248471374513,82.95271301269531,2197400
2023-04-25,82.93509472697497,83.38401294955231,82.79425500396732,83.075927734375,1642500
2023-04-26,82.50379822095465,82.93510819036958,80.98980453088413,81.20105743408203,1998900
2023-04-27,81.29787735092538,82.0548741426106,81.18345010217602,81.69397735595703,2004700
2023-04-28,81.52675007320258,82.11650144061035,80.47047205132249,81.35070037841797,2621600
2023-05-01,81.24506782677861,82.35415055467246,80.99859828274936,81.55314636230469,3046300
2023-05-02,81.64115777985953,81.76438917888241,79.86309993995256,80.34722137451172,2134300
2023-05-03,80.75212995979484,81.1042225688426,79.81028609206669,79.98633575439453,1998400
2023-05-04,79.75747661946455,81.31547755672281,78.92126252744816,80.48806762695312,2365100
2023-05-05,80.03033105834693,81.20984011335216,79.88069390465138,81.07780456542969,3328700
2023-05-08,81.0338052915116,81.75559214108425,80.48806810988846,81.1042251586914,2476700
2023-05-09,80.82886488928291,81.11309798925608,80.17157711621714,80.91768646240234,2026700
2023-05-10,81.29074910753923,81.7348637933416,80.56240129388942,81.46839904785156,1657500
2023-05-11,81.20192742410477,81.53057473078213,80.10940909332325,80.54463958740234,1676800
2023-05-12,81.20192779796123,81.6549266764611,80.85551888400613,81.41510772705078,3314600
2023-05-15,81.70821354651929,81.8059193142068,79.59423019682518,80.02057647705078,2788600
2023-05-16,80.14494253551018,80.23376412105718,78.18194957866278,78.24412536621094,2482900
2023-05-17,78.31518576518549,78.3595999465234,76.68084689707015,77.338134765625,2674900
2023-05-18,76.80520987906152,77.06279726043957,76.15679932915765,76.95620727539062,2595400
2023-05-19,77.04502103831699,77.68454733025683,76.78743368313827,76.88513946533203,2117100
2023-05-22,77.41806402165474,77.65788293538012,76.6453021411595,76.75189208984375,1458000
2023-05-23,76.50319320859853,77.12495783367194,76.28113586606923,76.38772583007812,1812100
2023-05-24,76.20118674200373,76.74300711647726,75.6060747820578,75.65048217773438,1767900
2023-05-25,74.93990659405421,75.01095978601018,72.39068612763376,73.27891540527344,4953100
2023-05-26,73.11903002314938,73.29667315868474,72.23080079217009,73.05685424804688,3387100
2023-05-30,73.04799311092249,73.28781887389634,72.23082358693367,72.6482925415039,3346100
2023-05-31,72.75486374327876,74.15826085861951,72.41733227905306,73.82962036132812,3091100
2023-06-01,74.02503207152829,74.07833044158437,72.35516330390298,72.85256958007812,2995700
2023-06-02,72.42621959187703,74.62902451133905,72.13310228977583,74.12273406982422,3066200
2023-06-05,74.40696374448557,75.28631561017288,74.19379061491816,74.61125946044922,2349400
2023-06-06,74.16716031273933,74.72674243598287,73.634223989176,74.1138687133789,2953500
2023-06-07,74.27374257112928,75.3218535017889,73.65197794436206,75.1264419555664,2763900
2023-06-08,75.60608645825675,75.60608645825675,74.52244554195799,75.21526336669922,3349100
2023-06-09,75.21525564653885,75.46395876049297,74.2115590004664,74.3270263671875,3019600
2023-06-12,74.3270380495586,74.51356541434167,73.91845333003576,74.33592224121094,2981400
2023-06-13,73.90068439375281,74.31815330180419,73.58980545477391,73.83850860595703,2907600
2023-06-14,74.16715628259328,74.88661994147641,73.74968737254659,74.26486206054688,2287500
2023-06-15,74.89548475413443,75.5794182461913,74.44248597143911,75.39289093017578,3233300
2023-06-16,75.392910342493,75.97914500947309,75.03762399764128,75.43732452392578,5317200
2023-06-20,75.42842892305629,75.95248772275329,74.56684543614284,75.09090423583984,2632900
2023-06-21,74.61126300456907,75.94360698679351,73.651973710971,75.8991928100586,3541800
2023-06-22,76.2100824947643,76.43213983679256,75.2152631628828,75.58831787109375,4391300
2023-06-23,76.0590821911269,76.0590821911269,73.75857126438531,74.15827178955078,3785300
2023-06-26,74.31815725442627,74.91326936593025,73.64310774435593,74.41586303710938,3244300
2023-06-27,74.40697928651427,74.61127504515095,74.07833872158761,74.1138687133789,3679100
2023-06-28,74.04278556455242,74.13160712791516,72.24855881203088,72.49726867675781,4762100
2023-06-29,72.0975765787898,74.3181500112521,71.76005185665036,73.9539794921875,5088900
2023-06-30,74.21157381598651,74.93103750736557,74.04280805068902,74.7889175415039,3236400
2023-07-03,74.771148613877,75.83702114687696,74.49579967779334,75.78372955322266,1533400
2023-07-05,75.58831837995623,76.81407925326161,75.25967784859944,76.2100830078125,2950900
2023-07-06,75.6149678484158,76.05908255702622,75.06426994679657,75.79261779785156,2539200
2023-07-07,75.40179463202463,75.52614620821474,74.83332834754052,74.86885833740234,1753600
2023-07-10,74.87773057664091,75.4284283899624,74.25596601828714,74.91325378417969,3489000
2023-07-11,75.05539639548789,76.49433069497302,74.86886900462653,76.40550231933594,3292100
2023-07-12,76.53871542494225,77.74670778777556,76.29889650108858,77.48912048339844,3590200
2023-07-13,77.41806739705056,77.73782370374187,77.09830431370764,77.52465057373047,3128200
2023-07-14,77.3203771300592,77.7911376591466,76.6897282506049,77.47137451171875,2641600
2023-07-17,77.18712624381916,77.27594781701413,75.88142811023293,75.92584228515625,3161600
2023-07-18,76.0502047595725,76.71637681913782,74.62015486290672,75.20638275146484,3040900
2023-07-19,75.28631982594929,76.48542806480786,75.27743563519645,75.82814025878906,2832100
2023-07-20,75.98802529057558,77.2137793812003,75.70379216332988,77.11607360839844,2850700
2023-07-21,77.38254897755655,78.43953737196001,77.24042901854114,78.10201263427734,8462300
2023-07-24,78.02207209758174,78.2441294613977,77.23154842452917,77.80889892578125,2382200
2023-07-25,77.60460260886386,78.38624201600082,77.37366107486682,77.75559997558594,2667600
2023-07-26,77.69342034792368,78.91917438007758,77.44471722052886,77.8177719116211,2755700
2023-07-27,77.53353496413366,77.85329804830197,74.85107873323871,75.73043060302734,4837900
2023-07-28,75.95249513130958,77.02725185305405,75.52614205307636,75.87255096435547,3504000
2023-07-31,75.92584160247186,76.15677633537203,74.67343506873326,75.26854705810547,5903600
2023-08-01,75.35737251872654,75.50837665390844,74.45138159089481,74.63790893554688,3750000
2023-08-02,74.51356131699868,75.35737650794908,74.34479556814767,75.05538177490234,3160800
2023-08-03,74.88661970316575,74.99320967240847,72.81705031942758,72.825927734375,3287300
2023-08-04,73.06574191635185,73.59867812498135,71.88439535651123,72.15974426269531,2578500
2023-08-07,72.39068566733103,72.82591611314457,71.72451371333719,71.83998107910156,3267100
2023-08-08,71.6179316389245,72.0087547301191,70.79187805404193,71.78669738769531,3797400
2023-08-09,71.79566796715815,72.81875568793268,71.6700260959731,72.43285369873047,3878100
2023-08-10,73.08799653918072,73.58158767770229,72.40593573567637,72.7649154663086,4083600
2023-08-11,72.8187695140884,73.21364795391355,72.48671202178363,72.7918472290039,2067300
2023-08-14,72.84567183866893,72.84567183866893,71.59822276045743,71.79566192626953,2733100
2023-08-15,71.34694816978923,71.47259004648167,70.78155972467324,70.98796844482422,3405700
2023-08-16,71.17643760833764,71.70593429045667,70.8354106050363,71.0687484741211,3285900
2023-08-17,71.23027938636751,71.80464418105345,70.68283687159366,70.7007827758789,2790500
2023-08-18,70.62897821562876,71.1315524946224,70.39564724902688,70.9161605834961,3155200
2023-08-21,70.89823537226707,71.0507995519473,69.8213028902104,70.50335693359375,2571300
2023-08-22,70.38668066252175,70.82642722669699,70.18026509739617,70.55719757080078,2558200
2023-08-23,70.9072082457356,71.32003257169008,70.6379717150408,71.28413391113281,3045300
2023-08-24,71.2212964046953,72.21746175085495,70.709752592908,70.74565124511719,2787100
2023-08-25,70.89823053446538,71.62515956790251,70.76361227165165,71.19438934326172,1875700
2023-08-28,71.51746643642991,71.75977381837093,70.84438200696512,71.07771301269531,1608300
2023-08-29,71.21234686308794,71.8226104866591,70.98798533746576,71.46363067626953,1967700
2023-08-30,71.35592701962568,71.65207896954284,70.94310271804302,71.29310607910156,1854800
2023-08-31,71.5084938236832,71.64311208605484,70.27002087319642,70.3597640991211,3095900
2023-09-01,70.77258846270554,70.93412900826438,69.11231481760974,69.57000732421875,2548200
2023-09-05,69.4174296438141,69.47128104649815,67.73023404401886,68.20587921142578,2972500
2023-09-06,68.08922826113341,68.72641407868674,67.9905086566,68.54692077636719,2752300
2023-09-07,69.1302640856391,69.93796685270975,68.91487896341012,69.4084701538086,2899600
2023-09-08,69.46232007926265,69.87514440758162,69.25590449161845,69.76744842529297,2164200
2023-09-11,69.81232794377985,70.48541247060345,69.7495069951551,69.82130432128906,2540400
2023-09-12,69.75847418179998,70.00078156686509,69.3187207523956,69.83924102783203,2681800
2023-09-13,70.00976095504562,71.48157177534534,69.99180820162019,71.19438934326172,2936800
2023-09-14,71.59824671460713,72.41492592879396,71.55337851907268,72.33415222167969,2779600
2023-09-15,72.40593833718881,72.70209713912394,71.77772892123778,71.83157348632812,4598000
2023-09-18,72.0469510085689,72.29823474849421,71.3289984440635,72.00208282470703,1650900
2023-09-19,72.03798064293252,72.36106172035262,71.67003137790734,71.84951782226562,2238500
2023-09-20,72.28028234583084,73.02516397004527,71.72386350961625,72.19950866699219,2073800
2023-09-21,72.14567232942885,72.6213175409783,71.44566565228297,71.68797302246094,3163300
2023-09-22,71.31104900697461,71.61618416747042,70.93412337956983,71.05078887939453,2515600
2023-09-25,70.75462598044474,70.97001790955261,69.8930788049182,70.61103820800781,2229000
2023-09-26,70.48540193752271,70.48540193752271,68.39435134339692,68.51101684570312,2910000
2023-09-27,68.51101616589658,68.67255670047011,67.20074598411962,68.08024597167969,3455500
2023-09-28,68.38538223452308,68.53795325771422,66.61741937183812,67.01229095458984,3162400
2023-09-29,67.52382816866874,68.10716937798522,66.79689917456437,67.5058822631836,3419100
2023-10-02,66.98537052077826,67.2725529738814,63.754566211625466,64.47251892089844,6352000
2023-10-03,63.74556536792493,65.59430127227326,62.71350146955846,65.343017578125,5808600
2023-10-04,65.40586281866048,65.99818047248304,64.57123775452759,65.77381896972656,4031700
2023-10-05,65.5853543912558,65.65715171350821,63.027634696996834,64.01482391357422,8103100
2023-10-06,63.278911722259814,64.87636431349979,62.26479348287782,64.78662109375,4584500
2023-10-09,65.06483250134337,66.13279539136113,64.74175140599296,66.10587310791016,3391900
2023-10-10,66.10586488956045,66.68022968834018,65.90842570617333,66.6174087524414,5050400
2023-10-11,67.19177366009266,67.69434114809711,66.536635172971,67.55972290039062,2388500
2023-10-12,67.10201974033053,67.17381704790995,65.24430720026378,65.94432067871094,3803200
2023-10-13,66.36611850865084,67.11997659034355,66.02509154727112,66.83279418945312,2809400
2023-10-16,67.15588045004566,68.88795136533926,66.74305614471261,68.25973510742188,4907800
2023-10-17,67.84690044300858,68.573836189794,67.45202895083233,67.90972137451172,2236700
2023-10-18,67.84690817259694,68.35845205796336,66.94946227918437,67.46100616455078,2850500
2023-10-19,67.29945426037264,67.83792033605864,66.67124497990024,66.78791046142578,2770600
2023-10-20,66.74305058231,67.45203362813268,65.76483104167976,65.82765197753906,3270200
2023-10-23,65.19046624326086,66.6802296464507,64.62507782052715,65.82765197753906,3844700
2023-10-24,66.26740862860113,67.26357422546234,66.18664177603,67.07511138916016,3068900
2023-10-25,66.96741508779051,67.86486098195938,66.75202314337244,67.63152313232422,4912700
2023-10-26,67.78408086535136,68.7623003576872,67.64946262459362,67.99946594238281,3264200
2023-10-27,67.75716461032101,68.20588755476022,67.01228287927943,67.24562072753906,2876300
2023-10-30,67.42510862518097,68.17896674857134,66.74305466469553,67.67639923095703,3668400
2023-10-31,67.94563974702719,68.07128164649734,67.2456329222735,67.79307556152344,4095900
2023-11-01,67.92769736381264,69.06745089586009,67.06614993117678,68.63668060302734,4065600
2023-11-02,68.38538036533798,71.97516425531833,68.38538036533798,71.11361694335938,5569300
2023-11-03,71.9661884833855,72.76491478187062,71.43669184511549,71.54438781738281,4149800
2023-11-06,71.5892579767424,71.91233905547882,70.74566346845863,71.12258911132812,3372400
2023-11-07,71.0687460191788,71.54439127078989,70.6110466736608,70.76361083984375,3786900
2023-11-08,70.41358958502772,70.55718418517219,69.30075882177758,70.13538360595703,3013600
2023-11-09,70.46216741005559,71.13384579197633,69.92664735076642,70.12633514404297,2985500
2023-11-10,70.59831079463031,70.90692105601532,70.0083260882639,70.52569580078125,3478900
2023-11-13,70.15355439810183,70.42585023110287,68.04776810147193,68.09314727783203,4549900
2023-11-14,69.66341078664858,70.78891541933059,69.5454166229223,70.2624740600586,3836900
2023-11-15,70.14446445954275,71.19736090021361,69.3820279403913,69.46371459960938,3404700
2023-11-16,70.32600167983745,70.87060018100883,69.79955346122865,70.2352294921875,4380100
2023-11-17,70.54384773458447,70.71630660083821,69.77233252625668,70.24431610107422,3507100
2023-11-20,69.89032342938654,70.30784920589323,68.91912051067732,70.06278228759766,3499800
2023-11-21,70.32600613686148,70.95229133667486,69.6724851240596,70.83429718017578,3613200
2023-11-22,70.79800093288239,71.05214649490631,70.31693870120179,71.02491760253906,2499700
2023-11-24,71.20644495282679,71.2518310546875,70.6436960694564,71.2518310546875,1140200
2023-11-27,71.35168336779886,71.560442841147,70.56201080678552,71.28814697265625,2677800
2023-11-28,71.25183024602667,72.8039393477809,70.96137720227641,72.3682632446289,3412100
2023-11-29,72.6678017781134,72.8674895820669,71.72382747530024,71.90536499023438,2992600
2023-11-30,71.95073490198502,72.28657406761792,71.49690156056353,72.20488739013672,3756500
2023-12-01,72.45903453414873,73.31223652567094,72.00520118282616,73.07624816894531,2785100
2023-12-04,72.57702157988945,73.4937667984517,72.31379743099744,72.7313232421875,3448900
2023-12-05,72.80393128846023,72.93100404822498,71.71473422620645,71.98703002929688,2914600
2023-12-06,72.57701075911626,73.04900120570585,72.22302138664689,72.94007873535156,2927900
2023-12-07,73.06716359838789,73.5209969126636,72.45902861924569,72.79486083984375,2820000
2023-12-08,72.72225837965675,73.01271144619027,71.91443557195582,72.28657531738281,2708000
2023-12-11,72.44994762150625,73.30315644015258,72.16857319192995,73.0580825805664,3711600
2023-12-12,73.1579179074608,73.21238260597165,72.25025141499864,72.61331939697266,3096800
2023-12-13,72.7948597452639,75.96262121723797,72.4771778150371,75.85369873046875,4082200
2023-12-14,76.17137657853702,76.87028371252703,75.49062665384216,75.63585662841797,6941500
2023-12-15,74.89158148152038,75.86278457515043,74.34698284559697,74.63743591308594,10926100
2023-12-18,74.64649104982311,75.26370454705915,73.97481977854873,74.18358612060547,3329000
2023-12-19,74.4922035925442,74.71004165512706,74.0474488616613,74.54666137695312,2351100
2023-12-20,74.47405207114166,74.87342069176344,72.87655681381345,72.9037857055664,3402200
2023-12-21,73.18515528363983,73.35761415319531,72.11410842129641,72.6496353149414,4092600
2023-12-22,73.13069555930596,73.90221076189096,72.9219292003977,72.95823669433594,2775000
2023-12-26,73.06715832613756,73.58452799008253,72.9400855613052,73.27592468261719,1750600
2023-12-27,73.25776835795862,73.40299833377568,72.8220922804002,73.3485336303711,2608500
2023-12-28,73.03086123709846,73.89314874981837,72.93101734694197,73.8205337524414,2164900
2023-12-29,73.56637858124752,73.80236690448945,73.03085170169861,73.7206802368164,2476500
2024-01-02,73.52100399456312,75.64494078598682,73.3485451025433,75.49971771240234,3429100
2024-01-03,75.90815291004999,75.98984650248777,75.20925269670913,75.68123626708984,2915600
2024-01-04,75.63585746798478,76.22584212759183,75.39078361440433,75.69031524658203,3155500
2024-01-05,75.45432441645731,76.73413768801157,75.31817996199139,76.30753326416016,2463900
2024-01-08,76.03521575937722,76.75227308860416,75.89907133131459,76.70689392089844,2471800
2024-01-09,76.26214037857204,76.68874476447355,75.94445847150057,76.36198425292969,2922800
2024-01-10,76.12600631987931,76.20769299643432,74.873421879792,74.91880798339844,3053400
2024-01-11,73.87498263144535,74.17451426580251,72.54071164653294,72.97639465332031,3574600
2024-01-12,73.39392416473952,74.20174691044154,73.13977861664631,73.96575164794922,4672800
2024-01-16,73.52099604954151,74.00205824903468,73.22146440364875,73.50284576416016,6900500
2024-01-17,73.19423627453408,73.60268348685742,71.78735023218158,72.3682632446289,4394900
2024-01-18,71.93257536954272,72.15949201108701,70.76168466818056,70.97952270507812,6144800
2024-01-19,71.01583662184194,71.24275328391002,69.92663941389394,70.52569580078125,4301600
2024-01-22,70.37140211991563,71.01584468234141,69.61803705435325,70.12633514404297,2971000
2024-01-23,70.23525026550742,71.02492282698026,69.89941800167864,70.8978500366211,3808500
2024-01-24,71.43336530308017,71.65121029333105,69.72695442913168,69.88125610351562,5085800
2024-01-25,70.8343052713034,71.05214332547146,69.92663863316515,70.87968444824219,3183600
2024-01-26,70.87968766592952,71.43336489432461,70.44401153781526,70.65277099609375,2446800
2024-01-29,70.6618364172701,71.34258629975815,70.03555123434431,71.14289855957031,2307200
2024-01-30,70.80708309749386,71.6421348218137,70.3623214166506,71.19738006591797,2514100
2024-01-31,71.78734454458932,72.54070944757918,70.38954414318752,70.92506408691406,3642000
2024-02-01,70.80707476183608,72.37733413195632,70.4167778393591,72.33195495605469,2762500
2024-02-02,71.65120864520604,71.99611948441543,70.59831199138728,71.36982727050781,2947000
2024-02-05,70.70724093505397,70.74354843590652,69.6543441851731,69.70880889892578,2819400
2024-02-06,69.67250135638336,70.31694391499819,69.35481938029827,70.09910583496094,3208300
2024-02-07,70.38045898140254,70.52568201576827,69.68155192087156,70.18984985351562,3087100
2024-02-08,69.88689484052297,70.05215576991314,69.06059019357217,69.72163391113281,3293500
2024-02-09,69.52880562246014,70.44692000963049,69.37272085310194,70.38265228271484,2710300
2024-02-12,70.30002232579238,71.35585533175029,70.06131061030845,71.23649597167969,2507000
2024-02-13,72.84319764045168,73.02682473460658,71.16305350804328,72.32905578613281,7370200
2024-02-14,72.39332125738187,72.65039217651406,71.67719312418303,72.34741973876953,3365100
2024-02-15,72.58614084829017,74.98242060755395,72.5494154223075,74.69780731201172,6648500
2024-02-16,74.61515542788649,75.27619892745719,74.07347128525095,74.68860626220703,6292700
2024-02-20,74.90896346225394,75.53328164219089,74.1285674884973,74.2571029663086,4043200
2024-02-21,74.90897293304192,75.85463693172619,74.57845809449582,75.79954528808594,4162600
2024-02-22,75.33130892443403,75.7536408177736,74.77125843432619,75.285400390625,4129900
2024-02-23,75.28539858753021,76.12088625116455,75.02832761553768,75.69854736328125,2765900
2024-02-26,75.45065761059713,75.57000998613296,74.13775346106927,74.15611267089844,4705300
2024-02-27,76.74519213022305,77.26852414995389,74.83551918334435,77.1858901977539,7562500
2024-02-28,76.28614499579102,76.8921040436249,75.80872844676418,76.497314453125,6342100
2024-02-29,77.12162897016879,78.24172994024283,76.73602250643604,78.21418762207031,10228500
2024-03-01,78.2233589451828,78.2233589451828,76.2310519996448,78.03055572509766,9446200
2024-03-04,77.69085534342138,78.44370899036612,77.47050280919993,77.99382781982422,4358300
2024-03-05,78.49879722440731,79.09557310716197,77.0940830264001,77.16753387451172,4356500
2024-03-06,77.81020876103976,78.06727971643711,76.99308736510179,77.04817199707031,4095800
2024-03-07,77.81939127770235,78.1315468627007,77.17670688942519,77.21343231201172,3554400
2024-03-08,76.754385883313,77.644958244079,76.38713861020776,76.9747314453125,4567800
2024-03-11,76.4422261525071,77.51641858985775,76.13924664310295,76.87374114990234,5094100
2024-03-12,76.3963083201857,77.02062647357603,75.77199016679536,76.56156921386719,2893600
2024-03-13,76.73602994701388,77.40624976972768,75.9831761571113,76.20352172851562,2997600
2024-03-14,75.85462939619575,76.11170035878212,74.47745752120449,75.1568603515625,3828700
2024-03-15,75.24867970997636,75.94644884085643,75.04669335593272,75.38639831542969,6055700
2024-03-18,75.28540267340807,76.34123594110108,75.12014175320691,75.43230438232422,4885700
2024-03-19,75.39557964481132,76.68093458629092,75.21195250698632,76.497314453125,4138100
2024-03-20,76.20350685103065,77.14916370687044,75.8270765272415,76.06578826904297,5122600
2024-03-21,76.15760001846043,76.83700983682387,76.06578996330971,76.29531860351562,3108800
2024-03-22,76.52483996376166,76.58910769671907,75.70771864273561,76.1575927734375,2374200
2024-03-25,76.15760369594632,76.63502721323697,75.80872266766356,76.08415985107422,1887400
2024-03-26,76.0106874240637,76.43301918198797,75.47817942311967,75.72607421875,2225100
2024-03-27,76.20350077634484,77.88365193241097,76.01069757879492,77.85610961914062,2908500
2024-03-28,77.94792509351608,79.17819520298889,77.8102065129156,79.0496597290039,3077300
2024-04-01,79.05884544781202,79.11393008000907,77.50722959745165,77.6357650756836,2532600
2024-04-02,77.3052462413285,78.64569971662822,77.13998533373392,78.2325439453125,2065500
2024-04-03,78.31515545941234,78.31515545941234,77.27768177944473,77.4245834350586,1816500
2024-04-04,78.13154997140067,78.21418392667276,76.42385627880077,77.08489990234375,1990600
2024-04-05,76.61666441765782,77.3327997255524,75.65264824201698,77.07572174072266,2432000
2024-04-08,77.04817575541072,77.49805695395908,76.73602015281817,77.36951446533203,1710600
2024-04-09,77.59904077226155,78.20499975380474,77.35115291914008,78.11318969726562,2812500
2024-04-10,76.71765256564612,77.09408290814694,75.66182639545939,76.46976470947266,2872300
2024-04-11,76.66256434511989,76.73601518968225,75.79035833108055,76.12088012695312,1828800
2024-04-12,76.07496623041979,76.45138952409148,74.84468918710643,75.377197265625,2409400
2024-04-15,75.64345057265514,75.77198603799712,73.94494020521547,74.2846450805664,3137100
2024-04-16,74.28465224841248,74.40400461927297,72.67795177194716,72.9992904663086,3218900
2024-04-17,73.48588142851062,74.77124305961617,73.31143744149664,74.58761596679688,2290800
2024-04-18,74.79880365507958,76.01989785332879,74.15611918010991,75.79954528808594,3544700
2024-04-19,76.05661556906487,77.8010348353935,75.97398861136135,77.30525207519531,5406100
2024-04-22,77.11244175079412,78.14991571103077,76.82782847197583,77.94792938232422,2400800
2024-04-23,77.48886202091344,78.6732305178678,77.37868576375811,78.55387115478516,3562300
2024-04-24,77.64493759947811,79.49952567879727,77.40622588473062,79.29754638671875,3865000
2024-04-25,79.40773159206277,80.05959213227482,78.17746136242113,79.7474365234375,3239600
2024-04-26,79.74742414719195,79.91268503347574,78.26007617063787,78.2784423828125,2975900
2024-04-29,78.79259441119157,79.65562437360859,78.79259441119157,79.57299041748047,2853600
2024-04-30,80.33503467148817,81.06952921891973,78.98540496826172,78.98540496826172,5739100
2024-05-01,78.73750757775896,82.04271863274191,78.68241594032608,80.93180084228516,5344700
2024-05-02,80.83999285901166,81.38167710760715,80.24321697157063,81.02361297607422,2672800
2024-05-03,81.71219503626072,81.9692659897868,80.74817195587978,81.3449478149414,3332400
2024-05-06,81.49184871982949,81.88663825312719,80.97769981307509,81.53775024414062,2354100
2024-05-07,81.8682714330307,82.57522354783269,81.5010242179726,82.51095581054688,3331000
2024-05-08,82.49259219475695,83.32807981043838,82.01517570340916,83.1628189086914,2051800
2024-05-09,82.81977617874024,84.34952826949151,82.81050298197614,84.32170867919922,2465700
2024-05-10,84.36807943298135,85.14685830944914,84.08994007802706,84.93362426757812,3249800
2024-05-13,85.29518780423899,85.61967895186243,84.61838591915883,84.85016632080078,2002100
2024-05-14,85.30446756957323,85.31373369352134,83.79325470753838,84.17337799072266,2467400
2024-05-15,84.9614279169148,85.82365133918849,84.43296885638428,85.26737976074219,2389900
2024-05-16,85.61968964101786,86.20378085303719,85.30447165065227,85.79584503173828,2280500
2024-05-17,85.53625035681911,86.03689692558089,85.10977522195773,85.91636657714844,2908000
2024-05-20,86.07397402526402,86.07397402526402,85.42499167371936,85.84219360351562,1725400
2024-05-21,85.8421831577207,86.63024215447118,85.63822235303807,85.87000274658203,2247500
2024-05-22,85.36008581462895,85.71238947780475,84.68328393128625,84.8130874633789,2361600
2024-05-23,84.48860371751528,84.48860371751528,82.70853163012924,82.77342987060547,2182700
2024-05-24,82.95883400127394,83.25551259500942,82.36546974042737,82.48600006103516,3123500
2024-05-28,82.23568626671933,82.9959257251459,81.88338259152833,82.1615219116211,2648400
2024-05-29,81.3085556468571,81.54960922607756,80.63176088859038,81.09532165527344,2438900
2024-05-30,81.40129723015818,81.83703853645207,80.8357523637812,81.73506164550781,2228800
2024-05-31,81.81848617934124,83.73762772520205,81.62379148029761,83.6727294921875,5511600
2024-06-03,83.58928525476017,83.94158890961604,83.13499058660562,83.5151138305664,2913800
2024-06-04,83.30188528619543,84.36807668090432,83.07937805351673,83.79325866699219,2149000
2024-06-05,83.44094110793394,83.55219824249329,82.27276595187752,82.46746063232422,2326600
2024-06-06,82.5880056707448,83.67273640071129,82.17079664688097,82.2356948852539,2421300
2024-06-07,81.3734572716311,82.59725746387858,81.34564475620806,81.86483764648438,1740900
2024-06-10,81.4754569619633,82.42112510942876,81.00262996160819,82.09663391113281,2214700
2024-06-11,81.59597732278522,82.36548290638781,81.15095582435839,81.96682739257812,2670100
2024-06-12,82.91248381741605,82.91248381741605,81.01188173450755,81.54961395263672,1864500
2024-06-13,81.27148844772705,81.96682969560955,80.76156870326244,81.4939956665039,2099500
2024-06-14,81.02115570008226,81.65159866823127,80.67811816318267,81.58670043945312,1401600
2024-06-17,81.03042829212364,82.14297136955727,80.55759430119497,81.35491943359375,1856000
2024-06-18,81.19732240771678,81.74432083047876,80.7708472628403,81.16950988769531,1826000
2024-06-20,81.00260648628398,82.11514943612389,80.91916187468942,81.47543334960938,3058200
2024-06-21,81.11387661944605,82.18934120081404,80.63177644139036,80.70594787597656,5915000
2024-06-24,81.16950096597446,82.01317796519528,80.80792409868317,81.71649932861328,3737300
2024-06-25,81.48471588828161,81.81848022617919,80.38143893393259,80.5575942993164,1702000
2024-06-26,80.19602628131982,80.97480510663415,79.66756720032019,80.80792999267578,1693700
2024-06-27,80.51123392663564,81.92046267733045,80.51123392663564,81.86483764648438,3586100
2024-06-28,82.18006059971947,82.28204454474366,81.16950141968653,81.34564971923828,3685900
2024-07-01,81.79067849576005,82.36548942975631,80.68740139592492,80.91918182373047,1427400
2024-07-02,81.13241394537219,81.66087297931465,80.76156388727408,81.2343978881836,2007300
2024-07-03,81.32709954988671,82.20786215028151,81.10459236923316,81.17875671386719,1154400
2024-07-05,81.29929258130467,82.03171946900915,80.93771573556624,81.45690155029297,1260600
2024-07-08,81.49399310230511,81.5032662991973,80.65958221642536,80.76156616210938,2059000
2024-07-09,80.64103804584572,81.43835609620182,80.50196839433401,81.2992935180664,1994500
2024-07-10,81.58670104461757,81.86484035480208,81.13241343980091,81.8184814453125,1845500
2024-07-11,82.23568681452687,84.34953009988425,82.15224926196927,84.2197265625,2690700
2024-07-12,84.5998445015978,85.10976420191687,84.01576045035841,84.33097839355469,2431800
2024-07-15,83.34823167036652,84.3309782842057,83.292599565528,84.31243896484375,2678900
2024-07-16,84.90580057248027,85.30446315631286,84.53495050580726,85.15612030029297,1853300
2024-07-17,85.36935647776635,87.3163103741068,85.31372437327002,86.70440673828125,3277600
2024-07-18,86.45409799851002,87.81696802095075,86.27794261310207,86.67660522460938,1976800
2024-07-19,86.97328163797255,86.97328163797255,85.83292594445555,86.35211181640625,2072800
2024-07-22,86.63026085184639,87.76135054820377,86.31503577043604,87.47393798828125,2754600
2024-07-23,87.33485203209084,87.37193774495607,86.54680008548986,86.81566619873047,3048900
2024-07-24,87.41829795536002,88.60501249120264,86.94546395101202,88.0950927734375,2523400
2024-07-25,88.87387781412954,90.22747451156324,88.2434348384257,88.85533142089844,3340200
2024-07-26,89.32815718244642,89.79171794319952,88.81824458964354,89.42086791992188,2275100
2024-07-29,89.58776123772006,90.32018817976201,88.72553783236704,89.99569702148438,2356300
2024-07-30,89.01295760287461,91.02481002150667,89.00368440520342,90.98772430419922,3978800
2024-07-31,91.71086261743737,91.71086261743737,90.19965702764648,90.96916961669922,4727100
2024-08-01,91.21950565464117,93.98233149827313,90.86720194672432,93.86180114746094,4628700
2024-08-02,96.04052642383908,96.74514084441242,92.45257023644781,94.37171173095703,4453700
2024-08-05,96.64315558987435,96.80077164088013,90.8301061506776,90.91354370117188,3951200
2024-08-06,90.19039045746749,92.17443016710007,90.134765423504,91.12678527832031,4524600
2024-08-07,91.64597075232481,93.27770678460442,91.19168313892156,92.3134994506836,4490000
2024-08-08,91.87775863588837,92.65654453848924,90.73740291118551,90.89501190185547,3077700
2024-08-09,91.147591825717,91.63405843378949,89.91270736490358,91.24114227294922,3029600
2024-08-12,91.20372715439579,91.20372715439579,90.38983035439274,90.87629699707031,3130000
2024-08-13,91.24114984935242,92.02698937372843,91.19437819057333,91.80245971679688,2764000
2024-08-14,91.08212110021054,91.96151115429764,90.79211252383833,90.96985626220703,3292800
2024-08-15,90.72662544719417,90.9137263709482,89.96885028987208,90.33370208740234,3008700
2024-08-16,90.20272754661468,90.90436669766945,89.76303253662955,90.68920135498047,2978600
2024-08-19,90.91371620498715,91.43760444287149,90.49273560489323,91.25050354003906,1903900
2024-08-20,91.1195326619829,91.58729206257065,91.03533225840725,91.34405517578125,1802100
2024-08-21,91.6714864324477,92.3731255417772,91.34405627558235,91.69020080566406,2220000
2024-08-22,91.37211660092167,92.03633407147764,91.35340936598622,91.95214080810547,1974700
2024-08-23,92.20473481445993,92.81282348945233,91.70891097002442,91.91472625732422,3530600
2024-08-26,92.24215460773499,93.37413152814476,92.14860415283476,92.63507080078125,1720900
2024-08-27,92.6350649073909,93.00927384062705,91.86793980610561,92.18601989746094,2447200
2024-08-28,92.56957887938272,93.4021900086762,92.14859829039315,92.18601989746094,3245000
2024-08-29,92.30763877112824,93.35542240214795,91.76503615127292,93.31800079345703,2749600
2024-08-30,93.49575453711796,94.46869498079596,93.23381040563586,93.81382751464844,2892100
2024-09-03,93.72963175470188,95.41356132838293,93.55188089701609,95.02064514160156,3379900
2024-09-04,95.37613553403155,96.45198354462298,95.01128378553975,95.82518768310547,2843900
2024-09-05,96.39585937540038,96.73264671917143,94.8709662792563,96.45198822021484,3209300
2024-09-06,96.80748820951432,96.87297423977652,95.3948528282102,95.46969604492188,3659200
2024-09-09,96.03100748522452,97.16298439132143,95.46969762547825,96.97588348388672,2538300
2024-09-10,97.38750518254697,97.677520862608,96.10584900069477,96.5736083984375,2932000
2024-09-11,96.4707060655261,96.61102818261261,95.12355664195661,96.40522003173828,2429400
2024-09-12,96.14326004771478,96.73264143584446,95.66615061796622,96.34907531738281,2098100
2024-09-13,96.55490563453462,97.48106735493559,95.95617410443269,97.4530029296875,1425900
2024-09-16,97.59332680086733,98.39787358825723,97.33138266310178,98.18270111083984,2171900
2024-09-17,97.95817690056741,98.17334937428741,97.21911616031845,97.49041748046875,1724200
2024-09-18,97.43428755801511,97.63074565579386,95.93745885771823,96.56425476074219,1890100
2024-09-19,95.67551135736242,96.2087568258861,94.74934967780918,95.1796875,4300400
2024-09-20,95.42291843195218,95.66615532055663,94.55288565486906,95.56324768066406,5395300
2024-09-23,96.30231310431301,96.3490847645425,95.37614429999476,95.91874694824219,2720600
2024-09-24,95.2732302786017,96.37714273781695,94.74934203946293,94.87096405029297,3226900
2024-09-25,95.0112903330501,95.3387276343387,94.29094397258817,94.62773132324219,2650100
2024-09-26,94.48740040379597,94.86160935763607,94.05706260498461,94.2441635131836,2436600
2024-09-27,94.71190648294035,95.55387469858816,94.48738400458123,95.2732162475586,2019100
2024-09-30,95.3012977209392,96.28358812689116,94.8709599520305,95.98422241210938,2890400
2024-10-01,95.68486725058193,96.26489150957426,95.11420017861401,95.62873840332031,2072200
2024-10-02,94.85225439436847,95.60067231959188,94.73998956435227,95.24517059326172,2580300
2024-10-03,95.37613734133431,95.84389673415585,94.71191986002076,94.83354187011719,3054300
2024-10-04,93.99157837705798,94.33771577761264,93.18703160896737,93.81382751464844,1900800
2024-10-07,93.20574094016678,93.34607019588418,91.38148202816785,91.73697662353516,2928900
2024-10-08,91.7556851226263,92.32635215854702,91.58729145403589,91.8679428100586,2194200
2024-10-09,91.71826527075513,92.13924588157201,91.12889098812305,91.41889953613281,1777100
2024-10-10,91.42825795691238,91.99891787402255,90.79210487007244,90.95114135742188,1669400
2024-10-11,91.0259862121031,92.02699108788111,90.98856460191747,91.91472625732422,1849100
2024-10-14,92.00826844919257,92.56022822804651,91.83052473858002,92.4198989868164,2510900
2024-10-15,92.96250149925092,94.12254276002976,92.87830109960895,93.23380279541016,3174200
2024-10-16,93.64543195593194,95.15161781910821,93.42090943881114,94.7867660522461,2695100
2024-10-17,95.18904593332344,95.25453196935234,94.08513337066287,94.40321350097656,2008900
2024-10-18,94.32835975275678,94.33770980154436,93.32735494946586,94.1973876953125,3111800
2024-10-21,94.2815857049823,94.56224420645741,93.23380919268523,93.70156860351562,2548000
2024-10-22,93.24317455161496,93.78577727025471,92.81283667948654,93.44898986816406,1981800
2024-10-23,93.55187920087712,94.36578311940386,93.252513472932,94.32836151123047,1863600
2024-10-24,94.75870364448065,94.8896757103726,92.78475833182614,92.98121643066406,2099200
2024-10-25,93.35541775833264,93.4583253927532,91.72761711718107,91.85858917236328,2338800
2024-10-28,92.47603952182955,92.9250917230597,92.20473819113003,92.71927642822266,2420500
2024-10-29,92.36378273424535,92.36378273424535,90.8108179578661,91.11018371582031,2660400
2024-10-30,91.11018016653833,91.5405179807431,90.45531982697504,91.11953735351562,3362300
2024-10-31,91.16629957344996,92.93442944462728,90.98855586394055,92.38247680664062,4884900
2024-11-01,92.17666517896697,92.83153261402191,90.81080860291561,90.97920227050781,3807200
2024-11-04,90.51143872235556,92.09246768789534,90.45530988154782,92.05504608154297,3880000
2024-11-05,92.27022169216215,94.00093727623182,91.8585982512387,93.92609405517578,5926200
2024-11-06,92.73796967220758,93.55187354149757,89.97819225771002,90.0436782836914,6428200
2024-11-07,89.97819340445398,90.66112523048493,89.16428952479104,90.11852264404297,3510000
2024-11-08,90.56250644543262,91.77164271725098,90.29800157982926,91.06316375732422,2581000
2024-11-11,90.68530334531707,91.03482221315448,89.03218583641807,89.27779388427734,3411600
2024-11-12,89.09830763575977,89.49505409657638,87.47352817867821,87.8135986328125,3484700
2024-11-13,87.89862642414542,88.29537291463627,87.38852070479113,88.16312408447266,2561500
2024-11-14,88.02142853922183,89.3533652705775,87.8041584814862,88.56932067871094,2571100
2024-11-15,88.90938068359632,91.10094177617657,88.61653783969044,90.97813415527344,5557500
2024-11-18,90.97815047647389,91.98891359259042,90.77977721521977,91.14818572998047,3399200
2024-11-19,90.77977584969827,91.40324083885125,90.09963484590273,91.3465576171875,1879700
2024-11-20,90.92146305063852,91.49769315926135,90.59084099004028,91.4410171508789,2527600
2024-11-21,91.7338535335198,92.71627852641537,91.07260940706148,92.65015411376953,2849600
2024-11-22,92.75408303335905,93.06580834978908,92.14006639211128,92.18729400634766,2048800
2024-11-25,92.47067125502114,93.04690137308106,91.74330270979269,92.6690444946289,3384300
2024-11-26,93.26417377688284,93.96320433511767,92.86742008062244,93.8309555053711,2277600
2024-11-27,94.08602397320952,95.14402203424721,94.08602397320952,94.35997009277344,1558600
2024-11-29,94.39772841260036,94.72835045607088,93.8026087343534,94.33160400390625,1260600
2024-12-02,94.42607114197568,94.46385754983807,92.31953115454571,92.78240203857422,2188300
2024-12-03,93.4247594172947,93.4247594172947,91.63939303152638,91.64883422851562,1917500
2024-12-04,91.85665318571732,91.95111560198877,90.57194414476852,90.92146301269531,2832300
2024-12-05,91.01592223677692,92.55568767537706,90.88367341723115,92.05502319335938,2234700
2024-12-06,91.79998070417795,92.03614035743968,90.36413318343577,90.54360961914062,2677500
2024-12-09,90.54360055948011,91.49768748115872,90.02405369850183,90.2885513305664,2651100
2024-12-10,90.28855848006661,90.28855848006661,88.40872249028722,89.83512878417969,2045300
2024-12-11,89.93904880412255,89.93904880412255,88.07810943182196,88.44651794433594,2925600
2024-12-12,88.13477794302764,88.9849468564491,87.66245867689571,87.70968627929688,1983900
2024-12-13,87.43574113180351,88.21034444787881,87.06733267702502,87.57743835449219,1810400
2024-12-16,87.57744625834692,87.71914349382376,86.62335922695837,86.68948364257812,2410700
2024-12-17,86.40609987061815,87.88918228690127,86.23606462257837,86.83118438720703,2749300
2024-12-18,86.74617156733532,87.14291808257906,85.82987089616206,85.87710571289062,3451300
2024-12-19,85.53703932537672,86.93510060070918,85.4142316787854,86.18883514404297,3147800
2024-12-20,86.75560974817712,87.91751845329598,86.1793868048493,87.615234375,6781800
2024-12-23,87.35073062955094,87.83249832322745,86.51944406681177,87.7191390991211,2282500
2024-12-24,87.42629895682924,87.95529422812419,87.14290451462408,87.25626373291016,1404400
2024-12-26,86.95398348594637,87.4357439688917,86.7178238428091,86.96342468261719,2066500
2024-12-27,86.5477839499896,87.53020887736943,86.25494110749811,87.38851165771484,1722700
2024-12-30,87.46408197294492,87.51131678438051,86.17938014473697,86.96342468261719,1661200
2024-12-31,87.0767809982471,87.36017544335706,86.43442650208198,87.12401580810547,1594500
2025-01-02,87.44520217031928,88.06866715742711,86.51945309440737,86.85008239746094,1757200
2025-01-03,87.28460919439377,87.90806693069295,86.93509031340956,86.95398712158203,1688400
2025-01-06,86.95399123074968,86.95399123074968,85.02692750626782,85.31976318359375,3457200
2025-01-07,85.11193741819578,86.82173820505058,85.11193741819578,85.46145629882812,2706000
2025-01-08,85.25364087334322,87.23738066001677,84.93246718150078,87.1523666381836,2591500
2025-01-10,87.99308991667814,89.42893746467021,87.53966020272122,88.33316040039062,7731000
2025-01-13,89.88236722672539,90.60973580187583,87.62468147404988,89.30613708496094,6013900
2025-01-14,88.48430447981856,89.3061427357348,88.25759321188421,89.26835632324219,3172300
2025-01-15,90.09962764293107,90.31689769339333,89.29668626926033,89.8540267944336,3104700
2025-01-16,89.62729889366183,91.48823790441287,89.45726367422722,91.45989990234375,2456500
2025-01-17,92.23451260452167,92.55569347713723,91.4410196375078,91.86610412597656,2728500
2025-01-21,92.5745794589643,93.26416878316593,92.19672259119712,92.39509582519531,2439900
2025-01-22,92.17783280288144,92.69737968885842,91.4882434800869,92.09281158447266,3503900
2025-01-23,92.84853222480808,93.99154410740233,91.98890760827491,92.07392883300781,4427900
2025-01-24,91.70551267803692,93.04689769687556,91.67717467450122,92.74461364746094,2140300
2025-01-27,93.84039557068671,97.34501113776427,92.72572893541535,96.94825744628906,5428200
2025-01-28,96.79711804231395,96.79711804231395,94.2276999092102,94.46385955810547,3524300
2025-01-29,94.492206736783,95.15345814210076,91.97002317139612,92.621826171875,3345800
2025-01-30,93.0941366387118,93.66091835563891,92.15893923841048,92.60292053222656,3590700
2025-01-31,92.42344146200206,93.56646056332661,92.12115738422771,92.91465759277344,4912700
2025-02-03,92.9146600372796,94.17103119643554,91.93223495691097,93.85929870605469,2659300
2025-02-04,93.06578789028164,93.58534198181644,92.38565418002736,92.46121978759766,2126200
2025-02-05,93.20749330034666,94.3599535994783,92.9524440374832,93.88763427734375,2280400
2025-02-06,94.12379335833995,95.09677000281746,93.3964247778246,94.62445068359375,3152600
2025-02-07,94.59612136146418,94.8795158618223,93.90653912802577,94.79449462890625,2861500
2025-02-10,95.11866754430716,96.26283462860775,94.49890734262895,96.13888549804688,2473700
2025-02-11,95.9100387575042,97.3593247102902,94.84215150222644,97.14002227783203,3165900
2025-02-12,96.04353292248075,97.75024664608237,95.91957652591198,97.5881576538086,3163000
2025-02-13,96.65376038615787,97.79792744107523,95.65260875727763,96.29143524169922,4939000
2025-02-14,96.50120432863177,98.13164571332877,96.14841595818363,97.09236145019531,2770900
2025-02-18,96.57748616320555,98.43675955233515,96.30097753300012,97.44514465332031,3146400
2025-02-19,97.89327394578359,98.36048192116814,96.98747562923059,98.29373168945312,2510600
2025-02-20,98.17931674616061,99.78115495282401,97.44513696112007,99.49510955810547,2702100
2025-02-21,99.49511854672927,100.81091875198318,99.21860991337064,100.42952728271484,4002000
2025-02-24,100.94439851740016,102.36507419746461,100.31510154032925,101.34485626220703,3075000
2025-02-25,101.73578828551804,102.82274929646495,101.03975554971326,102.6320571899414,3408700
2025-02-26,102.24113170733676,102.50810355454165,101.42114259124337,101.91694641113281,2446500
2025-02-27,101.25904845673979,101.81206573737482,99.92418919236204,100.26744079589844,3661300
2025-02-28,101.16370485091299,102.12671672158076,99.79070567801733,101.11603546142578,4391000
2025-03-03,100.92533496104245,102.80368201762494,100.77278273216234,102.68926239013672,3452000
2025-03-04,103.48063776092253,104.42457594830934,100.2483581811233,100.34370422363281,5609500
2025-03-05,99.63814613164827,100.55348133801128,98.38909610126295,98.57978820800781,3665600
2025-03-06,98.49397502600647,98.5035045388585,96.70143728635387,97.81700134277344,3031000
2025-03-07,98.05535675868856,100.0004464580586,97.90280455500816,99.75254821777344,4042400
2025-03-10,100.0290638897051,103.61412458573359,100.0290638897051,102.32693481445312,5535400
2025-03-11,102.66065287853958,102.96576459164689,99.5332560005804,99.57139587402344,4282500
2025-03-12,98.09350480048515,98.96117053707827,97.5881642173867,98.16978454589844,3284600
2025-03-13,98.0267663058824,99.43791256254258,97.92188346977211,99.3902359008789,1909600
2025-03-14,99.21860646549845,101.02067363887092,98.77047205026372,100.64881896972656,4419400
2025-03-17,100.753690042886,101.85972440879866,100.2388127285235,100.93485260009766,5577100
2025-03-18,101.34486041728073,101.53555251088223,100.47719466018864,101.0588150024414,2757500
2025-03-19,100.92533115976613,101.35439929085827,100.24836475677603,100.9157943725586,2786600
2025-03-20,100.87765661341446,101.6308954522302,100.6392878664777,101.2685775756836,2946600
2025-03-21,101.20184286295724,101.68811718316984,99.54279828594869,100.21976470947266,5649200
2025-03-24,100.35324100237852,100.77277231871179,99.19000037031756,99.33302307128906,2619400
2025-03-25,98.20792340534489,98.20792340534489,97.21630854851385,97.73118591308594,24651800
2025-03-26,97.99816066457761,99.45697627044377,97.7979317847957,99.06605529785156,5938600
2025-03-27,99.10420010261984,100.68696492012566,98.95164060123076,100.25790405273438,5232700
2025-03-28,100.94440406333224,102.41275648273286,100.46766654824518,101.98368835449219,6173400
2025-03-31,103.32808894707131,104.65341862253354,102.8227410837161,104.18621063232422,6560100
2025-04-01,103.55691881282816,103.81435385829946,102.51762729536681,103.32808685302734,3941900
2025-04-02,103.73808250301722,103.73808250301722,102.27925964821024,102.73693084716797,3279800
2025-04-03,104.6534134369239,105.32084299781303,102.73692673431849,104.03365325927734,6063300
2025-04-04,104.99667041950394,105.33992200407654,99.08512100976017,99.61907196044922,7368600
2025-04-07,99.39977293218206,99.91465032677763,95.98633054269878,96.8444595336914,7767500
2025-04-08,97.5214300978659,99.14234209984775,95.88145179502106,96.56795501708984,6473400
2025-04-09,96.25329129660402,98.98976696515157,93.77425793290206,97.5881576538086,7048100
2025-04-10,97.34979197481393,99.4569707637781,96.7967747520713,98.39861297607422,4114800
2025-04-11,98.81815432078973,100.27696999401985,97.12096988332104,99.76209259033203,3582800
2025-04-14,99.59045450241328,101.96461233891945,98.90395865662805,101.6213607788086,3224700
2025-04-15,102.06950131928059,102.50809894488503,101.26857853924518,101.71671295166016,2599700
2025-04-16,101.964613956913,102.46041773247592,100.73463039273757,100.9920654296875,2786900
2025-04-17,101.7834563757082,103.9573782144832,101.70717662974911,102.69879150390625,3156700
2025-04-21,102.75599834941808,102.75599834941808,99.84790394143467,100.6202163696289,3608900
2025-04-22,101.31625708421764,103.27087649940783,101.19230067668484,103.11832427978516,2304700
2025-04-23,102.57485218242368,103.09925911856149,100.65836520992876,102.04090118408203,3202100
2025-04-24,101.99322113030053,102.6225108427585,100.78230381591925,101.73577880859375,3676700
2025-04-25,101.80252886911576,101.9074117075818,100.6678984952954,101.77392578125,2853400
2025-04-28,101.80252427034206,102.55577040600903,100.78230629407153,102.07903289794922,3303300
2025-04-29,102.2125136287838,103.52831373986368,101.34485519087438,103.45203399658203,2950700
2025-04-30,103.90017052112248,104.00505335167146,101.39252664909793,103.29947662353516,5418500
2025-05-01,102.8608906872353,103.6999534269439,102.14578436558601,102.53671264648438,3107200
2025-05-02,103.2327356214659,103.29947858085839,102.17438505808147,102.67972564697266,1984700
2025-05-05,102.73693540777494,103.0134440418977,101.32578914991343,102.44136047363281,2616200
2025-05-06,103.20413613984026,103.95738229325664,102.02182912883451,102.44136047363281,3309200
2025-05-07,102.43182315543741,103.12786313075048,101.54509108317026,102.47949981689453,3249100
2025-05-08,102.08856611543345,102.32693486112882,99.66673878623612,100.29603576660156,3598800
2025-05-09,100.45957822654789,100.85398623574763,99.78619511848719,100.7000732421875,3057000
2025-05-12,99.21861861706559,99.67075040049062,96.74633026069847,97.15036010742188,4449600
2025-05-13,97.15036630620466,97.42934141035924,95.6015777889511,95.77473449707031,4607200
2025-05-14,95.49575284380049,95.5149965541193,93.75457136552525,94.84160614013672,5207200
2025-05-15,95.59195488789902,97.83336270170552,95.57271117794836,97.74678802490234,5823900
2025-05-16,97.71793884988381,99.17052349472426,97.40048366021976,99.12242889404297,2868900
2025-05-19,98.7761129516047,99.94972980025203,98.622192618977,99.83428955078125,1909300
2025-05-20,99.69961182667943,100.27679838899861,99.65150988843395,99.78619384765625,2408200
2025-05-21,99.62265399563206,99.96896740900365,98.53561915547016,99.01660919189453,3340400
2025-05-22,98.92040364015757,99.15127678159602,97.09264020040146,97.9295654296875,3285100
2025-05-23,98.73763270015237,99.04546602555769,97.35237906616577,98.968505859375,1888400
2025-05-27,99.50721609765549,99.51683061358781,98.67029083405903,98.99736785888672,2582100
2025-05-28,98.7953491212838,98.9781276810737,97.42933919897351,97.81413269042969,2426900
2025-05-29,97.81413147719252,98.86268620559632,97.02530813218796,98.6318130493164,2297600
2025-05-30,98.81459170271076,99.82466634949367,98.37208176135938,99.55531311035156,3896600
2025-06-02,98.96851361955173,99.55532208888718,98.36246877682498,99.25711059570312,2318100
2025-06-03,98.92041015625,99.19938525105536,97.89109179784938,98.92041015625,2423200
2025-06-04,98.93964112889181,99.41100927195968,97.90070097168817,97.9776611328125,1950500
2025-06-05,97.92956899581597,98.30474061656223,97.44857898569767,97.90070343017578,2034700
2025-06-06,97.9584248437778,98.1219596818095,97.30427815232608,97.9199447631836,2045100
2025-06-09,97.68908183890912,98.3817013440901,97.01569136704954,97.55440521240234,2418300
2025-06-10,97.69869128970532,98.16044494187553,96.94834802683839,97.99691009521484,2730500
2025-06-11,97.86223981836383,98.22778961800192,97.37162790725883,98.06425476074219,2193100
2025-06-12,98.30473451291107,99.18013246052466,98.08347589269135,99.1031723022461,2125000
2025-06-13,99.276329148009,99.73808275909668,98.77610279704496,98.98773956298828,2389500
2025-06-16,99.0839320959206,99.59378028095722,97.45818367702509,98.0353775024414,2790700
2025-06-17,98.16044618448599,98.16044618448599,96.89063279910005,97.75641632080078,2418700
2025-06-18,97.78526661119581,98.08347805694962,96.96758509458628,97.35237121582031,1893500
2025-06-20,97.64097471494932,98.70877315365786,97.2658030839788,97.8814697265625,4085600
2025-06-23,98.5837260785245,99.60342265870852,98.48752219491585,99.38216400146484,3327700
2025-06-24,99.25710546132072,99.97859052505217,98.95889398356258,99.35330200195312,2260100
2025-06-25,99.10318641723026,99.17052473048366,97.38124850127568,97.55440521240234,2193000
2025-06-26,98.00651692043837,98.79534020402801,97.30427565079107,98.45864868164062,3001700
2025-06-27,98.5933342406758,99.41101582336526,98.2951227708224,98.5644760131836,3457500
2025-06-30,98.36245634293039,100.00744128467016,98.17967779185095,99.81504821777344,3246300
2025-07-01,100.1421140984241,100.84436271066063,99.1801341218027,100.42108917236328,3516300
2025-07-02,99.901625367861,100.1324985217144,98.67029209487592,99.33406066894531,3259500
2025-07-03,99.22824230770668,100.23831694319863,98.98774729840022,99.91124725341797,1620500
2025-07-07,99.91124593842994,100.27679570560746,99.59379076888557,100.20945739746094,2705500
2025-07-08,99.50721988650453,100.31527961509636,98.49713788643932,100.0074462890625,2744400
2025-07-09,100.00744633794993,100.95980454406312,99.11280458695711,100.7577896118164,2201400
2025-07-10,100.14212572588256,102.19114801116511,99.91125255969779,102.00836944580078,2483000
2025-07-11,101.19068505846636,101.87369002168701,100.70969502752291,101.33497619628906,2473900
2025-07-14,101.31573469603592,102.19114003091863,100.48843129754295,101.02713775634766,2969000
2025-07-15,100.7770308692022,100.95980208574146,99.69961058412899,100.43071746826172,2422100
2025-07-16,100.43070867854333,101.69090006986356,100.190213690012,101.47926330566406,2497100
2025-07-17,101.1810646866566,102.15266661842202,101.02714435162125,101.90254974365234,2271000
2025-07-18,102.54706347781682,103.816876746423,101.92177502857577,103.316650390625,4443900
2025-07-21,103.56676745553561,104.9327772562784,103.41284713692106,104.4133071899414,2933300
2025-07-22,104.73076278289348,106.30840935870155,104.48064593375568,105.97171783447266,3504100
2025-07-23,106.05829336700198,106.05829336700198,104.24015178214222,104.75,2738800
2025-07-24,104.7211393196009,105.71197750682308,104.48064432894212,104.82695770263672,2491300
2025-07-25,104.9712664441584,105.78894802460437,104.61533118097175,105.61579132080078,2287300
2025-07-28,105.33681325376052,105.41377341757574,103.64372634645159,103.84574127197266,3049900
2025-07-29,104.26901392728446,105.12517555914245,103.65334730076466,105.06745910644531,3585200
2025-07-30,106.72205779437495,109.88697270444897,106.49117732250953,108.94422912597656,8827800
2025-07-31,108.28045929924401,109.56951623054783,107.48202152986961,108.83840942382812,4718300
2025-08-01,110.01203912667117,110.03127549837178,107.93415869538845,109.2616958618164,6100900
2025-08-04,109.77153918657493,110.90667588841474,109.40598942606974,110.62770080566406,3601200
2025-08-05,110.32948380307099,110.97400861391057,108.58829508722236,108.93460845947266,5616700
2025-08-06,109.25207002593051,109.99279140828564,108.68450533987367,109.17510986328125,3385200
2025-08-07,109.33865229294562,110.11785375840134,109.02119712578771,109.40599060058594,3312700
2025-08-08,109.59026755220516,110.04612701322418,109.01802347975007,109.1150131225586,2707600
2025-08-11,109.31870205500412,109.37689436522696,108.2905984419423,108.63006591796875,2033400
2025-08-12,108.67856103635945,108.80464683783524,107.7862370418434,108.620361328125,2576800
2025-08-13,108.77555110192395,109.95884404281954,108.70765760858579,109.7066650390625,4601400
2025-08-14,109.59996697038679,109.86183974173363,109.1441075167133,109.46417999267578,2230700
2025-08-15,109.46418679908497,109.89095012690414,108.3972858793728,108.620361328125,2354100
2025-08-18,108.62036524653075,108.95013893896986,107.34978380175201,107.36917877197266,3173900
2025-08-19,107.36917011557719,109.29929878962191,107.36917011557719,109.27020263671875,2725800
2025-08-20,110.03643343161139,111.61739357797988,109.74546448308223,110.13343048095703,2817700
2025-08-21,109.71636095174655,110.4437943739164,109.64846746167078,109.73575592041016,3112300
2025-08-22,110.44379840492925,111.14212829983842,109.44478358615852,110.58927917480469,2389100
2025-08-25,110.27890627768194,110.89964888632899,109.49328053232705,109.60967254638672,2332100
2025-08-26,109.92004645767365,109.92004645767365,108.84344435155371,109.24110412597656,4310200
2025-08-27,109.24110712270229,109.84245479301559,109.0859251625209,109.4932861328125,3328100
2025-08-28,109.59997230266296,109.76485544078605,108.20329772130108,108.41667938232422,3697300
2025-08-29,108.14510319234026,108.28089017386846,107.3691712408915,107.6795425415039,2896200
2025-09-02,107.62135231398156,107.79593663643816,106.35077093378035,106.77752685546875,2528600
2025-09-03,106.93271148532102,107.0103061585044,105.57483430395305,106.71932983398438,2429800
2025-09-04,107.21397982792975,107.398265315097,103.72230115425262,105.37114715576172,5218200
2025-09-05,105.72032182481058,105.87551117023582,104.11996684933034,104.85710144042969,3664400
2025-09-08,104.96378829471665,105.0413829644939,103.65440969152432,104.31394958496094,2708100
2025-09-09,104.06177416316044,105.31296050668156,103.90658481830421,105.09957885742188,2678700
2025-09-10,105.16748079998136,105.5457456086821,104.35275147366269,105.08018493652344,2528600
2025-09-11,105.08018889910345,105.65244042604817,104.87650840980193,105.46815490722656,2634600
2025-09-12,105.39055648368625,106.41866000666174,105.24506832104143,106.1664810180664,2180700
2025-09-15,106.14708016224793,106.47684640610623,105.44874294015393,105.81730651855469,2511600
2025-09-16,105.81732205921507,105.8561193994554,103.40224497798341,103.62532043457031,4044500
2025-09-17,104.27515728990433,104.68251822617097,103.88719132210188,104.28485107421875,2540200
2025-09-18,103.88720454654197,104.10058622598774,103.10157872661553,103.23736572265625,2513400
2025-09-19,103.34404991555927,104.39154847481005,102.51961940711924,103.83869934082031,5846000
2025-09-22,103.73199771313463,104.14905981641573,102.92697705782604,103.82899475097656,2645900
2025-09-23,103.56712008473806,105.109282790278,103.56712008473806,104.88619995117188,3052200
2025-09-24,105.00259499686759,106.29257134777666,104.83770445892233,105.60393524169922,3029100
2025-09-25,106.04039469048395,106.66113727480092,104.53702935043904,104.6146240234375,2758000
2025-09-26,105.10928123806463,106.21497943332982,104.89589958637566,105.85610961914062,3303000
2025-09-29,105.99190440223315,106.83572988700129,105.22567359649018,106.47686004638672,2879900
2025-09-30,106.5156507361789,109.23140513383008,106.3701625720484,109.1150131225586,4322900
2025-10-01,109.56117100867303,110.0558278050187,108.88223611159889,109.35749053955078,4407800
2025-10-02,108.73674863819006,110.62807257764128,108.36818503455828,110.04612731933594,4243400
2025-10-03,109.92972978180492,111.54948707911633,109.92972978180492,110.62806701660156,3554600
2025-10-06,110.628075342638,112.35451619202254,110.0267351006215,112.17993927001953,5123200
2025-10-07,113.06255827717037,115.47763530659041,112.73279199195616,114.60472106933594,4141800
2025-10-08,114.99267437398687,115.10906638685674,112.65519213090892,114.6338119506836,3869600
2025-10-09,115.19636220008557,115.23515954018546,112.88797596291252,113.392333984375,2915900
2025-10-10,113.98396296926983,114.20704580511395,112.17023372932101,113.5184097290039,3890000
2025-10-13,113.44081121401591,114.27493542439974,112.71337782587896,113.28562927246094,2253200
2025-10-14,113.70270031656128,115.11876986881408,113.47961747073384,114.8180923461914,3189800
2025-10-15,115.8074027072099,115.8074027072099,114.23614384571357,114.96357727050781,2495200
2025-10-16,116.28266651856475,116.83551567000659,113.82879208497496,113.9936752319336,4072000
2025-10-17,114.54652438337543,114.6435140345372,113.2468467781682,113.9936752319336,2762000
2025-10-20,114.5756106032021,114.63381030872115,113.35352778483285,114.27494049072266,2989400
2025-10-21,114.42043572226804,114.44953187690707,113.03346228573243,113.89668273925781,2395600
2025-10-22,113.8966825827404,114.61441486224845,113.54751392788009,113.74149322509766,2461700
2025-10-23,114.09066408590611,114.16825876622778,111.95686217591224,112.68429565429688,2284100
2025-10-24,112.96556511218687,113.5960089082297,112.36421746983537,112.49031066894531,1888200
2025-10-27,112.00536214949196,113.19834892556196,111.65619348336512,112.88797760009766,2811100
2025-10-28,113.0140553870807,113.10135124733533,111.21972105783425,111.646484375,3890300
2025-10-29,116.68032273971573,119.09539960584709,116.39904759790227,118.43585968017578,9568500
2025-10-30,117.89271450334778,119.15359467888403,117.16528107136456,118.22248077392578,4430100
2025-10-31,117.25256667258219,117.3592574986587,116.17596462750849,116.64152526855469,4518400
2025-11-03,116.38935462777627,116.51544043134878,114.78899952167717,116.31175994873047,3108600
2025-11-04,116.73852067720776,117.25257246469604,116.02078841164877,116.68032836914062,2678700
2025-11-05,116.94220384025189,117.49505297909018,114.63381763594812,116.15657806396484,3738900
2025-11-06,115.8074011438218,116.8840031899701,115.59401949145578,115.93348693847656,6242600
2025-11-07,116.42814538819712,117.94120454491103,116.28265722316644,117.77632141113281,3283900
2025-11-10,118.22601309092883,120.54282364239047,117.78610697208752,119.80965423583984,5090000
2025-11-11,120.11269539180365,120.45483960251396,119.50660603412794,119.97583770751953,3469000
2025-11-12,119.95628175779093,120.22999712501257,119.07647703587539,119.92695617675781,3493100
2025-11-13,119.50660826884909,120.26910322645737,118.69523236957482,118.75389099121094,2900500
2025-11-14,118.85164200156453,119.61413693726513,117.93273402357438,118.57792663574219,3047300
2025-11-17,119.57503447794736,121.22711182182523,118.83208743846238,120.94361877441406,4266000
2025-11-18,121.62790961838016,121.99938687462077,120.52327044597706,120.73833465576172,3121500
2025-11-19,120.55260015552473,120.70901320733648,118.46062406574387,118.97872924804688,3569700
2025-11-20,119.11557544424313,119.54570383703182,118.07936517963486,118.18689727783203,3298400
2025-11-21,118.45083879773402,118.98849930616443,117.76655038535381,118.12824249267578,3232800
2025-11-24,118.05981105479637,120.08335812482491,116.90629100059463,119.30131530761719,6435000
2025-11-25,119.84874580798552,120.0540323268119,118.30420061889079,118.85163879394531,4552200
2025-11-26,119.06671179231496,120.04427097793928,119.06671179231496,119.966064453125,2681100
2025-11-28,120.1224656292101,121.11958013847925,119.96606004351527,120.99249267578125,1801300
2025-12-01,120.34730875689065,120.4646185410104,117.66879874739134,117.80565643310547,3322200
2025-12-02,118.0598246004658,118.66591400634378,116.14380940992302,116.55438995361328,2878900
2025-12-03,116.55438683542843,117.04316643600642,115.12714383853806,115.41063690185547,3429600
2025-12-04,115.53771812755802,116.43707075405594,114.6383580428757,115.39108276367188,3501500
2025-12-05,115.22490191871611,115.46929171093163,114.20823948811744,114.90230560302734,3166400
2025-12-08,114.90230666631273,114.94140992841122,112.72234641797618,113.13292694091797,3422900
2025-12-09,113.67058041738467,114.46240096768219,113.22090408893271,113.46529388427734,2196400
2025-12-10,114.04205774488555,114.04205774488555,111.28533369196141,111.59815979003906,3241300
2025-12-11,111.94030501985281,112.72234789753342,111.12892910157483,111.69591522216797,3171500
2025-12-12,112.41931161374633,112.84944006219206,111.2853393253658,111.56883239746094,2671700
2025-12-15,112.1749129031801,113.47506836775203,111.84254637080292,113.1720199584961,3031100
2025-12-16,113.17201509447199,113.51416675015832,111.42219084750585,111.99894714355469,2706000
2025-12-17,111.87187315926703,112.4486294863278,111.31466473389281,112.13581085205078,3808900
2025-12-18,112.4193038728781,113.20135418744151,112.4193038728781,112.98628997802734,4794800
2025-12-19,112.56593080008737,113.77810198441834,111.79365822335389,111.92073822021484,7322400
2025-12-22,111.59815997425903,112.33132936192327,111.285333875665,112.04783630371094,3049000
2025-12-23,112.0185026455976,112.64414738115083,111.676358424878,112.5659408569336,2918000
2025-12-24,112.46818343516472,112.80054996695841,112.2335638687621,112.72234344482422,1057700
2025-12-26,112.6050403132916,113.32843199239069,112.4193016890993,113.07426452636719,1896100
2025-12-29,113.49461626922768,114.1007056295551,113.0253920519676,113.1720199584961,1814700
2025-12-30,112.98628958330774,113.60214916960034,112.85920211917906,113.3870849609375,6956400
2025-12-31,113.40663932622184,113.46529048873026,112.57571553855314,112.72234344482422,1579400
2026-01-02,112.84943610515752,113.59237572509545,111.85232154748508,113.21112823486328,3906700
2026-01-05,112.9765086821462,112.9765086821462,110.01450570299887,111.51016998291016,3894400
2026-01-06,111.49063064289287,112.64415080652802,111.29511432640436,112.45841217041016,2535800
2026-01-07,112.74190188166467,112.92763305407226,110.7085769997838,111.14847564697266,2557000
2026-01-08,111.32443847161257,113.88564624814835,111.18758078093052,113.32843780517578,3230800
2026-01-09,113.39686319714887,114.77522520042211,113.34798225560043,114.28644561767578,2867700
2026-01-12,113.00583746589602,115.05871021137693,112.77122535565994,113.95407104492188,3437400
2026-01-13,113.95407163413044,114.3842000536077,112.9765124685436,114.0029525756836,2735100
2026-01-14,114.36464187975832,115.90918711334612,114.06160093250182,115.45951080322266,3143800
2026-01-15,115.75279187694895,117.01383671905948,115.00984477467406,116.72057342529297,3085800
2026-01-16,116.34908216094043,117.44395105068966,115.56703934670595,117.26799011230469,4044500
2026-01-20,116.52504608111754,117.74699500167533,115.61591578589517,116.54460144042969,4776400
2026-01-21,117.06270718650086,117.64924117972328,115.20534332614288,116.30998992919922,3632500
2026-01-22,116.04604113817666,116.68145605177924,114.40374153384553,114.55037689208984,2880500
2026-01-23,114.30599657082873,114.54060868851836,112.96673779340529,114.01272583007812,2525900
2026-01-26,114.48195366934792,116.49572314960402,114.38419924511709,115.37152862548828,3992200
2026-01-27,115.0978082659013,117.07248185742813,114.84364826555363,116.74988555908203,2675700
2026-01-28,116.57393364771066,117.50261189685038,115.87008983615077,116.44685363769531,1888800
2026-01-29,116.88675008517434,118.10869905213409,115.88964300973642,116.53482818603516,3537800
2026-01-30,116.34908634652416,117.18978780925342,115.33243139726424,117.09203338623047,3640700
2026-02-02,117.28754989195915,117.67856758472269,115.41063065904581,115.67457580566406,3941300
2026-02-03,116.08515477991342,118.6952360490006,116.08515477991342,117.96206665039062,3482200
2026-02-04,118.82231947036442,119.4479567392114,117.03338440873105,117.28755187988281,4653400
2026-02-05,118.05981745387976,118.69523240480343,117.11159132566532,117.90341186523438,4338300
2026-02-06,118.48994485231893,119.69234590035175,117.17024147836011,118.08914947509766,2767700
2026-02-09,117.8349850146902,118.75389303489588,117.22889563525044,118.38241577148438,2654000
2026-02-10,118.47108456752026,120.5993112896285,117.94888287658291,119.44652557373047,3506000
2026-02-11,119.67314398616594,120.78651731921043,118.69771044598873,120.45152282714844,2843800
2026-02-12,122.37283346419032,127.02339656825048,121.87034172195064,124.57003021240234,6301700
2026-02-13,125.4469378989881,128.15648892893853,124.74738393047045,128.0283966064453,4671900
2026-02-17,129.37822544510334,130.8266006859287,127.70323806779018,128.323974609375,4034900
2026-02-18,127.92985813288982,128.38309746826428,124.9838475558851,125.39766693115234,3626100
2026-02-19,125.39766318964253,126.94456582288099,125.21046348764801,126.53074645996094,2556200
2026-02-20,127.43720890564815,127.99883055796711,125.84104637263071,127.46676635742188,3021300
2026-02-23,127.57514270261244,130.16645610471824,127.49631782348015,130.08763122558594,3592500
2026-02-24,129.52602599591327,130.6098342681845,128.35353033724292,130.4423370361328,3209200
2026-02-25,130.22557993574645,130.89558393716237,128.35353778948127,130.51132202148438,3459800
2026-02-26,130.2649985467663,131.10248474698034,129.22058011318458,130.1566162109375,3811400
2026-02-27,130.16645329342757,132.61982686264184,130.0974758878109,131.85130310058594,3332600
2026-03-02,131.8611657879698,132.25527518628758,131.0532219768156,131.3291015625,2978600
2026-03-03,130.44233481230893,131.35866087121522,127.69338670420669,129.979248046875,4048500
2026-03-04,130.4719017309003,131.79218471635977,128.93485407208965,131.55572509765625,4758400
2026-03-05,130.76749240877507,131.0433719891654,128.43236344821787,130.0974884033203,5158700
2026-03-06,129.05308649196203,130.67882157498175,128.2451577211996,129.92999267578125,4613800
2026-03-09,129.87088332173352,130.40294756594315,128.86588477602336,129.92015075683594,4476500
2026-03-10,129.54573409160358,131.31925648500484,129.20089212036257,130.363525390625,3211800
2026-03-11,129.8708759200193,130.21573291177154,128.90529739114635,129.32896423339844,2522500
2026-03-12,129.12205561517757,131.99909611259645,128.87573350032005,130.27484130859375,2500200
2026-03-13,131.545874306912,132.50160544245355,131.14191741087822,131.6444091796875,3632100
2026-03-16,132.77747925208124,133.0139539158388,131.5458685676753,132.17645263671875,4356800
2026-03-17,132.80703689677756,133.01395410715182,131.40792896139735,131.6542510986328,2541300
2026-03-18,131.0827674017394,131.46702929184755,128.96440327012155,129.04322814941406,3800100
2026-03-19,129.07279634851207,129.51617317643507,124.84590768817014,126.82633972167969,5845200
2026-03-20,126.29427176751916,127.02339066440905,123.2398864609838,123.81135559082031,8610800
2026-03-23,124.92473547642105,127.01354989722458,123.99856183897387,126.0381088256836,4406700
2026-03-24,125.37795884853958,127.9791198295652,124.96413949182062,126.90515899658203,2559500
2026-03-25,127.55545196657077,127.59485689028264,126.15632910870168,126.41251373291016,3335000
2026-03-26,126.82633731009463,127.59486113969709,125.78193390239434,126.95442962646484,3597400
2026-03-27,126.94456206988356,129.57528046415655,126.43222289340135,128.18603515625,4404500
2026-03-30,129.673821563123,130.34381053428447,128.58999818705647,129.19102478027344,2717400
2026-03-31,129.47675831947825,129.84131023358253,127.97911567169292,129.151611328125,3124300
2026-04-01,128.76734696591694,130.21572215675425,128.58998723116736,129.73292541503906,2582500
2026-04-02,129.7822045637267,131.36851967626808,128.59986135108377,130.7280731201172,1998500
2026-04-06,129.7624867719054,131.16159457664068,129.7624867719054,130.41278076171875,1852300
2026-04-07,130.22558741164275,131.60500041877708,129.99897525203104,130.9645538330078,1814000
2026-04-08,130.14675951241492,132.8661655020998,129.6245577894731,132.7282257080078,2398600
2026-04-09,132.45232309277273,135.713640588985,132.45232309277273,135.13230895996094,2562500
2026-04-10,134.98452928987746,135.69393823779535,134.26527286896155,134.29483032226562,1982200
2026-04-13,134.4820376001561,134.5904199404153,131.61484435409835,132.48190307617188,2401500
2026-04-14,132.5410199609884,133.496751057272,130.79705501781075,133.46719360351562,3162400
2026-04-15,132.80702746869486,133.07305956763014,131.72321916238533,132.4129180908203,2382600
2026-04-16,132.58042907714844,133.17160823957647,131.04338129600825,132.58042907714844,2450200
2026-04-17,132.17644629394255,132.19615627355407,130.07779201175427,131.69366455078125,2869800
2026-04-20,132.373525631824,133.42777658578282,131.16160986383602,131.3192596435547,2646000
2026-04-21,132.00894100417923,132.00894100417923,129.80190452015904,129.94969177246094,2451000
2026-04-22,130.73793597561504,131.63455213602975,129.26985067013305,129.6836700439453,2124100
2026-04-23,130.82660686270222,133.3785004896653,130.63939964073103,133.0927734375,1898200
2026-04-24,131.85130847648202,133.56570076897984,131.84144596995858,132.74790954589844,1904700
2026-04-27,133.03366408424685,134.05835756002304,132.77747943957021,133.0829315185547,2723300
2026-04-28,134.28495954525513,134.57070162201094,133.06321145909905,133.5952606201172,2367900
2026-04-29,133.13217768613245,134.0682137912314,132.20600408801945,132.46218872070312,2912700
2026-04-30,133.2405635217326,135.6545174100994,133.00410389681136,135.09291076660156,3691300
2026-05-01,134.85642354917016,136.4526010402974,134.21599207890074,134.89584350585938,2390100
2026-05-04,134.14702534395934,135.02393152120126,132.17644831336537,132.678955078125,3314600
2026-05-05,136.45260609514423,137.3886271380236,134.21599705089304,135.02392578125,4078200
2026-05-06,134.56086473717806,134.59042219098754,130.55073311484196,130.60984802246094,4245700
2026-05-07,129.7033796860918,130.8463179732494,129.3979426515243,129.8216094970703,3107200
2026-05-08,130.21859827436802,131.08201980373929,129.1169847070516,129.17652893066406,2660200
2026-05-11,129.76207335660095,130.7743706355847,129.1169907128002,129.7124481201172,3179200
2026-05-12,129.63303605235424,131.25072468838255,128.46195935047695,130.9430694580078,2756500
2026-05-13,125.97093328392934,127.50921713700957,125.19682807671185,126.98322296142578,15607600
2026-05-14,126.61602155278915,127.66800988794012,126.52669764545212,127.6283187866211,6382500
2026-05-15,126.93360519586919,127.04276708369208,123.73793389952252,124.20438385009766,9225500
2026-05-18,124.97848618654805,126.87405048586143,124.0455863068219,126.71526336669922,5462900
2026-05-19,126.04040146759915,128.0649807807912,125.31591393861801,127.94589233398438,4494500
2026-05-20,128.5215077358405,128.94825141929047,127.53898264975392,127.8962631225586,5812900
2026-05-21,127.96574056113731,128.83909618696563,127.28095173120327,128.63067626953125,5244600
2026-05-22,128.6803084971446,130.75451307775313,128.60091115016255,130.59571838378906,3280600
2026-05-26,130.94306947467416,131.12170213356185,129.53380075063657,129.91091918945312,5996400
2026-05-27,129.11698231600957,130.01017594064652,128.402421358902,128.5909881591797,3182700
2026-05-28,128.59099147568503,128.7894772703352,125.7426665630465,126.79466247558594,4532800
2026-05-29,126.67556260042491,126.92367362206029,125.18689647061257,125.712890625,5664300
2026-06-01,124.7204445316325,124.7204445316325,122.80502717255759,122.85465240478516,3274200
2026-06-02,123.2714773260381,126.18926532189691,123.06306497944067,126.14956665039062,4360900
2026-06-03,126.23888836486533,128.6108291933285,125.30599604580824,125.3556137084961,4951800
2026-06-04,126.40760766851136,127.00307261381175,125.00825785389522,126.82443237304688,4821300
2026-06-05,127.52906672902203,129.23607179088233,127.24126460343294,128.1642303466797,3544500
2026-06-08,128.1046847826773,128.46196526033813,125.44493432217318,125.8121337890625,5405800
2026-06-09,125.66327678823507,127.40998055379777,125.12735605658239,126.79466247558594,5571800
2026-06-10,127.49929366808412,127.96574360264775,126.09002487513479,127.558837890625,5817600
2026-06-11,127.6382388901236,129.02765460084714,127.32064950281794,127.50921630859375,4625600
2026-06-12,127.6283105866122,128.53142316092806,127.03283810061781,128.2535400390625,4155800
2026-06-15,127.35043679005086,129.0673608780488,126.63586824018348,128.33294677734375,5285800
2026-06-16,128.8291670261579,130.26820795170906,128.1543123026976,128.76962280273438,5199800
2026-06-17,127.80695281813361,129.0872142158556,126.35798530864088,127.30081176757812,6105000
2026-06-18,127.68786119485857,128.67037115936253,126.02055480850115,126.72518920898438,10158200
2026-06-22,127.22141770664459,129.89109488670755,126.97330666973905,129.3154754638672,6591600
2026-06-23,130.4369183796124,133.03713217105673,129.26584163216782,132.72947692871094,10421600
2026-06-24,133.2058477582234,134.47617498944854,131.91566740490234,133.9402618408203,6011400
2026-06-25,134.20821342633587,136.5007569089423,133.9898745095643,135.96484375,4483400
2026-06-26,136.98705784484093,138.02912717803272,136.56031415092633,137.64207458496094,8131900
2026-06-29,137.97950912926123,138.27724540331914,135.52817086432813,136.92752075195312,6770600
2026-06-30,135.96484243774802,136.9771396654194,135.09148677909073,135.77627563476562,6677300
2026-07-01,135.83581182354865,136.32211485808116,133.45395216890782,134.02957153320312,4974900
2026-07-02,134.8533070381452,137.55275615927195,134.6349681280912,137.4634246826172,8802800
2026-07-06,136.848117041121,137.41381744988348,134.2082120872199,134.95254516601562,7295000
2026-07-07,136.48091047889636,139.51778685967835,136.252637443273,136.49082946777344,3676700
2026-07-08,136.60001195609533,137.18555036910968,134.51587318742222,134.87315368652344,3592600
2026-07-09,134.8731519269779,135.4884775884278,132.51114518259166,132.83865356445312,5548900
2026-07-10,132.828710075375,134.5257960903042,132.828710075375,134.4066925048828,3220900
2026-07-13,134.54564987054198,135.48846870856562,134.0692658135133,134.60519409179688,3459700
2026-07-14,134.714368470162,135.5678710075057,133.52342342754636,133.92041015625,4535900
2026-07-15,133.44403738800506,133.97995052697524,131.36981775597582,131.49884033203125,3321700
2026-07-16,131.1018682874894,133.0470501929838,130.73465368237976,132.12408447265625,3856300
2026-07-17,134.3669989394065,134.64488206113208,130.78427532341502,131.1415557861328,4315000
2026-07-20,131.64770062991033,132.59053461694847,129.573496145416,130.05979919433594,3054400
2026-07-21,129.51394796972613,130.18880265195546,128.53142291278058,129.4940948486328,3885100
2026-07-22,130.70488595263723,132.27294945998963,130.15903866471467,132.06454467773438,2862900
2026-07-23,131.34005083215547,134.13875051145942,131.34005083215547,133.9005584716797,3417200
2026-07-24,134.40669968186458,135.5381005145611,134.0990444281294,134.515869140625,3184700
2026-07-27,134.15857932792264,134.7441328261196,132.27294169147572,132.58059692382812,2597200
2026-07-28,133.07683044567872,134.96248338853076,131.97521684994015,132.01492309570312,3924200
2026-07-29,132.7890194593732,133.11652781935882,128.0550570101191,128.42225646972656,4230900
2026-07-30,127.74740641246025,129.5040367185629,126.3579831510522,126.81450653076172,5724000
2026-07-31,127.03284793038125,128.1642336265214,125.87169012198707,126.88397979736328,5722900
2026-08-03,127.13209443755494,127.90619961902243,125.41516282419312,127.35043334960938,4882900
2026-08-04,127.07253286288996,127.85657216350292,125.31591017945516,127.38020324707031,3964300
2026-08-05,127.91611715876257,127.91611715876257,123.55928824331248,125.514404296875,7312200
2026-08-06,127.01300208008277,127.33058389629025,123.37072639738565,124.31355285644531,3088700
2026-08-07,124.04558470096786,125.41516239121829,123.26155296118259,124.77999877929688,4311300
2026-08-10,125.05000305175781,125.68000030517578,122.25,122.83999633789062,4659100
2026-08-11,122.52999877929688,123.81999969482422,122.27999877929688,123.58000183105469,2694900
2026-08-12,123.62000274658203,124.70999908447266,123.41000366210938,124.6500015258789,2359400
2026-08-13,124.73999786376953,125.9000015258789,124.56999969482422,125.37999725341797,2246700
2026-08-14,124.87000274658203,126.0,124.86000061035156,125.5999984741211,2360200
2026-08-17,124.87999725341797,126.68000030517578,124.77999877929688,126.52999877929688,2923000
2026-08-18,128.17999267578125,128.6199951171875,126.1500015258789,126.3499984741211,2919500
2026-08-19,127.36000061035156,127.43000030517578,125.2300033569336,126.2699966430664,2690800
2026-08-20,126.19000244140625,127.54000091552734,125.66999816894531,125.69999694824219,3358700
2026-08-21,126.1500015258789,126.16999816894531,120.5199966430664,120.94000244140625,5246800
2026-08-24,121.11000061035156,122.27999877929688,120.05999755859375,121.9800033569336,3890500
2026-08-25,121.9800033569336,123.16000366210938,121.75,122.7699966430664,3187800
2026-08-26,122.91999816894531,124.08999633789062,122.72000122070312,123.36000061035156,3772900
2026-08-27,122.23999786376953,123.0199966430664,121.63999938964844,122.70999908447266,2714900
2026-08-28,123.37999725341797,123.8499984741211,121.87999725341797,122.30999755859375,2607800
2026-08-31,122.30999755859375,122.69000244140625,121.5,122.43000030517578,4149100
2026-09-01,122.83000183105469,123.58000183105469,122.13999938964844,122.95999908447266,2981300
2026-09-02,122.75,123.93000030517578,121.5,123.56999969482422,2835300
2026-09-03,123.75,125.31999969482422,123.6500015258789,124.70999908447266,2283300
2026-09-04,124.18000030517578,125.5,124.0,124.5,3148800
2026-09-08,124.47000122070312,126.33999633789062,124.12000274658203,125.41999816894531,4022100
2026-09-09,125.44999694824219,126.16999816894531,123.91999816894531,124.66999816894531,3674400
2026-09-10,125.05000305175781,125.73999786376953,123.33999633789062,123.47000122070312,3339000
2026-09-11,124.5,125.0,122.91999816894531,123.33000183105469,2201600
2026-09-14,123.62000274658203,123.80999755859375,121.73999786376953,122.2300033569336,3168900
2026-09-15,122.68000030517578,122.77999877929688,120.41000366210938,120.61000061035156,3188800
2026-09-16,120.86000061035156,121.72000122070312,120.06999969482422,120.69000244140625,4041200
2026-09-17,121.25,121.70999908447266,120.43000030517578,121.62000274658203,4842500
2026-09-18,120.61000061035156,121.12000274658203,119.70999908447266,120.0,8016400
2026-09-21,119.80000305175781,120.75,119.16000366210938,120.02999877929688,6986100
