Date,Open,High,Low,Close,Volume
2021-09-22,282.5746122281972,289.33727231652387,281.71600193488075,288.5268859863281,1325700
2021-09-23,289.41436309890963,291.66213503171383,286.81927862119596,287.76470947265625,1405300
2021-09-24,287.46566525664355,290.08003356240755,286.2887122745879,288.6136779785156,891900
2021-09-27,289.3275967080393,289.4144175003986,280.7512686712142,283.6261291503906,1328700
2021-09-28,282.4878629751265,284.43657674274004,277.6642878110438,279.0438232421875,1166700
2021-09-29,280.0374309659452,282.6903968554134,279.120940064188,280.97320556640625,752200
2021-09-30,281.8606901874675,282.56491303474525,275.55144817909985,275.6864929199219,1519800
2021-10-01,277.42298432573864,282.5552730586717,275.72507721030144,280.8091125488281,1415300
2021-10-04,278.03078600687763,281.0310345673935,273.55449570449633,275.21380615234375,1376300
2021-10-05,277.51955209257125,282.78688727633795,277.23977652427084,281.88970947265625,1048100
2021-10-06,278.87971192509826,281.5037370811115,276.5258351476327,280.5679626464844,1259000
2021-10-07,282.65177354307696,285.1793215523275,281.590610839291,282.9315490722656,969300
2021-10-08,282.7964313264386,285.48796366656705,281.5808815981541,284.1084289550781,1005700
2021-10-11,283.8093734218544,286.61669627152554,283.5778513528511,284.7451477050781,1091300
2021-10-12,286.04758455877885,290.21512997104423,284.07955819361354,288.1795959472656,788300
2021-10-13,288.4304511116272,290.1765826025382,286.0379477292485,290.0608215332031,774000
2021-10-14,292.5786469218923,297.7205628599762,292.37606509638715,297.4697570800781,930300
2021-10-15,298.9940359905463,300.77876416971264,297.87496334545153,298.3862609863281,1248900
2021-10-18,297.60476120079676,299.5149064742737,293.42756044668886,295.0965270996094,1523800
2021-10-19,296.49540926637053,298.5984802246094,294.8168151269559,298.5984802246094,869300
2021-10-20,298.2801298321824,302.86252449409056,297.25753464183805,302.8143005371094,941300
2021-10-21,303.219445470631,308.6893902408356,301.27073256509203,308.1394958496094,1320500
2021-10-22,308.85341455468733,310.5416653301831,305.8338527428509,309.4997863769531,947600
2021-10-25,309.6348327479007,311.07227772112094,307.5510453897941,308.8148193359375,989500
2021-10-26,309.71200546381885,310.6091830398734,307.31950248691805,308.9402160644531,975000
2021-10-27,308.9595758185184,310.9372294113359,305.4673129016158,305.6891784667969,1035800
2021-10-28,305.8917512098471,310.40663878063083,305.8917512098471,309.7506103515625,1905800
2021-10-29,306.5813479115678,315.23893618600306,298.57113036467416,309.1225891113281,1616700
2021-11-01,306.23349253433287,308.07903289251374,295.7303636241802,296.474365234375,1335900
2021-11-02,297.45020212961754,298.4647816593326,291.85561002817775,294.3968505859375,1608000
2021-11-03,295.4597898057806,295.4597898057806,284.647454851033,284.9373474121094,1882000
2021-11-04,282.8792300423415,287.46891544294255,279.65196005706196,280.2123718261719,2150200
2021-11-05,283.0048866995557,283.14014632300564,276.33774022865316,278.7920227050781,1467200
2021-11-08,279.98045783795465,287.94234409088045,279.03352273514207,286.5992431640625,1124100
2021-11-09,285.4010874047001,290.95702158794694,285.1498531186455,287.4881896972656,1369300
2021-11-10,286.91811006621293,291.2469181577626,285.8938880224129,287.6717834472656,1372300
2021-11-11,287.8457667256253,290.0778010727585,284.65715465474904,289.1598815917969,1164000
2021-11-12,289.6236440040144,290.8411279290509,288.29021484565965,290.2033996582031,1133400
2021-11-15,289.7395770562738,293.411343053371,288.4931363629073,290.3000183105469,1108700
2021-11-16,290.8604750621196,297.5372640502118,290.75420174880855,292.65771484375,1354600
2021-11-17,292.89917815081407,294.0780035693835,289.65256491295446,289.69122314453125,1311500
2021-11-18,290.1551392808987,290.60927783288093,284.1836935470986,284.87939453125,1280700
2021-11-19,284.2319827389715,289.7106013974788,282.09657940305584,286.7732238769531,1313100
2021-11-22,286.69588657155504,290.67682987245286,284.15464561816566,288.4544677734375,1286100
2021-11-23,288.7733146725505,290.2420328011743,284.84070157377295,286.9761047363281,1148500
2021-11-24,286.0291759906896,289.3240904349751,284.0966769257195,288.6380615234375,1126600
2021-11-26,283.6039590724278,285.217579559449,277.83544718007147,284.1836853027344,881900
2021-11-29,287.0823524347984,288.048601859553,282.19313270454745,286.6765441894531,1250300
2021-11-30,284.8020338036592,287.9713309138111,283.1110972161905,285.78759765625,5147800
2021-12-01,288.4254796473291,291.5754624959233,281.0626630758547,281.2848815917969,1434900
2021-12-02,281.4008786122741,288.8313403157688,281.4008786122741,287.2659912109375,1473600
2021-12-03,289.0825408931604,289.4690348258037,280.57955642461997,283.0048522949219,1431700
2021-12-06,285.4494392845133,288.2128986909801,283.82611771951474,287.4399108886719,881100
2021-12-07,290.06808490286005,292.58998171087933,288.2032011295384,290.56085205078125,955700
2021-12-08,291.6528220054731,293.66263800544897,289.5174183071508,290.783203125,790200
2021-12-09,289.3627142479672,290.42559450477137,285.4687302748148,285.5267028808594,1008500
2021-12-10,287.65244905603004,287.65244905603004,281.65201924118657,283.8260803222656,1412600
2021-12-13,283.80680939250385,286.27073386650824,281.7583651339034,283.8937683105469,1072200
2021-12-14,282.5893259933888,286.2997206068287,280.9370475728747,284.2222900390625,1298200
2021-12-15,284.24161745081005,286.16444444578184,281.371855366746,285.9228820800781,1472200
2021-12-16,286.63790859680523,288.2515582381445,283.3719805651517,285.1692199707031,1544000
2021-12-17,284.99535370505333,285.4205059214623,279.9515292172928,282.5120849609375,2912300
2021-12-20,280.04809867303175,281.37188534771997,277.1493499757171,280.7148132324219,1461900
2021-12-21,282.550744658508,286.13552271805787,280.8308214060393,283.3334045410156,1209100
2021-12-22,283.42026181089466,284.9855810144297,282.48299877713,284.09661865234375,714200
2021-12-23,285.0435674663272,286.1837346591707,281.78731176955694,282.5409851074219,1378000
2021-12-27,284.4058618597717,288.61872482917164,282.36708965793423,288.3578186035156,506100
2021-12-28,288.6090687687512,291.11165146346235,286.6862416780971,286.9761047363281,587500
2021-12-29,286.45425664515386,291.51742298317674,285.68126900714134,290.5318298339844,841600
2021-12-30,291.788062016735,293.3147233955066,289.7009593622998,289.7106018066406,476900
2021-12-31,288.64773093537184,292.6286742564479,287.7104677175383,290.41595458984375,687000
2022-01-03,290.04876078664705,290.3772820701547,282.82123357429026,283.3429870605469,808700
2022-01-04,284.12568074618343,284.9856570371514,280.3766570986255,284.3382568359375,1136700
2022-01-05,283.85508543255486,285.29481713987457,281.1012981374567,283.111083984375,1316400
2022-01-06,279.593926561384,283.60388536699975,278.03827910168854,280.6954650878906,1317200
2022-01-07,280.4539702907415,280.6858607784641,273.0235078747626,273.236083984375,1263900
2022-01-10,271.6417589106115,273.0911333327254,267.1197177906395,272.4823913574219,1517500
2022-01-11,272.7432330899639,279.8548446741682,269.873470923443,277.989990234375,1351500
2022-01-12,278.97555409923075,281.1206291478181,277.6711113894314,277.989990234375,1179100
2022-01-13,277.4681703355852,278.69529640981546,270.30825902452136,270.9653015136719,1006800
2022-01-14,269.4772848481292,269.4772848481292,260.39451772288504,264.22088623046875,1628100
2022-01-18,261.8536061620709,265.1098621553702,258.0465808942864,263.4768981933594,1375300
2022-01-19,264.9939429718345,266.6945516407931,261.27387625228573,261.4961242675781,1098900
2022-01-20,261.4960857483108,266.28867462406987,260.90665826744555,261.12890625,1204500
2022-01-21,262.31741200986676,264.0856355336005,256.6165166493982,257.4281921386719,1600400
2022-01-24,256.4136098480316,266.2017214189464,254.9835795451363,264.4141540527344,2260200
2022-01-25,261.0806026671674,262.1821116622437,254.83861024056475,258.67462158203125,1534900
2022-01-26,259.54423688903046,264.66537639584504,256.3846119701051,258.6553039550781,1121500
2022-01-27,260.1626975054083,262.7715831472979,252.0945076741093,253.04144287109375,1168000
2022-01-28,254.2009317578934,261.109639987005,250.82873009039642,261.0613098144531,1047200
2022-01-31,260.76114279351,267.7506582065875,260.160939927174,267.6151428222656,962300
2022-02-01,266.27919329366637,268.5638698274148,263.73314666831317,267.97332763671875,864600
2022-02-02,267.97335303558924,270.16121619128876,267.0923995485011,269.7352600097656,1348600
2022-02-03,268.55426300333556,270.0644608660825,266.55033638198637,267.6733093261719,1046200
2022-02-04,271.3228907301016,286.9089340740611,267.9927039705217,282.0104675292969,2443300
2022-02-07,279.8032522127222,280.73259772136055,276.5505281608075,276.98614501953125,1211300
2022-02-08,275.2726431071305,279.70642183785344,268.41864284079867,278.718994140625,1334500
2022-02-09,281.0616900713283,286.4054922634374,279.9290568977266,284.3918762207031,867200
2022-02-10,280.09367668852224,284.6436499392883,276.52150010472974,278.109130859375,1152200
2022-02-11,277.847644492426,280.5582468631211,272.59096666768335,274.37225341796875,1190400
2022-02-14,274.6627544324867,275.4275433865254,268.70908794410474,270.9453430175781,1237000
2022-02-15,274.8854744254279,278.52542383552174,271.60367923302107,275.437255859375,1006300
2022-02-16,274.93381801737337,276.7828482964258,271.6617136252994,275.9502868652344,829300
2022-02-17,273.41403233507776,274.02392568871426,269.75470175663014,272.06842041015625,1112500
2022-02-18,271.748789504056,276.04705221495163,270.50965256761293,274.7401428222656,932100
2022-02-22,275.42754895776596,277.683154977506,272.9202335078018,276.1826477050781,1402200
2022-02-23,276.62795032293644,277.18942187744443,270.4322646058278,271.30352783203125,1358700
2022-02-24,266.5599850178004,279.69679587254694,264.4786255548201,278.9320068359375,1727300
2022-02-25,279.09653320126455,283.65619625894783,277.80900403983384,283.5981140136719,1197400
2022-02-28,279.2902415938252,283.15285974465917,278.0704550016173,282.8140563964844,1384200
2022-03-01,283.085057265046,285.5826826429798,278.8739168835025,280.58740234375,2249700
2022-03-02,282.19429716038746,285.11787752795254,279.3481499130377,283.49151611328125,1404700
2022-03-03,286.0183370784551,287.42203088274226,282.34931728917144,284.8179016113281,1486500
2022-03-04,282.3008458073528,285.8246593446918,280.5583194813582,284.36285400390625,1360300
2022-03-07,280.92622799374715,283.0947107188295,279.0191153867684,279.17401123046875,2313300
2022-03-08,277.247536092353,280.69388722588155,267.953992663688,268.0895080566406,1363600
2022-03-09,272.23287722359885,284.3047964812618,271.86500330108356,281.7103576660156,1383500
2022-03-10,277.0635935061737,286.00861373365706,277.0635935061737,284.22735595703125,1350400
2022-03-11,285.29229696539176,289.5227886283311,284.5371981049971,285.90216064453125,1252200
2022-03-14,286.59911365890997,291.1781273801554,286.2118888626652,287.7705078125,1808400
2022-03-15,290.1520032547314,297.8869280613763,288.0028714023642,297.7998046875,1600500
2022-03-16,298.46776494708865,303.18229437993307,294.9633315511493,299.6391296386719,1582000
2022-03-17,298.68075013916774,306.32855136573403,298.63235811388404,305.8445129394531,1536600
2022-03-18,305.29266740538924,309.93945349649056,303.04675181521577,308.2162780761719,2512800
2022-03-21,308.0614702033203,312.2822718258297,306.3286040669687,307.7516784667969,2011500
2022-03-22,304.12131353034073,306.46407232933075,298.08052389683866,305.176513671875,1956800
2022-03-23,303.11454470317454,307.38376738758916,302.2045795948915,303.75347900390625,943500
2022-03-24,304.5860044461569,307.4127721220078,304.03419358675234,307.238525390625,587900
2022-03-25,307.9548194363055,312.6499966474908,307.161019112333,312.6306457519531,887600
2022-03-28,312.63070918563756,316.6385315831824,311.39157212270607,315.8059997558594,1255000
2022-03-29,319.05875295166345,319.05875295166345,314.9831577143299,315.5736999511719,1318100
2022-03-30,316.03838502171453,316.561154833949,313.17288559260703,315.97064208984375,889700
2022-03-31,317.1225953761376,320.53990540865476,315.13804968945465,315.23486328125,1344000
2022-04-01,315.8738086699286,321.3047057037757,315.51562495668384,318.33270263671875,943800
2022-04-04,318.7973995570284,320.2688658001012,315.4091304284816,316.2997741699219,730400
2022-04-05,315.65111872803766,320.97554112269904,315.2735841389631,315.5639953613281,941500
2022-04-06,314.83793165658346,320.13331282631805,313.57944365959423,319.91064453125,828300
2022-04-07,319.7752065486702,323.9476161180694,317.52926078442135,322.843994140625,842800
2022-04-08,323.15372299810105,325.6707286549534,321.77907044914576,322.8633117675781,692900
2022-04-11,322.36960080982595,324.64458738487394,320.30759232996036,322.9601135253906,804200
2022-04-12,323.8314391758228,324.4122617275923,317.75191693926257,318.778076171875,715300
2022-04-13,318.10038923201347,321.2659901012615,317.79059752951014,319.56219482421875,728800
2022-04-14,320.4527555327757,322.33082679349127,317.71311132607553,317.7808837890625,788500
2022-04-18,317.95517209982415,322.03076748311474,316.49336656050843,318.5456848144531,930900
2022-04-19,318.00359930061506,320.73358348830925,316.05778465054794,320.2301940917969,720000
2022-04-20,321.7403888419084,323.76366617629077,319.78485444288026,322.5826110839844,946500
2022-04-21,324.3057575687412,331.0629448844405,322.01142007049134,322.8149108886719,1012200
2022-04-22,321.11107273104886,322.7374345955269,310.9656176625921,311.3722229003906,1049000
2022-04-25,309.17472357224807,311.5561845414753,304.25690578020834,311.17864990234375,1114500
2022-04-26,310.00730238069815,310.16219824292165,300.3265325669678,300.365234375,1116400
2022-04-27,300.97512039234704,305.06040633764,299.6391694631077,301.284912109375,847100
2022-04-28,303.72440261058745,309.9878606230003,297.054368890696,307.8484191894531,1114300
2022-04-29,304.86141864426673,304.86141864426673,278.2796535112206,279.2882080078125,1928600
2022-05-02,281.1793651936535,286.0670881408108,266.10890337061437,273.59564208984375,1467600
2022-05-03,274.3229783685698,279.1621942866694,272.3640240359525,275.95220947265625,1244300
2022-05-04,275.86491006020225,283.5262022320189,271.2390483229725,283.2740783691406,814400
2022-05-05,280.21935309299886,282.2171075794347,272.50955145388497,277.891845703125,1055800
2022-05-06,275.70981752069827,279.63746387068517,272.8683550491455,277.63970947265625,983500
2022-05-09,274.76912425872183,275.4673705236909,265.9343986183415,266.7781066894531,1133100
2022-05-10,270.5214752784221,276.06864538455045,268.0970133368535,270.7445068359375,1027400
2022-05-11,269.4546417785214,274.04170373579774,265.9246118284847,266.7392272949219,808300
2022-05-12,266.7489702721245,271.53970893308224,262.92801628592775,267.4084167480469,789800
2022-05-13,268.7079210804684,276.0201057174721,267.0205052394211,272.12158203125,816000
2022-05-16,271.306982869886,273.6053679221284,268.97947586436766,269.42559814453125,618200
2022-05-17,272.9070603567194,272.9070603567194,267.43746155765876,270.5989685058594,600100
2022-05-18,268.7176288838972,269.51285941095955,260.4065672139787,261.3472595214844,1032400
2022-05-19,259.4367838120419,260.15444459151763,254.5878604704896,258.602783203125,756500
2022-05-20,259.66949343177504,260.88172399254415,248.1678344815522,254.77206420898438,1403800
2022-05-23,256.70200717328987,259.766500605124,250.951161740276,258.42822265625,872600
2022-05-24,257.00265506468253,261.25031682309924,254.9370089003445,260.0380859375,767700
2022-05-25,257.38084658954944,261.15332317766536,254.7042610139335,257.2256774902344,925200
2022-05-26,260.21262240820704,265.9149608420343,257.856052829578,264.4990539550781,1266800
2022-05-27,265.47855979735846,273.1689453125,264.8384983483072,273.1689453125,1170500
2022-05-31,270.0074534235093,272.2185612265281,265.5173457895223,267.3405456542969,3664600
2022-06-01,268.3394629503497,270.6378481649669,260.84301587712156,262.4140625,825200
2022-06-02,262.11341229425364,270.42447442716417,258.2827508214661,270.21112060546875,780500
2022-06-03,262.540074824609,266.3319359703905,260.0962284105155,260.4647216796875,768300
2022-06-06,262.8795740449357,265.99257498048195,260.6102811539828,263.6748046875,593400
2022-06-07,260.2999297294102,263.64566937800726,259.7180529571162,262.4431457519531,710700
2022-06-08,260.4841554680462,263.8396019744597,258.4766941969769,258.738525390625,724800
2022-06-09,258.55425288641857,260.12532876754636,251.1935914694569,251.28086853027344,932000
2022-06-10,248.42007334218982,248.87587337361083,245.74345787295317,245.97621154785156,724500
2022-06-13,241.14667423722253,248.26489059581672,239.16830510355237,245.4816131591797,1315700
2022-06-14,244.9967303728616,247.46966969001772,241.34063765864462,243.54205322265625,791000
2022-06-15,246.965382610562,249.5450135408669,242.64984352655003,245.4816131591797,896700
2022-06-16,240.27385484065647,243.8814551519554,238.7707003757322,240.9915008544922,1018200
2022-06-17,240.99146444602013,244.5796643776205,239.3331263285659,244.04627990722656,1856900
2022-06-21,247.5957166704686,249.01159397300106,245.99557791676315,247.0623321533203,911500
2022-06-22,244.71546449834025,252.27009550088636,243.88144907516005,249.28314208984375,930900
2022-06-23,251.53305758976055,256.8280738636717,249.21528750323048,256.0134582519531,1092400
2022-06-24,258.0015415912584,263.6844659855043,255.67406412465763,263.529296875,1890900
2022-06-27,264.0820561303083,265.13911784917786,261.0078553579629,263.31591796875,561900
2022-06-28,263.9560434497047,267.5539666893468,257.5360722328245,257.633056640625,538800
2022-06-29,257.59422944014204,261.55096793001826,255.83892134976733,260.7557373046875,776300
2022-06-30,258.63187794377535,262.84073989158827,256.55652452862745,261.5315246582031,860000
2022-07-01,261.29878659560393,266.0895252833364,260.3096168761921,265.6434326171875,629000
2022-07-05,263.83963829747364,268.2327620574644,261.44426876680876,267.6315002441406,682200
2022-07-06,268.51400560405835,273.3823143817901,266.8556819726857,271.1614990234375,850200
2022-07-07,270.8511470964389,271.53968587030505,263.2868095184799,266.01190185546875,1123000
2022-07-08,265.895603012854,268.37824986068085,264.7706490356379,266.0798645019531,500400
2022-07-11,265.2942888520547,268.40728931958,265.1682121111538,265.7597961425781,545400
2022-07-12,264.57667164529266,268.9116104821594,260.9593640231641,262.38494873046875,753600
2022-07-13,258.80644377140726,264.68333681333337,258.80644377140726,261.2987976074219,789800
2022-07-14,256.15893283209687,260.96905643143185,254.49090204262473,260.4744567871094,928900
2022-07-15,263.95601684326977,266.8071864913911,262.82138521328284,263.3935546875,2291800
2022-07-18,263.90746438174966,265.28454181738977,258.2826964464266,259.0294494628906,658500
2022-07-19,261.8418773474315,267.7284777670096,261.6285235228106,267.3599548339844,853700
2022-07-20,268.5528052280836,270.13352950588234,265.856804814572,266.95263671875,1115000
2022-07-21,268.40729965187387,272.67437599056785,266.95262260790463,272.1894836425781,888500
2022-07-22,272.1895040175302,275.63222810777313,268.8631197687566,271.0451354980469,918700
2022-07-25,271.2584124622678,275.1957351392866,269.8716277391079,272.66461181640625,789900
2022-07-26,272.0633499026388,273.6246887302525,269.82315009186095,270.8026123046875,534300
2022-07-27,270.4147788281025,279.0361795471827,270.4147788281025,277.4166259765625,728500
2022-07-28,278.39601736334873,285.39786197936303,275.2345107198121,283.9140930175781,923800
2022-07-29,283.7198481377242,289.0153160682983,282.29153127779216,282.7870788574219,1293900
2022-08-01,278.8518630250219,280.64940881451685,271.40907280710076,272.39044189453125,849400
2022-08-02,271.11758189607207,277.1223293344237,270.388849547179,272.3127136230469,1086700
2022-08-03,272.82769712019467,279.6388956561248,272.61393443426755,277.9190979003906,843500
2022-08-04,277.64703369140625,278.8810098330219,275.46083657572586,277.64703369140625,740900
2022-08-05,276.05355389943054,279.4737571710422,275.1790808910114,279.3765869140625,561200
2022-08-08,280.5717532741294,283.17575042877723,280.03733162118556,281.61138916015625,529600
2022-08-09,281.1644058567358,286.02262216459576,280.4259474892374,285.0995788574219,667900
2022-08-10,289.22904810845773,291.37637130544226,286.4015628018521,289.2776184082031,943100
2022-08-11,291.16260645698617,293.75687720989345,286.2946645097546,288.2768249511719,741000
2022-08-12,291.0654014598515,293.4653610765211,289.5010703191245,292.93096923828125,702600
2022-08-15,291.36662742443275,293.2224694041535,290.48242859730743,292.1536560058594,1078000
2022-08-16,290.77391960966924,294.00947804136075,290.65732718361824,292.4645690917969,757000
2022-08-17,290.3074739566639,293.2418249357051,289.29695700505016,291.88153076171875,513100
2022-08-18,292.58121769759083,294.6896966475176,290.18125762656797,293.9901123046875,644900
2022-08-19,293.3293764017189,293.3973688892425,289.63711449419645,291.36663818359375,681900
2022-08-22,288.57806193207597,289.8217641778838,284.10849679326026,284.4485778808594,660300
2022-08-23,283.4478516070582,284.6041097793203,278.21067875008185,278.56048583984375,780000
2022-08-24,278.83246531795044,280.37737453095065,277.1709636590179,279.17254638671875,712700
2022-08-25,280.3870164147979,282.12623596567477,278.1036495256638,282.0096435546875,717200
2022-08-26,283.9335193172892,284.2250003571018,277.58869169837806,277.7635803222656,856500
2022-08-29,275.30539405320974,277.09321406946805,272.87628593565245,274.87786865234375,512400
2022-08-30,274.8778756831625,276.1507259971435,271.6228647919394,274.1199951171875,620300
2022-08-31,275.4899698590414,277.4721301065367,270.85524289800713,271.341064453125,825900
2022-09-01,271.5936827879939,272.99285129706993,267.47392531804525,272.8179626464844,661000
2022-09-02,274.9944262581241,277.96765184515533,269.10627129932146,270.4471435546875,534600
2022-09-06,270.7872365592843,274.42117251483774,270.3111408961995,273.2552185058594,823700
2022-09-07,273.9839896605261,280.66887068721866,273.45929397351284,280.3871154785156,493600
2022-09-08,279.2599900705333,283.9918879541859,278.03571008669917,282.6996154785156,722300
2022-09-09,282.79670336463505,285.682484465582,281.47528302388025,283.8072204589844,701100
2022-09-12,283.78786121840756,286.0226289118616,283.0688250243868,285.6728515625,694800
2022-09-13,280.85350890421137,281.0867234803841,275.24713724095017,275.985595703125,756500
2022-09-14,276.0924653191863,277.598530375815,274.120030409421,275.7232360839844,858800
2022-09-15,276.5587955584657,276.5587955584657,271.91434247026245,272.1864013671875,1065000
2022-09-16,269.72817923222783,272.05039124172697,267.2699229310913,269.26177978515625,1571400
2022-09-19,267.98894196004125,270.87472380914613,267.2602094693804,270.80670166015625,612500
2022-09-20,268.5233132192749,270.0002299305348,265.142013700756,268.3872985839844,596700
2022-09-21,269.75730958454994,273.7216008409652,265.1031302983069,265.2488708496094,863700
2022-09-22,265.03512436005366,266.16223411269533,260.49756688964385,264.500732421875,1052500
2022-09-23,264.5590480585986,267.882081336274,262.51859110930326,266.1525573730469,1238100
2022-09-26,265.76386344615787,266.97841756523945,261.5275129118575,262.1784973144531,849800
2022-09-27,265.1906064684509,265.6667318628004,260.43928601235075,263.28619384765625,767200
2022-09-28,266.23025711506824,268.8634020853788,264.3063927574741,267.4642333984375,912200
2022-09-29,266.7549499086772,266.7549499086772,261.8189855240372,263.2667541503906,664200
2022-09-30,263.1890081833807,265.2100427931521,260.16721184234086,260.2740783691406,789700
2022-10-03,261.731524581769,269.02857451758643,259.48703115729586,267.775146484375,635700
2022-10-04,270.20431082666454,276.70460757560795,270.02942213036556,276.2576599121094,756100
2022-10-05,273.7896482027888,276.422793246201,272.10869461706346,274.76129150390625,813700
2022-10-06,274.38239262449895,275.33458417445746,271.7589435963777,272.7597351074219,675800
2022-10-07,270.94269987479305,270.94269987479305,263.23757676726154,265.3654479980469,601500
2022-10-10,267.16302999907896,272.2058610328268,266.48289748922355,271.6617431640625,725100
2022-10-11,271.6811321762998,272.6722271858128,266.6188795698173,268.3970031738281,649000
2022-10-12,269.6601917932753,271.9241078697949,265.9096624998661,266.1039733886719,597700
2022-10-13,260.52671246249133,274.5960879122597,258.7971886430287,273.517578125,870000
2022-10-14,276.5200137588073,277.5013831599846,262.6352201599356,263.1307678222656,910600
2022-10-17,267.14355615287565,272.1863862115349,266.5605643627277,269.64068603515625,870600
2022-10-18,276.1313884557554,276.39372154478934,268.55258047268967,272.3808288574219,703400
2022-10-19,270.17507317928204,274.00334929695396,269.4171927609314,272.96368408203125,844200
2022-10-20,273.01233038421674,273.01233038421674,264.91852552651375,265.95819091796875,917200
2022-10-21,265.8415935940691,273.2163621497196,262.70317528713764,272.17669677734375,1633400
2022-10-24,274.7612463972625,278.02598277220034,273.9450697165769,276.44219970703125,783300
2022-10-25,275.21792943137035,275.21792943137035,269.21318172394035,272.0600891113281,949200
2022-10-26,272.70138368000363,274.4892036071814,268.73706282444647,269.271484375,1144800
2022-10-27,271.43824566834826,275.75234409565815,270.04880292928107,274.3143310546875,965200
2022-10-28,269.3395474238825,281.7765703941938,265.27805570114805,280.999267578125,1248900
2022-10-31,277.94237176523853,279.3832045630622,274.01905331014643,274.03851318359375,1130200
2022-11-01,275.7908293230215,278.9840008300828,274.34999680152475,276.95904541015625,816100
2022-11-02,275.71298026427075,279.16902404070953,271.4878704137744,271.7409973144531,713500
2022-11-03,270.1930991588364,273.34732188607416,268.5672935460093,269.07354736328125,517300
2022-11-04,271.8090933157794,272.3250620885613,267.07773067560925,272.3055725097656,576300
2022-11-07,274.3110472174221,280.65847048899144,271.3515426970235,279.4999694824219,595300
2022-11-08,279.9283676620908,281.4957341433795,275.0607256063183,279.1884765625,776000
2022-11-09,278.68225419164304,279.7433966011354,273.3862572257365,273.6588439941406,680200
2022-11-10,282.323246613906,288.57331224915714,280.55141772895934,288.53436279296875,998100
2022-11-11,290.81232602373973,290.81232602373973,283.5400696581948,285.2437438964844,739500
2022-11-14,284.0950405255646,290.70527640532305,283.5887867866275,283.6082763671875,579700
2022-11-15,286.538559106824,289.70252594534566,281.9727389097194,284.1631774902344,613800
2022-11-16,284.0269554009283,286.48023665952985,282.88791392138205,285.6916809082031,578900
2022-11-17,283.5206534940471,288.0183494228702,280.80450125674435,287.9501953125,719000
2022-11-18,291.31858100051596,294.0639377673673,289.410473969035,293.3435363769531,875700
2022-11-21,293.63560207485534,296.72169986845984,291.1336272051503,293.7135009765625,607400
2022-11-22,294.4144703151749,296.02078622512647,292.90548347694926,295.7481994628906,834300
2022-11-23,295.7481483854232,297.39341346575526,294.61885207698833,296.18621826171875,493100
2022-11-25,296.7607020664657,299.9831089785613,294.5605476923912,298.9511413574219,263000
2022-11-28,297.17931079680585,299.9343832996071,296.6535971033303,297.18902587890625,930400
2022-11-29,296.18625516182345,298.7855889239078,294.1807891412246,294.71624755859375,718800
2022-11-30,293.52857723009254,300.8202959318112,292.7886860889716,300.1193542480469,1320000
2022-12-01,301.7938166939516,301.7938166939516,294.3560451444366,295.0472717285156,1023300
2022-12-02,292.0779062325844,299.77851750024126,291.64955146780466,298.6589660644531,807600
2022-12-05,297.1694738312303,303.2053603678746,297.1694738312303,300.56707763671875,980000
2022-12-06,300.8591357375415,302.0468412213321,299.30148481802144,299.8077087402344,859000
2022-12-07,299.84670250831323,301.07335761659544,295.3976712530995,296.0888977050781,788600
2022-12-08,295.2808779533456,298.5616637003086,294.61888581354566,298.45458984375,1000800
2022-12-09,298.3864657313187,300.18749928045213,297.04299173564374,297.5881652832031,698200
2022-12-12,298.5032679153435,300.38217056340204,295.913678852494,299.45733642578125,914900
2022-12-13,304.99668830362543,306.1356997729884,300.25561025362424,301.7840270996094,913700
2022-12-14,300.97599429685107,306.31093974849625,297.9677955998854,298.03594970703125,1150100
2022-12-15,293.37279479690966,297.73418309667056,290.67610206398933,295.62164306640625,1015900
2022-12-16,293.06127835776545,293.06127835776545,287.1909027874818,290.85137939453125,2138000
2022-12-19,289.0600715679019,292.10719056663703,287.3661119143145,289.19635009765625,890900
2022-12-20,290.8318880261278,292.516102988661,287.21036089938525,289.926513671875,564200
2022-12-21,291.6885654742865,295.0764548974867,290.4229904771411,295.00830078125,635500
2022-12-22,293.46035805221896,294.94985508630685,288.7192802283485,292.2044982910156,515800
2022-12-23,291.2893997027935,294.1515753344203,290.34507604596797,292.63287353515625,430000
2022-12-27,292.8471005299303,294.4339567104277,291.6301899264484,293.00286865234375,338900
2022-12-28,293.7329404984437,294.6285995476719,291.3964786744329,291.5814514160156,384700
2022-12-29,293.97638140614254,296.47835660337057,290.6663906837167,295.34906005859375,404600
2022-12-30,293.34361122217587,294.0542680044,289.0600918156419,292.1948547363281,433000
2023-01-03,293.0807228740094,294.00558676926164,288.65118038770225,291.493896484375,531400
2023-01-04,293.7329232374095,295.9525662962425,292.233681523634,294.7064514160156,587000
2023-01-05,294.11265125946653,294.8914918068825,290.62743265268307,292.3992614746094,578600
2023-01-06,295.3587835997815,301.0928501949808,291.9319447560502,299.1944580078125,688200
2023-01-09,300.07061361420165,304.0815451226095,297.6952023832511,298.22088623046875,709100
2023-01-10,298.3474930875991,299.4962791325651,295.8747524425395,299.1944580078125,558200
2023-01-11,299.50601490373276,304.052405734341,299.31132704398925,303.92584228515625,520900
2023-01-12,304.9090883008274,308.6376887747699,300.68394915610946,307.5083923339844,731200
2023-01-13,306.74900097893766,309.2899250631777,305.89229139819344,308.7739562988281,677500
2023-01-17,308.96868940820195,311.0423095588171,306.90481404825385,308.5500793457031,757700
2023-01-18,308.2872632178055,310.1466763879174,305.0843463413434,305.7755432128906,905200
2023-01-19,302.84522299261545,312.81417471543494,302.84522299261545,310.5166320800781,1154500
2023-01-20,310.55552712833617,316.7861022949219,308.5695210812687,316.7861022949219,985800
2023-01-23,316.26035151403545,319.6384955000548,313.4468705120387,317.3604431152344,627900
2023-01-24,317.7304422667738,319.3172982279876,314.56647513494164,315.7541809082031,490400
2023-01-25,311.8795659591535,314.5860036233694,308.3359377822923,314.371826171875,741200
2023-01-26,314.6150998990343,317.3701714438928,313.79731012253865,316.2408752441406,663000
2023-01-27,315.5400400450643,315.7250128294441,309.3484132933964,310.8476257324219,909300
2023-01-30,310.55555945319776,313.15489335224976,308.4137850903186,309.13421630859375,928300
2023-01-31,309.3682904823503,311.5138488106728,307.2129999085934,310.7921447753906,791800
2023-02-01,308.51979145795997,313.9616636261252,307.71031873937454,311.47479248046875,1181500
2023-02-02,312.732842340359,315.1417064997411,310.2557036664579,315.0051574707031,1531900
2023-02-03,307.2032461461878,310.4410779786612,301.91738672029595,305.8769226074219,1586700
2023-02-06,303.6630667856417,310.05096118418254,302.64880019224245,309.86566162109375,796900
2023-02-07,307.71033781391606,313.01569103158846,306.69610099452035,311.8843994140625,635200
2023-02-08,310.13872320043686,313.89340536737717,309.46579948856805,311.6990966796875,661000
2023-02-09,313.7373715430672,315.5513189884042,308.87086257428416,309.5242919921875,884200
2023-02-10,308.3052884788275,311.279784261715,307.49581562154054,309.9534606933594,673300
2023-02-13,310.47998012388564,313.4739990234375,309.29020597799325,313.4739990234375,515700
2023-02-14,313.6788066907305,313.71779518513387,304.6284759379461,304.7065124511719,763100
2023-02-15,303.21444793691586,308.0906893631397,302.5415242391197,307.271484375,467800
2023-02-16,302.7463078061472,304.27745470512696,302.02463362338347,302.5707702636719,758700
2023-02-17,301.5273147705615,303.1950110828335,300.05470981937276,302.59033203125,592200
2023-02-21,300.20087360458393,302.2683947892833,295.93904422178593,297.1385803222656,846900
2023-02-22,297.0996560308923,300.1911764712326,296.42673232374614,297.3239440917969,622300
2023-02-23,297.97739492310694,299.3719929474955,294.2324447585504,296.9436340332031,590100
2023-02-24,294.92484111776685,297.0703695142048,293.8228057800134,295.4709777832031,675700
2023-02-27,297.8311161450278,298.4747538831109,294.3397102884418,295.10040283203125,559500
2023-02-28,295.4124937848635,298.5137765263144,294.7395700138782,296.5242614746094,900800
2023-03-01,294.8273119163026,298.48449305028697,293.1108653801768,294.2421569824219,944700
2023-03-02,292.9743430245279,294.8468030786679,290.1461289296562,294.3201904296875,797000
2023-03-03,295.7440210107303,296.56322593934385,292.4476772841718,296.5437316894531,755900
2023-03-06,297.3823981646676,298.66973280901163,296.7972433479467,297.7724914550781,575100
2023-03-07,298.6697759963068,299.70353675836986,293.4814481732109,294.1056213378906,546900
2023-03-08,294.2031598099664,296.44621893449505,291.35542175550853,293.3351745605469,627500
2023-03-09,294.79803525723105,295.31491563124325,287.87376683694777,289.4244079589844,948400
2023-03-10,288.89782620065915,291.07261094899286,285.4259444945046,286.9570617675781,694500
2023-03-13,283.2998551177791,290.27290392733767,282.139307317257,286.1768493652344,1135800
2023-03-14,290.2534226675026,290.604527566189,281.3104115488197,285.32843017578125,1261800
2023-03-15,279.1551116992521,280.7545334711649,273.9375562100355,278.7747802734375,1514600
2023-03-16,278.4723863603138,292.6817303721577,277.08752078613395,291.61871337890625,1620500
2023-03-17,290.1559057930289,290.6240357596586,287.39596579713134,289.2489318847656,2935300
2023-03-20,289.9023286201415,294.17392107516457,288.70276245768986,293.0328674316406,1305100
2023-03-21,296.0365955350042,297.8408107569705,294.47622213870187,297.284912109375,1001700
2023-03-22,297.7530507087364,299.8303343121343,293.99833886917725,294.047119140625,1034600
2023-03-23,292.5257450560083,297.26543759833044,291.8138030690638,295.490478515625,957000
2023-03-24,293.58874046507526,301.6637947557523,293.4814476816067,301.50775146484375,895900
2023-03-27,303.0681546117148,304.6773082660259,300.90310231395716,301.50775146484375,726300
2023-03-28,300.4545040118499,301.76136301526,298.796599644167,301.35174560546875,573500
2023-03-29,303.1169069415382,305.0381471892172,302.4244890157679,304.95037841796875,507000
2023-03-30,306.30597112674457,306.83261353899826,302.4927764874243,305.2527160644531,517100
2023-03-31,307.21298512562475,307.64209677064053,305.1259394192099,307.4860534667969,606700
2023-04-03,306.7545804275438,310.63604925705476,306.4522558633019,309.231689453125,1135200
2023-04-04,309.21224387256757,310.96767902267425,306.08170495791614,310.95794677734375,908800
2023-04-05,311.9917067524274,314.87843356769076,310.05097203786346,313.6008605957031,738700
2023-04-06,313.29854853635965,314.6346340825596,312.5671122362748,314.0787353515625,465800
2023-04-10,312.528087636847,313.19127915477816,309.62186651119316,312.0307312011719,544400
2023-04-11,312.69387750260546,313.77638886543946,311.43579882069747,312.9571838378906,565700
2023-04-12,313.5813426238109,315.3660338941491,312.67433909736116,313.7958984375,527500
2023-04-13,313.12296633488387,317.0532156366355,312.3232556178488,316.9459228515625,761900
2023-04-14,316.49735891306483,317.84320645363175,314.1567687287924,316.4486083984375,465000
2023-04-17,318.4185372844472,321.74413721775034,317.8041261565231,321.6466064453125,837600
2023-04-18,321.83186944836075,324.6893392068962,320.6225713416134,323.65557861328125,1123500
2023-04-19,324.1530575120053,325.11854387299394,320.0375082060908,320.92498779296875,687300
2023-04-20,321.5783949602964,325.8304934218845,321.48089393096075,324.82598876953125,941900
2023-04-21,324.2798174113673,325.79144035122414,322.3780713469653,325.34283447265625,2028600
2023-04-24,325.7524415955564,326.4741456094148,323.21681970745044,323.3728332519531,700000
2023-04-25,323.22651338396844,325.67439596258686,321.1102413939475,322.2025146484375,947200
2023-04-26,319.1500611731295,321.8807449788132,317.4628706089834,319.25732421875,761600
2023-04-27,319.66687616049086,324.7966915751379,317.7748921392034,324.6211242675781,1144000
2023-04-28,320.26841771554194,320.26841771554194,306.5701067403339,317.7182922363281,1451100
2023-05-01,315.822749791833,319.9556966477686,313.45829712438734,316.0083923339844,815700
2023-05-02,315.2365473762493,316.29175200926636,311.1036004442122,313.5462341308594,724100
2023-05-03,314.9629562101354,316.41878622060585,312.5789730697946,312.98931884765625,865900
2023-05-04,312.63761520055044,316.3406267995527,311.9243553530609,313.3410949707031,699700
2023-05-05,314.23011815573153,322.4276101938749,313.7513715487986,320.86431884765625,1150400
2023-05-08,321.9586566094831,325.38812391497,321.7925742131942,324.89959716796875,919600
2023-05-09,325.2122638249584,328.7003519802574,322.7110092473703,327.2347717285156,780700
2023-05-10,327.34222658130216,329.3744847023821,325.0852354253383,326.10137939453125,647800
2023-05-11,326.3260760569822,327.72328516804555,324.00068404789937,327.5278625488281,539700
2023-05-12,328.7784691899747,330.5078429742187,326.5996293731492,328.4560546875,564700
2023-05-15,329.2572521062687,330.2245553549188,325.95480647859114,326.7657775878906,561800
2023-05-16,325.9254749246402,326.62895459743265,322.8477625376622,323.3460693359375,545300
2023-05-17,325.2904228421235,325.2904228421235,314.14223854653744,314.8359680175781,1340200
2023-05-18,314.3669358622616,317.23947528396303,312.77433402714024,316.7900390625,815900
2023-05-19,318.0406971768811,321.16725051451795,317.0050228429837,319.6137390136719,1274000
2023-05-22,317.933197960428,320.24880994841635,314.3278682164721,318.197021484375,639800
2023-05-23,316.68256892107865,316.68256892107865,305.83726933803365,307.18560791015625,885700
2023-05-24,306.198802431647,307.4884903557639,304.18604484392677,304.8504638671875,643000
2023-05-25,305.7884399536545,305.7884399536545,301.04972443978676,304.0492858886719,774300
2023-05-26,304.38148096036514,306.46260972235825,303.03314233612696,303.5412292480469,575800
2023-05-30,302.3980862954872,306.46263281052467,302.319935127854,304.70391845703125,536100
2023-05-31,302.94522489973883,303.47284217180635,299.84798180741075,301.2158508300781,1054600
2023-06-01,302.3785206787277,305.8665789291103,301.0301821102225,304.8699951171875,928200
2023-06-02,305.1337850376193,307.4103363076042,304.0297396692666,306.599365234375,824100
2023-06-05,306.66772845418666,307.81089398681496,303.9613014242673,305.2021484375,697700
2023-06-06,306.66780592470457,308.0942958191287,303.67802432076843,305.2120056152344,489400
2023-06-07,304.9188191341651,306.403959420219,302.173301400884,305.1044616699219,723600
2023-06-08,305.7298269674406,306.78503167167395,303.9808927809192,305.7102966308594,394400
2023-06-09,303.54124337062063,308.76845607596175,302.0658829497598,307.10748291015625,423900
2023-06-12,307.2638190355575,312.0318154355663,306.30629579771625,310.76165771484375,638600
2023-06-13,309.4328686551675,312.92092713869255,309.178825192728,311.6019287109375,591600
2023-06-14,312.35425598412405,316.9659499948152,310.8202747338475,315.5589904785156,759600
2023-06-15,316.31127934818693,325.21225192301154,314.6991470937323,323.46331787109375,1053500
2023-06-16,325.3881388675905,327.19569387801937,321.489704788913,321.8218994140625,1464200
2023-06-20,319.9361836515875,324.1765923052561,318.67577627533336,321.4017639160156,854500
2023-06-21,320.61034430460467,323.4144830307513,319.40855778598205,322.2810974121094,702100
2023-06-22,323.2777046424738,326.0623132348463,321.8023442343894,325.7398986816406,809600
2023-06-23,325.8668980154182,327.02959415653595,322.5840123115391,323.8248596191406,3128200
2023-06-26,323.6391874302583,323.9713820376978,320.9132296705116,322.8087158203125,788600
2023-06-27,323.63923929653515,326.9025948873963,323.4438464582427,325.98419189453125,571200
2023-06-28,325.3588446957239,326.2577471160008,323.043232463704,325.935302734375,643000
2023-06-29,326.33586177638495,334.48448420793414,325.30996755101626,334.26953125,1027500
2023-06-30,335.8328501464221,339.3990896696389,334.6603739499059,337.2789001464844,950000
2023-07-03,334.06435678635546,334.06435678635546,327.1761119060672,330.9182434082031,376100
2023-07-05,328.92510826106025,331.61200582267446,326.78535836297164,330.6935729980469,652900
2023-07-06,329.73607874716146,332.1787128885397,328.40727026924986,329.39410400390625,672200
2023-07-07,327.73309235011055,330.1659761675166,326.7267283026889,327.71356201171875,824800
2023-07-10,327.86984902116893,332.26658975601583,326.1502253255574,329.77508544921875,538900
2023-07-11,330.2440592966923,332.10045484998795,328.8566303066603,331.4360656738281,504200
2023-07-12,333.5660971416651,335.33456179383245,327.4204215739219,328.1239013671875,602800
2023-07-13,327.5864718441651,330.1952176141262,326.60941841706875,329.1204528808594,459300
2023-07-14,329.1985842424087,329.91184393553397,327.43012003107725,328.7882385253906,387300
2023-07-17,328.7785151143806,332.1493617430707,327.60603894336464,329.74578857421875,756700
2023-07-18,328.83713918285554,330.29293942541693,324.948455334049,326.9807434082031,1051600
2023-07-19,325.8766541150257,328.9446164310094,324.57718607384766,324.9582214355469,950000
2023-07-20,324.3231845401357,332.38387699291843,323.6099246555365,331.8171691894531,941000
2023-07-21,333.27296780055354,335.5592695015701,331.7878273396039,333.0775451660156,2135200
2023-07-24,333.1068768162959,335.63744206316414,330.9475967083358,334.7092590332031,674800
2023-07-25,334.2988593349632,336.30183696190113,332.9700808464353,335.33453369140625,522800
2023-07-26,334.69949355097043,335.93059068265416,332.5890541040744,333.4195556640625,520900
2023-07-27,334.15229979188365,334.9925514965969,328.7785054969849,329.3256530761719,968700
2023-07-28,327.1956537974448,335.79371195961403,310.4587239555254,312.4812316894531,1683000
2023-07-31,309.950733107291,314.54194565674106,307.64045832641835,311.7911376953125,811000
2023-08-01,311.3016488223189,314.94329194692875,310.33251173968074,312.76025390625,709100
2023-08-02,311.5952844704293,317.53743254288776,310.34224771562987,316.5780944824219,870800
2023-08-03,314.02306575614307,315.29567051250905,310.4695235579126,310.6359558105469,1464900
2023-08-04,308.1886184021843,313.2594993784317,307.8655528135881,308.4235534667969,854000
2023-08-07,310.64571306521935,312.24138334709414,309.0207057763649,311.5757141113281,829700
2023-08-08,311.84006135192925,312.1631269726724,306.42654628460866,307.5229797363281,1440100
2023-08-09,307.70887445112356,311.95748207951766,306.73973757665897,310.1758117675781,711200
2023-08-10,311.595325496467,313.748996706131,308.5312808262387,310.33251953125,633900
2023-08-11,309.74514997707564,314.1992969225432,309.65704932015996,314.04266357421875,505400
2023-08-14,314.49295740863346,317.0381668538061,313.2692875312417,315.4718933105469,574200
2023-08-15,314.5614605019705,316.0298643561711,310.78278225704224,310.861083984375,569600
2023-08-16,311.5561971233443,316.6858124702036,310.9100957447711,314.5125732421875,950000
2023-08-17,314.48318457528717,317.47872629363474,312.22184484427487,312.28057861328125,746200
2023-08-18,312.2805648059225,318.8198497140491,311.5952976981395,317.2339782714844,977400
2023-08-21,317.6745429402613,319.3778820847913,313.3182656255238,316.9305419921875,723800
2023-08-22,316.783702345703,317.615803938439,314.65939803540675,316.6466369628906,450200
2023-08-23,318.6436911043307,320.87566415117715,317.067618369935,318.99609375,486000
2023-08-24,319.3583425427557,321.6294516460118,316.1474332504699,320.1414794921875,425500
2023-08-25,323.0488518343907,327.2191283907193,321.9916141914604,325.07525634765625,1041500
2023-08-28,324.94797382675773,326.71984535465606,322.54956900459064,324.52703857421875,540700
2023-08-29,325.00678329168153,326.27938826430574,322.4909103595117,326.1815185546875,446600
2023-08-30,326.33809201811147,328.76586406342386,325.2906531984388,327.58135986328125,490400
2023-08-31,328.65813790443184,329.5391741790113,326.367431640625,326.367431640625,537900
2023-09-01,328.2861591325944,329.8622315873569,327.14079098786885,327.29742431640625,364000
2023-09-05,327.297479862173,328.53094886201717,322.3930006244669,322.510498046875,489100
2023-09-06,321.82521845593794,324.8599261106259,320.748382852693,324.65435791015625,541700
2023-09-07,324.84030152501015,328.2372104495744,324.4291651579212,327.3464050292969,515100
2023-09-08,327.74774814506003,329.24551897200917,326.2597762376529,326.42620849609375,750300
2023-09-11,327.1604386152407,329.0497780146111,325.32003406828125,326.1325378417969,805300
2023-09-12,325.20253653049576,329.9014171693563,324.51726941139947,327.9337463378906,760000
2023-09-13,328.36446783515777,330.88034031459114,327.05269728988685,328.2763671875,735300
2023-09-14,330.479024080396,331.72226213360847,327.3660145496778,331.6145935058594,773300
2023-09-15,329.5881680493968,332.29983991177835,327.0233604880406,329.0791320800781,1555700
2023-09-18,329.0106028102299,333.59201620599856,326.1031616408466,332.1725769042969,568400
2023-09-19,332.7599430287513,335.1876852236636,331.85930875096506,334.17938232421875,472900
2023-09-20,335.26603644831965,337.41967788029,334.2675025357646,334.8157043457031,442000
2023-09-21,334.4828466283787,335.6282148977856,329.7545988746355,331.0859375,837100
2023-09-22,330.6356477420197,332.8676207197957,328.7169414672053,328.94207763671875,705100
2023-09-25,327.5617984923056,329.19663494621545,326.13256013199094,328.4624328613281,507000
2023-09-26,327.4345021720322,327.5421707849603,323.7341255340974,324.350830078125,475600
2023-09-27,324.48785859598803,326.48489604076866,320.6797839028635,322.97052001953125,467900
2023-09-28,323.6656256085553,325.9563323424875,321.8839548572446,322.44195556640625,426600
2023-09-29,323.1272065787502,324.0082729462957,316.7445541229319,317.3906555175781,639900
2023-10-02,317.0773873322249,318.16402190560154,312.9658737600431,314.59088134765625,661700
2023-10-03,314.36574496202786,315.4915154676585,311.43873567243656,312.2904052734375,675900
2023-10-04,313.3280695074685,318.57515240921686,311.8204996216198,318.11505126953125,617500
2023-10-05,318.7806684190877,321.0713746073193,317.47866707454494,318.9862365722656,490300
2023-10-06,319.19181620810565,321.74685427423105,317.90941265327956,320.15118408203125,456100
2023-10-09,318.7122113731011,320.95395337841956,317.78221019202533,320.6407165527344,582000
2023-10-10,320.78752111925496,320.78752111925496,316.0494747464919,318.63385009765625,1061700
2023-10-11,318.79048729900563,320.6406905910996,317.1360831475237,320.4253234863281,698000
2023-10-12,320.4155535287377,322.2853249539968,315.716672476869,317.6255798339844,650700
2023-10-13,318.2521125440916,321.3161871289171,317.8018103306729,319.2310485839844,658000
2023-10-16,320.82671777088285,322.4811220613821,318.59474480422665,320.83648681640625,661400
2023-10-17,319.0842118455314,322.19722125993735,317.9486424624967,320.6407165527344,669200
2023-10-18,320.4351438318938,321.3064113099243,317.6060340080697,318.15423583984375,698900
2023-10-19,318.8394993046861,319.8869382255053,311.96734877178983,312.3589172363281,820600
2023-10-20,312.9756053286906,314.0916066555632,307.1607233749177,307.50335693359375,797700
2023-10-23,307.0824297630048,309.41230217390006,306.025162175407,306.8768615722656,498900
2023-10-24,307.8558127167527,313.7098310419981,307.7579131390407,313.03436279296875,617500
2023-10-25,314.0720073670454,317.4689163050035,312.094567505013,312.9168701171875,630500
2023-10-26,313.4944819020565,320.7777687551809,312.63301336839004,312.97564697265625,1059600
2023-10-27,302.50103207777346,306.4461430822167,294.0821762479517,300.4158935546875,1899200
2023-10-30,300.7389089790719,303.10794715561167,295.94212873291804,302.28564453125,1159600
2023-10-31,304.2326681604363,304.6642619029098,300.86822461129157,303.4871826171875,1369900
2023-11-01,304.6937363360319,306.89091942568683,303.59514479120446,305.7923278808594,880400
2023-11-02,306.0277316832357,315.15981131403595,304.811438178274,315.11077880859375,970100
2023-11-03,316.77830934814136,317.91611494567854,313.73754559114525,317.10198974609375,840000
2023-11-06,317.81804091483104,319.6228741415016,315.1205945823921,319.2991638183594,654500
2023-11-07,319.603252338821,320.6724483689635,318.45562824442584,320.103515625,785300
2023-11-08,319.9956460649589,322.6244231818868,318.12214321341185,321.2806091308594,614700
2023-11-09,322.04567510189383,326.44985975093437,319.3384102735863,325.4395446777344,903600
2023-11-10,326.9207048664851,327.7642555583738,324.8412236931662,327.6563720703125,613200
2023-11-13,327.6563328176786,329.77505770300723,326.3713699836796,327.2345275878906,790700
2023-11-14,326.61663539973506,328.79421154654807,325.28260995492485,326.95013427734375,934800
2023-11-15,326.2830788330609,328.58814507763947,323.0068817497388,323.3992614746094,1018300
2023-11-16,324.7725250845983,328.32334034684675,324.2624433777301,327.2835998535156,866600
2023-11-17,327.558255118509,327.6171060961118,321.8691077648408,323.4385070800781,1419100
2023-11-20,322.9873148499133,325.7632191484614,320.7607063131582,324.8706359863281,929100
2023-11-21,324.28206088649375,324.6744106829222,317.85721697429085,319.7012939453125,1166000
2023-11-22,320.3682905284239,323.8994985532911,320.13288663822294,322.6930236816406,618800
2023-11-24,323.49733788308185,325.03734154785013,321.3982499659543,323.713134765625,250500
2023-11-27,324.3311616193228,324.6450534962513,320.3585704513676,321.2806091308594,978300
2023-11-28,320.85874018942485,321.7317461862943,316.6997784152837,316.97442626953125,636300
2023-11-29,316.9842595350226,317.90629807467377,313.4922952533375,315.94451904296875,645600
2023-11-30,316.70965627092534,322.5949941948864,315.405056267863,322.2124328613281,1497700
2023-12-01,322.3988018895672,322.9186722049375,319.9662147237788,320.5252990722656,924400
2023-12-04,320.1427279821114,322.70283527404735,318.58311722937356,319.87786865234375,896800
2023-12-05,319.3187791534647,319.91710738547846,315.8366034357607,316.0916442871094,1190300
2023-12-06,316.5036311763619,317.7787755648618,310.65750814745803,313.47265625,1323400
2023-12-07,314.1200565922242,315.7385482801128,313.4432404151294,315.5423583984375,903600
2023-12-08,315.9838062203546,318.01422504573395,314.23779390634843,317.9063415527344,978900
2023-12-11,319.19125834388103,324.39977923585207,319.19125834388103,323.1638488769531,905100
2023-12-12,323.5659986563386,326.1163172177396,322.74205510900055,326.0967102050781,577900
2023-12-13,326.50876493584656,330.5794513945506,325.72406511286005,328.9119567871094,1180700
2023-12-14,328.9216781924577,328.9216781924577,310.1376493789489,311.9523010253906,1927200
2023-12-15,305.370564727036,308.21513864788955,301.70201718031393,304.49755859375,2907600
2023-12-18,306.70455638375586,310.28479747703693,306.5770359448256,308.0483703613281,872400
2023-12-19,308.0483935142845,309.15680364752467,305.91006118583357,307.0282897949219,968200
2023-12-20,285.4192593603765,291.34381084167535,279.40640147506275,288.4992370605469,2768400
2023-12-21,286.8415491486845,289.4114752061983,281.66245306658107,282.6825866699219,2082300
2023-12-22,283.5947527622852,286.21374076276373,279.5534930210936,286.0960388183594,1882200
2023-12-26,284.89942788337993,285.39966127947076,281.98618425098465,284.05584716796875,981900
2023-12-27,283.55553322271237,284.9484095316504,282.13326135951206,284.3304443359375,1051700
2023-12-28,284.4580052341165,286.82195293870456,282.95724523146333,283.78118896484375,1086700
2023-12-29,283.7811831684278,285.6448675226054,282.6629845296718,285.45849609375,773200
2024-01-02,285.87049454448913,287.25355260385004,282.2902531516415,282.5158386230469,1174200
2024-01-03,283.3691841202497,287.36138166466674,282.29998821509105,285.3309631347656,1244000
2024-01-04,286.7434181062773,289.6959051188104,284.94840346897354,285.1838073730469,903300
2024-01-05,285.5664257010866,287.0181233120507,280.39711777791405,284.05584716796875,867300
2024-01-08,286.28236361308245,290.27459062322356,284.8796989666119,289.8920593261719,1556700
2024-01-09,287.8322497052575,288.548309897311,284.6443584710728,288.3619384765625,826900
2024-01-10,288.40110510049675,293.61944415490734,287.8420208645295,293.5802001953125,1157500
2024-01-11,293.6881108603795,294.30607599715836,289.88225504318973,292.90338134765625,1078200
2024-01-12,293.89408113663586,295.18886234605804,293.19765803502196,294.5022277832031,755100
2024-01-16,294.03145377213394,295.1006197629106,292.24622765129686,294.58074951171875,817400
2024-01-17,294.80633690698454,299.04378687002213,293.7469893834116,297.4645690917969,1247400
2024-01-18,295.39488751792027,302.7711962298166,294.53169990828354,301.4077453613281,1488500
2024-01-19,303.10471621777367,306.7732338800568,301.67259579543094,305.6255798339844,1492500
2024-01-22,305.3901768502926,306.282790014598,299.9266143725873,300.5740051269531,1716500
2024-01-23,301.8785547948025,303.41852852241885,298.435623154108,298.6416015625,1069900
2024-01-24,299.93642945437387,300.9271375583211,297.2095574840733,298.2492980957031,1070000
2024-01-25,297.0623988365297,297.94519342275964,290.74546789645456,293.9823913574219,1845300
2024-01-26,294.0608915819857,296.13055419921875,292.11871946354927,296.13055419921875,1565600
2024-01-29,295.7970557554548,296.57196689586266,291.32420171975986,292.6876525878906,953500
2024-01-30,292.72685837437433,294.2276181738988,291.618448404158,293.08978271484375,1066500
2024-01-31,294.04810332062794,296.65281541293217,292.7604903618642,293.33056640625,1330100
2024-02-01,291.33531809745665,295.3947523452807,289.5464097855147,294.8738098144531,1647300
2024-02-02,290.195124362873,295.61098272239553,284.7596185487364,287.4036560058594,2060000
2024-02-05,287.315204976015,293.39943690481925,287.0399906236541,291.5417175292969,1412200
2024-02-06,290.254069883783,295.89600843218494,288.6912424972251,295.6895751953125,872300
2024-02-07,296.937921673337,299.2969060667586,295.2276332413123,296.7216796875,979100
2024-02-08,296.34812487469793,302.13749401748055,295.99429076551746,301.9310607910156,1560600
2024-02-09,302.3734250528725,307.21917724609375,301.4298373023732,307.21917724609375,1085300
2024-02-12,308.22171907957926,309.6174681661094,304.31955486824444,304.7323913574219,955600
2024-02-13,306.4819869022665,308.1627591123999,304.68326997508706,307.19952392578125,995800
2024-02-14,307.19949692402656,307.69095319926356,301.72466681882037,303.19903564453125,912800
2024-02-15,303.3366437925602,310.17773710165375,303.1597267232161,308.99822998046875,1338500
2024-02-16,305.96101679536906,309.5781277735783,305.66615502936145,305.92169189453125,520000
2024-02-20,304.7127368013993,310.2956730251609,303.74947167984647,310.1089172363281,1390800
2024-02-21,309.7157314441545,309.9417821192325,304.2409016785119,305.96099853515625,643400
2024-02-22,307.67130151538197,311.9961410965211,305.7054762498144,309.9713134765625,604800
2024-02-23,310.58073274855076,310.7576498166875,308.7033660914681,309.9320068359375,558600
2024-02-26,310.8067731034549,311.57344370264224,308.6935170925253,309.05718994140625,851100
2024-02-27,308.6345610419267,310.0401188819997,307.7990793201385,310.0008239746094,844500
2024-02-28,310.62000369835476,312.27131952860765,309.64692990253997,312.23199462890625,470700
2024-02-29,311.49483845267747,312.5662095967303,306.33454725650506,310.5905456542969,1149200
2024-03-01,310.6397262577304,310.6397262577304,306.6392645222582,308.86065673828125,587100
2024-03-04,308.1528873673642,310.91486891246143,305.2532836831142,310.61016845703125,911600
2024-03-05,309.6567562824796,311.1507724543701,307.29777232829673,309.81402587890625,499600
2024-03-06,309.62733823609096,312.5760763266659,307.985860834047,311.6717834472656,650400
2024-03-07,312.55633871464994,313.03798624076165,310.19735469546816,311.278564453125,521300
2024-03-08,309.9615137226991,312.5760650011434,308.6345756307962,311.33758544921875,653400
2024-03-11,310.60040400255644,312.6252017049093,308.97860409480387,312.5367431640625,554400
2024-03-12,312.5858459624967,315.8589616315046,311.6324195659405,315.1119384765625,533100
2024-03-13,315.868752781464,315.868752781464,312.31061426123074,314.8072204589844,807900
2024-03-14,315.61321565929967,315.61321565929967,313.2345541664696,315.0038146972656,691200
2024-03-15,312.54655480881615,318.2769219853291,312.53671608420314,313.5392761230469,1524900
2024-03-18,313.5589944249987,316.00643748357953,312.27138116962266,314.3158264160156,722900
2024-03-19,316.0653534170174,317.5495609486101,313.7063693243122,317.2546691894531,883000
2024-03-20,317.17607211626023,321.6483124876142,315.52478613263224,320.4983215332031,752400
2024-03-21,320.085483626511,322.70003475377194,318.4735225532589,320.94061279296875,831500
2024-03-22,321.80558647125935,323.8991951556775,320.6162705974486,321.2060241699219,980400
2024-03-25,322.40515810761144,323.64360753471624,321.08805887795705,321.98248291015625,1084000
2024-03-26,321.2551139600154,325.4914643833645,320.1739042240555,324.2825012207031,985200
2024-03-27,325.96333083222754,328.31247649595116,324.42998947950815,328.08642578125,710800
2024-03-28,329.27570499199066,330.3175898976496,327.8799559695568,328.017578125,732100
2024-04-01,327.3098651343217,327.3098651343217,322.739327971758,323.9581298828125,527200
2024-04-02,324.6068559332265,325.4718237400869,323.5551323500617,324.0072937011719,701600
2024-04-03,323.5748776357964,324.10562890446244,316.37011064015337,318.9256896972656,1381400
2024-04-04,320.252590154344,320.252590154344,307.9563439440526,309.3913879394531,2153500
2024-04-05,310.8559439615172,315.08245608170876,309.61746450474254,313.5392761230469,752900
2024-04-08,313.88329956957557,315.49529059825124,313.06749532679754,314.374755859375,771500
2024-04-09,315.4363070074719,315.4363070074719,312.2909748663462,313.9422607421875,716700
2024-04-10,312.46790019940005,314.0110801343329,309.80421553194356,310.6003723144531,803600
2024-04-11,309.2636378296678,310.8461127327186,305.5973629978877,305.6858215332031,846500
2024-04-12,304.08367657273186,307.10122555611025,301.498611547706,302.7370910644531,742200
2024-04-15,306.7670396341585,306.7670396341585,299.59175939510953,299.96527099609375,958400
2024-04-16,300.45673618327004,301.5084599336954,298.60885557402923,298.8545837402344,1230100
2024-04-17,299.9161263816701,302.7567281971642,298.6186745508442,299.5819396972656,833400
2024-04-18,302.32428344718767,306.688418355837,302.32428344718767,303.4251708984375,637000
2024-04-19,305.7545856828305,305.7545856828305,303.7887607657137,304.8896179199219,823300
2024-04-22,305.68582739955036,307.8777333592475,304.09351374109156,305.7054748535156,938400
2024-04-23,306.6687501003031,308.4281721616494,305.27300092399236,306.5311279296875,620900
2024-04-24,305.7153066948931,305.7153066948931,302.45202964336653,303.5528869628906,849300
2024-04-25,302.452042983714,302.8845269491902,298.80544545292076,300.7712707519531,1365400
2024-04-26,266.25139816564086,280.99508873155173,263.47957714018196,280.15960693359375,4566600
2024-04-29,276.4540044206274,279.54033435255286,275.0779027989403,276.2377624511719,2879600
2024-04-30,279.0211730734011,284.50918452942875,277.2378204207476,277.8585510253906,4389600
2024-05-01,277.0407608037677,281.947461381338,276.74518911104155,279.6320495605469,1819700
2024-05-02,279.79957763384306,280.2724923716174,275.20817328851,275.9668273925781,1300600
2024-05-03,273.8287617891813,276.76487406065667,271.2374731242241,275.84857177734375,1750900
2024-05-06,277.3461872402983,281.49423364628916,275.44460591023415,281.2676086425781,1783200
2024-05-07,283.23814379618,284.1840031785222,281.6419966921252,284.1051940917969,1541400
2024-05-08,285.4550524538991,285.5437239617169,279.00148659328744,279.6320495605469,1980600
2024-05-09,279.71087518177666,283.82933426546117,279.40541102297436,283.3465270996094,2354900
2024-05-10,284.4697515281342,289.9774574804744,283.4549153699808,288.7852783203125,2289000
2024-05-13,286.6571226089652,288.7853292131079,283.29731704883716,284.33184814453125,1829700
2024-05-14,283.8686938857551,284.39092057651516,281.91786087697363,283.6815185546875,890800
2024-05-15,282.77508792665515,284.70622644946076,281.8095036310871,283.553466796875,1259700
2024-05-16,284.253019805493,288.9922098619482,283.18893160959743,287.72119140625,2444500
2024-05-17,288.8641013979995,288.8641013979995,285.75061602698696,288.1448669433594,1498200
2024-05-20,288.3123476021029,289.7212894115756,287.2187023015322,288.6473388671875,1145700
2024-05-21,289.1793833761398,289.3074744556887,285.55356391170665,285.7112121582031,956700
2024-05-22,281.4942167321524,284.5091680067588,280.2428931832941,280.45965576171875,1579500
2024-05-23,279.5334995706171,279.7502621555988,274.685943678595,275.18841552734375,1548700
2024-05-24,275.2869935741421,277.50387170253356,273.552922684623,276.61712646484375,1721800
2024-05-28,274.6070958544654,277.11957529224634,273.66123645363155,275.1490173339844,1729700
2024-05-29,274.1440325287262,275.385493750325,271.6808349102081,271.7596740722656,1128600
2024-05-30,271.50348546789894,274.3903457920317,271.020708367969,272.8336181640625,955500
2024-05-31,273.7893294280542,277.4939880371094,272.68582177471734,277.4939880371094,1823200
2024-06-03,276.6368216666045,279.622216348219,274.4987827065102,277.11962890625,1482900
2024-06-04,277.55309011929245,281.9572881948373,276.4101629378356,280.3118591308594,1044700
2024-06-05,280.6862992717004,281.7602498230144,278.8438322676879,281.3759765625,1207400
2024-06-06,281.96711060969824,282.58784113252653,279.0014415437672,281.5040283203125,1702600
2024-06-07,282.14447321637886,282.66669993940525,278.81425553392876,278.9521789550781,889300
2024-06-10,279.38570685219247,285.5240057592961,279.0999675271333,282.6371154785156,2081300
2024-06-11,282.8834495376537,290.07600454004034,282.4795115931033,289.37646484375,3730600
2024-06-12,289.59321044853493,291.69182941431336,287.0314790920276,290.6376037597656,1899800
2024-06-13,291.15977744985923,292.1154991858844,289.8887592493395,291.07110595703125,1352500
2024-06-14,291.07109158664485,291.59328817529024,290.32227003752155,291.0415344238281,860500
2024-06-17,290.6573094078079,295.6822383976765,290.30262339522693,295.59356689453125,1971500
2024-06-18,295.652675777974,297.4360283566662,292.3519851251198,293.3668212890625,1633600
2024-06-20,292.62781436660873,293.34707874166867,290.0562510367885,292.2238464355469,1613000
2024-06-21,292.45052227569465,294.6378428754753,290.42084992534217,293.0810852050781,5490700
2024-06-24,292.9136160865438,294.76594550447567,291.16965293090385,294.0663757324219,1777700
2024-06-25,292.8347585198327,294.01710532838524,287.81969209768545,288.5093994140625,2607100
2024-06-26,286.8442865793819,289.28775931100824,281.149375033097,284.5190124511719,1534300
2024-06-27,285.63238191396323,289.2779263156732,284.2529972994861,288.48968505859375,1001300
2024-06-28,288.48966233851564,290.4109683037338,287.3467652253362,289.2581787109375,1312300
2024-07-01,290.0661326479654,291.1302508101242,288.7852819706091,289.1695251464844,1020300
2024-07-02,287.4256027873303,291.51450479017353,287.4256027873303,291.21893310546875,989500
2024-07-03,290.8839445920203,291.64259863549347,289.4946975241043,290.4306945800781,840900
2024-07-05,290.87407572974473,291.52436349615795,288.06602448742905,291.504638671875,535400
2024-07-08,292.48009592643444,295.6625280568589,291.8101133798536,293.7215270996094,1199800
2024-07-09,293.7215038042033,293.7215038042033,288.23352270933435,288.8443908691406,1170800
2024-07-10,289.7902609402376,291.0908364647815,288.1448618128947,291.061279296875,921600
2024-07-11,290.4504261614035,294.95312867017674,289.6819096876926,292.4308166503906,1031200
2024-07-12,293.5244788661654,295.68224234314647,292.77565718295233,293.7412414550781,1677400
2024-07-15,294.381649864874,295.4063484142365,292.4899010097685,292.93328857421875,958100
2024-07-16,293.53433194857854,294.7856254498815,292.53919053997294,293.3668212890625,1093100
2024-07-17,293.8594736939402,297.55427009411545,293.6525735146628,296.027099609375,1199100
2024-07-18,294.32257310305744,298.3720557595402,293.4850798568145,295.2684326171875,756400
2024-07-19,296.9926050467486,296.9926050467486,291.43564780909276,291.81005859375,883400
2024-07-22,292.26327898023806,296.41129464583474,292.19430224224124,294.71661376953125,908500
2024-07-23,295.0220525775225,297.7315695411978,293.9382397783873,294.0367736816406,1117300
2024-07-24,295.5837013624839,297.2980772085211,292.68697868366525,293.8102111816406,763200
2024-07-25,295.3274819670446,299.3080170626926,293.81017414053673,294.54913330078125,2854000
2024-07-26,302.4806241723406,318.68847420499674,299.6430161118438,318.2450866699219,3070400
2024-07-29,313.7030070774783,316.5110282787499,310.38259146481687,314.5897521972656,1757000
2024-07-30,317.51604557828404,324.92533342678183,317.4667635833418,323.900634765625,1705200
2024-07-31,323.2503184120488,325.1026477276362,321.6541712562043,323.67401123046875,1326600
2024-08-01,325.81150299115455,325.81150299115455,320.5294013863113,323.6591796875,866300
2024-08-02,324.77487267776473,327.2924952041626,321.78333161911723,326.01885986328125,1649700
2024-08-05,329.0104155509593,329.70154300827346,318.8510407880279,320.8947448730469,1192600
2024-08-06,320.6577774642108,326.7099781814821,319.2064340130377,319.2952880859375,1313500
2024-08-07,320.7466421847694,326.6211349512536,320.45046193193804,321.8623046875,873300
2024-08-08,320.42084235397226,324.09362812248105,320.42084235397226,322.7903747558594,1022800
2024-08-09,322.8496033845017,326.52238906858076,321.990650544959,325.2586364746094,1460200
2024-08-12,325.2586599932666,325.3376313541207,322.0104091349695,324.6860046386719,806700
2024-08-13,325.62389678953815,326.39399546418673,322.18805570944096,323.44195556640625,675300
2024-08-14,323.4420183864971,326.9963322406821,322.18811828599473,326.7988586425781,654700
2024-08-15,327.41096356493506,329.56328704678606,325.604203792429,327.25299072265625,1430200
2024-08-16,327.351769594359,330.43216508916413,325.81157184695644,327.8355407714844,620600
2024-08-19,328.0033372278523,330.50122428986714,327.93421846351004,330.13592529296875,909600
2024-08-20,330.74806264182905,333.07809423255264,330.11617128352134,332.45611572265625,944400
2024-08-21,332.7227177443189,334.36165225447485,330.76783751721297,333.7791442871094,575200
2024-08-22,333.87781924264505,335.5858420811693,333.06821979177107,335.32916259765625,476500
2024-08-23,335.6845833229893,336.4744173493016,329.5040281177785,332.5449523925781,449400
2024-08-26,333.58162781215935,335.5266250699542,331.9328409247792,333.44342041015625,395700
2024-08-27,334.13452480296087,336.6027939578394,332.9102729438175,335.9413146972656,542600
2024-08-28,335.33906272626956,338.26148515541934,335.0132644343681,335.2403259277344,1064800
2024-08-29,335.6846014530903,341.1740295840806,334.49982021939576,339.1006774902344,943700
2024-08-30,339.396892100435,341.0456790258086,335.6056342876205,339.3573913574219,1017700
2024-09-03,340.35458243224383,345.3997101412872,340.13737354058753,341.9046325683594,923100
2024-09-04,342.90181627532263,345.4293214397949,342.02312813771323,344.1260681152344,866000
2024-09-05,345.38985056324645,345.38985056324645,340.71002155612433,344.3729248046875,663600
2024-09-06,344.95545557055163,345.8341437655193,342.10212182356275,343.6127014160156,954800
2024-09-09,344.5506592189689,346.56474527543656,342.87222404167204,346.0414733886719,723600
2024-09-10,346.5055112481791,348.0160908644805,344.4321589965276,346.604248046875,656100
2024-09-11,346.4265230960711,346.4265230960711,334.9836307164594,340.4236755371094,1069700
2024-09-12,340.1274961916559,344.80732495911855,339.258660611315,343.83978271484375,742200
2024-09-13,343.58305716029577,345.2812274985964,341.3517322623488,343.4349670410156,478300
2024-09-16,345.55767743035886,349.05275494712123,345.21211372688083,346.2389221191406,524600
2024-09-17,346.10066340710665,346.10066340710665,342.04284367724443,344.767822265625,518500
2024-09-18,345.35041396616856,346.5647833125662,342.9216150128857,344.8764953613281,569800
2024-09-19,345.23190501555445,345.55770330708094,339.62397424575954,342.566162109375,1154200
2024-09-20,342.64510151668514,345.15287133757676,340.50266082890874,342.6253662109375,1581600
2024-09-23,343.58304643931075,346.73256010875673,342.01323096344925,344.096435546875,852800
2024-09-24,342.1119880122557,343.5929495070347,340.4532882391218,343.0202941894531,679100
2024-09-25,344.4716652317726,344.76787563258097,341.8553057409586,342.5168151855469,828000
2024-09-26,341.87502578229373,345.22201334144705,340.6803919040316,342.7340087890625,471500
2024-09-27,342.1120131122209,345.42935264139675,341.7269486328124,343.2572937011719,526500
2024-09-30,343.2572408994442,343.2572408994442,339.54495474287097,341.5985412597656,1123200
2024-10-01,344.4518723740233,346.9596420567205,341.04564918039455,344.0766906738281,1038800
2024-10-02,343.4843153144576,345.3404584627465,341.35172723750264,344.2939147949219,673600
2024-10-03,345.54783370522716,345.54783370522716,341.84542960067876,343.0894470214844,745400
2024-10-04,342.9413588822611,344.38281978556614,341.6381053986058,343.6522216796875,568000
2024-10-07,342.7438501051937,342.7438501051937,337.5802502971843,339.54498291015625,946100
2024-10-08,341.7071884294659,350.64231073377294,339.2487718583132,349.477294921875,1236500
2024-10-09,348.7170928433957,355.5887460216155,348.1543202212801,354.47308349609375,1072700
2024-10-10,355.31229877670455,356.3687252436317,346.7918285317272,349.19097900390625,898200
2024-10-11,349.9512061946793,352.37997456055643,348.7269242285132,350.6423034667969,584700
2024-10-14,351.3136819297971,354.867995638372,349.8919865766067,354.0287780761719,725500
2024-10-15,354.2361050005636,358.51113368456913,351.88630807341684,353.3475341796875,1175800
2024-10-16,351.61977474128173,355.1642057283395,351.15573892234994,353.8412170410156,920700
2024-10-17,356.49703835759584,358.84683542071684,353.14019832323964,354.1966247558594,756500
2024-10-18,355.3221993201081,355.3221993201081,351.93571085091844,353.3870544433594,1529000
2024-10-21,352.24174490729513,354.80875086316007,351.54076490138885,352.89337158203125,776300
2024-10-22,351.55066272334176,352.6367072278949,347.660667944459,351.6197814941406,1154700
2024-10-23,350.9088940571584,355.6479586688393,350.9088940571584,353.7424621582031,777500
2024-10-24,353.48578615641685,355.43078359407184,351.7777329328142,352.3207702636719,1119500
2024-10-25,377.42801680230724,384.2700524840764,370.072561791761,370.6748352050781,2302000
2024-10-28,374.7326150006941,375.87789551628657,365.7876098993275,366.99212646484375,1020000
2024-10-29,366.29111358100056,369.7861908640348,365.83696052892964,366.24176025390625,700600
2024-10-30,366.2418048621325,368.41386373285513,363.44770718679234,364.78057861328125,874800
2024-10-31,364.78059872736895,367.50557778242535,361.8680287877838,362.2135925292969,1032200
2024-11-01,361.70416596581765,364.53308653931396,359.9534210172788,360.4578857421875,734500
2024-11-04,362.35698298983505,362.35698298983505,358.21253614110043,361.66461181640625,1137600
2024-11-05,360.21059855374597,365.0078430943876,359.6269867270315,364.69134521484375,608800
2024-11-06,382.30766903211355,384.50353322836065,370.9327030990571,377.134521484375,1677200
2024-11-07,377.1345109660196,377.9060291655738,374.4243114265708,375.7398376464844,1080900
2024-11-08,376.946635682881,382.7528098993695,374.9189361652442,379.6073913574219,776800
2024-11-11,379.96344698831484,384.2463557212592,378.59844622781344,379.2117004394531,1055500
2024-11-12,380.88335144088154,382.66376894964213,378.11377620019294,379.4886779785156,1791100
2024-11-13,377.87640847676494,383.71225516619296,377.79729155204524,382.7132568359375,908700
2024-11-14,379.6864712225947,380.44811872363607,371.9910604078365,372.23834228515625,1372400
2024-11-15,372.48564132306984,377.58954312838085,372.48564132306984,375.16619873046875,1790400
2024-11-18,372.9011379990235,376.85764874702375,372.1790639206321,376.37298583984375,972000
2024-11-19,374.51337449439006,377.1642291220832,372.8911907997918,375.0277099609375,748400
2024-11-20,377.69837647245595,377.69837647245595,371.3976385506475,375.9476013183594,782000
2024-11-21,377.5401100463147,379.22163901384687,373.86055422548264,378.4599914550781,758800
2024-11-22,379.11278894760954,383.1583168211788,379.0732153953883,382.01092529296875,755600
2024-11-25,382.25822262944496,386.48181656594267,381.94172475620184,385.4827880859375,1910000
2024-11-26,385.75976765820184,387.99520571485,379.20184677828775,386.0070495605469,974600
2024-11-27,386.4224411055849,391.0317485417936,384.8695037366397,389.0337219238281,620300
2024-11-29,387.7280787651428,390.2998163003054,386.40265153846286,387.2829895019531,463000
2024-12-02,387.7380253471197,388.0347515575124,381.6647672976616,383.4946594238281,856800
2024-12-03,384.661792301952,385.6904631263092,379.3106091225423,381.36798095703125,2140800
2024-12-04,380.10191972871405,381.99115690203257,377.3719181316583,377.8467102050781,1190500
2024-12-05,378.3512139942907,378.3808866153347,374.3650309098879,375.6014404296875,851300
2024-12-06,374.60237076658285,377.668672076323,373.1483521234422,373.89019775390625,967100
2024-12-09,370.7744730516679,372.3669539390275,362.999914709381,363.9000244140625,2650500
2024-12-10,363.1680819609627,363.1680819609627,354.1670150433139,357.3619079589844,1113800
2024-12-11,358.3807202701216,359.1027641012249,355.05723582830296,358.6873474121094,870000
2024-12-12,360.68534554642787,361.6942749396845,358.4103643158098,358.7763366699219,967500
2024-12-13,358.0641608439172,358.716988626865,354.4142778944859,357.2629699707031,1082900
2024-12-16,358.5587402006306,360.67548766643654,356.26395701876,357.81689453125,783900
2024-12-17,356.0562643611636,356.5409272270507,352.27778967415856,354.9781188964844,1072600
2024-12-18,354.9781348373131,355.48259959680706,348.52900325902493,348.7466125488281,959800
2024-12-19,349.4489098873582,352.4657370934612,349.14228273601447,349.9039001464844,811200
2024-12-20,350.7940961367545,359.1423354678661,349.30053399204894,354.57257080078125,2109400
2024-12-23,352.366784407971,355.12645869046264,350.8435497335117,354.3846130371094,674300
2024-12-24,355.38362242088397,357.6981771127303,352.811884923574,357.6783752441406,282600
2024-12-26,356.52116051248566,358.0147528728767,356.2244343018421,357.5300598144531,267300
2024-12-27,355.4429918211366,358.20266614302295,354.2758285544525,356.4617919921875,485500
2024-12-30,353.60321082184663,356.10570240531223,349.8841116273175,354.0780029296875,444400
2024-12-31,354.25600696909737,355.79904344936233,352.99982591494364,355.2550354003906,524900
2025-01-02,356.62006076295177,356.62006076295177,350.2500768290281,351.1205139160156,484000
2025-01-03,352.4459329997474,353.4746039096379,349.65658608680224,350.1313781738281,925400
2025-01-06,351.140244941068,351.140244941068,344.35484511954746,344.6812438964844,771900
2025-01-07,345.6308073542091,348.0343798808936,344.50321772601853,344.6515808105469,1110900
2025-01-08,347.47065032987484,350.0423881808667,345.6110855732226,348.6180419921875,1481400
2025-01-10,344.47358197539364,349.3994180235586,342.30739015212407,345.7099914550781,971300
2025-01-13,344.1570507916089,352.3964702079706,343.95921320233725,350.8237609863281,1172000
2025-01-14,352.01070978200397,359.1324098779574,350.26983567185295,358.70709228515625,1077500
2025-01-15,361.62500844946146,362.6438085343846,357.173934842089,357.2530517578125,909100
2025-01-16,357.7872177183443,364.9089481352367,357.7872177183443,364.10772705078125,728500
2025-01-17,364.52319998113495,365.0474364114265,360.9029892756999,362.1888732910156,860000
2025-01-21,363.7318934627481,365.47273746574416,360.2106017160209,364.07806396484375,1338500
2025-01-22,364.157201219438,366.74871056209656,361.179917644389,363.3164367675781,885300
2025-01-23,363.810983817457,364.7011925314208,356.82774607354094,360.70513916015625,1443200
2025-01-24,359.62698312676326,365.3342684374015,359.2412390769587,365.1463317871094,1055200
2025-01-27,366.96631938071994,373.54401152114343,364.90894736782064,372.7032470703125,1253500
2025-01-28,373.5143283351715,373.5143283351715,366.24423504426386,367.44110107421875,1099900
2025-01-29,366.18486747805616,367.47075128388104,362.36684998243527,362.7525939941406,952300
2025-01-30,365.69031678672974,368.11369121757593,361.417308960476,368.1037902832031,2370000
2025-01-31,367.0157490504667,374.4045327281904,365.274905166123,366.78826904296875,1351200
2025-02-03,366.72382796225656,372.51089314153415,362.1259226339699,371.4803161621094,1337100
2025-02-04,372.23342388604163,375.3251245028286,372.1937781691845,374.0368957519531,964900
2025-02-05,376.55390084528875,379.77442762883396,374.44321229938726,378.9222412109375,962200
2025-02-06,380.51763783856035,382.0634883230135,379.81408504852936,381.2311096191406,828700
2025-02-07,381.0131011372932,383.9660874242219,379.8933438818948,383.0048828125,851500
2025-02-10,382.8562061277573,383.4904166812752,379.6455983628381,382.1031188964844,686400
2025-02-11,382.44003110991883,383.12377613113466,378.4763058812237,380.7158203125,1040700
2025-02-12,379.7249128120106,384.34262638102115,378.7735969240884,383.2327880859375,818200
2025-02-13,383.6291523332375,387.22620749683466,381.02299821418615,386.7505798339844,573600
2025-02-14,386.5226656572915,387.8604289784485,383.0444870704481,383.4804992675781,740400
2025-02-18,382.49946793804907,389.1585272423547,381.50853667396086,387.5433044433594,1029700
2025-02-19,388.24686567724086,392.0619571757072,387.6027663896402,391.2890319824219,854300
2025-02-20,390.0702397511104,390.4269605293989,384.8480120670584,389.5054016113281,667900
2025-02-21,388.2567865660474,390.19900342826963,385.0164521323538,386.0271911621094,1751200
2025-02-24,387.24603436402896,392.5574113855919,384.98671230785607,388.6234130859375,1280300
2025-02-25,390.05040852622784,394.48979203594774,388.45502350542563,393.964599609375,1530300
2025-02-26,393.3997398250982,396.5905399320531,391.4277961463637,395.6095275878906,1504200
2025-02-27,396.1842381356948,404.5576196642279,394.2420212673715,400.33624267578125,1095400
2025-02-28,402.6253059409035,406.27192597449755,396.461711863755,405.4098205566406,1641900
2025-03-03,406.4304613713465,409.22489485887223,402.0505620170589,405.6080017089844,2089200
2025-03-04,406.33136703760425,407.4511242439481,400.1380464191746,401.01007080078125,1484200
2025-03-05,398.8102244425518,403.3090612591637,393.697015024716,400.4056396484375,1459200
2025-03-06,398.45347345214685,400.16776521119834,395.32212698068014,397.9580078125,907900
2025-03-07,397.37338540092793,400.1677887901646,394.7275854233542,399.43450927734375,1300600
2025-03-10,398.87954809944404,403.37838436570445,392.70603562977186,395.37164306640625,2097600
2025-03-11,395.7680664017395,397.987742836559,391.9925903273809,396.1148681640625,1770400
2025-03-12,395.13385948551576,396.08514507477753,388.69280597666096,394.67803955078125,1573900
2025-03-13,394.68791611939287,396.84816928948885,389.2873587962097,390.6251220703125,918400
2025-03-14,391.7151519615719,396.1446163215687,388.6829044389781,395.17352294921875,742900
2025-03-17,392.7060576451315,394.3906529323779,383.64896139095765,387.434326171875,1825600
2025-03-18,387.9991227199374,388.4252461447219,384.1840615619563,386.5127258300781,1584600
2025-03-19,386.25513685107654,388.2766150184268,384.28316291374676,386.83978271484375,933300
2025-03-20,386.6316981374844,391.7647152727133,385.2146433239501,389.6044921875,855300
2025-03-21,388.73243716313164,391.4178524428408,385.412811353743,386.8100280761719,1359500
2025-03-24,389.4657183295117,391.26922051024434,387.5036635156662,389.5846252441406,1143600
2025-03-25,390.3674550451455,394.9356335452523,388.9900461061619,392.5475158691406,839200
2025-03-26,393.6771717302537,395.80766790173476,391.1899245781626,393.1321716308594,884100
2025-03-27,395.0942275791641,396.4419099318248,391.83408523178514,395.9167175292969,1528000
2025-03-28,395.9166914715018,398.83992059852545,390.2782900776823,390.971923828125,1142300
2025-03-31,392.8448022947149,397.3634465494276,390.6647413644487,395.47076416015625,1339100
2025-04-01,394.7969623660049,397.39319766173463,392.1115468777682,395.1933288574219,765700
2025-04-02,394.271766625882,394.271766625882,386.6911479186603,392.43853759765625,1013700
2025-04-03,388.72251292667954,396.9571492666489,387.83068084207486,390.71429443359375,1219100
2025-04-04,385.8983699292575,392.1610630197393,370.3803821010179,372.35235595703125,2392000
2025-04-07,368.11118264860255,372.5505356684745,355.248883053309,361.04583740234375,1861900
2025-04-08,370.2813149933456,372.9766493594794,351.9788125335026,356.96319580078125,1950400
2025-04-09,355.3876103251147,371.3713065389498,348.1736015440549,369.9840087890625,2952300
2025-04-10,367.7841504474228,370.5488572756851,359.4999791936443,365.6734619140625,1427700
2025-04-11,367.1202537556964,373.7793135705973,362.0268521521426,372.887451171875,1759600
2025-04-14,376.44489667465837,384.1741485253684,374.6215565162534,380.8545227050781,1536700
2025-04-15,380.8545483581286,382.94542921499254,375.4242337172326,375.6719665527344,845600
2025-04-16,378.3970233328472,378.85287351825104,367.88325643229035,369.43902587890625,978200
2025-04-17,370.7172853735763,370.7172853735763,358.98466268752014,364.07806396484375,1562800
2025-04-21,362.4330988608314,362.4330988608314,347.99522352264523,352.72198486328125,1363900
2025-04-22,357.6766817210122,366.2383128320688,354.485881574708,365.1780090332031,1811300
2025-04-23,367.00132274068136,368.3589241016123,362.57188860755883,365.4851989746094,1145300
2025-04-24,361.68001797476376,364.0483583789807,359.83690020883836,361.7394714355469,1889900
2025-04-25,338.4030466964824,343.36762230019144,320.79420797908983,332.8042907714844,5317700
2025-04-28,336.3320152052674,343.1991622452927,331.63501025438296,340.3551940917969,2943900
2025-04-29,336.94640990567325,347.08364923018405,336.94640990567325,346.7268981933594,2571300
2025-04-30,345.8350093099298,352.4544228607008,342.76311635958547,351.572509765625,1752200
2025-05-01,348.72748979510254,354.11956153872035,348.72748979510254,349.0849914550781,1198000
2025-05-02,354.05009873846905,355.49989429139254,350.2170394271769,353.7621154785156,1114600
2025-05-05,353.7621179872837,355.2218534126306,349.2240254392612,353.0074157714844,1153000
2025-05-06,352.52082805779014,357.7441041089738,349.65099606633567,355.43035888671875,1893800
2025-05-07,356.1552907085162,359.16412939994603,355.6885717555142,357.2078857421875,1201800
2025-05-08,357.5256500884912,361.0706957731454,354.5068716041491,354.6160888671875,1181600
2025-05-09,354.5962563521751,356.0857810937894,350.0879529823073,351.8456115722656,747900
2025-05-12,350.7135391202597,352.62014401964115,345.32146712237466,351.100830078125,1288100
2025-05-13,354.5962448931087,357.7043912688817,352.4314762783221,352.5903625488281,1333200
2025-05-14,352.8088216692714,353.136503762569,344.99378708608873,349.76025390625,1528100
2025-05-15,350.6837727002387,356.4829854532407,350.6837727002387,356.0857849121094,1135600
2025-05-16,356.0261768702619,359.7400485942743,355.2019865732617,359.39251708984375,1096900
2025-05-19,359.0846439000587,362.75881668180864,357.7837948475077,362.4112548828125,1140100
2025-05-20,362.12333382554357,362.252400512459,359.3428694932638,359.8989562988281,678100
2025-05-21,358.58813612747946,359.68046022370874,354.854415086444,355.5594482421875,910000
2025-05-22,354.73529686214863,355.92689848504136,350.3957892811265,352.8485412597656,811600
2025-05-23,352.9081165349683,354.7849017917583,349.44246865665605,354.0500793457031,1087300
2025-05-27,357.35683170326354,363.67243220182263,354.7154042602756,362.5105895996094,1076900
2025-05-28,360.9813097856076,363.58303820190656,358.25051469342054,358.79669189453125,832400
2025-05-29,358.2207403586112,364.35760498046875,356.75109542435405,364.35760498046875,1272300
2025-05-30,364.1192542487561,370.3851854455481,362.98723128629535,369.4815368652344,1849200
2025-06-02,365.48964154237353,373.940221446171,365.3704844140287,373.5330810546875,1240900
2025-06-03,374.794218200387,377.2569100817597,368.90563750467464,371.8648376464844,1169100
2025-06-04,372.1627109571463,373.54301839489005,367.72392612952194,370.0177917480469,852300
2025-06-05,369.68015682784346,369.7000062469185,364.42709140687055,367.90264892578125,1177700
2025-06-06,370.345500493088,371.9938811470488,367.44587909894653,368.49847412109375,705600
2025-06-09,366.91959040911564,367.25721237674605,349.03535385575356,351.3590087890625,1898800
2025-06-10,354.8147129984178,355.39067952236974,348.2210993861411,349.2538146972656,1108500
2025-06-11,348.1019027583828,349.5914274262483,344.993786740514,347.0393981933594,1616400
2025-06-12,349.08502988177804,353.62309226821424,347.3075218565063,353.29541015625,1366400
2025-06-13,351.13060594137977,353.76209334678754,349.94891399819477,350.5347900390625,1025300
2025-06-16,351.51788632903754,353.30533413641217,346.9500348650362,347.5954895019531,1694000
2025-06-17,346.10594061149476,349.13462847532423,344.27879409277523,348.3600769042969,1171300
2025-06-18,348.36012494432646,350.96182339285633,345.32149680014703,348.3799743652344,1035600
2025-06-20,349.01550725073525,354.6955627905676,349.0055673884001,352.22296142578125,1775300
2025-06-23,351.6271270685318,357.8632690925241,350.9717325823358,357.436279296875,1176600
2025-06-24,358.5683037081769,358.94565480516883,352.6896633370663,358.1611633300781,1269900
2025-06-25,357.98244726944466,357.98244726944466,351.95482985788493,351.984619140625,1074100
2025-06-26,352.52084914743267,354.26856784344926,349.5417997180177,351.0809631347656,1056800
2025-06-27,351.04127529655653,354.1891206551287,348.6679512972695,350.2667236328125,4487900
2025-06-30,349.8496194095175,355.0331664363841,348.75729526507115,354.2685546875,1029200
2025-07-01,354.63596282007427,356.5624171203987,350.9717297656549,354.4373474121094,883200
2025-07-02,352.4215207295588,356.0956935983817,343.36521584502606,349.09490966796875,1272600
2025-07-03,350.4057160684038,353.8216951412567,349.0353484944217,352.28253173828125,640700
2025-07-07,351.7760799881396,353.7025343396013,349.0850138741841,350.7632141113281,1183300
2025-07-08,348.2409329699065,354.52671361454026,345.5995056393652,352.0938415527344,2508000
2025-07-09,351.37886155770167,354.7749606979853,349.7304506861106,354.42742919921875,875100
2025-07-10,354.0500775331808,357.3667486894326,353.22585694651406,356.4928894042969,1116800
2025-07-11,355.25161800989224,358.0519315381339,352.6201306040434,353.1861572265625,857300
2025-07-14,354.38771912439523,357.48592563115204,351.35900073845687,357.30718994140625,764300
2025-07-15,355.0927664125903,357.0192208459386,349.9191589355469,349.9191589355469,1104200
2025-07-16,352.7690765635224,352.7690765635224,347.19826909834126,352.0838928222656,1151000
2025-07-17,350.1474993362052,354.00040782878386,348.89631927538176,352.1534118652344,1220200
2025-07-18,352.4910239654327,355.99637055819295,349.93896460774835,353.623046875,1079900
2025-07-21,353.66280820402153,354.11958729300295,348.3005253500442,348.45941162109375,1072300
2025-07-22,349.5219297761995,353.33510918542794,349.1445786885829,351.74627685546875,1960900
2025-07-23,353.1265309473729,354.93382798394174,348.70762635665284,354.7848815917969,1679500
2025-07-24,354.6756849414953,357.23765394856963,353.5237822679062,354.11956787109375,1515500
2025-07-25,365.93650228265926,378.33926806592433,365.93650228265926,370.2859191894531,2251400
2025-07-28,368.7069790455961,370.9412659567908,365.00304724988933,366.5819396972656,1503400
2025-07-29,366.5819611215651,366.5819611215651,349.57158426147856,351.5576171875,2218400
2025-07-30,353.5138845363031,357.0192316735999,351.25974792372483,352.8584899902344,1526100
2025-07-31,350.44545703204574,357.6547665273003,350.44545703204574,353.22589111328125,1387300
2025-08-01,354.9324660351178,354.9324660351178,349.71814873648185,351.7282409667969,1640900
2025-08-04,352.04665581739914,359.1118754840008,349.8574225568553,358.63421630859375,1133700
2025-08-05,359.0223401151907,362.34597234669786,358.0172788302168,359.828369140625,1201500
2025-08-06,361.4205644878762,362.5549634257473,356.56446850722875,361.898193359375,931800
2025-08-07,361.9280066379363,364.8635653598095,359.4800678278947,363.2415466308594,1843700
2025-08-08,365.20189427208203,365.21185499515417,361.7986370997536,364.6048278808594,1095200
2025-08-11,365.15216121600594,368.5255363098671,363.66944073710476,366.28656005859375,1274700
2025-08-12,366.6746597626732,366.8537705724433,358.48497134463065,362.02752685546875,2991600
2025-08-13,365.0128127948212,370.6351245588289,363.79878896737404,369.1026916503906,1316700
2025-08-14,369.22210813072263,370.2172086579641,363.35102109360975,364.5550842285156,1292900
2025-08-15,365.40095508972365,368.88380721472026,363.42068423123015,365.2118835449219,1181100
2025-08-18,364.28640793014745,367.9682922331317,363.420675282142,363.57989501953125,1323900
2025-08-19,365.2914534266037,371.5307228772069,364.4456118943575,371.0331726074219,1111100
2025-08-20,372.09796872468576,376.8246966846297,370.8939054737361,372.1676330566406,1105000
2025-08-21,370.67494842377073,373.9289162331375,369.3514780772503,373.4313659667969,1126200
2025-08-22,375.6007300099815,376.84460574803535,372.0183618107742,373.2622375488281,1190600
2025-08-25,372.277071530223,374.8444480887566,368.9136570056034,369.12261962890625,1025900
2025-08-26,367.3314368099398,369.2917557678874,365.22179810487006,367.1921081542969,1449900
2025-08-27,368.0876881769848,369.2718602635212,366.216894280001,366.565185546875,931600
2025-08-28,365.96812540715274,366.23682199639836,362.2464589960732,364.7441711425781,711200
2025-08-29,366.04774584365396,366.7542587358312,363.99784112636416,365.201904296875,774600
2025-09-02,365.82883160418845,370.9237417221396,364.1670002712805,370.1376037597656,1285600
2025-09-03,370.8540929457531,373.1627336797867,366.4656955535115,372.1676330566406,1219900
2025-09-04,373.6403659623577,374.0284393860029,369.0330455506073,371.66009521484375,751300
2025-09-05,371.0829623823501,373.7995979088696,366.23682739769845,368.7245788574219,789000
2025-09-08,368.72457616315086,368.72457616315086,363.67940895136246,368.1971740722656,1043500
2025-09-09,368.1175559033254,368.66487945153534,364.0674891924244,364.5849609375,1019900
2025-09-10,362.9928006151364,363.56994560907907,359.3109161975835,360.5946044921875,798900
2025-09-11,364.29638498802865,370.56553716057897,363.0027663198201,370.42620849609375,1614300
2025-09-12,369.7395817307224,372.2173725419526,367.99815565611726,370.127685546875,844400
2025-09-15,370.07789888031897,371.7695820101233,361.4205420726546,362.017578125,933800
2025-09-16,359.4900528122927,360.9827037136982,354.40507295011304,354.8230285644531,1351500
2025-09-17,356.2161503950441,359.4701183094284,353.4796238418528,356.2460021972656,1426900
2025-09-18,353.89757166865684,356.07681391908653,350.96201291975376,351.03167724609375,1392900
2025-09-19,352.4546580182735,353.6587211526505,346.9318622417327,349.5987243652344,3728800
2025-09-22,348.84245537101884,353.46966697418736,347.4990635202771,351.7282409667969,1275900
2025-09-23,351.66851873640877,354.83293111105127,347.61845231967425,351.34014892578125,1761200
2025-09-24,351.1112820143134,354.5344304098198,350.7729514641605,352.0068664550781,981300
2025-09-25,353.7184671993486,354.9921948117771,347.4393845511978,349.9172058105469,1291100
2025-09-26,352.4348032231994,357.2311651764549,349.76791045708455,354.3354187011719,824600
2025-09-29,353.2706721683351,354.8727695506122,350.8326635618455,352.882568359375,1059600
2025-09-30,352.78304203900865,355.2608631008287,350.0763672823634,354.83294677734375,1022800
2025-10-01,353.40995833963683,358.3755307917532,351.57897695066197,358.3655700683594,1444900
2025-10-02,355.7186088457156,360.45529736821555,352.87260536913504,358.962646484375,621300
2025-10-03,358.1864533283471,364.18690840011504,357.7286852126342,362.02752685546875,666900
2025-10-06,362.2862758715527,365.20191328601953,360.3458175910652,363.9082946777344,1109200
2025-10-07,364.455571589351,367.86875914211316,362.54496519682084,365.1322326660156,852900
2025-10-08,364.6943907836255,368.4956821722499,363.15199707863707,363.58984375,1114400
2025-10-09,363.8087886702107,365.4506986012057,358.15662450026105,358.6541748046875,692500
2025-10-10,360.4851455428235,361.51009792468864,357.42021875273963,358.3854675292969,628100
2025-10-13,355.3603502852786,357.798358831124,350.14603301171996,351.62872314453125,728700
2025-10-14,352.0466756631274,359.0521921237284,350.6734320284693,358.74371337890625,845600
2025-10-15,355.7384850502318,358.206345340826,352.1959295301559,354.0567626953125,1094300
2025-10-16,347.210505353839,347.3299125637304,336.26439904892436,341.43890380859375,1820400
2025-10-17,342.3842523009862,346.6034689001012,342.37429157774307,344.90185546875,2057500
2025-10-20,345.51882030474496,345.51882030474496,339.72732771284547,342.4240417480469,935100
2025-10-21,342.1155883843071,344.67300432117605,340.50353020404316,341.7474060058594,981500
2025-10-22,341.6379296843847,342.603178437043,338.8416995554789,341.41900634765625,1189500
2025-10-23,341.3194916353586,341.71752578522825,336.59276398151616,339.6775817871094,1238200
2025-10-24,338.8317349549375,340.6527555870226,335.68721359430174,336.0753173828125,842000
2025-10-27,335.34888086811355,336.95097815553356,333.5974942057418,335.2195129394531,1438700
2025-10-28,333.56766191227024,333.56766191227024,327.3880957210185,328.3433837890625,1212800
2025-10-29,326.32331506758135,327.57715147449636,322.69120414488566,324.4724426269531,1532200
2025-10-30,326.46268506329216,329.0897350484897,324.91033044293397,326.58209228515625,2212400
2025-10-31,334.7816867185642,346.9020047074167,333.1596678857981,339.0108642578125,2460200
2025-11-03,337.7570625427162,338.7023899017565,329.51763070335585,338.17498779296875,1474800
2025-11-04,338.443641149294,342.68277930608576,336.1648827031844,342.5235595703125,1074500
2025-11-05,342.52356070128747,345.06108539047415,340.02587890625,340.02587890625,1344800
2025-11-06,339.1601181194487,341.92649652365156,337.33909741569965,338.3341979980469,897100
2025-11-07,339.2695841592217,346.4741024279613,337.34904738485136,344.62322998046875,1500600
2025-11-10,341.6578257133063,345.13071698130693,339.34918510491224,343.1803283691406,1099100
2025-11-11,345.0411723109922,348.71309595427493,342.9514853455326,348.2155456542969,789600
2025-11-12,347.45928670343613,349.86741312741793,343.7176987636905,348.3946533203125,1221200
2025-11-13,348.2255109592183,351.2605556817883,345.5785396843452,349.2206115722656,1183600
2025-11-14,350.12615556206595,352.5044302276231,343.18034237454236,348.4145812988281,1232200
2025-11-17,348.2851931499797,351.2704948055509,345.56855771090864,348.3050842285156,1609300
2025-11-18,350.50429053721774,350.91228542187537,342.7225966619689,346.8323669433594,1428700
2025-11-19,346.65323884247067,348.2653273627196,337.5082920454056,342.4837951660156,1112000
2025-11-20,342.0658132688508,344.3644931045728,341.4985986683327,344.1953430175781,1124000
2025-11-21,344.30480587329714,347.98669022205644,342.46386369891746,344.81231689453125,1967900
2025-11-24,345.5287725935001,345.6183279982329,341.63792582490686,343.01116943359375,1657400
2025-11-25,342.37429083374064,349.77784131258977,341.12045443017564,349.240478515625,692600
2025-11-26,349.76787751301043,351.71829642763646,348.05630337718947,350.88238525390625,654700
2025-11-28,350.39480540433584,353.87765737503133,349.7678871907212,352.1860046386719,400100
2025-12-01,350.96200474817914,353.73834370140196,348.70313750079526,349.449462890625,1085600
2025-12-02,349.3201201354179,349.9370776432445,343.8470668822901,344.00628662109375,982900
2025-12-03,343.79730343393624,345.63824565426955,340.3045209085468,342.7624206542969,798400
2025-12-04,342.76243173369846,346.28506617682604,342.76243173369846,346.0064392089844,690800
2025-12-05,345.02126995735046,345.8671115132859,338.5232644666928,343.50872802734375,1189000
2025-12-08,341.5483913431306,342.8619010610682,339.35915786646734,341.7076110839844,875000
2025-12-09,342.6330631275951,346.9517963048217,341.3991176712005,344.493896484375,974800
2025-12-10,344.5635381458398,344.722757883545,334.7816823929815,338.3839416503906,1300300
2025-12-11,341.0508342878136,346.4144106473434,338.3839416413964,345.69793701171875,1037300
2025-12-12,346.93187874183525,352.3850104525172,345.688003024171,352.056640625,1074300
2025-12-15,351.97703899585883,353.58909717433926,349.26043368325713,352.3651428222656,968800
2025-12-16,351.1112986445124,352.98209266648655,349.3201296781452,350.0763854980469,1121400
2025-12-17,348.6434359494932,352.6636509262506,348.21554997453785,350.3052673339844,885300
2025-12-18,348.98179494543086,352.325318407547,348.98179494543086,351.2904052734375,980100
2025-12-19,350.9321708428978,352.7233397226057,348.19564427397444,348.32501220703125,2459700
2025-12-22,347.1607356246715,355.02202415885074,346.2950029761207,353.71844482421875,827000
2025-12-23,354.0269181957457,355.0618312896711,352.1461939133462,354.1264343261719,590300
2025-12-24,353.26070851267167,356.38533893364973,352.28549900455766,354.9026184082031,283900
2025-12-26,354.4946235232185,356.03704765446184,352.40493658421116,354.9026184082031,309400
2025-12-29,354.91257444100245,356.7932987348636,353.658737999722,354.98223876953125,433200
2025-12-30,354.1961150125937,355.8181338724682,351.9272868271656,354.743408203125,440100
2025-12-31,355.21108947594087,355.21108947594087,351.0913889247918,351.1510925292969,453300
2026-01-02,349.3996967253353,349.9270987967819,341.07071006491515,342.583251953125,780600
2026-01-05,339.2397592967908,350.4346413803085,337.7272172722309,349.56890869140625,992700
2026-01-06,348.6335092797164,351.7979219719595,346.6134562301078,347.95684814453125,797800
2026-01-07,346.4243584408455,351.42971297977044,341.2398930917146,348.2055969238281,1390700
2026-01-08,347.3199463651358,353.68858385944395,345.5188167855282,350.24554443359375,861700
2026-01-09,349.6882954505103,351.6287233439638,348.4046072103085,349.0812683105469,678400
2026-01-12,349.28030765035277,352.195945095396,347.65828882716096,348.7727966308594,1053500
2026-01-13,347.17072374052907,348.9818142333027,341.5484110750872,342.9017333984375,1028400
2026-01-14,343.0111909301338,346.1258303167869,342.8121586617707,344.3048095703125,1019700
2026-01-15,344.304802500806,345.3596066917394,341.02098271666387,343.1504821777344,915900
2026-01-16,341.5981174909048,342.70269489894446,338.9312552903929,342.1752624511719,882900
2026-01-20,339.70743331202306,341.2896395549041,335.7867346844843,337.8366394042969,1645500
2026-01-21,337.8366371878634,340.1552081105942,329.14939844196005,331.1296691894531,1592900
2026-01-22,330.36344469029655,334.9309528860433,328.6817222152188,334.3139953613281,1370700
2026-01-23,334.4931148648773,337.1798681403773,332.2143260927068,337.0306091308594,1053400
2026-01-26,337.6575547474156,340.3244171608088,335.26931929709235,337.2097473144531,1156700
2026-01-27,335.52800603809,336.12507245927844,324.3032727183736,329.1295166015625,1330500
2026-01-28,327.7960922465025,333.5875850260655,325.925298259862,331.3684997558594,1341200
2026-01-29,333.975640854599,341.5981146917382,333.9258979744532,341.2697448730469,2149200
2026-01-30,345.26007887755367,350.0763619030954,339.4984685488342,347.9269714355469,1938400
2026-02-02,351.40982888216024,356.2858155878906,346.5437725318217,347.8970947265625,1371700
2026-02-03,345.608384528593,349.42956716158125,341.5185356679939,345.14068603515625,1266300
2026-02-04,346.57363428107084,354.2159995682724,346.4741181478815,348.4941711425781,1272700
2026-02-05,348.6036565565918,351.94718006379253,341.5085842756802,341.677734375,1421900
2026-02-06,343.02109820969537,343.30968586898945,338.9113281257657,340.36419677734375,1326100
2026-02-09,339.0904593913572,342.23498064606673,307.61542541175163,308.8194885253906,3885900
2026-02-10,311.45652720055017,320.50198801399375,311.45652720055017,316.3623962402344,3966900
2026-02-11,313.77511857849913,316.35242540699954,305.50583528289866,308.4513244628906,2960100
2026-02-12,308.19260842325815,316.02404554302615,303.09769804317364,312.9491882324219,2827500
2026-02-13,316.392243649939,320.8104926837935,311.62570333717,320.1238708496094,2220200
2026-02-17,323.2584290087203,327.95530495409906,318.4321851292433,324.36297607421875,1862300
2026-02-18,321.3478402728812,324.81080140980225,319.4571551429313,321.3976135253906,1172300
2026-02-19,321.1886178636336,322.7210813295003,319.337745277429,322.71112060546875,1015300
2026-02-20,324.3430886111135,325.5969250718175,321.59660126597527,323.47735595703125,1265000
2026-02-23,323.1191067872071,324.84064175485446,313.3472419911348,313.7651672363281,1425700
2026-02-24,315.4070584749693,319.7257911719325,311.0485132533725,317.76544189453125,1471200
2026-02-25,318.3326778517572,323.4475095443262,316.22306942548965,323.0693664550781,1410600
2026-02-26,323.90523666578054,330.37339039336143,323.5669061149665,328.65185546875,1062000
2026-02-27,329.3782847878511,336.3141368937255,328.94043811276697,333.8263854980469,2126200
2026-03-02,330.3932784487724,338.6526313538576,330.3335748443551,336.14495849609375,1270700
2026-03-03,331.7366671312001,337.69730973732754,330.0847965658837,337.40875244140625,1414600
2026-03-04,335.76686516394017,342.9614232238717,335.71709191201444,339.5084228515625,2026300
2026-03-05,337.30923122981585,340.1850559987807,334.84137095832483,337.1101989746094,1554700
2026-03-06,335.717088505813,339.78704636344384,332.4531597142034,338.9312744140625,1187700
2026-03-09,339.8766075220902,340.7025580498719,328.1344322528371,331.20928955078125,1708500
2026-03-10,330.5923242199433,330.5923242199433,318.8700403073359,319.3874816894531,1412300
2026-03-11,319.3874876947646,320.4622133745255,314.9990902998732,315.3473815917969,1319200
2026-03-12,314.4517685386001,321.67620812849975,312.27249594111896,314.3622131347656,1866400
2026-03-13,318.4421314400065,322.6116051047755,316.4618607280812,319.83526611328125,1124100
2026-03-16,321.01947775479425,325.65665045672455,318.5615779193262,325.1491394042969,1067800
2026-03-17,325.1491326225297,331.6272474768745,317.6659867766954,319.6064147949219,1590900
2026-03-18,318.10380930583847,318.7306971493283,313.2576440705552,316.32257080078125,984200
2026-03-19,318.43218260138894,319.22825091066863,314.0935586901135,315.4369201660156,1314500
2026-03-20,315.6856984853323,324.9600431852572,315.6856984853323,324.03460693359375,2408700
2026-03-23,326.38304767318607,326.6815960846302,321.9250162623429,324.3729553222656,1300900
2026-03-24,325.9551670232272,327.2288946426097,323.3678992553391,325.4277648925781,1180400
2026-03-25,323.7659080718831,325.85562535019733,315.90461961351946,319.8750915527344,956600
2026-03-26,319.2581175770082,324.9998675724205,319.2581175770082,322.1837158203125,1211500
2026-03-27,320.6114361261005,326.39296766660397,310.52110236608115,312.12322998046875,1344000
2026-03-30,314.8995892368341,323.7858300869426,314.1134512792008,322.4722900390625,1216600
2026-03-31,324.45254598560433,325.0894249610008,318.33268322769715,321.1985778808594,1413800
2026-04-01,320.3029878301493,323.7958006740288,316.4419926210406,319.765625,1081400
2026-04-02,320.3626908585291,327.1791360690587,318.0043072861057,321.55682373046875,1124100
2026-04-06,319.63626989916787,325.666577382607,319.63626989916787,324.5719909667969,867100
2026-04-07,324.01470643501455,324.95010347074,318.53172253146096,320.8901062011719,1187700
2026-04-08,320.8900868936349,329.3086293405691,320.0044327962224,328.1443786621094,1397600
2026-04-09,324.9401543440707,326.5621731605791,321.1090110085983,323.80572509765625,1314400
2026-04-10,321.5766849930913,321.70605291849665,306.30188606545704,311.03857421875,2414200
2026-04-13,313.4566850613076,324.0843520474328,311.4664838863152,323.80572509765625,1687500
2026-04-14,320.1736111275132,322.84047338951837,319.3775428119491,321.4373779296875,1270500
2026-04-15,322.21356581292184,327.67668881959963,320.17362170684686,326.47259521484375,1093700
2026-04-16,328.2538201520015,336.32410156572337,326.66165316646243,333.697021484375,1350000
2026-04-17,331.6371459319032,334.7020726002789,329.80616458303,330.1743469238281,1161400
2026-04-20,329.82608864222624,332.71187415659307,329.2887258434772,330.3236389160156,792200
2026-04-21,331.2988494301283,335.23946983718383,330.1246379609832,333.6771545410156,1215000
2026-04-22,332.1645450350983,333.2790831387675,322.69119891434667,325.258544921875,1281900
2026-04-23,324.7511012628777,326.5223791945836,320.0243732035886,321.9747619628906,941300
2026-04-24,320.84034742079365,322.2036303779844,317.07886838384917,319.5666198730469,761200
2026-04-27,317.9644870861343,324.35304617114724,317.4370849935007,322.19366455078125,1248900
2026-04-28,325.1292189516194,327.33834342347285,318.9496225700473,320.10394287109375,1312200
2026-04-29,318.322735956632,321.53689136260476,317.546528358591,320.90997314453125,1156800
2026-04-30,310.8992851934519,312.4814915644752,305.5157870950821,310.12310791015625,2614600
2026-05-01,325.7773863206725,325.7773863206725,310.02331935727597,310.8015441894531,1822700
2026-05-04,309.225124351091,315.8400507305483,307.86823199026514,314.20379638671875,1382000
2026-05-05,312.95665215288255,314.6926852297395,308.2872724611926,313.8346252441406,1177100
2026-05-06,315.6904109828309,316.7679414050945,306.17209871877793,307.56890869140625,1476900
2026-05-07,306.49136210739783,315.181544482457,305.82287248708303,312.8768005371094,1858900
2026-05-08,312.2881576794504,313.34574453158444,308.5167555873827,312.0786437988281,1179200
2026-05-11,311.70947008711346,314.13393617996365,309.16525133629756,311.3602600097656,1166100
2026-05-12,313.1761573245192,316.8677244136215,309.9235615629677,315.63055419921875,1622700
2026-05-13,312.9067474090861,314.7724897051772,307.8083833999035,310.19293212890625,1672400
2026-05-14,310.90131180278854,316.538486747834,310.90131180278854,314.69268798828125,1844800
2026-05-15,315.52078347118055,320.9584010230137,315.52078347118055,316.4985656738281,1955300
2026-05-18,316.7879082899687,327.73296083558824,316.7879082899687,325.8273010253906,1455600
2026-05-19,327.41368554966107,329.4689981574003,321.5271097183252,322.9239196777344,2140600
2026-05-20,322.86405695207577,322.86405695207577,316.1792822858523,320.41961669921875,1479300
2026-05-21,317.9851570146296,324.530235329123,314.2836031035648,323.4826354980469,946500
2026-05-22,322.54476276978977,324.6599363800606,319.92073930959026,324.0413513183594,929000
2026-05-26,325.5279485741228,325.63771423261994,317.75568740372,318.5638427734375,1411400
2026-05-27,320.35974010357177,324.85949273635003,316.7679215080155,317.8155517578125,1073700
2026-05-28,319.30215675651885,321.35746927684846,315.3112539289784,317.5760803222656,1350700
2026-05-29,317.0472889677663,317.1071500747131,313.8246544004977,315.3411865234375,2856900
2026-06-01,313.0663784673728,320.6890176627612,312.5176414949213,319.6813049316406,1431600
2026-06-02,316.85772297531156,318.6237169988868,311.6296499093814,317.1370849609375,1051200
2026-06-03,315.4409566144546,316.31896009005055,310.3625365252891,314.8822326660156,1617800
2026-06-04,320.4395976842043,327.1542726029885,318.084949043241,321.50714111328125,1579700
2026-06-05,324.2608662615182,330.3769299337893,323.3828627365485,327.7828369140625,1341000
2026-06-08,324.7497506441973,328.08215105719154,323.0436481055587,325.10894775390625,1470300
2026-06-09,324.1311582337465,332.31252153027725,320.81870144943997,330.83587646484375,1956200
2026-06-10,333.71932568276054,339.9850422848841,330.24722905043444,335.5650939941406,1749500
2026-06-11,333.6295205120891,339.32652588854654,333.6295205120891,334.4077453613281,1431100
2026-06-12,334.23813176465706,337.430866396604,330.05765836732877,334.54742431640625,1377900
2026-06-15,335.9442272153168,337.44081583344877,327.23410094461985,328.7606201171875,1405800
2026-06-16,330.04765144217725,332.39231294145617,328.38146656374676,330.6961975097656,1751400
2026-06-17,326.27625757839695,334.02860599481534,324.2608625631926,325.947021484375,1751100
2026-06-18,327.1143440431715,327.2540402608449,316.7579765162601,317.0173645019531,2382900
2026-06-22,315.79017242955354,319.02279396825617,312.90673052883824,312.9167175292969,2131300
2026-06-23,317.56611888905775,322.83410932251684,315.9697516929428,320.0105285644531,2626900
2026-06-24,321.85633468046103,327.4934788793924,318.4940038933249,324.7397766113281,2362200
2026-06-25,323.7520008196558,327.71297304419426,315.0618185472631,315.2314453125,1744200
2026-06-26,318.99287330184046,329.60865929217607,316.09947475916135,327.9424743652344,5288300
2026-06-29,324.23091931842686,329.6784930707759,322.67446967489855,326.82501220703125,1387400
2026-06-30,326.32615058551477,333.00093792530197,321.5270924252669,330.9356384277344,1588800
2026-07-01,327.0844190074691,346.4802100104056,327.0844190074691,342.7786560058594,1913700
2026-07-02,345.6221764685139,356.7268688014034,343.4172111135701,356.64703369140625,1183000
2026-07-06,355.89873979209443,356.36767210729715,350.5808750010348,356.0982971191406,1218000
2026-07-07,359.18126179013046,365.6166049098061,356.25793271701116,359.0016784667969,830200
2026-07-08,359.18125721731184,360.30869214639597,356.1880800738342,356.6969299316406,641700
2026-07-09,354.1726752722716,356.68693304174155,352.29694610932364,354.7513427734375,602000
2026-07-10,356.73683296116485,359.18127325005275,352.985404811978,356.12823486328125,998600
2026-07-13,359.30098881916626,366.7440143182638,359.30098881916626,366.5145568847656,1511700
2026-07-14,363.4615042005279,364.948105751839,357.5848852055816,358.07379150390625,1168300
2026-07-15,356.70689025287334,359.4706099980486,349.6629490699859,354.34228515625,1193600
2026-07-16,357.4152848901925,367.80161297687744,355.7490695906962,367.7916259765625,1017900
2026-07-17,369.1585106530626,375.0650602207073,364.7984541962461,366.3748474121094,1445600
2026-07-20,364.04016858082593,365.1676034851515,360.28871023330123,361.9549255371094,1074100
2026-07-21,358.26333155189457,362.1744296995649,353.9930667667522,358.5826110839844,1371200
2026-07-22,358.8320460389262,359.1513255741565,350.1618071704374,351.5286865234375,1813200
2026-07-23,351.78810822782293,354.9808427135134,350.0321012158759,354.9708557128906,1178100
2026-07-24,355.1205139051498,361.785314514035,354.84115191699806,360.8774108886719,785000
2026-07-27,361.20663619258147,368.90907986226404,358.9816969064447,366.3349609375,1590500
2026-07-28,369.1585125838781,381.4704441876246,366.3349622226621,380.3929138183594,1508000
2026-07-29,366.80390795118825,378.6369206860969,361.4361385648792,376.30224609375,2010600
2026-07-30,366.35491320584384,369.64739593531664,357.6746871762549,365.736328125,4227700
2026-07-31,362.25425594399115,364.1898463563844,358.9617731116216,359.7300109863281,1315600
2026-08-03,362.0400085449219,366.32000732421875,356.1199951171875,357.6300048828125,1950100
2026-08-04,353.3699951171875,357.0899963378906,350.2300109863281,356.6499938964844,1433500
2026-08-05,356.9599914550781,360.6000061035156,355.2200012207031,359.9700012207031,657200
2026-08-06,362.95001220703125,364.989990234375,356.8399963378906,360.75,1140000
2026-08-07,357.510009765625,360.6000061035156,354.6099853515625,358.29998779296875,928700
2026-08-10,357.7099914550781,359.5299987792969,355.0,356.9700012207031,705300
2026-08-11,354.0,359.1000061035156,354.0,356.4599914550781,403300
2026-08-12,354.0,355.9100036621094,349.989990234375,352.3599853515625,626000
2026-08-13,354.3299865722656,358.54998779296875,349.3299865722656,357.0799865722656,810100
2026-08-14,357.0799865722656,359.9800109863281,353.7799987792969,355.8299865722656,704500
2026-08-17,354.0,355.2699890136719,346.5,347.2200012207031,709300
2026-08-18,343.20001220703125,350.1300048828125,343.0299987792969,343.20001220703125,921500
2026-08-19,344.2300109863281,352.8399963378906,341.75,348.42999267578125,615900
2026-08-20,348.8999938964844,356.1199951171875,346.32000732421875,351.92999267578125,733300
2026-08-21,352.3900146484375,356.8599853515625,350.57000732421875,355.1099853515625,747000
2026-08-24,358.5199890136719,361.7300109863281,356.5,359.1000061035156,627200
2026-08-25,357.0,360.29998779296875,354.1400146484375,354.8299865722656,616300
2026-08-26,354.6300048828125,356.4599914550781,353.19000244140625,353.9800109863281,594200
2026-08-27,350.510009765625,352.8800048828125,348.0299987792969,349.55999755859375,688200
2026-08-28,350.9599914550781,358.7099914550781,349.760009765625,355.3999938964844,669100
2026-08-31,340.0,343.260009765625,320.2099914550781,321.5199890136719,2433000
2026-09-01,321.4200134277344,328.5199890136719,312.9200134277344,326.29998779296875,2423200
2026-09-02,327.70001220703125,331.6000061035156,324.7900085449219,330.8800048828125,2189300
2026-09-03,332.0,336.45001220703125,325.67999267578125,327.0,1465100
2026-09-04,328.17999267578125,328.8399963378906,321.489990234375,323.0899963378906,1467900
2026-09-08,316.7799987792969,321.57000732421875,314.95001220703125,315.7900085449219,1926500
2026-09-09,313.45001220703125,315.6700134277344,303.5899963378906,304.69000244140625,2266700
2026-09-10,304.9700012207031,310.0400085449219,304.20001220703125,307.7699890136719,2449200
2026-09-11,310.8500061035156,311.8900146484375,302.44000244140625,302.69000244140625,2238000
2026-09-14,308.0799865722656,312.3900146484375,305.9200134277344,311.5400085449219,2879200
2026-09-15,311.6000061035156,311.9800109863281,304.5899963378906,304.6700134277344,1799000
2026-09-16,303.3999938964844,304.05999755859375,298.4800109863281,300.57000732421875,3194600
2026-09-17,299.5400085449219,302.1199951171875,295.7799987792969,296.04998779296875,3273100
2026-09-18,294.25,297.7300109863281,293.0,295.6400146484375,3186100
2026-09-21,297.010009765625,297.8699951171875,290.70001220703125,290.82000732421875,1936300
