Date,Open,High,Low,Close,Volume
2021-09-22,228.0560027025706,229.44033078244985,227.12132225054214,227.4387664794922,631200
2021-09-23,228.79667753944622,230.36619268313433,228.45278185586344,229.61669921875,879200
2021-09-24,228.76139698334703,230.76296132584548,228.07363253407883,228.86720275878906,738900
2021-09-27,237.19095601430251,237.19095601430251,230.7100825035076,230.93934631347656,1219600
2021-09-28,230.68356691672562,232.8614917791783,229.0523230716765,231.29197692871094,1195500
2021-09-29,230.93049236482008,231.96215247645392,229.3786295019902,229.44915771484375,917100
2021-09-30,230.7794968043442,231.3470750650069,227.09014338284615,227.1344757080078,762400
2021-10-01,228.60664489076936,229.96354407426384,225.1833670145329,228.30511474609375,877000
2021-10-04,227.8705780442422,229.46692059487287,224.80202615495173,227.02806091308594,1007000
2021-10-05,227.13446450304846,229.2984123364536,225.6888870497138,227.94151306152344,970900
2021-10-06,226.1500199666302,231.48007419602524,223.4628266943288,231.24948120117188,1310200
2021-10-07,232.68626907477628,236.37562284802803,232.39361615800138,233.55540466308594,1359600
2021-10-08,235.00093709582328,236.23366243266813,233.94556809709823,235.40000915527344,1162300
2021-10-11,237.4220731418553,241.37750139184632,236.45539577261542,238.32669067382812,1070200
2021-10-12,238.32670979713242,242.61024628755797,238.246895372891,241.58148193359375,1266500
2021-10-13,243.94049115699133,247.95797874868248,243.7808623410077,246.9203643798828,1285100
2021-10-14,249.70514329535848,256.0196035042508,249.70514329535848,255.3899383544922,1575100
2021-10-15,256.6847490468492,261.47380378633613,255.5052331771166,259.5848083496094,1637300
2021-10-18,258.92847547374237,260.73768330340937,257.50063924680757,259.44287109375,977100
2021-10-19,259.850824178785,262.03249928825534,258.72451806308317,261.1722412109375,896800
2021-10-20,261.668861796353,262.3517634829802,259.0260279387209,260.47161865234375,751100
2021-10-21,260.24100713830387,260.7376481123733,258.72447941623136,260.6401062011719,620000
2021-10-22,261.00377684094394,262.706565753652,257.94411565056424,258.2811279296875,898500
2021-10-25,259.6556809793255,262.09455359928,258.3963239361004,260.6667175292969,633300
2021-10-26,261.18112624976106,262.50254332112,260.4893742645312,261.07470703125,460100
2021-10-27,261.0125721355609,262.5113723387684,260.134586679386,261.4914855957031,748500
2021-10-28,261.8728591405393,267.3536650134899,261.8728591405393,267.3359375,1256800
2021-10-29,266.07658396313764,267.21176733472555,264.32946305652365,265.8903503417969,924700
2021-11-01,265.7129892498105,266.89253210209904,264.1077695130101,264.2762756347656,653000
2021-11-02,264.71975725440427,265.78400379713827,263.3451302795439,264.35614013671875,932400
2021-11-03,264.8349787265161,268.9056759416273,264.4270293955539,267.9478759765625,1270200
2021-11-04,260.9948224590305,267.4511816072702,258.98162687870314,267.13189697265625,1121000
2021-11-05,268.49770363387194,274.6880155122148,267.903493669378,274.3155212402344,1646700
2021-11-08,274.7323776239446,278.32416140628936,272.71033137149374,277.23333740234375,1634200
2021-11-09,277.4195706616382,279.3795300152992,276.2400549596358,278.3330383300781,1174000
2021-11-10,277.8364612437253,279.23769298453664,277.4196345185938,278.7144470214844,988700
2021-11-11,278.9982414734762,280.59461118996023,275.2734329315045,275.3887023925781,1297200
2021-11-12,275.69908720561335,275.69908720561335,274.2357687178188,274.9275207519531,1234200
2021-11-15,273.59722179529757,273.71251830990803,268.77268515176956,269.428955078125,1510000
2021-11-16,270.25370617717147,270.2980384904533,267.2383510566859,267.3891296386719,1610600
2021-11-17,267.38926268085964,267.90363144345633,263.7265132265194,265.6066589355469,1404300
2021-11-18,266.6974914299597,266.6974914299597,262.5026189260718,262.7243347167969,846300
2021-11-19,262.7243013717566,265.6598159031868,261.1634408072998,264.0545959472656,1091200
2021-11-22,265.57992148219984,266.18300874411057,263.48693830497587,263.8594055175781,1099500
2021-11-23,264.7641086711744,268.2051417154375,264.1965033148406,265.17205810546875,1072500
2021-11-24,264.5778342506289,266.2096860332018,263.76193542425403,264.1432800292969,603300
2021-11-26,260.3564006377094,261.1013623763945,257.80223063940986,260.4184875488281,619600
2021-11-29,261.6422839047558,262.27197605263166,258.2544881845603,258.38751220703125,853500
2021-11-30,256.7733702168662,258.0947870499534,253.74916499991687,254.91983032226562,2396100
2021-12-01,259.0525919581706,260.9948233754475,252.56962798969153,252.70265197753906,1184000
2021-12-02,253.5009170765169,257.0483690821747,253.49203978573127,254.91102600097656,1350900
2021-12-03,255.3101149537004,257.811075013117,253.48317940913904,255.9663848876953,1199100
2021-12-06,259.04381975151665,261.29645943081914,257.93524096159183,259.7533264160156,962500
2021-12-07,260.77318395354865,264.07231514128847,260.2765428771068,262.4493408203125,859100
2021-12-08,263.3982656784863,263.5933765875111,259.247754048221,262.21875,1098900
2021-12-09,257.4918102758345,260.7466095221091,257.4918102758345,260.010498046875,1239500
2021-12-10,262.43163868306243,262.43163868306243,259.7089627245176,261.93499755859375,695700
2021-12-13,261.48262951793305,265.6065362008705,260.81748240568817,263.8948974609375,1008500
2021-12-14,264.2230236224672,265.579922603915,262.440447824819,264.4624938964844,808500
2021-12-15,265.24297003147035,272.64828137998563,264.39158914280557,270.56414794921875,1461000
2021-12-16,270.49311836904553,272.27572102300013,267.9833088842106,268.8524169921875,636800
2021-12-17,268.51552457614684,268.51552457614684,264.2940747259665,264.5778503417969,1768400
2021-12-20,261.4383729280173,261.8108402624117,257.9796123555039,261.63348388671875,779400
2021-12-21,263.48700435717205,264.91484080492467,260.6046995891861,262.28973388671875,636600
2021-12-22,261.66892709434387,263.62891388426254,260.9151151681264,263.54022216796875,430300
2021-12-23,263.7530272534004,266.5643946211142,263.7530272534004,265.59771728515625,344700
2021-12-27,267.31823045832334,268.1518566946863,264.97689938286186,268.0277099609375,413600
2021-12-28,268.852541909895,269.916788450152,267.6641486100592,269.5975036621094,354500
2021-12-29,271.36235713473974,271.52198598307376,269.64184070737525,270.84796142578125,499700
2021-12-30,271.3800568555438,271.8146110309142,267.8414824220217,269.5087890625,433300
2021-12-31,269.13444750377107,272.4499439742816,269.13444750377107,271.1754455566406,586600
2022-01-03,271.40723661507275,271.83505239086514,263.5641377864149,263.64434814453125,1130100
2022-01-04,267.37864493275424,268.0114334433296,265.87240972370006,266.8617248535156,1667400
2022-01-05,269.32150395394433,275.65838996038457,269.2412936499582,271.1575012207031,926100
2022-01-06,271.1308367121196,271.15757348724065,265.15047561732257,265.6139221191406,808500
2022-01-07,266.255618032257,266.255618032257,262.1647284571718,265.07025146484375,945000
2022-01-10,263.1985404334209,264.276959679455,261.4160166949132,263.0113830566406,1019100
2022-01-11,263.4392940831324,265.23966130527697,262.2182691052421,265.1861877441406,542000
2022-01-12,266.07740319525203,267.45884861339744,263.9383795287979,267.15582275390625,959700
2022-01-13,266.59436609931225,267.53910193046056,261.959818610487,262.2895812988281,788400
2022-01-14,260.41793808682104,260.9348582620681,257.753072467773,259.6692810058594,1478500
2022-01-18,257.50354154588615,257.50354154588615,253.33241289159392,255.43580627441406,1086600
2022-01-19,256.07748548331375,258.4571405455688,254.27711826556558,254.5177764892578,814500
2022-01-20,254.50876432929874,259.1522315471679,254.50876432929874,255.7743682861328,1073700
2022-01-21,255.94373375626452,256.07741762335297,251.30023891250576,251.75479125976562,1503900
2022-01-24,248.7869442762867,253.11846552509638,244.24150160343282,252.057861328125,1351800
2022-01-25,248.43043701258958,250.62296178527717,244.7673621299885,249.04541015625,788100
2022-01-26,250.71204833863348,251.41615309902244,244.08997665814292,246.35379028320312,1171100
2022-01-27,248.18979323267467,250.186211915749,242.95808831643515,245.8546905517578,1062100
2022-01-28,245.07038596306253,247.45896230417665,242.47680950940912,247.44114685058594,1025200
2022-01-31,246.59449265376688,251.77272540715546,246.17559820662933,251.44296264648438,1234300
2022-02-01,252.22724594703666,254.0454287632701,250.63187871909565,253.6800079345703,990800
2022-02-02,253.50172419554985,255.36445909995774,252.4500412311951,253.43043518066406,930000
2022-02-03,251.5320261543625,253.51955070723412,249.47321259114406,250.33773803710938,1089500
2022-02-04,239.19694183131205,239.74952001628657,232.32531822281894,234.47323608398438,2883400
2022-02-07,229.6515443278053,232.46790896031433,226.5410207369533,226.7192840576172,2333700
2022-02-08,224.59807186750294,228.18093607940472,223.92962522504013,225.3199920654297,2899200
2022-02-09,228.30573778260546,231.77273373928082,227.45012005168596,231.1577606201172,1482800
2022-02-10,229.9723937740332,232.60162825112155,223.84050523563596,224.936767578125,1739100
2022-02-11,223.71571838817363,224.29504697394006,217.28972558611622,217.81556701660156,1691500
2022-02-14,218.4127022505696,219.1702805246571,214.24160187917644,217.013427734375,1730500
2022-02-15,219.09900621562048,221.8530033754424,218.7246776928898,220.88153076171875,1317400
2022-02-16,220.11506976184774,221.30935808001408,217.04021728913037,218.6623077392578,1470600
2022-02-17,217.01341823387355,218.3592191376073,213.64444851228833,214.4465789794922,1005000
2022-02-18,213.76032903048812,217.80666715249387,213.4573031375329,215.65872192382812,2170700
2022-02-22,215.63196520750978,215.63196520750978,210.3111291220294,212.2184295654297,1191100
2022-02-23,213.39488389495233,213.90290983360592,208.92966554802487,209.15248107910156,955500
2022-02-24,204.09901339954368,210.32894014544837,203.59990881781818,209.5624542236328,1634500
2022-02-25,210.7122034413975,215.1417775740072,210.55178277643296,214.24160766601562,1241200
2022-02-28,211.5143616799526,213.02058344443378,208.48406189911205,210.6052703857422,1762500
2022-03-01,210.2933165674499,211.131105224121,204.31295473028842,205.46267700195312,2109200
2022-03-02,207.00456430478212,209.04556246334286,204.794237743176,207.95822143554688,2961600
2022-03-03,209.9902738037156,210.12395768517243,205.43592371447863,206.64804077148438,1743700
2022-03-04,204.54467576257878,206.6569628336202,200.65877201020837,203.5910186767578,1414300
2022-03-07,204.348600267317,204.69619198837455,196.96895018980143,197.41458129882812,1796000
2022-03-08,197.4234642623495,200.63201328472658,192.72652275404428,194.98141479492188,1867300
2022-03-09,200.76575741174094,204.74079358241715,200.04383706494895,202.31655883789062,1433800
2022-03-10,199.17034053701687,203.16319089627873,198.34145972071633,202.85125732421875,1538800
2022-03-11,204.93682711955248,205.76569441621868,195.44487677640984,195.5251007080078,1488900
2022-03-14,196.22920518926767,198.1899793917597,192.87806407227376,194.5358123779297,2595400
2022-03-15,196.10440492206214,198.58211254976118,192.90477714666687,198.42169189453125,2133500
2022-03-16,201.7549991156702,203.6533917583247,196.3093870896591,200.17747497558594,1498200
2022-03-17,199.99919147585672,203.73358150863757,199.04554818801316,203.69793701171875,1431800
2022-03-18,203.8940288916536,207.18278812733686,202.13824151433533,206.4786834716797,3187600
2022-03-21,211.22910270696264,213.1096661484635,207.28081841201038,208.7335662841797,1642200
2022-03-22,209.84769549549404,211.67478584056067,209.51793281257733,210.8191680908203,1192400
2022-03-23,209.9813926754451,213.41274419675278,208.92969614297436,209.66053771972656,1393500
2022-03-24,211.12219393298565,216.07760958072288,210.16853685278937,216.05087280273438,1296700
2022-03-25,216.26473481294806,220.50715094962058,216.26473481294806,219.74957275390625,1782000
2022-03-28,219.78527534668137,222.78882476442595,218.92965760653664,221.309326171875,1565200
2022-03-29,223.81375159482286,225.72997341849887,221.35387290349132,224.90109252929688,1750700
2022-03-30,223.893969030496,225.97059785701606,223.36811403020096,225.63192749023438,1234100
2022-03-31,224.91435912422236,226.55587495739894,223.38944428147215,224.1698455810547,1179100
2022-04-01,225.20137672434245,227.1658137897067,222.1156868762057,223.34458923339844,1473300
2022-04-04,224.2325696347543,227.0401904437703,221.60436018627698,226.6275634765625,1224100
2022-04-05,225.72163325854092,227.59636457326545,225.2372580924696,225.75750732421875,1132700
2022-04-06,224.25053478973317,225.53324127889056,221.3442429314783,224.34024047851562,1100000
2022-04-07,223.91867128908714,226.10735892252407,222.86918032134915,225.4794464111328,1062700
2022-04-08,226.04456987860334,228.098699034908,224.95022602469376,225.32696533203125,905800
2022-04-11,225.32695690962626,226.25984689145034,223.86485258543254,224.0980682373047,1000500
2022-04-12,224.82465872482334,227.06716450275493,221.8824922391506,222.2592315673828,1417700
2022-04-13,222.63594235901067,224.25054904960126,220.83297287203212,224.1787872314453,729300
2022-04-14,224.41199963208743,225.82926472406,221.12898204369145,221.416015625,1208200
2022-04-18,220.37548935320984,221.41601516853837,217.46023226370355,220.66253662109375,1583400
2022-04-19,220.79709323678412,224.73493247537968,220.1243415649022,223.86485290527344,1157400
2022-04-20,224.27748829506447,225.8472423503081,220.92269470104858,223.120361328125,1414100
2022-04-21,225.4435649324407,228.18838947892547,224.24158526742028,225.27313232421875,1267000
2022-04-22,224.18774528513734,224.25054200673932,217.5499347166046,217.89976501464844,1203800
2022-04-25,217.2718656975424,219.17350590916683,213.2353559513961,217.75624084472656,1202600
2022-04-26,217.40644349220332,219.06590322528513,210.99288250964838,211.36065673828125,988500
2022-04-27,212.06928430257142,216.56326094436668,212.06928430257142,213.71080017089844,1080700
2022-04-28,215.1280593371559,217.1373493799772,210.6430479187617,215.7111053466797,1516400
2022-04-29,215.54963904149903,216.69780080324307,209.2437144468446,209.96131896972656,1888000
2022-05-02,211.3427038903025,213.6210836176651,207.13576108375267,211.15432739257812,972400
2022-05-03,211.1543319458982,215.59450419653706,210.95699034866232,214.47325134277344,1028500
2022-05-04,213.62104396529847,221.99905395507812,213.62104396529847,221.99905395507812,1142700
2022-05-05,222.06183093264468,227.83852647090868,209.6921783721871,211.67454528808594,1446900
2022-05-06,211.56694096043552,213.01111506030435,206.48094009233247,211.53106689453125,1293800
2022-05-09,207.98789410368826,212.1679276078411,207.24338064106442,209.1988525390625,1272700
2022-05-10,210.53540282893562,212.42807811231722,202.07666454597378,206.92047119140625,1504300
2022-05-11,206.22975436924776,211.6117669241865,204.8752724498021,208.90281677246094,1276000
2022-05-12,204.77663063358122,210.47260020133535,203.96036901621804,207.57528686523438,1391500
2022-05-13,208.911783501395,210.78652829162039,207.27028170399464,209.63836669921875,661800
2022-05-16,208.93871362967963,210.4725933975412,205.75436680365115,208.92974853515625,880900
2022-05-17,213.70179847261548,215.22669939966713,209.5755830820836,214.90377807617188,893500
2022-05-18,212.64333120108896,213.03801434392545,209.34236980130527,210.32009887695312,874300
2022-05-19,208.76828113113493,212.41907269108472,207.8264261550923,210.09584045410156,725200
2022-05-20,212.9124219842135,213.2532871668786,207.32410265538468,213.1187286376953,1032800
2022-05-23,215.47784902278224,216.186474670827,210.96592948218446,213.441650390625,747600
2022-05-24,214.25791777503395,214.40144139302078,209.40513322828286,212.42803955078125,729700
2022-05-25,214.55395958357624,214.85893704832716,209.86264188427745,212.0692596435547,884400
2022-05-26,212.29349433235728,218.3392936691269,212.29349433235728,217.51405334472656,866100
2022-05-27,220.61769517238318,224.83360290527344,219.3080795847136,224.83360290527344,957200
2022-05-31,222.15156406636152,224.2953987375926,220.36652479368914,220.80606079101562,1407100
2022-06-01,221.9452788458428,222.6628834437323,216.50944694283817,218.4290313720703,911900
2022-06-02,220.88680182970288,226.98641980547953,220.7074041189499,226.80702209472656,941700
2022-06-03,224.3043623293137,228.11662158392002,224.3043623293137,226.2867431640625,935700
2022-06-06,228.73554608385226,232.32355464987347,228.11661241626697,230.93321228027344,1149200
2022-06-07,230.01827059948022,234.22521316272233,228.5741101781791,233.92921447753906,1377600
2022-06-08,231.95579780269927,235.07737534292687,226.25984199123093,226.3854217529297,1647300
2022-06-09,224.25056734635922,230.682085662561,223.9455898596886,227.49771118164062,1444600
2022-06-10,223.4252762321186,226.02657674854046,221.21864512750088,222.6359100341797,1584000
2022-06-13,219.03000605768884,219.63997471399057,215.18187237092624,217.6934814453125,1615400
2022-06-14,217.07452121578908,218.59942213978897,213.07388558755798,214.5808563232422,1097900
2022-06-15,216.643955561093,219.23629113689182,211.79117081355224,214.6436309814453,1085800
2022-06-16,210.44567215485952,212.29349436929118,207.7546657407164,210.8852081298828,1014600
2022-06-17,211.75533986028054,213.45963875806447,206.7679955672996,211.66563415527344,2127000
2022-06-21,213.84528646906162,216.50938369269872,213.0559339604336,216.18646240234375,1147400
2022-06-22,212.0333901152432,216.95792356582504,211.01080812724342,216.1775360107422,953400
2022-06-23,215.70209636009645,217.77416902382163,213.94396621947658,217.12832641601562,1177300
2022-06-24,219.65788977977823,226.58274743832192,218.82367066709924,226.11630249023438,1529400
2022-06-27,225.52431738090777,226.67247923379009,220.375519234236,220.8240203857422,916300
2022-06-28,220.56386948381927,222.90504576346956,217.00276966980778,217.53199768066406,778700
2022-06-29,217.191132625265,218.93131896751007,215.37918446933114,218.088134765625,794400
2022-06-30,214.60250458082712,218.53966879284445,211.14395321525396,217.15805053710938,1199400
2022-07-01,215.76738518811032,219.24400044330824,214.6115218465563,219.2078857421875,1021300
2022-07-05,214.91854577770226,216.7065197374029,213.41050553433607,216.69749450683594,1232700
2022-07-06,216.95934411282948,216.95934411282948,211.60444795472284,214.21417236328125,1396100
2022-07-07,214.56636452393113,216.5620427569596,211.3787082682935,212.94996643066406,1016600
2022-07-08,212.1191886264474,212.88676040035182,208.94959643309286,209.69007873535156,1049500
2022-07-11,208.89538313689818,212.5345485386141,207.91109575169438,211.38771057128906,801400
2022-07-12,211.92048169104163,212.36296593930922,207.55891226501095,209.4371795654297,2143400
2022-07-13,206.18635668899478,207.9020875001271,204.4525616374041,205.87933349609375,891700
2022-07-14,203.17930053594108,203.48632372757396,197.6528279706365,200.45217895507812,2059600
2022-07-15,203.77527334788684,204.47962707421325,202.14081114246332,203.35987854003906,1444800
2022-07-18,204.75955426739657,206.23147961803986,201.1835930341999,201.87892150878906,1074800
2022-07-19,204.14552345762192,207.71244595299942,203.14317175993068,207.6943817138672,1255500
2022-07-20,207.43249549892198,209.66293969792173,206.59268068431524,209.16629028320312,914900
2022-07-21,209.68101844285763,211.9746945218952,208.7689741724081,211.8392333984375,853500
2022-07-22,212.84159022771155,213.13056294155587,211.11682051176885,211.81214904785156,540300
2022-07-25,212.5616609662097,212.74226202664883,211.0355565143905,212.3991241455078,581100
2022-07-26,211.11683493355616,212.5977857457314,210.4576348311615,211.87538146972656,652100
2022-07-27,211.87537655176178,215.67707925926456,209.93387721287368,214.8192138671875,782500
2022-07-28,216.191782361959,220.64365942350736,215.58676128469457,220.54432678222656,792900
2022-07-29,222.01628219264663,225.47484708815972,222.00725696184634,224.15643310546875,1034300
2022-08-01,223.04569910124653,223.80423177504127,220.8784589535539,223.27145385742188,1075500
2022-08-02,221.90792292325003,222.97347886812668,217.10385460362633,220.4450225830078,1026900
2022-08-03,221.5557566670857,222.39555787292153,219.00021078793043,221.88084411621094,1401100
2022-08-04,224.03902964537795,234.93847608715802,224.03902964537795,232.735107421875,1785800
2022-08-05,231.8230751276591,237.43985529057892,231.31738661301324,237.16896057128906,1406400
2022-08-08,238.39699713640485,240.60940453452525,236.22975721948222,236.3832550048828,1158100
2022-08-09,236.37426392831674,236.4645437825922,233.29496580960992,233.6652069091797,826300
2022-08-10,240.08571909329368,242.18073032798097,239.3181472335722,239.86900329589844,838600
2022-08-11,241.2867078205938,242.27099530521542,238.54152211685087,239.12847900390625,829400
2022-08-12,240.9796630963633,245.3502997786357,239.79671028344498,244.6098175048828,893900
2022-08-15,244.6098162603944,248.2309316409714,243.95964141127757,247.52655029296875,1115300
2022-08-16,245.80182895773208,247.99615892567724,245.35933082527163,247.01187133789062,879100
2022-08-17,244.15826849313453,245.7836915825028,240.94352323072962,242.0090789794922,1169900
2022-08-18,242.78568870668383,242.87599612333105,241.06094657110742,241.6479034423828,727000
2022-08-19,241.10611182464095,241.6479288234788,236.9432067921174,238.12615966796875,932700
2022-08-22,235.06491821526166,236.37430703648894,234.13480957138313,235.6067352294922,674000
2022-08-23,234.2972839118536,236.92507230567162,234.2069765072441,235.97691345214844,810300
2022-08-24,236.40134885644716,238.25252676079376,235.53443078524498,237.24114990234375,568300
2022-08-25,238.3338210241029,240.81712351341648,236.73548716093597,240.73585510253906,619600
2022-08-26,241.37696079248755,241.99103463901767,236.69029011152023,236.79867553710938,1064100
2022-08-29,234.7759051383941,237.50304020365442,234.18894828961703,235.4170684814453,635700
2022-08-30,236.86187051279597,236.86187051279597,230.76650609746105,231.03741455078125,864500
2022-08-31,232.5003538320943,232.66289067369883,227.87689995117293,227.96719360351562,1164900
2022-09-01,226.21532607350312,227.00998734801078,224.40026251220704,225.75479125976562,918100
2022-09-02,228.98759506273024,229.33074674503564,221.98919673115162,222.62130737304688,1311700
2022-09-06,224.00292448654176,224.201589798616,220.95975441000795,222.2962188720703,1179100
2022-09-07,222.53999595874203,229.41197083415338,222.2961769800574,229.16815185546875,1037000
2022-09-08,226.79324994499015,229.58358954048916,225.8089623960912,229.21334838867188,549500
2022-09-09,230.6130461722885,232.39199508678144,229.71905220979866,232.04884338378906,704800
2022-09-12,233.89099429600097,238.40608995789538,233.10537206010443,237.94554138183594,877000
2022-09-13,232.97891059819725,235.13713931566508,230.76651672234308,231.24510192871094,831300
2022-09-14,230.7484504761695,231.30831786268863,228.12970081389565,230.43238830566406,690100
2022-09-15,230.12539651237398,230.30599758629046,224.11128567600167,224.3731689453125,706800
2022-09-16,224.03000391407477,224.12933656565838,220.41792753500218,223.3708038330078,1497600
2022-09-19,221.05908648933215,225.43872101650246,221.03199701766346,225.19491577148438,714900
2022-09-20,222.53097836027422,223.04570583379976,219.74065279667636,221.1403350830078,605900
2022-09-21,222.5761452561326,223.97582762539415,217.98880654690885,218.04299926757812,573300
2022-09-22,218.4674072600092,218.8918273451768,215.30684036645025,215.38812255859375,877600
2022-09-23,212.92287345351497,214.29546638183854,210.77369730539206,214.07875061035156,1135000
2022-09-26,212.47134046309748,213.5007816010857,208.18200009165042,209.0489044189453,1171700
2022-09-27,211.55929177221205,212.9950886858079,206.21342090640795,208.3806610107422,1088500
2022-09-28,209.78035431410765,213.55498112640734,208.53418360981593,212.18238830566406,948500
2022-09-29,210.23184884269045,211.21613623476793,206.9900139757695,209.28367614746094,1114300
2022-09-30,210.42043226206488,214.35803051345596,209.61108848412815,211.6389923095703,1520600
2022-10-03,213.62144320341486,218.45022581884152,212.14824517384776,216.73150634765625,1027500
2022-10-04,219.55965186369744,226.2617457412832,218.9685493852476,225.48878479003906,1334500
2022-10-05,223.3972322285945,224.01560102872767,220.6781939579614,220.79641723632812,1097800
2022-10-06,219.3141013682611,220.76000517333983,216.33135065203575,216.96791076660156,965400
2022-10-07,214.52170605711567,215.47655324599313,209.1654841392075,210.747802734375,1046900
2022-10-10,212.0573063839325,213.33952935853677,210.26583527427235,211.37527465820312,748700
2022-10-11,210.89330454714135,212.46652049329228,208.956330025368,210.25674438476562,618100
2022-10-12,210.91146652926008,212.77568919855545,208.40159498425808,208.5380096435547,893900
2022-10-13,205.47345580279446,217.39537289670233,204.3822076362162,216.42234802246094,898900
2022-10-14,217.65907151405597,219.00494361635958,211.12065824615135,211.45712280273438,711200
2022-10-17,215.72209897114084,217.73181144455995,214.84000345534173,215.8494110107422,728500
2022-10-18,222.58784398811719,222.99706018602583,218.7138954954608,220.40533447265625,823000
2022-10-19,219.7687893186676,222.0786110052897,218.20466224967038,219.5687255859375,710200
2022-10-20,219.76881221889568,221.4329713276657,216.36774228405744,216.722412109375,716200
2022-10-21,216.59507435327833,220.32351987409373,214.33982674424288,219.42323303222656,1157200
2022-10-24,221.33292766991147,223.62455807692558,219.95977550342317,221.8148956298828,1758000
2022-10-25,222.8607034708238,228.76254272460938,221.360225280561,228.76254272460938,1350900
2022-10-26,229.8446874839364,231.7452791956082,228.67159904196777,229.18084716796875,1242200
2022-10-27,229.10811163007298,229.79923215330513,226.09808034166758,226.48910522460938,987100
2022-10-28,226.48910051100228,232.26364152410204,225.62519640594843,231.3815460205078,921000
2022-10-31,229.60826251167452,230.98141474571872,226.51637698083414,227.70765686035156,1342200
2022-11-01,230.0174842608775,231.69073216396023,227.31663741006702,229.27178955078125,872600
2022-11-02,229.9265550451067,231.7089375720488,222.63337171920253,222.95164489746094,1471500
2022-11-03,226.19809370970535,242.11215297235833,224.73399842591314,240.0933380126953,2524600
2022-11-04,244.84937557304752,251.41506838837083,242.6395995681743,251.04222106933594,2038000
2022-11-07,252.64275429989658,254.68884954929806,250.83307785243807,252.469970703125,1367800
2022-11-08,253.67944678651702,258.97202021469997,252.59728744375278,257.35333251953125,1406200
2022-11-09,257.25323227008664,259.56302591282525,254.45234036588107,254.74334716796875,1100800
2022-11-10,263.4733647049882,263.5824853209918,259.6903594225539,263.3460388183594,1063800
2022-11-11,264.32825228198357,265.9560148365429,261.74560081997924,262.3185119628906,1107500
2022-11-14,261.9002201810709,270.7848114097074,261.9002201810709,268.16583251953125,1738700
2022-11-15,269.5480930587906,270.91215680357936,265.13761473358403,267.8475646972656,942200
2022-11-16,267.84745238039244,270.157246038263,266.71980795289926,268.3748779296875,807400
2022-11-17,264.97383272861816,266.8471440038092,263.8462160100978,266.7198181152344,721400
2022-11-18,269.1751840467843,270.0663821468273,266.95630530948654,269.6116943359375,1328200
2022-11-21,267.8747868337288,270.593811095376,267.52011701597905,269.54803466796875,735300
2022-11-22,270.9939425826127,281.51542547019574,270.2391730070795,281.142578125,1412700
2022-11-23,280.99703479855674,282.25197745253035,278.16889026115865,280.22406005859375,1150800
2022-11-25,280.7424258173512,282.9340242614235,279.8239476151628,281.8245849609375,299700
2022-11-28,279.8330732247226,281.34264011829345,275.84090084171027,276.8684997558594,932100
2022-11-29,277.2049447072284,278.43260728559727,273.69476830371065,274.79510498046875,954600
2022-11-30,273.7038795262828,282.2611072977737,271.7032420949253,282.05194091796875,1901100
2022-12-01,282.22477990330157,284.68007786709376,280.7788757380586,283.7616271972656,995300
2022-12-02,282.479322373786,291.5639749429787,281.9064113555597,289.58154296875,1314200
2022-12-05,287.1262345912655,289.1814322672447,284.9619162868166,286.426025390625,1192300
2022-12-06,285.3256677449497,286.70790852386506,281.78818370441775,283.81610107421875,1295700
2022-12-07,284.23443905081416,287.15352699462886,283.7251909282777,286.9807434082031,1130700
2022-12-08,288.12655947018675,291.8731824719219,287.9992613182138,290.87286376953125,1059100
2022-12-09,290.76373818019016,291.40941482141443,285.1619812942727,285.9167785644531,1150000
2022-12-12,284.6891722493422,291.16392319848603,284.6891722493422,290.5546569824219,1163000
2022-12-13,298.120590900935,298.7844450799984,292.646159776626,295.7744140625,1075400
2022-12-14,295.23785348734475,298.2115013849418,292.7006880689911,295.6561584472656,1191700
2022-12-15,290.55463944170396,291.363969385515,285.78949189165496,287.5809631347656,1014800
2022-12-16,287.6082003697499,288.8267602983877,283.49783280067584,287.74462890625,2425800
2022-12-19,286.18954896581994,288.3084093710518,283.5978233026346,285.2892761230469,835300
2022-12-20,285.8440405349313,286.3533164390588,282.65215082247835,284.2162780761719,779100
2022-12-21,285.9895324707031,288.40847497227554,285.08925947928464,285.9895324707031,860600
2022-12-22,284.1071320436963,284.4163164118924,279.76031786409663,284.27081298828125,953500
2022-12-23,283.6343012666667,284.2708754157683,281.77916689815186,283.7616271972656,544200
2022-12-27,284.8800847770324,285.7258251781573,283.2886774739279,283.9070739746094,1438000
2022-12-28,284.1798719117265,285.3256940358956,281.2516814014704,281.5790710449219,439700
2022-12-29,282.81581234075924,284.3072016495972,282.08832295963015,283.18865966796875,564400
2022-12-30,281.908880559436,282.9144023706005,278.5174343663589,281.7900390625,534700
2023-01-03,283.4354251068957,284.9985811373915,277.8043754056195,280.2451171875,1020300
2023-01-04,279.66930905302524,281.9272142934048,277.895892245744,280.26348876953125,966000
2023-01-05,276.65267042588476,278.5266281638398,274.5227291793777,275.903076171875,1715500
2023-01-06,278.965388366629,284.8980900298505,276.9999842663709,283.545166015625,873400
2023-01-09,283.28007446686956,287.4667822532452,279.75151423205864,284.9072265625,1436500
2023-01-10,283.36236574766764,285.9676170404356,281.6894902280921,285.8213806152344,608400
2023-01-11,288.0884172939106,289.4047683403281,285.3551741683268,285.91278076171875,835100
2023-01-12,285.91280547695686,287.0463471353449,282.37512219530146,283.5726318359375,1194800
2023-01-13,281.42439886720325,285.1266467158324,280.7022553537823,284.6604309082031,787900
2023-01-17,285.2089152205398,285.2089152205398,279.7332786278227,280.0715026855469,1252900
2023-01-18,281.78095565787754,281.78095565787754,276.11333079238597,276.8812255859375,793200
2023-01-19,276.60693122186973,277.33825285338384,272.5847598882793,274.1387939453125,889000
2023-01-20,275.3819977013566,278.42604203194315,272.7401453950565,278.2615051269531,1197900
2023-01-23,277.7769695315829,282.9783769103917,276.73487474673226,282.21051025390625,881700
2023-01-24,281.8906051702417,287.01889519004646,280.55598156440436,286.433837890625,745000
2023-01-25,282.4390965466662,286.26015797740365,281.8631894708383,285.2546081542969,707300
2023-01-26,284.6970225146159,289.68817104412585,283.38067135783325,289.4230651855469,733600
2023-01-27,287.0920479443212,289.2311116456826,285.21809010722205,287.17431640625,876600
2023-01-30,286.6349385272853,290.8216744860262,286.4612513907355,286.94573974609375,846000
2023-01-31,287.87822979911937,293.34471690115964,287.1926313514396,292.98822021484375,1911700
2023-02-01,291.70833052743905,292.9058678048237,287.3936589811064,290.8125,1357900
2023-02-02,269.9977101777789,273.6359614849488,263.76335815793175,270.1257019042969,2988400
2023-02-03,266.9171496252641,268.2883463711406,258.9185019409843,260.545654296875,2876300
2023-02-06,259.6314822475485,261.94423261217764,256.11210013833465,258.72650146484375,1259900
2023-02-07,257.5198745055404,261.24954516269406,256.46862927857785,260.59136962890625,1329200
2023-02-08,260.02460648535794,266.04872717779364,260.02460648535794,262.57501220703125,1349700
2023-02-09,265.0157624384587,265.39055955392183,261.5694980797878,262.2550964355469,945400
2023-02-10,261.7066658279136,264.2113767407529,259.2659229062881,263.10528564453125,859500
2023-02-13,263.92792510955303,264.5038321503766,261.23122727927546,262.0813903808594,698000
2023-02-14,261.65169445307635,262.0081909933851,254.85968074469898,257.3186950683594,1689100
2023-02-15,255.95673511468766,261.0484525763731,254.1650457800645,260.03375244140625,2623500
2023-02-16,256.3497673802764,259.8600273156231,255.40821350098076,256.6240234375,650800
2023-02-17,255.3076699350671,256.7154116726277,253.68051777449688,255.69158935546875,1141000
2023-02-21,255.54533406390945,256.0938182952049,252.82124128035113,253.68052673339844,880900
2023-02-22,255.03339913261087,256.09379444179564,250.5724353826144,254.39352416992188,1148600
2023-02-23,255.19799892681536,256.6057407761065,250.39881051142848,255.7007598876953,1377300
2023-02-24,252.08992640646625,258.0500791035752,251.3860554940273,256.8525695800781,1507900
2023-02-27,258.1872253429226,262.9498412125568,258.1872253429226,260.9113464355469,1017900
2023-02-28,260.52735926704884,262.42873964944636,260.4359405791207,261.4232177734375,1038200
2023-03-01,260.59140332123536,266.5423788158662,260.24402898111964,263.5257568359375,1038100
2023-03-02,262.88581026770987,268.36147454347093,261.98997964109174,266.9537048339844,1092800
2023-03-03,267.9226760507919,269.5772510809979,265.75618984533247,269.4675598144531,929100
2023-03-06,267.57527618595856,269.7234896072397,267.36504391087544,267.9500732421875,631100
2023-03-07,268.9922039178172,270.21713614173063,264.8786143118279,266.36865234375,893300
2023-03-08,266.74343422766265,266.87142596765165,263.42516188754183,265.13458251953125,695600
2023-03-09,266.19500822233795,266.7526148461977,258.4888612470576,259.6863708496094,756700
2023-03-10,259.7778009540075,261.72490489777323,255.95673918574582,257.11767578125,860900
2023-03-13,257.7758560816041,260.97531537991375,256.2583948953287,256.8617248535156,980700
2023-03-14,260.1983113444212,265.0888908186886,258.7356958833107,261.35009765625,1814500
2023-03-15,256.88001750820337,257.68445742795114,250.65478626629343,253.25091552734375,1293200
2023-03-16,251.75170722992672,257.0628068551775,251.3952105962582,255.6367645263672,900000
2023-03-17,256.22186765013953,256.22186765013953,250.3257096578118,251.14842224121094,1545600
2023-03-20,252.7298476076837,256.3772220766582,252.01682640554426,255.23455810546875,726400
2023-03-21,258.11406626925066,258.89108335068636,251.75172107564012,254.86891174316406,967000
2023-03-22,255.45392355388844,256.7519739741194,251.51402110709674,251.71510314941406,1023300
2023-03-23,252.03507765953202,252.6749805880789,243.06745380422157,244.01815795898438,2001900
2023-03-24,242.63779805777088,245.52645552522318,241.23005632577883,244.6854705810547,1329500
2023-03-27,247.7843336542816,250.572421899472,245.30704658516999,246.98904418945312,1078500
2023-03-28,246.94345738854366,251.2490082551976,246.45894098967594,250.05149841308594,743400
2023-03-29,252.57438382654175,253.45196967133475,251.38602468684775,252.601806640625,751800
2023-03-30,254.41183165134325,256.30408977899214,253.278317981247,255.7007598876953,808600
2023-03-31,256.5286235253148,264.51322786538475,255.85712466158762,264.2004699707031,1487400
2023-04-03,263.6118213866668,266.1415086891945,262.6459239366261,265.8839416503906,1173700
2023-04-04,264.9272088628396,265.7643086206785,261.23845645061823,262.39752197265625,1256600
2023-04-05,260.9993517701698,263.9061958665515,259.26996102284255,261.1373291015625,943800
2023-04-06,259.72065587589475,260.925704503531,258.1384505527292,259.40789794921875,869200
2023-04-10,258.46965364172803,260.73256600023956,257.0898242399794,260.7233581542969,768400
2023-04-11,261.523587845245,264.49482983678257,260.5485108964816,262.4710693359375,598400
2023-04-12,264.1177156539965,265.8378983199028,263.2898237060847,264.1637268066406,464400
2023-04-13,264.4213065325462,266.8865948774197,262.25036044433995,265.0560302734375,552500
2023-04-14,264.0256840682576,266.15061859877443,262.1215412792594,263.28057861328125,485500
2023-04-17,264.0349470867808,264.83524362619926,261.21088958459126,263.2714538574219,500600
2023-04-18,264.3384889537958,264.9364374509957,263.5198048212211,264.724853515625,598400
2023-04-19,264.05331023899186,267.2913274793996,263.1978228501014,267.2269287109375,521100
2023-04-20,266.21505773140194,269.9221979536362,265.22159299833885,269.0299072265625,691700
2023-04-21,268.3399763961584,269.99578828163914,266.4726086662991,267.29132080078125,1026500
2023-04-24,267.9627792784054,269.84856241292505,267.3280556956515,269.80255126953125,626800
2023-04-25,268.78150507074923,268.9746732793679,265.9390605674405,266.7117614746094,550800
2023-04-26,265.2492302033256,266.55545307777777,260.8245791796012,262.7931213378906,847300
2023-04-27,265.065165359514,268.8367038596807,263.8693246980272,268.0364074707031,977500
2023-04-28,267.69608323296177,271.5319928399758,266.95097768130586,270.7776794433594,930900
2023-05-01,271.2744510132602,273.6661608910498,271.2744510132602,272.451904296875,450200
2023-05-02,270.04173603490494,271.1547902515357,265.78265929828245,269.1862487792969,818700
2023-05-03,270.0325204567011,273.87766522048275,268.81829228819936,270.3453063964844,703400
2023-05-04,270.49252463512875,271.55041621841565,266.9417773943777,267.75128173828125,710500
2023-05-05,269.3518962714637,274.0341140135383,268.5332120895805,272.9302673339844,730900
2023-05-08,274.11686182706137,275.8554601062498,270.75007518653064,271.8999328613281,1027100
2023-05-09,272.27713367905346,273.20622781414386,256.4090951948986,257.5129699707031,1863000
2023-05-10,258.56160874777447,262.64590584801965,256.2986964860819,258.4420471191406,1199800
2023-05-11,256.0870698526856,256.2986256602454,252.38911026958618,254.3944549560547,1234500
2023-05-12,255.36959394500354,256.7954343954845,253.06987845006552,255.72836303710938,694900
2023-05-15,256.2894646329041,257.42093469411117,254.24734434677472,256.9150085449219,678300
2023-05-16,255.6639283475587,256.9977743763102,251.26687406188762,253.5113983154297,663500
2023-05-17,253.95299635893053,255.2224438384918,253.03311013579335,254.0725860595703,770200
2023-05-18,253.6034388844797,254.01739892014464,249.04081101003297,253.38267517089844,788700
2023-05-19,254.56926454389045,257.917663346669,254.0633384294695,256.5654296875,1072000
2023-05-22,257.06220903014935,258.80077934501014,252.66515413055197,252.9687042236328,608100
2023-05-23,251.2300876681153,252.05800764386169,249.21556286886334,249.74908447265625,713600
2023-05-24,248.66366752854594,249.58355381439642,247.45861873989796,249.14199829101562,648600
2023-05-25,250.87136482309373,251.28532484091295,249.1511821259629,250.31942749023438,779600
2023-05-26,251.44167505134772,252.8675154171403,250.3010252168714,251.8924102783203,940900
2023-05-30,254.090923815572,254.2381089511146,249.86865024866674,252.11317443847656,765100
2023-05-31,251.46003236610352,251.9475989131084,247.51374149906837,247.57814025878906,1078300
2023-06-01,246.2535305367498,252.39836320526155,245.86716600654407,251.28530883789062,826700
2023-06-02,253.8150281683764,259.26073908448996,253.6034442232734,258.52484130859375,912100
2023-06-05,260.6496917453145,260.78766902443994,257.3197090698606,257.3656921386719,1093500
2023-06-06,256.27111036946775,258.99396584471236,254.43133784541308,256.1883239746094,740700
2023-06-07,254.62446691031093,260.14378363298556,252.48114460165874,259.79425048828125,755200
2023-06-08,254.21056899542845,261.16490675018963,254.21056899542845,260.6773681640625,642100
2023-06-09,259.9046492883929,259.9046492883929,255.5903808562052,256.2710876464844,881900
2023-06-12,257.1082041991786,257.2370017477344,254.6337079666156,256.5838623046875,663600
2023-06-13,256.0043303128048,262.7103088876429,255.44321317921893,262.02960205078125,1005000
2023-06-14,265.16633810970364,268.109956363586,264.26483975492596,265.6998596191406,911400
2023-06-15,265.8287291446225,268.83674696860413,264.06253525566393,267.46612548828125,649700
2023-06-16,267.97201121264703,270.9984442704832,267.53045578891107,269.6830139160156,1811000
2023-06-20,266.7210259053669,267.15337356008337,264.28330491679753,266.1230773925781,674200
2023-06-21,264.64204498562157,266.93255248336976,262.590688794047,265.97589111328125,674900
2023-06-22,264.13613538711127,265.847110234138,261.68923474079986,264.9364318847656,636500
2023-06-23,263.66698303721864,265.03760447656583,261.8640139658178,263.3266296386719,712500
2023-06-26,264.11772700143297,265.074416530613,262.213555788537,263.44622802734375,721500
2023-06-27,263.62099007310195,268.2020337199154,263.62099007310195,268.0640563964844,546000
2023-06-28,267.1073590628885,268.4688007841057,265.2860023011802,267.98126220703125,606600
2023-06-29,266.71179393360404,271.63319047567916,265.4791498550572,271.1364440917969,567800
2023-06-30,273.80153614979145,278.08605158974893,273.14452402377566,277.1791687011719,1031700
2023-07-03,275.9021388057651,276.87380509318984,273.67196882918427,274.9027404785156,456600
2023-07-05,272.6448175369606,273.6164556100885,264.54773945967077,266.4817810058594,1387600
2023-07-06,264.59397051288295,266.75935692874646,260.7443852490042,266.3614501953125,883400
2023-07-07,265.02889610743273,268.8044633157602,264.233082653346,265.4360656738281,890600
2023-07-10,265.4361117891846,270.0074932458045,265.22326412965594,268.3788146972656,562700
2023-07-11,269.5448700891629,270.7293561717149,265.7230435501948,267.1111145019531,625300
2023-07-12,269.9334736520277,272.598545478918,266.06536212199217,272.2931823730469,1024900
2023-07-13,272.6447762455539,277.5215197938581,272.0617821938233,276.6424255371094,843800
2023-07-14,276.59618652713084,277.1791806778091,275.11557228929377,276.3463439941406,711500
2023-07-17,275.96691408303565,277.4660256499656,274.25495488066093,276.94781494140625,809300
2023-07-18,276.42034095753297,278.16006043654147,273.8477848582492,276.0039367675781,544200
2023-07-19,275.5227167646998,277.7251263594256,274.3197336914561,276.3092956542969,675600
2023-07-20,277.90098529544395,279.3353136173903,275.8096165573054,278.8541259765625,752700
2023-07-21,278.28960213982475,280.58452699850255,277.73436836291904,280.14959716796875,667900
2023-07-24,280.640082736813,281.40816422593196,277.5400812211291,279.5574035644531,653600
2023-07-25,280.8529081200903,283.7123297266043,279.6869199588531,283.0275573730469,739800
2023-07-26,280.8991600933716,282.55559862754626,278.9743816231007,280.39947509765625,1109100
2023-07-27,280.3902304258899,282.1299499054067,279.4648501274546,280.2884521484375,994100
2023-07-28,282.2040697634179,282.2040697634179,280.0109221829811,280.7882385253906,560300
2023-07-31,280.39020223081275,282.9165003580368,280.0292903953396,282.54632568359375,1146600
2023-08-01,281.0287544908291,283.00905371072713,279.64994683695943,279.8442687988281,886900
2023-08-02,277.71589345145173,280.28847802939714,276.3648459982871,276.98486328125,992400
2023-08-03,268.3603467278448,271.28455251551696,260.30952502986065,260.7907409667969,2357700
2023-08-04,264.44593892770393,269.40599241013757,262.62293846395465,263.2059326171875,1263000
2023-08-07,263.0764100015339,266.7038854676944,262.91908290288086,265.8617858886719,863900
2023-08-08,263.4835596220883,263.4835596220883,259.819033069644,262.3823547363281,645700
2023-08-09,262.9561139309143,266.08390439261746,261.5310201204758,264.10357666015625,617700
2023-08-10,265.2787998074235,266.9352103161394,262.92832578943796,264.9456481933594,856000
2023-08-11,264.2146189237482,267.40719280872196,264.16836119686997,267.2406311035156,646600
2023-08-14,266.34296754633647,269.9797053861902,265.7414759930351,269.03582763671875,694000
2023-08-15,267.1110420164552,267.4811885217362,262.9560931319674,263.86297607421875,624400
2023-08-16,263.8629822457224,265.78776106242316,263.1226609774768,264.58477783203125,640900
2023-08-17,265.5193582314258,266.7501298243111,262.29905291547203,263.27069091796875,735500
2023-08-18,261.33669376176056,265.0104552425686,260.4668338878908,263.5668640136719,716600
2023-08-21,263.9462295370033,266.05609546262366,262.8635221750036,263.9277038574219,477700
2023-08-22,265.24177836508665,265.24177836508665,262.75250292563385,263.7981872558594,353600
2023-08-23,263.13190238577357,265.0937041661858,261.68831133073945,264.42742919921875,446300
2023-08-24,263.20597286178526,266.62989206028635,262.5396977619829,265.2418212890625,391600
2023-08-25,266.9537298159366,267.78656647126195,264.6957995341596,266.7871398925781,381200
2023-08-28,267.40713913106583,269.618783302786,267.12027350511505,268.230712890625,694900
2023-08-29,268.2955135690439,271.8397360643238,267.7680400007594,271.7471923828125,389500
2023-08-30,272.08960650386945,274.32903956859076,271.5898931647322,273.4684143066406,404800
2023-08-31,274.35675848330874,274.8379460674677,272.681822418019,273.44061279296875,662400
2023-09-01,276.28154310871275,278.1693268485132,275.59677071619427,275.7818298339844,520000
2023-09-05,276.0779870073462,276.0779870073462,270.8125702366388,270.8588562011719,716400
2023-09-06,270.784819778422,272.2006507217148,269.4152748013415,271.4603576660156,422900
2023-09-07,271.0439246643209,272.8021418485909,268.96181867865045,270.3128662109375,566300
2023-09-08,270.6737756267497,277.484562032442,269.7946529225834,276.2353210449219,786600
2023-09-11,277.447554200374,281.08429234087373,277.19768342223534,280.2051696777344,669600
2023-09-12,279.06691737050016,281.49140900800313,277.75286504341807,279.5943908691406,646000
2023-09-13,279.68698741650644,282.139268282366,278.40072323347977,280.5105895996094,627300
2023-09-14,282.2409871703546,283.9066603886565,280.8621795814228,283.2589111328125,550900
2023-09-15,283.53657104134777,284.7488172007315,278.67832356217195,279.5666809082031,1354600
2023-09-18,279.1224730393418,279.3723155615366,276.9663210590579,277.1791687011719,665500
2023-09-19,276.9663664990737,277.75294555552057,273.4499319695561,276.901611328125,579100
2023-09-20,277.3642381852737,278.5672212387904,272.2468864274774,272.82061767578125,593600
2023-09-21,271.2844883405432,273.08896295607235,265.48236410726855,265.64892578125,768300
2023-09-22,265.5656940822033,268.06420437532273,264.52000964589365,265.2510681152344,612600
2023-09-25,264.0665231603459,268.804494274967,263.7611600705615,267.9993896484375,586400
2023-09-26,265.86172409059776,267.9715898481457,264.4644191714063,265.3065185546875,741600
2023-09-27,265.4731106228299,266.6113103421786,262.7432273836832,263.9739990234375,670000
2023-09-28,264.5570124817776,268.4713534462387,263.65012953568686,265.4638671875,1100200
2023-09-29,267.9125438770958,268.93671567022596,263.1362010160837,263.8624267578125,695100
2023-10-02,261.93515646933,263.22002410577403,256.60949092971015,259.84027099609375,1015400
2023-10-03,258.20159404953534,264.0859007076201,258.20159404953534,262.3634338378906,1265900
2023-10-04,265.2310672701699,266.5904069636199,262.55892951947885,265.2403869628906,1086700
2023-10-05,264.86798883674743,266.51595499327624,257.8384679974387,260.56646728515625,827600
2023-10-06,260.128891900952,262.7637794507607,257.3077525541671,261.6837463378906,875800
2023-10-09,261.70234054966136,264.895898044766,260.3895709123214,264.67242431640625,584400
2023-10-10,266.9069875911568,270.4077539339694,266.1900531932585,268.0614929199219,906200
2023-10-11,268.9367195002812,271.05953542277416,268.2756747754508,270.8360900878906,845800
2023-10-12,272.2512903888075,272.3536933624122,263.10827328213065,266.0876770019531,1256300
2023-10-13,268.331519381395,270.6684607995667,265.08210046613334,265.7803955078125,577400
2023-10-16,267.80080797204283,270.3053617912762,266.8697479177166,267.3259582519531,551500
2023-10-17,267.49354551235314,272.39093055035926,266.7952504630723,270.8453674316406,780600
2023-10-18,269.8305517634129,269.8305517634129,263.46210346466296,263.8438415527344,520600
2023-10-19,262.7172197699111,264.97036911885766,260.7154179850995,261.2647399902344,471900
2023-10-20,260.19401557480904,261.8606209045788,258.66709197381175,259.3653869628906,669200
2023-10-23,257.717432917749,259.5795531799111,255.36185192266203,255.7342987060547,722600
2023-10-24,256.8794581571654,259.16985788906544,255.69702214080226,258.1270751953125,673200
2023-10-25,257.86638378876427,258.76951317485094,255.44562197324032,255.557373046875,687300
2023-10-26,257.06570643572167,260.4640702124108,256.60017637278617,258.5181579589844,745100
2023-10-27,257.85710878844355,260.40820439704873,256.227753596206,257.11224365234375,648200
2023-10-30,258.8347284587982,261.58136733849994,257.92227925903967,261.3486022949219,668000
2023-10-31,261.50685669218365,264.2627867477606,259.3840407118324,262.9686279296875,871700
2023-11-01,263.52730789912226,264.7283551946708,260.2778882216624,263.8717956542969,1121000
2023-11-02,264.8400306410143,269.84910961654805,263.74135823716523,269.6535949707031,856700
2023-11-03,272.1023588359106,275.5565844173916,271.42267462254523,272.98687744140625,1011600
2023-11-06,272.9868409294611,273.8806506966176,269.5884487308729,271.2178039550781,1242300
2023-11-07,253.00624348020634,254.23524953919272,236.50787281757746,236.91754150390625,4484500
2023-11-08,239.06828378286986,242.46667576702433,234.28264980143788,242.01043701171875,2465000
2023-11-09,244.43123318387364,246.08851920342335,240.82803475585345,245.7905731201172,1909200
2023-11-10,245.5298246872143,248.9095770339983,244.87809973531782,247.1591796875,1554500
2023-11-13,245.58573568537003,247.31752241106037,244.12399278387633,246.75888061523438,1110300
2023-11-14,248.59307025523637,252.89456377862905,247.6620100670145,249.90586853027344,1759300
2023-11-15,249.86860241088348,255.41771282693762,249.38446137246945,254.7566680908203,1262000
2023-11-16,254.63566673866353,255.52950506481798,252.38251677403144,254.73809814453125,1537100
2023-11-17,254.63564861236853,255.10117871896247,250.71589307068433,251.37693786621094,1537400
2023-11-20,251.3769072629864,254.8497716643154,250.60413988214822,253.38800048828125,1540100
2023-11-21,254.64494668148112,258.34125655048064,254.19802758817198,257.2891540527344,1245200
2023-11-22,258.28540475025017,258.3319463931941,254.8311794809914,255.3618621826172,1004800
2023-11-24,256.1159452340754,257.5777160988965,255.57594299316406,255.57594299316406,399800
2023-11-27,254.8311979933751,255.14775506401378,250.82762192980795,252.94114685058594,1159000
2023-11-28,252.31727673588344,252.99696080989668,249.48684619230963,249.89651489257812,893800
2023-11-29,251.1441230915098,252.13104444900247,247.5688559903425,248.10888671875,1096200
2023-11-30,248.10890713602504,252.4290112503073,247.41061205691847,251.89830017089844,2341800
2023-12-01,251.94486772905617,256.14392944184596,251.2372529635194,253.84423828125,1706200
2023-12-04,252.26142433691567,253.7697371441725,250.2317201497108,251.52587890625,1782300
2023-12-05,250.6972543829316,251.1627844380652,243.0718698067472,243.95635986328125,2196300
2023-12-06,244.30088656185276,245.89299146359036,242.3456545627938,243.26739501953125,1313000
2023-12-07,244.06809435425234,245.82778306792417,243.0159919549718,243.94705200195312,1408500
2023-12-08,244.6639526432352,246.47021136785995,244.44050732924356,245.1201629638672,744100
2023-12-11,245.10163281617864,246.80546072460783,244.3754068925308,246.32131958007812,1120800
2023-12-12,247.09405676340512,248.96546826721803,244.79433715020645,248.90960693359375,1284300
2023-12-13,248.31377009939825,251.82385687244076,245.5485201310551,250.75314331054688,1367600
2023-12-14,251.75865804827694,254.55183848907964,251.3862396722434,252.14039611816406,1372800
2023-12-15,251.64690259438004,253.92801102268544,251.097580588894,252.18690490722656,3312900
2023-12-18,254.71940868351717,255.99498488315479,252.42900880209717,252.50350952148438,1384700
2023-12-19,254.39355602517756,255.0266700606329,251.9727941331261,253.73248291015625,1340400
2023-12-20,252.87595690878692,254.6542853068029,249.53345418845512,249.66378784179688,905100
2023-12-21,251.59105501612356,253.09004810075936,249.9616998821984,253.00625610351562,790100
2023-12-22,253.94666453626738,255.40843584069583,253.37873146405735,254.03045654296875,756200
2023-12-26,254.59841219306452,256.80502022672744,254.41218879552878,255.92050170898438,446100
2023-12-27,255.3060111446314,256.7863934626037,254.49599331156193,256.6839904785156,759800
2023-12-28,256.62809390528037,256.6653442642447,255.1197811247598,255.32461547851562,531800
2023-12-29,255.47452149811912,257.58286085583217,254.87480235464636,256.56146240234375,886000
2024-01-02,255.1840192732679,257.5641082147757,255.1840192732679,256.25225830078125,1109200
2024-01-03,254.8748033359097,255.8680631494506,252.8039535657366,253.8065643310547,1117600
2024-01-04,253.7972607830665,256.08364041008497,253.12259091613996,253.2350311279297,956800
2024-01-05,253.89094538483255,255.8118655373901,251.5202358334067,253.14129638671875,777400
2024-01-08,251.66080680416164,255.75566649411215,250.09593762615975,255.66195678710938,912200
2024-01-09,253.94719820506793,253.94719820506793,249.80546917087972,251.21102905273438,831600
2024-01-10,250.4801150459722,250.4801150459722,247.23796523623278,250.1521453857422,922000
2024-01-11,250.55509465674854,251.19227488006493,246.4508556130692,247.93136596679688,1046200
2024-01-12,249.21512137012655,250.80810062308893,246.82568108687107,247.50035095214844,1201600
2024-01-16,246.00106271328838,247.3691328430699,243.6303531133787,244.05203247070312,1435200
2024-01-17,241.81250721341408,243.84589631909319,240.81924723624363,243.76156616210938,1201300
2024-01-18,242.9182082743194,244.06139806674975,240.81924810311122,243.65847778320312,1157300
2024-01-19,243.78031307534977,244.56742318970495,241.0441438810956,244.2301025390625,2509600
2024-01-22,242.2060549530035,246.26342465701285,241.53138516108262,244.5017852783203,1501100
2024-01-23,245.83238554728385,247.37849542444988,244.03325663460328,246.6663360595703,1539800
2024-01-24,246.65703175899012,247.8283316747689,240.92232335053805,240.9691925048828,1768600
2024-01-25,242.8057779600355,247.12554683394495,242.09361847455716,247.05056762695312,1936400
2024-01-26,249.41189912043387,249.41189912043387,244.8203811687709,245.4107208251953,873200
2024-01-29,245.4107193399796,245.71995848965693,243.40546902623615,244.689208984375,1192400
2024-01-30,243.56474335604594,245.75741301153784,242.833853470882,242.95567321777344,2053700
2024-01-31,244.6704377975653,244.80163709002113,239.33869357813595,239.61044311523438,1941500
2024-02-01,241.58762315168366,243.81778259002783,240.02275400585984,243.2180633544922,1517100
2024-02-02,240.92229983876734,243.6303587059375,239.41367942064244,241.91558837890625,1934600
2024-02-05,212.70805602037325,213.68257121934923,203.36576712972783,204.29344177246094,7998200
2024-02-06,204.9399829085802,206.13001317133129,198.87733420076813,204.321533203125,4983100
2024-02-07,204.59325550651766,205.79266524221924,199.6550663205009,201.8196258544922,3469400
2024-02-08,200.5546389455168,206.86091316380188,200.33912378241496,206.06443786621094,3243700
2024-02-09,205.6709001928857,206.09256530342716,202.86914564383915,205.9988555908203,2381700
2024-02-12,206.50481855581026,209.31593772243727,205.32413935504837,208.57566833496094,1946400
2024-02-13,206.82343520510238,208.6038051868273,202.71919611907327,203.90924072265625,2769700
2024-02-14,204.20909033844845,205.56780957732815,202.68172508552462,203.34701538085938,2117100
2024-02-15,207.21700940461486,214.07614855054493,206.39240969139627,212.6612091064453,2429400
2024-02-16,212.58620486572792,213.49513457288415,211.68665470691045,212.56747436523438,1694100
2024-02-20,212.19267111191994,213.86060090059325,211.07759140304535,213.7294158935547,1927100
2024-02-21,214.58211489352763,215.3973349467728,212.66118043770066,213.73878479003906,1582300
2024-02-22,213.33581898165926,217.25265221943027,212.80171380719858,216.9246826171875,2181200
2024-02-23,216.64360922405265,218.61139861706036,215.19119460522253,218.1334991455078,1795400
2024-02-26,215.60348390228575,217.32763370075892,214.1229593042188,214.91944885253906,1657100
2024-02-27,215.5191382803997,219.18296706270849,215.14432810697477,217.1402130126953,2338100
2024-02-28,216.45620568067355,219.7920652640747,215.2849058663842,217.77743530273438,1793600
2024-02-29,219.16424405703648,222.6875086510753,218.7425789954826,219.30479431152344,1726300
2024-03-01,218.99558824650504,221.60055786914535,217.77743358960794,221.1414031982422,1292400
2024-03-04,220.5791743703121,224.4304087152522,220.5791743703121,223.39967346191406,1861700
2024-03-05,223.03419204425114,225.22686149740568,222.76244252596888,224.4959716796875,2566600
2024-03-06,226.82925313290446,228.53465829842875,225.5454987603486,227.79440307617188,2325400
2024-03-07,230.51181465447465,232.38589444841347,228.90010488783975,229.73406982421875,1993000
2024-03-08,230.08075301942546,230.5024323803963,226.22015350440384,226.398193359375,1726700
2024-03-11,227.93493191825513,233.6415008829397,227.15718716654504,232.32965087890625,1452000
2024-03-12,231.94547130969758,232.5732862890497,228.57212215397675,229.45294189453125,1632600
2024-03-13,230.01514564882277,233.42596972348773,229.53726052971814,231.72055053710938,1144500
2024-03-14,231.12087289981545,231.8236527861495,229.30302760422987,229.70594787597656,1416100
2024-03-15,228.0380132754595,231.0833927186157,227.70067836521693,229.22805786132812,2369600
2024-03-18,229.17186232835175,233.2011225850989,229.17186232835175,230.14637756347656,1172400
2024-03-19,230.41809601098376,230.74606568144355,225.88282651705134,226.59498596191406,1156600
2024-03-20,224.70212913470422,225.37679888121235,222.67811989517983,223.9056396484375,2848600
2024-03-21,224.12119361979993,224.486652902406,220.58856353554776,220.6635284423828,2328600
2024-03-22,220.20435727985262,222.5375915745143,220.166881978285,221.80670166015625,1153800
2024-03-25,221.113290032114,223.77447972021687,220.39176535888498,222.60317993164062,944200
2024-03-26,224.08369046772253,224.08369046772253,221.33817079929318,222.85617065429688,1097100
2024-03-27,223.84009359482428,227.80376832776204,223.55897876808464,227.79440307617188,926600
2024-03-28,228.1719351339382,229.79546557656855,227.27522125530115,228.68165588378906,1439900
2024-04-01,229.3046286254915,230.92815907887234,227.98315704853493,229.76715087890625,851300
2024-04-02,229.4462207181933,230.05032405911248,223.97152608944822,226.387939453125,1227300
2024-04-03,226.65224682022668,227.76607097096235,225.50067250980396,226.1614227294922,1009000
2024-04-04,227.59613362714845,227.8981924824879,223.32021197659188,223.81105041503906,829600
2024-04-05,223.59398365477065,226.34075791209753,223.3580055444977,225.2930145263672,1588700
2024-04-08,226.08591965775693,227.31300875374833,223.99986675427536,224.3019256591797,1013600
2024-04-09,225.47234923781977,226.26524659605627,223.72611994843447,226.21804809570312,890800
2024-04-10,222.38579518537136,223.54680355063942,221.5173829934887,222.67840576171875,1407400
2024-04-11,223.23527618892606,224.86824056120025,221.77220913035174,222.99929809570312,1737600
2024-04-12,221.17757597010225,222.16867253713886,217.7417207666535,218.54405212402344,1520100
2024-04-15,220.05428689139137,221.1208980341061,216.77890994230273,218.1947784423828,1307400
2024-04-16,217.66619567777434,218.15701973416827,214.76837782313982,214.9854736328125,2590000
2024-04-17,216.31640419742004,217.24143432179875,214.98548424921705,216.16537475585938,1452500
2024-04-18,217.9682633044034,220.43187539851723,215.66511459996454,219.9504852294922,1302000
2024-04-19,219.99769053121693,222.49905286368298,217.94938775728176,218.64788818359375,1797200
2024-04-22,218.92161718791252,221.42299393156736,216.33530617971536,221.21533203125,1591200
2024-04-23,220.3752167160053,221.99874710441662,219.07261306873215,220.6017608642578,1175200
2024-04-24,219.39356151198982,221.8949381197231,218.75170796622209,221.51736450195312,1297300
2024-04-25,221.3286052189116,222.74447400890483,220.3752587520492,221.89495849609375,1037600
2024-04-26,221.70612951190702,225.02869049590814,221.30968806732594,222.8388214111328,1251400
2024-04-29,223.7072118862201,226.10474275647536,223.3296527328276,224.76438903808594,1623400
2024-04-30,219.53515350081918,223.8488257928609,215.97659962629191,223.08425903320312,3555900
2024-05-01,220.85662742363712,227.36018352217062,220.42243576936193,224.16976928710938,1845100
2024-05-02,225.28358902678093,230.43735748551958,221.9515791371373,230.02203369140625,1811400
2024-05-03,230.53172663672328,233.51449334494174,230.390145534703,232.07974243164062,1559500
2024-05-06,233.55224499106185,233.85430388124178,231.1547137628414,233.7127227783203,936900
2024-05-07,234.6755106827957,234.99645186474396,232.7027371024227,234.70382690429688,1099800
2024-05-08,234.65663888561267,235.02476416194204,231.96648266423273,232.4573211669922,891300
2024-05-09,233.4861786534501,236.73323970867585,232.8631929945604,236.55389404296875,840300
2024-05-10,237.73379168935838,238.7343365880135,235.86484905973924,236.4972686767578,1555100
2024-05-13,237.46948201676864,239.49888790444416,236.02529720493328,236.2235107421875,2289400
2024-05-14,237.6488311355718,238.04527261881108,234.4395203046971,234.61886596679688,1613400
2024-05-15,236.09135686920985,237.64882091814607,234.65662044001732,237.4883575439453,1068100
2024-05-16,238.3662061958458,243.65212159607995,237.99808092210182,242.62326049804688,2746000
2024-05-17,243.52939015728575,248.23008410487128,241.5094182724096,247.96578979492188,2877900
2024-05-20,246.89919178075576,251.48659255977464,246.49331633193015,251.2789306640625,2246000
2024-05-21,251.18449727501485,252.26057116219206,248.92856177672053,249.8158416748047,1900200
2024-05-22,248.46604190811345,249.85359412353,246.61595308361342,249.80638122558594,1060000
2024-05-23,249.66480031756845,250.3255504419099,246.74811480270463,248.24893188476562,1466500
2024-05-24,249.77807932275897,251.49600669856213,248.67371801397024,249.7686309814453,1070600
2024-05-28,249.38164597891833,250.45769104253773,248.25838801584047,249.7875213623047,1207700
2024-05-29,247.7864413673145,249.3533393323027,245.00188839951323,245.67205810546875,1109100
2024-05-30,246.22898532546014,246.83310311403477,243.83146846759885,245.88919067382812,1185600
2024-05-31,246.83306902693673,251.9585059560261,245.9269212751334,251.74142456054688,2569000
2024-06-03,251.32609979351454,256.3193751515978,250.81637908265807,255.7152862548828,2101800
2024-06-04,254.6675244455869,255.979576356176,252.39272117476884,255.1394805908203,1453800
2024-06-05,255.7719491955862,256.72530995617484,253.8652564803298,255.16783142089844,804100
2024-06-06,254.63920984929268,254.9507170384423,252.19448045813863,254.59202575683594,1341300
2024-06-07,255.15838233847794,265.42815287160585,253.3838225882204,263.851806640625,2225300
2024-06-10,265.1922145248548,266.9478778561708,262.81353671349524,266.4759216308594,1942000
2024-06-11,265.2771382895689,267.27822788811784,264.3143292445136,265.0600280761719,1700700
2024-06-12,266.77795038824877,267.69354651414693,264.96562601320136,267.17437744140625,1400200
2024-06-13,267.04226367963395,270.5347223171335,266.61749157227285,269.3076477050781,2049400
2024-06-14,267.62751026994823,268.6091873366969,259.4437762112543,259.7080993652344,1503300
2024-06-17,258.09395951489483,259.70807045225513,255.92297252654677,257.7919006347656,1217500
2024-06-18,257.40493027362527,260.73693998751213,256.32885628038616,259.2927551269531,1160600
2024-06-20,258.5565467697865,259.9252027281922,256.7442219403064,256.810302734375,1146600
2024-06-21,253.73310261947833,259.8402173049095,253.29891095943793,257.6031494140625,2500400
2024-06-24,258.5659405227808,258.5659405227808,255.30001138503232,255.7058868408203,2891100
2024-06-25,254.98849276052522,255.13007385001174,250.50490915596833,252.1095428466797,3646000
2024-06-26,251.00521583232447,251.09958403426134,244.41669644428896,248.90972900390625,6456100
2024-06-27,250.11792440376254,250.13679228210503,246.71038557510468,248.31504821777344,2748000
2024-06-28,246.89917395379635,247.7298214766693,242.95362702607048,243.5765838623047,2606700
2024-07-01,243.81421093191761,245.11629754972884,234.4619677084659,235.07974243164062,1974700
2024-07-02,236.2487773860608,239.39470349672246,233.80616134096425,238.55831909179688,2832500
2024-07-03,238.90046041365713,241.81827755288586,238.77689967891607,240.45916748046875,763700
2024-07-05,240.13602397725595,241.685217445806,239.4802239281295,240.14552307128906,1381400
2024-07-08,241.4666251495261,242.72120169370737,241.21000458322834,242.26498413085938,1182000
2024-07-09,241.66621156979087,243.21540498905756,241.2860302840558,242.07489013671875,1740800
2024-07-10,243.9757768242988,244.94520650925784,241.5141482257998,242.98731994628906,2172300
2024-07-11,243.4435606575246,249.52631701437517,243.0633793211995,245.2113494873047,1410500
2024-07-12,247.95807380503956,250.6572956303964,245.55345440261124,248.35723876953125,1054700
2024-07-15,247.26424328410812,248.50930613185625,246.02866502731217,246.96009826660156,998500
2024-07-16,247.41636290931342,255.93222198714815,246.3803959382097,254.2689666748047,1210800
2024-07-17,254.50656913319344,258.44136982457525,254.44954555837953,257.063232421875,725300
2024-07-18,254.44951098668554,259.24917824557787,253.2804698520957,253.37551879882812,696900
2024-07-19,253.91727875340652,253.91727875340652,248.92751346226143,249.87794494628906,762600
2024-07-22,249.8399553646795,249.96351611608662,235.7355536012993,236.2297821044922,3865900
2024-07-23,237.03763157581125,243.31048583984375,236.1157117778639,243.31048583984375,3224100
2024-07-24,243.70016334248822,247.35933070295025,243.52909262035624,247.30230712890625,2826900
2024-07-25,244.8311537404234,247.82500708544873,244.6030304631331,245.81961059570312,1760200
2024-07-26,247.06469678551105,250.41020545068685,245.8671437327226,248.04364013671875,1042900
2024-07-29,248.55685039790194,253.166449251309,248.06263642990947,252.5676727294922,1539600
2024-07-30,251.54118587816842,254.07882155489344,250.87587227486839,251.13250732421875,964600
2024-07-31,252.71971994102256,254.76314178331853,250.38166666590035,250.77134704589844,1813000
2024-08-01,274.3040273886569,281.3277302520845,268.02168895637783,273.2205505371094,3842800
2024-08-02,268.78196047448125,271.79484046251235,263.6401526574105,267.7745056152344,1832100
2024-08-05,261.9579209639262,267.1282705569721,261.7583384736607,264.6666564941406,1111500
2024-08-06,264.9422646287609,268.1547273807228,264.0203450165402,264.7521667480469,838500
2024-08-07,266.7385905697403,269.26674180142396,263.6306900543137,263.6877136230469,1167900
2024-08-08,263.2694888805554,266.2158319217076,263.18395353803703,265.36993408203125,940800
2024-08-09,265.1608763358263,266.23486857740676,263.05091723423374,264.4385681152344,1228700
2024-08-12,263.8778680551522,263.991915217052,259.46785109587216,260.35174560546875,1375600
2024-08-13,261.1500604334083,263.59267642085024,260.1140935487637,262.8418273925781,695300
2024-08-14,262.5282144695635,263.5071578452772,259.75294146969935,262.7848205566406,706600
2024-08-15,263.7542394860253,264.2199416123461,258.31777046243997,260.3041687011719,846400
2024-08-16,260.76036975184337,262.4141402682464,259.771941885453,262.35711669921875,764900
2024-08-19,261.68230907145437,263.63071117549424,260.15212817974276,260.579833984375,548000
2024-08-20,259.7244164596551,261.74884028036604,258.6314259897736,259.86700439453125,564400
2024-08-21,259.5153174838245,262.8418278365079,258.39381524037395,261.8628845214844,598600
2024-08-22,262.04345543202083,262.3571140633888,259.79093746345814,260.826904296875,545800
2024-08-23,261.9294595655534,262.70882049347716,260.4467884857764,262.1860656738281,514200
2024-08-26,262.0815133832428,265.77870622511216,262.0815133832428,264.94232177734375,1058500
2024-08-27,265.0278685108575,265.94027476353494,261.28316553033886,264.13446044921875,1595300
2024-08-28,264.3625192228554,265.86421725432,261.74883256524066,263.0699462890625,670200
2024-08-29,263.8112363646933,265.5885383456128,261.97691082325275,263.3645324707031,506700
2024-08-30,264.1154259041602,265.4269970222221,260.7794020266969,265.02783203125,919000
2024-09-03,262.82279947604013,264.68563693832897,260.2851348218851,261.5492248535156,1600000
2024-09-04,262.1670117644272,265.17037867371704,260.78890354341553,261.0550231933594,718500
2024-09-05,261.02653546715703,261.75835732073443,257.4433899515795,259.99053955078125,1008700
2024-09-06,259.3062460445536,261.3782090192332,254.0978993316359,255.39047241210938,1066100
2024-09-09,255.8466593528398,260.3707226017605,255.15283391189098,260.2471618652344,1244900
2024-09-10,260.7604108998955,262.300134521212,258.4793807642415,261.5873107910156,771400
2024-09-11,263.27902081902823,264.6856407782617,256.7400479122023,263.9443054199219,914400
2024-09-12,263.60213510016996,266.51996624359236,260.1900901070411,266.1397705078125,1400400
2024-09-13,267.0142331953749,272.289116522438,265.87370377093896,270.0461120605469,1044800
2024-09-16,272.77387548633527,275.59665856358384,272.12758894460995,274.5511779785156,1311500
2024-09-17,275.2544831125942,277.4024678207574,274.7887809078536,276.69915771484375,1056300
2024-09-18,277.3358707406231,277.5069704362107,272.49817839830183,273.0589294433594,1016900
2024-09-19,275.84378360107087,277.0888467213272,273.26809298920386,273.45819091796875,958300
2024-09-20,272.57427586854044,274.6176979264752,271.56682073290983,273.7052917480469,4148400
2024-09-23,274.80778661657985,278.5619737586621,273.92386324962587,277.5735168457031,1539100
2024-09-24,278.9421373248522,282.7818887842843,278.9421373248522,280.93804931640625,1294600
2024-09-25,282.4016962735112,282.4016962735112,278.95162553160924,281.06158447265625,1349400
2024-09-26,281.3657815956505,285.5571884711195,281.3467544003568,284.6162414550781,1798700
2024-09-27,286.08942239017773,287.0588521709114,283.7038298160289,285.47161865234375,1057100
2024-09-30,285.1294911290541,286.6501875493834,281.88851576596926,282.98150634765625,1031000
2024-10-01,282.74242900635267,282.74242900635267,278.3442926145522,278.64068603515625,1267400
2024-10-02,278.2295834245353,279.5012040773246,275.95402408744496,277.2734680175781,1347000
2024-10-03,276.57546158057494,277.40730639912215,272.46417747299694,273.0473937988281,982200
2024-10-04,273.4968296417513,274.5485625371774,271.5081222217608,272.9709777832031,919000
2024-10-07,292.5712983492654,299.26410582784337,288.07754451374734,298.96771240234375,4243100
2024-10-08,295.68822571649616,298.71909486432446,292.3800457846318,296.73992919921875,1556600
2024-10-09,297.868235657253,304.3506976806059,296.5965856826764,300.19158935546875,2375200
2024-10-10,300.20116903148653,309.6571365896127,299.43625908923156,300.8034973144531,2574100
2024-10-11,301.8934203038362,304.02556802823125,301.6448209769734,302.76348876953125,775700
2024-10-14,302.97386172596293,306.5401536010136,302.14204597149615,306.2820129394531,1058000
2024-10-15,307.31466031055174,310.27859505127867,306.0430103413613,309.04522705078125,2092400
2024-10-16,309.6666323352234,314.2942269501232,308.89218126572865,312.3628845214844,1886500
2024-10-17,312.3629043669105,314.59064034993696,310.2690093635189,314.342041015625,1182000
2024-10-18,315.47026728383946,317.59284450025194,313.6440834877901,317.5259094238281,1074100
2024-10-21,315.91968708936366,317.8414593467756,314.5428784754494,317.0096435546875,857800
2024-10-22,315.6041150387528,316.08217271777994,312.5732456935827,315.871826171875,1246900
2024-10-23,315.25994153925376,315.87184022289875,310.7852992889856,312.2864074707031,1045100
2024-10-24,311.1199827607462,311.50242313109914,306.3298638716233,307.9648132324219,1588200
2024-10-25,308.5862796219014,308.5862796219014,303.9395722674301,304.0638427734375,1294800
2024-10-28,305.91865247798614,305.91865247798614,301.6352744784586,304.29327392578125,1185600
2024-10-29,302.87822653872513,303.1937317731924,300.774761047858,301.4631652832031,1579400
2024-10-30,301.7213607482493,301.7213607482493,298.2315451776631,299.0442199707031,1042900
2024-10-31,295.20064253688315,300.5166420568844,293.65174019032327,296.90252685546875,2280900
2024-11-01,296.24282985955193,298.8817180375556,295.35364942681775,295.6404724121094,794500
2024-11-04,296.9885500700376,297.6387015155758,291.7681683459741,292.6573486328125,1608000
2024-11-05,292.1315163780118,294.9138157781003,289.91332157969464,292.9250793457031,1502800
2024-11-06,297.86819984853145,297.86819984853145,288.5747569945653,293.269287109375,1871400
2024-11-07,296.1663300832227,304.64706942624247,289.2249226036697,299.092041015625,2141700
2024-11-08,297.3040927284152,300.8130198761856,294.94248654371984,299.2545471191406,2585100
2024-11-11,299.0537707310105,301.21460085102075,296.52964127233435,300.1341857910156,1940800
2024-11-12,300.4401477881799,301.79781529436406,295.83166463189923,297.46661376953125,1021000
2024-11-13,296.8738362180794,299.30237754097044,295.3057929326189,299.1589660644531,955200
2024-11-14,298.89121474812947,304.42713096477723,297.47618266074835,302.0177307128906,1081200
2024-11-15,301.62576166641657,303.4901985857074,300.2776352934159,303.1842346191406,1113000
2024-11-18,306.5114712768343,313.69190748302964,305.5649263395396,313.5007019042969,1898400
2024-11-19,311.6170975463266,313.64405722358754,308.30891774716025,313.6058044433594,1881500
2024-11-20,313.9118082566206,316.139544251373,311.2346676882499,313.4624328613281,1694300
2024-11-21,312.51589366963594,315.69977457707813,311.6076014651622,314.447265625,1972000
2024-11-22,315.25994222751694,318.09003564949717,314.5141733805652,317.26776123046875,2200200
2024-11-25,318.3865010089524,321.6564292631866,318.3865010089524,319.3139343261719,2640600
2024-11-26,319.2373903233983,320.94881591001587,315.8814158754424,320.08831787109375,1785000
2024-11-27,319.2565543547646,321.465178993249,318.1761390891715,318.5968322753906,1293800
2024-11-29,318.29081251066395,319.9353321745098,316.7705925180089,319.6580505371094,769800
2024-12-02,321.1591601220585,321.1591601220585,316.8566407805588,320.8914489746094,766200
2024-12-03,321.9432046635481,322.21091583004227,314.72454448171396,316.1300354003906,1441900
2024-12-04,315.4703099837228,315.4703099837228,311.3303136720672,313.10870361328125,974900
2024-12-05,300.688700925845,309.1694392381138,298.8816581240851,307.8404541015625,1730000
2024-12-06,308.95919190809127,310.1638776562214,305.9952278762942,306.0621337890625,1020300
2024-12-09,308.2899109762295,308.2899109762295,302.03690689227085,302.7253112792969,1216000
2024-12-10,301.7786869909041,302.40015612121056,297.8108141976748,301.3771057128906,742100
2024-12-11,301.1572687835917,302.20897248425587,297.858658658187,298.6522216796875,858300
2024-12-12,298.4992741215098,299.4171368418791,296.606154906064,297.24676513671875,653100
2024-12-13,297.2275801401433,298.70000597857046,293.90031732961825,298.5948181152344,1025300
2024-12-16,297.6578720598237,298.34627635827206,292.86772426735683,293.2597351074219,984800
2024-12-17,292.35137052867384,293.623020242554,290.4487103813034,291.337890625,924200
2024-12-18,291.31883185890473,291.83514239499044,281.73856512447753,282.3504638671875,1043200
2024-12-19,283.15358772167696,284.7407428871155,279.77850131407627,280.30438232421875,1041300
2024-12-20,280.05578727940104,284.30094232260296,279.67334692507256,282.04449462890625,2258700
2024-12-23,280.5433625781349,282.0540119051307,277.9809514130983,280.6676330566406,797200
2024-12-24,280.25653757076867,283.0292663574219,279.4725159506252,283.0292663574219,296100
2024-12-26,281.90109581197555,283.20142808912374,281.25094426256646,282.13055419921875,418500
2024-12-27,280.30436075490735,282.8476020065807,278.63115882819665,279.96014404296875,457000
2024-12-30,279.1666243733805,279.1666243733805,275.2561153371921,276.02099609375,816100
2024-12-31,277.18743738182343,278.1626646498926,275.5333471266227,277.3117370605469,777900
2025-01-02,275.66674118385396,279.1779846629061,272.10738078413794,272.52105712890625,918100
2025-01-03,272.98280052254296,276.52293188316673,271.7803178292912,273.11749267578125,1581600
2025-01-06,273.5118923262471,274.406532344712,271.2512191418312,272.4729309082031,1458200
2025-01-07,274.9837000856265,281.26546740255776,274.25258134156354,275.4454345703125,1260200
2025-01-08,275.4070290133461,276.34975667178344,273.4253398504216,274.40655517578125,1041700
2025-01-10,282.55455848665326,283.9975376367572,278.97596902009604,281.9388732910156,2423500
2025-01-13,282.583424096852,290.5486680341166,281.79458842889545,290.2696838378906,2290700
2025-01-14,294.65630404121265,297.474945371012,292.8381657425197,296.2532043457031,1949300
2025-01-15,296.73421643601955,299.48551187605597,288.7882314206374,295.2335205078125,2212000
2025-01-16,297.45569112982906,300.33204931307995,294.6563082689139,300.1973571777344,1237800
2025-01-17,302.544604591849,305.9981308956115,299.4950959780342,305.7191467285156,2315400
2025-01-21,306.7966409540685,308.807188517953,306.1520973056041,307.6047058105469,1975100
2025-01-22,308.4704430438128,308.4704430438128,302.60232240565483,304.93994140625,1621300
2025-01-23,307.3930222340687,311.8758806274215,302.3425956096293,311.6834716796875,2269800
2025-01-24,313.6940216348709,317.3976737293657,313.0495074336571,316.7435302734375,2052100
2025-01-27,313.30924793316433,315.5699210868123,308.2588210262315,314.2038879394531,2109300
2025-01-28,316.2144153588494,316.2144153588494,312.3953296978949,314.5694274902344,1699600
2025-01-29,314.90616344629206,315.38715650811395,311.8277961076372,314.86767578125,1650100
2025-01-30,314.25197637779803,322.4865741064086,313.2515027277616,322.36151123046875,1381400
2025-01-31,323.6217505663544,325.1513049573085,320.6588169093914,322.5154724121094,2367600
2025-02-03,318.30191607769785,326.2094417670712,316.67615747235055,325.2185974121094,1789800
2025-02-04,324.4779249135085,328.1719776581515,322.39043135505204,322.909912109375,2022100
2025-02-05,321.20717688469176,323.2946997947417,317.9172006174094,320.4856872558594,2117800
2025-02-06,317.3880880102307,323.8430363074012,305.88274171006515,315.6565246582031,2662800
2025-02-07,307.7393261883375,307.8932474765671,295.82993439860877,298.6389465332031,2902800
2025-02-10,298.8891028999034,299.4566711947796,292.3668381004538,298.7447814941406,2782700
2025-02-11,297.62886150744333,299.8991343672767,295.858781439544,297.72503662109375,1265900
2025-02-12,294.8583152179854,299.58166963186164,294.8583152179854,298.5523376464844,1372800
2025-02-13,300.3897811661781,304.1030333239898,298.4561797610825,303.1795349121094,900300
2025-02-14,304.3723517205381,306.3059528935669,303.09292331166887,304.1029968261719,1171400
2025-02-18,303.9875684671974,305.2862554065125,299.83178200438175,304.9495544433594,1260200
2025-02-19,302.8524704540592,305.1612312180357,301.49606653282007,304.9976806640625,971500
2025-02-20,304.15117573820714,305.62301338199916,301.54417211909833,302.3330078125,1073500
2025-02-21,302.1117302366013,302.79476152143803,294.8295175959411,298.1098937988281,1392900
2025-02-24,297.1286242016131,299.4855017483497,294.06951563275516,297.6288757324219,933100
2025-02-25,297.9751684303833,306.15204956568033,297.9751684303833,305.2958679199219,1257300
2025-02-26,305.2381764570637,305.31515178492043,301.1401356520096,301.9193420410156,950000
2025-02-27,300.8226722285994,303.89141030880694,299.4951266819909,300.5340881347656,1048100
2025-02-28,301.3613118526394,304.6994040947141,299.4181109063735,304.1318359375,1375100
2025-03-03,306.9409400378786,309.2497010174825,297.6673790943592,298.84100341796875,1222500
2025-03-04,299.41817428929824,300.46673561772633,293.08831865454846,293.7424621582031,1618600
2025-03-05,295.38745947088074,302.9486857375592,293.95410952797755,299.7356262207031,2285900
2025-03-06,298.725543694913,300.76494953815484,296.28209077070517,299.1391906738281,1378200
2025-03-07,298.18682634024316,306.5464877225938,298.0329050445716,304.38201904296875,1383800
2025-03-10,301.0439058917066,304.36276938654925,289.97143746433056,292.1647644042969,1591400
2025-03-11,292.09747965207305,293.0498365167502,285.60407334021284,286.7488098144531,1128400
2025-03-12,287.23941567781156,287.7300379654462,281.544474612165,283.4491882324219,859500
2025-03-13,283.44918399806375,285.0749427725222,280.64020116990577,281.7176208496094,1081700
2025-03-14,282.72771175519455,283.4299721839355,279.0721762815118,280.822998046875,1143900
2025-03-17,280.65938249854753,285.72903755373613,278.93741954093,284.38226318359375,1178800
2025-03-18,285.13262831768594,285.13262831768594,278.3891268041667,280.72674560546875,1356200
2025-03-19,280.72679092072354,283.85324574764945,279.591654367821,282.82391357421875,1028500
2025-03-20,281.17891722193707,283.2568106604806,279.22608666995865,281.78497314453125,860600
2025-03-21,279.70711050693546,280.5921213504933,276.426734117089,280.5632629394531,2875100
2025-03-24,282.64113122364756,283.7281802043504,280.6305838151072,282.2948303222656,1023000
2025-03-25,283.3818423965346,283.3818423965346,280.00529126806504,282.0158386230469,791000
2025-03-26,282.2467014218795,284.7382417704532,281.14042333500083,284.0360107421875,789000
2025-03-27,283.7377849710772,286.10426233206715,281.18849856237694,283.90130615234375,627800
2025-03-28,284.8152327774193,285.70987280809237,280.9865175158751,281.15966796875,604700
2025-03-31,279.6397120011533,285.1230439306667,277.619535534623,283.70892333984375,1150100
2025-04-01,281.51189205971394,285.11233431662595,279.7987896005997,284.0186767578125,702100
2025-04-02,282.03455194004556,285.87695941751514,281.0183102003918,285.4801330566406,751400
2025-04-03,279.9536272381442,282.09259050180685,273.1011884422821,274.09808349609375,1067300
2025-04-04,269.71367197292375,270.2556714366133,254.24725207264294,255.00218200683594,1762300
2025-04-07,250.7242485551189,258.55426592516096,241.1037276732536,250.7726593017578,2081000
2025-04-08,258.1864571159446,258.1864571159446,235.85790996259814,240.61978149414062,1670700
2025-04-09,239.18735247852462,262.2514534990455,236.76770140669356,261.5158996582031,2285500
2025-04-10,259.1639388360949,260.0253486705596,248.79816341584328,253.6181182861328,1854500
2025-04-11,255.23448781475423,262.493441667994,251.96311455234613,260.3641662597656,1003100
2025-04-14,263.32580821223337,265.6873901493318,260.56739993342694,263.81939697265625,818000
2025-04-15,258.43806697551526,262.2901619053644,256.7152766876439,256.7733459472656,1305300
2025-04-16,257.36375547745126,259.5220947437192,250.67583675174888,252.92127990722656,1556800
2025-04-17,254.95379152514573,257.1992051344108,253.92783235968062,254.4504852294922,2233300
2025-04-21,252.98905866390533,254.45050786684905,245.87526363960035,249.30148315429688,1082900
2025-04-22,251.546911398472,258.796205860613,250.75325878371467,256.8314208984375,1463900
2025-04-23,261.0319937167209,264.79695577547363,254.46990058118834,256.23138427734375,1001400
2025-04-24,257.3540592076359,260.67381309416066,254.65372058130572,260.2092590332031,813600
2025-04-25,258.0799694887,259.96730908147185,256.23135258217997,258.5251770019531,668500
2025-04-28,259.0575603940867,261.3804198249967,256.5894982501271,260.7900390625,916100
2025-04-29,261.477200662537,264.303336829921,259.8705486608558,262.2224426269531,1145900
2025-04-30,259.1156037907914,263.33546122295155,256.25074509662954,262.3772888183594,2560300
2025-05-01,250.30803510843916,268.1941047322288,245.84619837341435,263.4128723144531,3669700
2025-05-02,263.7420073008267,272.56889103947174,263.50973021404997,268.69744873046875,1446900
2025-05-05,265.34864353843784,267.94250264156193,263.1612693128695,263.4613037109375,960400
2025-05-06,263.42261246281777,265.997095470658,258.0896915106646,259.0188293457031,1185200
2025-05-07,259.0381751927349,260.34476312128265,254.53760064149432,256.10552978515625,1379200
2025-05-08,257.97350398375085,263.2192904999969,256.00874866976693,260.973876953125,1073400
2025-05-09,261.6223629457334,263.7226331751569,260.70288367868585,262.416015625,913100
2025-05-12,269.2878302145781,272.7043765050632,265.048596614146,267.3327331542969,1358300
2025-05-13,267.3230572020694,268.1554029774793,264.49689180716007,264.8453369140625,868300
2025-05-14,263.66455191131047,263.90651701933774,259.52211044335417,262.7547607421875,944300
2025-05-15,262.29018498820363,266.60683437491303,261.6998042845084,265.60028076171875,1253500
2025-05-16,265.35833596806754,270.00405472295597,263.6355453966475,269.96533203125,918200
2025-05-19,267.3134024007287,269.684672516213,267.25533313181364,268.416748046875,732600
2025-05-20,267.82633071528204,268.7554684277618,266.0648177007903,266.8100891113281,1050700
2025-05-21,265.0969603171254,266.05516220774996,260.7512765292089,261.0029296875,605000
2025-05-22,260.1512114885339,261.38038359307905,257.0346997435652,260.58673095703125,1016700
2025-05-23,258.45745261308866,262.1449984187599,258.26386871604456,261.1674499511719,527600
2025-05-27,262.8902665511152,265.9874319925265,262.7644399591488,265.73577880859375,788100
2025-05-28,266.16161514074287,267.73923234909444,262.7063463571853,263.0257568359375,1454900
2025-05-29,263.55806658061874,264.87437210081004,259.8898673467338,264.39044189453125,1291800
2025-05-30,265.79379384760256,270.4685756897277,262.3965947046578,269.9459228515625,2872900
2025-06-02,269.68463703755236,270.03305260520676,266.6939223980746,269.7427062988281,1346400
2025-06-03,269.22977011379083,274.5142802094696,267.65215276217083,274.1852111816406,1395600
2025-06-04,274.58204647825625,275.7434614019399,270.7492974808494,271.2041931152344,1401300
2025-06-05,271.81394868301743,274.02066951792125,267.05209139879514,267.3424377441406,1151300
2025-06-06,270.2846871252479,272.47203140157507,268.74579273403975,270.7879638671875,1078600
2025-06-09,270.4201861270513,272.70435199869496,268.7941877662741,270.9234924316406,1101200
2025-06-10,271.2525664757198,273.1495645986594,269.34588029697136,272.82049560546875,1340900
2025-06-11,272.617269195364,274.6013713267978,270.7105829046793,273.139892578125,1069800
2025-06-12,271.76554352747803,274.9691592481633,270.1685796952576,274.1755065917969,678400
2025-06-13,274.7755856353704,275.8692727087095,270.29438686636547,271.3590393066406,932900
2025-06-16,273.9722493631171,274.8723524425054,269.80077341962374,271.4170837402344,889400
2025-06-17,270.6911682956699,271.3783703920913,268.1069977714755,268.14569091796875,1154600
2025-06-18,268.43607450241626,270.245968634559,266.35518065321617,266.5293884277344,718800
2025-06-20,267.1778574186599,267.3714413175742,261.7772092653228,261.8062438964844,2050300
2025-06-23,261.3222664379692,264.5839507413333,257.97347825686904,264.4000549316406,1133000
2025-06-24,265.6099006069088,271.98809657317463,264.3516940052399,271.96875,1580700
2025-06-25,271.9688154721091,273.6141902273917,271.2041973647239,272.9366760253906,1617300
2025-06-26,273.66257587338504,274.23361006466007,271.9300971846541,273.904541015625,1462800
2025-06-27,273.0818372257069,275.5982804612386,272.3753179563205,273.2754211425781,2433400
2025-06-30,272.094617315145,274.2142340969327,269.16200128697756,272.9947204589844,1286100
2025-07-01,271.2122100121621,279.7740460364084,269.3128165500789,278.0597229003906,1324400
2025-07-02,278.6149451045215,282.96891345691637,277.660373369796,282.76434326171875,1113800
2025-07-03,280.97210752573227,285.07284517194785,280.97210752573227,284.2643737792969,682400
2025-07-07,282.8422905609759,283.7383924592129,280.08573534863905,281.517578125,979700
2025-07-08,282.80330529829024,285.355290172409,280.40717068619216,284.7611389160156,968300
2025-07-09,285.2189584366523,287.8780738193903,282.9299540093614,286.6020812988281,1040400
2025-07-10,286.9722198466653,289.66058500302495,285.9787078097237,286.4657287597656,982100
2025-07-11,284.04032069873244,284.82932191984446,281.25457536332453,284.3909912109375,1042300
2025-07-14,282.84226186478094,284.5176149452046,281.4006693035896,283.2513427734375,617600
2025-07-15,284.45920658751186,284.45920658751186,276.87141181569535,279.2091064453125,816900
2025-07-16,279.19936773776914,282.35525379235065,277.49479451500974,281.48834228515625,959400
2025-07-17,280.7870081009838,286.36827809978536,280.7870081009838,285.95916748046875,1254300
2025-07-18,285.31634261983106,288.38456840373243,283.93319015806804,287.644287109375,2097600
2025-07-21,288.4040555451225,289.3099073558554,285.9787007856122,286.0955810546875,727900
2025-07-22,286.3975656869904,290.5080240817908,286.202745398451,290.3911437988281,739400
2025-07-23,291.76454246931917,292.7190845836853,289.31968759194046,290.1573791503906,654600
2025-07-24,289.5826404962272,290.712532649781,287.5468965237946,289.5047302246094,686600
2025-07-25,289.7579661620395,291.75473996737236,286.90400108888895,291.4722595214844,713000
2025-07-28,290.0988510104249,290.13782100483684,287.04037527050053,287.8877868652344,661900
2025-07-29,288.36506647506087,288.79364725025766,285.8423017497055,287.52740478515625,654100
2025-07-30,287.12807435758236,287.12807435758236,280.83577191323724,282.5987854003906,1539800
2025-07-31,284.94623501354727,288.81318267128904,278.56624252587517,280.4071960449219,1544300
2025-08-01,277.7675462461241,277.7675462461241,271.1732634509936,274.4363098144531,1072200
2025-08-04,274.95254831844915,280.17342839716775,274.95254831844915,280.017578125,855500
2025-08-05,281.4981103371927,285.4137480912582,281.4981103371927,284.8877868652344,773500
2025-08-06,285.55986081857264,285.6669911533468,281.4591232482509,281.5467834472656,560600
2025-08-07,284.4202254468124,285.53064744448795,280.3000176441619,281.06951904296875,670700
2025-08-08,281.3422526622417,282.75462527644396,279.92015984252436,281.2448425292969,1372200
2025-08-11,281.37146233492933,282.4916045089159,273.4719972590973,276.5791931152344,1115100
2025-08-12,277.9331005086901,282.0825283405857,276.7739883183286,281.7610778808594,1061400
2025-08-13,282.31631737859533,286.6118459779727,281.2643651437322,286.5728759765625,902500
2025-08-14,284.342304971435,284.81957595748264,280.87468869855377,284.5858154296875,1208300
2025-08-15,285.57931076601614,285.67672088872354,282.4526449872633,282.920166015625,1033300
2025-08-18,280.62146091137197,282.84227512438014,279.6571392735382,280.6604309082031,607200
2025-08-19,281.0890192995086,284.15727529271004,280.6896882492018,282.68646240234375,962400
2025-08-20,283.02734570208554,286.74819267969457,281.76107346983946,284.7806091308594,534100
2025-08-21,283.40718179406775,286.04685636248377,282.72537039820105,285.9007263183594,777200
2025-08-22,287.3423328074073,293.2937139746515,286.92350196486797,291.53070068359375,765200
2025-08-25,291.0534437708475,292.2125559541642,285.9299741109903,286.5339050292969,403800
2025-08-26,286.11504048626875,286.9527319256321,285.23840877560326,286.3390808105469,660700
2025-08-27,285.4527102803041,287.94625510900573,285.4527102803041,286.9429931640625,543300
2025-08-28,287.7514569272742,289.5826306392558,285.6377730297712,287.36181640625,541700
2025-08-29,287.83911571571184,288.6962772971255,285.55986136080645,286.4754333496094,510800
2025-09-02,284.5468455125662,285.8423080716555,283.4072034884519,284.60528564453125,868500
2025-09-03,283.6702123866296,285.00464493547656,282.8909610886695,283.7189025878906,606700
2025-09-04,284.089065324914,284.4104860741001,278.79027498842765,282.44293212890625,579600
2025-09-05,283.40723700049443,285.0923402724728,280.4948610867307,282.3357849121094,544500
2025-09-08,281.85848183045164,281.85848183045164,278.73181585442103,281.4104309082031,717200
2025-09-09,280.8162331555446,281.5078242213138,277.9622978755435,279.6863708496094,440300
2025-09-10,278.11818459350775,280.8260199066996,276.3649210505835,280.03704833984375,801600
2025-09-11,280.5240444061242,287.2352068200031,279.32596226532996,286.8747863769531,716400
2025-09-12,288.02417830548274,290.56641318962204,285.15074304391624,285.21893310546875,985800
2025-09-15,286.42673583221847,288.98847058043657,281.9169174397764,282.00457763671875,1002600
2025-09-16,280.9428690942386,282.8227626331687,275.3031884774484,277.55322265625,735900
2025-09-17,279.04351721837816,287.0598625428977,276.9882734773421,283.0857849121094,957100
2025-09-18,282.7448671309531,285.45270228591374,280.5338028317991,284.8585510253906,678000
2025-09-19,285.39428101730874,285.4624710854362,281.17669260568294,282.6182556152344,1374400
2025-09-22,280.4364239343079,283.4072400185842,278.8682009233799,280.0273132324219,834800
2025-09-23,280.58246154854083,281.06948241906537,267.57899836045783,269.40045166015625,1911900
2025-09-24,270.8810586849651,270.8810586849651,264.25755592116997,265.2121276855469,1284300
2025-09-25,264.2185886316871,264.6568896071982,258.4327779517672,258.8808288574219,1973500
2025-09-26,260.1860290283304,262.2217727307101,258.21847538294503,259.8548583984375,1178700
2025-09-29,260.8094369521536,266.4198974008746,259.5042245318631,263.4588317871094,1949200
2025-09-30,262.93285096767363,265.7965362932254,261.63735870233495,265.64068603515625,1616100
2025-10-01,264.19936592412347,267.0427436905134,260.7186839910615,263.4542236328125,1216000
2025-10-02,262.45413205674,269.46453811493836,262.45413205674,265.317138671875,1421300
2025-10-03,264.5621689283602,266.70941654608066,263.03262677899653,266.170166015625,841900
2025-10-06,266.05249373283766,268.2683518540936,264.8759091262071,265.6603088378906,909000
2025-10-07,265.02296309449645,267.82714331783217,264.0327015145131,265.6014709472656,745500
2025-10-08,264.53273120809195,264.8268923151796,262.5129506109373,263.3365478515625,853800
2025-10-09,262.90515995783113,264.1993670680436,256.49283095545303,257.5811462402344,1069500
2025-10-10,257.7968632841802,258.9146216558073,251.9434131971915,252.06106567382812,896100
2025-10-13,254.36519770747938,257.3654556034461,253.68866603272312,255.76727294921875,856000
2025-10-14,253.06115491759346,260.9049720096736,252.97291556592208,256.885009765625,1343400
2025-10-15,257.6596001822324,259.3950339763665,250.45308710186515,252.38462829589844,1161800
2025-10-16,251.09038997562212,251.98262777352815,246.84492211704878,248.23719787597656,2119300
2025-10-17,249.0608191530293,250.47270869561163,246.25665380064902,248.25682067871094,1324500
2025-10-20,249.26671486106179,250.33544638146034,247.90385214879603,249.2471160888672,969100
2025-10-21,249.24712710002686,251.82577208164852,248.60980791407138,249.73736572265625,1058700
2025-10-22,249.08040297601408,250.23737376654086,247.38418173388524,248.20777893066406,1098300
2025-10-23,249.57064795600965,250.7962443973293,246.81550954966613,249.95303344726562,956400
2025-10-24,250.39426663287603,251.8845811723524,248.62940471939672,249.93344116210938,829500
2025-10-27,250.75704631695268,252.42386954173438,249.62950351044262,250.766845703125,914700
2025-10-28,250.7570514552794,251.9238217521772,248.85492323622535,249.4628143310547,996600
2025-10-29,248.6784318775207,249.16867046737607,242.99166124301954,243.49169921875,1142900
2025-10-30,242.01117855814147,243.83486666935474,239.62861128597686,239.883544921875,1090500
2025-10-31,239.25604829241752,239.25604829241752,234.36346172431448,237.8539581298828,2161500
2025-11-03,237.18723144871626,237.34411138366258,231.3631947716566,234.68701171875,1472900
2025-11-04,233.85361569824207,236.58915551244584,232.48095357846262,236.0695037841797,1720000
2025-11-05,236.06948789652245,236.7656182958123,230.95139597010404,232.92214965820312,2160000
2025-11-06,244.52122152032766,259.149940339367,244.4231678106722,253.7377166748047,4254500
2025-11-07,251.62968823065114,255.64962089725418,250.0216912265778,254.6691436767578,1666900
2025-11-10,255.46332675987838,255.92415224845,251.45317853548667,253.3847198486328,1208400
2025-11-11,254.43385146762625,259.9049014665441,252.8748961995379,257.1105651855469,1113700
2025-11-12,257.39485065349237,260.6010300840281,256.06141609191263,256.44378662109375,983100
2025-11-13,254.92408312968362,259.14012330503516,254.92408312968362,257.8949279785156,1255600
2025-11-14,256.8752209660698,258.01257814814846,253.629843715205,254.27696228027344,843100
2025-11-17,253.23765063166903,253.5906379838534,247.70775980872892,248.1489715576172,1200100
2025-11-18,246.41353957511305,249.04121131643484,244.33491771670117,247.2371368408203,1008100
2025-11-19,247.68814175376653,248.79608576060048,245.1487094345489,248.30584716796875,965500
2025-11-20,249.10985165327446,253.5121847463833,245.99192634922173,246.18801879882812,1156400
2025-11-21,247.29594663826597,252.73758282274937,246.47234942731532,252.34539794921875,1780800
2025-11-24,251.3747690552997,252.29642008938842,247.77641924415244,251.5708465576172,1633600
2025-11-25,253.43375743669114,254.80641953238114,251.98264040879624,253.8749542236328,1234000
2025-11-26,253.25725461145893,255.73786078759485,252.54152538895588,253.9043731689453,725700
2025-11-28,255.0809735411159,257.16939494143537,253.91420318057865,255.95358276367188,457300
2025-12-01,254.92407690345888,257.93414914658706,254.43383829402916,255.76727294921875,1284800
2025-12-02,255.74765983389352,256.00259347147266,251.22767447089964,251.75711059570312,1044500
2025-12-03,252.78663633751304,256.4437971067089,252.62975639647942,255.26724243164062,1465400
2025-12-04,255.2868546198178,257.41450339977706,252.96312834460392,256.512451171875,1354100
2025-12-05,256.4143840988521,260.33629286102246,255.24761384836333,255.60060119628906,1315500
2025-12-08,250.0413044201529,251.7081126992188,225.8529332380417,231.441650390625,4138200
2025-12-09,231.8926572311745,235.50082110754147,225.55878289604382,226.25491333007812,3329700
2025-12-10,225.33328800385715,232.60842737861276,224.6371425759493,232.08877563476562,3623000
2025-12-11,234.3340571131858,239.05015017849874,233.46143298011225,238.97171020507812,1911200
2025-12-12,238.1383137067573,239.726682027181,235.2458939180813,238.25596618652344,3053500
2025-12-15,236.2165669020967,240.32476879294316,235.24588908129812,240.22671508789062,2099000
2025-12-16,238.5402890604174,240.45223155033932,234.2359947931633,237.52059936523438,2690300
2025-12-17,237.52061619482797,242.88382800299252,236.8931113469699,241.5699920654297,2454100
2025-12-18,243.01129577302015,244.30551798133513,238.90309364470153,238.9913330078125,1892300
2025-12-19,236.89308035498442,238.72656780351824,233.94184957490637,235.27529907226562,2972700
2025-12-22,235.27531316676354,240.91305701097852,234.81448769045178,240.00120544433594,1926500
2025-12-23,239.6090237908095,240.71695285741146,237.4911894405287,239.9914093017578,919800
2025-12-24,240.00119345013866,241.45229543020992,239.38348806363464,241.04049682617188,645500
2025-12-26,242.0896378989496,243.0995282550227,240.21692278782555,242.5896759033203,950800
2025-12-29,242.17786465365165,243.94272657852926,241.2464143202396,243.0112762451172,1303200
2025-12-30,243.01129243785073,244.71731327816536,241.74646840703588,243.9623565673828,1077700
2025-12-31,243.62898291386912,244.7369269939599,242.0994407974685,242.19749450683594,876800
2026-01-02,242.24685796942208,248.33068681666882,239.34321169823167,247.3726806640625,1407600
2026-01-05,244.7357014636993,252.80466921272847,244.39002354519425,250.7010040283203,1606300
2026-01-06,251.0763111014966,256.9428593422363,249.32819474074824,255.16510009765625,1531000
2026-01-07,254.77006126393377,259.52057844983506,252.07382463114368,258.6317138671875,2065700
2026-01-08,259.56993576466107,261.8809953574969,255.8564228427404,257.9897155761719,1543500
2026-01-09,257.05148253435925,262.4143578982786,256.8440878399039,260.4588317871094,1505500
2026-01-12,260.24156015399126,264.36986305864997,258.5527144457578,263.73779296875,1475400
2026-01-13,263.4612417855211,265.25871266550666,261.1798097753658,262.8883972167969,1045200
2026-01-14,262.98718422981653,267.53030672549534,262.6217644668077,263.9451904296875,1417400
2026-01-15,264.6859279182591,266.34514590439727,261.1798390634814,262.69091796875,1229900
2026-01-16,260.7353635570631,264.53776030364287,260.7353635570631,264.2217102050781,1459800
2026-01-20,260.7254706488523,262.5624854253045,253.4169856197548,254.98731994628906,1987000
2026-01-21,257.96011345688385,261.1007821799167,255.36263134952537,259.8563537597656,1233500
2026-01-22,260.5378191871755,263.9155404960637,259.4909296305449,260.7748718261719,1357200
2026-01-23,260.8044990392074,260.9427521164582,256.38977416801526,258.1181335449219,1294800
2026-01-26,259.7477117045175,261.5945822466775,258.71070818154675,259.3724060058594,1229800
2026-01-27,258.2662687301757,260.241536559852,255.32310881348778,255.9156951904297,899800
2026-01-28,256.12311051339555,257.30828336278853,250.79977895632993,252.7256622314453,2067400
2026-01-29,253.18982635185753,255.1552384185365,251.05654846136025,252.85403442382812,2621900
2026-01-30,264.0439701942436,270.51296118768187,259.4218500581596,269.1302795410156,2571400
2026-02-02,266.6710540287454,271.76724885708273,264.6167585223384,267.638916015625,1490000
2026-02-03,268.42905075203896,274.6017631934639,268.152514440271,274.5227355957031,1683200
2026-02-04,276.5276301704022,283.1645317637331,276.1720964026403,283.0460205078125,1634500
2026-02-05,283.678117758445,284.2509322028009,278.68069225142676,279.9942321777344,1240400
2026-02-06,279.14488198228497,283.19415717953666,277.9201953543491,279.6189270019531,995400
2026-02-09,278.58192133386194,283.29292452337415,277.189353818427,282.8287353515625,1032600
2026-02-10,282.7102217465224,289.50514823049474,282.7102217465224,287.17431640625,915400
2026-02-11,286.5224852120592,291.03597982475134,285.495367553219,289.5150451660156,856000
2026-02-12,290.4532624832666,292.7939501041594,286.1768207746601,287.8952941894531,1182400
2026-02-13,280.38929234255244,283.29293877352717,270.7006050143689,276.2807312011719,3299300
2026-02-17,278.26589537314,278.26589537314,272.320349204459,274.256103515625,1601600
2026-02-18,275.9943333650183,279.3226551226944,275.174580266481,278.8979797363281,1896200
2026-02-19,277.88069681665297,279.0066140805922,275.3819839209374,277.2486267089844,1140500
2026-02-20,276.46836891922766,280.28065170158624,275.35233771501237,277.7029113769531,1851000
2026-02-23,278.0288410365634,280.98185688230916,277.4757684395046,279.747314453125,1370400
2026-02-24,281.03123594218454,281.30777224998207,275.3523405776088,276.0140686035156,1226400
2026-02-25,277.6535543772975,279.42142769651315,273.0610622534852,276.83380126953125,1920200
2026-02-26,277.8016875433902,279.04611601584065,270.8191079993922,272.81414794921875,1524400
2026-02-27,272.8141199297452,274.61159070065565,269.752448846695,272.26104736328125,2034000
2026-03-02,270.51294491575,273.84126665294076,267.8167234019841,273.01165771484375,1816600
2026-03-03,267.6487925807326,271.1647669281421,264.80440206593045,269.66357421875,1217200
2026-03-04,270.1771648854276,271.5499906648387,267.51054092811637,270.80926513671875,1175200
2026-03-05,269.2981620081245,274.7005209122068,269.1302509751876,272.9326477050781,1722200
2026-03-06,272.8536283388634,272.8536283388634,267.9549722456717,268.814208984375,1479800
2026-03-09,270.1178798757365,272.833873183445,268.80434001042175,271.0067443847656,1791200
2026-03-10,270.3450693842787,273.72276083216826,267.20437031458374,271.7178649902344,1167900
2026-03-11,271.2141737435932,274.8190621613853,267.82659616400286,274.256103515625,950200
2026-03-12,278.29548186521606,288.971802017687,276.8634006400959,286.8879089355469,2780800
2026-03-13,292.0927591861372,293.1495348131209,283.3225643330279,284.4188537597656,1403100
2026-03-16,286.61137623380745,286.70025966996815,281.999112556167,285.584228515625,1225100
2026-03-17,288.0533229322273,288.3990008445167,282.0386357630987,282.6114501953125,1019300
2026-03-18,282.21641385724837,285.1299461963681,277.85105834097163,277.9399719238281,1272800
2026-03-19,276.2017328589364,284.2114302709001,275.54989079077956,280.6361999511719,1508800
2026-03-20,283.5200936832827,283.5200936832827,275.69801930520936,277.5350341796875,2422400
2026-03-23,280.62632572052235,281.43616265499395,274.0684218088646,275.2140808105469,1622300
2026-03-24,273.3968541073682,284.47810891431686,273.33759847793516,282.7102355957031,1177200
2026-03-25,284.43856481853095,287.0854164519455,280.201606924167,286.5027160644531,1004300
2026-03-26,286.1471841486055,291.59891249188706,286.1471841486055,289.5446472167969,1665900
2026-03-27,289.0705686590815,291.0853502547324,286.7891367608483,288.5767517089844,981700
2026-03-30,290.46315806180843,292.73470414812226,287.8163062425808,287.9545593261719,1244900
2026-03-31,288.83355028620343,291.32237689970964,284.0830335697497,286.89776611328125,1351300
2026-04-01,286.36114378328523,288.29908700033394,282.65416051797104,287.6431579589844,1727800
2026-04-02,289.70036961045827,294.62973962006663,288.85561118040806,291.7377014160156,1487200
2026-04-06,290.2668673467935,292.35390873341544,287.7127263656855,292.30419921875,812000
2026-04-07,292.82100918113156,294.5602052868554,289.54136404140553,290.58489990234375,1262000
2026-04-08,283.84671913395675,294.7887565622304,279.5136509606232,294.77880859375,1588900
2026-04-09,293.1787809039944,299.3901957536553,291.9066843559508,295.90185546875,1047100
2026-04-10,297.1540628449012,297.8199398088206,293.86450022770106,296.8658447265625,863300
2026-04-13,297.26336497695956,299.1417112100013,295.12664453415096,296.80621337890625,1011400
2026-04-14,295.6633301001279,295.6633301001279,290.7240120782294,294.7987060546875,972800
2026-04-15,294.3812774638842,295.1465431194011,291.4793216755533,293.387451171875,1044100
2026-04-16,294.1626547932866,296.7565573658401,294.00363893607647,295.4049377441406,826400
2026-04-17,288.09037586802725,293.0793730304453,286.86795858706876,290.0084533691406,1203700
2026-04-20,293.14894750810197,296.7764074692416,292.1849347754379,294.3216552734375,907500
2026-04-21,294.17258281638175,297.11430015237755,291.6482555392353,292.9601135253906,969100
2026-04-22,294.4707355222328,295.67328724334567,292.5526579447645,294.92791748046875,933000
2026-04-23,297.68080046598834,302.1232053899883,295.4844527610782,301.7753601074219,869200
2026-04-24,300.930591205362,302.68968316526093,299.03240966394424,299.89703369140625,744100
2026-04-27,303.6139474453362,305.3929050894757,299.36037191524275,300.5132141113281,897300
2026-04-28,303.18661644767514,304.22017403026365,297.5317420045262,301.47723388671875,771700
2026-04-29,301.47723528664284,302.74933182657503,296.5577826254101,300.6324768066406,984000
2026-04-30,297.15406531178985,300.632457380657,292.31413605720513,298.19757080078125,2304900
2026-05-01,302.1232076105508,302.5505456581037,296.80623062130684,299.2113037109375,1028400
2026-05-04,298.1677601199845,298.89326424846615,293.57628739716444,296.5080871582031,1154000
2026-05-05,296.845979290087,303.5046276164295,295.3154782994416,302.0536193847656,801000
2026-05-06,299.6883215603337,301.944326769316,297.8894983060755,298.3565979003906,877700
2026-05-07,296.5379091032588,297.20375576879087,289.7202446185053,293.1688232421875,1216400
2026-05-08,293.9440056001013,297.6509887660066,293.42722682191464,293.58624267578125,607200
2026-05-11,295.6235713390098,303.03753759052563,295.6235713390098,302.6201171875,781900
2026-05-12,303.11702827550056,303.99160029171713,296.567716451606,301.7256774902344,925100
2026-05-13,302.9480638126083,306.0587450472029,300.39395322011086,304.30963134765625,1149200
2026-05-14,304.91586467610915,305.0649325650522,296.16025682516226,298.0187072753906,1416300
2026-05-15,298.58518581901893,300.63246563802176,290.8035086497377,293.5564270019531,1244800
2026-05-18,293.3775529169755,294.8483965156617,290.69420961958684,291.49920654296875,1133800
2026-05-19,291.2209198096139,291.6184442642352,287.84191645157546,289.96868896484375,843000
2026-05-20,287.33505744776625,291.58863283478564,283.69764951932126,287.4046325683594,1668100
2026-05-21,287.3748281005924,290.1078505354659,284.3635355036988,288.3984680175781,1273000
2026-05-22,290.17743627315207,292.17500666569447,286.60960322170433,287.68292236328125,1038000
2026-05-26,287.22574939250666,289.12396126979314,285.2977239393118,287.8121032714844,1043300
2026-05-27,286.7983841475386,286.7983841475386,283.06161783336427,283.96600341796875,861600
2026-05-28,283.36970812475676,285.97352827322146,280.04038383228345,281.8988342285156,971900
2026-05-29,280.38824265801344,282.6243520227107,276.26386922896234,276.89990234375,2030500
2026-06-01,276.9098388536403,277.80427649667,273.50102177552543,277.1682434082031,1253400
2026-06-02,277.4564287129236,279.38445422767467,275.98558514892534,277.5657653808594,961900
2026-06-03,276.63156156935077,283.40946433437324,275.4389578565637,280.52734375,900000
2026-06-04,281.04416312829943,283.7374240553604,280.1198815689456,281.1037902832031,1041700
2026-06-05,281.34229434326954,285.82446083232134,280.37828158238534,280.60687255859375,1154000
2026-06-08,280.179539814594,282.7237328613113,272.67613262430234,275.0613098144531,1326700
2026-06-09,277.098650233596,281.39198703545713,276.30357101334147,281.23297119140625,1314200
2026-06-10,282.9324092633482,284.4728278830139,274.6737152099475,274.80291748046875,1247900
2026-06-11,277.67508115703043,280.0205271567118,276.0551393245013,276.4029846191406,979000
2026-06-12,278.2713843030284,285.29774403568166,277.84404624185055,279.8813781738281,1239500
2026-06-15,278.28133462188856,282.23674420720965,274.95201018002984,281.2131042480469,1164500
2026-06-16,281.32241957768923,283.09142918831736,276.5719310505525,278.7484130859375,1859200
2026-06-17,277.76450194626017,281.829247860071,277.6352996750278,280.01055908203125,1748100
2026-06-18,281.65038049270794,282.0876665114404,276.89989177027206,278.4800720214844,2568800
2026-06-22,277.64525140510176,283.1013481423165,277.0887110977692,281.3621520996094,1907200
2026-06-23,279.70249397876177,282.79327940913265,277.9036706883891,280.7062683105469,1874200
2026-06-24,280.2590174003728,280.82550567199183,273.80909440028785,277.00921630859375,1826400
2026-06-25,276.10482334171553,280.8851253040567,274.6339495343909,278.2017822265625,1260300
2026-06-26,277.5657516345567,280.52733455323767,275.4588447629881,276.07501220703125,1741500
2026-06-29,275.6973591573002,277.45642080022907,268.44240892677755,269.6747741699219,1307300
2026-06-30,294.12291345219603,302.88843860154185,288.7959885711158,291.3699951171875,3510100
2026-07-01,291.3599853515625,307.760009765625,285.9100036621094,306.3999938964844,2692300
2026-07-02,306.4599914550781,314.2799987792969,303.8299865722656,314.19000244140625,1847200
2026-07-06,314.29998779296875,314.8699951171875,305.0199890136719,308.8599853515625,1368800
2026-07-07,310.0,311.6000061035156,304.9700012207031,305.04998779296875,923500
2026-07-08,303.7099914550781,303.7099914550781,296.5899963378906,296.75,1015000
2026-07-09,294.8299865722656,297.739990234375,292.94000244140625,295.8500061035156,1098300
2026-07-10,296.8599853515625,301.30999755859375,296.2900085449219,299.5299987792969,1349500
2026-07-13,300.9200134277344,304.32000732421875,299.0,301.9599914550781,892200
2026-07-14,303.69000244140625,307.1199951171875,297.9800109863281,299.3999938964844,1064800
2026-07-15,297.7699890136719,299.0799865722656,292.5899963378906,293.69000244140625,879500
2026-07-16,292.2200012207031,298.2799987792969,290.32000732421875,297.2900085449219,1265000
2026-07-17,297.79998779296875,304.510009765625,294.9200134277344,295.6199951171875,909500
2026-07-20,295.1000061035156,298.8599853515625,292.2200012207031,296.6300048828125,1044300
2026-07-21,299.9200134277344,301.9700012207031,296.0799865722656,296.3900146484375,1043500
2026-07-22,298.1000061035156,300.29998779296875,296.010009765625,297.0,1167300
2026-07-23,296.6199951171875,299.7799987792969,294.0799865722656,294.2900085449219,1296200
2026-07-24,294.7699890136719,298.760009765625,293.9800109863281,297.8699951171875,734700
2026-07-27,296.5,297.3399963378906,291.3800048828125,292.5799865722656,1218100
2026-07-28,293.1099853515625,298.1000061035156,292.5799865722656,292.8500061035156,1539100
2026-07-29,294.79998779296875,295.5299987792969,291.5400085449219,294.2699890136719,1068900
2026-07-30,308.5799865722656,311.0799865722656,297.3500061035156,300.20001220703125,1614400
2026-07-31,299.57000732421875,301.75,291.3800048828125,294.8900146484375,1463900
2026-08-03,295.1400146484375,296.010009765625,290.20001220703125,292.94000244140625,1605500
2026-08-04,290.8999938964844,296.92999267578125,288.0,294.7099914550781,1064000
2026-08-05,295.42999267578125,297.07000732421875,293.44000244140625,295.0899963378906,911300
2026-08-06,297.5299987792969,299.9800109863281,295.6700134277344,299.9200134277344,683600
2026-08-07,297.239990234375,303.6600036621094,295.8599853515625,303.44000244140625,749200
2026-08-10,303.989990234375,308.25,301.3500061035156,308.17999267578125,851900
2026-08-11,307.9800109863281,311.510009765625,307.25,309.30999755859375,796100
2026-08-12,308.3699951171875,308.54998779296875,302.94000244140625,304.07000732421875,613900
2026-08-13,303.7900085449219,307.3399963378906,302.6700134277344,305.5199890136719,710100
2026-08-14,305.9100036621094,309.20001220703125,304.1600036621094,308.9700012207031,474500
2026-08-17,307.8900146484375,307.989990234375,299.5,300.8599853515625,898100
2026-08-18,302.6700134277344,304.9800109863281,302.25,303.2300109863281,610000
2026-08-19,304.1199951171875,306.1400146484375,302.510009765625,303.2200012207031,948600
2026-08-20,302.4700012207031,311.0,297.8500061035156,300.3299865722656,1615400
2026-08-21,301.1099853515625,307.989990234375,299.8999938964844,305.1000061035156,1356000
2026-08-24,304.54998779296875,306.3999938964844,301.95001220703125,306.239990234375,1187300
2026-08-25,304.9200134277344,306.57000732421875,302.3699951171875,303.8500061035156,832900
2026-08-26,303.5199890136719,308.8299865722656,302.739990234375,306.6600036621094,749800
2026-08-27,304.29998779296875,306.5299987792969,302.55999755859375,305.4700012207031,1001400
2026-08-28,307.0400085449219,308.3699951171875,305.19000244140625,308.0899963378906,1044700
2026-08-31,309.9599914550781,313.92999267578125,306.6199951171875,309.4599914550781,1448900
2026-09-01,308.0,308.8999938964844,303.94000244140625,305.32000732421875,966000
2026-09-02,306.19000244140625,311.79998779296875,306.19000244140625,309.45001220703125,882800
2026-09-03,311.1000061035156,311.7200012207031,302.57000732421875,304.2200012207031,722600
2026-09-04,302.260009765625,304.3999938964844,300.2099914550781,301.2699890136719,675600
2026-09-08,298.8599853515625,302.82000732421875,297.20001220703125,297.7099914550781,1010800
2026-09-09,297.7300109863281,299.0400085449219,294.1000061035156,295.239990234375,1006100
2026-09-10,295.739990234375,297.2799987792969,292.4800109863281,293.6499938964844,828900
2026-09-11,294.0899963378906,295.5299987792969,288.9599914550781,291.42999267578125,921200
2026-09-14,291.5799865722656,293.3500061035156,286.5400085449219,287.1300048828125,926700
2026-09-15,288.0,290.6099853515625,286.57000732421875,290.55999755859375,994600
2026-09-16,290.57000732421875,292.010009765625,284.3399963378906,287.0799865722656,1465800
2026-09-17,287.9599914550781,288.010009765625,283.5299987792969,286.1199951171875,1483700
2026-09-18,283.989990234375,286.0299987792969,281.2300109863281,284.17999267578125,2524900
2026-09-21,284.1199951171875,284.32000732421875,279.3699951171875,279.4599914550781,1741400
