Date,Open,High,Low,Close,Volume
2021-09-22,5.523638037726432,5.720910784066446,5.523638037726432,5.589395999908447,260400
2021-09-23,5.601352587810892,5.738846065794004,5.535595184490429,5.6910223960876465,301400
2021-09-24,5.679065955176136,5.977964163343302,5.619286085501468,5.834493160247803,739900
2021-09-27,5.906228558134756,6.1752368267431965,5.906228558134756,6.1094794273376465,1075500
2021-09-28,6.1513259421483415,6.2170833516968935,6.037744858363903,6.097524166107178,634300
2021-09-29,6.14534582676738,6.199147585179932,5.89427133424412,6.181213855743408,465500
2021-09-30,6.2170828603299695,6.599672794082245,6.127413620750479,6.498047351837158,1747000
2021-10-01,6.575761297474736,6.958351250928583,6.402400340618165,6.874659538269043,1359700
2021-10-04,7.024108878563818,7.299095291507465,6.946395265112009,7.125734329223633,2096700
2021-10-05,7.2452922908888215,7.334962092843007,6.8866147933813,7.161600589752197,1299600
2021-10-06,7.137690378722797,7.173558421676589,6.80292463830235,6.808902740478516,755100
2021-10-07,6.635541849400995,7.113778627290299,6.611630010506529,7.036065578460693,649400
2021-10-08,7.149645210552263,7.203446979602983,6.952372437435018,7.030086040496826,572900
2021-10-11,7.131710640864438,7.311049089855734,7.048018946592948,7.0599751472473145,674100
2021-10-12,7.042042014166455,7.155623658807999,7.006174546460898,7.089865684509277,387800
2021-10-13,7.1376890028991475,7.143667103923006,6.820857059974865,6.928460597991943,352400
2021-10-14,7.0001963303165375,7.125733605433012,6.773033614862771,6.868680953979492,732500
2021-10-15,6.9643271102764714,7.077908733764232,6.838789856481217,7.018128871917725,470800
2021-10-18,7.113776177859578,7.68168315374079,7.077908716919446,7.508322238922119,1350600
2021-10-19,7.675707161164559,7.711574631953271,6.99421894504418,7.131712436676025,1357300
2021-10-20,7.083888991288634,7.1018227272629,6.934439861262319,7.065954685211182,733600
2021-10-21,7.065953121791064,7.083887423900355,6.671407597035652,6.755099296569824,917600
2021-10-22,6.647497146620839,6.9643291384278845,6.647497146620839,6.952373504638672,619700
2021-10-25,7.113778450880573,7.406699182702841,6.970307421071621,7.293117523193359,1369700
2021-10-26,7.299094780250675,7.586036806648212,7.143667564233779,7.514301300048828,1040700
2021-10-27,7.46647862647343,7.699619481645436,7.257250180132281,7.334963798522949,1030900
2021-10-28,7.388763794701845,7.436587464303557,7.137689244241301,7.173557281494141,485900
2021-10-29,7.334962707645142,7.406698213159375,7.000196445142266,7.089865684509277,402200
2021-11-01,7.173555946301628,7.245291437352284,6.952371373036355,7.006173133850098,752500
2021-11-02,6.994217477271418,6.994217477271418,6.671407457400523,6.713253021240234,869900
2021-11-03,6.671408748790716,7.131712320541089,6.665430647055556,7.107800483703613,776500
2021-11-04,7.089558454496234,7.168601629666141,6.925392305956247,7.065237522125244,569600
2021-11-05,7.107800132260503,7.126041269314492,6.967954893987739,7.101720333099365,327400
2021-11-08,7.199002534579039,7.211162710151176,6.974033777855536,7.0348358154296875,343000
2021-11-09,7.040916829479159,7.053077586007079,6.688263008164484,6.858509540557861,423100
2021-11-10,6.8098685659915,6.907152311528157,6.505856571261014,6.5605788230896,729800
2021-11-11,6.62746000289917,6.755145039792228,6.536256653628451,6.62746000289917,275400
2021-11-12,6.60313776847955,6.6761005494738574,6.50585406048714,6.6213788986206055,319400
2021-11-15,6.633540812007051,6.68826305706925,6.201843809674673,6.469374656677246,509600
2021-11-16,6.481533653228341,6.530175511125026,6.323447325135776,6.3903303146362305,954900
2021-11-17,6.353850981974036,6.432894175263362,6.189684795801512,6.250486850738525,554800
2021-11-18,6.147120975201038,6.220083768335732,5.989035213337572,6.1592817306518555,531400
2021-11-19,6.037677485083988,6.262646257477613,6.013356552388914,6.220084190368652,459000
2021-11-22,6.299127112206477,6.47545401208913,6.2079237632473205,6.396411418914795,553000
2021-11-23,6.457212428777263,6.803785795394999,6.457212428777263,6.700422286987305,636600
2021-11-24,6.694342293296285,6.712582845252843,6.414651317250054,6.445052623748779,596000
2021-11-26,6.1410421839024645,6.353850220462219,6.04983824264243,6.329529285430908,423500
2021-11-29,6.481533838148918,6.505854767791146,6.250484716619408,6.256565093994141,392200
2021-11-30,6.159282148559356,6.244405702920501,5.93431337616573,6.220084190368652,512800
2021-12-01,6.274806961696398,6.317369032385428,6.019436856989515,6.03159761428833,598600
2021-12-02,6.043758007948822,6.293048322781608,5.989036337716929,6.238326072692871,274400
2021-12-03,6.238324934525787,6.256565487941807,6.007275798448157,6.0863189697265625,651800
2021-12-06,6.08023929645599,6.299127702379956,5.873511067599398,6.19576358795166,373300
2021-12-07,6.232244560551678,6.493695005719221,6.110639904609822,6.286966800689697,645100
2021-12-08,6.256565360045536,6.493694869033367,6.256565360045536,6.378170013427734,208800
2021-12-09,6.3781708828167005,6.3781708828167005,6.134961542901183,6.19576358795166,167500
2021-12-10,6.220083058129319,6.25656474045957,6.043756183222555,6.165361404418945,139100
2021-12-13,6.098479113111243,6.262645832556854,6.080238559791754,6.1592817306518555,238600
2021-12-14,6.165363214917662,6.463294818653688,6.110640965281077,6.426813125610352,538800
2021-12-15,6.469374923778922,6.7247450247081435,6.347769672016957,6.718664646148682,481900
2021-12-16,6.651780712170504,6.961873017088114,6.651780712170504,6.834187984466553,515000
2021-12-17,6.84026925460152,7.107799530311161,6.797707764793734,6.992275238037109,1159500
2021-12-20,6.785546291282415,6.888910395492649,6.663941633345888,6.870669841766357,530800
2021-12-21,6.94971259364786,7.186841517303916,6.94971259364786,7.1138787269592285,454200
2021-12-22,7.0591570602525735,7.308447338916267,7.004435397960151,7.296286582946777,420500
2021-12-23,7.25372511009046,7.399650702851804,7.180762313709788,7.21116304397583,389100
2021-12-27,7.25372540874154,7.448292873767415,7.101719431725878,7.357089519500732,709000
2021-12-28,7.393571046640562,7.442212915642923,7.253725818222981,7.302367687225342,336600
2021-12-29,7.265885259841913,7.484774228045869,7.211163017790924,7.381410121917725,263000
2021-12-30,7.387490563253067,7.582058616359208,7.344929073443978,7.533416748046875,337600
2021-12-31,7.5638185826614555,7.703664409323186,7.478695590643518,7.685423851013184,434300
2022-01-03,7.752305478509008,7.965114096136302,7.7158237858260765,7.952953338623047,876100
2022-01-04,7.916470986566375,8.3056058883667,7.916470986566375,8.3056058883667,884700
2022-01-05,8.360328878083557,8.615698970202653,8.031995985338547,8.226563453674316,1007500
2022-01-06,8.226564765378043,8.384651148535704,8.111040457597836,8.342089653015137,413700
2022-01-07,8.360326192610243,8.48801119765528,8.33600526688055,8.37856674194336,342300
2022-01-10,8.378570643063558,8.475854391278311,8.269126716250398,8.348169326782227,315900
2022-01-11,8.238722160878993,8.500171986451768,8.220481610224299,8.475851058959961,382000
2022-01-12,8.506253744928173,8.919710159301758,8.494093569135462,8.919710159301758,1024900
2022-01-13,8.864989410910535,8.992674467440393,8.694742862156339,8.761625289916992,718100
2022-01-14,8.719062329939694,8.944031090743925,8.60961784852157,8.919710159301758,414300
2022-01-18,8.944030540641734,9.138597980212209,8.822425890910187,8.86498737335205,643200
2022-01-19,8.986592356019171,9.053475350741937,8.72514249437432,8.840666770935059,465500
2022-01-20,8.82850680803911,8.8893088466933,8.408970015998506,8.518414497375488,590400
2022-01-21,8.232643127441406,8.421130781152751,8.074556783019858,8.232643127441406,861400
2022-01-24,8.007675612506427,8.342088907017265,7.78878719530178,8.323847770690918,791000
2022-01-25,8.275206540123186,8.59137930261417,8.129280917368984,8.488015174865723,756900
2022-01-26,8.55489442402174,8.810264458755821,8.481931639791526,8.627857208251953,412800
2022-01-27,8.852830073185391,8.931872686286752,8.554897859771367,8.749465942382812,540300
2022-01-28,8.88931004840774,8.92579174041748,8.712983126717111,8.92579174041748,528100
2022-01-31,8.877150562431943,8.877150562431943,8.025916621183242,8.196163177490234,1348500
2022-02-01,8.184000435666844,8.779863486029775,8.184000435666844,8.603536605834961,744800
2022-02-02,8.66434079584089,8.731223217797181,8.275205281173976,8.29952621459961,989500
2022-02-03,8.372489761815066,8.494094431369977,8.208323023023334,8.220483779907227,479400
2022-02-04,8.30721029970317,8.393937541108562,8.189509592092497,8.338184356689453,388800
2022-02-07,8.393937680738865,8.437301006772396,8.251457252544252,8.344379425048828,272500
2022-02-08,8.307209859548664,8.412521293253535,8.22048321351945,8.270041465759277,182400
2022-02-09,8.27623459411287,8.418714991555651,8.10897566495408,8.152338981628418,406500
2022-02-10,8.164731779060933,8.647925137178538,8.164731779060933,8.263848304748535,572900
2022-02-11,8.282431791667298,8.51783381527405,8.19570454377606,8.431106567382812,205800
2022-02-14,8.536418878366202,8.740846863356909,8.369159886456126,8.393939018249512,632900
2022-02-15,8.41252294294991,8.480665405447171,8.102783510320588,8.381548881530762,395700
2022-02-16,8.412521190999255,8.592170000880232,8.121366019543546,8.15853500366211,428600
2022-02-17,8.220483600784494,8.338184307703692,8.090393034831173,8.121366500854492,329800
2022-02-18,8.090393368204909,8.208094079974096,7.96649713588237,7.991276264190674,223100
2022-02-22,8.022250706626577,8.257652732224354,7.8116278105243016,7.9169392585754395,411000
2022-02-23,7.923133800937574,8.239068129631203,7.88596481312261,8.02844524383545,355900
2022-02-24,7.960303404288448,8.11517311572767,7.81782296255821,7.910745143890381,464900
2022-02-25,7.848794989621725,8.12756027983663,7.805431670702781,8.096586227416992,434300
2022-02-28,8.078003313792765,8.362963577854607,8.016055199125885,8.127561569213867,555600
2022-03-01,8.02225049087309,8.635534372478615,8.02225049087309,8.62314510345459,829200
2022-03-02,8.808988664498651,9.199260377756676,8.79659880497569,9.044390678405762,1541100
2022-03-03,8.672702681059324,9.347934627181044,8.387742426478994,9.236428260803223,1697300
2022-03-04,9.416077459977037,9.53997309942785,9.025805752621213,9.484220504760742,1130300
2022-03-07,9.6205066694934,9.701038993351624,8.939080268108652,9.205455780029297,1022200
2022-03-08,9.341737829723046,9.465633439378351,8.90190797236106,9.32934856414795,670200
2022-03-09,9.341739406376817,9.440855910829466,8.932883530119149,9.298376083374023,839600
2022-03-10,9.29218286585121,9.89927186284524,9.29218286585121,9.862103462219238,878900
2022-03-11,9.905466862706831,10.010778316521165,9.5461691699689,9.632896423339844,668300
2022-03-14,9.447050696205924,9.478024751070986,8.598364901276549,8.7408447265625,933700
2022-03-15,8.437300876162695,9.001026468996129,8.331989436756338,8.784209251403809,606900
2022-03-16,8.914300364159333,8.914300364159333,8.486859650797983,8.517833709716797,858600
2022-03-17,8.691285693269187,8.951466785481687,8.629338179892486,8.87093448638916,300400
2022-03-18,8.95146855347794,9.019611599666359,8.734651327664757,8.939079284667969,533300
2022-03-21,8.976247454503863,9.292181776699072,8.976247454503863,9.267402648925781,923600
2022-03-22,9.273596463507124,9.292180659407276,9.056778678475247,9.137310981750488,257900
2022-03-23,9.18686845143766,9.52138690314682,9.18686845143766,9.496607780456543,772000
2022-03-24,9.601920942675985,9.725816578618831,9.440856320559789,9.595726013183594,511200
2022-03-25,9.601923546457158,9.855909816709426,9.589533684112581,9.676260948181152,585100
2022-03-28,9.651479631733213,9.651479631733213,9.335545302764267,9.539973258972168,402300
2022-03-29,9.35413106253235,9.552364109534746,9.050585970833579,9.509000778198242,636100
2022-03-30,9.670064163730936,9.84351865862534,9.465636200473496,9.570947647094727,237900
2022-03-31,9.533778383465865,9.750595596234092,9.496609397710204,9.558557510375977,268500
2022-04-01,9.626699681466171,10.128477725266226,9.366518561092953,9.546167373657227,1757500
2022-04-04,9.552361122313057,9.72581498419753,9.149700223814593,9.397491455078125,532200
2022-04-05,9.725818016337865,9.967414985226233,9.6081172924883,9.632896423339844,676000
2022-04-06,9.73201115696555,9.781569409554551,9.354129333279166,9.440855979919434,730500
2022-04-07,9.4408565878672,9.676258598214252,9.155896321739823,9.484220504760742,789200
2022-04-08,9.632895198821409,9.824933290814027,9.323155807160148,9.744400978088379,792900
2022-04-11,9.688648933829018,9.973609213964608,9.509000100098822,9.89307689666748,581400
2022-04-12,9.961219302276932,10.45060813348992,9.955024372336785,10.370075225830078,1009600
2022-04-13,10.36388046135918,10.853269300385728,10.171842356396832,10.840879440307617,2027600
2022-04-14,10.791319172380058,10.952383778721476,10.599281103172235,10.803709030151367,727000
2022-04-18,10.915215676290924,10.958578998078037,10.686008027693735,10.741761207580566,789700
2022-04-19,10.611670415527144,10.840878071789373,10.438217122578155,10.54352855682373,435300
2022-04-20,10.55591849347753,10.729371787710498,10.345295623427253,10.61167049407959,356000
2022-04-21,10.673618297263165,10.673618297263165,9.756790055031855,9.99838638305664,950400
2022-04-22,9.998386388354957,10.134672466030423,9.5337779286501,9.645283699035645,651500
2022-04-25,9.385102605229292,9.56475141486849,9.00722078930711,9.41607666015625,1075600
2022-04-26,9.478026225909824,9.874492299376115,9.478026225909824,9.793960571289062,472400
2022-04-27,10.326711611193845,11.348851391707278,10.252373635537397,11.249734878540039,1919800
2022-04-28,11.119642951980003,11.478940544718983,10.840877069009318,11.460355758666992,1032700
2022-04-29,11.447968544533472,11.54089013312453,11.03291767936879,11.094865798950195,498300
2022-05-02,11.119646400720525,11.144424941579704,10.444414325046566,10.983360290527344,942100
2022-05-03,11.045306136271808,11.720538072639298,11.03291627761726,11.578058242797852,798500
2022-05-04,11.652395068941358,12.147978782653809,11.547083633164132,12.147978782653809,1078900
2022-05-05,12.204744303239297,12.362428335056254,11.681233365728342,12.11013412475586,505100
2022-05-06,12.25520652727344,12.26782154202815,11.668621574553677,12.07859992980957,692700
2022-05-09,12.021831154537834,12.021831154537834,10.924350354777339,11.100956916809082,1003400
2022-05-10,11.365867834770116,11.656005940509115,10.899123140950447,11.17664623260498,545500
2022-05-11,11.359560881964713,11.914608295388689,11.29648701149894,11.447863578796387,753600
2022-05-12,11.365866984040583,11.510936026051738,10.918043641833014,11.277563095092773,511800
2022-05-13,11.510935490674155,11.838918598862575,11.454169137217166,11.693849563598633,483100
2022-05-16,11.687538144879422,12.14166761748016,11.687538144879422,11.914602279663086,723200
2022-05-17,12.141672515227372,12.204746379289876,11.738001710081567,11.870455741882324,277400
2022-05-18,11.624467562765762,11.971371967805881,11.23341061619956,11.46678352355957,278700
2022-05-19,11.29648318208051,12.135362126710135,11.189257999547387,11.965063095092773,427000
2022-05-20,12.22366697342659,12.236281986099765,11.574009460197736,11.933528900146484,255400
2022-05-23,12.160593199705737,12.539033920887073,11.939835310327481,12.494882583618164,1392300
2022-05-24,12.381349171398561,12.88593877557161,12.324584028924816,12.602107048034668,1087200
2022-05-25,12.614722948979573,12.98685737221717,12.015523127689551,12.55164909362793,580000
2022-05-26,12.677796610024114,12.79132930731026,12.393964866808748,12.539033889770508,424700
2022-05-27,12.772407409842744,12.772407409842744,12.28674027145642,12.53272819519043,388100
2022-05-31,12.488578315392598,13.138237140429514,11.90830086864105,12.520115852355957,1164100
2022-06-01,12.520111756548353,12.974241312951357,12.28673887150079,12.88593864440918,511200
2022-06-02,12.848097131682685,13.276996744089407,12.810252092884625,13.239152908325195,600000
2022-06-03,13.226536019649712,13.27699486119071,12.810250276178072,13.194999694824219,499500
2022-06-06,13.232844258275687,13.25807428196068,12.68410447649826,12.949013710021973,470800
2022-06-07,12.803945177435144,13.396837579266402,12.785023860196574,13.169772148132324,937000
2022-06-08,13.195001361506783,13.239152703052774,12.822866906999382,12.993165969848633,504800
2022-06-09,12.848096988221409,12.860710797979403,12.419196177569926,12.608416557312012,500000
2022-06-10,12.52011414981307,12.734564559865863,12.192131028198935,12.330892562866211,485800
2022-06-13,11.857839361898618,12.065982247193599,11.416324770411507,11.750614166259766,691800
2022-06-14,12.02183111344348,12.02183111344348,11.107264384952897,11.283869743347168,758600
2022-06-15,11.23971989859283,11.700157077119854,11.132494686864105,11.460477828979492,336900
2022-06-16,11.164031203126745,11.3091002401636,10.659441522123931,10.880199432373047,507800
2022-06-17,10.817124300545736,11.031574679236934,10.482834924317569,10.7666654586792,924900
2022-06-21,11.037882682648416,11.681233847736593,10.943272500261035,11.555086135864258,482400
2022-06-22,11.100954399485763,11.246023398061254,10.905426566491252,10.924347877502441,506000
2022-06-23,10.981116197288259,11.056805064085689,10.36299506340519,10.836047172546387,477200
2022-06-24,11.069418339145088,11.25233238998609,10.930656826910777,11.094648361206055,276400
2022-06-27,11.132494861278618,11.71907978151212,10.974810794679675,11.706464767456055,330200
2022-06-28,11.920913836209394,12.204745604966163,11.618160751558053,11.744308471679688,395900
2022-06-29,11.624467204114415,11.88306892419119,11.353250472562257,11.397401809692383,423000
2022-06-30,11.100957304859199,11.510935592193576,11.031575938236799,11.498320579528809,648200
2022-07-01,11.599237882288964,11.845225808793007,11.239718454745109,11.813688278198242,365900
2022-07-05,11.561394691467285,11.599238527251487,11.16403140814856,11.561394691467285,756300
2022-07-06,11.586623537294336,11.69384873029065,10.943272379316449,11.59292984008789,613900
2022-07-07,11.8704554840141,12.406581512348003,11.8704554840141,12.242589950561523,629800
2022-07-08,12.330891326952104,12.766099609972102,12.072289600107954,12.652566909790039,414200
2022-07-11,12.337197836678069,12.715639739049445,12.223665145663292,12.602107048034668,499700
2022-07-12,12.299352306662307,12.652564138619645,12.255200978046824,12.475958824157715,210600
2022-07-13,12.463346367584368,13.346376729837361,12.463346367584368,13.119311332702637,769500
2022-07-14,12.911168674494482,13.270689293803176,12.633645632162015,12.949013710021973,549900
2022-07-15,13.239151060810407,13.36529876646575,12.949013022050268,13.150848388671875,397600
2022-07-18,13.239151097301752,13.661744348468172,13.024700718916781,13.245458602905273,868300
2022-07-19,13.47883305998466,13.604979577571477,12.980550886870338,13.08146858215332,618400
2022-07-20,12.930090916343184,13.295917830733009,12.759791869204717,13.270689010620117,525200
2022-07-21,13.18238692965313,13.18238692965313,12.734564785057504,12.967936515808105,211000
2022-07-22,13.01839458829753,13.232844989332447,12.33719955060833,12.545342445373535,512600
2022-07-25,12.728256385597508,13.541905437379427,12.557957327189502,13.497754096984863,615100
2022-07-26,13.82573629092506,13.82573629092506,13.314840352378926,13.548212051391602,424500
2022-07-27,13.819428124418272,14.317710230597486,13.567133920101938,14.229406356811523,766700
2022-07-28,14.229404521565922,14.380781024631851,13.642819820289503,13.806811332702637,549400
2022-07-29,14.216791896451705,14.286172047558752,13.655435964196037,13.819427490234375,942600
2022-08-01,14.43124342130065,14.733997705200093,13.043624532482902,14.462780952453613,1258000
2022-08-02,14.626773878058291,14.63938768866947,13.775279705557077,14.286175727844238,386600
2022-08-03,14.595236300210283,14.727691537019034,14.216795516262794,14.626773834228516,620500
2022-08-04,14.601097950633308,14.761549576464443,14.004217706677684,14.337957382202148,426300
2022-08-05,14.158250340948483,14.697367871986295,14.023471570263375,14.24168586730957,276900
2022-08-08,14.63960861558313,14.63960861558313,13.811678714820788,13.91436767578125,830100
2022-08-09,14.055562699792256,14.209596119410806,13.708987811687722,13.888692855834961,283600
2022-08-10,13.99138274357155,14.312286028737402,13.68973409620925,14.280196189880371,538300
2022-08-11,14.575426686362313,15.082454466662874,14.466320744126836,14.934839248657227,773200
2022-08-12,15.069617534527488,15.069617534527488,14.581844408518654,14.613935470581055,715000
2022-08-15,14.24168786226242,14.742296193958596,14.029891747125841,14.504828453063965,458600
2022-08-16,14.491993448213847,15.300669937292707,14.491993448213847,14.825733184814453,714900
2022-08-17,14.63960701157571,15.2685783587307,14.62035359859826,14.973346710205078,639300
2022-08-18,15.153051048705882,15.422609813297873,15.08245194574291,15.345592498779297,811000
2022-08-19,15.24932340215543,15.608734718608586,15.082453556336404,15.570226669311523,543900
2022-08-22,15.595898786096825,16.468756092023167,15.467538209674562,16.28263282775879,1243600
2022-08-23,16.609954388623002,16.962948755646636,16.29546929926308,16.30188751220703,879000
2022-08-24,16.45592020097999,16.52651931599928,15.955311855639962,16.21845245361328,580600
2022-08-25,16.430247480673227,16.539354640189703,15.974564205934248,16.33397674560547,433200
2022-08-26,16.39174072185116,16.828168170124286,16.282633553745654,16.359649658203125,427100
2022-08-29,16.366062457764553,17.733109489140723,16.064413904138434,16.879507064819336,1354600
2022-08-30,17.149071461711202,17.264596842546318,15.897549359011572,16.359649658203125,933300
2022-08-31,16.35965169825553,17.039966418493503,16.05158479371181,16.905187606811523,609200
2022-09-01,16.693388868903288,16.860258722364833,15.929638715330897,16.038745880126953,753200
2022-09-02,16.26979602169957,16.66771539067955,15.923219902766526,16.462337493896484,665800
2022-09-06,16.79607691599617,17.251758964078853,16.449500802680774,16.686969757080078,866200
2022-09-07,16.43025121599571,16.63562915727143,15.96173263444184,16.289052963256836,1213300
2022-09-08,16.430246477163248,16.455918100343926,15.672914619027827,15.936055183410645,520600
2022-09-09,16.057998359048693,16.500843947087066,16.04516193570444,16.263376235961914,688400
2022-09-12,16.719060240439802,16.719060240439802,16.04516384846386,16.276214599609375,831200
2022-09-13,16.038743989149516,16.333975610203925,15.92321862543904,16.045162200927734,306900
2022-09-14,16.2569590335845,16.75115034568119,15.961728623229877,16.50726318359375,537000
2022-09-15,16.378899973889943,16.55218799941074,15.987397669746349,16.064414978027344,256300
2022-09-16,15.820533022869867,15.884713930043274,14.748715912765634,15.32634162902832,1468100
2022-09-19,14.832148664851825,15.859038089557,14.819312241005823,15.698586463928223,514900
2022-09-20,15.512462815602012,15.647241590070765,15.21081420787524,15.429028511047363,269600
2022-09-21,15.557389437907252,15.634406756655501,15.082452774047852,15.082452774047852,224500
2022-09-22,15.108125932156653,15.36484829301195,14.877075195312498,14.8770751953125,280700
2022-09-23,14.440647025415156,14.440647025415156,13.625552432851562,13.786004066467285,1207400
2022-09-26,13.554953083932247,14.370046364400254,13.40091845503019,13.843765258789062,568000
2022-09-27,14.183925751783397,14.761551432576159,14.036310531253374,14.466320991516113,813400
2022-09-28,14.536917486110688,15.550971742437714,14.472736589047198,15.39693832397461,439200
2022-09-29,15.403358499354486,15.403358499354486,14.652444723544995,15.011856079101562,396500
2022-09-30,14.864237494411059,15.08245178843089,14.5561706878473,14.697367668151855,406000
2022-10-03,15.268577715655825,15.390520073206579,15.031108764361848,15.159470558166504,384200
2022-10-04,15.467537245062701,15.788440502328946,15.358430088626228,15.486790657043457,437800
2022-10-05,15.33275791571859,15.89754835890425,15.287831653586538,15.711423873901367,342700
2022-10-06,15.67933317655228,16.186359680999583,15.49962691373049,15.968145370483398,546100
2022-10-07,16.019490868216167,16.109344617456813,15.563808806223339,15.602316856384277,404100
2022-10-10,15.711429854480413,16.12218703064772,15.262165837998038,15.371273040771484,274300
2022-10-11,15.120963627431111,15.319924561057755,14.66528151473243,14.819314956665039,453300
2022-10-12,14.819311238139095,14.922000173660347,14.646023200391229,14.697367668151855,845600
2022-10-13,14.601099622492189,15.153053670278881,14.38288528844391,14.80005931854248,350500
2022-10-14,14.703790165300095,14.819315557470434,14.183927124682603,14.363632202148438,379500
2022-10-17,14.382884864303854,14.774387256342235,14.382884864303854,14.504828453063965,326100
2022-10-18,14.549757635482287,14.954095309450649,14.549757635482287,14.77439022064209,332900
2022-10-19,14.82573401804403,14.986185682256306,14.459904419503891,14.530502319335938,311300
2022-10-20,14.690953998386831,14.99260391086598,14.498412490797243,14.536920547485352,366500
2022-10-21,14.588261652797696,14.87065685946173,14.363629129863776,14.607516288757324,428900
2022-10-24,14.748716680596557,14.755134894062934,14.37646886859004,14.530502319335938,414000
2022-10-25,14.536920107576345,15.217234801174467,14.447067569973482,15.120964050292969,398900
2022-10-26,15.12096126952551,15.294249323733679,14.954091427415658,15.15305233001709,335700
2022-10-27,15.371267714037161,15.717842622413523,15.178725010140186,15.422612190246582,590800
2022-10-28,15.724259094586946,15.724259094586946,14.960509024373932,15.557389259338379,824900
2022-10-31,15.307087056213508,16.03874615987276,14.710206745691956,15.583064079284668,1184700
2022-11-01,15.884713594913084,16.346813913344203,15.660081036619873,15.948894500732422,912100
2022-11-02,16.06441807638062,16.13501596309348,15.242905267581593,15.435446739196777,536900
2022-11-03,15.409774535723823,15.531718116048035,15.146633963126003,15.255741119384766,719500
2022-11-04,15.52454085877102,15.767111106309878,15.47209313629351,15.701552391052246,720600
2022-11-07,16.12768724825918,16.422705162588564,15.780220370900102,15.872003555297852,1010200
2022-11-08,15.780216757995769,15.780216757995769,15.131175994527453,15.393414497375488,500800
2022-11-09,15.275411554953997,15.275411554953997,13.80031811615342,14.101893424987793,942800
2022-11-10,14.423131951050994,14.534583475236282,14.20022890268042,14.482135772705078,452200
2022-11-11,14.646039215091264,14.921390045249153,13.800318361587667,13.885546684265137,792800
2022-11-14,13.885543208948517,14.45591183908838,13.846207743185884,14.298568725585938,869600
2022-11-15,14.292015004058486,14.691929599505274,13.911768770018828,14.672261238098145,526600
2022-11-16,14.423131402220966,14.632922204362798,14.219896718952542,14.54769515991211,229700
2022-11-17,14.298569094763177,14.652592047123184,14.193673683053236,14.626367568969727,199500
2022-11-18,14.429689795876023,14.462469144958783,14.075666823612544,14.318238258361816,448000
2022-11-21,14.115006045705385,14.691930944836521,13.98388612522219,14.678818702697754,431000
2022-11-22,14.711595503003139,15.000057252734166,14.462467968610447,14.855826377868652,410100
2022-11-23,14.770599295133001,15.04595005597609,14.547696238714696,15.000057220458984,247300
2022-11-25,14.875497092086373,14.901720323282673,14.469026379700797,14.718153953552246,219200
2022-11-28,14.567361703952159,14.829601446961904,14.423130845658214,14.554250717163086,211700
2022-11-29,14.790263687753471,15.21640136428645,14.750928229268558,15.209846496582031,324300
2022-11-30,15.406529938215094,15.635989144832116,15.163958491116622,15.544204711914062,639300
2022-12-01,15.18362701381973,15.537650007883116,14.816493029587107,14.934500694274902,566000
2022-12-02,14.921385161136659,15.11150760638563,14.888604566816618,14.954164505004883,326800
2022-12-05,15.170514202516479,15.170514202516479,14.482137851669025,14.58703327178955,305800
2022-12-06,14.5476961177015,14.68537087175186,14.121558366488422,14.167449951171875,330900
2022-12-07,14.128116034259637,14.318239780415775,13.964216770519029,14.252679824829102,404300
2022-12-08,14.416580688280183,14.560811606213477,14.128117601961312,14.160898208618164,220000
2022-12-09,14.095336187238832,14.337907639264658,13.531522339604606,13.937993049621582,529800
2022-12-12,14.07566725654983,14.324794818868689,13.990440196042043,14.062556266784668,541300
2022-12-13,14.12811418367352,14.337906264161463,13.983883300636792,14.108447074890137,395900
2022-12-14,14.062554094368753,14.252676546339591,13.708531165906567,14.069108963012695,528700
2022-12-15,13.76753727776632,14.331351109286173,13.76753727776632,14.285459518432617,561500
2022-12-16,13.990441705500587,14.187120328170664,13.872434031717665,14.056001663208008,670900
2022-12-19,14.206785952995068,14.449357374633772,13.721644360169607,14.42313289642334,487500
2022-12-20,14.21989687221875,14.777154477946663,14.20022851538653,14.737817764282227,493600
2022-12-21,14.908277670027267,15.006616983393826,14.416579852742256,14.442804336547852,483800
2022-12-22,14.436248811061198,14.488696530383534,13.570860817016507,14.259237289428711,552700
2022-12-23,14.167450828462437,14.619811834455353,14.036330935145896,14.51491641998291,409200
2022-12-27,14.324792641495126,14.442800284608744,13.937990367045758,13.983881950378418,702500
2022-12-28,13.806873623167341,13.806873623167341,12.987377304714473,13.38729190826416,1267200
2022-12-29,13.288951268944228,13.623305883433902,13.09227142194629,13.61674976348877,378700
2022-12-30,13.446294391719825,13.570858169731151,13.164387486434618,13.321730613708496,444600
2023-01-03,13.223391004846079,13.223391004846079,12.725137154956972,12.90870475769043,728500
2023-01-04,12.777583912199296,13.092270135943158,12.666132384983523,12.849699974060059,397200
2023-01-05,12.79069995880127,12.954599238769838,12.600576193820642,12.79069995880127,591500
2023-01-06,12.816919331180188,13.439736907565184,12.816919331180188,13.256169319152832,416500
2023-01-09,13.439736779288989,13.498740601770798,13.151273786094796,13.243058204650879,360900
2023-01-10,13.210278314156994,13.243058911982127,12.764472187350776,12.869367599487305,344800
2023-01-11,12.869369378989056,13.144720186534343,12.653022405235768,12.915262222290039,300300
2023-01-12,12.915261562922662,13.354511608475619,12.915261562922662,13.09227180480957,174400
2023-01-13,13.111939019735912,13.498741320854277,12.987375248921875,13.485629081726074,176100
2023-01-17,13.459405313032551,13.833095360005345,13.459405313032551,13.669196128845215,243100
2023-01-18,13.721646561403736,13.944549660142854,13.282396484529842,13.328288078308105,348700
2023-01-19,13.446293651544169,13.446293651544169,13.00048752358238,13.341398239135742,332100
2023-01-20,13.538076764773074,13.865875239709235,13.275838234914534,13.80687141418457,302400
2023-01-23,13.905209781336668,14.121557960832817,13.662639626277366,13.721643447875977,632100
2023-01-24,13.77409246258655,14.010107771465673,13.636416448923066,13.931435585021973,147900
2023-01-25,13.86587388827279,13.898654482842614,13.73475526134896,13.800313949584961,203500
2023-01-26,14.042888369738785,14.042888369738785,13.30861914922767,13.452851295471191,414700
2023-01-27,13.406958494025702,13.662640911367598,13.361065655892046,13.577412605285645,351200
2023-01-30,14.796822984400958,15.21640463290777,14.259233684638618,14.777155876159668,2540200
2023-01-31,15.072175245913984,15.255742860533934,14.757488978381561,15.03283977508545,735800
2023-02-01,15.314745115074649,15.314745115074649,14.396908386934752,14.626367568969727,1479100
2023-02-02,14.862383886640345,14.882052246600104,14.423133851155262,14.541141510009766,753800
2023-02-03,14.75093133929476,14.868938990081428,14.534584396336514,14.626367568969727,827000
2023-02-06,14.78204084092356,14.856492924411784,14.40978300539683,14.62636947631836,477900
2023-02-07,14.673747783839751,14.876797280057696,13.820937576001404,14.240574836730957,552200
2023-02-08,14.443624630099396,14.477465783179534,13.915694121731462,13.976609230041504,665100
2023-02-09,14.213500302543377,14.315025046512968,14.010450814604193,14.172890663146973,413400
2023-02-10,14.31502514458737,14.558685564549473,14.145816806493057,14.55191707611084,470100
2023-02-13,14.633134532671862,14.633134532671862,14.328559072529027,14.416546821594238,715200
2023-02-14,14.606062390726963,14.633136342068212,14.247340281197735,14.294719696044922,873500
2023-02-15,14.491003773936212,14.619602488354774,14.267648791502564,14.57899284362793,541100
2023-02-16,14.578990488870302,14.924174349731357,14.430086330660233,14.599294662475586,692400
2023-02-17,14.551919103651258,14.58576025960239,14.29472296193354,14.49100399017334,511700
2023-02-21,14.687284162344353,14.74143077852528,14.166122174754712,14.172890663146973,628600
2023-02-22,14.274413527315318,14.369169770414175,14.1187421876652,14.321791648864746,424700
2023-02-23,14.389476095754425,14.497769320348713,13.983375858047314,14.091669082641602,469600
2023-02-24,14.044291298563888,14.213499627462248,13.753252766305573,13.875082969665527,453700
2023-02-27,13.881852742137609,14.247342095076826,13.875084253440576,14.09843921661377,466900
2023-02-28,14.111976045250811,14.240574747224406,14.030755472699802,14.044292449951172,289600
2023-03-01,14.044292617376973,14.166122832177255,13.949536357402186,14.064598083496094,438100
2023-03-02,14.010451351617855,14.220269335991519,13.942767756058128,14.125513076782227,461100
2023-03-03,14.057830320312062,14.355636093018878,14.023987875033592,14.335331916809082,468600
2023-03-06,14.348867234159417,14.348867234159417,13.881851871027937,13.92246150970459,411200
2023-03-07,13.94277145316133,13.990149595328893,13.834478187933314,13.848013877868652,394400
2023-03-08,13.848009053513264,13.902156958220832,13.225323640861465,13.550203323364258,956100
2023-03-09,13.55020433548121,13.65849757107098,13.259165780724754,13.408068656921387,736100
2023-03-10,13.313311868531226,13.380995460819722,12.798918374478664,13.015504837036133,567300
2023-03-13,12.846295584538796,13.008735419858324,12.52141591389974,12.690624237060547,572800
2023-03-14,12.96136004874088,13.130568407839215,12.453734971445881,12.670321464538574,551900
2023-03-15,12.325135660037555,12.575564587393618,11.99348744718463,12.338672637939453,675400
2023-03-16,12.040865086276378,12.866601251620235,12.034096598328018,12.859832763671875,443600
2023-03-17,12.886908765150345,12.886908765150345,12.494344147449807,12.7650785446167,710500
2023-03-20,12.785382385349624,13.123799081973658,12.785382385349624,13.096726417541504,459000
2023-03-21,13.13056693297517,13.360690378777345,13.069651827265348,13.353921890258789,455600
2023-03-22,13.353921507521465,13.353921507521465,12.961358221396766,13.015504837036133,439700
2023-03-23,13.062885662153187,13.137337758142408,12.650018116744796,12.731237411499023,440000
2023-03-24,12.650015667792054,13.056115935817326,12.521416969876666,13.035810470581055,216100
2023-03-27,13.198250136558766,13.44867904050436,12.99520065084072,13.27270221710205,387700
2023-03-28,13.394531602721768,13.489287851446166,13.279469890289114,13.360689163208008,257200
2023-03-29,13.536666283880244,13.848008988750083,13.536666283880244,13.726180076599121,323000
2023-03-30,13.841242055405207,13.875083205376937,13.658496747260777,13.719411849975586,293500
2023-03-31,13.78709677867645,13.800632465404274,13.617888430484804,13.651729583740234,348000
2023-04-03,13.95630415951171,14.294720832438252,13.83447395070501,14.057828903198242,852000
2023-04-04,14.254112308180186,14.260880797696043,13.41483897257447,13.699109077453613,527700
2023-04-05,13.705879451365963,13.902161801440212,13.611123167030838,13.848013877868652,203100
2023-04-06,13.780325651454048,13.868313407646387,13.604348848112368,13.678799629211426,161000
2023-04-10,13.895387357832952,13.895387357832952,13.536665263602954,13.678799629211426,543200
2023-04-11,13.678801152893355,14.017217822179669,13.678801152893355,14.003682136535645,493600
2023-04-12,14.0375236812152,14.240574463062362,13.854778364839907,14.084901809692383,396800
2023-04-13,14.213501375166322,14.240575330778503,14.098439645729066,14.111976623535156,175100
2023-04-14,14.267647240188918,14.335330834679347,13.87508394129306,14.02398681640625,199400
2023-04-17,14.12551140032402,14.29471972366258,14.084900473233684,14.18642520904541,297200
2023-04-18,14.315026663967508,14.463930843507606,14.213501908526638,14.247343063354492,232900
2023-04-19,14.213500862874024,14.348868054141425,14.091670648924808,14.274415969848633,232500
2023-04-20,14.267649657852216,14.348870243195055,14.078135819357202,14.118746757507324,277200
2023-04-21,14.091671439953771,14.220270149780903,13.942768553966811,14.071367263793945,217000
2023-04-24,14.03752403060929,14.430087336136095,14.03752403060929,14.274415969848633,381500
2023-04-25,14.1796618737751,14.369174421312707,13.976611055896711,14.118746757507324,434900
2023-04-26,14.078133037462191,14.443623662846448,13.908924701478476,13.942767143249512,450100
2023-04-27,13.929230725228946,14.375940646866479,13.807400511881037,14.044292449951172,344600
2023-04-28,14.010449276542246,14.436853670786881,13.942765691007079,14.139046669006348,941000
2023-05-01,14.348867206155688,14.44362345986866,14.125512257434302,14.213500022888184,589800
2023-05-02,14.55191770074484,14.612832808350117,13.902158274231514,14.32856273651123,749800
2023-05-03,14.34886836870922,14.34886836870922,13.908925632923987,13.976609230041504,1026700
2023-05-04,14.017219398330417,14.206733219184995,13.902158957154082,13.963072776794434,795900
2023-05-05,14.082175364725389,14.313375200933296,13.829956875662447,14.012114524841309,739600
2023-05-08,14.117205803438367,14.194272864690754,13.213425067485254,13.38857650756836,707200
2023-05-09,13.416601772412324,13.430614210136943,12.996237994771025,13.241450309753418,622600
2023-05-10,13.262466750592719,13.297496502752269,12.737012450403146,13.108332633972168,655900
2023-05-11,13.11534028720974,13.11534028720974,12.800068474367404,12.947195053100586,496000
2023-05-12,12.89815195249406,13.101328264598152,12.659945886861408,12.779048919677734,584900
2023-05-15,12.926176799072502,13.444624900817871,12.786055112633456,13.444624900817871,677300
2023-05-16,13.444626527702578,13.45163274650227,12.96120812092057,13.045281410217285,484200
2023-05-17,13.136358722330755,13.269474198214237,12.968213491040864,13.031268119812012,555100
2023-05-18,13.03126682552641,13.129351199962079,12.856115393291645,13.066296577453613,556400
2023-05-19,13.150369118439347,13.36755650811654,13.003241228703677,13.15737533569336,318700
2023-05-22,13.122345653424407,13.577739133264815,13.122345653424407,13.430612564086914,322300
2023-05-23,13.444627335859021,13.584747711376712,13.346541603066989,13.437621116638184,161400
2023-05-24,13.500672670178352,13.500672670178352,13.185399558738004,13.29049015045166,267600
2023-05-25,13.311509400320734,13.311509400320734,12.870128360808167,13.003242492675781,371500
2023-05-26,12.961204306900267,13.003240271029139,12.737010716480675,12.758028030395508,318200
2023-05-30,12.793061370331518,12.793061370331518,11.959340139657765,12.344674110412598,918300
2023-05-31,12.155511489664011,12.323656729502702,11.945328937640966,11.98036003112793,547500
2023-06-01,12.015387928619573,12.330661039707588,11.98035817685396,12.190539360046387,263600
2023-06-02,12.379702127088901,12.547847325967448,12.31664751047204,12.484792709350586,314400
2023-06-05,12.575875799591648,12.624917996288165,12.204554210418594,12.239583969116211,545500
2023-06-06,12.190538703257582,12.519824231830697,12.190538703257582,12.435750961303711,350900
2023-06-07,12.470780774688661,12.80006630493864,12.435751024631957,12.6459321975708,598100
2023-06-08,12.624916245958941,12.807073905791247,12.491800776023899,12.708988189697266,623200
2023-06-09,12.772043295271851,12.772043295271851,12.512819899994856,12.547849655151367,352900
2023-06-12,12.540844497547436,12.624917787853171,12.239583767043008,12.267608642578125,541800
2023-06-13,12.288625025369978,12.540842177018257,12.267606372607885,12.414732933044434,366500
2023-06-14,12.40072090236303,12.491799051556303,12.204550833555398,12.246586799621582,562800
2023-06-15,12.281620058081435,12.666952710518707,12.260601403179592,12.491801261901855,520700
2023-06-16,12.554855890307882,12.610904300413294,12.400723096592873,12.491801261901855,550800
2023-06-20,12.4427575368603,12.912163414763736,12.330660730462407,12.83509635925293,391600
2023-06-21,12.758029752391824,12.849109245980108,12.645932942051926,12.730006217956543,310700
2023-06-22,12.61090415072377,12.701982314951666,12.54784952306619,12.673958778381348,167700
2023-06-23,12.673957848867026,12.673957848867026,12.540842385097172,12.561861038208008,317100
2023-06-26,12.575873374938965,12.701981283716313,12.47778766415741,12.575873374938965,299700
2023-06-27,12.610901211086995,12.701979354084319,12.505810634921106,12.631919860839844,330800
2023-06-28,12.610902177995644,12.673956795789564,12.49179915952927,12.519824028015137,578900
2023-06-29,12.575872697457392,12.71599303398352,12.561860262914987,12.6459321975708,423200
2023-06-30,12.673958699179558,13.059291344634977,12.624916508263356,12.954200744628906,437600
2023-07-03,13.024261752146835,13.346539774349312,12.989231997142042,13.213425636291504,169200
2023-07-05,13.304503228356715,13.556721729692207,13.220431285444512,13.38857650756836,396200
2023-07-06,13.374562699827019,13.381568917067652,13.199411277709116,13.325520515441895,499100
2023-07-07,13.34654025046854,13.570735233915341,13.27648073795968,13.374565124511719,285000
2023-07-10,13.381573602407139,13.507682884295022,13.22743944174427,13.339537620544434,952200
2023-07-11,13.416598864223186,13.451629950941378,13.220430123798604,13.29749584197998,256600
2023-07-12,13.374562725370552,13.451629778865394,13.122344249423294,13.15737533569336,444200
2023-07-13,13.164382818539472,13.241448543143923,13.031267350514428,13.059290885925293,355300
2023-07-14,13.045279097043359,13.087315066088145,12.786054392618551,12.926176071166992,557600
2023-07-17,12.926176795927715,12.954200331429044,12.730006702220665,12.891145706176758,340600
2023-07-18,12.933181649624732,13.115339307037685,12.919170550054071,13.003242492675781,312000
2023-07-19,12.940185252740529,13.14336152290286,12.940185252740529,13.094319343566895,313300
2023-07-20,13.227436279642093,13.339534431644486,12.989231548497932,13.31851577758789,354900
2023-07-21,13.381571380430067,13.381571380430067,13.157377732656085,13.262468338012695,346300
2023-07-24,13.21342420263228,13.507678656164154,13.21342420263228,13.48666000366211,599300
2023-07-25,13.4306102283208,13.626780289407467,13.381568047123936,13.423604011535645,388000
2023-07-26,13.465642963411767,13.465642963411767,13.28348529548222,13.353546142578125,1015200
2023-07-27,13.290491364561946,13.3815708656536,13.206419418030647,13.213425636291504,742800
2023-07-28,13.241448784867499,13.451631317633323,13.14336440468979,13.416600227355957,580500
2023-07-31,13.556721081115574,14.08217537622626,13.556721081115574,13.956066131591797,785400
2023-08-01,14.082175254821777,14.257326685015334,13.914030042191888,14.082175254821777,657200
2023-08-02,14.222296102556154,14.257327191619238,13.878999447534389,14.18726634979248,762900
2023-08-03,14.292357559625378,14.425473031196494,14.103193679440025,14.222296714782715,921500
2023-08-04,14.229553868303217,14.352910582630061,14.019121256323833,14.084427833557129,610200
2023-08-07,14.244062640899168,14.251319079651386,13.946555572179093,14.156988143920898,538700
2023-08-08,13.968327812554152,14.35291084278497,13.968327812554152,14.28034782409668,393800
2023-08-09,14.323883447029926,14.512546720479072,14.258576876065826,14.476265907287598,394100
2023-08-10,14.512547381935551,14.614134770721302,14.265833965720699,14.389190673828125,439400
2023-08-11,14.360162734985352,14.512543780347468,14.22954961951838,14.360162734985352,290900
2023-08-14,14.439983710071814,14.519803159922228,14.309370568143613,14.476265907287598,380000
2023-08-15,14.374677751028916,14.512547338269297,14.149733654812565,14.273090362548828,345200
2023-08-16,14.236808629457784,14.650415980474532,14.22229575088983,14.49803352355957,508600
2023-08-17,14.657675393903823,14.759262796443744,14.541575109851182,14.563343048095703,363800
2023-08-18,14.541574225060048,14.68669887928337,14.4399854446768,14.570598602294922,486100
2023-08-21,14.73023498832222,14.766517187066722,14.403703503767904,14.606878280639648,313100
2023-08-22,14.570597695874058,14.64316071048389,14.403703731088514,14.519804000854492,318100
2023-08-23,14.599621676040288,14.599621676040288,14.33113896991179,14.53431510925293,277400
2023-08-24,14.46901117161087,14.58511144832389,14.331141574004983,14.454498291015625,353500
2023-08-25,14.439985544765984,14.715724742543157,14.439985544765984,14.693955421447754,340400
2023-08-28,14.693954173602085,14.795541562037958,14.512547331952677,14.606878280639648,262500
2023-08-29,14.650416124954186,14.759259947238684,14.512546545247533,14.67944049835205,278800
2023-08-30,14.730235507007196,14.802798523026942,14.693954691009532,14.773774147033691,192100
2023-08-31,14.802795548810455,14.83907774154262,14.72297749284796,14.81730842590332,206800
2023-09-01,14.541572202742936,14.621390267056785,14.186013596886323,14.447239875793457,1294000
2023-09-05,14.345652374376783,14.418215382806377,14.21503923600837,14.323883056640625,463200
2023-09-06,14.360165331925703,14.360165331925703,13.975582353948573,14.055401802062988,473000
2023-09-07,14.084425110807329,14.127962359204918,13.975581297801273,14.09893798828125,292700
2023-09-08,14.251322063011576,14.425472477448796,14.14973466726265,14.28034782409668,374200
2023-09-11,14.36742237422033,14.534317732816348,14.302115795644601,14.396448135375977,369500
2023-09-12,14.512546402127525,14.57785297165904,14.432726954028054,14.49803352355957,402000
2023-09-13,14.519804971386115,14.817312105550428,14.519804971386115,14.802799224853516,321000
2023-09-14,14.882617902460469,15.13658776521036,14.875361462493398,14.933411598205566,635900
2023-09-15,14.955180145721771,15.093048345902485,14.897130013007697,15.064023971557617,483800
2023-09-18,15.151098592476286,15.230918044567101,14.998717511965832,15.18738079071045,498100
2023-09-19,15.238176175653006,15.448608796696163,15.238176175653006,15.332507133483887,712400
2023-09-20,15.376044091134535,15.593731744749068,15.216405186727819,15.412324905395508,487800
2023-09-21,15.419583417072944,15.680809743732384,15.383302597936703,15.542940139770508,360600
2023-09-22,15.542940916222243,15.87672889782863,15.542940916222243,15.637271881103516,405500
2023-09-25,15.659036884987312,15.956543963586173,15.659036884987312,15.905750274658203,400000
2023-09-26,15.963802978073302,15.985572298564929,15.492145439616934,15.593732833862305,389200
2023-09-27,15.637270233797716,16.09441628013061,15.637270233797716,16.058134078979492,585000
2023-09-28,16.239539888735056,16.660403706862436,16.094415245533003,16.653148651123047,727300
2023-09-29,16.689431163976188,16.791018562956026,16.297591681011937,16.348386764526367,500600
2023-10-02,16.52253579413241,16.52253579413241,15.767882653716152,16.07990264892578,606900
2023-10-03,15.963802285089272,16.19600282415576,15.963802285089272,16.181489944458008,345900
2023-10-04,16.152466377568977,16.312103910161458,15.542939239998493,15.717089653015137,418700
2023-10-05,15.615501415403292,16.05813317225811,15.615501415403292,16.007339477539062,257000
2023-10-06,16.094416010905125,16.464486152309302,16.02185299384117,16.355642318725586,262500
2023-10-09,16.544304146169285,16.870837029379956,16.51527976989746,16.51527976989746,476700
2023-10-10,16.71119878520874,16.76199247953068,16.544303438691045,16.653148651123047,336400
2023-10-11,16.60235518966567,16.68943109128664,16.464486972800508,16.56607437133789,325800
2023-10-12,16.56607275798232,16.783760414797584,16.471741809102205,16.653148651123047,374300
2023-10-13,16.471738973051796,16.885346280201855,16.471738973051796,16.76198959350586,394000
2023-10-16,16.689428747473695,17.161086239619177,16.689428747473695,17.066755294799805,314800
2023-10-17,17.09577804453549,17.473104556016757,17.09577804453549,17.371517181396484,298600
2023-10-18,17.400546006659606,17.480365469450327,17.197371205409823,17.39328956604004,314600
2023-10-19,17.538413229920454,17.632744177122387,17.34249351185759,17.502132415771484,409400
2023-10-20,17.596463617826203,17.632744432500637,17.059499533303295,17.20462417602539,338600
2023-10-23,17.168344733684098,17.168344733684098,16.88535048133447,17.081270217895508,284100
2023-10-24,16.957908211469295,17.066752014269742,16.711194853642127,16.914369583129883,272500
2023-10-25,16.83455314577069,16.979677768736885,16.566070448045764,16.609607696533203,408300
2023-10-26,16.544304049139065,16.725710897853414,16.13069665551425,16.616867065429688,372700
2023-10-27,16.355639998612645,16.522533945368064,15.985569909704392,16.312101364135742,466500
2023-10-30,16.493510218148426,16.689429945324616,16.246796795191237,16.602354049682617,391200
2023-10-31,16.48625094652806,16.674914201327596,16.27581975957515,16.493507385253906,263700
2023-11-01,16.740224853937548,17.037731994230167,16.54430511256694,16.798274993896484,569200
2023-11-02,16.907119323450335,17.284445936134304,16.907119323450335,17.190114974975586,462500
2023-11-03,17.31346694730261,17.415054321289062,17.19011025716585,17.415054321289062,780400
2023-11-06,17.04881694623241,17.258097111212958,16.667628838020246,16.802165985107422,656300
2023-11-07,16.60036146399702,16.757321955475316,15.882831861823666,16.099586486816406,689600
2023-11-08,15.83798661808898,16.443402398123325,15.830512173199098,16.099586486816406,252500
2023-11-09,16.129479489076946,16.293912965671364,15.75576587586793,15.935148239135742,393000
2023-11-10,16.092111980305475,16.48824757872005,16.092111980305475,16.42845344543457,362000
2023-11-13,16.443402492538965,16.585414095052908,16.25654564603284,16.53309440612793,368300
2023-11-14,16.742372512817383,16.981549038976915,16.66762949199139,16.742372512817383,504100
2023-11-15,16.742373383274284,16.80216751792294,16.592888759454958,16.615310668945312,373400
2023-11-16,16.5555120234604,16.630255027807344,15.935147510907933,16.024839401245117,472700
2023-11-17,16.21917643166896,16.29391803709036,16.069690369616676,16.17432975769043,350700
2023-11-20,16.204226045385884,16.226647954701825,16.009894752888275,16.039791107177734,252000
2023-11-21,16.069688631913515,16.383608187793683,16.054739742203843,16.278968811035156,250200
2023-11-22,16.03231804943266,16.443402542759813,16.00989471456578,16.36118507385254,276900
2023-11-24,16.33129119873047,16.548044432928396,16.286445947793798,16.33129119873047,95700
2023-11-27,16.256545183616257,16.29391598161263,15.972523412271958,16.062213897705078,376200
2023-11-28,16.054736124654962,16.107055801245245,15.524063489977227,15.725869178771973,549500
2023-11-29,15.703448041254612,15.740818836720065,15.568910896611834,15.628705024719238,428400
2023-11-30,15.770715496326556,15.823035176513478,15.643652804899302,15.681023597717285,178300
2023-12-01,15.643651367452016,16.069684639089335,15.613753595461352,15.852930068969727,376300
2023-12-04,15.695973183115616,15.830510324210458,15.54648715398703,15.606281280517578,348100
2023-12-05,15.666076410105017,15.755768318445787,15.27741527557373,15.27741527557373,380600
2023-12-06,15.142879116466702,15.217622140706055,14.769165420874545,14.79906177520752,1197200
2023-12-07,14.799059419723466,14.911174651040044,14.440294671202695,14.627151489257812,711100
2023-12-08,14.515039605182665,14.634627870521804,14.425347693376024,14.462719917297363,679000
2023-12-11,14.387973826871457,14.425344617219027,14.014260220978693,14.373024940490723,658800
2023-12-12,14.313233027573064,14.33565636060169,14.081530955361897,14.111427307128906,500300
2023-12-13,14.05163250692663,14.111426633209552,13.790034095441607,13.85730266571045,866100
2023-12-14,14.044157361454587,14.619675205159664,14.014259590039151,14.604727745056152,522700
2023-12-15,14.552410242024937,14.68694739543978,14.350605937507233,14.358078956604004,613100
2023-12-18,14.522513048541366,14.60473050989429,14.425346698650735,14.477667808532715,391500
2023-12-19,14.432820955269007,14.881277626338264,14.432820955269007,14.858854293823242,322100
2023-12-20,14.911177936547391,15.105507815611217,14.66452693939209,14.66452693939209,273000
2023-12-21,14.806535999657786,14.873804577910821,14.574833911011,14.716845512390137,342600
2023-12-22,14.754215536203523,14.941072371402054,14.724319183886106,14.814009666442871,254900
2023-12-26,14.87380317757626,15.210146037175518,14.784112698752764,15.180248260498047,391300
2023-12-27,15.232568608601087,15.374580202805422,14.970970179283254,15.27741527557373,295200
2023-12-28,15.434373612078348,15.613755994774715,15.269940117674459,15.51659107208252,628600
2023-12-29,15.695974891079407,15.860408400530208,15.568912180175058,15.830512046813965,503600
2024-01-02,15.957571916158152,16.039787943441077,15.748291774992563,15.815560340881348,585300
2024-01-03,15.81556435549114,16.338764128411547,15.778193554113123,16.05474090576172,395200
2024-01-04,16.122005114181444,16.443399051002267,15.905251958914288,15.912726402282715,419600
2024-01-05,16.032314347157683,16.204222264625276,15.942622454006957,16.181798934936523,239000
2024-01-08,16.23412219046285,16.23412219046285,15.740820233404902,16.107059478759766,363000
2024-01-09,16.398558116927255,16.533095281632775,16.114534896859006,16.40603256225586,430400
2024-01-10,16.443401880105817,16.510670456390976,16.047264867049265,16.420978546142578,522300
2024-01-11,16.533092927090845,16.585412611335347,16.376132448752866,16.54804039001465,299700
2024-01-12,16.630257307093885,16.727422228139044,16.46582381547729,16.570463180541992,384700
2024-01-16,16.72742384155324,16.742372731034187,16.069688386041726,16.204225540161133,616200
2024-01-17,16.21917246942759,16.473297857472403,16.189274694079074,16.38360595703125,413100
2024-01-18,16.458351018782867,16.697527548929738,16.368659107175507,16.4957218170166,385900
2024-01-19,16.45087793203518,16.817117202256195,16.346238547859084,16.518146514892578,524600
2024-01-22,16.630260224357592,16.77974627976223,16.443403367904136,16.555517196655273,523800
2024-01-23,16.53309440612793,16.637733783977886,16.45087693747176,16.53309440612793,312600
2024-01-24,16.592888877352152,16.787218747137583,16.54056776175878,16.577939987182617,345000
2024-01-25,16.75732294377013,16.75732294377013,16.480774168952955,16.555517196655273,463400
2024-01-26,16.555513739629973,16.667627544970163,16.17432566098982,16.27149200439453,788400
2024-01-29,16.1145342893552,16.1145342893552,14.94854794853849,15.374581336975098,1670800
2024-01-30,15.43437349837187,15.882830164611192,15.225094766236777,15.87535572052002,958500
2024-01-31,15.905253049895917,16.054737650705064,15.65860210423664,15.703447341918945,421400
2024-02-01,15.852932388246499,16.06968699007721,15.725871115509873,15.87535572052002,638400
2024-02-02,15.957573093088442,16.069686902637116,15.815561507337756,15.905253410339355,676800
2024-02-05,15.935151378223646,15.987471066282748,15.785666758855433,15.845460891723633,824300
2024-02-06,15.845461188051306,15.884108064650091,15.219372646591195,15.335314750671387,908600
2024-02-07,15.288939737245434,15.69087230674823,15.288939737245434,15.574930191040039,573600
2024-02-08,15.489905064453609,15.497633260275856,15.258019384122873,15.34304428100586,506800
2024-02-09,15.265749609617203,15.381691716858784,14.9720295063196,15.010676383972168,544100
2024-02-12,15.010673229907015,15.505360236478127,14.987484223617654,15.443524360656738,547700
2024-02-13,15.443523992327556,15.497630198095388,15.211639832098694,15.381688117980957,323600
2024-02-14,15.428064734779248,15.451253740635204,15.196180573353859,15.265746116638184,696400
2024-02-15,15.180724182510078,15.397150522987422,15.041593068937772,15.14980697631836,658700
2024-02-16,15.072507346678819,15.165261886727691,14.9642949451913,15.018401145935059,432100
2024-02-20,15.103431455450064,15.196184554607218,14.577825645946428,14.60101318359375,780800
2024-02-21,14.678304682829923,15.041590264993566,14.678304682829923,14.871541976928711,563800
2024-02-22,14.755602772534798,15.002946321325627,14.755602772534798,14.840627670288086,340200
2024-02-23,14.848354748746237,14.879273427160163,14.65511743151039,14.686036109924316,358600
2024-02-26,14.686036027898961,14.794248453175847,14.60874080657959,14.60874080657959,355800
2024-02-27,14.601011495786985,14.856084700409815,14.593281826036746,14.670577049255371,377600
2024-02-28,14.771059500744247,14.778789169562502,14.554633196683865,14.662845611572266,687000
2024-02-29,14.840626553426487,14.879273427160163,14.65511743151039,14.686036109924316,300900
2024-03-01,14.778792302224405,14.879275069593891,14.515989403831723,14.539176940917969,432500
2024-03-04,14.562363310508509,14.662846059649274,14.214535574475812,14.222265243530273,574100
2024-03-05,14.168158365802327,14.72468124290733,14.160428697112646,14.647387504577637,700300
2024-03-06,14.740141897197086,14.933379208852598,14.70149502457946,14.902462005615234,423300
2024-03-07,14.941107406072511,15.319852322685206,14.902460537262794,15.265746116638184,330700
2024-03-08,15.343042062343354,15.428065472647804,15.27347651573196,15.389418601989746,322800
2024-03-11,15.458985784367204,15.458985784367204,15.211642247702732,15.404879570007324,623200
2024-03-12,15.482173329033527,15.482173329033527,15.087969051913369,15.1575345993042,340100
2024-03-13,15.304395535453528,15.343043884986344,14.809708455703788,14.817438125610352,382700
2024-03-14,14.972025990408351,15.188450813293457,14.902460447542843,15.188450813293457,410700
2024-03-15,15.296665607740898,15.41260769464328,15.033862757810901,15.273476600646973,436000
2024-03-18,15.227102660256227,15.273479208077685,15.033865324335636,15.234830856323242,299900
2024-03-19,15.288938026283065,15.38942078884289,15.234830335675966,15.373961448669434,220700
2024-03-20,15.281207902896469,15.474445226481045,15.203912678605882,15.428067207336426,309600
2024-03-21,15.30439407898466,15.598115610346397,15.30439407898466,15.451254844665527,255100
2024-03-22,15.428068192243835,15.505363421468846,15.188454308501784,15.234830856323242,253100
2024-03-25,15.288936579516362,15.443525543770967,15.250288232739948,15.319853782653809,160100
2024-03-26,15.458983836819586,15.5362790508604,15.312123077570396,15.435794830322266,336200
2024-03-27,15.443526289299799,15.652222949116114,15.389420075484551,15.605846405029297,367000
2024-03-28,15.652222467920868,15.768164561715391,15.474444492483684,15.497632026672363,352900
2024-04-01,15.53627964378221,15.652221732126419,15.497631298145047,15.5671968460083,265300
2024-04-02,15.613577065434248,15.791355057616805,15.582658384558751,15.714059829711914,390400
2024-04-03,15.845457267007239,16.077341417786638,15.7836213951805,16.00004768371582,355900
2024-04-04,16.115991870291,16.146909073112766,16.000049779712956,16.10053253173828,332400
2024-04-05,16.20874722965103,16.20874722965103,15.961403675201408,16.162370681762695,373600
2024-04-08,16.170100147155615,16.301501593076843,16.131453270119195,16.255125045776367,276000
2024-04-09,16.30922908960329,16.386524307657872,16.193286999663243,16.216474533081055,209500
2024-04-10,16.193290528140746,16.293773301508086,16.085076609571324,16.231937408447266,199900
2024-04-11,16.262854816765476,16.316961034665116,16.16237057699426,16.27831268310547,252500
2024-04-12,16.324690704977048,16.425173470464397,16.255125146453548,16.27831268310547,264400
2024-04-15,16.35560554428869,16.40198208516289,16.03869647879495,16.139179229736328,317500
2024-04-16,15.9768593357712,16.28603870761599,15.915023461402242,16.239662170410156,330100
2024-04-17,16.347877781961635,16.494738565191152,16.293771565583345,16.33241844177246,341500
2024-04-18,16.37879692287669,16.409714129840538,16.16237057699426,16.27831268310547,236900
2024-04-19,16.270580551381798,16.386524114236945,16.25512268738027,16.309228897094727,226800
2024-04-22,16.3633370975392,16.394254303587225,16.231935654696496,16.386526107788086,282200
2024-04-23,16.40198315859208,16.409712828290928,16.278311391978068,16.378795623779297,219800
2024-04-24,16.324688598167995,16.409712012058655,16.247393379308026,16.371065139770508,215400
2024-04-25,16.378794358111918,16.695703419856727,16.309228810481727,16.618408203125,367800
2024-04-26,16.69570527933148,16.69570527933148,16.31696029687551,16.347877502441406,563300
2024-04-29,16.819375720736,18.3111679970431,16.657055612922704,17.16720199584961,2001800
2024-04-30,17.39135978734296,17.53822057168,17.128556899280404,17.33725357055664,534400
2024-05-01,17.49184298298103,17.793294229256755,17.31406498792347,17.47638511657715,747100
2024-05-02,17.515032769433564,17.932426140778432,17.4995734280614,17.677352905273438,581300
2024-05-03,17.824206679813926,18.09473917252035,17.630969395635553,17.971067428588867,715400
2024-05-06,18.17976733725242,18.473487413639905,18.06382524063325,18.3343563079834,967000
2024-05-07,18.294534063436828,18.342322361231304,17.394542389241142,17.904272079467773,926900
2024-05-08,17.912237978679013,17.94409684597927,17.537905402587448,17.880380630493164,399200
2024-05-09,17.808699859657036,18.151175090668044,17.808699859657036,18.031705856323242,550500
2024-05-10,18.047632623208067,18.111348829856517,17.48215147909235,17.72905158996582,436500
2024-05-13,17.90427115415025,18.13524335754367,17.72108724608154,17.737016677856445,362100
2024-05-14,17.641439071162292,17.960020065307617,17.58568758707611,17.960020065307617,250900
2024-05-15,18.047631310138833,18.437893237356054,17.888340045549967,18.167098999023438,698800
2024-05-16,18.254709030310647,18.3582472871204,18.039666282574167,18.111347198486328,260700
2024-05-17,18.063563006530668,18.270641068828915,18.063563006530668,18.175065994262695,244000
2024-05-20,18.167101404652282,18.469754543624656,18.167101404652282,18.366214752197266,349300
2024-05-21,18.485683272379493,18.644974565088177,18.33435821533203,18.33435821533203,359500
2024-05-22,18.398075034665187,18.55736481350687,18.17506752134955,18.44586181640625,227000
2024-05-23,18.38214418458829,18.605151680719818,17.952060143830558,18.366214752197266,406800
2024-05-24,18.517536111363633,18.756471453542137,18.485677255545774,18.565322875976562,329200
2024-05-28,18.47772053218538,19.11488268055823,18.46975581544142,19.098953247070312,665700
2024-05-29,19.114883332347475,19.114883332347475,18.190997426146502,18.644975662231445,466000
2024-05-30,18.597188379584747,19.10691810196868,18.597188379584747,19.003379821777344,338900
2024-05-31,19.11487936329233,19.791864977898427,19.083020501845397,19.624608993530273,907600
2024-06-03,19.744081361094587,20.333456720052197,19.736116644459628,19.83965492248535,557700
2024-06-04,19.919300081099177,19.919300081099177,18.66886846325685,18.796300888061523,641300
2024-06-05,18.828155488788084,19.011340901953897,18.45382298540668,18.541433334350586,458500
2024-06-06,18.59718457745499,19.55292761152652,18.59718457745499,19.377708435058594,430400
2024-06-07,19.37770932213408,19.704255063613104,19.274171058370992,19.584787368774414,309800
2024-06-10,19.600714680602103,20.03079863934313,19.552926392542215,19.767969131469727,501400
2024-06-11,19.76797063771492,19.76797063771492,18.89983642029366,19.154701232910156,451500
2024-06-12,19.369744110058043,19.473283890281078,18.979482173395038,19.059127807617188,388900
2024-06-13,18.963554073921994,19.130810069440876,18.724618673596993,18.90780258178711,185900
2024-06-14,18.82019592728884,18.89984158276515,18.660906135450748,18.716657638549805,214500
2024-06-17,18.637009714020465,19.481249913408362,18.637009714020465,18.708690643310547,554700
2024-06-18,18.844087654721974,19.313995290536333,18.77240672592898,19.083023071289062,263000
2024-06-20,19.162668533294884,19.274173043192476,19.043200826153615,19.218420028686523,273100
2024-06-21,19.15470263374115,19.27417185261706,18.955589294433594,18.955589294433594,498000
2024-06-24,18.907803817577587,19.345854105622816,18.852052321798855,19.122846603393555,202200
2024-06-25,19.17860068168413,19.274175772399087,19.083025590969175,19.186565399169922,116200
2024-06-26,19.250276133343043,19.393637968998075,18.995411322895915,19.290098190307617,287100
2024-06-27,19.36974500723767,19.43346121374381,19.12284489691564,19.266206741333008,151700
2024-06-28,19.234350617459295,19.70425827702391,19.234350617459295,19.481250762939453,255300
2024-07-01,19.66443450959659,20.50867467271358,19.60868301568051,20.18212890625,559400
2024-07-02,20.18212716610342,20.500708188951062,19.752041645923498,20.046730041503906,308100
2024-07-03,20.046732130161544,20.261774912656694,19.815759915085803,19.911334991455078,152800
2024-07-05,19.9113365843265,20.221952948925377,19.61664813446812,20.13434410095215,358000
2024-07-08,20.1343416692244,20.26177408644427,19.393639794687513,19.656469345092773,523500
2024-07-09,19.728148459458925,20.1900913092727,19.52107042069908,19.568857192993164,296600
2024-07-10,19.56886076824422,19.760009411457723,19.56886076824422,19.744081497192383,207400
2024-07-11,19.919301686613604,19.9352311207767,19.696294165673642,19.863550186157227,212100
2024-07-12,19.839654063956697,19.919299707745378,19.74408050670172,19.911334991455078,149900
2024-07-15,19.919299335847644,20.054696472026215,19.839653693545962,19.903369903564453,301200
2024-07-16,19.91929909400835,20.14230658592267,19.712221034183816,20.0865535736084,190500
2024-07-17,20.078589534330256,20.381242677780477,20.07062633713121,20.150270462036133,273600
2024-07-18,20.190093138617446,20.460887404676374,20.1502695588357,20.26177406311035,262300
2024-07-19,20.365316464665057,20.46885627399275,20.237884021734473,20.317529678344727,172600
2024-07-22,20.508675616766624,20.707788972269213,20.325491694291685,20.341421127319336,311000
2024-07-23,20.389205126885738,20.55645959352514,20.14230502508342,20.421062469482422,197100
2024-07-24,20.508673334749787,20.81132493302712,20.484779187867034,20.620176315307617,321000
2024-07-25,20.867080002945684,20.875043200245422,19.998945662299096,20.245845794677734,415000
2024-07-26,20.229915219642642,20.699822827740466,20.229915219642642,20.5405330657959,284000
2024-07-29,19.911334982345224,19.911334982345224,18.764441662010135,19.63257598876953,905700
2024-07-30,19.513107736252618,19.632575438978254,19.21045612140673,19.473285675048828,335200
2024-07-31,19.712220709930566,19.815758978582565,19.592753009450803,19.752042770385742,251400
2024-08-01,19.791866787414875,20.046731625835445,19.552929862059894,19.712221145629883,230500
2024-08-02,19.712221313961003,19.72815074627688,18.828157568915273,19.011343002319336,576500
2024-08-05,18.37418027895203,18.637009848541307,17.920202069580938,18.33435821533203,809500
2024-08-06,18.573291778564453,18.875944900632756,18.421965217530303,18.573291778564453,918600
2024-08-07,18.622557476734702,18.827832578433938,18.21200727333623,18.556869506835938,500500
2024-08-08,18.400861630745723,18.844256641667247,18.392650438011078,18.72109031677246,440100
2024-08-09,18.70466949742805,18.87709984648095,18.622559136206487,18.72109031677246,217200
2024-08-12,18.663613961104527,18.84425707315322,18.400862052079066,18.532238006591797,276200
2024-08-13,18.532237089844607,19.098796844482422,18.433705911896627,19.098796844482422,425900
2024-08-14,19.13985192530651,19.13985192530651,18.745724067172436,19.049531936645508,333100
2024-08-15,19.11521997083487,19.616090204765484,19.057741620990466,19.34512710571289,419900
2024-08-16,19.353334823321852,19.87883854139393,19.295858049923297,19.657142639160156,338200
2024-08-19,19.607878242492358,19.878841330912014,19.550401461028315,19.5832462310791,233300
2024-08-20,19.501134326556013,19.575033487188726,19.131638523392436,19.221960067749023,236400
2024-08-21,19.28765093849898,19.747466789077357,19.28765093849898,19.607879638671875,231100
2024-08-22,19.689986571537357,19.698197763203513,19.34512435218215,19.599666595458984,197500
2024-08-23,19.640724661637826,19.87884299999983,19.59145906854999,19.747467041015625,197400
2024-08-26,19.846000599917353,20.100541335028925,19.616091879288337,19.681779861450195,208100
2024-08-27,19.788522834869795,19.87884282705756,19.517559726056586,19.7721004486084,118700
2024-08-28,19.772098217798888,19.772098217798888,19.46008074466087,19.640722274780273,124100
2024-08-29,19.772098217798888,19.936318929634545,19.542189534453925,19.640722274780273,174700
2024-08-30,19.61608869816749,19.747464641186106,19.46008074466087,19.640722274780273,149900
2024-09-03,19.673567602971218,19.673567602971218,19.09058698860748,19.131641387939453,266300
2024-09-04,18.99205344329892,19.131640587764362,18.803200708470637,18.893522262573242,222800
2024-09-05,18.901735175876187,18.951000770723493,18.68003764987579,18.745725631713867,177000
2024-09-06,18.638981776746462,18.89352249050426,18.384439496863763,18.86067771911621,666000
2024-09-09,18.88531273085056,18.95100071248678,18.688248785941905,18.753936767578125,142300
2024-09-10,18.745723981823097,18.885311126708984,18.63898160802795,18.885311126708984,112700
2024-09-11,18.819622303535937,19.123430157950647,18.712879934545523,18.959209442138672,207800
2024-09-12,19.098796901159,19.31228320884627,18.934576182591922,19.090585708618164,149100
2024-09-13,19.12342633291833,19.40259898815939,19.06594799759348,19.271223068237305,222400
2024-09-16,19.295865261394972,19.542194829771212,19.230177272086294,19.353342056274414,235000
2024-09-17,19.460080833983707,19.542189624153643,19.24659453406735,19.320493698120117,205500
2024-09-18,19.345126938307402,19.70641158929274,19.304072540612996,19.673566818237305,255500
2024-09-19,19.952741542931275,19.952741542931275,19.460082495352662,19.48471450805664,312400
2024-09-20,19.624301734513992,19.97737520185246,19.47650339319789,19.952741622924805,291900
2024-09-23,19.95274102353826,20.075907348351667,19.722833891619633,19.8624210357666,146200
2024-09-24,20.010219377182317,20.445401629055514,19.952741028064747,20.166227340698242,285200
2024-09-25,20.190857775112597,20.19906896656517,19.969160304267,20.116958618164062,112800
2024-09-26,20.22370400972594,20.2729711658348,20.084116866333908,20.182649612426758,119100
2024-09-27,20.32223715700133,20.63425465455932,20.207283589394418,20.478246688842773,245200
2024-09-30,20.486457199936268,20.74920909779379,20.486457199936268,20.527511596679688,145900
2024-10-01,20.568566140026306,20.8148972206171,20.38792460049294,20.683521270751953,276400
2024-10-02,20.667100963965787,20.92985289012089,20.53572500088823,20.658889770507812,206500
2024-10-03,20.691732804940447,20.798475178671044,20.584988865084966,20.634254455566406,147000
2024-10-04,20.85595210610969,20.85595210610969,20.658888176696635,20.790264129638672,115800
2024-10-07,20.938061668186666,21.34861189697464,20.77384095022154,20.8559513092041,423900
2024-10-08,20.85595190442824,20.85595190442824,20.30581451950657,20.642465591430664,218100
2024-10-09,20.535720371052516,20.74099546284697,20.363288479560346,20.732784271240234,156600
2024-10-10,20.699941465571033,20.839528603858344,20.650675877388693,20.72457504272461,208400
2024-10-11,20.76563083495223,20.87237320282915,20.658886900950513,20.749208450317383,199900
2024-10-14,20.929850405125503,20.929850405125503,20.412557807691275,20.56035614013672,192500
2024-10-15,20.560356046866794,20.56856567318778,20.223703421087784,20.396135330200195,174100
2024-10-16,20.420769905039318,20.519301086952414,20.28118275889169,20.478246688842773,104600
2024-10-17,20.511087473616197,20.59319782627063,20.31402356692039,20.50287628173828,107400
2024-10-18,20.543934977673725,20.732787717647664,20.355082237699786,20.609622955322266,129100
2024-10-21,20.73278608288751,20.73278608288751,20.52751097315595,20.568565368652344,166400
2024-10-22,20.691730449712164,20.691730449712164,20.44539939309374,20.519298553466797,138400
2024-10-23,20.67530907609261,20.67530907609261,20.363290035691215,20.601409912109375,162500
2024-10-24,20.601409712776096,20.938060760498047,20.519299357353113,20.938060760498047,246000
2024-10-25,20.938061251121024,21.217235526425952,20.87237327846838,21.044803619384766,290700
2024-10-28,20.773840049652076,20.970905529117147,20.10053795420818,20.938060760498047,556700
2024-10-29,21.143338735874003,21.18439313609561,20.938063602516003,21.028385162353516,282400
2024-10-30,21.011960416120846,21.504620994078067,20.954483635815382,21.044803619384766,275200
2024-10-31,21.19260444652771,21.578522701694276,21.14333885276442,21.488201141357422,278800
2024-11-01,21.668840863060808,21.898749558051122,21.479988131171364,21.652420043945312,476900
2024-11-04,21.759161220703167,21.92338193183763,21.660628480797538,21.726316452026367,356000
2024-11-05,21.898753487502997,22.06297423712409,21.792011096536882,21.939807891845703,691600
2024-11-06,22.251822422236817,22.826591795340832,22.013702540917073,22.65416145324707,803700
2024-11-07,22.645734486238805,23.134370077175017,22.39299254871437,22.586761474609375,665600
2024-11-08,22.190799185810313,22.40141800753828,21.415721857575623,21.634765625,435600
2024-11-11,21.744289068536595,22.131828578220595,21.550520117141726,22.04758071899414,417900
2024-11-12,21.946479402536724,22.089700257895018,21.567366507925236,21.601064682006836,213500
2024-11-13,21.48312010834256,22.41826820373535,21.43257204037093,22.41826820373535,564700
2024-11-14,22.62888825010221,22.96587806626464,22.426694360404756,22.797382354736328,489900
2024-11-15,22.982728506991737,23.30286843825863,22.460393074310325,22.569915771484375,423500
2024-11-18,22.46039355246291,22.746835310854845,22.359297406497678,22.620464324951172,305000
2024-11-19,22.66258764048136,23.420815169127565,22.561491493672147,23.260746002197266,442300
2024-11-20,23.21019318758323,23.378688885370554,23.13437028426834,23.302865982055664,213100
2024-11-21,23.277593743156512,23.63143346248403,23.16807265219777,23.48821258544922,443900
2024-11-22,23.420814429112664,24.16219364779523,23.420814429112664,24.00212287902832,534500
2024-11-25,24.03582068000114,24.372810475713372,23.95157282934956,24.077943801879883,319200
2024-11-26,24.07794342254847,24.07794342254847,23.564032987874807,23.732528686523438,390000
2024-11-27,23.88417714488197,24.802475429963263,23.50506258429089,23.55561065673828,676900
2024-11-29,23.555606635122366,24.03581886551652,23.555606635122366,23.7830753326416,113000
2024-12-02,23.597733254713347,23.724104227846592,23.176495606339802,23.420812606811523,222800
2024-12-03,23.336568915751315,23.56403604951918,23.168073195210255,23.260746002197266,191900
2024-12-04,23.252316987553687,23.252316987553687,22.544637656118585,22.763681411743164,336900
2024-12-05,22.763681572650682,23.184919196392286,22.561487706081998,22.974300384521484,173900
2024-12-06,23.04170077497042,23.07539895284591,22.258198454911586,22.300321578979492,337300
2024-12-09,22.510938046293973,22.67100879333161,21.66003785305413,21.811683654785156,289400
2024-12-10,21.904361512632228,22.081280584309567,21.483123791235453,21.626344680786133,250300
2024-12-11,21.82010950027933,22.241347141624082,21.617915625261137,21.92963218688965,267500
2024-12-12,21.988604753413885,22.114975721874355,21.6600383071438,22.081275939941406,305000
2024-12-13,22.140253962523378,22.65416286086514,21.921210166962013,22.46039390563965,387600
2024-12-16,21.946480920826712,22.46039136799968,21.66846413612041,21.836959838867188,279700
2024-12-17,21.693738344591377,22.005454903566466,21.29777554357973,21.93805694580078,244900
2024-12-18,21.97175822421843,22.275049880443692,21.483122559685665,21.668466567993164,102200
2024-12-19,21.643190905534272,22.07285350133385,21.643190905534272,21.836959838867188,224700
2024-12-20,21.769561542354374,22.08127649865108,21.533667883537177,21.634765625,188800
2024-12-23,21.499971362354785,21.929633984575393,21.213529614207715,21.35675048828125,295100
2024-12-24,21.306197814388558,21.542089833507614,21.061879243850832,21.525239944458008,138500
2024-12-26,21.533667697697105,21.727438233254063,21.41572167275345,21.643190383911133,141500
2024-12-27,21.65161451464153,21.820108600091768,21.415720866738383,21.811683654785156,176700
2024-12-30,21.828533545398383,21.91278139157051,21.525241941936336,21.811683654785156,160100
2024-12-31,22.114976136015063,22.283471835047095,21.794836236127097,22.1486759185791,441200
2025-01-02,22.14867636536117,22.654160258865705,21.95490582549738,22.41826820373535,272500
2025-01-03,22.687860799838155,22.687860799838155,21.904358489086977,22.38456916809082,219700
2025-01-06,22.443541170831853,22.569913749618735,22.10655137681971,22.14025115966797,203100
2025-01-07,22.300321250065565,22.342445980406342,21.94648154967382,22.098127365112305,94500
2025-01-08,22.173949745682553,22.350870395119507,21.820110053702763,22.26662254333496,110200
2025-01-10,22.561487592061475,22.991150158933774,22.44353996532198,22.906902313232422,411300
2025-01-13,22.923751610273854,23.243893116713053,22.89005343463998,23.151220321655273,248800
2025-01-14,23.21019256905272,23.572457184815594,22.763681713535327,22.822654724121094,260000
2025-01-15,23.050123929621584,23.547184468081557,22.654159523824692,23.2354679107666,524100
2025-01-16,23.252319137549335,23.884175627119184,23.151221392184734,23.623008728027344,411300
2025-01-17,23.496636298963526,23.909449015367247,23.168071436434765,23.471363067626953,468100
2025-01-21,23.496634996639955,24.010545430588476,23.319715959513193,23.95157241821289,282400
2025-01-22,24.010548798521484,24.305415508654114,23.33656912412772,23.39554214477539,396200
2025-01-23,24.061092837318434,25.74604334762997,23.934721870423875,24.330684661865234,1730600
2025-01-24,24.72665260291421,24.95412134005144,24.4739090260192,24.63397979736328,771900
2025-01-27,24.094796313158295,24.179044172969945,22.957454222936704,23.050127029418945,908000
2025-01-28,23.25231851159857,23.707254336257066,23.25231851159857,23.420812606811523,367100
2025-01-29,23.420815493079946,24.254867553710938,23.420815493079946,24.254867553710938,332700
2025-01-30,24.431784023609186,24.50760693016502,23.60615860432802,23.909448623657227,419900
2025-01-31,24.17904281616211,24.47390789861511,23.8167781641265,24.17904281616211,411100
2025-02-03,23.33656910423712,23.90102768364615,22.788958811502855,23.252321243286133,756900
2025-02-04,23.218618580555738,23.656706117728927,23.10909749970949,23.572458267211914,472800
2025-02-05,23.690406125042358,24.010546031765827,23.59773332790662,23.70725440979004,504800
2025-02-06,23.85047504909219,23.884174832056633,23.28601653959053,23.572458267211914,779100
2025-02-07,23.529252839508388,23.736634969181374,22.837979073931766,23.00215721130371,608200
2025-02-10,22.78613362197348,23.200897875284024,22.725645726254882,22.79477310180664,379900
2025-02-11,22.725646383205497,22.941669644065346,22.44913687300516,22.863901138305664,316600
2025-02-12,22.820698567288503,22.863902562901735,22.570112426103517,22.60467529296875,225700
2025-02-13,22.725647591385524,23.27002716064453,22.613316214942188,23.27002716064453,289800
2025-02-14,23.356436323268156,23.63294584253427,23.123130798339844,23.123130798339844,542400
2025-02-18,23.140414351979924,23.304590858164467,22.915749942955635,23.14905548095703,324400
2025-02-19,23.183619000575803,23.373718899036565,23.123132744162234,23.218183517456055,199000
2025-02-20,23.13177092956491,23.40828043691002,23.114488673324175,23.321870803833008,246200
2025-02-21,23.3564378211981,23.382359560212535,23.028081509915896,23.071287155151367,298900
2025-02-24,22.984877191907184,23.036722317339077,22.60467575977739,22.751571655273438,246700
2025-02-25,22.69108545259901,23.028081240864125,22.518266169929973,22.958953857421875,235700
2025-02-26,22.846622977580186,23.261387287314545,22.846622977580186,23.20090103149414,323000
2025-02-27,23.174976348876953,23.244103729969265,22.96759420560002,23.174976348876953,354100
2025-02-28,22.812058097173985,23.054004764723278,22.596034816617173,22.673803329467773,624800
2025-03-03,22.630597282119982,22.751569780870273,21.533198720772763,21.67145347595215,787000
2025-03-04,21.222124521919536,21.922041068365118,21.00610126272374,21.749221801757812,491200
2025-03-05,21.688737651166075,21.852915805513806,21.248049961997,21.78378677368164,355600
2025-03-06,21.731939422440856,21.731939422440856,21.29989290649521,21.446788787841797,294600
2025-03-07,21.602328793567036,21.619611052152344,21.291254731539066,21.455432891845703,162200
2025-03-10,21.602325565655786,21.74922144542731,21.299892678111277,21.429506301879883,470500
2025-03-11,21.394944534588802,21.79242655426884,21.230766390399484,21.420867919921875,444200
2025-03-12,21.60232597815056,21.87019435880416,21.30853421299758,21.369020462036133,173600
2025-03-13,21.308535832663036,21.541841366511058,21.092512556461564,21.144357681274414,157700
2025-03-14,21.170281479675456,21.835633578872837,21.118436353853806,21.76650619506836,269100
2025-03-17,21.71465890995171,21.93068218527132,21.515917892208094,21.524559020996094,235900
2025-03-18,21.947963988537126,22.094859878638875,21.714658460470805,22.0602970123291,234100
2025-03-19,22.19855213057326,22.88982594914575,22.06029736685876,22.60467529296875,230200
2025-03-20,22.483701482567536,23.05400276184082,22.483701482567536,23.05400276184082,244200
2025-03-21,23.097205964312888,23.097205964312888,22.552828088414387,22.68244171142578,179800
2025-03-24,23.09720647441066,23.218180620269404,22.85526147894652,22.941669464111328,207100
2025-03-25,22.941672438852965,23.20954250160271,22.898468440668495,22.950313568115234,120100
2025-03-26,23.028077821573735,23.028077821573735,22.639236965495105,22.89846420288086,184500
2025-03-27,22.96759353679479,23.079924909751224,22.725646885953687,22.99351692199707,141900
2025-03-28,23.0107987965991,23.071286698732127,22.466420862416346,23.03672218322754,214600
2025-03-31,22.889823987754447,23.69343076306447,22.60467335601153,23.572458267211914,629900
2025-04-01,23.511972170869182,23.82304621044576,23.114490140856244,23.27002716064453,307900
2025-04-02,23.26138417742934,23.486048560531103,23.13177055398165,23.365076065063477,93800
2025-04-03,22.604675628181074,23.244104331874627,22.509624858670268,23.03672218322754,1913800
2025-04-04,22.371370145530882,22.58739342356228,20.435801772144785,21.636892318725586,1375300
2025-04-07,20.15064900256584,22.02573092560057,19.26927372487173,21.317174911499023,740700
2025-04-08,21.91340204801525,23.19225946991393,21.90476091904105,22.354089736938477,1323500
2025-04-09,22.380010391484642,24.01314742969724,22.380010391484642,22.93303108215332,1124600
2025-04-10,23.054004806157764,23.598382748963523,22.25903906635485,22.76885414123535,598900
2025-04-11,22.8379779947092,23.304587352391845,22.27631788070395,22.51826286315918,769100
2025-04-14,23.04536149392055,23.252743626206048,22.570110980115444,22.639238357543945,493300
2025-04-15,22.829338371804877,23.416921907571698,22.760210993957408,23.05400276184082,407600
2025-04-16,23.079926449140174,23.710715679454342,23.062645839312793,23.14905548095703,315500
2025-04-17,23.390999724014623,23.80576401239856,23.373717466633597,23.47740936279297,244200
2025-04-21,23.49468878945784,23.76255715408297,22.9416681567822,23.27866554260254,333400
2025-04-22,22.98487587477147,23.486049786898455,22.98487587477147,23.313230514526367,176700
2025-04-23,23.252745156977547,23.650228839453522,23.131772650545496,23.511972427368164,293500
2025-04-24,23.63294689621031,23.978583810703192,22.941671419097734,23.719356536865234,333400
2025-04-25,23.42556675414489,23.78848595748172,23.287311976504853,23.451488494873047,289200
2025-04-28,23.944019872657844,24.531603465530136,23.546537823436502,23.5983829498291,774300
2025-04-29,23.676153345039967,23.94402177550406,23.12313422456521,23.391002655029297,420000
2025-04-30,23.390997594011967,23.416920977722903,22.70836497089032,22.855260848999023,448000
2025-05-01,23.079925894462527,23.727995719029074,22.59603422026167,22.812057495117188,674000
2025-05-02,23.244102774788235,23.693431557487155,22.8984658835301,23.468767166137695,290400
2025-05-05,23.373717663409597,23.66750944885325,23.30459028143031,23.511972427368164,282300
2025-05-06,23.546536685545146,23.702073705333433,23.24410377463756,23.27002716064453,497900
2025-05-07,23.5638176787558,23.667507920967477,23.097206644423203,23.339153289794922,354700
2025-05-08,23.339154235280542,23.418991843987705,22.727068157827787,22.895612716674805,456300
2025-05-09,22.833517457430446,22.833517457430446,21.848854732504563,22.150463104248047,609100
2025-05-12,22.61174698832923,22.70932666632709,22.132723015927283,22.292396545410156,544100
2025-05-13,22.29239501128662,23.3657663194656,22.29239501128662,23.241575241088867,374200
2025-05-14,23.427862155955072,23.631890842156427,23.117382764096693,23.383508682250977,410100
2025-05-15,23.383507276000078,23.80043565646544,23.277056576744844,23.60527801513672,405100
2025-05-16,23.507702242578713,23.80043959905251,23.489960174434422,23.667377471923828,192600
2025-05-19,23.339153898875484,23.667375362382536,23.339153898875484,23.543184280395508,168500
2025-05-20,23.623020497903745,23.76495534024434,23.525442514513895,23.72947120666504,137200
2025-05-21,23.587538101110958,23.942370977694992,23.534313592617508,23.73834228515625,144900
2025-05-22,23.72060146943754,23.729472503317105,23.33915547249972,23.436735153198242,208700
2025-05-23,23.179478123962394,23.596408218238142,23.179478123962394,23.348024368286133,255300
2025-05-27,23.41011998718092,23.578666232076326,23.214962334970203,23.321413040161133,527900
2025-05-28,23.40124841277609,23.40124841277609,23.0464155569751,23.090770721435547,296000
2025-05-29,23.36576589376526,23.36576589376526,22.922224402527462,23.117382049560547,170500
2025-05-30,23.02867349119092,23.232703863755944,22.95770692003072,23.090770721435547,145200
2025-06-02,23.241574422238994,23.40124793510778,22.718195336124595,22.957706451416016,391000
2025-06-03,23.06415734884849,23.18834842390981,22.868999703469775,23.03754425048828,133800
2025-06-04,23.179478961933413,23.241576195648733,22.806904019524563,22.842388153076172,160400
2025-06-05,22.860128127217745,23.04641473538104,22.700452924805514,22.806901931762695,198600
2025-06-06,22.90448369481488,23.064158911843904,22.806904019524563,22.842388153076172,150400
2025-06-09,22.84238829808012,23.010934549566983,22.727068247258558,22.913354873657227,173200
2025-06-10,22.904483750084115,23.108512442568365,22.895612716674805,22.895612716674805,182700
2025-06-11,23.090770401380986,23.179477345119302,22.90448209718223,23.02867317199707,160800
2025-06-12,22.842388153076172,23.064158911843904,22.83351711968827,22.842388153076172,157900
2025-06-13,22.948839296102985,23.143996958400724,22.806904451186778,23.055288314819336,476000
2025-06-16,22.984319700127912,23.206090443426696,22.868999658082203,23.02867317199707,140600
2025-06-17,23.073029290392594,23.649632908428693,23.002062717280097,23.383508682250977,236000
2025-06-18,23.294799473195393,23.54318331900322,23.17060839627974,23.1883487701416,227600
2025-06-20,23.241576635537914,23.489958807193823,23.00206380546116,23.055288314819336,491000
2025-06-23,23.055286045800983,23.42786095859401,22.81577323929622,22.86012840270996,172500
2025-06-24,22.83351489399265,23.064156663666488,22.62061518936521,22.656099319458008,261200
2025-06-25,22.727066974782662,22.966578096459912,22.310136886131303,22.327878952026367,258400
2025-06-26,22.46093974474499,22.833514646803735,22.407715242158435,22.56739044189453,168600
2025-06-27,22.38997341969137,22.806901796423052,22.38997341969137,22.656099319458008,136300
2025-06-30,22.62061619912545,23.25931534151862,22.44319892469464,23.1883487701416,229900
2025-07-01,23.507700578606727,23.507700578606727,22.806904164303255,22.913354873657227,212700
2025-07-02,22.8956125285171,23.77382452510206,22.8956125285171,23.614151000976562,247000
2025-07-03,23.498829079572246,23.640762227914287,23.259316257253825,23.57866668701172,125400
2025-07-07,23.241574210899973,23.835919861321525,23.241574210899973,23.702856063842773,170600
2025-07-08,23.649633442345586,23.95124180787698,23.55205376762172,23.614151000976562,157800
2025-07-09,23.711728791262576,23.809308465194412,23.472215969053476,23.534313201904297,102900
2025-07-10,23.835922151193657,23.95124220251382,23.560925189163843,23.818180084228516,204900
2025-07-11,23.72947042426678,24.332687139412986,23.631890752117666,24.24397850036621,258100
2025-07-14,24.19962669872743,24.439137841131473,24.004467340946103,24.155271530151367,191600
2025-07-15,24.13752902132495,24.252850765537186,23.711729562641263,23.89801788330078,138500
2025-07-16,23.898018027007808,24.07543362320455,23.800438349314774,23.968984603881836,220400
2025-07-17,23.960113615127163,24.164142312524838,23.818180461113418,23.977855682373047,291400
2025-07-18,24.350428605035034,24.350428605035034,23.871402981183138,23.960111618041992,199300
2025-07-21,24.057692866849866,24.057692866849866,23.738342429987522,23.809309005737305,252500
2025-07-22,23.88027532017062,24.83832492829731,23.818179778566137,24.598812103271484,410700
2025-07-23,24.634296804237238,24.83832550048828,24.403655007266934,24.83832550048828,224200
2025-07-24,24.740743786898804,24.9625145320434,24.49236163520182,24.811710357666016,232300
2025-07-25,24.838325410587817,24.882678886316064,24.518974971019162,24.82058334350586,197600
2025-07-28,23.463346526954872,24.439136494174388,22.718196655712514,24.39478302001953,824300
2025-07-29,24.39478267915276,24.652037563190756,24.155269861319432,24.24397850036621,587800
2025-07-30,23.658503953080416,24.33268724396556,23.214962447917284,23.4278621673584,386300
2025-07-31,23.427862269171797,23.631890956359136,23.241575648342465,23.489957809448242,250100
2025-08-01,23.507702058803147,23.667377286899974,23.135127090569465,23.587539672851562,352200
2025-08-04,23.729469161733817,23.835919861321525,23.605278088861887,23.702856063842773,175300
2025-08-05,23.658503953080416,23.86253263938108,23.418991134217947,23.4278621673584,156700
2025-08-06,23.61415046786073,23.61415046786073,23.294800042866214,23.383508682250977,425900
2025-08-07,23.283656058755177,23.637677742840822,23.102108119769746,23.329044342041016,373500
2025-08-08,23.356275630824157,23.41074157088422,22.829783663278704,22.95686912536621,374900
2025-08-11,22.92055960480107,22.92055960480107,22.266983875012656,22.36683464050293,494900
2025-08-12,22.357755670778985,22.60284720433025,22.24882725456906,22.50299644470215,279000
2025-08-13,22.466685330051316,23.03856383118827,22.466685330051316,22.93871307373047,402400
2025-08-14,22.811628739265334,23.274578849361475,22.80255281381973,23.120262145996094,610700
2025-08-15,22.811629630170536,23.129340706141072,22.10358968351251,22.221595764160156,373800
2025-08-18,22.14897516303161,22.14897516303161,21.132301846934578,21.667871475219727,911300
2025-08-19,21.558940474753012,21.76772137750221,21.250307083129883,21.250307083129883,536500
2025-08-20,21.23215165188374,21.477243178814405,20.78735687970544,20.85089874267578,676200
2025-08-21,20.878133598407576,21.068759204545117,20.787358758224244,21.023372650146484,311600
2025-08-22,21.03245053853067,21.613406751873235,20.89628914245177,21.304773330688477,618400
2025-08-25,21.35923819616368,21.450011301377298,20.669351861946993,20.751049041748047,540300
2025-08-26,20.696583988023782,20.8690560118167,20.551344935793768,20.65119743347168,325200
2025-08-27,20.65119622867642,20.923519002873807,20.4514929763574,20.869054794311523,449500
2025-08-28,20.714737088366967,21.059681099084507,20.70565943214957,20.91444206237793,406300
2025-08-29,20.90536425089859,21.068756867440573,20.81458942078468,20.887208938598633,877500
2025-09-02,20.79643453604205,21.03244840663611,20.65119549742815,20.85089874267578,326200
2025-09-03,20.878131147459236,20.968905976986232,20.623961971060822,20.832744598388672,354000
2025-09-04,20.74197168660443,20.869055420860498,20.633041534823494,20.660274505615234,179800
2025-09-05,20.64211886912025,20.805513228544804,20.52411279363918,20.77828025817871,297000
2025-09-08,20.65119743347168,20.760127588337227,20.269944488521375,20.65119743347168,398600
2025-09-09,20.605812258364093,20.705663031340386,20.369798349843983,20.460573196411133,225900
2025-09-10,20.4242585800901,20.7692008520774,20.39702561201774,20.633039474487305,216900
2025-09-11,20.161015683323686,20.651198815954572,20.151939756914544,20.460573196411133,253800
2025-09-12,20.469647172845104,20.823668867593625,20.42426061957823,20.660274505615234,237600
2025-09-15,20.669351807995472,21.35923814041141,20.623963524121137,21.12322425842285,953100
2025-09-16,21.223074944568836,21.558941318498434,21.10506886968794,21.52263069152832,250700
2025-09-17,21.49539844758549,21.622482173266615,21.24122926483733,21.395545959472656,191000
2025-09-18,21.60432800841128,21.767722368045384,21.47724427597853,21.722335815429688,294200
2025-09-19,21.713258042987512,21.713258042987512,21.250307936951824,21.495399475097656,289100
2025-09-22,21.495399529262425,21.51355484281216,20.914443346758897,21.12322425842285,268800
2025-09-23,21.123223890068246,21.649715854127404,21.086913263601975,21.613405227661133,207800
2025-09-24,21.595250735678196,22.148973914864328,21.513553560958197,22.085432052612305,311300
2025-09-25,22.194360880379875,22.276058050256967,21.79495268669029,21.876649856567383,198200
2025-09-26,21.876651873850424,22.493918667002873,21.876651873850424,22.276060104370117,216300
2025-09-29,22.42129865623485,22.85701577198023,22.248826648649253,22.711776733398438,385300
2025-09-30,22.81162834992535,23.183805348125215,22.639158067226408,22.95686912536621,377200
2025-10-01,23.07487500991279,23.4924368252953,22.984100175277387,23.12933921813965,193200
2025-10-02,23.22919331885219,23.410743000701984,22.9659464533086,23.220115661621094,284400
2025-10-03,23.374432088623095,23.474284585569492,22.757165255474582,23.138418197631836,294300
2025-10-06,23.165650012383008,23.365353264918973,22.820705984546553,22.984100341796875,307300
2025-10-07,22.84794011759203,23.029489797419693,22.557462014976625,22.965946197509766,269300
2025-10-08,22.920560251564634,23.093032278839768,22.693624011450133,22.929637908935547,160400
2025-10-09,22.820707624803376,23.138418705471864,22.666390913129316,22.875173568725586,373400
2025-10-10,22.96594609020899,23.211037637415405,22.72993393147621,22.739009857177734,184500
2025-10-13,22.77532084561379,23.292735188083793,22.70270131915109,23.220115661621094,252100
2025-10-14,22.92963710583888,23.49243799203486,22.829784609642214,23.28365707397461,443500
2025-10-15,23.183807098721392,23.483362866127127,22.130821352734152,22.33052635192871,509800
2025-10-16,22.521149000800254,22.521149000800254,22.058198924527296,22.230670928955078,286200
2025-10-17,22.23067080067631,22.448529353303073,21.785876039306768,21.831262588500977,676000
2025-10-20,21.885730679618945,22.330525484773897,21.885730679618945,22.257905960083008,156900
2025-10-21,22.09451122001573,22.23975026692148,21.75864484192993,21.77680015563965,177200
2025-10-22,21.78587792449307,22.139897886722558,21.65879419064372,22.00373649597168,291100
2025-10-23,22.239748456792327,22.239748456792327,21.72233417788053,21.831262588500977,208400
2025-10-24,21.794953147143723,21.940192178574563,20.8781306791204,20.92351722717285,708900
2025-10-27,21.785877227783203,22.085432970409784,21.095990907803753,21.785877227783203,542300
2025-10-28,21.87665231147793,22.28513647531606,21.75864450557497,22.067277908325195,356800
2025-10-29,21.922039054546488,22.203439489603348,21.831264217996726,21.894807815551758,171300
2025-10-30,22.312370498284302,22.32144815542717,21.88573100088582,21.994659423828125,247400
2025-10-31,21.96742698077668,22.248827411250957,21.89480745899667,22.21251678466797,207200
2025-11-03,22.321446612041235,22.911480434442158,22.212516465244693,22.648235321044922,474000
2025-11-04,22.584693240884757,22.793475891972076,22.239750927090768,22.339603424072266,223700
2025-11-05,22.484840237950284,22.58469099361014,22.32144588874303,22.45760726928711,176200
2025-11-06,22.457608706418252,22.97502302442823,22.31236966035882,22.693622589111328,573100
2025-11-07,22.498309472652828,22.702923467127604,22.368098954386067,22.693622589111328,192800
2025-11-10,22.591316029069198,23.04704839902665,22.591316029069198,22.647119522094727,254500
2025-11-11,23.00054314078105,23.2423606333692,22.702922157275943,22.95404052734375,322500
2025-11-12,23.04704793035105,23.474877658115034,22.888936558359788,23.270263671875,361400
2025-11-13,23.372569158879777,23.670191913655437,22.972642074635658,23.25166130065918,415900
2025-11-14,23.251660683740973,23.595786042403148,22.935437956525224,23.23305892944336,657000
2025-11-17,23.15865432024908,23.42837444306609,22.31229399010622,22.55411148071289,341000
2025-11-18,22.47970647493345,22.77732745917052,22.07977761212951,22.228588104248047,263000
2025-11-19,22.265792425283127,22.423903800663357,22.07047753853764,22.191387176513672,133900
2025-11-20,22.228588913917868,22.786629166669332,22.05187578285501,22.191387176513672,169700
2025-11-21,22.05187392252205,22.18208442735462,21.558939856244532,21.92166519165039,366700
2025-11-24,21.8658631904573,22.061176300048828,21.670548306904745,22.061176300048828,195200
2025-11-25,22.079777175459046,22.628516519529136,21.958869318239298,22.395999908447266,180100
2025-11-26,22.414602309273846,22.675019785858087,22.35879881771451,22.386699676513672,172000
2025-11-28,22.702921721204998,22.702921721204998,22.433203375319536,22.665719985961914,77800
2025-12-01,22.665720870802627,22.87963573519395,22.051875362698926,22.116981506347656,335500
2025-12-02,22.116981730110837,22.2471904708036,21.87516423028067,22.033275604248047,191900
2025-12-03,21.85656225363581,22.23788936805896,21.85656225363581,22.116981506347656,261100
2025-12-04,22.005372106137532,22.396000086824746,22.005372106137532,22.12628173828125,211000
2025-12-05,22.08907825430644,22.71222284864952,21.99607125423295,22.55411148071289,319000
2025-12-08,22.712224088065373,22.78662933739229,22.470406584262616,22.59131622314453,195800
2025-12-09,22.498308163657466,22.879635270332933,22.423902917817397,22.74012565612793,186300
2025-12-10,22.78662894197211,22.78662894197211,22.340197453757593,22.4890079498291,112100
2025-12-11,22.489009274299335,22.712225031552684,22.34949964776113,22.4425048828125,148400
2025-12-12,22.489009274299335,22.55411364841975,22.293694377976934,22.4425048828125,125500
2025-12-15,22.451803593594796,22.56341234842725,21.856561631717657,21.884464263916016,518500
2025-12-16,21.949568853791042,22.275092470220937,21.791457484322866,21.800758361816406,428000
2025-12-17,21.856560156018663,21.986768882897685,21.67984704528224,21.717050552368164,320700
2025-12-18,21.6426457391761,22.44250164373555,21.62404398526612,21.79145622253418,628200
2025-12-19,21.763554484757215,22.182085095102167,21.558940505233554,21.670547485351562,393700
2025-12-22,21.64264531215717,21.856560156018663,21.42873046829568,21.717050552368164,710300
2025-12-23,21.85656037090794,21.968169119302168,21.633344648080353,21.87516212463379,205500
2025-12-24,21.744953715626863,22.172785222699012,21.744953715626863,22.033275604248047,145300
2025-12-26,22.089079548931117,22.089079548931117,21.726354178742532,21.865863800048828,223900
2025-12-29,21.7170518283511,22.070476296628506,21.428731727338402,21.484535217285156,821900
2025-12-30,21.4845358712273,21.754254225813728,21.4659341160252,21.689149856567383,338200
2025-12-31,21.624047618852124,21.651950254405705,21.400831856307057,21.605445861816406,325800
2026-01-02,21.62404565008237,21.80075877791041,21.512436891990706,21.6612491607666,185700
2026-01-05,21.661249642838758,21.884465390028737,21.400830384136583,21.67984962463379,424200
2026-01-06,21.633345937142952,22.3866992683211,21.605443304891544,22.070476531982422,412300
2026-01-07,21.99607122874486,22.256490473856665,21.80075812538174,22.12628173828125,315200
2026-01-08,22.12628219992943,22.461104923246456,21.93096731853024,22.386699676513672,258500
2026-01-09,22.414600372205733,22.879633567587756,22.37739686507396,22.656417846679688,314900
2026-01-12,22.637818445900606,22.842432434508666,22.423903579542948,22.4890079498291,526200
2026-01-13,22.554112548001346,22.805230927894698,22.461105543526656,22.619216918945312,588200
2026-01-14,22.768026514592336,22.972642271123263,22.6471186553376,22.74012565612793,427000
2026-01-15,22.656419783613178,22.823832032096785,22.563412781793286,22.628517150878906,295000
2026-01-16,22.442502507165123,22.75872523995729,22.442502507165123,22.6378173828125,348200
2026-01-20,22.619216921616818,22.851733545850482,22.600615165927472,22.833131790161133,284800
2026-01-21,23.00984420034799,23.391171310226646,22.870334584971094,23.35396957397461,269300
2026-01-22,23.31676670860956,23.53068157636756,23.205159722805845,23.344669342041016,353100
2026-01-23,23.47487877012019,23.47487877012019,22.879636764526367,22.879636764526367,359600
2026-01-26,23.028445137423006,23.06564687235354,22.442502290108877,22.72152328491211,262700
2026-01-27,22.693620653243503,22.96334077082387,22.526208411153753,22.72152328491211,339400
2026-01-28,22.833130513572193,22.93543839018256,22.50760867701368,22.609914779663086,308900
2026-01-29,22.851733085807563,22.851733085807563,22.36809809138726,22.57271385192871,429100
2026-01-30,22.554113231010188,22.69362285496648,22.13558258518019,22.154184341430664,680700
2026-02-02,22.535511148857914,23.24236191050347,22.33089715494516,22.963342666625977,1133700
2026-02-03,23.18655693285109,23.6980927718812,23.02844556504817,23.25166130065918,723400
2026-02-04,23.35397090296936,23.707395400300413,22.795930635744597,22.879636764526367,480300
2026-02-05,22.861033293806507,23.093549906548215,22.647118435834766,22.82383155822754,501100
2026-02-06,22.823831578026834,23.367255836338227,22.547351548544235,23.233783721923828,564400
2026-02-09,23.20518213832184,23.376790184351922,22.928702104513107,23.281452178955078,387300
2026-02-10,23.23378440906842,23.74860673590793,23.024040430589796,23.41492462158203,646600
2026-02-11,23.548397709299667,24.87359031788604,23.548397709299667,24.311098098754883,996000
2026-02-12,24.749651110149532,25.026131146129913,24.120422815377676,24.168092727661133,717200
2026-02-13,24.435038379583997,24.83545657387643,23.98695208866538,24.616180419921875,533100
2026-02-17,24.606644034946296,24.730583983550147,23.977415765111626,24.415969848632812,419300
2026-02-18,24.558976600386345,24.80685468580829,24.40643651988379,24.68291473388672,475500
2026-02-19,24.78778757791685,24.873591603467954,24.4159713461429,24.69244956970215,384900
2026-02-20,24.511306543801247,25.035664658547223,24.41597035786669,25.02613067626953,469800
2026-02-23,25.035664534173552,25.807898910618444,25.026130551943226,25.779298782348633,734300
2026-02-24,25.722094036692763,26.19878222188761,25.092865777709257,25.27400779724121,724600
2026-02-25,25.407481168239432,25.48375120891924,24.97846287132346,25.245407104492188,166400
2026-02-26,24.978464715161508,25.38841507756357,24.94986276588731,25.331212997436523,204600
2026-02-27,25.35981201642523,25.417014089942672,25.111933939954824,25.254940032958984,312300
2026-03-02,25.550487442191837,25.846035442968688,25.18820520108699,25.722095489501953,326600
2026-03-03,25.502820510332832,26.160650782187233,25.378882369640326,25.865102767944336,438700
2026-03-04,25.893703738923993,26.103445899261693,25.50281954740936,25.703027725219727,248500
2026-03-05,25.731629510155763,25.788831586536983,25.397947397493073,25.63629150390625,660600
2026-03-06,25.703026072863903,25.703026072863903,25.11193374153812,25.27400779724121,403200
2026-03-09,25.254940318934974,26.074844595127406,25.131002188506912,25.969972610473633,504300
2026-03-10,26.093913742277373,26.532466028127146,25.884169763461188,26.112979888916016,339300
2026-03-11,26.236919603679613,26.484797691929668,25.89370350942243,26.217851638793945,391600
2026-03-12,26.21785204058527,26.38946009034377,26.036710008237822,26.179716110229492,316600
2026-03-13,26.055778141217182,26.17018411460005,25.712562039489836,26.00811004638672,162900
2026-03-16,26.132048305212198,26.255988261820303,25.96044025355252,26.1606502532959,159200
2026-03-17,26.255987847537057,26.294121959292355,25.998575774109145,26.027175903320312,266900
2026-03-18,26.151116875023835,26.16065085793876,25.760232667618524,26.10344696044922,168700
2026-03-19,26.07484571615395,27.600248367368415,25.941371779468618,27.1044921875,757000
2026-03-20,27.094957827866047,27.323767949600292,26.465729538491562,26.64687156677246,429300
2026-03-23,26.41805962661701,26.837545759007064,26.027175441351684,26.64687156677246,403600
2026-03-24,26.618269877627714,27.552578338369695,26.44666183005853,27.36190414428711,487900
2026-03-25,27.314233415366235,27.55257751465987,26.92334923799837,27.266565322875977,204000
2026-03-26,27.142626021422956,27.686052108269834,27.142626021422956,27.533510208129883,213000
2026-03-27,27.49537585993169,28.07693605298526,27.49537585993169,27.638381958007812,430300
2026-03-30,27.69558379436504,28.057867846011664,26.51339727223308,26.83754539489746,735300
2026-03-31,26.761275169311713,27.52397737786378,26.065310836014618,26.360857009887695,327200
2026-04-01,26.313187898188758,26.599200078804063,26.151113844261126,26.28458595275879,270700
2026-04-02,26.50386309240828,26.971019126852383,26.370390978807777,26.856613159179688,197100
2026-04-06,26.856614012517696,27.075890154234678,26.742208041209885,26.866147994995117,296300
2026-04-07,26.951952213997142,27.066356367711993,26.4371280670166,26.4371280670166,315400
2026-04-08,26.055777195818543,26.093913125036206,25.312142941864806,25.760231018066406,549500
2026-04-09,25.750695982436056,26.046242148098948,25.16913581460359,25.27400779724121,281200
2026-04-10,25.37888140857567,25.540955474679908,25.035665311314634,25.054733276367188,156600
2026-04-13,25.0547337988533,25.512354059130306,24.99752990250272,25.169137954711914,212600
2026-04-14,25.350279741966467,25.350279741966467,24.12995724139609,24.454105377197266,542900
2026-04-15,24.33970138257588,24.74011956364554,24.33970138257588,24.520841598510742,210600
2026-04-16,24.549442565214527,24.778252685475888,24.339700409580246,24.358766555786133,179300
2026-04-17,24.501776081094658,24.501776081094658,23.47212956309127,23.815343856811523,797300
2026-04-20,23.872545412418738,23.996483541632326,23.405389386313868,23.443525314331055,462600
2026-04-21,23.491195035589097,23.777209060296283,23.2814528722075,23.63420295715332,459700
2026-04-22,23.634202997273302,23.73907316993149,23.43399299779628,23.548398971557617,539600
2026-04-23,23.54839968090467,24.272964202341175,23.54839968090467,24.053688049316406,543400
2026-04-24,24.225294998347668,24.225294998347668,23.643734792771998,23.739072799682617,502200
2026-04-27,23.453061197236803,24.721051811842425,23.357723187887697,24.263431549072266,740500
2026-04-28,24.50177568573218,25.417016212112888,24.406437676295536,25.23587417602539,676100
2026-04-29,25.188204954318827,25.617225068391015,25.064266820487532,25.417015075683594,485000
2026-04-30,25.560020807845845,25.560020807845845,25.150068664369115,25.369346618652344,275000
2026-05-01,25.35981389135952,25.35981389135952,24.83545575368189,24.93079376220703,369400
2026-05-04,24.978462945981974,25.150069174208554,24.721050876010285,25.07379913330078,254500
2026-05-05,25.00706254761052,25.226338683294937,24.835454504580568,24.959394454956055,351000
2026-05-06,24.797319342007118,25.007061486577186,24.177625071686425,24.47317123413086,609500
2026-05-07,24.263430369493125,24.492240489754487,23.86301220443045,24.358766555786133,501100
2026-05-08,24.407584047872685,24.720000825741316,24.153744950316703,24.261138916015625,347500
2026-05-11,24.358768691426057,24.388056599384885,23.763223067585688,24.036588668823242,595400
2026-05-12,24.163508251113047,24.798105065075738,23.77298727807069,24.671186447143555,504300
2026-05-13,24.554028246710107,24.84692036144561,24.08540309771428,24.24161148071289,280400
2026-05-14,24.427110606223223,24.720000870467267,24.212322674436763,24.671186447143555,347400
2026-05-15,24.837157404513636,24.97383927574941,24.44663644230369,24.534502029418945,375800
2026-05-18,24.817631754195638,24.944550373022423,24.222086102263965,24.798105239868164,467100
2026-05-19,24.89573537405021,24.89573537405021,24.54426557288123,24.62236976623535,247400
2026-05-20,24.661421969494672,24.81763035098048,24.026825186939725,24.358768463134766,379600
2026-05-21,24.48568731191707,24.573554760122637,24.19279705933238,24.24161148071289,334800
2026-05-22,24.11469321746424,24.339242538511556,24.085403446920782,24.29042625427246,295900
2026-05-26,24.36853066966037,24.602845111848247,24.153744603497483,24.417346954345703,335400
2026-05-27,24.163508490492664,24.5833192389787,24.114694066685363,24.34900665283203,186200
2026-05-28,24.40758255459974,24.92502397513153,24.270900688182227,24.719999313354492,361000
2026-05-29,24.700474311586806,24.85668270052112,24.23184914478386,24.261138916015625,263500
2026-06-01,24.261138851595803,24.89573566272529,24.212322566339147,24.710237503051758,268000
2026-06-02,24.554028250814177,25.08123294013571,24.554028250814177,24.895734786987305,370900
2026-06-03,24.817630306765217,25.110520555991595,24.67118518215203,24.8078670501709,305500
2026-06-04,24.876208163618475,25.647488680775915,24.837156999110306,25.383886337280273,444800
2026-06-05,25.422939236519195,25.608435525767185,24.876208038938646,25.01289176940918,250600
2026-06-08,25.667015242112146,25.667015242112146,24.93478775024414,24.93478775024414,202800
2026-06-09,25.003128567098646,25.051942988132918,24.4368727172074,24.768815994262695,192600
2026-06-10,24.915261357101453,25.14957393217174,24.62236924165048,24.65165901184082,202900
2026-06-11,24.84692066133774,24.885971826483317,24.378293644534967,24.534502029418945,182100
2026-06-12,24.358768292105292,24.778577150556565,24.319715265932643,24.436872482299805,229500
2026-06-15,24.26113898201181,24.26113898201181,24.01706314086914,24.01706314086914,334100
2026-06-16,23.919431680800468,24.03658890021606,23.489857692477738,23.71440887451172,357800
2026-06-17,23.782750226624,23.841327906282682,23.6265418394336,23.724170684814453,166400
2026-06-18,23.548436467496966,23.69488159039113,22.894313180562307,22.96265411376953,501100
2026-06-22,23.50938392769558,23.987772332188854,23.42151647971204,23.83156394958496,468500
2026-06-23,24.075640424180385,24.075640424180385,23.70464597110998,23.968246459960938,282000
2026-06-24,24.075639661454478,24.075639661454478,23.538673581670245,23.665592193603516,389500
2026-06-25,23.489858322308844,23.968246745293733,23.480095065249863,23.851091384887695,231400
2026-06-26,23.821801962981134,23.997536868317656,23.772987539121388,23.899906158447266,212300
2026-06-29,23.899904821699163,23.899904821699163,23.343412227359355,23.42151641845703,245200
2026-06-30,23.43127921373329,23.519146659756853,23.138388968421932,23.411752700805664,383900
2026-07-01,23.714408587758687,23.714408587758687,23.138389478744774,23.177440643310547,308200
2026-07-02,23.157915399394742,23.36294007659397,23.040760037124535,23.24578285217285,294000
2026-07-06,23.177440579957548,23.275071284331332,22.86502381568209,23.216493606567383,222700
2026-07-07,23.2555460438692,23.31412372483927,22.991943686277516,23.284835815429688,239300
2026-07-08,23.3434118366975,23.919430934709503,23.3434118366975,23.821800231933594,346800
2026-07-09,23.675355504030705,23.909668077313533,23.675355504030705,23.870616912841797,189500
2026-07-10,23.89990499336317,23.919431506815542,23.65582916166097,23.792512893676758,143600
2026-07-13,23.968247138766806,24.192798330507983,23.87061829087602,24.104930877685547,273100
2026-07-14,24.104930809493723,24.37829456225605,24.104930809493723,24.34900665283203,227600
2026-07-15,24.40758270844441,24.475923642083927,23.929194310816992,23.98777198791504,157200
2026-07-16,23.938958486952995,24.2611385165947,23.938958486952995,24.007299423217773,162600
2026-07-17,24.114693273154042,24.15374443848466,23.675356024741795,23.841327667236328,201700
2026-07-20,23.69488271163018,23.86085435533753,23.597252004363938,23.76322364807129,179100
2026-07-21,23.7729862169022,24.095166238049668,23.7729862169022,24.075639724731445,151000
2026-07-22,23.919431288511635,24.34900526978917,23.919431288511635,24.31971549987793,188900
2026-07-23,24.40758422480255,24.53450284342513,24.183034896850586,24.183034896850586,163800
2026-07-24,24.163507525497955,24.31971591002406,23.99753588417012,24.124454498291016,284000
2026-07-27,24.10492978838424,25.19838847741533,23.968246055642233,25.022653579711914,496200
2026-07-28,24.78834043260184,25.891564215153966,24.78834043260184,25.296018600463867,323000
2026-07-29,25.296018537604922,25.735355770653563,25.149573413972302,25.335071563720703,311400
2026-07-30,25.627963208782283,25.725593917245913,25.315546431419364,25.569385528564453,288900
2026-07-31,25.618198554457,25.618198554457,25.139810157443357,25.335071563720703,207400
2026-08-03,25.266728886212924,25.540094483849828,25.051942828023723,25.50104331970215,366400
2026-08-04,25.50104461127118,25.77440836060254,25.10075852004148,25.120285034179688,474300
2026-08-05,25.81346163908604,25.81346163908604,24.466161944904698,24.798105239868164,1023600
2026-08-06,24.993364908340286,25.061705841549042,24.71023605687456,24.719999313354492,676000
2026-08-07,24.5,24.700000762939453,24.219999313354492,24.6200008392334,573300
2026-08-10,24.75,25.020000457763672,24.639999389648438,24.790000915527344,352800
2026-08-11,24.790000915527344,24.90999984741211,24.40999984741211,24.729999542236328,278800
2026-08-12,24.649999618530273,25.280000686645508,24.649999618530273,25.100000381469727,301200
2026-08-13,25.09000015258789,25.31999969482422,24.770000457763672,24.8799991607666,318200
2026-08-14,24.93000030517578,25.510000228881836,24.81999969482422,25.420000076293945,881800
2026-08-17,25.540000915527344,25.989999771118164,25.5,25.93000030517578,450700
2026-08-18,25.760000228881836,25.920000076293945,25.3799991607666,25.670000076293945,238400
2026-08-19,25.719999313354492,26.100000381469727,25.549999237060547,26.06999969482422,317900
2026-08-20,26.239999771118164,26.450000762939453,26.020000457763672,26.06999969482422,221700
2026-08-21,26.06999969482422,26.420000076293945,26.06999969482422,26.299999237060547,176200
2026-08-24,26.329999923706055,26.440000534057617,25.979999542236328,26.3799991607666,281300
2026-08-25,26.43000030517578,26.559999465942383,26.170000076293945,26.469999313354492,183900
2026-08-26,26.219999313354492,26.389999389648438,26.030000686645508,26.190000534057617,204100
2026-08-27,26.010000228881836,26.440000534057617,26.010000228881836,26.34000015258789,211300
2026-08-28,26.010000228881836,26.389999389648438,26.010000228881836,26.18000030517578,129100
2026-08-31,26.290000915527344,26.690000534057617,26.290000915527344,26.5,204200
2026-09-01,26.6200008392334,26.719999313354492,26.25,26.440000534057617,184400
2026-09-02,26.389999389648438,26.549999237060547,26.229999542236328,26.540000915527344,125100
2026-09-03,26.5,26.510000228881836,25.959999084472656,26.270000457763672,274100
2026-09-04,26.260000228881836,26.540000915527344,26.1299991607666,26.479999542236328,138200
2026-09-08,26.889999389648438,26.90999984741211,26.6299991607666,26.65999984741211,342500
2026-09-09,26.940000534057617,26.940000534057617,26.5,26.770000457763672,231100
2026-09-10,26.940000534057617,26.940000534057617,26.670000076293945,26.8700008392334,221600
2026-09-11,26.799999237060547,26.850000381469727,26.420000076293945,26.530000686645508,206400
2026-09-14,26.559999465942383,26.559999465942383,26.040000915527344,26.139999389648438,225000
2026-09-15,26.0,26.350000381469727,26.0,26.139999389648438,271400
2026-09-16,26.139999389648438,26.3700008392334,25.700000762939453,25.850000381469727,230100
2026-09-17,25.799999237060547,26.209999084472656,25.700000762939453,26.15999984741211,235800
2026-09-18,26.309999465942383,26.309999465942383,25.850000381469727,25.8700008392334,308500
2026-09-21,25.700000762939453,25.959999084472656,25.649999618530273,25.799999237060547,184100
