Date,Open,High,Low,Close,Volume
2021-09-22,91.3873580474883,94.84302750776612,91.3873580474883,94.01544952392578,10425000
2021-09-23,94.19282869455152,97.25150698701451,94.19282869455152,96.72714233398438,10487500
2021-09-24,95.82337050850717,97.78135185418088,95.82337050850717,97.3460693359375,7472500
2021-09-27,97.4558646776406,99.24699483119078,96.34617230246403,96.7666015625,8020000
2021-09-28,96.12111848849638,96.87758269596158,94.67070334199633,95.05635833740234,7745000
2021-09-29,95.2083586044404,95.63700079857506,92.79087327006124,92.91004943847656,7357500
2021-09-30,93.10970248780252,94.02675743027174,92.01837356910656,92.75569915771484,7790000
2021-10-01,94.434708278579,96.7763923547526,94.434708278579,95.95975494384766,7665000
2021-10-04,95.95975628450866,97.24840322081184,94.62656454028064,96.10237121582031,6435000
2021-10-05,96.08204574716622,97.17259226903084,94.79535154501295,95.04034423828125,6682500
2021-10-06,93.77670683431785,95.82260052172792,93.15152938497198,95.6600570678711,5997500
2021-10-07,96.62984383051972,97.5742576340628,96.3731280700945,96.47277069091797,3920000
2021-10-08,96.65604067252545,97.33201572438496,96.23209367218337,96.68260955810547,4107500
2021-10-11,96.92172866589647,97.99312913245939,96.24576112473255,96.41065216064453,3762500
2021-10-12,96.53099784358156,97.60005070284203,95.86518088660523,96.30475616455078,5502500
2021-10-13,96.31648319985199,96.97995258275728,95.19389753521934,96.219970703125,4462500
2021-10-14,97.00419430532969,98.29831154280686,96.68770034801506,97.536376953125,6960000
2021-10-15,98.46553701375193,99.24700503445325,98.2897054048712,99.18214416503906,5832500
2021-10-18,98.47922276414282,99.16886610828846,97.46409006004843,97.76729583740234,5245000
2021-10-19,97.78252838857706,97.81144487459501,95.95622871546638,96.24224853515625,6865000
2021-10-20,96.31689879038619,96.31689879038619,92.5552805729932,93.15857696533203,10172500
2021-10-21,93.79818445321861,94.55151845616132,93.38712323295876,94.21157836914062,5312500
2021-10-22,94.05451811219702,95.2990151448075,93.21873475477723,93.56531524658203,4047500
2021-10-25,93.69230149911503,94.57849493507172,92.67521624407227,94.28388214111328,3560000
2021-10-26,94.67149511531794,96.31649303150107,94.67149511531794,95.45804595947266,4385000
2021-10-27,95.00244697357904,96.02695517495499,94.16744610878024,94.87428283691406,4895000
2021-10-28,94.79339856180442,94.9973641263356,93.60438693761309,94.93992614746094,3735000
2021-10-29,94.5148047320504,94.95320997638291,93.47153812554144,94.58865356445312,5412500
2021-11-01,94.56326340241303,97.29333775503274,94.56326340241303,97.2812271118164,7245000
2021-11-02,96.73377928315759,97.45116889013963,94.58316807685384,95.88002014160156,6825000
2021-11-03,95.46938197782623,96.70684373025891,93.97207427400583,95.15718078613281,9037500
2021-11-04,99.20793307642009,99.22278631278448,95.03839188772001,95.22281646728516,13327500
2021-11-05,99.41657816417397,102.82926730637767,98.2955576310334,102.3326416015625,18887500
2021-11-08,103.89675880289252,105.00215098019544,101.59336717625393,103.14888763427734,12430000
2021-11-09,103.11528090235525,104.99082032835864,102.4193848926633,103.47476196289062,10182500
2021-11-10,103.8912942225221,104.32305906981338,100.0284767101047,100.41061401367188,9152500
2021-11-11,100.54660566962386,100.6274898599926,96.71465659768948,96.8650894165039,8557500
2021-11-12,97.51447454680962,97.51447454680962,95.4341944344743,95.79484558105469,7920000
2021-11-15,95.92575188368838,96.27741512503003,93.78569332653707,93.97246551513672,8427500
2021-11-16,94.25065449859184,94.25065449859184,92.48804577744573,93.00811767578125,10780000
2021-11-17,93.23787834671442,93.88571942780652,92.01330987297894,92.46304321289062,11445000
2021-11-18,92.76665642096299,93.2707050848203,91.26974375437919,92.8381576538086,8512500
2021-11-19,90.45037157915391,92.1383491998543,89.00972681479362,91.43190002441406,12135000
2021-11-22,91.0731926986679,92.44936399700553,89.60871433027489,89.75719451904297,9340000
2021-11-23,90.34759437487195,91.80660240768601,89.95412151604113,91.47643280029297,6412500
2021-11-24,90.33667028826304,91.87226256775196,89.523550532572,90.7727279663086,7377500
2021-11-26,82.91267208274131,84.50023187113142,82.02022585969848,84.22554016113281,18045000
2021-11-29,86.21283048025012,87.0513489947372,83.6343666711747,85.25904846191406,11252500
2021-11-30,82.89391698971687,84.80461858470984,81.09887389003623,82.12689971923828,16517500
2021-12-01,83.887940499968,85.28091755930683,80.38694435024205,80.76556396484375,14315000
2021-12-02,82.04601727621294,85.5665471549146,81.07776964386579,84.86517333984375,13290000
2021-12-03,85.37588912291226,85.76974962426888,81.56347329359075,82.61885070800781,10152500
2021-12-06,84.51625060075386,89.67201548357187,84.10129156226225,87.02790832519531,14260000
2021-12-07,89.44187782129335,90.5550880590263,87.15372660739844,87.72146606445312,10062500
2021-12-08,88.6564879309258,90.82702781576654,88.32436571150676,90.15066528320312,9380000
2021-12-09,89.85253399917067,89.85253399917067,88.22042205040978,88.6037368774414,6010000
2021-12-10,88.8268527546982,89.23751901847079,86.75360781485627,87.3826904296875,7842500
2021-12-13,86.04129743595712,86.42109462386311,83.683985179011,83.98915100097656,9820000
2021-12-14,82.83608704110816,84.60260109991836,82.49496939783177,83.02871704101562,9810000
2021-12-15,84.24860357402042,84.31033431259098,81.52751738756008,83.2416763305664,10905000
2021-12-16,85.45362086689892,85.56927935017681,83.42218569733626,84.59087371826172,13125000
2021-12-17,84.10754953283008,87.18108161411119,83.26590085009529,86.37069702148438,12172500
2021-12-20,84.04737160630877,86.40390133201073,82.34922855297022,86.30387115478516,8315000
2021-12-21,87.57844167101157,92.61776479388145,87.57844167101157,92.43841552734375,13942500
2021-12-22,91.69369143610098,94.04358088675612,91.03060953749521,93.19763946533203,8215000
2021-12-23,94.07991752710676,94.65234472875316,93.58250923249832,93.86461639404297,4662500
2021-12-27,93.37306741899144,94.41242874691609,92.78032418715487,93.56218719482422,4127500
2021-12-28,93.27108609565387,94.35967999255799,92.41107403730294,93.26522827148438,3650000
2021-12-29,93.34492896749617,94.20415843724787,92.7607787296753,93.17808532714844,2575000
2021-12-30,93.2171582164356,94.89849521777302,93.2171582164356,93.61727142333984,4895000
2021-12-31,93.43090877128127,94.45736956345439,93.14175879803845,93.74662017822266,4557500
2022-01-03,94.675399946967,96.35556716277198,93.64425138762827,96.1766128540039,9725000
2022-01-04,96.7072164516086,98.39715391727513,95.40723417084885,96.3137435913086,9540000
2022-01-05,96.87133258552227,96.9236952746335,94.27684555560076,94.29637908935547,6375000
2022-01-06,94.28426923748403,96.12697980423489,94.28426923748403,94.94773864746094,6177500
2022-01-07,95.14427950349409,96.365717839884,94.70547927913923,95.12786865234375,5747500
2022-01-10,95.09503749453471,95.09503749453471,92.3079133125609,94.80823516845703,8185000
2022-01-11,93.46685003821271,96.67830911112698,93.46685003821271,96.48919677734375,7222500
2022-01-12,96.90259250379297,97.48674281325567,94.44134480920187,95.18726348876953,6952500
2022-01-13,95.45060542264561,97.48868834022639,95.40879576536223,96.08125305175781,6310000
2022-01-14,96.08126060288448,96.12111765542001,93.88532183519686,95.76750183105469,6902500
2022-01-18,94.71992187365161,95.73036657947554,92.8627534059232,93.15971374511719,8747500
2022-01-19,92.68888568366106,94.31591493031259,92.47671470230887,92.88152313232422,6822500
2022-01-20,94.50931527730165,97.00143152584535,94.18148585144708,95.09111785888672,13950000
2022-01-21,95.09113780576776,95.09113780576776,91.40532906565053,91.6612548828125,14562500
2022-01-24,90.54609620862679,92.07113529243863,86.69148388809393,91.80817413330078,14602500
2022-01-25,89.28675115174599,92.5224387956352,87.33072232541228,91.00325012207031,11340000
2022-01-26,92.79985347088233,94.74102896254836,90.68948673731983,92.62910461425781,10982500
2022-01-27,94.53511691193061,95.29822893474304,91.5131652794319,92.20008087158203,8277500
2022-01-28,92.2028202438092,94.35694948178964,91.48151784909325,94.28231811523438,7570000
2022-01-31,94.00255258560409,96.5118627766345,92.7267988879267,95.96990966796875,9482500
2022-02-01,96.31492299033624,96.78928007249974,95.16694591055412,96.34149932861328,9202500
2022-02-02,97.09796147027137,97.1932964427574,95.26423143234017,95.37793731689453,9177500
2022-02-03,95.33261677032702,96.54468715453231,94.79965905940817,95.24275207519531,11522500
2022-02-04,94.10531216460343,96.511074353498,93.43558995676018,95.45413208007812,7817500
2022-02-07,96.41026494602359,97.73838129931359,95.89292812919375,97.02176666259766,10812500
2022-02-08,97.09794459385269,99.51503451274829,96.75565692536365,99.30091094970703,11235000
2022-02-09,101.43825483712217,103.13365519139519,101.09127937338832,102.6456298828125,17337500
2022-02-10,100.84120383200431,103.86823791127367,100.84120383200431,102.70032501220703,11830000
2022-02-11,104.71730743581337,104.99082905911241,98.17052590786298,98.85665893554688,14850000
2022-02-14,98.52687877825751,100.84316376041825,98.23655875856603,99.4681625366211,11292500
2022-02-15,100.55519335337914,103.93193832458284,100.55519335337914,102.96525573730469,11377500
2022-02-16,102.91212407993874,106.11069771429398,102.85039333707762,105.62618255615234,12690000
2022-02-17,104.12377691113122,104.57702787980806,102.06577291566354,102.52722930908203,8265000
2022-02-18,102.56905032030024,103.11529616318215,100.92639267004516,102.23262786865234,8215000
2022-02-22,101.14052087807184,102.2849877644563,97.16986231099362,98.39598846435547,12835000
2022-02-23,99.11922321433167,99.90186866182493,96.31686585089813,96.50519561767578,12950000
2022-02-24,84.4619404376673,89.77360826432464,83.56754160071357,89.6739730834961,37952500
2022-02-25,90.62189676265157,91.30412460625615,87.91604404990522,89.14491271972656,13652500
2022-02-28,87.59524616198794,87.59524616198794,84.15130029517991,84.87767791748047,20442500
2022-03-01,83.9477410871444,83.9477410871444,80.61788073565187,80.96055603027344,20915000
2022-03-02,81.70920615746252,85.70057571868008,81.61230611445156,84.53657531738281,14502500
2022-03-03,84.91050263059593,85.8846081093954,81.65957418335857,82.13510131835938,11222500
2022-03-04,80.03413500273166,80.4905162453444,76.729285526632,77.56272888183594,18667500
2022-03-07,76.9852013203485,77.32865911187496,70.95653145916273,71.0030288696289,27232500
2022-03-08,72.02794321622859,77.43534174237152,70.19382540867763,74.2215347290039,30175000
2022-03-09,78.52000791413799,81.38996898560481,78.44030126462921,79.53318786621094,19410000
2022-03-10,77.20986414598806,80.5365937311256,76.8234266512839,79.3335189819336,15962500
2022-03-11,80.56981323450132,81.30244365965268,78.56298688224065,78.8271255493164,9017500
2022-03-14,78.54579495388482,79.728948694322,77.59044796211032,78.14529418945312,10630000
2022-03-15,79.4257406018472,82.10384695723809,78.73687238632989,81.2801742553711,11885000
2022-03-16,83.50815248848475,87.51398019744154,83.22721540696506,86.05731964111328,18510000
2022-03-17,84.6795777196096,85.55599314391918,82.83725482259541,84.44357299804688,9825000
2022-03-18,84.44356685645457,86.32847435692958,83.38662470286458,85.42704772949219,12730000
2022-03-21,86.1378214487917,86.1378214487917,83.69571946561287,84.45335388183594,7837500
2022-03-22,84.82885133094852,86.63483524241587,84.55573209321282,86.03857421875,6790000
2022-03-23,86.15030276305583,86.30659337044794,84.08721606710846,84.38925170898438,7302500
2022-03-24,84.5553217402005,88.53966318688576,84.47678516136898,88.38414764404297,8500000
2022-03-25,88.57872852209445,89.79430888827024,86.98491609110323,87.83476257324219,6195000
2022-03-28,88.33648537141146,89.11873597624455,86.77080663468247,88.96361541748047,6620000
2022-03-29,91.44596315047525,94.59295644428234,91.44596315047525,92.67951965332031,13417500
2022-03-30,92.52791636885365,92.52791636885365,90.56993478022815,90.9630126953125,6157500
2022-03-31,92.38294868826169,93.36487214564036,91.73706761815934,91.76246643066406,8882500
2022-04-01,92.90221627437911,94.49134089820342,91.82300548345695,92.51969146728516,7052500
2022-04-04,92.82604221459589,92.9936684024278,91.1994078831723,92.79869079589844,7335000
2022-04-05,91.72651674278967,92.70687515550047,89.57902771809674,89.79119873046875,8880000
2022-04-06,87.43192586593965,87.48741123760054,85.75058868231713,86.82706451416016,10555000
2022-04-07,86.28160499435647,86.92475836091103,84.83783009881098,86.47775268554688,7487500
2022-04-08,86.09677242876991,87.05915473202262,84.64831000143681,84.68894958496094,7540000
2022-04-11,84.00829708637404,86.33552278462099,83.81097187385495,84.75890350341797,6315000
2022-04-12,85.84279997343323,87.2267892082987,84.8999585648247,85.23442840576172,6960000
2022-04-13,85.65916929640883,88.78740437331017,85.59821363358027,88.31070709228516,8210000
2022-04-14,88.97063507098298,90.16081661334077,86.48750668371152,87.02828216552734,10055000
2022-04-18,86.35270677740978,86.98491948871684,84.90697947305613,85.93500518798828,8235000
2022-04-19,86.14992185802507,88.03248952120488,86.14992185802507,87.50070190429688,8492500
2022-04-20,88.30639137961049,89.25392795027734,87.67222603533502,87.9859848022461,6637500
2022-04-21,90.49725255456498,91.35022928729275,86.9106840824995,87.49835205078125,9745000
2022-04-22,86.9778912136172,88.46112808783562,86.34567845088004,86.5039291381836,7545000
2022-04-25,85.6521159972767,88.56661437665564,85.43486973255695,87.76091766357422,10505000
2022-04-26,87.20608708866847,87.65269779173627,84.35801413186388,84.39747619628906,11090000
2022-04-27,85.49308699789682,89.09059588637095,85.33679637553774,88.26536560058594,11597500
2022-04-28,89.3148824626946,92.34855706489819,88.27590870074333,90.5648422241211,12080000
2022-04-29,89.57785428073888,90.46326521921698,86.20384417753843,86.36483001708984,11827500
2022-05-02,86.23549944702661,86.9228026608446,82.67979974501417,85.68534088134766,14875000
2022-05-03,86.10889695392714,86.17571789004131,80.55770632374076,82.28632354736328,15505000
2022-05-04,81.5857345815981,82.43011841637572,78.03941787013481,82.18473815917969,21817500
2022-05-05,89.86932364655192,90.18191230025795,84.27007184118236,84.86438751220703,25987500
2022-05-06,83.818402011551,87.71951183943175,81.37864050677402,85.73652648925781,17250000
2022-05-09,82.26364992208923,83.74298150025302,78.96466657197803,79.0682144165039,16795000
2022-05-10,82.04757877522889,82.04757877522889,78.6782640670356,79.90478515625,12287500
2022-05-11,80.63234069974753,83.46401025866719,78.59855756589718,80.96642303466797,11542500
2022-05-12,80.1571997697528,82.63212305317148,78.22266449767282,80.22010803222656,10910000
2022-05-13,82.22262864425605,83.03106802684306,80.96875612421505,82.12846374511719,7547500
2022-05-16,81.51189453593959,81.84324176180493,79.46053026993279,79.9450454711914,7232500
2022-05-17,83.03143710047543,84.43808971386547,82.43986404653431,83.87503814697266,10177500
2022-05-18,82.83611064203036,83.38547930604486,79.78836437530484,80.11579895019531,9012500
2022-05-19,80.47682820807391,83.71250864162141,79.8110111760612,82.18746948242188,9680000
2022-05-20,83.1396921165194,83.31591127484987,80.21229280441409,82.67588806152344,10775000
2022-05-23,84.29703528630115,84.29703528630115,81.84594615485514,82.31443786621094,7407500
2022-05-24,81.64160635183859,81.84908213803612,78.9033269294282,80.10327911376953,8475000
2022-05-25,79.63478231887834,84.68661180068655,79.63478231887834,83.89967346191406,8907500
2022-05-26,84.82180681986371,87.99380365022625,84.33533912448245,86.80244445800781,7555000
2022-05-27,88.44746211051702,88.8600735834331,87.46632115614358,88.5400619506836,7715000
2022-05-31,87.65463359597406,88.65804294398697,85.76815366820931,87.66400909423828,12627500
2022-06-01,88.50175338572055,88.9628222500145,85.85061114238134,87.46903991699219,6462500
2022-06-02,88.28880785579446,93.14761188390399,88.18330740511418,92.69670104980469,12002500
2022-06-03,90.54765716554682,92.95342692261983,90.29524157129548,91.27091217041016,7717500
2022-06-06,92.4653929404035,93.51529989955912,91.14899968735449,91.71752166748047,5165000
2022-06-07,89.94865507557084,91.66750163971588,89.86933596398192,90.91377258300781,5865000
2022-06-08,90.00413686614036,92.01837866231897,89.88379063265276,91.65890502929688,6742500
2022-06-09,91.04154711394968,91.2779468479404,88.94056310986431,89.00347137451172,9312500
2022-06-10,85.95531941272284,86.28236629956268,81.91901096882455,82.24840545654297,10787500
2022-06-13,78.39928298385465,78.77829764722247,74.7646519035132,77.3392105102539,18240000
2022-06-14,77.49667308485215,77.9854809334607,74.35788546626597,76.25257110595703,14465000
2022-06-15,77.86984147246227,78.29886380575411,75.47501206772685,77.10165405273438,9507500
2022-06-16,74.3516394661761,74.60209498273323,71.5946016489971,72.13928985595703,13827500
2022-06-17,72.36122250933325,75.11747774053451,72.3061321343017,74.5083236694336,14137500
2022-06-21,76.17716009127228,76.3447862812273,74.76269673345871,75.69694519042969,15080000
2022-06-22,74.10977698421708,76.06345839812417,73.54555518702674,73.84290313720703,10967500
2022-06-23,73.13175480487497,73.31149161867106,70.13754234958031,71.70243835449219,15050000
2022-06-24,72.98290416708144,75.5301116062276,72.41633472407588,75.45313262939453,12730000
2022-06-27,75.79931274724274,76.17793984325426,73.88861870017848,74.09297180175781,8612500
2022-06-28,75.09013145397334,76.3498692540569,71.71299882028208,71.83373260498047,10130000
2022-06-29,71.26404268323115,71.65516798842417,68.76958573167487,70.73616027832031,10575000
2022-06-30,68.48162101547723,69.70422962490592,66.5443502783675,68.33939361572266,16017500
2022-07-01,68.10923746743764,69.08139038085938,67.19687013600551,69.08139038085938,8907500
2022-07-05,66.87568107561177,70.22155710307507,66.01332883183792,69.8620834350586,13140000
2022-07-06,70.08597206980433,70.6236249721987,68.22763311517402,68.4124526977539,9735000
2022-07-07,69.67570098211925,70.2934555386414,68.8012380687458,69.7823715209961,8367500
2022-07-08,68.91260266978908,69.60967640881061,67.42546035446387,69.14000701904297,5767500
2022-07-11,67.89667635819151,68.55194032305444,66.97219096700431,67.3844223022461,8882500
2022-07-12,67.69115689242142,68.86063516688506,67.0905956651011,67.91973876953125,8067500
2022-07-13,66.13329064689208,68.28233722891152,65.56593871231979,67.91114044189453,7217500
2022-07-14,66.08912142384195,66.78462991637423,65.2271568360201,65.40572357177734,13430000
2022-07-15,66.78620818193326,67.33597919889777,65.66049970672124,66.37007904052734,12025000
2022-07-18,68.17996893933275,69.94179547525684,67.56416696298606,67.94083404541016,11110000
2022-07-19,69.30176228372198,71.99197914916495,69.30176228372198,71.6922836303711,11180000
2022-07-20,71.39727586134276,72.25026000111134,70.58884397610257,71.6922836303711,11887500
2022-07-21,70.90768199456114,71.56607604406521,69.78157872797448,71.48167419433594,8442500
2022-07-22,72.4042044111822,72.58277116243748,70.21686604613974,70.71857452392578,7712500
2022-07-25,71.0682931719109,72.05138682211113,70.47007951941588,71.68722534179688,8495000
2022-07-26,71.13861918442869,71.29178713189191,70.12739175549255,70.16841888427734,7510000
2022-07-27,71.76887092102513,74.3633653978173,71.76887092102513,73.36386108398438,10187500
2022-07-28,73.71630871663261,74.75801781746176,72.56246623717568,74.7451171875,8007500
2022-07-29,74.77167501036065,76.05523893109012,74.2402675632342,75.63441467285156,9965000
2022-08-01,75.16789349648529,75.20032766234276,72.79378261113246,74.50051879882812,10207500
2022-08-02,74.50051230659405,77.06100763194353,74.34929696470532,76.43973541259766,11000000
2022-08-03,75.60785037521072,77.1340669054596,75.12451282520627,76.8375015258789,15337500
2022-08-04,74.27232646451513,76.3662826168041,73.28532028944576,76.08612060546875,20115000
2022-08-05,75.55904171459385,76.42491189547367,74.39621104734492,75.21558380126953,9590000
2022-08-08,75.13388241206103,77.73657449936327,75.13388241206103,76.4201889038086,8742500
2022-08-09,76.25804211249495,76.47528839111328,74.99401159525239,76.47528839111328,7495000
2022-08-10,78.14803355178037,79.21044612098095,77.39078679673482,79.07290649414062,11595000
2022-08-11,80.55458870627895,82.00304400554153,80.13532941357282,80.63859558105469,9460000
2022-08-12,81.42787204526589,82.9529186001677,80.97422603150018,82.87438201904297,8242500
2022-08-15,82.13274904919,84.31969955558021,82.05460002242508,83.2174301147461,9440000
2022-08-16,82.69034005019721,84.44005567661955,82.6485303905036,84.0606460571289,6592500
2022-08-17,82.54772796731838,83.73712722765116,82.11869820273236,83.21315002441406,6410000
2022-08-18,82.79193846760532,84.19312119996344,82.39494787249201,83.80238342285156,5397500
2022-08-19,82.90602902791927,83.19947175432655,81.4263097603134,81.54353332519531,5907500
2022-08-22,78.8673684910441,79.79068373227187,76.93908620632128,77.07936096191406,11625000
2022-08-23,77.20830673883479,78.62003478464001,77.19540611195191,77.8670883178711,8085000
2022-08-24,77.05240307549165,78.89589593542155,76.99418256917585,77.79401397705078,5727500
2022-08-25,78.14726204767963,79.47381349034463,77.95033180587095,78.48094940185547,6260000
2022-08-26,78.67591691267974,78.96154919683336,74.55247810328669,74.66813659667969,9595000
2022-08-29,74.12265457362842,75.07487880184526,73.69675503641747,74.1875228881836,8010000
2022-08-30,75.06042186362217,75.21633238338879,73.06337355538967,73.46739196777344,8132500
2022-08-31,73.91245515249788,74.90023637337077,73.20131080455076,73.2947006225586,9740000
2022-09-01,72.63787063322424,73.20561006775112,70.4071574893808,72.38428497314453,14422500
2022-09-02,72.82776738189004,73.18099568543097,71.07336387114968,71.81381225585938,8440000
2022-09-06,71.8138123590045,72.22994147506573,69.55457020771736,70.91277313232422,8460000
2022-09-07,71.27771624442622,73.4892834295245,70.61190668550124,73.16341400146484,9877500
2022-09-08,72.02441828063763,74.72245321703586,71.49652843276981,74.47511291503906,11545000
2022-09-09,75.0213650961667,77.56075430898579,74.94516866343072,77.4060287475586,13172500
2022-09-12,78.5461930361611,79.35657754898625,78.15740790432419,78.66770935058594,10287500
2022-09-13,75.8419135603857,76.88869790941096,74.76660771578729,75.05262756347656,9900000
2022-09-14,74.89554543287863,76.97660079322777,74.12735813090006,76.87266540527344,7575000
2022-09-15,76.41316701914656,78.73531001523659,76.08573251502177,76.45809936523438,9522500
2022-09-16,75.56839903321597,75.59262777158051,72.4577450218293,73.31970977783203,19800000
2022-09-19,72.25102591546847,74.63061384589473,72.25102591546847,74.35670471191406,6687500
2022-09-20,73.76046473443716,75.27339335392647,73.41270668413958,74.10821533203125,7762500
2022-09-21,73.77920457202565,73.88196988491259,70.56267040096093,70.59431457519531,9315000
2022-09-22,70.56697227935763,70.57010241475481,67.01127261681619,67.22930145263672,14470000
2022-09-23,66.27472865293204,66.38218171620127,64.31674722449846,65.24826049804688,15725000
2022-09-26,65.55304263160646,66.9839168615168,65.21388503056288,65.22364807128906,11222500
2022-09-27,66.28840123265417,66.84051230612744,64.68208309571045,65.22013092041016,10032500
2022-09-28,64.93567230059868,67.83141984217318,64.58635668350657,67.4754638671875,9547500
2022-09-29,66.05590703509137,66.32746856306703,64.8500972371106,65.60147857666016,8620000
2022-09-30,64.8219864052961,66.49394090428119,64.15382168958524,64.20618438720703,12460000
2022-10-03,65.34828983309632,66.19072094401753,63.54230629332534,65.60188293457031,9672500
2022-10-04,67.55789761317246,68.98564891721448,67.48795400890033,68.73206329345703,11652500
2022-10-05,67.47272370365755,68.18347297914659,66.79908888366653,67.46881103515625,8757500
2022-10-06,67.35003950683598,67.71107824967795,66.13641154384041,66.80535125732422,9282500
2022-10-07,65.67375994873662,66.38724427662673,65.17948191463907,65.84529876708984,11085000
2022-10-10,66.39585805221907,66.4896354074616,64.76882876409846,65.30492401123047,6957500
2022-10-11,65.30492306804271,65.30492306804271,63.33209586627917,63.87013626098633,7617500
2022-10-12,64.2362579027069,65.74371601489383,63.651325103017854,65.47254943847656,7270000
2022-10-13,63.54269959748202,66.85145339562362,63.17619061306424,66.1176528930664,11942500
2022-10-14,67.02181803346512,67.82634471891285,65.14550329892467,65.27210235595703,9725000
2022-10-17,66.55254717478275,68.45660096689862,66.47752081501511,68.28076934814453,7970000
2022-10-18,70.33682094767903,70.94167479503675,68.3975980580689,69.3150405883789,9185000
2022-10-19,68.41284023442454,70.33174730651614,68.41284023442454,69.23143768310547,7840000
2022-10-20,69.14507982096951,71.38751607451348,68.90907508553227,69.30176544189453,8627500
2022-10-21,69.23962707860372,71.47736772115559,68.77035283523527,71.2229995727539,7672500
2022-10-24,70.84125872404593,71.45159032152668,68.92586953140498,70.6669921875,7845000
2022-10-25,70.42161137177959,73.46739660410888,70.42161137177959,73.247802734375,8120000
2022-10-26,73.24780556889719,74.94516600877974,72.18930569001157,72.34559631347656,9390000
2022-10-27,73.04306592784613,73.29625659227572,71.23590479772675,71.65087127685547,9390000
2022-10-28,71.8567788503998,73.25209597796592,70.86157490672478,73.13487243652344,11517500
2022-10-31,73.10324364864049,73.66707044439403,71.81107909023855,73.04736328125,8955000
2022-11-01,73.89798693488426,75.29486917860254,73.69440893437523,73.83039093017578,8722500
2022-11-02,72.78596146948477,73.64323846800063,69.21189839782232,69.47994232177734,15147500
2022-11-03,72.2471198295559,74.34537571014418,71.22182935435258,71.33787536621094,18565000
2022-11-04,73.6471523944036,74.87093845268771,72.3682685002849,73.23960876464844,10967500
2022-11-07,73.30251490264443,73.7252918457478,70.25125899837116,71.65399932861328,10847500
2022-11-08,71.73095919618308,73.96440703319769,71.52699367126704,72.64527893066406,7942500
2022-11-09,71.89547046024389,73.54985122183855,71.50746785100114,72.90435028076172,8987500
2022-11-10,76.07087327963636,76.40065535918625,74.8806916177164,76.05719757080078,12905000
2022-11-11,75.65864710655171,79.45152099389382,75.65864710655171,78.76343536376953,11070000
2022-11-14,78.01087382762418,78.90996033089411,77.13172330190918,77.33646392822266,10392500
2022-11-15,79.30461260407081,80.56825562196013,77.17900488939848,78.22148895263672,10280000
2022-11-16,78.49695942099615,79.2737396876909,77.75651107854571,78.68568420410156,7562500
2022-11-17,76.62024797664367,77.07077127977684,74.33600219266965,75.83252716064453,12372500
2022-11-18,76.5753133828267,77.06099852084644,75.23625659986924,75.81376647949219,7652500
2022-11-21,75.13623116605683,76.13182268762405,74.24026736150245,75.00142669677734,6997500
2022-11-22,75.41209816187614,76.1955263018491,74.21292843742592,76.07518005371094,8177500
2022-11-23,76.38424016826333,78.22539291884054,76.26155378893972,76.95354461669922,6360000
2022-11-25,76.9156416219619,78.00188785544857,76.71011845671639,77.54668426513672,4220000
2022-11-28,77.60100561719568,78.338711390134,77.28997452432498,77.55724334716797,8285000
2022-11-29,77.56936944013964,79.22452559849658,77.56936944013964,78.8177719116211,7117500
2022-11-30,79.39760940136203,81.45679122740773,78.62395176046454,81.25165557861328,11102500
2022-12-01,81.41770554698647,82.07960981637822,80.02277587366558,80.50299072265625,7297500
2022-12-02,79.38354108482484,81.83931834181811,79.11353712675432,81.48570251464844,6760000
2022-12-05,80.338093997734,81.54195121358731,79.97470772998815,80.35568237304688,6975000
2022-12-06,80.4150729657736,81.07580711425184,79.06585826148569,79.7957534790039,6570000
2022-12-07,77.22121202699545,77.66430503162614,75.81299398284385,76.41082000732422,10385000
2022-12-08,76.67767498761756,78.95957284406597,76.14041721264073,78.56766510009766,7852500
2022-12-09,78.2117207742561,79.36673312072064,77.80691979728135,78.92794036865234,6050000
2022-12-12,78.93028594600426,81.34738377882108,78.73335572744463,81.27313995361328,8375000
2022-12-13,84.10090307627823,84.10090307627823,79.64455204203288,80.01614379882812,10472500
2022-12-14,80.3760208702347,80.86912899624217,77.67876823618168,78.4129638671875,10037500
2022-12-15,76.85155770378229,77.2180666600079,76.28381835333472,76.80662536621094,8557500
2022-12-16,76.16934213433389,77.06412852947071,75.33434132049499,75.74617767333984,20197500
2022-12-19,76.27406537309817,76.56282036047416,75.00573452339894,75.46836853027344,6962500
2022-12-20,75.20579399553623,76.70582937141266,75.20579399553623,76.52609252929688,6132500
2022-12-21,77.19308274404695,78.04918224306758,76.89065203768715,77.01021575927734,6275000
2022-12-22,76.10369799846978,76.10369799846978,74.52824882544058,75.5289306640625,6317500
2022-12-23,75.27221021217852,77.10554514188539,74.97134462447683,77.03443145751953,3945000
2022-12-27,77.28294220443831,78.63137465526238,76.66988285946458,78.07965850830078,5787500
2022-12-28,78.43990958387356,79.31945517081304,76.4026090269358,76.53897857666016,6022500
2022-12-29,77.55332053856132,78.65793017180064,77.15398987676888,78.28439331054688,5165000
2022-12-30,77.33802033923598,78.8349326097408,77.28761772199756,78.74427795410156,4917500
2023-01-03,79.66448353958914,80.06186166255583,78.36489609910366,79.40581512451172,6672500
2023-01-04,80.83669548456766,82.58563633067165,80.36586348546479,82.46255493164062,9202500
2023-01-05,81.48765951416456,84.14388480014959,81.48765951416456,83.81058502197266,9400000
2023-01-06,84.59909578753985,85.61814120428163,84.0536324164108,85.15120697021484,8760000
2023-01-09,85.7666112143742,86.84191696212824,85.37274333253661,86.29058837890625,6790000
2023-01-10,85.98385456400847,86.78095834771865,85.1539290789897,86.78056335449219,5417500
2023-01-11,86.87434604410524,87.76991498674357,86.56762260586326,86.931396484375,7247500
2023-01-12,86.95952008587038,88.60568779946695,86.53439560815518,88.18017578125,7302500
2023-01-13,86.8743488541245,89.94788086986313,86.82785143957766,89.92169952392578,7267500
2023-01-17,89.78767056645268,91.28888333725341,89.78767056645268,91.19862365722656,8600000
2023-01-18,92.21375768945461,92.78892001408936,89.61301786725197,89.73062896728516,7677500
2023-01-19,88.69713983273184,90.74225102407684,88.63305403788912,90.47107696533203,7105000
2023-01-20,90.92901464233225,91.84216446885333,90.66175327797798,91.59990692138672,7592500
2023-01-23,91.43229015196891,93.924407050288,91.03374193933338,93.83844757080078,8522500
2023-01-24,93.8790664823826,94.9825061200001,93.53717376815582,93.86812591552734,5927500
2023-01-25,89.80096054874605,93.50279248431154,89.46649070631034,93.41526794433594,7607500
2023-01-26,93.77669001370444,95.09972343537925,93.67939499263707,94.99383544921875,5950000
2023-01-27,94.62773381048598,96.69120848577111,94.62773381048598,96.29734802246094,7475000
2023-01-30,95.10324791239866,95.97654065801513,94.31864977639819,95.22164154052734,7930000
2023-01-31,94.55191399421217,95.18294916431894,93.91110833199454,95.10910034179688,8452500
2023-02-01,94.64959922193475,96.20863741621697,93.39182160256955,95.56391906738281,10280000
2023-02-02,95.95895495741114,97.08974596258956,95.29900329958329,95.91362762451172,8650000
2023-02-03,94.66327392904441,96.59859157659878,94.16274301204118,95.92847442626953,7182500
2023-02-06,94.94148155346414,96.70213778358881,94.7890961471158,96.50989532470703,6152500
2023-02-07,96.30945750248193,97.29255103390072,94.27997463139226,97.18354034423828,10705000
2023-02-08,96.23052952143384,97.13586151143514,94.56403807900274,94.75666809082031,8765000
2023-02-09,96.19223374136936,97.32067725355198,95.16694308593792,95.18804168701172,8725000
2023-02-10,93.14018987301208,93.95800475650482,91.0896085223505,91.75933074951172,14190000
2023-02-13,92.87566629963416,95.05988212580361,92.47125282607172,94.67657470703125,6725000
2023-02-14,94.48510477079002,96.94674739845159,94.16587570068673,96.55288696289062,6590000
2023-02-15,97.68404533320015,98.44285701255885,96.98150154799623,98.3318862915039,7482500
2023-02-16,96.69941514823762,99.12980134281582,96.49232687935509,97.41759490966797,8530000
2023-02-17,96.34150873831274,96.69434208265899,95.43773428375385,96.19966888427734,7175000
2023-02-21,94.36514607695602,95.71904867011298,94.36514607695602,94.7726821899414,5630000
2023-02-22,94.68594116188251,95.71748458579695,94.50346919997804,94.82035064697266,4150000
2023-02-23,94.93874654541591,95.88823574025822,93.09486598478789,94.81175994873047,10490000
2023-02-24,94.94889508735237,97.26244472377574,93.97361963959864,95.8272705078125,14092500
2023-02-27,96.91782880235372,98.80781927623144,96.71191062952413,98.50773620605469,9072500
2023-02-28,98.14669403969759,99.59436656351919,97.72899243173957,98.621826171875,8500000
2023-03-01,98.8562708302318,99.80380745346436,98.65738800556935,99.7283935546875,8222500
2023-03-02,99.23372388383555,100.95061784490728,98.77108992863488,100.72515869140625,8217500
2023-03-03,101.59141556288438,102.69524268362383,101.1733264429246,102.38851928710938,10477500
2023-03-06,100.60129951588524,102.62531943887471,100.60129951588524,102.1161880493164,11200000
2023-03-07,101.5824427055924,102.76363649962357,100.47509774497273,100.76697540283203,7430000
2023-03-08,100.70834479726125,101.59297298520755,100.17264463003508,100.92207336425781,5285000
2023-03-09,100.4743097708275,101.09792210809147,97.82277235775273,97.89466857910156,8157500
2023-03-10,98.0314147909129,98.64486902654035,96.17854645056583,96.92172241210938,9590000
2023-03-13,96.11525741897188,96.42042324091597,95.06378539037874,95.29627990722656,10455000
2023-03-14,97.64577110790691,98.20608764504479,96.12111957474043,96.73652648925781,9472500
2023-03-15,94.50502532804387,95.1255149495635,93.11947856902114,94.39132690429688,10640000
2023-03-16,93.93221790916986,95.82572608669209,93.81616442257021,95.33612823486328,8440000
2023-03-17,95.33612939742585,95.55885342062929,93.49576642048639,95.37286376953125,19970000
2023-03-20,95.75109412363099,97.83606222074829,95.26657901807698,97.43907165527344,8072500
2023-03-21,98.37996873879104,100.87637821278116,98.37996873879104,100.47079467773438,7062500
2023-03-22,100.70718519500305,102.0599102376236,99.91125152209725,99.95970153808594,6827500
2023-03-23,100.53682931843903,102.2021431329957,98.61596978966614,99.19855499267578,8812500
2023-03-24,98.07831945712734,98.2264046585717,96.35634270148942,97.65788269042969,8240000
2023-03-27,98.66092284496237,99.35643154146447,97.85913113654661,98.00878143310547,6160000
2023-03-28,98.46553887692568,99.80107063377113,98.0087627351795,99.44706726074219,5895000
2023-03-29,100.8658298271734,100.98617606743721,99.83857912287547,100.48837280273438,5917500
2023-03-30,101.13817271020908,102.54833580010803,100.82948922834704,101.97278594970703,6635000
2023-03-31,102.59561290673994,103.96944403430562,102.45065039582381,103.63926696777344,9145000
2023-04-03,103.34152979843559,104.60711785792184,102.76362491964477,104.13862609863281,5577500
2023-04-04,104.41018471753047,104.51998537444942,102.568256898562,103.089111328125,6517500
2023-04-05,102.88163628096915,102.96486060956649,101.20068668924323,102.20097351074219,6522500
2023-04-06,101.81609214878657,101.81609214878657,99.71588350992388,100.96037292480469,6817500
2023-04-10,100.22620295627382,101.0084535864795,99.72332435712595,100.51964569091797,5145000
2023-04-11,100.8806715461573,101.1491104273449,100.06989207186878,100.28128051757812,5917500
2023-04-12,101.11707366773628,101.11942126916384,99.03288802575226,99.5302963256836,6905000
2023-04-13,100.38014830305661,102.80662163517931,100.0480186032687,102.74918365478516,8365000
2023-04-14,102.62491981896248,103.85691115250185,102.20175537490434,103.53963470458984,4635000
2023-04-17,102.84060126576581,104.56804813576811,102.84060126576581,104.5629653930664,4392500
2023-04-18,105.34756310943365,106.35253760006084,105.02246880065667,105.36905670166016,6125000
2023-04-19,104.8677509536194,105.29795823188307,104.42661056011602,104.57196807861328,4962500
2023-04-20,104.10190167706084,105.48706092219811,103.81119411935573,103.96592712402344,6192500
2023-04-21,104.038210661249,105.0971055038582,102.880850716371,105.00372314453125,5252500
2023-04-24,105.41088959270074,105.77231590281201,104.20390189884041,104.70521545410156,6090000
2023-04-25,104.54189193454965,104.54189193454965,103.20127723472032,103.35053253173828,7090000
2023-04-26,103.28878077606784,103.93779189313588,101.03696916901303,101.48865509033203,8935000
2023-04-27,102.45105430559333,103.18759753115329,100.70485608521675,103.13249969482422,9422500
2023-04-28,102.81012564411462,105.26121510539967,102.40024937360661,104.9638671875,7382500
2023-05-01,104.72981049377222,106.27947318139246,104.66729722928915,105.150634765625,6307500
2023-05-02,104.98497396151004,106.7393774920845,104.98497396151004,106.12592315673828,7287500
2023-05-03,106.34393560267628,106.34393560267628,102.98946708288966,103.39700317382812,9997500
2023-05-04,102.01810112970205,103.38880209705002,101.61447023751741,101.73091125488281,12195000
2023-05-05,102.77614501131417,103.55097274663758,98.63512503502285,100.39187622070312,19705000
2023-05-08,100.54112495177637,103.47282440817251,100.54112495177637,103.13365936279297,8622500
2023-05-09,102.58546341617945,104.11519774890795,101.92668174842537,102.95549011230469,8487500
2023-05-10,102.95550416294193,104.09137075816737,101.53791045641991,103.38570404052734,10295000
2023-05-11,103.03207561115181,104.26406703085179,102.97425008894206,103.80221557617188,5307500
2023-05-12,104.70676623633805,104.70676623633805,102.56826542074667,102.7956771850586,5507500
2023-05-15,102.64601690332772,103.66583723628182,102.41001217891686,103.39154052734375,4967500
2023-05-16,103.93584396461026,105.19752687969694,103.40092624120722,103.40131378173828,5630000
2023-05-17,104.00970201728931,105.48863879469833,103.1789939098876,105.3698501586914,7440000
2023-05-18,105.44838971726378,108.89233587994492,105.27763338922861,108.66297149658203,8440000
2023-05-19,108.66258590744026,108.66258590744026,107.5900152500048,108.04873657226562,8590000
2023-05-22,108.0123988412973,108.86655314499467,105.22606418141571,105.32765197753906,7070000
2023-05-23,104.57079077652045,104.72044104157811,102.49441570695264,103.0562973022461,7242500
2023-05-24,102.46081315126762,103.27784548079697,101.41090622468089,102.60070037841797,6752500
2023-05-25,103.0551162044653,103.06215155532783,100.46336449265159,101.48865509033203,9507500
2023-05-26,102.17674333974674,104.10385566732718,101.13699447321956,101.24484252929688,11632500
2023-05-30,101.40465183400772,101.83524662344168,98.47061231200634,98.80821228027344,12142500
2023-05-31,98.33932974013813,98.58432243831514,96.0011634891155,98.02674102783203,20580000
2023-06-01,97.80599366305009,100.34890099609153,97.69775804234658,99.63776397705078,7977500
2023-06-02,100.70484566649104,102.93868894544926,100.35982279770194,102.59366607666016,8185000
2023-06-05,102.27051931421298,104.50709762506868,102.27051931421298,104.35626983642578,7820000
2023-06-06,105.05531796741515,106.64249049131126,104.8935570307813,105.81529998779297,7867500
2023-06-07,105.90203203613974,106.51001606186861,103.02034768918278,103.31769561767578,7857500
2023-06-08,102.25568009211855,104.68762369644917,102.25568009211855,103.44586181640625,5945000
2023-06-09,103.44585133718421,104.43363246003555,101.7477159233673,101.83094024658203,7960000
2023-06-12,102.61632914503734,102.65657373906609,100.81386321092081,101.80007934570312,7937500
2023-06-13,102.7605058474127,102.7605058474127,100.99828456360879,102.1404037475586,6677500
2023-06-14,101.41050660075582,102.50965348300124,100.7849416813962,101.97395324707031,5857500
2023-06-15,101.41715605319285,104.65323120220421,101.09049665668118,104.39299774169922,9960000
2023-06-16,105.58514845146023,105.58514845146023,102.84803894414563,103.19306182861328,20722500
2023-06-20,102.3729070208276,104.32541086855818,102.13728981553419,103.02348327636719,7312500
2023-06-21,103.02348441762088,104.13903482558631,102.37290815487448,103.3028564453125,6122500
2023-06-22,103.24305924042649,104.80248490309522,103.19343169977896,104.63524627685547,5627500
2023-06-23,103.07817465244867,103.86159525180538,102.34319661719377,102.52645111083984,8115000
2023-06-26,102.13767353977296,103.60645219181134,101.78679284301724,102.20722961425781,5650000
2023-06-27,103.4489859520338,106.39318345665706,103.4489859520338,105.51284790039062,9705000
2023-06-28,105.42024818524202,106.38497814360929,104.05501745642277,104.18864440917969,6055000
2023-06-29,104.38206292416193,104.5575069997443,102.88085755528921,103.77603149414062,5600000
2023-06-30,104.93690582679577,106.28026290821789,104.59657816634927,105.51168060302734,7665000
2023-07-03,105.25262680167071,107.18169181310483,104.84704326974472,106.31112670898438,4482500
2023-07-05,106.10013855684504,106.40256924628005,104.23593432338284,104.48287963867188,6920000
2023-07-06,103.5912240161574,103.93585191245987,102.54873990788376,102.8687515258789,7730000
2023-07-07,102.68547723657667,104.00772811154643,102.68547723657667,103.03362274169922,6722500
2023-07-10,103.0371709143382,106.80699446652086,103.0371709143382,106.62529754638672,10027500
2023-07-11,107.05860457556273,108.98336927232882,106.8124418198779,108.75752258300781,6952500
2023-07-12,109.57025178067353,110.24466169590302,108.66804257413759,108.95562744140625,7672500
2023-07-13,110.38298158393513,111.47782075829609,110.34195445991037,110.75535583496094,7777500
2023-07-14,111.15626572676977,112.05378727957,110.50255934805436,112.02096557617188,5965000
2023-07-17,111.64232664913423,115.46216438001224,111.64232664913423,115.25389862060547,6290000
2023-07-18,114.74439053446116,116.61797020088339,114.09499182559797,116.50231170654297,7700000
2023-07-19,116.45737946508532,117.14273001273686,114.35951815953473,114.40288543701172,7497500
2023-07-20,114.10280728884221,116.16081908153458,113.94416905061328,113.99730682373047,6430000
2023-07-21,114.84168280137894,116.16588645094532,114.217287925369,114.22158813476562,17470000
2023-07-24,113.5628023916774,114.08247932479226,112.18076581984668,113.06968688964844,6377500
2023-07-25,112.74733221922895,115.68214669670976,112.74733221922895,114.97139739990234,6142500
2023-07-26,114.97140484490141,115.90057799592631,114.22354104305465,115.5860366821289,4172500
2023-07-27,116.22136126173547,116.92273503910889,115.35275630605491,115.49771881103516,5587500
2023-07-28,116.75238232752433,117.85503946813276,116.4882436467354,117.69952392578125,4727500
2023-07-31,117.22087466842258,117.90896033225057,115.87048969142074,116.07992553710938,9212500
2023-08-01,114.96242944057781,115.31486776280633,113.8554720195813,113.87266540527344,7625000
2023-08-02,112.9227765932369,113.70659223563847,112.141308552168,112.72428131103516,7087500
2023-08-03,109.9914782481538,111.35983924570834,109.18578142602583,110.96558380126953,16385000
2023-08-04,123.27729542524807,123.73680674764672,115.26759207263447,119.68877410888672,24370000
2023-08-07,120.52454776327504,126.86384602778804,120.32722256829652,126.71614837646484,12802500
2023-08-08,124.74605624754423,126.5950269343292,123.87823379858541,126.05033874511719,8300000
2023-08-09,127.04673184147026,127.04673184147026,124.5901644835928,125.21768951416016,7450000
2023-08-10,125.62172251265334,127.05611449533001,125.23058974096983,125.94172668457031,6490000
2023-08-11,124.9722989812846,125.71821758749806,123.77468699945405,125.2790298461914,5362500
2023-08-14,125.03557921459222,126.47895877754524,124.27324985301749,126.3769760131836,3917500
2023-08-15,125.99327052079022,126.16286419696362,124.84255849809168,125.05746459960938,4072500
2023-08-16,124.3826703656834,126.07573798197443,124.30999906678848,124.8539047241211,4002500
2023-08-17,125.16063357848138,125.33021236101784,121.43847097004115,121.59945678710938,7370000
2023-08-18,119.51996007711934,120.45538598273048,118.57203599006604,119.50393676757812,11602500
2023-08-21,119.8415464768799,120.1244361666844,117.97382464849315,119.2527084350586,5862500
2023-08-22,119.43206459835781,120.59449997182918,119.29295989410492,120.1080322265625,4667500
2023-08-23,119.79074419325545,122.32623553928588,119.79074419325545,121.07196807861328,4677500
2023-08-24,120.61795008488222,121.51820684349391,118.05120177409663,118.25204467773438,5657500
2023-08-25,118.25201663628381,119.25933124021503,117.53540211182035,118.88188171386719,4937500
2023-08-28,119.81574666018497,120.50538988147791,119.45236036915205,119.94078063964844,3522500
2023-08-29,119.59459278403041,121.89954216116053,119.565288758995,121.55257415771484,4197500
2023-08-30,121.06103623924484,123.04206902549511,121.06103623924484,122.3235092163086,4100000
2023-08-31,122.09414073197733,122.7032948411754,120.7375028984688,121.32478332519531,5752500
2023-09-01,122.51418404124979,122.51418404124979,120.85238036885421,121.71004486083984,4940000
2023-09-05,120.72303342728497,123.49765203230274,120.72303342728497,122.87247467041016,6552500
2023-09-06,122.03983322953019,123.41718221186082,121.72372682363904,122.73847198486328,5820000
2023-09-07,121.54789601780959,121.97770084014697,119.87436924923745,121.26304626464844,6072500
2023-09-08,121.71434743186295,123.00143668468682,121.44083323345855,122.81231689453125,4110000
2023-09-11,123.15577364971082,124.51944686634589,122.87757170354399,124.35884857177734,4447500
2023-09-12,123.63636746897333,125.11179386242776,123.11161524244878,123.9974136352539,4130000
2023-09-13,123.75476906803372,124.01187986362882,121.51234021313894,121.7393569946289,6272500
2023-09-14,123.81415078271276,126.07378017781247,122.17266338582003,124.94024658203125,7657500
2023-09-15,125.0649130808415,125.7147142608036,122.85803355557466,123.47852325439453,21440000
2023-09-18,123.23821823668116,125.15985288781168,122.888895160062,123.40740203857422,5287500
2023-09-19,122.37781583166228,122.71971602949878,120.7808804669483,121.62643432617188,7035000
2023-09-20,122.49231107346083,122.49231107346083,119.87516015885056,119.9134521484375,4557500
2023-09-21,118.82639874993045,119.20501835807899,117.78938510909359,118.6380615234375,6682500
2023-09-22,118.9791926191909,120.99851729868774,118.66152117013884,119.66454315185547,5907500
2023-09-25,118.13128130338607,121.30327796768692,117.80696952344374,121.04656219482422,4880000
2023-09-26,120.34676365990569,120.86761814088474,118.79710829791311,119.58795928955078,5422500
2023-09-27,119.89038976479088,121.16848354647117,119.18823338823539,120.45069885253906,4460000
2023-09-28,120.45069831162718,121.7995256877373,119.63093829154134,121.31696319580078,6760000
2023-09-29,121.96245451601544,122.57200359640862,119.87045858118793,120.50110626220703,6307500
2023-10-02,120.02635509961473,121.61781999840113,119.83371765731377,120.88440704345703,4017500
2023-10-03,119.36991845994383,120.63669154003219,117.10169595574139,117.6424789428711,5705000
2023-10-04,117.79682704334043,119.53990247919178,117.67101051167724,119.03663635253906,4655000
2023-10-05,118.7451415601052,119.01904328914753,116.83639261219268,117.95389556884766,4550000
2023-10-06,117.12280918846129,119.35313497990869,117.12280918846129,119.1526870727539,5140000
2023-10-09,118.05824404773078,118.05824404773078,114.65961733267213,117.60069274902344,6062500
2023-10-10,117.98320713255627,120.50149772938177,117.81128073421661,119.58092498779297,5512500
2023-10-11,120.46398379464321,120.93247557366736,118.76310569206566,120.03221893310547,3630000
2023-10-12,119.86069037156047,120.5913682387349,118.35088461768423,119.13548278808594,4290000
2023-10-13,118.89361984128324,119.85717230307996,115.07533947315741,115.27031707763672,6830000
2023-10-16,116.19323058139028,117.22633905554557,115.70364022060568,115.91072845458984,5942500
2023-10-17,116.19910024451436,117.27635856673281,115.67941585292542,116.37688446044922,5307500
2023-10-18,115.10269287214571,115.26758391921145,111.04607500622078,111.36920928955078,11407500
2023-10-19,110.84953800529189,110.8679014656656,108.20972350224326,108.82786560058594,10907500
2023-10-20,108.61687380603375,109.13811586708414,107.33564978997117,107.71192932128906,7842500
2023-10-23,107.59938903514916,111.02614927193802,107.13988518639839,110.1696548461914,6670000
2023-10-24,110.84992348743698,111.70759544664341,110.07978352420628,110.78819274902344,4712500
2023-10-25,110.28999486084484,111.41922088467217,109.67458795532448,109.91098022460938,5885000
2023-10-26,109.23226658784907,110.13760594830264,106.78977758341888,107.16683959960938,7230000
2023-10-27,107.35243665555615,108.80402185795006,106.95467102365559,107.30242156982422,5245000
2023-10-30,108.164383591438,109.91058898219063,108.1030403995672,108.94702911376953,5247500
2023-10-31,109.35809866382867,109.55894156456523,108.03936517625465,108.99822998046875,5457500
2023-11-01,109.52337118877013,109.9191842111661,107.69198882677706,108.08663177490234,7762500
2023-11-02,109.68006232522615,111.12382971010918,107.70215228253122,110.91517639160156,12622500
2023-11-03,108.62467180888387,112.1010518879922,107.93853876828842,111.70172119140625,14512500
2023-11-06,112.86651762715096,117.31388101825432,112.86222487008843,116.10455322265625,11975000
2023-11-07,116.10454504279743,118.59666175419072,115.80484950878109,117.68585205078125,7707500
2023-11-08,118.58843947206007,118.81193854181616,117.37207658320216,118.01561737060547,5877500
2023-11-09,118.44308249615324,118.52318413382788,117.16303626611543,117.62175750732422,5147500
2023-11-10,118.12036123186138,120.36201513717538,117.72806583626881,120.12132263183594,5660000
2023-11-13,120.24986329059007,122.93734511291045,120.21195884514887,121.87884521484375,6037500
2023-11-14,123.69771430566324,124.30413322607616,122.89982801457687,124.0001449584961,7467500
2023-11-15,124.91838161829422,125.32162501037638,121.8038225781505,121.94175720214844,7105000
2023-11-16,121.68230631911236,123.50353076355769,121.21576712165326,122.2555160522461,6475000
2023-11-17,123.27532963379213,123.27532963379213,121.26069275686145,122.50558471679688,5310000
2023-11-20,122.7646409627513,123.82275329724628,122.4551749465827,123.39215850830078,5675000
2023-11-21,123.31635621981155,123.90245909384602,122.75408708801939,122.88850402832031,4605000
2023-11-22,123.72350931907897,123.81572160911202,122.29888794178434,122.30044555664062,4815000
2023-11-24,122.5806099411965,122.5806099411965,121.39198582324961,121.73739624023438,2925000
2023-11-27,121.08956139821225,122.80293775653666,120.73750317380649,122.33171081542969,6332500
2023-11-28,122.54543931524378,122.99713272208511,121.9315974551843,122.76581573486328,4502500
2023-11-29,123.1815679848772,124.01969900616223,121.28688956456573,122.1554946899414,3895000
2023-11-30,122.23794676043323,122.23794676043323,120.32724498389935,122.1324462890625,6392500
2023-12-01,122.1164103064643,124.22638970414744,121.09151462141159,123.4554672241211,5125000
2023-12-04,122.98150326106425,124.55695243385746,121.73622372138605,122.47550201416016,5895000
2023-12-05,121.30329503250405,123.47266509742107,121.30329503250405,123.0041732788086,4592500
2023-12-06,124.26468328883065,124.59837060698514,122.19534345274876,123.08192443847656,4727500
2023-12-07,124.18458093652318,126.61183681406034,124.1431662669269,126.53096008300781,6982500
2023-12-08,125.85457353032893,128.0610652860407,125.85457353032893,127.96611785888672,6122500
2023-12-11,128.46039709758028,132.27594221595083,128.46039709758028,130.76808166503906,8267500
2023-12-12,131.28543480024516,133.0414109365676,130.84038917110013,132.94802856445312,6075000
2023-12-13,133.40710868219,134.15535988850755,132.07352231905793,133.79666137695312,5500000
2023-12-14,134.95639527852572,136.5615284913794,133.5731886350779,134.42498779296875,6885000
2023-12-15,134.487140592624,136.5623459687714,134.22808460815685,135.9418487548828,22607500
2023-12-18,136.1278461052033,136.36698847856903,135.21235591746185,135.60621643066406,5050000
2023-12-19,136.27124198946356,137.90608198641473,135.93442449681572,137.3551483154297,5410000
2023-12-20,138.16787215463643,138.4038694567804,135.34244800239068,135.55462646484375,7897500
2023-12-21,136.05313955344295,137.70009684608198,136.05313955344295,137.5215301513672,5450000
2023-12-22,137.53914113803478,139.27635091468065,137.53914113803478,138.152587890625,6372500
2023-12-26,137.8310342065112,139.6612389959245,137.74584982064695,139.3619384765625,4942500
2023-12-27,139.90779928565598,139.90779928565598,137.89864006805445,138.1112060546875,4225000
2023-12-28,138.9489352212186,139.20721608749943,138.3276630151099,138.729736328125,3492500
2023-12-29,138.9919175504178,139.68469096242356,137.93888050038595,138.6027374267578,4112500
2024-01-02,137.53917790492844,138.00766974171813,135.37919070933484,135.99810791015625,8335000
2024-01-03,135.2932000438239,136.00278674798471,133.0468660977403,133.21253967285156,8185000
2024-01-04,132.8503506013496,134.7520570704336,132.2290782939632,133.62948608398438,4415000
2024-01-05,133.62244486550924,134.78448532110974,132.62606310622542,133.1684112548828,8045000
2024-01-08,133.30474860620043,135.39011914923182,133.1168063504371,135.3057098388672,6617500
2024-01-09,134.4523329973537,136.38647311703494,134.4523329973537,136.33685302734375,5607500
2024-01-10,136.5127055515143,138.23271480806878,136.5127055515143,137.58409118652344,3712500
2024-01-11,136.8573175125953,138.82661944548528,136.20908150698386,138.80044555664062,4187500
2024-01-12,139.57841441261607,139.75580363582876,136.71548858536372,136.85145568847656,4180000
2024-01-16,136.67172520760562,137.14841495649458,135.4545796676045,136.90225219726562,4330000
2024-01-17,136.63030592726565,137.18123950859822,135.25531212252653,136.363037109375,4560000
2024-01-18,136.67954270615186,138.34173390672254,136.03677690445338,137.88340759277344,5575000
2024-01-19,139.17596465167918,141.5477277668023,138.77037364781663,141.31016540527344,5877500
2024-01-22,142.73866880596694,143.3869047753317,136.00002561594656,136.99288940429688,11410000
2024-01-23,137.6661379086382,137.9689710136498,136.21260756944366,136.39117431640625,5955000
2024-01-24,136.75767030454304,137.63877340215487,135.83943784763375,136.63067626953125,6522500
2024-01-25,137.53879858950359,138.33119986585015,136.42402315859505,136.88470458984375,6952500
2024-01-26,136.59905110327645,138.19169365361392,135.97621383974436,137.52352905273438,5240000
2024-01-29,137.6368576346171,139.2638871639838,136.6318903676668,138.8629913330078,5487500
2024-01-30,137.77358594740465,139.7069510006056,137.7228032358252,138.91258239746094,4637500
2024-01-31,137.92990400150055,138.85634952413332,136.7998953463346,137.04957580566406,4660000
2024-02-01,140.36221239652474,140.64784463392624,137.2148322184217,139.04151916503906,4912500
2024-02-02,138.27960737279952,140.0176074556788,137.20704420952765,139.1564178466797,4940000
2024-02-05,138.35970636347534,141.78607146335798,138.14128255663474,141.6418914794922,5770000
2024-02-06,142.03261547802362,143.0172814029942,140.877208144801,142.4210205078125,6925000
2024-02-07,142.62260508199702,146.34867232051846,142.47490745591142,144.92091369628906,7120000
2024-02-08,146.52609749211922,150.2287194429882,145.58637130168057,150.0513153076172,9412500
2024-02-09,144.57239036391465,146.9902702730055,143.1270581742601,146.84568786621094,9972500
2024-02-12,146.80392081888158,149.53478516776414,146.5128331238527,148.09805297851562,6182500
2024-02-13,146.33072596076315,148.00268011979097,144.65523922080362,146.43270874023438,6602500
2024-02-14,146.18263120501626,147.31575490732595,144.37703530484802,146.06930541992188,6342500
2024-02-15,146.62925384028375,147.023501803126,145.0346587055832,146.5518798828125,7437500
2024-02-16,146.69021374174687,146.7675727999834,144.9229095380879,145.2304229736328,5240000
2024-02-20,144.92409981632287,145.75129031220436,144.12543827043987,144.6060333251953,6372500
2024-02-21,145.21947737789523,146.63473074325313,144.94635072393552,146.1795196533203,5620000
2024-02-22,148.63919394877962,153.09046975321547,147.49785723038673,152.46490478515625,11850000
2024-02-23,144.50599456358924,144.50599456358924,136.41891797192088,136.99057006835938,23962500
2024-02-26,139.0771185431326,140.12584805632898,136.66353074507762,136.74794006347656,10830000
2024-02-27,137.39498052567788,138.075248294265,135.32642335622293,135.9027557373047,9822500
2024-02-28,135.90275633364837,137.04527052017258,135.1947346982609,136.58692932128906,8490000
2024-02-29,136.98001404610352,137.34379535504658,134.86222432483623,135.53976440429688,12022500
2024-03-01,136.07585154141282,137.21562312290357,134.96654660713676,136.74713134765625,8710000
2024-03-04,135.26468365372,136.84482050175532,134.90169233526998,135.2494354248047,6770000
2024-03-05,134.88216474886033,135.71482544926454,133.46339367018615,134.03231811523438,7187500
2024-03-06,134.13975915915674,134.70476343173826,132.81007781191752,133.945556640625,5912500
2024-03-07,134.5026247415059,136.48481200563154,133.53973706112646,136.2364501953125,6767500
2024-03-08,136.20590594967467,137.4994198316551,135.17329154626975,136.54750061035156,7635000
2024-03-11,136.23643299650908,138.91043159627105,136.18629739070713,137.21499633789062,5887500
2024-03-12,137.98004014625914,138.8093472867622,137.01127981570318,137.10765075683594,4710000
2024-03-13,137.10765075683594,137.8801574713434,136.4115354597685,137.10765075683594,5815000
2024-03-14,139.06634798221555,139.06634798221555,137.11863559026216,137.56051635742188,8697500
2024-03-15,137.04064842392805,137.14680738094708,133.54323082558227,133.73793029785156,19277500
2024-03-18,135.79613782607058,135.9324678371814,134.2209680561296,135.1854248046875,5775000
2024-03-19,135.30999978664502,137.5068512340562,134.95390990745068,137.34193420410156,4692500
2024-03-20,137.5025170493071,141.92600146214798,137.10803727466825,140.18238830566406,10760000
2024-03-21,141.62398090520932,143.3828664108504,140.50243772863308,142.8979034423828,7607500
2024-03-22,142.00318916568574,142.831719341676,141.1997492098363,141.99378967285156,5135000
2024-03-25,141.35565072982445,142.19358037176482,139.83022815711328,142.0803680419922,4165000
2024-03-26,142.94453775277805,144.50794681911117,142.61546585469142,143.41775512695312,6872500
2024-03-27,144.07817902474358,145.3901027715531,143.22420022987703,143.9042510986328,5230000
2024-03-28,144.55063930328674,144.7323976724992,141.74579519675913,142.11717224121094,6852500
2024-04-01,143.02405409698082,143.17369880099233,138.9879956615548,139.80555725097656,5690000
2024-04-02,137.8362877739337,140.44015627060676,137.8362877739337,139.69664001464844,6430000
2024-04-03,140.98583657045796,142.83130486327715,140.84559138091248,142.29344177246094,6375000
2024-04-04,143.2970998175184,143.82516001342273,137.82453302624253,137.96673583984375,8065000
2024-04-05,138.2828667556761,141.43556709465597,138.2828667556761,141.09945678710938,6462500
2024-04-08,140.62857730283582,142.3667062334814,140.59997535143523,141.0708465576172,4140000
2024-04-09,141.41675460598776,141.58207509194915,138.315773859056,140.29953002929688,3950000
2024-04-10,139.9504607130311,141.70426513508912,138.94604522569952,140.48165893554688,4525000
2024-04-11,140.12087919361642,143.2504615444377,139.77341182397785,142.50851440429688,4362500
2024-04-12,140.2168686671585,140.969395876954,137.16641224732513,138.35337829589844,6020000
2024-04-15,140.36181438955293,142.01337545458682,136.36257690396155,136.54473876953125,5190000
2024-04-16,135.9532246201664,137.00856804428358,135.17994071192547,135.84510803222656,5582500
2024-04-17,136.04921922027953,136.84953608301424,134.38785490010258,134.91043090820312,4272500
2024-04-18,135.93249961400915,136.52637139282007,134.13600049781002,134.37103271484375,3917500
2024-04-19,135.5606770466264,136.25326565268898,133.39242804700933,133.77084350585938,5470000
2024-04-22,134.80111654381918,136.8146401263109,134.1508330968189,135.65823364257812,5057500
2024-04-23,135.86270127992395,138.9448823797047,135.86270127992395,138.43914794921875,3805000
2024-04-24,137.31331661592898,139.89329025200615,137.31331661592898,137.79397583007812,3897500
2024-04-25,137.99767826443065,138.08699585396394,135.78633195371697,137.20480346679688,3567500
2024-04-26,136.4898792209524,138.7478492386107,136.4898792209524,137.9334259033203,3650000
2024-04-29,137.93343935148803,138.3639629951092,136.60779712914743,137.6874237060547,3662500
2024-04-30,137.60869434749853,137.73992860170176,134.92294991901645,135.228515625,5802500
2024-05-01,134.64949991808717,136.5243471730227,133.3951535523985,133.80294799804688,5655000
2024-05-02,134.75726791376178,136.63407332995445,132.9533123092938,136.0464630126953,11355000
2024-05-03,144.94233807679706,146.83090321101517,139.7287297211873,140.1388702392578,13365000
2024-05-06,141.75834753632296,141.75834753632296,137.92756871692808,140.96273803710938,8750000
2024-05-07,140.2709128366902,141.9283465406914,139.0667169338697,141.2369384765625,6657500
2024-05-08,141.1738839959676,143.5164797301137,139.96734176613685,143.3754425048828,6830000
2024-05-09,142.59196082468006,148.89577691962123,142.59196082468006,148.0774383544922,10925000
2024-05-10,148.21140628421202,149.3129699037125,147.89684460490002,149.08497619628906,7075000
2024-05-13,148.88912518181783,149.16529691315046,145.6271426745183,146.7052001953125,5960000
2024-05-14,146.10073791024402,148.02416680801934,146.078412249485,147.79617309570312,5270000
2024-05-15,148.20436875367483,148.73713617354403,146.8697304780281,148.56712341308594,4810000
2024-05-16,148.56713657275816,148.74302216367312,146.31387329101562,146.31387329101562,4957500
2024-05-17,147.22389355313496,147.22389355313496,144.57066581794095,145.26951599121094,4960000
2024-05-20,145.09827845733741,147.81535916446796,144.71751685722253,147.63046264648438,5497500
2024-05-21,147.77110200696487,149.94954261359047,146.866195430292,149.73487854003906,5600000
2024-05-22,150.03495220846744,150.93594361877553,148.79002007038585,149.84300231933594,5082500
2024-05-23,150.81841010223712,150.81841010223712,146.18770362005768,147.0060272216797,5467500
2024-05-24,147.29279300043635,149.13630390676775,147.0937897601363,148.67758178710938,3795000
2024-05-28,148.72459047983082,149.44735014643152,147.47690878517977,148.4727020263672,4267500
2024-05-29,146.94023175442084,147.92193326658835,145.98910474363694,146.28564453125,6385000
2024-05-30,146.72831803631257,147.56506721206802,145.12142309010125,147.08206176757812,5255000
2024-05-31,146.78353172654585,148.2141522312547,145.40657350033922,147.9332733154297,8827500
2024-06-03,147.9332678048452,148.24978706928846,145.4864861720792,147.43536376953125,5747500
2024-06-04,147.7825009415196,149.7905408335995,147.64186716719877,148.91305541992188,4067500
2024-06-05,149.21463608982313,150.34832829686212,147.05460611870785,150.07566833496094,3565000
2024-06-06,150.075680285925,151.0099808173022,148.85973869836172,149.2538299560547,3660000
2024-06-07,148.70294656774183,149.99708600535104,148.02447558589142,149.7163543701172,4035000
2024-06-10,149.42031828909268,149.42031828909268,147.10886152695815,148.75950622558594,5667500
2024-06-11,148.14148659271842,149.98333958766517,147.73863975767532,148.7587127685547,5482500
2024-06-12,149.47723276165482,153.58776522224136,149.47723276165482,152.20252990722656,6412500
2024-06-13,151.1655769717786,151.8004771161086,150.00611920979486,151.4066619873047,3842500
2024-06-14,150.6555300565242,151.68032108794907,149.75599958335437,151.5228729248047,3592500
2024-06-17,152.29441567989346,155.40529030933715,151.34267200242704,155.21250915527344,4502500
2024-06-18,155.39465964099423,156.62794357704408,154.5987915911285,156.0020751953125,4495000
2024-06-20,156.85884305705744,157.22791465255182,155.53486741955388,155.9589080810547,5302500
2024-06-21,156.37158333421533,156.7677500433167,154.728787083896,156.62718200683594,12455000
2024-06-24,156.6275840556797,157.76544372566306,155.48460192775775,156.31700134277344,4047500
2024-06-25,157.7175422733741,158.35086978436436,156.5054668902652,157.61976623535156,3752500
2024-06-26,156.59108199277313,157.3767502836671,155.92201703129695,156.36334228515625,4377500
2024-06-27,158.6257264536316,158.6257264536316,157.0551687747053,157.42425537109375,4212500
2024-06-28,156.81954855174342,158.29862062129936,155.13120463453347,155.54348754882812,8030000
2024-07-01,156.16582468548813,156.16582468548813,151.94144457496324,152.5351104736328,5777500
2024-07-02,152.21826145959415,154.00751211536178,152.21826145959415,153.7652587890625,4905000
2024-07-03,153.61996961894482,154.58037058496865,153.20535007867764,153.7919464111328,1985000
2024-07-05,154.58075643615948,154.68990073642837,153.32509522184043,154.3125762939453,5042500
2024-07-08,154.4170109791518,157.1650897006766,153.68003610293485,156.45166015625,3987500
2024-07-09,157.24478741975284,157.8498364864229,156.03034568235952,156.17091369628906,3770000
2024-07-10,156.27459880275197,156.69747118580943,155.0919700484059,156.66448974609375,3975000
2024-07-11,157.0155128783513,157.0155128783513,154.1547546484727,154.5583953857422,5735000
2024-07-12,155.0919591531822,159.08469016731806,155.0919591531822,158.0928955078125,4940000
2024-07-15,158.414466908797,160.9815372576377,157.57579174039168,160.5103759765625,3637500
2024-07-16,161.64901492932702,162.72170554570954,161.3993025950489,161.7310791015625,3610000
2024-07-17,161.06320095141425,161.32351765368085,156.6354205415146,156.64837646484375,5670000
2024-07-18,157.13919671479232,157.94803587507283,153.3309934656911,154.3286895751953,4740000
2024-07-19,154.6243425964492,156.15129936927372,154.32867792072992,155.76927185058594,4002500
2024-07-22,156.11281857862477,156.45206907508765,153.3250931524584,153.49786376953125,6365000
2024-07-23,153.40361996472907,154.91095557806645,153.1927754102516,153.8826446533203,5212500
2024-07-24,152.3435062315799,152.77816627183287,149.202405944135,149.42935180664062,8052500
2024-07-25,148.6526930218895,148.6526930218895,143.03993265625513,143.70074462890625,12062500
2024-07-26,145.21870724952407,145.83513966653496,143.6720993442824,145.3148956298828,5850000
2024-07-29,146.65418101833006,149.18786541510897,145.8759718554412,147.4406280517578,5615000
2024-07-30,147.32204455792882,148.8662857808458,144.63798163528068,146.10015869140625,5492500
2024-07-31,148.2600453181976,148.2600453181976,145.28072230632586,145.8653564453125,9827500
2024-08-01,145.91326396739885,147.1767735469481,142.58369649881683,143.8695831298828,13797500
2024-08-02,130.0255590186302,136.07101762269454,129.2190864771628,130.67498779296875,20037500
2024-08-05,125.84045277516253,133.00021161434992,124.85885795635792,132.84629821777344,16630000
2024-08-06,134.0858207175518,137.0612192676299,132.9663991318857,134.16748046875,10732500
2024-08-07,133.6009440725498,136.3372354255171,129.2485471149789,129.79116821289062,10492500
2024-08-08,130.20147714394506,133.87302118502686,129.88067948445055,133.294677734375,9432500
2024-08-09,133.29465613123747,135.6956355541661,133.29465613123747,135.18716430664062,6295000
2024-08-12,135.16205081523913,136.3030557861723,133.46820984649625,135.0352325439453,5317500
2024-08-13,136.83273269420027,140.2600611757616,136.34349306775334,140.08377075195312,6582500
2024-08-14,140.25025903348873,141.75287661701668,139.68642920240157,140.2730255126953,4750000
2024-08-15,142.1349150748364,143.46831177706466,141.633902767037,142.71090698242188,5045000
2024-08-16,142.710894602582,142.78472089408933,141.0465004067672,142.0901336669922,4907500
2024-08-19,141.9982720355918,145.5033511642741,141.75955352423816,145.3549346923828,4952500
2024-08-20,144.9677943957849,146.04204263544958,143.92297781991851,145.37417602539062,4400000
2024-08-21,145.3741732865692,147.04445387603292,144.6140275658128,146.76803588867188,6540000
2024-08-22,147.334229305426,148.8557041295217,147.334229305426,147.94949340820312,4347500
2024-08-23,148.3888721775073,151.29242238061005,147.6094796502645,150.40310668945312,5582500
2024-08-26,150.85145211915398,151.49223856486094,148.60360705785806,149.11953735351562,5480000
2024-08-27,149.14427558695567,153.19080735469885,149.14427558695567,152.40042114257812,5907500
2024-08-28,152.26496199735632,153.5830512161924,151.5711685528243,153.05966186523438,5805000
2024-08-29,153.71774088569592,154.29765703559497,152.4330224642527,152.7679443359375,5600000
2024-08-30,154.31062423813285,154.70915747963056,152.56731090964513,153.49119567871094,5990000
2024-09-03,152.18685150440058,153.3419807787717,149.13212904842896,149.7434539794922,6917500
2024-09-04,148.2663440442462,149.53927475024625,148.00445465652325,149.17137145996094,5490000
2024-09-05,147.40764136406648,148.80622204051136,146.54383326806828,148.49093627929688,5307500
2024-09-06,148.64874174570664,149.3256484748752,145.65108486383446,146.8466796875,7077500
2024-09-09,147.56177571098215,149.90337866742743,146.34412716094937,149.66213989257812,6025000
2024-09-10,150.270949569547,151.02143343184062,148.67628771044144,150.91873168945312,4372500
2024-09-11,150.9651540726897,150.9651540726897,146.3740217397848,150.62945556640625,6135000
2024-09-12,150.901032553751,153.30639438602847,150.09465640005726,152.33079528808594,4655000
2024-09-13,153.32647799967242,155.00497096634896,153.26783846183565,154.7664794921875,3992500
2024-09-16,155.451631959857,157.40008284096263,154.6645320866379,156.59292602539062,4512500
2024-09-17,157.4193874712324,159.2883463626307,156.8290587631422,159.08921813964844,4347500
2024-09-18,159.38712324976632,160.32534081480776,158.14784135878932,158.5331268310547,3400000
2024-09-19,161.50284207167584,161.55124295758873,157.33437582315557,158.1084747314453,7465000
2024-09-20,157.79991999438946,160.07423598518645,156.85147889787285,159.93846130371094,11097500
2024-09-23,159.93848002966828,161.54651844021038,158.62718229451997,161.2399444580078,6342500
2024-09-24,162.4567939516607,164.613050430407,160.76060110763427,164.4072265625,5400000
2024-09-25,164.40721672480728,164.5469247335695,163.27655167302154,164.33401489257812,4917500
2024-09-26,165.69532407923052,168.15854500335323,165.16795856189353,168.00347900390625,5347500
2024-09-27,168.00620861528466,168.0841244232411,166.51268718200177,167.18328857421875,4065000
2024-09-30,166.0833356556911,166.40682890081723,164.62641503816215,165.76731872558594,5445000
2024-10-01,166.39223981268117,166.39223981268117,160.77237878714843,161.39378356933594,5962500
2024-10-02,161.39382303819082,162.48198726901182,160.2623772451075,162.33912658691406,4112500
2024-10-03,160.56777661106742,161.88773674588842,159.81924423248415,161.5170135498047,3015000
2024-10-04,163.9034718027056,165.1644019299252,162.70551987414643,164.8062744140625,4190000
2024-10-07,164.340716484643,167.50523961281377,163.69490095294012,164.1026153564453,4612500
2024-10-08,164.50325755544893,167.6516423147877,164.50325755544893,166.5961456298828,4022500
2024-10-09,166.43163590602933,169.41354474419026,166.36355339628204,168.91098022460938,3847500
2024-10-10,168.79292322381656,169.54067486664738,167.93656984262566,168.76222229003906,3110000
2024-10-11,169.22582052984808,170.349009257361,168.3544995482917,168.6248779296875,3125000
2024-10-14,169.12429317229402,169.94168862082526,168.6000803732084,169.13609313964844,3495000
2024-10-15,168.37379321250197,172.0267087840608,168.22266055265663,169.5316162109375,4570000
2024-10-16,169.24195069455462,171.42653584607007,168.39346404296066,170.69256591796875,3100000
2024-10-17,171.58710279877172,172.96256459662666,171.46983875049577,172.01095581054688,3717500
2024-10-18,172.01096353021987,172.2864462318502,170.58357280606128,171.22584533691406,3652500
2024-10-21,170.14005954894193,172.2211477161558,170.14005954894193,171.73353576660156,3307500
2024-10-22,170.4745642309875,172.96455273411752,170.43953964276616,172.286865234375,3105000
2024-10-23,171.35491435673686,171.9940341871694,168.0687887416993,169.73782348632812,4445000
2024-10-24,169.22897570068622,170.85078061998996,168.8059033364979,170.75003051757812,3995000
2024-10-25,172.1774106871574,172.1774106871574,170.57015329421594,171.1077423095703,3740000
2024-10-28,172.3738111257017,172.3738111257017,170.0160696513482,171.0987091064453,5382500
2024-10-29,170.49347831136265,174.76976618072953,170.49347831136265,174.2451629638672,5047500
2024-10-30,172.570987604953,176.22627537250628,172.570987604953,175.67727661132812,8017500
2024-10-31,186.30582075530745,191.13073118177817,182.7571983629511,184.0330810546875,12850000
2024-11-01,183.74774403161763,188.51440510108546,183.74774403161763,186.9004669189453,12992500
2024-11-04,187.80090330764477,189.88711044777406,186.0795343324905,187.97682189941406,5000000
2024-11-05,187.72259391824178,193.46878741086184,187.72259391824178,193.42825317382812,9630000
2024-11-06,198.2161425833643,199.15514056266196,194.49670653743198,196.82101440429688,6807500
2024-11-07,197.2944692413614,197.44402556370574,193.3519141728555,193.66004943847656,8380000
2024-11-08,193.73720145160624,195.8139657655733,193.73720145160624,194.5416259765625,7060000
2024-11-11,194.25549586589358,199.50700649923604,194.25549586589358,199.34800720214844,4385000
2024-11-12,197.9158859351402,198.7710682488166,196.62505065536993,197.67620849609375,7787500
2024-11-13,196.69550352630714,198.11070394490983,195.68605084247457,196.27992248535156,4982500
2024-11-14,195.12133483963206,196.5778502765223,194.88323369625726,195.6321563720703,6052500
2024-11-15,195.59355827351027,195.97843835297402,194.11775176995664,195.7978057861328,5890000
2024-11-18,195.56957950685984,197.93244055916108,194.05678155451,197.4739532470703,5730000
2024-11-19,196.53020111040001,196.53020111040001,194.2991817153314,195.86865234375,5115000
2024-11-20,195.46803251557404,197.52392924374973,193.11541012703796,197.4208221435547,4185000
2024-11-21,198.76635207955505,205.10406051451105,197.42120083610652,205.07493591308594,6067500
2024-11-22,204.74513994785755,205.2748624088915,202.31695884278312,203.7459259033203,6165000
2024-11-25,205.15677714146,206.10128485761095,199.67386135824904,201.0571746826172,11112500
2024-11-26,201.1032362007501,205.23550661238423,201.1032362007501,205.2244873046875,4067500
2024-11-27,204.16074025330525,205.82584189251088,203.1103629189201,205.55625915527344,4277500
2024-11-29,203.75419532616348,205.8258252233704,203.75419532616348,204.7230987548828,3317500
2024-12-02,204.8974544182685,205.95138974193105,204.05644396527393,205.60073852539062,5147500
2024-12-03,205.60071418111016,206.93562670548067,204.80927569822387,205.21109008789062,4897500
2024-12-04,204.64516983324904,206.5605626350602,203.1406290501483,206.34371948242188,5080000
2024-12-05,206.76562628801764,209.76131684002337,204.64519009030215,208.10604858398438,4592500
2024-12-06,207.3495511018332,210.3927928544201,207.3495511018332,208.93975830078125,4707500
2024-12-09,206.5612069365214,208.14983553874222,202.70118409413305,202.99761962890625,6825000
2024-12-10,203.95943603296885,205.917416880602,201.498433686064,204.4060516357422,6367500
2024-12-11,207.08624406682338,208.75096251444677,205.72468290262321,208.6504364013672,4910000
2024-12-12,208.92637862339512,210.3943756837731,207.17809640999445,207.70159912109375,3687500
2024-12-13,206.56118926068802,207.3657440752664,205.52049957043303,206.07276916503906,4102500
2024-12-16,205.2460826074348,206.22212561017193,202.666043072275,203.09730529785156,8562500
2024-12-17,202.1855716747708,204.0875831073872,201.43027987323052,203.2089080810547,5512500
2024-12-18,203.20888525968624,203.69414744334176,194.72923311097253,194.86720275878906,7907500
2024-12-19,196.98523044564706,197.91476235189015,195.00476838876477,196.3277130126953,6955000
2024-12-20,195.34340902159462,200.45935394496516,195.34340902159462,199.0157928466797,11595000
2024-12-23,199.7332384241133,199.91457641985863,197.30220552385833,199.58856201171875,4130000
2024-12-24,200.50112439077301,201.9466552734375,199.09855582639014,201.9466552734375,1965000
2024-12-26,200.8082160292069,202.06098044786052,200.7585469553396,200.88626098632812,1717500
2024-12-27,199.46555619917825,200.20035172296386,197.73620627231205,198.57427978515625,2912500
2024-12-30,196.80470350842904,197.74999484791974,194.65789577880363,196.74044799804688,3692500
2024-12-31,196.70617408476264,197.38537577222613,195.65207087029594,195.85548400878906,2632500
2025-01-02,196.7325614174461,198.6724221251947,193.02708024830895,194.1552734375,3532500
2025-01-03,194.64763571607048,195.60041574061066,192.32500884280105,193.31011962890625,4137500
2025-01-06,194.8403984340946,194.8403984340946,191.01192506247205,193.5442657470703,6955000
2025-01-07,192.4255170195793,192.73891487615148,188.7432989713517,189.06259155273438,5507500
2025-01-08,189.56718678990697,192.2611513554183,188.64475253474734,192.07115173339844,6657500
2025-01-10,189.5793836214058,190.6295468700459,185.2806255659294,186.83338928222656,7655000
2025-01-13,185.6799699337369,188.4508064291159,183.71013933542432,187.79327392578125,5247500
2025-01-14,188.50006457155527,189.57427289499674,187.2879016437987,188.3810272216797,5152500
2025-01-15,191.2555609608501,193.14023406711226,189.83565388769424,190.384765625,5757500
2025-01-16,189.9172311381674,193.22142005243884,189.14421011988108,191.77865600585938,4710000
2025-01-17,195.1293374197493,196.19210212065263,192.9395525128494,194.2147979736328,6502500
2025-01-21,194.16157423238687,194.5230471519364,181.92361515819886,184.7386016845703,10147500
2025-01-22,184.5474289731438,185.45211886150108,181.17108997904143,182.08958435058594,9322500
2025-01-23,182.14634513550314,190.10130612867357,181.6890678856396,189.93141174316406,10057500
2025-01-24,189.29515948323814,190.320074586754,186.21211343854517,187.832275390625,6000000
2025-01-27,183.57413855385843,188.47366244057423,183.57413855385843,184.3030242919922,7490000
2025-01-28,184.0956746918022,187.30526221871742,183.6975251169836,184.67042541503906,8275000
2025-01-29,185.49350752033183,187.00921876488434,184.83164418665723,186.1360626220703,4477500
2025-01-30,188.79612028815873,188.79612028815873,185.27630774834012,188.20443725585938,5925000
2025-01-31,189.05865345254634,190.39893644355953,185.7095324379553,186.75494384765625,6130000
2025-02-03,184.09922974806204,186.96388573452882,181.54637765597525,184.9944610595703,6290000
2025-02-04,184.1118374946405,186.40056969951212,183.53472588197985,184.4441375732422,6545000
2025-02-05,184.81823044798043,188.37589218880166,184.64635110779577,185.25027465820312,5465000
2025-02-06,186.48216197678542,191.06908497604306,186.45220715050704,188.41650390625,10700000
2025-02-07,192.56310538314744,199.96620342762884,191.93632467600327,192.66441345214844,10765000
2025-02-10,195.63038550454235,196.58788732353713,193.39446522366606,193.68972778320312,4795000
2025-02-11,193.00305004069298,194.4111224670553,191.72347360291707,193.05271911621094,4435000
2025-02-12,192.25288231877406,197.91478087739665,192.25288231877406,197.8142547607422,4972500
2025-02-13,199.4442565305205,200.21807444922155,196.48184171868928,197.44329833984375,5610000
2025-02-14,200.46840240182397,200.46840240182397,196.1361405774841,198.85060119628906,5062500
2025-02-18,201.37742090132048,203.60466444624447,199.4797405891565,202.69326782226562,6947500
2025-02-19,203.74735830156982,203.74735830156982,198.7961954815162,201.460205078125,4680000
2025-02-20,201.43615013126953,201.43615013126953,196.14676269761452,197.8189697265625,7540000
2025-02-21,205.5153827969902,208.21683629559882,195.91974694751514,196.7313995361328,18112500
2025-02-24,197.25801585151365,201.15784212978528,197.02582085746033,199.03506469726562,8755000
2025-02-25,200.64816556600053,200.64816556600053,195.20503371899315,198.43392944335938,8975000
2025-02-26,199.38673022148333,202.18555170800875,198.0858606351027,198.4623260498047,6430000
2025-02-27,198.76034552358394,198.91920235368443,193.8147011252092,193.873046875,5240000
2025-02-28,194.6622337453275,197.73147583007812,193.00501895906584,197.73147583007812,7635000
2025-03-03,197.73145866239804,199.25859838388615,193.71415864038767,194.97756958007812,8797500
2025-03-04,191.16446771282625,195.83692399221172,188.8473447958684,193.0952606201172,9742500
2025-03-05,192.94586857959627,195.10885672173194,190.88145166829295,193.84661865234375,5327500
2025-03-06,189.8474539916497,192.04314883797235,184.7323063514548,185.115478515625,7640000
2025-03-07,184.81447337981865,186.6583745596916,181.76225480164356,184.60235595703125,7422500
2025-03-10,181.03858135483827,181.03858135483827,174.03745631034732,175.8193359375,9020000
2025-03-11,173.80402425767147,174.96653386743188,170.17034731622985,171.96328735351562,10085000
2025-03-12,174.3961225869067,174.68447085171832,169.87880707628045,173.8241424560547,7642500
2025-03-13,173.0945633407602,173.8241435232101,169.0398014572537,169.67181396484375,7977500
2025-03-14,172.3018021412334,176.39013671875,171.9541899564298,176.39013671875,6322500
2025-03-17,176.73179747941745,182.00911628141807,176.24356732307905,180.2576446533203,7105000
2025-03-18,180.1087272683717,180.33743494554437,174.46169091279702,176.62831115722656,7152500
2025-03-19,175.70715379700815,183.18624752814696,175.70715379700815,181.3834228515625,6960000
2025-03-20,180.48044257423084,183.78508634370428,179.62050588516018,181.2704620361328,5982500
2025-03-21,178.99127363567285,183.48567072535684,176.06820602096346,182.3855743408203,14360000
2025-03-24,184.63395168360051,186.75830530682003,183.9731133259501,186.03781127929688,5800000
2025-03-25,186.54974056803727,189.39024847613453,186.54974056803727,188.7313690185547,6622500
2025-03-26,188.73492807886012,188.8929349877764,186.92025956523412,188.18824768066406,4482500
2025-03-27,187.23391317051417,189.89388708170796,182.25601731629064,187.73951721191406,4850000
2025-03-28,187.73952393645493,187.73952393645493,182.8730283572883,183.05630493164062,4635000
2025-03-31,178.6547277504471,182.73239417866984,175.4176352236252,181.97674560546875,8985000
2025-04-01,180.60132250377305,185.41568116345553,178.92846241982767,185.09097290039062,5550000
2025-04-02,182.66878016047136,186.8230837339511,182.66878016047136,185.231201171875,4835000
2025-04-03,177.328684171366,178.69225105055338,173.15028562418894,175.7996063232422,9857500
2025-04-04,170.73123657495816,178.27708336154265,169.22230529785156,169.22230529785156,12712500
2025-04-07,164.72161027502793,176.32851887247483,162.24608818010935,167.66836547851562,13960000
2025-04-08,172.816480609523,175.00877734188947,163.121794571514,164.48733520507812,8772500
2025-04-09,162.9874820876643,183.8293080994774,161.80443450729203,182.34841918945312,15065000
2025-04-10,178.76492568125883,180.07832984732994,172.77027681203592,177.54197692871094,10582500
2025-04-11,178.07838219107688,183.42915928485695,175.1837639738478,181.17169189453125,7625000
2025-04-14,185.72100895714962,185.72100895714962,179.6268336092951,179.99893188476562,7202500
2025-04-15,181.70340407121762,182.39544905346006,178.70528083158047,182.1951904296875,5392500
2025-04-16,180.67083923872872,182.80033122288057,177.4286235769492,179.36692810058594,6220000
2025-04-17,181.17368915316894,181.88509698376217,178.41061742377696,180.64952087402344,5420000
2025-04-21,180.38604058529324,180.8667667307422,172.66283895870674,175.2900390625,5887500
2025-04-22,176.37117901637595,182.03992919586054,176.05200084533527,181.62794494628906,5907500
2025-04-23,186.4371551174709,189.60393823277343,184.27133349732355,186.8795623779297,5947500
2025-04-24,185.89561770893042,191.3325111900454,185.32326078921622,190.70880126953125,5950000
2025-04-25,190.73445506775414,192.70119339511035,189.3491598172798,191.12234497070312,4740000
2025-04-28,192.76401539660176,194.1939432765498,190.56145693112498,193.1570587158203,5822500
2025-04-29,191.57861281412133,194.74381416945715,191.25548670554159,193.91864013671875,9307500
2025-04-30,186.92696780349706,202.09172735797756,186.55328736507013,201.42575073242188,11450000
2025-05-01,197.59377954400958,203.82108381833334,196.31908605601834,201.51068115234375,7790000
2025-05-02,204.57672061635333,206.46208972987816,202.17703800962727,205.51486206054688,6772500
2025-05-05,204.41676870065936,207.3793305658863,204.41676870065936,205.05352783203125,4812500
2025-05-06,205.0151854477942,206.03233036601813,203.5113925446371,203.9178466796875,4567500
2025-05-07,203.96800971506764,206.53201293526138,202.7426953022484,205.2557373046875,3935000
2025-05-08,205.44458728677336,206.91875598620936,204.0300591927872,204.0324249267578,5227500
2025-05-09,203.07807622876004,203.48573587289985,199.00515646930054,200.3695068359375,5710000
2025-05-12,204.58700509705636,206.5893049607476,201.00073341368164,205.20639038085938,7345000
2025-05-13,203.91745578003696,209.45744645897108,203.48255256596678,207.86990356445312,6340000
2025-05-14,207.71624225745822,208.90876785325216,204.71536199403016,206.05799865722656,4887500
2025-05-15,205.95612490854344,208.77885233514945,205.76019090653543,206.89505004882812,3890000
2025-05-16,208.05632688204952,210.63533798342704,206.2345614418229,210.0286102294922,5012500
2025-05-19,209.94766731868765,212.51364470504865,206.47989328872933,212.4354248046875,3967500
2025-05-20,210.65708119597275,212.31571662188716,208.95934335776982,209.77621459960938,4460000
2025-05-21,208.82503532028758,210.70092642810138,207.81381229909525,209.090087890625,3272500
2025-05-22,209.25520584181032,211.40050442000418,208.798182249389,211.0098419189453,3400000
2025-05-23,208.5931916979344,210.82537464044344,208.27442035688674,210.64999389648438,3810000
2025-05-27,211.60272175907778,216.139791879556,211.60272175907778,215.3481903076172,6442500
2025-05-28,215.34822753243506,217.45204310664636,215.34822753243506,216.2772979736328,4715000
2025-05-29,216.46450369681702,217.63649121666796,214.72291680133435,217.33352661132812,4840000
2025-05-30,217.649538304434,218.53831590216402,216.34838465738338,218.00228881835938,5817500
2025-06-02,217.2545303279908,219.00955826557342,216.11927945165698,218.79150390625,3417500
2025-06-03,217.81110397717165,219.6423628611305,215.85779130435355,216.26979064941406,5310000
2025-06-04,216.21960161945452,219.6293171815809,216.20775788204682,219.50607299804688,5230000
2025-06-05,220.21707826398034,222.7727788649932,219.2295577336486,220.0401153564453,4642500
2025-06-06,222.2021661409474,222.82656026948007,219.75797844934303,222.16456604003906,4352500
2025-06-09,221.63395269529164,222.52107960199717,218.75530346814588,219.18898010253906,4982500
2025-06-10,218.8146752247637,219.45490341675318,215.0682799213238,217.15396118164062,4465000
2025-06-11,217.15474718406122,217.3624760490885,213.2750083644352,216.29530334472656,6570000
2025-06-12,216.24941196961126,217.15475786470495,214.69395107257213,216.1239776611328,4832500
2025-06-13,211.4963868832446,212.6181711081541,208.6220846189787,209.65167236328125,6550000
2025-06-16,210.7042155696424,212.86903660077235,210.23096144160485,212.44761657714844,5607500
2025-06-17,210.2107745064943,213.25165823434588,209.12222815480936,209.75732421875,4905000
2025-06-18,209.98880028898293,211.769408928755,208.81874426117324,209.17208862304688,4525000
2025-06-20,212.80215007037637,212.80215007037637,208.72654650437897,209.87522888183594,11047500
2025-06-23,211.3119895602554,211.69422456847715,207.16950275295108,211.03817749023438,4390000
2025-06-24,213.27699339112118,218.34894694575442,212.82194308455382,216.9264373779297,5850000
2025-06-25,216.25058826897776,218.50919056066934,215.25543087958957,217.0498809814453,4432500
2025-06-26,218.4470821372257,222.87683028846308,217.68695927151535,221.42820739746094,5482500
2025-06-27,222.28885040929077,225.99764572603002,222.1262084432993,225.2715606689453,7440000
2025-06-30,225.70562398969926,229.46112122745353,225.20784147312312,229.07452392578125,7192500
2025-07-01,227.1577998481848,229.33290014832266,224.80265377164136,226.75933837890625,5652500
2025-07-02,225.14769228169098,225.9473774779569,223.16924161170908,225.61302185058594,5285000
2025-07-03,225.4361428854849,227.9333421043743,223.68323247566846,226.2081298828125,3280000
2025-07-07,226.54762758324082,230.1302032470703,225.85715025628548,230.1302032470703,4400000
2025-07-08,230.09381578208811,231.0596900967763,224.6728501531756,226.07083129882812,5922500
2025-07-09,227.9281913517341,228.1944864087027,223.6883761569298,224.27874755859375,4625000
2025-07-10,226.41864073808523,228.16640399984186,224.1248231554751,226.2758026123047,4230000
2025-07-11,225.25136476702616,226.5480324731905,223.9863348834559,226.2200164794922,3772500
2025-07-14,225.43891715038143,228.31084961285217,225.10931623980665,228.15652465820312,3352500
2025-07-15,227.2689829797929,229.10459554037638,223.1692434807229,224.5751190185547,4092500
2025-07-16,223.68202255646796,224.64711188844532,222.5843894794901,223.8865966796875,4225000
2025-07-17,223.82209869976526,226.27221835784496,223.42245991177046,224.9078826904297,3537500
2025-07-18,227.5055882001216,227.5055882001216,224.91026052012197,225.65811157226562,3677500
2025-07-21,224.15848039535902,226.19628229259985,223.56296175700874,224.6392364501953,3907500
2025-07-22,226.33478440393696,228.9463389699893,224.65310416951536,228.53204345703125,3590000
2025-07-23,228.15217072316918,228.2965937593953,224.75199539255334,226.98052978515625,3737500
2025-07-24,227.36117800086453,227.87121712646046,223.33226136255604,223.56492614746094,4312500
2025-07-25,224.6930381924971,224.76307612021645,222.54444362713485,222.86337280273438,4620000
2025-07-28,223.12214823789373,224.94983624218693,220.91894222815964,224.70252990722656,5640000
2025-07-29,225.3850977606307,225.3850977606307,219.2772320447173,221.22125244140625,8110000
2025-07-30,217.23389585369327,225.20981213983606,214.94086312909326,222.09732055664062,9285000
2025-07-31,222.57571492046714,224.13513058915123,217.37950420608854,217.7902374267578,7210000
2025-08-01,216.81721659968602,216.81721659968602,211.26370733651453,213.1301727294922,4990000
2025-08-04,214.14751005912223,216.87817427354344,211.2755926208248,216.68348693847656,5922500
2025-08-05,217.78507621144115,217.92634452074932,214.06005474465115,215.96214294433594,5545000
2025-08-06,216.61939484948851,219.1660585352766,214.26622604141278,219.0663299560547,4975000
2025-08-07,219.60801518322708,221.19078169076815,213.89702628718507,214.9428253173828,5065000
2025-08-08,215.8101980223257,215.8101980223257,212.34434690882128,213.9065399169922,4720000
2025-08-11,212.9540888381381,214.93213181562922,211.65819106449894,212.25807189941406,4372500
2025-08-12,212.25808655941515,216.37009773989055,212.25808655941515,216.1077423095703,3612500
2025-08-13,216.97036060196518,216.97036060196518,213.79850285351452,215.56881713867188,4762500
2025-08-14,216.3237902215902,218.39326001891098,214.4213246535116,217.0269317626953,4495000
2025-08-15,218.2009744836207,218.2009744836207,215.14544892941862,215.82089233398438,3950000
2025-08-18,215.61313199993995,219.04930741811378,214.44506843387703,218.89578247070312,4237500
2025-08-19,219.1775192430058,221.68816760804086,218.66431029446258,220.95654296875,4995000
2025-08-20,220.95336183012645,223.480628979003,220.8853012704076,223.1605224609375,4387500
2025-08-21,223.47947091618605,226.12702540844336,221.55007690073955,225.96835327148438,3907500
2025-08-22,226.5413074575094,229.30243191142782,224.1604406365047,226.36917114257812,4887500
2025-08-25,225.86704466773634,228.4904782199718,225.54813059257248,225.68582153320312,2890000
2025-08-26,225.57781764440531,226.65765459945027,223.3132830663343,225.7681427001953,4272500
2025-08-27,224.60125559359477,225.2664046043462,220.83704894894413,222.20692443847656,3780000
2025-08-28,222.77354607245553,224.18695371765997,221.38863661852113,223.6436767578125,4197500
2025-08-29,222.9373608597904,222.9373608597904,221.1017483217867,221.54888916015625,3472500
2025-09-02,220.68905401603203,220.68905401603203,215.92691274144966,217.84918212890625,6115000
2025-09-03,218.61324712626694,221.464590578993,217.03602027877116,220.91180419921875,4745000
2025-09-04,220.39941354938443,221.52712985765936,215.80743111211572,221.0269775390625,5510000
2025-09-05,221.7329081656744,224.04930301860185,216.22056671536762,218.234130859375,5060000
2025-09-08,219.13351432879946,223.49398640377814,218.39982873426513,220.76695251464844,5350000
2025-09-09,219.85925650146118,222.1435508540889,218.69789133845077,220.85137939453125,3970000
2025-09-10,220.5410156016481,220.5410156016481,213.05752261621467,217.0057830810547,6242500
2025-09-11,217.00580546945434,219.4708337903502,214.43691533710253,217.92498779296875,4495000
2025-09-12,216.4584085562984,218.79700025470135,215.53446335652723,216.3521728515625,3220000
2025-09-15,218.0042540663274,220.3824762443584,214.99183829946367,220.37574768066406,4127500
2025-09-16,221.03965123315945,221.03965123315945,215.23161597197077,217.01370239257812,4307500
2025-09-17,217.76009368444917,220.2794342940359,216.21899552871483,220.1327667236328,5287500
2025-09-18,220.26356741995713,221.48240513971103,214.46821776836737,215.74017333984375,5870000
2025-09-19,215.94151757702187,216.64310259369196,214.0405245891807,215.802001953125,10512500
2025-09-22,214.0405363265236,217.10646301749813,212.8514252598942,216.3050079345703,5360000
2025-09-23,215.0314492923724,218.70105639494588,214.98825040533382,218.36175537109375,4477500
2025-09-24,219.1168710565784,219.1168710565784,215.17019800369343,219.0189666748047,3805000
2025-09-25,218.91551497168493,221.26202975650855,216.1809510632913,221.0059814453125,6130000
2025-09-26,221.11378292962968,221.43761584056307,217.2884055517714,219.90682983398438,4057500
2025-09-29,220.8446541333718,221.41503979240255,215.9443241632219,216.2130584716797,5932500
2025-09-30,215.11074156307242,216.34385290356866,212.0959368244666,214.0115966796875,4937500
2025-10-01,212.13796623125015,213.0587361808172,208.09497630572332,212.0808868408203,8105000
2025-10-02,211.08319247038483,215.26769348243474,210.11644158254023,215.01361083984375,5212500
2025-10-03,216.00138560958325,216.64944454750233,212.85657603881558,214.7559814453125,6740000
2025-10-06,212.7737357888121,222.9545362694913,208.49450546366435,214.828125,8847500
2025-10-07,214.92126855627924,214.92126855627924,205.637468666489,207.77786254882812,6615000
2025-10-08,207.0247597431018,207.6284404134794,202.54575913643268,203.38726806640625,7227500
2025-10-09,201.46723070714282,206.54236672586643,199.72240085209594,205.79322814941406,5562500
2025-10-10,205.88360133318187,207.69778830004432,203.37218401355307,204.7230224609375,4922500
2025-10-13,206.26530880277022,208.6217424649738,204.90219255854478,208.24757385253906,5117500
2025-10-14,206.49681950558116,210.8010139117126,205.95457284184423,209.28964233398438,5175000
2025-10-15,209.7589489895236,209.7589489895236,200.68284178288988,201.39076232910156,6875000
2025-10-16,200.55164277511312,201.66147784642845,195.4432110492418,196.29541015625,7642500
2025-10-17,196.16022194229274,201.50053931450375,195.15542813522865,200.96107482910156,7307500
2025-10-20,202.3792878438809,205.04290694598774,201.37369266671502,203.8094024658203,7477500
2025-10-21,203.73487832723424,210.46882446165495,202.50612170867808,209.5218963623047,7612500
2025-10-22,211.18505038323144,211.18505038323144,206.37707635137318,207.32559204101562,4895000
2025-10-23,208.4120534349451,208.4120534349451,201.37645625015963,201.8905487060547,7767500
2025-10-24,203.33850555428066,205.1645923370676,201.35664874552478,203.9790496826172,5637500
2025-10-27,207.49208579107872,208.62768587258267,206.2252862806867,208.2693634033203,5372500
2025-10-28,207.72158959410115,209.0859003996568,202.96473693847656,202.96473693847656,10177500
2025-10-29,206.11350458207073,206.90585721293874,195.33735457451468,201.1925506591797,11540000
2025-10-30,200.69828783660623,209.2745758350834,200.36573045705558,201.364990234375,8150000
2025-10-31,200.76882823788404,202.5390301326911,199.35576942143206,201.26707458496094,4430000
2025-11-03,200.70660467783793,201.56394461679176,197.52334401809512,199.39659118652344,5672500
2025-11-04,198.1262316029592,201.35665282332022,196.34414505350261,197.85906982421875,5670000
2025-11-05,197.43297861908974,197.74928159441225,193.70629179267405,194.66392517089844,6372500
2025-11-06,193.42923010581646,195.4110870026391,192.45416292361583,194.184326171875,7330000
2025-11-07,194.9136239794833,198.7572363331936,194.4221213372053,195.8074493408203,6785000
2025-11-10,196.4440253478193,199.5163025653756,195.93706966859497,196.53677368164062,6580000
2025-11-11,197.1154720021248,201.03479213352642,196.53677018972266,200.19329833984375,5090000
2025-11-12,200.36571467189825,205.44283152687083,198.90826248996123,205.14515686035156,6045000
2025-11-13,206.48371257604157,207.53370115752097,200.68679036310877,201.18264770507812,7342500
2025-11-14,201.4220582849228,203.2937178444744,198.9986413981916,200.08865356445312,5137500
2025-11-17,199.37479912663616,201.71497848876186,189.18805597190527,190.41720581054688,10437500
2025-11-18,190.18650839510596,192.73240028468143,188.4793432946307,189.58482360839844,8140000
2025-11-19,189.07507757098006,189.80201945108684,184.8097279072122,185.92868041992188,8655000
2025-11-20,185.22433663428401,186.59182267898206,181.18610982170551,181.6609649658203,9042500
2025-11-21,182.3506360973374,190.2447677155853,182.3506360973374,188.98985290527344,11915000
2025-11-24,191.58173089296972,194.2219586259995,190.70415992273072,193.24569702148438,10055000
2025-11-25,193.5287218338545,196.29381379769262,192.91435103529227,194.4693145751953,8380000
2025-11-26,194.20729979872198,196.20382335672548,193.80022926640217,194.69166564941406,7092500
2025-11-28,194.40706305905485,196.30211376257392,193.6333538849553,194.80422973632812,3332500
2025-12-01,194.69761458212588,196.05122016250473,193.63415374250224,193.8973388671875,6165000
2025-12-02,194.42015385850473,205.17053880318127,194.34128602003312,203.5394744873047,10837500
2025-12-03,201.8707397110502,204.8098367231302,199.85678237735334,200.05694580078125,5130000
2025-12-04,200.76210154564018,201.41967121030368,198.97366447106037,199.26380920410156,4657500
2025-12-05,199.97904339781428,206.48840867847161,199.33331974300353,206.38992309570312,7595000
2025-12-08,206.05473523018162,206.88275034247837,203.31731790519902,205.6095428466797,7600000
2025-12-09,204.6802630607599,207.64681340085784,198.65182785929085,206.3390655517578,8492500
2025-12-10,205.4550578411631,213.08351623349944,201.13388774677043,209.5732879638672,11445000
2025-12-11,209.5423175559538,212.8535902752818,208.0971655274256,209.67178344726562,6167500
2025-12-12,210.8329781813754,212.7832833853356,209.96604457460649,210.5438690185547,5045000
2025-12-15,212.77773275189733,217.82564500294404,212.3246172922372,216.74148559570312,9157500
2025-12-16,215.44286215848828,219.22155100999453,215.19982200596166,215.91664123535156,5717500
2025-12-17,215.45321110561704,216.4936799731995,211.83614980346852,212.106201171875,4462500
2025-12-18,212.02120535039205,215.51316362174737,211.77895295143307,212.2845001220703,4870000
2025-12-19,212.0795754813309,215.83999443252415,211.5732405475383,214.20144653320312,11570000
2025-12-22,215.96232889883112,217.23037056777656,214.05294170995438,214.7276611328125,3375000
2025-12-23,214.28206274752858,216.0909948410061,214.1434618303024,216.00958251953125,3017500
2025-12-24,215.20538490402026,217.50872931865695,215.12397258721344,216.29708862304688,1320000
2025-12-26,215.8908326896071,217.905067964559,215.04574434975856,216.04412841796875,1740000
2025-12-29,216.1731910894374,216.91224952499084,214.6005577567252,216.0913848876953,2622500
2025-12-30,214.97585531506815,216.6457774619967,214.97585531506815,215.52825927734375,3387500
2025-12-31,215.04613294358214,215.99526662647082,212.57916101201855,212.67605590820312,2822500
2026-01-02,212.7340567528676,212.80434948864556,208.54551865828986,211.40008544921875,4250000
2026-01-05,210.20869733233548,216.24507081077306,209.74564393978588,213.15420532226562,4462500
2026-01-06,212.4763041868818,213.18200385783356,209.32787137845605,212.40045166015625,5365000
2026-01-07,211.32901517172638,217.38444681525945,211.32901517172638,216.26573181152344,4515000
2026-01-08,216.07828131605544,216.71329438410513,212.78211249831602,216.2371368408203,4020000
2026-01-09,215.048131693732,219.1695433465466,214.1720630068562,218.10801696777344,5122500
2026-01-12,216.60249248324254,216.60249248324254,212.89409615317877,214.11328125,4475000
2026-01-13,213.1367447877092,215.15575217339472,209.20872906061888,211.06292724609375,4730000
2026-01-14,208.99070123276948,209.69640087871153,200.84795474383927,205.99197387695312,6202500
2026-01-15,206.15598951353425,207.59995985693618,204.24976868660156,206.23184204101562,4742500
2026-01-16,206.23185375921133,207.61942335065612,202.67754076613122,203.16799926757812,9327500
2026-01-20,199.0442022992187,200.84478712313702,196.67610966678583,199.63711547851562,7160000
2026-01-21,198.95127236319598,205.6687128258667,198.6327735533037,205.0623016357422,6820000
2026-01-22,206.8215880934081,208.43789682646596,203.29348360072723,204.5575408935547,5565000
2026-01-23,201.235168743383,203.72080476238133,201.235168743383,202.47659301757812,5192500
2026-01-26,203.08538490619543,204.9983470866728,202.0306000353755,202.82525634765625,4517500
2026-01-27,202.82528268765736,204.9566828413703,202.0711354944638,204.65724182128906,3910000
2026-01-28,204.97573004665486,206.99831268964874,201.2653490751568,201.94920349121094,5015000
2026-01-29,202.77522768286076,204.43284855960496,200.55090192161524,203.0651397705078,6107500
2026-01-30,201.92298854404345,202.55322957720307,196.77022802554313,198.63792419433594,6772500
2026-02-02,199.95480704227057,203.78950301749504,197.7705966221578,203.41976928710938,5405000
2026-02-03,200.930161395146,203.13185407269853,183.28291279048304,184.45245361328125,15850000
2026-02-04,180.85288097818753,183.9854374230396,173.24784308432794,182.96282958984375,15347500
2026-02-05,184.63672820042586,186.53342008086912,175.99676645964087,176.46141052246094,9667500
2026-02-06,176.47531230101717,179.65910371146845,173.5127309256124,177.00747680664062,13297500
2026-02-09,175.47931235451617,176.27713488983338,167.55815440014683,168.26583862304688,16940000
2026-02-10,167.56968858164666,173.94281591508394,165.83660903826717,170.0167999267578,14335000
2026-02-11,168.92230526529315,173.85544639881704,166.7738320497102,171.2598114013672,16720000
2026-02-12,169.87064439463902,174.14177625312487,164.4057328784275,165.1702117919922,17067500
2026-02-13,164.96768081989404,166.47676277060867,161.69532688442297,164.43551635742188,15562500
2026-02-17,164.06183689690405,165.52803126468962,159.66758649236007,164.41766357421875,12257500
2026-02-18,163.07179048313327,170.5406060261629,162.82319051830243,169.57400512695312,16902500
2026-02-19,162.38117120739346,164.47286484516846,153.72930204935437,159.1477508544922,22657500
2026-02-20,159.34712042271303,162.02775843926455,156.80827983724254,161.90145874023438,20137500
2026-02-23,160.91219068959666,161.23465861308756,149.5372051326833,153.72216796875,19445000
2026-02-24,154.4834719233466,162.14807696862718,154.08633310147113,161.57461547851562,20127500
2026-02-25,161.90978580415955,165.98035627273484,160.75175844550515,165.32510375976562,18732500
2026-02-26,165.98036263259533,170.4520563400081,165.32907921030218,168.79046630859375,18872500
2026-02-27,166.5443069158393,168.49223394456175,165.20597248723786,168.35720825195312,23010000
2026-03-02,160.83752841323417,167.57166308308615,159.96383822593083,165.99147033691406,13575000
2026-03-03,163.42087138858204,166.55938147657815,161.76602281844544,164.9625244140625,10957500
2026-03-04,164.65117029233429,171.66885448519992,163.99470584312505,168.92230224609375,10470000
2026-03-05,179.14918637962995,184.033486185512,177.60435202718847,183.20706176757812,20312500
2026-03-06,179.83251169470373,182.48979267292071,177.29583607975783,181.1233367919922,9555000
2026-03-09,177.59198613253986,178.67503547066121,172.74750062770576,176.75531005859375,12960000
2026-03-10,175.63325001114714,176.4054402294219,170.53958232663084,174.01205444335938,9612500
2026-03-11,174.2413109248143,176.5101131068156,170.19447916542578,172.04774475097656,6420000
2026-03-12,170.13675035980583,173.07267019566564,167.70595182836345,167.87989807128906,6462500
2026-03-13,169.37891174820186,171.95142147116127,168.57567054946807,168.81729125976562,5725000
2026-03-16,169.7825186883549,172.71682916807035,169.24238338991083,170.87750244140625,5045000
2026-03-17,174.23612786631145,178.1340969781541,173.3047349632445,176.82058715820312,8277500
2026-03-18,175.21531189643363,178.21530790095628,174.30101597577277,174.39495849609375,6447500
2026-03-19,174.32131269324333,176.5972816297082,169.56758137183925,170.92807006835938,5987500
2026-03-20,170.8918410652664,172.31721037650487,169.49712795957353,172.11221313476562,11935000
2026-03-23,175.44377188450545,176.82972384955164,173.86276811132385,175.00791931152344,8345000
2026-03-24,173.73899881601727,174.82882010622598,169.76222536459292,170.78318786621094,8577500
2026-03-25,171.09325733888417,174.1362388070185,166.4640943166847,168.6775665283203,6237500
2026-03-26,168.2950421147182,170.16024207235137,166.54646934893935,167.72267150878906,8120000
2026-03-27,167.13517956280748,167.36125198541,160.419906951491,161.68765258789062,8975000
2026-03-30,161.80151327142138,165.7249458740066,161.2044536657833,163.89158630371094,10225000
2026-03-31,164.66735649841283,168.76713432578916,161.82220552457946,167.58575439453125,9462500
2026-04-01,167.844872604317,169.1711216326243,161.25299919967057,166.56040954589844,8807500
2026-04-02,164.94558395092466,167.28404962185982,161.82180924485692,166.94850158691406,5852500
2026-04-06,165.43357901781863,175.96162454519578,165.43357901781863,175.32476806640625,8190500
2026-04-07,173.5634605529372,175.01629750024563,168.8765988128843,172.5584259033203,9117800
2026-04-08,180.18079328702154,185.73337718525656,179.2055950222398,180.1111297607422,8876800
2026-04-09,179.1459062123124,180.09123790895046,172.96641082635443,175.73275756835938,7232500
2026-04-10,176.28005132504765,178.5289627063954,170.70756073774888,172.60818481445312,5118300
2026-04-13,169.87168562891586,176.8870524085693,169.75226459875756,176.3795623779297,5825300
2026-04-14,177.3846044371972,181.65354582743146,177.12588669809637,180.23056030273438,5523000
2026-04-15,182.42971075300258,185.68365679362864,181.43462152084777,184.7781219482422,5933400
2026-04-16,185.6537949685147,187.24592854077835,183.23572037374558,183.65365600585938,5853000
2026-04-17,187.63400784445858,191.8133792410258,187.07676034943032,191.0670623779297,7881200
2026-04-20,189.66400485048723,191.96265843982547,188.16141046255083,191.08697509765625,5372200
2026-04-21,190.5098284889613,192.9677000816722,188.24102627782145,189.9227294921875,4282700
2026-04-22,189.6241801494003,190.07196721632613,177.02634825460433,178.51898193359375,9374700
2026-04-23,178.0314153950593,179.61360360540797,173.6729197672962,175.88201904296875,6009900
2026-04-24,175.77256483994114,181.19579822576804,175.33472313970876,179.36483764648438,6320600
2026-04-27,177.4144468878006,180.5788384412019,176.24024891938512,176.6482391357422,5734300
2026-04-28,177.1159417800637,178.06127353456247,172.15044093657175,172.52857971191406,10931200
2026-04-29,163.73196611358875,175.96162057281532,163.42349089886875,173.1256103515625,12303600
2026-04-30,173.52365962157276,175.0759963447528,166.37891126721962,167.53321838378906,8644800
2026-05-01,168.19992223228274,170.73740266827195,167.3242388984246,168.79698181152344,5444300
2026-05-04,169.16516878710507,170.02094613067646,164.39869806511825,164.76687622070312,5568200
2026-05-05,164.43849130240855,168.24968478370414,163.2443872919006,166.8068084716797,8002100
2026-05-06,172.3792842494933,174.65804684046935,167.39389321744252,167.493408203125,9043500
2026-05-07,167.4237542946525,172.86689331614699,166.72719490642362,170.43887329101562,8120900
2026-05-08,168.36908874108332,169.72241065350778,164.80666760126218,165.11514282226562,8861000
2026-05-11,163.29413484360157,164.4981842066497,155.3035702202626,157.0250701904297,10544300
2026-05-12,157.6519851555307,160.39844124790636,157.08479216940347,159.7715301513672,6892500
2026-05-13,157.42310768536527,158.15947915619557,154.0099590331805,154.2686767578125,6829800
2026-05-14,154.1691616124633,157.41316210413453,153.21388448872239,153.72137451171875,5678600
2026-05-15,154.1791124182259,155.88070632962655,152.29839456760382,153.3730926513672,6777000
2026-05-18,154.87567987733738,156.05983843484984,152.36805088400843,154.30848693847656,6976300
2026-05-19,152.61682958211253,160.1198108417048,152.61682958211253,153.7810821533203,8389800
2026-05-20,152.69643283766825,157.45295794084717,149.4026900553264,156.1792449951172,8111300
2026-05-21,154.48759059906422,159.63219968455172,152.75613001118626,158.8958282470703,7470500
2026-05-22,158.39828574151616,162.00051883804042,158.21917698035514,160.26905822753906,7379700
2026-05-26,162.05027505057453,165.42362668044558,161.313903609299,162.49806213378906,6369700
2026-05-27,164.19966672766978,169.67265743772504,164.189721301658,167.5431671142578,9931800
2026-05-28,166.28935508207346,169.10545931071542,165.79181048727148,168.98605346679688,7322100
2026-05-29,169.4537439866692,169.6627194128843,166.3988278435796,166.6077880859375,8488900
2026-06-01,167.86159100684515,170.4090167993633,164.0802492031393,168.41883850097656,6638700
2026-06-02,166.7172363103588,167.40385028128208,161.62238451337785,166.3888702392578,7011700
2026-06-03,164.89623551532256,167.59291870351822,163.6424134246454,163.97079467773438,6981100
2026-06-04,167.67253035427555,170.37917419547443,165.54304007167048,166.66749572753906,6666200
2026-06-05,167.1363461627332,171.50579848232334,164.49273678610203,165.44044494628906,7810300
2026-06-08,165.15115125180793,166.32830102699123,161.80921615970635,161.9089813232422,6621000
2026-06-09,162.21824471674537,168.48311388209234,161.19072738441167,163.5949249267578,8153200
2026-06-10,163.70464611332503,163.70464611332503,158.84636887069922,160.2529754638672,6791900
2026-06-11,160.27294330630892,164.60248377162128,157.73905412270116,163.1958770751953,8094500
2026-06-12,165.80957766613972,168.03420094298662,161.3004628764622,164.54263305664062,6491800
2026-06-15,168.61279821687725,176.3740532822037,168.61279821687725,174.21925354003906,9471700
2026-06-16,175.29664611816406,176.28426643107454,173.68055398978936,175.29664611816406,7444100
2026-06-17,174.35891176224555,176.15457817410726,170.28873963603468,171.2165069580078,5895000
2026-06-18,172.24403469530264,174.02971556604084,169.87973410008888,171.36614990234375,18363000
2026-06-22,169.0816716174155,170.58802825836347,163.73458427482197,167.36581420898438,8274700
2026-06-23,167.16629499878022,169.70016889271082,165.45043763236018,168.53298950195312,9166100
2026-06-24,170.75760735809547,184.44455370651494,170.59798918433486,180.81332397460938,13956100
2026-06-25,180.76343908669202,182.73866449019548,176.13461866086948,176.62344360351562,10844600
2026-06-26,176.9825815005629,182.848404855362,176.49375654515168,181.0228271484375,12746700
2026-06-29,184.55429170895925,186.0506778579508,181.35201865242541,181.9705352783203,8451400
2026-06-30,179.87559772651457,180.9430272069739,176.27429426928916,177.8105926513672,6582000
2026-07-01,179.4466365827459,185.00320938017884,177.09232170413162,182.19998168945312,7100800
2026-07-02,183.90587090070036,185.97087595058696,181.2422900572675,184.1153564453125,14188400
2026-07-06,185.04311836648003,186.43973936290914,180.1349735792798,180.59385681152344,7362100
2026-07-07,184.35478231610128,187.85632053337727,180.46416907487819,181.5116424560547,5369500
2026-07-08,178.95780562909144,179.44663058087914,172.33380359891717,173.87008666992188,5003400
2026-07-09,171.86493785357814,175.22681390121073,169.89968280501412,175.09713745117188,4613000
2026-07-10,175.40639035121958,179.60623905084182,175.40639035121958,177.96022033691406,3975400
2026-07-13,178.05000086836134,180.20480063931907,174.08956419358321,175.37646484375,5079900
2026-07-14,170.75761467030188,176.4538648113401,170.75761467030188,174.4287567138672,5409800
2026-07-15,174.8776727752674,182.69878110538036,174.77790760503538,182.35960388183594,6800500
2026-07-16,184.10538441453252,185.47207893376859,179.55637282107952,184.1652374267578,5880000
2026-07-17,182.78854775024917,183.9158301619517,178.32931590706815,181.24227905273438,7196000
2026-07-20,180.95299830484956,181.79097094070522,176.93270851636925,179.01766967773438,4059300
2026-07-21,178.5487871515398,180.12498235416723,176.6733269032456,178.9677734375,4039400
2026-07-22,177.54123889463435,179.9354507662912,175.96504357734955,177.43150329589844,4851000
2026-07-23,173.65063806851416,175.37646589239318,170.60798308050022,172.4136199951172,4669300
2026-07-24,174.17936039597083,179.8656249320396,174.07959522680056,177.032470703125,5012000
2026-07-27,180.23473018060187,186.8886590701169,180.15492108899713,186.33998107910156,5665000
2026-07-28,189.02349939348022,199.49820273095278,188.0259085994352,198.82981872558594,9074000
2026-07-29,195.96674101684516,204.11705610228387,194.8693850377905,200.81503295898438,7906000
2026-07-30,196.52538037015748,199.41838749491754,189.69187755273967,192.77444458007812,7597000
2026-07-31,191.14837153890156,194.49030676823529,190.35029586392346,192.4352569580078,4599800
2026-08-03,197.74244730346842,198.94952363315238,190.60967925489265,192.2457275390625,7057500
2026-08-04,192.36543822980744,194.67984099969937,189.91135813299795,193.80197143554688,9369600
2026-08-05,207.23950678833648,210.96051600397954,201.64302210156882,206.521240234375,10654000
2026-08-06,206.95020335280824,211.30968539313753,205.32414073956664,206.89035034179688,6867400
2026-08-07,206.7506878446117,215.1703564099721,206.66090832826728,213.90341186523438,7207600
2026-08-10,213.4145845882062,214.93092680989352,208.70597019185703,212.36712646484375,4705300
2026-08-11,209.49406651217922,213.84356297817033,208.2670340990613,212.35714721679688,3496500
2026-08-12,209.06510506425846,212.3571424290348,207.49888024812032,211.7486114501953,3998200
2026-08-13,212.4868420657371,213.86352225157808,208.02760993701787,212.82601928710938,3684100
2026-08-14,212.04789818360567,214.4121835104649,211.1999551361379,211.54910278320312,4105500
2026-08-17,210.3220610560237,212.97565612206049,203.52847043860447,204.2666778564453,5954900
2026-08-18,205.25429885699398,211.13010782414057,204.31656110712908,207.74827575683594,4536300
2026-08-19,207.69839297747785,215.89859023414434,206.94022948057457,212.48683166503906,5144600
2026-08-20,211.48923778031764,212.4868285245644,209.0052313472135,209.36436462402344,3852800
2026-08-21,209.53396127763068,211.12014219069047,205.79299584291607,209.11497497558594,4502800
2026-08-24,210.3320295782048,214.53189332344252,210.28214699641768,212.84596252441406,4911300
2026-08-25,213.5841899662849,216.79643346375497,211.3595515891121,213.26495361328125,5530500
2026-08-26,213.93333621912737,215.07058908080086,207.558731848321,208.38673400878906,4008900
2026-08-27,207.0599449903534,207.25946010689012,201.2739152786223,202.07199096679688,5418300
2026-08-28,203.08953362678113,207.0599406848048,202.5707821569503,205.1345977783203,3591700
2026-08-31,203.4885700354673,203.4885700354673,198.37093950916966,198.6103515625,5055400
2026-09-01,197.9219987861419,200.94469754202444,194.6798288474141,195.21853637695312,5301200
2026-09-02,196.19617647138412,200.13665699985307,195.25843870459343,199.11912536621094,4845800
2026-09-03,200.10673407118094,202.77029966925636,194.21096881486525,194.65989685058594,7376000
2026-09-04,193.52263600873448,195.07887515073963,191.7269696056413,192.82431030273438,6320100
2026-09-08,191.11843832295787,191.53742461265483,179.09746670260202,179.86561584472656,10892400
2026-09-09,175.94508057658996,177.1222456096277,169.71013821650752,173.0121612548828,12076800
2026-09-10,171.6255122363617,176.4837897182915,170.6877896834203,173.91000366210938,6423700
2026-09-11,176.61000061035156,176.77999877929688,171.52999877929688,173.9199981689453,5783000
2026-09-14,176.1199951171875,182.0,174.57000732421875,175.35000610351562,8334100
2026-09-15,173.77999877929688,175.0,169.89999389648438,171.32000732421875,8988300
2026-09-16,171.33999633789062,173.69000244140625,170.0399932861328,171.39999389648438,5981900
2026-09-17,173.5500030517578,173.5500030517578,168.3699951171875,170.52000427246094,7449800
2026-09-18,169.14999389648438,169.92999267578125,166.89999389648438,167.89999389648438,18459800
2026-09-21,167.27000427246094,170.17999267578125,166.10000610351562,168.52000427246094,6963800
