Date,Open,High,Low,Close,Volume
2021-09-22,13.923116688737823,14.438081228761815,13.329953125683613,13.379542350769043,7030500
2021-09-23,13.446298536834787,13.684708078910154,12.597560239640798,12.826433181762695,7190100
2021-09-24,12.61663286892728,12.80736123527807,12.197032463768098,12.368687629699707,6233200
2021-09-27,12.607096990818409,13.827753606237396,12.559414899939336,13.45583438873291,9460600
2021-09-28,13.665635269741843,13.827753835745332,12.740605965391387,13.265107154846191,7974900
2021-09-29,13.274642299986485,13.379542162594857,11.977694823582345,12.616631507873535,8671900
2021-09-30,12.759680214915067,14.19013762587693,12.664316023733477,14.104310035705566,10201500
2021-10-01,14.266426650924691,15.194316156317639,14.028017115253798,14.924436569213867,9548000
2021-10-04,15.963903486947302,17.26085204027405,15.74456713422897,16.240459442138672,18132300
2021-10-05,17.14641105544748,17.56601229091169,16.326283600260354,16.679128646850586,11682900
2021-10-06,15.859003493842579,16.211850451043304,14.857684046493452,15.887613296508789,9211100
2021-10-07,15.544299297546306,16.147953441790687,14.74324410927831,15.687346458435059,6806000
2021-10-08,15.677810162312314,16.15272114335298,15.048408280909019,15.305890083312988,5051800
2021-10-11,16.211846028857988,17.070119866601736,15.363108789401632,15.916218757629395,8257200
2021-10-12,16.00204884468906,16.21184858330876,15.200991742069368,15.75410270690918,4986600
2021-10-13,15.744564231438435,15.783663740243489,14.895826049900785,15.687346458435059,3873200
2021-10-14,15.992512396420127,16.574230437760924,14.790928095296493,14.943510055541992,7379000
2021-10-15,15.191456226643021,15.963902629325759,14.895827995969483,15.220065116882324,5878900
2021-10-18,15.401257108685934,18.805745311573073,15.382183907473205,18.74852752685547,22257000
2021-10-19,18.11912412149499,18.270752959583987,15.115164433557522,15.162845611572266,22452200
2021-10-20,15.000726354784003,15.086553926312835,13.312787449404162,13.818215370178223,19259300
2021-10-21,13.44629931106655,14.094772684417393,12.921798106408158,13.360471725463867,9394100
2021-10-22,13.141133447798007,13.970798528875319,12.945637699872558,13.493979454040527,7315500
2021-10-25,13.694244265042704,14.028017999812668,13.169743981061705,13.341398239135742,5379800
2021-10-26,13.169743537902832,13.541661842431829,12.654778962088644,13.169743537902832,6481300
2021-10-27,12.70245860871616,13.017159094286328,12.168421806913505,12.444976806640625,8009600
2021-10-28,11.548558033651906,12.568951504795985,11.167103125394462,11.46273136138916,11626900
2021-10-29,11.872794350065238,11.939549636549323,10.766574282159553,11.338757514953613,7496800
2021-11-01,11.519949486369452,12.044450682956825,11.281539934235216,11.55809497833252,5642800
2021-11-02,11.44365806592201,11.453194665914069,10.452828427037144,10.976375579833984,6302500
2021-11-03,11.138493413144065,11.9872307487851,11.138493413144065,11.539021492004395,6214200
2021-11-04,11.596236873555581,11.72974650874651,10.680744440934877,10.766571998596191,4997500
2021-11-05,10.776110427950645,11.300611551022516,10.537700909232534,11.100347518920898,4790300
2021-11-08,11.167103282950476,12.03491389357523,11.167103282950476,11.68206787109375,4725000
2021-11-09,11.758358768469979,11.767895368606801,10.63306541721175,11.262467384338379,5185700
2021-11-10,11.157565352022479,11.272001812465872,10.289754844898306,10.423264503479004,5258800
2021-11-11,10.537700665078745,11.10034726173084,10.366045524551634,11.014519691467285,3855800
2021-11-12,10.623528374463037,11.233856154178458,10.594918577693779,11.024056434631348,3510800
2021-11-15,10.699820003905305,11.014520512008973,9.917836123940267,10.1181001663208,6824200
2021-11-16,10.22300180380363,10.52053627598213,9.746182701697531,10.041810035705566,4956400
2021-11-17,9.908301638864666,10.28975657099812,9.774791957887809,9.86061954498291,2963900
2021-11-18,9.765254300943377,9.812936389667515,9.221680854084715,9.717572212219238,5066500
2021-11-19,9.536380936369053,9.717571773997594,9.336116900326896,9.412407875061035,4100100
2021-11-22,9.612673392121362,10.537702740116657,9.53638240563312,10.137174606323242,5274800
2021-11-23,10.442339435141324,11.376905462827178,10.404193938672128,11.033595085144043,7760700
2021-11-24,10.871474860803755,11.605776694093146,10.871474860803755,11.119421005249023,5229200
2021-11-26,10.394652693132748,10.394652693132748,9.603133312931666,10.013197898864746,4087900
2021-11-29,10.537699916826131,10.623527480995312,9.903530693138363,10.146708488464355,3669200
2021-11-30,9.955981563136953,10.079954627753875,8.93558906673793,9.498235702514648,7399100
2021-12-01,9.793865239116268,9.812937531148373,8.983272364895047,9.04049015045166,4314000
2021-12-02,9.059560961128389,9.593598638999437,9.040487764669393,9.545916557312012,3455000
2021-12-03,9.650817619547185,10.013200212565739,9.416222366662609,9.564990043640137,5569100
2021-12-06,9.393333701395365,9.393333701395365,8.60181431524684,9.212141990661621,6090800
2021-12-07,9.450556004598576,9.646051795693712,9.126318816598719,9.326582908630371,4396900
2021-12-08,9.374263440388846,9.960750715565442,9.374263440388846,9.555455207824707,5135400
2021-12-09,9.55545379280595,9.55545379280595,8.935588508450005,9.183534622192383,3409800
2021-12-10,9.212144683385873,9.393336447082254,8.66380291117676,8.926053047180176,3327100
2021-12-13,8.773470735139016,9.10724444902754,8.544597799052134,8.763934135437012,4845700
2021-12-14,8.678107504284677,9.097707888937599,8.660941442854286,8.697179794311523,3739600
2021-12-15,8.668571815952761,9.202608725295905,8.182216091420027,9.04049015045166,5126900
2021-12-16,9.412409301089522,9.808169133530082,9.178768041885844,9.307509422302246,5672300
2021-12-17,9.326580626298872,10.156245687554703,9.197840170358969,9.708036422729492,11359700
2021-12-20,9.42194483154998,9.660354363999746,9.126316611149786,9.5745267868042,4035400
2021-12-21,9.698501656666343,10.575848972018724,9.67942845398199,10.327902793884277,4186300
2021-12-22,10.232537752390426,10.712218028564413,10.108565583045293,10.404192924499512,3737100
2021-12-23,10.57584953221454,10.661677129919648,10.070421457291637,10.089493751525879,2519900
2021-12-27,9.97505447960149,10.40895973874396,9.763346706747422,10.366045951843262,2146600
2021-12-28,10.375583005338074,10.431847669786125,9.82247296046643,10.194391250610352,2460100
2021-12-29,10.194390526862055,10.470945529663922,9.841544551525889,9.936908721923828,2975800
2021-12-30,9.908300136708075,10.039901750031435,9.555454150613082,9.755717277526855,2372800
2021-12-31,9.698500243224924,9.80340011431988,9.441017501273357,9.60313606262207,2276400
2022-01-03,9.92737203017236,11.33875682778089,9.92737203017236,10.814255714416504,6782100
2022-01-04,11.066968803389196,11.233855639050086,10.609222989592562,10.718891143798828,4172300
2022-01-05,10.776110999185935,11.615312658694487,10.747502110072059,10.871474266052246,5642600
2022-01-06,11.119422102165956,11.18140909912233,10.327902409436156,10.85240364074707,3677200
2022-01-07,10.871476746899686,11.44366011650931,10.78469603601835,10.842867851257324,3055900
2022-01-10,10.90962036576624,11.577167818522378,10.518628857955509,10.776111602783203,4891100
2022-01-11,10.823793165692063,11.596239543578978,10.652138010845997,11.42458438873291,4947900
2022-01-12,11.767894095777562,12.654777804450308,11.597192973416746,12.607095718383789,6237200
2022-01-13,12.406831192234966,12.883650215062197,11.806039114337441,11.891866683959961,5220500
2022-01-14,11.987231350581911,12.826433038445543,11.806993615100243,12.816896438598633,7378400
2022-01-18,13.017160202792883,13.474906981350056,12.2828593104181,12.521268844604492,6212000
2022-01-19,12.673849697097124,12.816895041365846,11.882330185295265,11.901402473449707,4941400
2022-01-20,11.767895272398317,11.863258544606166,10.733197811978588,10.776111602783203,6151300
2022-01-21,10.6139923974142,10.72842886281568,10.079954649413784,10.251609802246094,6441700
2022-01-24,9.765253867953101,10.28021840252789,9.374262394780041,10.232536315917969,6937100
2022-01-25,10.070418213757156,10.547237239022058,9.717571334736228,10.470945358276367,5974500
2022-01-26,10.928693059161533,11.329221148460139,10.404191903226675,10.604455947875977,5581800
2022-01-27,10.680746818072286,11.219552867993192,10.251609843715757,10.528164863586426,4065500
2022-01-28,10.642602874245666,11.077462235219214,10.203929236694378,10.709357261657715,4841300
2022-01-31,10.642601983069737,10.823793747244789,10.146710600535357,10.29929256439209,6358800
2022-02-01,10.299291791655204,11.720212360287274,10.099027751753624,11.405511856079102,5710200
2022-02-02,11.434121722498034,11.89186852832553,11.33875844881832,11.68206787109375,6750800
2022-02-03,11.672530885598178,12.30193192705785,11.548557815392451,11.653458595275879,5183900
2022-02-04,11.796502500926591,12.778749432079188,11.7678936142414,12.435440063476562,5230700
2022-02-07,12.578486063688452,12.767306362706274,11.88328471509386,12.073058128356934,4207200
2022-02-08,12.244714058440193,13.036233654509626,12.225640858795042,12.5403413772583,4944000
2022-02-09,12.797825198502887,13.21742562213531,12.464051452154603,12.959943771362305,6293900
2022-02-10,13.770534479008436,15.696883068133813,13.694243499803086,14.247353553771973,18780700
2022-02-11,14.285498207358938,16.307211766366628,14.209207232618288,16.230920791625977,12603600
2022-02-14,16.116485192972217,17.35621594253655,15.41079314426045,17.184560775756836,10662100
2022-02-15,16.803104587581437,16.922309353382065,15.916220838997507,16.412111282348633,8374700
2022-02-16,16.688665239791046,17.098729876710284,15.468007927440787,15.591981887817383,7856100
2022-02-17,15.65873912164316,16.984295621071674,15.55860754843176,16.62191390991211,7354000
2022-02-18,16.621910932543113,16.95568460238168,15.811318254055205,16.002046585083008,5716200
2022-02-22,16.45025796323767,16.78403167700049,15.200991596011914,16.021120071411133,7711100
2022-02-23,16.15463224794554,18.691309813459227,16.021121657867575,17.92839813232422,12703900
2022-02-24,17.20840111866637,17.432506674164472,14.199672900062557,14.285499572753906,21131000
2022-02-25,13.884971796485823,15.28682012480194,13.675171149859551,15.267746925354004,18856500
2022-02-28,15.277279578440703,16.92707270716127,15.277279578440703,16.536081314086914,13902400
2022-03-01,17.079656581555476,18.53872338893042,16.90800144905017,17.890249252319336,12322500
2022-03-02,18.557791922126498,20.503214033760162,18.529183950374154,19.845203399658203,21822300
2022-03-03,19.520972091359734,22.915925182925225,19.034616421181752,21.905067443847656,24834700
2022-03-04,21.895530133131846,26.01524829634039,21.838312355827938,25.12836456298828,30961400
2022-03-07,23.564400288805533,25.128368255962744,19.006010617066003,20.98004150390625,32778600
2022-03-08,20.84176339321572,23.29738259992482,19.892894358706346,21.52361488342285,19629100
2022-03-09,20.7607014480489,20.798846025428553,19.063225010027477,20.169445037841797,17021100
2022-03-10,20.674874030046652,22.791949929692127,20.665337430900284,22.496322631835938,15147900
2022-03-11,22.03857874067602,22.45817822680376,20.808384625507582,21.95275115966797,11441900
2022-03-14,20.387830291810243,20.387830291810243,18.02376116578269,18.939254760742188,14843300
2022-03-15,17.85210559714668,20.64245140467278,17.709060237758024,20.140838623046875,12430800
2022-03-16,19.787991412030753,20.121765124933425,18.39568060021785,19.3016357421875,10916600
2022-03-17,20.131297520820773,21.647581992844962,19.959642400377277,20.903743743896484,13569700
2022-03-18,21.0849406561744,21.14215843744416,20.083619479891052,20.865602493286133,14127500
2022-03-21,21.666657919297073,24.146117450892856,21.666657919297073,22.725196838378906,11998100
2022-03-22,22.648904580337216,23.17245168670678,22.124404359729105,22.496322631835938,7310600
2022-03-23,23.650222309159375,25.18558011254977,23.650222309159375,24.832735061645508,8624500
2022-03-24,24.804124139428705,25.462134856554062,23.69790422540584,24.07935905456543,7695500
2022-03-25,23.82188178501522,26.415778851551597,23.440426869030606,24.746912002563477,7855200
2022-03-28,23.91724684324083,24.244345150489202,22.461995785347263,23.297382354736328,6882900
2022-03-29,21.50454143714625,22.648908044876674,20.875140348570692,22.610761642456055,8237200
2022-03-30,23.58347001976561,24.937636208493114,23.091393860992504,23.354597091674805,6106000
2022-03-31,22.973146522659373,23.87910362458582,22.21977140142696,23.39274787902832,6865800
2022-04-01,23.60254448879612,25.08068291103134,23.60254448879612,24.81366539001465,5468900
2022-04-04,25.595645971553196,25.71961812046021,23.030359051225474,23.8314151763916,6111400
2022-04-05,25.195119030731796,27.083322058868827,23.631153106689453,23.631153106689453,16151700
2022-04-06,24.136577080971836,25.471669906693037,23.078040146158376,23.964921951293945,10084000
2022-04-07,24.041215114729216,25.96756447214982,23.697906642923375,25.891273498535156,8294600
2022-04-08,26.28226826265251,27.53916416596461,25.109293714088256,25.98664093017578,6902700
2022-04-11,25.95802768968125,25.996174085679208,24.340658332909502,24.518033981323242,7333600
2022-04-12,24.994858334161165,28.122792533412028,24.947177147942245,27.798555374145508,12136300
2022-04-13,28.084638474432925,29.305293891512108,26.91166240856833,29.295757293701172,9082100
2022-04-14,28.990596818029292,31.17442704147867,28.96198884018252,31.031383514404297,8393400
2022-04-18,31.49866456948022,31.74661250708672,29.75350877746164,30.52595329284668,7582300
2022-04-19,29.84887185804072,30.18932099505632,28.504242280049283,29.619998931884766,5802200
2022-04-20,29.105037186624322,29.982384369803054,27.769944121505503,29.753511428833008,5846400
2022-04-21,29.419738811340903,29.419738811340903,25.748231380357655,25.98664093017578,10043200
2022-04-22,25.938955517647294,26.682792027665624,23.354595473238387,23.373668670654297,9534400
2022-04-25,22.544006667758765,23.964927380208348,22.067187563490293,23.11618995666504,9881600
2022-04-26,23.83142013287756,25.30956054172813,23.259236807481233,24.327312469482422,10178400
2022-04-27,24.718301821356466,25.795912169793706,23.9649267823258,25.271411895751953,8417900
2022-04-28,22.21976918234889,23.98400020421654,19.750801048783245,23.3641357421875,26915300
2022-04-29,23.383207040145976,24.35591835497712,21.485467407634438,21.59036636352539,11751500
2022-05-02,21.218447093203366,21.313811264147883,19.67355261687892,20.42692756652832,11788600
2022-05-03,20.59858612638823,21.685733126248863,19.95011183913081,20.531831741333008,9287500
2022-05-04,21.18030023643653,21.70480225575963,20.56997246594298,21.618974685668945,7144400
2022-05-05,22.32466627405039,22.41049384279172,19.816599040054335,21.189836502075195,6960900
2022-05-06,21.180302733788384,21.989942422062388,20.341101950410284,21.390104293823242,6176700
2022-05-09,20.388785113288044,20.407858314949305,19.096605712927882,19.883358001708984,8141600
2022-05-10,20.36970946170405,21.418709868347563,19.22534306673991,19.99778938293457,6322500
2022-05-11,20.36970913234909,21.74294660139808,20.026398855626734,20.24573516845703,6082700
2022-05-12,20.026401531940042,20.369711854542132,18.59594427965861,19.20627212524414,7353500
2022-05-13,19.883355734124795,20.8846750611781,19.883355734124795,20.407855987548828,4710300
2022-05-16,20.789311017761044,21.657121591891887,20.550901479397176,21.10401153564453,3792700
2022-05-17,21.733412908168628,22.272217118503185,21.35195621766447,21.819238662719727,4194600
2022-05-18,21.952748032642813,22.286521709139087,20.131299528783938,20.646263122558594,4599200
2022-05-19,20.15991188981115,21.93367960515194,19.97872193313055,20.970504760742188,4499600
2022-05-20,21.0277204194828,21.37103073455041,19.473291039776353,20.407855987548828,4723000
2022-05-23,20.884675187830002,23.116188611461308,20.57283583191535,23.020824432373047,6063200
2022-05-24,22.9063874112363,23.936316478057797,22.26744981670405,23.325986862182617,6791500
2022-05-25,22.954069100284546,23.802806439221623,22.5440044204636,23.631153106689453,6970000
2022-05-26,23.6025432732484,24.966246064507786,23.05134128846229,24.58479118347168,6782900
2022-05-27,24.241477842201686,24.451277545741263,23.144794514606417,23.964921951293945,5464800
2022-05-31,24.59432955020108,25.40492054855641,22.248378680139346,22.515398025512695,7814400
2022-06-01,22.6489050759541,24.11750863606615,22.563077500678965,24.031681060791016,5680800
2022-06-02,23.554859389626895,25.68147169868894,23.459495225591613,25.061607360839844,4968600
2022-06-03,24.413136794083137,24.889955864987417,22.982679581370302,24.231945037841797,5587300
2022-06-06,24.880418489920363,25.538429296559595,23.577749570926045,24.861345291137695,4784000
2022-06-07,26.205971768144472,28.475631223681198,25.824516932442542,27.226364135742188,11247100
2022-06-08,27.464776658331445,27.474313257638656,26.005711523814544,26.34902000427246,5151300
2022-06-09,25.97710534483941,25.986641945475192,24.880421736612647,24.95671272277832,4520800
2022-06-10,24.35591652877924,25.897947980714562,23.9839964545712,24.870880126953125,4255600
2022-06-13,23.068508173724393,23.30691771965687,22.00043260762187,22.24837875366211,6766000
2022-06-14,22.62983471022173,23.06755430756985,21.065868598610454,21.771560668945312,6064300
2022-06-15,21.83354180570241,22.887311328232283,21.468297196454323,22.305591583251953,5001800
2022-06-16,21.580832185274854,22.45817942315549,21.37103243103491,21.485469818115234,6485400
2022-06-17,21.4950042857057,21.690500029257134,19.606799409227037,20.922821044921875,11380000
2022-06-21,21.79063292842581,23.45949975503951,21.7048053461149,22.524934768676758,7175800
2022-06-22,21.208913663108824,21.628514986606525,20.703484754829308,21.332887649536133,5948800
2022-06-23,21.65712387726655,21.76202466727088,19.330247846913608,20.159912109375,6605400
2022-06-24,20.79885005651953,21.53315195732822,20.055013373708178,20.58905029296875,8314500
2022-06-27,21.07540455125034,22.639370614781505,20.884676183976556,22.410497665405273,4829800
2022-06-28,23.078043313375197,23.650224732267176,22.276987144221984,22.69658660888672,4656800
2022-06-29,23.06850879059126,23.345062925429517,21.313814340092907,21.876461029052734,4305900
2022-06-30,21.065869820932633,21.552225563624287,19.787994375959432,20.34110450744629,7749200
2022-07-01,20.36017388808191,21.17076664042116,19.396999184587077,20.064546585083008,4449300
2022-07-05,19.358852426347568,19.721235917774855,17.279922925889082,17.585086822509766,9734200
2022-07-06,17.575548782366326,18.119122156019692,16.61237417580223,17.890249252319336,7241200
2022-07-07,18.9583274945847,19.96918534307093,18.767600937094908,19.454219818115234,5507800
2022-07-08,19.52096758381802,20.045469531606066,19.072758415856583,19.931032180786133,4109500
2022-07-11,19.730773421094753,20.646265152910267,19.606799445586162,19.83567237854004,4000200
2022-07-12,19.32070902170141,20.255273966570304,18.910644328626994,19.57819175720215,3577200
2022-07-13,19.377923101146507,20.980035168692016,19.33024193060387,20.3983154296875,7087000
2022-07-14,19.57819210874723,20.32870414857232,18.805743888374973,19.740310668945312,6944300
2022-07-15,20.035934158035815,20.288647640428685,19.110905973172017,20.016860961914062,5802000
2022-07-18,20.81792038901784,21.733413943344928,20.245737144928455,20.388782501220703,6130200
2022-07-19,20.22666762197418,21.151697944037448,19.950113458733924,20.655805587768555,3954400
2022-07-20,20.74162512320666,20.903743645202315,20.174211205681868,20.760698318481445,3795300
2022-07-21,20.064548135857063,20.331565661556755,18.93448558543638,19.768918991088867,5065300
2022-07-22,19.88335539085449,20.86560150146403,19.494270131305722,19.96918296813965,4353500
2022-07-25,20.360175293042776,21.25659568212988,20.06454796964401,20.98957633972168,5507200
2022-07-26,21.638044277883097,21.828770764923252,20.522287871532424,20.827451705932617,4272300
2022-07-27,20.941892499521245,21.905067230830355,20.217129120062886,21.752485275268555,6154100
2022-07-28,22.629830530083563,23.688369349514907,20.00732588793366,21.075401306152344,9263700
2022-07-29,21.294735999349882,21.323345793532507,19.478054994455206,20.016860961914062,8951000
2022-08-01,19.68309391928537,19.845212502954396,18.319390859996613,18.567337036132812,6026400
2022-08-02,18.67222995406768,19.08706193004429,18.014219295714486,18.54825782775879,4469800
2022-08-03,18.805743606616808,18.872499804809145,18.128661395235422,18.491043090820312,4424300
2022-08-04,18.357535630906757,18.80574493695386,17.861643322777695,18.03329849243164,3548900
2022-08-05,17.66137959789649,19.01554589144839,17.499261033917723,18.405216217041016,3870600
2022-08-08,18.414746007334937,18.80001686971945,18.128655385602514,18.32891845703125,3008000
2022-08-09,18.75806229882921,19.978719773639167,18.75806229882921,19.711700439453125,5094200
2022-08-10,19.616337144901042,20.870371865586513,19.273026816763153,20.59858512878418,5708900
2022-08-11,20.980037297181354,22.0004297292443,20.827455353260927,21.361492156982422,4457700
2022-08-12,21.018189098888225,22.324672557123595,20.79885090652956,22.315135955810547,5134800
2022-08-15,21.218445589091548,22.477247463349755,21.0658636539645,22.08625602722168,3677200
2022-08-16,22.544005999314265,23.115236156923768,22.10533330947606,22.381887435913086,3667500
2022-08-17,22.23407356001242,23.86002650254484,22.133940173758806,22.16254997253418,5577600
2022-08-18,22.629831501655428,25.252336256397943,22.601223522985418,24.68968963623047,10194100
2022-08-19,24.31777344387804,25.395383780477825,24.165191481508522,24.842273712158203,6049500
2022-08-22,25.033000755167222,26.863986026016267,25.023464155656715,25.977102279663086,6812300
2022-08-23,26.606506908679506,26.997498447098117,25.176049528439528,26.091543197631836,6194100
2022-08-24,25.624254931763577,26.911664830458527,25.3667722244565,26.35855484008789,4396400
2022-08-25,26.768622856950163,27.350342716534673,25.80544809719566,26.596967697143555,4622500
2022-08-26,26.73047493990057,27.78901192838085,26.42530923893486,26.4920654296875,5133000
2022-08-29,25.748227268851757,26.387164833094886,24.909026587821486,25.557498931884766,4895800
2022-08-30,24.937636593352394,25.118828346315716,22.167319005626577,23.240161895751953,10172200
2022-08-31,22.601224277027956,23.793271932590184,22.5440046799383,23.51671600341797,3632400
2022-09-01,22.858706609194698,23.08757955501942,22.114869989994475,22.24837875366211,4387300
2022-09-02,23.04943257289834,23.607309979195282,21.73341281674022,23.58346939086914,6226400
2022-09-06,25.271409932437034,25.633791614162124,23.736051992223143,24.041215896606445,7675200
2022-09-07,23.31645553587285,23.383209921188353,22.17208892814243,22.610761642456055,4845300
2022-09-08,22.620296194620767,22.849169131656545,21.13262119442801,21.504539489746094,6630300
2022-09-09,22.019505807837387,22.75380764585034,21.647587498237275,22.24837875366211,5704600
2022-09-12,22.534465943186902,22.60122213346014,21.466392363697864,22.000429153442383,4141800
2022-09-13,21.6380517882753,22.839636167476204,21.456860016615014,21.485469818115234,4850500
2022-09-14,21.819237160040927,22.620293244658882,21.50453668529246,22.114866256713867,5061400
2022-09-15,21.971823491789863,22.296058784110567,20.493683291974193,20.522293090820312,5502400
2022-09-16,20.188516608311772,20.474607281814407,19.463751507328944,19.644943237304688,7458500
2022-09-19,18.986933245702016,20.2838815631685,18.86296110073017,20.24573516845703,5316600
2022-09-20,20.007330915638736,21.132624390439737,19.6163393617056,21.046796798706055,5082400
2022-09-21,21.45685414979865,21.82877237300741,20.36970745492994,20.3983154296875,5000700
2022-09-22,20.703481203920283,21.153598480181245,20.312489748716683,20.941890716552734,4479700
2022-09-23,20.035938810652894,20.169447576667512,18.586408309360838,18.977399826049805,8839600
2022-09-26,18.60548007382158,20.083618442927147,18.50057929780957,19.416072845458984,5469100
2022-09-27,20.159908045150633,21.495002786856713,19.90242715083441,21.227983474731445,6176800
2022-09-28,21.533147630400187,23.917242814540685,21.403453157961547,23.697906494140625,8858000
2022-09-29,23.316455893052055,23.907710588264283,22.4963264176512,23.459501266479492,6144700
2022-09-30,22.97314277139019,24.174727037340357,22.677515459433366,23.66929817199707,4262700
2022-10-03,24.69922785621575,25.33816549296484,24.413137137220218,25.0806827545166,6334800
2022-10-04,25.73869431761579,26.177368827237604,24.260555862871136,24.994855880737305,7132100
2022-10-05,24.95670912754396,26.663720379186053,24.868020391436104,26.472993850708008,5386500
2022-10-06,26.101077870800268,27.407561163003155,26.0085748506321,26.36809539794922,6265700
2022-10-07,26.272730515576846,26.329950114658317,25.14743901744783,25.633792877197266,5388400
2022-10-10,25.633796164269718,27.01657239774061,25.423996397495934,25.87220573425293,3343900
2022-10-11,25.28094935017777,26.06293239706689,24.661084872930584,25.19512176513672,4749400
2022-10-12,24.947175248488247,25.81498586782712,23.583472326978445,25.44306755065918,6444100
2022-10-13,25.261874173896135,26.30133989462538,24.651546344814893,25.462139129638672,4056100
2022-10-14,25.271407148264565,25.31908832097625,24.184260403940836,24.66107940673828,3618200
2022-10-17,24.861346147199892,26.444385322263823,24.603863411528906,25.60518455505371,5239200
2022-10-18,25.953260371113416,26.110609707737627,24.756443567725565,25.338163375854492,5182300
2022-10-19,25.443064508263827,25.79590958263613,23.078042483832185,23.182941436767578,6947500
2022-10-20,23.306914060352593,23.63115113742753,21.85738381212584,22.000429153442383,6331700
2022-10-21,22.133940948392116,22.97219043831945,21.77823468387937,22.763343811035156,4093600
2022-10-24,22.41049499114003,22.811023059483176,21.42824710905748,22.629831314086914,4753200
2022-10-25,22.505859737328635,23.593006599589412,22.30559478858987,22.94453239440918,5335100
2022-10-26,22.982677832823033,23.42135047159848,22.44864102333806,22.46771240234375,3479700
2022-10-27,22.639370773633264,23.97446389715603,21.990896503056923,23.383209228515625,5178300
2022-10-28,23.173409702466756,23.41181927479222,22.071958642432357,22.839637756347656,6120000
2022-10-31,22.658439577710915,23.82187730751739,22.400956875721885,22.791948318481445,3973400
2022-11-01,23.297380448339027,23.306917048172032,22.644138820602016,22.88731575012207,3529000
2022-11-02,23.078043225958357,23.116187804910496,21.87168976758575,22.143476486206055,4011500
2022-11-03,24.2319411161495,26.349016793526065,22.3151285430604,22.734729766845703,19326900
2022-11-04,23.57393945896373,26.19644493278581,23.421357467818652,25.738698959350586,11538000
2022-11-07,27.207293309142045,28.66159092285028,26.29656907468238,28.618677139282227,10959900
2022-11-08,28.046496232263273,28.513778680606595,27.15007591354327,28.237224578857422,4813300
2022-11-09,27.46477976556338,27.769945521158096,24.96624866985316,25.185585021972656,7426300
2022-11-10,26.358554002693655,26.492064560900342,25.23326086036387,26.434844970703125,3701800
2022-11-11,27.026106712896453,27.46477941147996,25.47549152472847,25.98664093017578,5133600
2022-11-14,26.17736536925259,27.97115722872195,26.14398818280049,26.663719177246094,5008600
2022-11-15,27.026103876657324,27.874841202885033,26.13922015338012,27.83669662475586,4653100
2022-11-16,27.188222165165453,27.8557677368377,26.558821171256046,27.140539169311523,3735700
2022-11-17,26.5206780529825,26.74001622318391,25.509822061884094,26.692333221435547,5111100
2022-11-18,26.434850229022473,26.511141212207452,25.261875680458214,25.98664093017578,5113600
2022-11-21,25.719618739439504,26.52067488388419,25.004390168965344,26.463457107543945,4331200
2022-11-22,27.1023967045415,28.55192715094563,26.854450563531287,28.246763229370117,4109500
2022-11-23,28.33258919806074,29.133645407517825,27.77947913142804,28.39934539794922,3277500
2022-11-25,28.132322181744048,29.56277924183273,28.132322181744048,28.799869537353516,2100800
2022-11-28,28.103716550011825,29.11457433188135,27.798552623002337,28.00835418701172,2461300
2022-11-29,28.40888219875362,30.478275299072266,28.40888219875362,30.478275299072266,4567700
2022-11-30,30.974165447489813,31.36515692797534,29.848872184074743,30.45920181274414,4341400
2022-12-01,30.468737382528573,30.66804739200908,29.457879708140457,29.839336395263672,2641700
2022-12-02,29.55324403139649,30.73575503834667,29.53417083315851,30.12542724609375,3133900
2022-12-05,30.230323636470153,30.602241853610437,28.017882072342214,28.199073791503906,3741500
2022-12-06,28.199078187822007,28.914306759318013,27.983556138342863,28.513778686523438,2848400
2022-12-07,28.27537176883883,28.466100133052034,27.54106993121462,28.01788902282715,2298100
2022-12-08,28.63775325698462,29.03828133816344,27.245440662821927,27.46477699279785,2779000
2022-12-09,27.369414472328877,27.970205681035257,26.573125704996386,26.76862144470215,2648100
2022-12-12,26.7972360163963,26.7981891308266,25.83406113587891,26.558826446533203,2981700
2022-12-13,27.178687619498206,27.73179768075223,26.565498615957207,27.15007781982422,3300700
2022-12-14,27.054712783966163,27.36941327358516,26.26319326044443,27.092857360839844,2853500
2022-12-15,27.17868354090249,28.075103788040433,26.892592862776848,27.80808448791504,3203500
2022-12-16,27.2072996161466,27.932064896128065,26.69233409395427,27.169153213500977,4349600
2022-12-19,27.45524136045568,27.779476636187844,26.582661638956186,27.26451301574707,2896500
2022-12-20,27.388485311204406,28.049357264757177,27.15961238769755,27.274049758911133,2807300
2022-12-21,27.369417390842276,27.703189309648213,26.663723513856915,27.52199935913086,3466800
2022-12-22,27.655506277451835,28.323053708268837,26.902131267846347,27.665042877197266,3128300
2022-12-23,27.750868573446503,28.160933240080446,27.30265751041857,28.075105667114258,2027200
2022-12-27,28.437488688357607,28.81036190945419,27.97020622386821,28.03696060180664,2344100
2022-12-28,27.655508665273445,27.655508665273445,24.65154860507096,25.357240676879883,8415300
2022-12-29,25.471675448855848,25.948494548854683,25.252339099397307,25.576576232910156,2992700
2022-12-30,25.271412749737593,25.729158657342854,24.9185658091332,25.19512176513672,3091400
2023-01-03,24.584795581780888,24.708767758201564,23.740825483356492,23.936321258544922,7500300
2023-01-04,23.593005770387986,25.3763097719575,23.049432358362065,25.338163375854492,7454200
2023-01-05,25.05207334565996,26.182133985860027,24.994853749986806,25.929420471191406,5633500
2023-01-06,26.263193898880143,28.656823906609137,26.091538751475124,27.55060386657715,7319100
2023-01-09,27.67458050907259,27.998817636828157,26.34902219774701,26.36809539794922,3610400
2023-01-10,26.396706081878822,26.66372361796615,25.38585008328992,26.01525115966797,3359500
2023-01-11,25.82451912398736,26.196437392993808,25.471672234194365,25.891273498535156,3503900
2023-01-12,26.072467231196303,26.87352342469726,25.90081207274318,26.444385528564453,2664900
2023-01-13,26.33948423311206,27.159611734558986,26.234583463598973,27.092857360839844,2128900
2023-01-17,27.40755921517812,27.912033137906825,27.054714131116043,27.46477699279785,2998500
2023-01-18,27.93206221419194,28.160935151328335,26.139221478242902,26.158294677734375,3394200
2023-01-19,25.919883536279755,26.40623917968186,25.652864216690276,26.177366256713867,2353700
2023-01-20,26.39670560858759,27.045179874179215,25.85313212681829,26.80677032470703,3090800
2023-01-23,26.949815829871557,27.235906563148372,26.349022743501518,26.682796478271484,2691200
2023-01-24,26.42531049919749,26.8353751673478,25.98663785256619,26.58742904663086,2819900
2023-01-25,26.320414020203213,26.406241601553,25.328629444125884,25.805448532104492,4290000
2023-01-26,25.671939143803403,25.738693523466075,24.098436555610263,25.347702026367188,6546100
2023-01-27,25.16651149674686,26.13922289654574,25.09022051356188,25.98664093017578,3021900
2023-01-30,25.738694680127228,26.840147450820396,25.45260394902484,26.530214309692383,4444700
2023-01-31,26.253659196450783,26.778159456819466,26.091540636513486,26.596967697143555,3199700
2023-02-01,26.482527470175487,26.727612404977847,25.509816281949124,26.396699905395508,3758200
2023-02-02,26.425310126420626,27.12146730200237,25.795909143833505,27.102394104003906,4142600
2023-02-03,27.226367003198895,27.588750499471736,26.406239474794674,26.472993850708008,3344800
2023-02-06,26.36809806307446,26.90213499027001,25.843597736943913,26.558826446533203,4132700
2023-02-07,27.150077122101333,27.712723768787374,25.53842997921322,26.9593505859375,8167300
2023-02-08,26.64464757769685,26.740011746306948,24.46081557409853,24.470352172851562,8703800
2023-02-09,24.556182075431273,25.004391345880226,24.184263783333638,24.365453720092773,3819900
2023-02-10,24.413136452642384,25.23326400626161,24.03168156503805,25.1665096282959,5322900
2023-02-13,25.176049420187287,25.51935977202331,24.67062231211826,25.118831634521484,6746100
2023-02-14,26.511137734630953,28.570995829345748,24.956708474042767,28.466096878051758,17419800
2023-02-15,28.23722556937976,29.772581719531583,27.703186907750933,28.17047119140625,9584500
2023-02-16,28.132322944145987,29.00967003753379,28.05603197163054,28.180004119873047,6237800
2023-02-17,27.750870019588643,28.29444346408745,26.67325791126611,26.949813842773438,5427400
2023-02-21,26.425310151282527,26.74954724188037,24.65154457092285,24.65154457092285,6077500
2023-02-22,24.422672368144816,25.39538184956123,24.317771594896637,24.97578239440918,4991200
2023-02-23,25.14744023819124,25.547968356602357,24.53711055080445,25.033002853393555,3509100
2023-02-24,24.842273357638476,25.26664386702558,24.446514466802988,25.090219497680664,3234900
2023-02-27,25.118825964045463,25.719617125211656,24.86420441976964,25.52889060974121,3084000
2023-02-28,25.719616545198075,26.368090684798027,25.35723490073231,26.034317016601562,3672600
2023-03-01,26.1487580807455,26.69710074320037,25.986639522891743,26.568359375,3028700
2023-03-02,26.329949471340655,26.67325796283926,26.091539937754217,26.272729873657227,2343300
2023-03-03,26.425310661994992,27.21683202469092,26.263193932483173,26.73047637939453,3619200
2023-03-06,25.93895454579114,25.93895454579114,24.79458820859559,25.071144104003906,4685300
2023-03-07,24.937637537488616,25.35723883747697,24.641057102670004,25.090219497680664,3280900
2023-03-08,24.937637550640904,25.385848650496822,24.556182649959602,24.81366539001465,2383300
2023-03-09,24.77551842427084,25.09975553717,24.45128131137168,24.498964309692383,2919600
2023-03-10,24.47989125369651,24.928100527013004,23.98399898178013,24.508501052856445,3681800
2023-03-13,23.7360536906413,24.65154728821912,23.374625097316017,23.61208152770996,3902700
2023-03-14,23.917246114140628,24.403601817072882,23.078045293872766,23.383209228515625,3213800
2023-03-15,22.19115897099958,22.472482282590313,21.36149302563901,21.695266723632812,7770000
2023-03-16,21.218450184547,22.62029769923152,20.934265677675636,22.29606056213379,5328100
2023-03-17,22.076723447550005,22.32466959199527,21.647587358984346,22.238842010498047,4650500
2023-03-20,22.496323910234004,23.068507159089396,22.343741953061954,22.44864273071289,3203900
2023-03-21,23.221087796677164,23.46903391772182,22.429568256731667,22.496322631835938,3351500
2023-03-22,22.62983358105139,23.135262471401067,22.181624291140118,22.381887435913086,2619800
2023-03-23,22.6012243247761,23.12572456676341,22.248377417659285,22.563077926635742,2297600
2023-03-24,22.24837540885654,23.24969462366711,21.866920556496332,23.230623245239258,2661800
2023-03-27,23.154335086826578,23.836186514007878,22.83486535866814,23.70744514465332,2400200
2023-03-28,23.907706684794796,24.6992262287086,23.573932988679754,24.413135528564453,3199800
2023-03-29,24.47035219873983,24.670617134924928,23.95538859797286,24.023096084594727,1916200
2023-03-30,24.20333914595514,24.355922946683098,23.145754988978958,24.098440170288086,3422400
2023-03-31,24.317771355542966,24.6992262287086,24.093665821780522,24.413135528564453,2576000
2023-04-03,24.79458820859559,25.176043048020723,23.926777766808357,25.071144104003906,4480000
2023-04-04,24.88995759401683,24.908075861439382,23.94585598631295,24.489429473876953,2785600
2023-04-05,24.55618088531626,24.756444011687574,24.10797163658976,24.68968963623047,1828500
2023-04-06,24.57525124193295,24.594324438120953,24.03167788301552,24.07935905456543,1799700
2023-04-10,24.279623789730344,24.575252893754783,23.985904551941225,24.060287475585938,2594500
2023-04-11,24.308234805502117,24.565717527504685,24.03644809413951,24.146116256713867,2566400
2023-04-12,24.079359310719244,24.436973557908146,23.32598442355964,23.964921951293945,2309400
2023-04-13,24.079358356624898,24.63246829760443,24.06028516098973,24.432205200195312,1756800
2023-04-14,24.31777018467036,24.53710649881477,23.573931853622103,24.060287475585938,2169800
2023-04-17,26.415777777864694,26.415777777864694,24.76598237754245,25.090219497680664,10227400
2023-04-18,24.909031253790445,25.471676133505447,24.537111108928613,24.937639236450195,3724200
2023-04-19,24.575253310135484,24.889953798041702,24.336843794481673,24.632471084594727,2420300
2023-04-20,24.36545167496469,24.5657166131528,23.50717778582195,23.53578758239746,4015500
2023-04-21,23.325989648923596,23.469036834979924,22.89685354751621,22.97314453125,3463400
2023-04-24,22.887316703986993,23.678836333909725,22.66798035544804,23.50718116760254,2239800
2023-04-25,23.039898133481415,23.27830767693128,22.70612440886751,22.78241539001465,2972600
2023-04-26,23.068505323132786,23.192477471373337,22.13393863618297,22.32466697692871,4149600
2023-04-27,22.23883916018163,23.287841384871758,21.55222041512712,22.71565818786621,6417100
2023-04-28,22.715657092309662,23.030357562646945,22.41049322033656,22.90638542175293,4090800
2023-05-01,22.648908904525612,23.058973651508538,22.420035938076676,22.53447151184082,2548900
2023-05-02,22.2769867881812,22.869196329811402,21.81923911389503,22.25791358947754,3559700
2023-05-03,22.04811700915481,22.35804834720858,21.323351725196165,21.52361488342285,3487000
2023-05-04,21.437788352639192,21.54268914674051,20.856070231791744,21.046796798706055,3781300
2023-05-05,21.552222140688837,21.88599585057542,21.20891183121459,21.752485275268555,3160200
2023-05-08,22.16254769197985,22.448640193533137,21.85738381212584,22.000429153442383,2386300
2023-05-09,21.943216658068533,22.343744801434447,21.84022391479394,22.105335235595703,2182400
2023-05-10,22.387568299585837,22.45453936686681,21.70541779664927,22.24405860900879,2470200
2023-05-11,21.66045065703913,21.79439461760801,21.119897423600424,21.40213394165039,3482100
2023-05-12,21.526502094071144,21.832656498548285,21.1916450298652,21.60304069519043,2721800
2023-05-15,21.842230921649353,21.90920199058957,21.516941308375664,21.68915367126465,1628000
2023-05-16,21.449966455638812,21.708284954404636,20.263617062018245,20.368858337402344,3541000
2023-05-17,20.67501762696875,20.703718472560272,20.120112106025864,20.15838050842285,4840000
2023-05-18,19.995733149618534,19.995733149618534,19.062917465193372,19.88092613220215,5766100
2023-05-19,20.139243536021166,20.18708131563321,19.397775287869145,19.498231887817383,4438600
2023-05-22,19.43125971931109,20.167945060139584,19.383423767236344,19.833087921142578,3276200
2023-05-23,19.660872776621893,19.833085099308107,19.297314848036592,19.440824508666992,2472000
2023-05-24,19.402558207681,19.45039415810312,18.72806108771172,18.895488739013672,4238400
2023-05-25,18.436260272323533,18.53193401473721,18.05834999344318,18.493663787841797,4019300
2023-05-26,18.58933335401515,18.73762588785765,17.766541908858915,17.843080520629883,3583800
2023-05-30,17.431687422897085,17.83351565140765,16.943753015075345,17.699573516845703,6531500
2023-05-31,17.38385420913526,17.688096333991318,17.106400515416215,17.374286651611328,4799000
2023-06-01,17.460390143955344,17.83351570555349,17.41255418855933,17.517793655395508,3574800
2023-06-02,17.881353191069692,18.244911190631854,17.70914083476273,18.005727767944336,3512200
2023-06-05,18.32144873063224,18.742412040646457,18.024861814970325,18.158803939819336,2819100
2023-06-06,17.890917831667362,18.70413987643228,17.814379221872155,18.57976531982422,2705900
2023-06-07,18.58933586646373,19.355680120583504,18.584551176117618,19.144241333007812,4822400
2023-06-08,19.22077866985605,19.483880051733557,18.646738129962213,18.94332504272461,3436000
2023-06-09,18.914625466661093,19.670444131949292,18.761548222429944,19.144241333007812,4070000
2023-06-12,18.857218733041428,19.07726885202682,18.503228316317397,18.58933448791504,2863400
2023-06-13,18.81894939480519,19.12510384523185,18.70414056348296,18.85721778869629,5425700
2023-06-14,19.1633745951604,19.622606283530388,18.97202714592731,19.201642990112305,3650100
2023-06-15,19.34515225882929,20.053134886421415,19.34515225882929,19.81395149230957,3358600
2023-06-16,19.957464058912304,19.976597344600723,19.44943837118705,19.66087532043457,4443400
2023-06-20,19.67044344558061,20.569773592676427,19.51736620669085,20.30188751220703,3408400
2023-06-21,20.129675417876538,20.646310602649304,20.092361406756556,20.53150177001953,2711900
2023-06-22,20.273184616582657,20.598474172474926,19.976595899559182,20.368858337402344,2138200
2023-06-23,19.99573206011773,20.244483017399137,19.785251323106326,19.794818878173828,3155200
2023-06-26,20.014868260796142,20.23300414864177,19.641742716955935,19.88092613220215,2222900
2023-06-27,19.87136110355838,20.347813753591375,19.828308010346223,20.15838050842285,2235200
2023-06-28,20.005303696832403,20.091409885183467,19.62165433192036,19.9670352935791,1900400
2023-06-29,20.081837614977772,21.115109807857742,20.01486655638385,20.713281631469727,2880000
2023-06-30,20.665451095402034,21.167735991246275,20.608047576546255,20.722854614257812,2796200
2023-07-03,20.665449233912394,21.311243781137083,20.60326102960582,21.019439697265625,1590600
2023-07-05,21.086407773254006,21.191647220155062,20.627174294249436,20.751550674438477,2411900
2023-07-06,20.608046235224013,20.972560472299175,20.263621494857087,20.40713119506836,2096200
2023-07-07,20.407125286272386,21.182078902888616,20.282750735388028,20.89505958557129,2326500
2023-07-10,20.808953652392947,21.182079133940345,20.718064626710063,20.828088760375977,2130100
2023-07-11,20.86635891930386,21.31602487087882,20.856791364501788,21.191648483276367,2927700
2023-07-12,21.4021309109761,21.574341421907608,20.225347224918366,20.234914779663086,3413400
2023-07-13,20.27318769051635,20.62717813895142,20.215782354425755,20.330591201782227,3344000
2023-07-14,20.234917957358302,20.41000076951519,19.909628344252233,19.95746612548828,3300300
2023-07-17,19.88092267641149,20.21099507513974,19.76611385412705,19.92875862121582,1758800
2023-07-18,20.014869388907236,20.761122343473833,19.9957342766511,20.502803802490234,2232700
2023-07-19,20.655879090931084,20.71328259742794,20.454964080955214,20.684581756591797,1939500
2023-07-20,20.923766712133247,21.000305334738652,20.622395087263662,20.933332443237305,2801300
2023-07-21,21.04814016149117,21.04814016149117,20.708500155934104,21.02900505065918,2574800
2023-07-24,21.09597791760036,21.24905516769623,20.837661198579053,21.153383255004883,2281700
2023-07-25,21.14381089173356,21.9082407602441,21.14381089173356,21.545639038085938,4112200
2023-07-26,21.2299181504121,21.77525598617759,21.220350595858825,21.449966430664062,4437600
2023-07-27,20.799389123158285,21.32559372026903,20.22534857395775,20.732418060302734,5676700
2023-07-28,20.93333015344286,20.93333015344286,20.100972951759662,20.646310806274414,3489900
2023-07-31,20.942896415067587,21.55520711594668,20.942896415067587,21.469100952148438,2917600
2023-08-01,21.335162179222888,21.536077218307682,20.775473803934577,21.306461334228516,2040900
2023-08-02,21.048140444793365,21.086410666972448,20.09140678821185,20.780254364013672,8869900
2023-08-03,20.751552145277216,20.86635915454742,20.263617793817573,20.70371437072754,1892500
2023-08-04,20.914197486518045,21.134245780837922,20.631960996038355,20.86635971069336,2385200
2023-08-07,20.942901020022237,20.971603689207633,20.574558310521244,20.9620361328125,2149300
2023-08-08,20.588907577354735,21.540856490569166,20.407127681808824,21.478670120239258,2419700
2023-08-09,21.84825210695352,23.172969561637583,21.608266914870473,22.740997314453125,5756500
2023-08-10,22.779388147625557,22.81778664735734,21.627460619790735,22.011436462402344,3466700
2023-08-11,21.853050515412814,22.135273695526205,21.550670498443115,21.905847549438477,3749700
2023-08-14,21.82904844294385,21.891445092945716,21.224286686663856,21.521867752075195,5217400
2023-08-15,21.147494463088808,21.627464817241098,20.93630633545918,21.003501892089844,2652100
2023-08-16,20.907508139115677,21.53146919909748,20.753917780687583,21.137893676757812,2499600
2023-08-17,21.531468197858818,21.694658174967824,21.21468786946385,21.31068229675293,1686400
2023-08-18,20.945903957451332,21.200287634902807,20.701119905877086,20.974702835083008,1848000
2023-08-21,21.17628936617166,21.35867859492676,20.88830791524584,21.31068229675293,2310600
2023-08-22,21.502669364024886,21.915444120546567,21.315481237449102,21.329879760742188,2010300
2023-08-23,21.147492136877432,21.22428731185671,20.792313308259892,20.92670440673828,2624600
2023-08-24,20.897905726599976,20.95550164559607,20.56192617573047,20.619522094726562,2446300
2023-08-25,20.73951821817458,20.763516369294297,20.36034120528171,20.56192970275879,2682600
2023-08-28,20.830707364114033,20.9842976812829,20.624320032116927,20.801908493041992,2446300
2023-08-29,20.965102926214804,21.40667472495818,20.696318898104884,20.91710662841797,2862400
2023-08-30,20.8403120734469,21.21660902468017,20.83071427751186,21.03230094909668,2351500
2023-08-31,20.98429719364001,21.157086754174873,20.629118449102684,20.715513229370117,3033000
2023-09-01,21.118692238457168,21.67545768786975,21.109092613181275,21.445072174072266,5139400
2023-09-05,21.28188048042847,21.781049968647277,21.089891652362418,21.48346710205078,2572400
2023-09-06,21.55066779926712,21.83864925486681,20.816311974887462,21.0226993560791,2696100
2023-09-07,21.003497254325975,21.205085710646998,20.701117316256234,20.84990692138672,2502700
2023-09-08,20.993901392255577,21.38747688549325,20.6291229447554,21.205087661743164,2276100
2023-09-11,21.349081132980803,21.569867056464872,20.83071410258596,21.003501892089844,2074200
2023-09-12,21.291484961633472,21.78105493702853,21.157093849896565,21.685060501098633,2932700
2023-09-13,21.88664453955172,22.875383998255792,21.81944899175519,22.28022003173828,3975300
2023-09-14,22.664197076080185,23.38415249190544,22.635398200308305,23.220962524414062,4741400
2023-09-15,23.096168290469244,23.63373629743165,23.019373122466217,23.048171997070312,4514600
2023-09-18,23.13456481359117,23.48014212461203,22.95217561856225,23.038570404052734,2278100
2023-09-19,23.326551252890237,23.451344531636334,22.83698325455102,22.942575454711914,1915100
2023-09-20,22.827389010111236,23.19216564660673,22.50100904701142,22.510608673095703,1379000
2023-09-21,22.289823198241752,22.37621801083096,21.838651712119376,22.222627639770508,2488400
2023-09-22,22.414613845304974,22.598921902403717,22.07863426208496,22.07863426208496,1445500
2023-09-25,22.0210348696313,22.918578695405657,21.82904604347134,22.836984634399414,2113000
2023-09-26,22.549006861308353,22.894586099792363,22.31382241473908,22.433815002441406,2012700
2023-09-27,23.201763161106992,24.094508165340947,23.18256391068574,23.566539764404297,5035900
2023-09-28,23.873720425363416,24.92965348339796,23.844921551966763,24.63207244873047,4716100
2023-09-29,24.670474527615095,25.2080407591279,24.37289161881105,24.948856353759766,4059900
2023-10-02,24.78566510395539,24.78566510395539,23.984115610753914,24.344093322753906,3133000
2023-10-03,24.21930023343656,24.3056950315392,23.44654777870813,23.672134399414062,2434600
2023-10-04,23.691331065834838,23.787325478914816,22.5538021228311,22.836984634399414,2545000
2023-10-05,22.808190130692207,23.355356009848393,22.760191999486363,22.952180862426758,1875000
2023-10-06,22.84658751048609,23.686535607650157,22.77939195566361,23.451351165771484,2771500
2023-10-09,23.73932878224594,24.9104573964438,23.681732863316274,24.526479721069336,2820100
2023-10-10,24.420890256801087,25.16484388242516,24.315296201094196,25.044851303100586,2907200
2023-10-11,24.747271083314434,25.227241417375247,24.339295200797828,24.852863311767578,2762200
2023-10-12,24.795268399804375,24.857665058451285,24.171307306160045,24.67047691345215,2250700
2023-10-13,25.150441728998707,25.198438021424945,24.516881148078177,24.72806739807129,2426900
2023-10-16,24.84326282519899,24.84326282519899,24.22890140477412,24.689672470092773,2105000
2023-10-17,24.4304901845242,25.24643826925335,24.4304901845242,24.7376708984375,2647600
2023-10-18,24.77606449356931,25.112044044266725,24.454485295819484,24.516881942749023,2170500
2023-10-19,24.411289154897517,24.555279875193403,24.142505134321546,24.401689529418945,2751900
2023-10-20,24.305694802827826,24.526480693260876,23.87372264732073,23.988914489746094,2471600
2023-10-23,23.700935172143982,24.29609735009248,23.60494074091121,24.027315139770508,1713200
2023-10-24,24.1137080153766,24.257698735233888,23.62413810310875,23.672134399414062,1795600
2023-10-25,23.59533738637036,23.892918428323526,23.44654594992318,23.681732177734375,2711400
2023-10-26,21.905846470258638,23.17296790068381,21.79065461164267,22.79859161376953,5703500
2023-10-27,23.182565275961142,24.315295484345985,23.019375299652456,23.825725555419922,3269400
2023-10-30,23.85452475197974,23.945718451659747,22.904183758737638,23.15376853942871,3998300
2023-10-31,22.961780804310884,23.000177478861886,22.42421454400624,22.645000457763672,2828300
2023-11-01,22.62579602510623,22.72179043591921,22.38581091354432,22.395410537719727,1943900
2023-11-02,22.529806931915157,23.095212661991834,22.443412124886155,22.68339729309082,2094500
2023-11-03,23.000174204480015,23.268958211838104,22.67379610896547,22.750591278076172,1546800
2023-11-06,22.942580844101702,22.942580844101702,22.270623497176913,22.520206451416016,2503400
2023-11-07,21.982641664398635,21.982641664398635,21.21468983675476,21.694660186767578,3330100
2023-11-08,21.670577526949398,22.036568694663547,21.473134560740917,21.55500030517578,2166900
2023-11-09,21.757262318900757,22.238830760068037,21.728367551097108,21.776525497436523,2305800
2023-11-10,22.1714136970879,22.604824235407644,21.762079378797136,21.853578567504883,3395300
2023-11-13,21.82468308643827,21.935443614971703,21.381640972304538,21.410533905029297,2972800
2023-11-14,21.882471295812504,22.282174020117836,21.632055463182297,22.065467834472656,3466900
2023-11-15,21.959518170137013,22.691502354079933,21.949888418789374,22.383298873901367,2587600
2023-11-16,22.161780613331796,22.749294718770237,21.79867721782111,22.113622665405273,2035400
2023-11-17,22.39292829475823,23.009335195450124,22.39292829475823,22.913022994995117,3630900
2023-11-20,22.913029967545743,22.999710606925113,22.25809651774232,22.614456176757812,2658100
2023-11-21,22.498880107410056,22.884134526296258,22.3544080929195,22.421829223632812,2110400
2023-11-22,22.142519201927158,22.86968865884986,22.0076806110437,22.720401763916016,3325600
2023-11-24,22.633714015304783,23.394592942703714,22.633714015304783,23.086387634277344,1300200
2023-11-27,22.970813289897386,23.269385186678697,22.86486765292693,23.10565185546875,2714000
2023-11-28,23.20196432924695,23.250120431672038,22.8359713374811,23.07675552368164,2251400
2023-11-29,23.144175582754578,23.25975095811557,22.720394920010165,22.913022994995117,1733200
2023-11-30,23.02859901028333,23.24048842902486,22.831156054603998,22.961179733276367,2635300
2023-12-01,22.913025898683614,23.88097759740636,22.89376272133647,23.683534622192383,3235400
2023-12-04,23.404224573119134,23.70761319333329,23.076757899213824,23.19233512878418,2250800
2023-12-05,23.076759231415636,23.173073288778106,22.686689962802518,23.03823471069336,1964300
2023-12-06,23.086391270965525,23.58722290938468,22.368855295553097,22.50851058959961,2425200
2023-12-07,22.508512287236577,23.057500078162686,22.41701309739021,22.720401763916016,2374900
2023-12-08,22.720397197274515,23.028600678511683,22.681870843601043,22.77818489074707,1775300
2023-12-11,22.518139172236385,22.70595240466395,22.209935668310823,22.595190048217773,3113800
2023-12-12,22.441092902981694,22.566301750303047,22.195493759448517,22.286991119384766,3109300
2023-12-13,22.296619335665607,22.864870265557933,22.17141234433379,22.65298080444336,5783400
2023-12-14,23.14418071973257,23.481277170220437,22.677058728288127,22.75892448425293,3611400
2023-12-15,22.893762820345827,23.10083738512892,22.383299640665086,22.826343536376953,4473000
2023-12-18,23.16343887768859,23.41385466151152,22.51813716011655,22.556663513183594,2655600
2023-12-19,22.7107666546319,23.519801748652394,22.575928084641063,23.298280715942383,4747100
2023-12-20,23.43312228081895,23.779852176009705,22.99970991183051,23.06713104248047,4864100
2023-12-21,23.221234191214382,23.462018446744892,23.05268411012018,23.4523868560791,2463500
2023-12-22,23.567960449151226,24.4636781044484,23.45238504416717,24.136211395263672,2950100
2023-12-26,24.32883450694353,24.55998710632324,24.054340680365275,24.078418731689453,1334700
2023-12-27,24.068787483397173,24.36735936551288,24.00136820392307,24.049524307250977,1478800
2023-12-28,24.011004278509795,24.078423570581354,23.635381458660863,23.702800750732422,1539100
2023-12-29,23.529436177522594,23.75095723697025,23.182706284795508,23.423490524291992,2409300
2024-01-02,23.5101708473545,23.986924406252815,23.423488382100263,23.490907669067383,2029000
2024-01-03,23.35607056574159,24.092869729757183,23.192337214067244,23.87616539001465,2516900
2024-01-04,24.078419675604987,24.723721396392705,23.847267067163695,24.454042434692383,2987300
2024-01-05,24.675567103921196,24.925981070343664,24.511833764621723,24.916351318359375,3025300
2024-01-08,24.75261803807954,24.791142557221864,23.84341660705226,24.309574127197266,2210900
2024-01-09,24.21326391498418,24.21326391498418,23.74132699913639,24.059162139892578,2092700
2024-01-10,24.07842183087084,24.07842183087084,22.81189632819645,22.99007797241211,3112100
2024-01-11,23.105655390566724,23.250125566787798,22.816715038124578,23.02860450744629,1966700
2024-01-12,23.30791129522777,23.404223505599347,22.797448129885172,22.92265510559082,1986100
2024-01-16,22.951552463028822,23.038234931783123,22.28698748159183,22.32551383972168,2451800
2024-01-17,22.03657245593822,22.498879584903168,21.88247069196255,22.41219711303711,2031500
2024-01-18,23.741323457784205,24.693866130021753,23.452383131846478,24.492570877075195,11647000
2024-01-19,24.608143424467304,25.166762670452872,24.434780351192533,25.118606567382812,6544800
2024-01-22,25.13787376908111,25.39792117619441,24.338470205651166,24.65630531311035,29167800
2024-01-23,24.540724972610118,24.954874086308692,24.463674102878123,24.848928451538086,3842400
2024-01-24,25.272706546129687,26.149160787794074,25.08971006050733,25.763906478881836,4306600
2024-01-25,26.062479739328253,26.149162193121743,25.397916709628248,25.754276275634766,3969400
2024-01-26,25.74465099871844,26.139537013006397,25.450893926300765,26.052854537963867,2308400
2024-01-29,26.04322231708276,26.091378426637643,25.330499403813235,25.648334503173828,3068600
2024-01-30,25.369024905638412,25.946907385999843,25.168692263458773,25.918012619018555,2323500
2024-01-31,25.850595955510958,26.192509132804954,25.66278454367448,25.715757369995117,4145200
2024-02-01,25.995065969556403,26.23585020621814,25.446078203893716,26.07211685180664,2898000
2024-02-02,25.879491422336983,26.02877647831023,25.43163258034124,25.657968521118164,3419000
2024-02-05,25.523125486714115,25.523125486714115,24.718907131458,25.108976364135742,3770800
2024-02-06,25.147505754267932,25.28234433620892,24.521465282026725,24.771881103515625,3651000
2024-02-07,24.829671895633176,25.1475070241423,24.54072970069161,24.97414207458496,3722700
2024-02-08,23.75095283579112,25.34975974281724,23.413854595554564,25.022293090820312,4814200
2024-02-09,25.04156050689901,25.070455276509858,23.72206208727726,24.348102569580078,5503300
2024-02-12,24.434783003572242,24.844115435213265,24.19399878800981,24.203628540039062,3825600
2024-02-13,24.059160537956092,24.48294130976034,23.770220188157435,23.88579559326172,4884800
2024-02-14,24.039896248600797,24.14584189592173,23.741324322650186,23.972476959228516,2954600
2024-02-15,23.433117052364715,23.97728983044683,23.433117052364715,23.722057342529297,3801400
2024-02-16,23.693168765409137,23.75577318001837,23.26938800326939,23.481277465820312,3046300
2024-02-20,23.36569723235567,23.442748097083275,22.725210426714472,22.961179733276367,4229400
2024-02-21,23.19789690369736,23.93219123057452,23.19789690369736,23.864559173583984,3083300
2024-02-22,23.796924629156006,24.05779270719778,23.487748466811066,24.02880859375,2627200
2024-02-23,23.912866592407227,24.10127070100891,23.598858516180893,23.912866592407227,2352200
2024-02-26,23.787265732620288,24.115764040193156,23.71963183108356,24.106103897094727,2930500
2024-02-27,24.366969468062422,24.482911453207272,23.99982322696851,24.24136734008789,3431200
2024-02-28,23.999818764122164,24.316723726529663,23.821076669645407,23.88387680053711,2932000
2024-02-29,23.94185383469387,24.251030013399827,23.90320589093793,23.932191848754883,4498800
2024-03-01,24.057793322155483,24.444263534965486,24.004653322362483,24.18339729309082,5384800
2024-03-04,24.328321417888475,24.859717687016083,24.29933546321717,24.44426155090332,5696800
2024-03-05,24.337984023661107,25.043292353139172,24.32832203852419,24.685806274414062,3290400
2024-03-06,24.98532415517872,25.50705849177496,24.859720181833165,25.265514373779297,4673200
2024-03-07,25.352466586831042,26.241348880945875,25.323480633614707,25.903186798095703,3597500
2024-03-08,25.99014598462587,26.320579257384832,25.792079887246178,26.241352081298828,2863400
2024-03-11,26.115748751283586,26.222026902138794,25.072278313162297,25.207542419433594,2924100
2024-03-12,25.01430709824413,25.07710908197524,24.25585875069058,24.405616760253906,3471000
2024-03-13,24.337983419324342,24.569865528346856,23.874217358444128,24.299335479736328,3409000
2024-03-14,24.299336119546258,24.299336119546258,23.59306214334613,23.874217987060547,3517600
2024-03-15,23.71962935037928,23.999821384650108,22.830747008620566,22.966012954711914,11379400
2024-03-18,23.18823370885616,23.796924032866126,23.043307616742858,23.468425750732422,5152400
2024-03-19,23.333159758860408,23.671321868404664,23.226881607681246,23.584365844726562,2826900
2024-03-20,23.31383578852411,23.85006398692732,23.3041756461912,23.584365844726562,2228800
2024-03-21,23.671321225628443,23.961173401461245,23.555379249594207,23.661659240722656,2041200
2024-03-22,23.574703230558804,23.864557249363923,23.31383516648475,23.34282112121582,1260100
2024-03-25,23.391133078053812,23.729295234597583,23.038478863161256,23.110942840576172,2904600
2024-03-26,23.38147104337881,23.478087215004106,22.453940684526128,22.792102813720703,3367900
2024-03-27,22.85007281069759,23.439441038432445,22.811426710740655,23.429779052734375,2074400
2024-03-28,23.565039977616557,23.661657978685927,23.154415776615593,23.439437866210938,2964100
2024-04-01,23.507071179021498,23.642335282096106,23.246203114947445,23.34282112121582,2018000
2024-04-02,23.468424422405413,23.75827659022621,23.207556365665614,23.478084564208984,2412300
2024-04-03,23.632677200511797,23.671325146536567,23.03364877981181,23.197898864746094,1988700
2024-04-04,23.139923686135393,23.27518778172504,22.453937538141272,22.5408935546875,2907900
2024-04-05,22.337998644562735,22.729298897788986,22.231718653397486,22.589202880859375,3119000
2024-04-08,22.72446884654283,22.816254939006722,22.405630715604598,22.531232833862305,1834400
2024-04-09,22.685822175918915,22.86939621395104,22.415293954435047,22.695484161376953,2047300
2024-04-10,22.183411218954067,22.77277946472168,22.101287102260756,22.77277946472168,1860300
2024-04-11,21.149601501961556,22.86939621395104,21.101293417506664,22.695484161376953,3604800
2024-04-12,22.86939951910369,22.883891577967535,22.246215188260557,22.309017181396484,2476200
2024-04-15,22.33799934366908,22.492587421382893,22.043315244641107,22.164087295532227,5190900
2024-04-16,22.27036233130775,23.4152825404094,21.96118621913743,23.27518653869629,4066900
2024-04-17,23.458764414209384,23.999822699716393,23.21238839225246,23.217220306396484,3907500
2024-04-18,23.284848522555986,23.67614873328124,23.154414504702572,23.27518653869629,2447100
2024-04-19,23.13992560359791,23.44910175789953,23.13026361842158,23.265527725219727,1414900
2024-04-22,23.246204401056794,23.362146383560436,22.946690223605717,23.10127830505371,1551100
2024-04-23,22.898380914834846,23.01432104830385,22.439446766334985,22.647174835205078,1973600
2024-04-24,22.627853989339336,22.70514803660158,22.357323902503747,22.666500091552734,1788000
2024-04-25,22.656838052011157,23.130264282226562,22.3863079878158,23.130264282226562,2029500
2024-04-26,23.178571069060578,23.197895038886003,22.656836783620477,22.85007095336914,1787300
2024-04-29,22.956352910238287,22.956352910238287,22.59886680919855,22.734132766723633,1551700
2024-04-30,22.511912984639267,22.511912984639267,21.139942203418624,21.197914123535156,5006800
2024-05-01,21.246221014392834,21.391147120829384,20.61820665794416,20.714824676513672,4646900
2024-05-02,21.18341578811963,22.086792004407325,20.676173571703387,20.811439514160156,4077700
2024-05-03,20.917721348825246,21.44911954203534,20.618207142768757,21.30419158935547,3446700
2024-05-06,21.44911316564766,21.603701215903847,21.035588380519183,21.12061309814453,2287200
2024-05-07,21.159263631441288,21.61336773688346,21.072307604562376,21.188249588012695,3447400
2024-05-08,21.052984837511364,21.246219013617928,20.966028813271073,21.178586959838867,2032000
2024-05-09,21.284868802705958,21.560228955764657,21.014338721264338,21.468441009521484,1793500
2024-05-10,21.60370636600129,21.642352466360702,21.02883018940889,21.13994026184082,2991100
2024-05-13,21.27520869167044,21.6568488822938,21.255884717828238,21.55539894104004,1563100
2024-05-14,21.642353050332055,21.93220710360784,21.63752297872006,21.72930908203125,1583000
2024-05-15,21.90864823323007,22.214012648161958,21.724459967985297,22.04436492919922,1987200
2024-05-16,22.063753720059932,22.191715705491717,21.792318477113202,21.869871139526367,2059500
2024-05-17,21.93773115088394,21.955182026675764,21.583896986240816,21.840791702270508,2764000
2024-05-20,21.83109669647214,22.58723472612702,21.821402382117412,22.412742614746094,3663000
2024-05-21,22.315802919832493,22.994388332293017,22.291568056709178,22.839282989501953,3296600
2024-05-22,22.71325930852652,23.09132832909308,22.40304864047176,22.89744758605957,1787400
2024-05-23,22.829588047024348,22.984693385552635,22.398201208679954,22.577543258666992,2203200
2024-05-24,22.839282740728063,22.960458904026286,22.558155003356983,22.81020164489746,1751200
2024-05-28,22.955612920668322,23.207659564949488,22.790813262830692,22.965307235717773,1992600
2024-05-29,22.781117876797357,22.82958760076443,22.34488296508789,22.34488296508789,1541900
2024-05-30,22.538766862084138,23.091329882862723,22.51453199869941,22.994388580322266,2111100
2024-05-31,23.091329230031235,24.12859688518522,23.052553819512234,24.021963119506836,3510100
2024-06-03,24.186760014721,24.98652148656168,24.167371387173016,24.64238166809082,4836900
2024-06-04,24.274007029645936,24.34186537717429,23.091326633290183,23.178573608398438,3320500
2024-06-05,23.081634448570032,23.33368108335384,22.771423774682717,22.87805938720703,2093800
2024-06-06,22.848975147262657,23.459703994716772,22.848975147262657,23.391843795776367,1507300
2024-06-07,23.197966122604125,23.314294209570733,22.742342543147025,22.926530838012695,1573000
2024-06-10,22.858669590391834,22.965305197470013,22.063754316903445,22.887752532958984,1921100
2024-06-11,22.57754424590938,22.596931027322025,22.16069793701172,22.16069793701172,1521500
2024-06-12,22.606622161249422,22.703563450677,22.034670587528165,22.296411514282227,1723100
2024-06-13,22.19947139694485,22.451518023163608,21.91058711577868,22.412742614746094,1581200
2024-06-14,22.3061062906154,22.451517303271032,22.015282416302792,22.02497673034668,1702000
2024-06-17,21.908651045273853,22.13064586874643,21.627521454395264,21.879568099975586,1226500
2024-06-18,21.91834523609736,22.01528468853884,21.637215646812763,21.80201530456543,1196000
2024-06-20,21.81170913269553,22.199472480809817,21.598439753483046,21.947425842285156,1632900
2024-06-21,22.024977524565664,22.092837725319914,21.142815253775932,21.20098114013672,6439300
2024-06-24,21.414250111154526,21.734155084178056,21.249450467536263,21.54996681213379,1617500
2024-06-25,21.57905014817878,21.617825556736317,21.045873950751687,21.0749568939209,1639300
2024-06-26,21.026487553737013,21.34639253841621,20.98771029547217,21.307615280151367,3401500
2024-06-27,21.472413074648724,21.559660049205412,20.851991788024513,20.92954444885254,1558400
2024-06-28,21.39970918343779,21.928037280133573,21.341543299195088,21.44333267211914,5453200
2024-07-01,22.461212208837605,23.265821805656504,22.393353857744664,23.042858123779297,4664400
2024-07-02,23.01377876547362,23.236742482079325,22.54361461823847,22.76173210144043,2436200
2024-07-03,22.878059254767024,23.241587732812047,22.567848582675506,22.674482345581055,1366500
2024-07-05,22.538765999534178,22.766577774435753,22.364272031439484,22.577543258666992,1616900
2024-07-08,22.68417795315724,23.101024260915086,22.606625280714027,22.742341995239258,1953300
2024-07-09,22.558154188146496,22.674482265268054,22.306107555714522,22.34488296508789,1523400
2024-07-10,22.19947152344557,22.31580144736381,21.53542670287455,21.65660285949707,3427300
2024-07-11,22.054061889648438,22.151003190831812,21.646909903879482,22.054061889648438,2543000
2024-07-12,22.354576719985776,22.451518014494233,21.77293080193642,22.286718368530273,1695900
2024-07-15,22.558157016453052,23.17373220282229,22.325498984038184,22.76173210144043,3032900
2024-07-16,22.74234205473611,23.202811857510508,21.995898273892994,23.071941375732422,2717900
2024-07-17,23.110715853372053,23.30459843613913,22.77142225803033,22.984691619873047,1854800
2024-07-18,23.081633479941566,23.081633479941566,22.189776905441864,22.461212158203125,2265200
2024-07-19,22.296413729166275,22.383660713417914,21.961968188869317,22.325496673583984,1591000
2024-07-22,22.28671908269698,22.320648259511973,21.79232012896233,21.840791702270508,1412300
2024-07-23,21.79232265990327,21.79232265990327,21.39001872423021,21.64691162109375,1546900
2024-07-24,21.646910207125178,21.8020155515908,21.327005203039647,21.37547492980957,1211200
2024-07-25,21.171895553321537,21.433636462258487,20.415755766059632,21.1912841796875,2550000
2024-07-26,21.336697446451893,21.55966112634679,21.142814860194626,21.54996681213379,1434600
2024-07-29,21.462721049014636,21.60813392144546,21.14281605786948,21.288227081298828,1072600
2024-07-30,21.2203695842101,21.38516924382121,20.79383081145322,20.91985321044922,1697700
2024-07-31,21.297922501269362,21.675993400606586,20.99740612405389,21.530580520629883,2580000
2024-08-01,23.081632520222794,23.57603143380186,21.43363799062722,21.91834259033203,5802900
2024-08-02,21.37547160189714,21.748694356724076,21.13311930777585,21.3560848236084,3074200
2024-08-05,20.309125060012622,20.793829697731287,19.640232142240457,20.677499771118164,3313600
2024-08-06,20.66780791351689,21.152512608858284,20.61933818358342,20.735666275024414,2290700
2024-08-07,21.13312339782715,21.569358351273785,20.924700236625046,21.13312339782715,2986600
2024-08-08,21.39486472246538,21.74385269097373,21.249453685254117,21.491806030273438,2293500
2024-08-09,21.501496747628114,21.87956575090698,21.365780048810333,21.772930145263672,1807700
2024-08-12,21.947422805659787,22.05405840501277,21.675989424035805,21.83109474182129,2469300
2024-08-13,21.792318622404487,22.08798872763884,21.617824668561177,22.073448181152344,1635100
2024-08-14,22.199470837236614,22.218859465457232,20.62902893139354,21.14281463623047,6542500
2024-08-15,21.50760269458262,21.609741472293678,21.11849940836188,21.38114356994629,2383900
2024-08-16,21.26440826721323,21.984246181730466,21.206041676974003,21.82860565185547,2241900
2024-08-19,21.877247465738577,22.796500128660636,21.77024388198871,22.42198944091797,2164500
2024-08-20,22.3344386587651,22.373349722779214,21.867517022885654,21.945337295532227,1151000
2024-08-21,22.854863582547583,23.900573364132107,22.135023752451765,22.58735466003418,4928900
2024-08-22,22.460896686588587,22.718675979510568,22.276072852129385,22.674901962280273,2800800
2024-08-23,22.72354341426844,22.888911736749673,22.305258724734628,22.840272903442383,2111600
2024-08-26,22.995914717678748,23.005642484872542,22.402535761912258,22.42198944091797,2297400
2024-08-27,22.51926497236687,22.840273864170438,22.169074634733246,22.558176040649414,2470400
2024-08-28,22.421988497377523,22.850000958983923,22.188527660696344,22.83054542541504,2993400
2024-08-29,23.122372738074617,23.151554182888727,22.713815812240966,22.772180557250977,2180100
2024-08-30,22.65545106723096,23.015369159404774,22.485217932494226,22.772180557250977,2255400
2024-09-03,22.373350968623726,22.567902588764458,21.4297798783192,21.527053833007812,2908300
2024-09-04,21.478412204849842,21.760511807431484,21.322771684591473,21.42977523803711,1821300
2024-09-05,21.303321756510055,21.478417851680078,20.962857333166323,20.992040634155273,2571400
2024-09-06,20.90448981728113,21.09320439016997,20.067920520239472,20.38892936706543,3540300
2024-09-09,20.34029258272455,20.51538865632439,20.170061319714492,20.194379806518555,2385400
2024-09-10,20.243014988555316,20.427838811595606,19.910333962464243,19.999826431274414,2110700
2024-09-11,19.7955552779678,20.29166031646203,19.659368380584922,20.16520118713379,2391100
2024-09-12,20.301383765744138,20.80721460930409,20.272200467788473,20.748849868774414,2718200
2024-09-13,21.030948736675118,21.760514460090032,20.9434007014348,21.468687057495117,2404200
2024-09-16,21.848058277908255,22.214787395245402,21.61459749430122,21.799421310424805,1974000
2024-09-17,22.110703715191356,22.48521432506925,21.98424647872759,22.071794509887695,2457900
2024-09-18,22.15934235533999,22.480351181776307,21.82860576381391,22.013427734375,1713600
2024-09-19,22.538718312490698,22.567901610861774,21.886972825256674,22.188526153564453,2382300
2024-09-20,22.110704122597042,23.389876507778023,22.08152268192698,23.258554458618164,16943700
2024-09-23,23.229369830007467,23.599017470596547,22.747857532758257,22.859724044799805,3115000
2024-09-24,23.735207026704927,24.236176805161968,23.482290659656524,23.910303115844727,4670300
2024-09-25,23.599021373455567,24.348042687919627,23.599021373455567,24.309131622314453,3741600
2024-09-26,24.72741344620814,25.106787015156282,24.523134086125783,25.09705924987793,4231000
2024-09-27,25.26242742208482,25.797443377420468,25.126242419634274,25.291610717773438,3238700
2024-09-30,25.544530266044816,25.87526690399385,25.427798923964442,25.81690216064453,2957400
2024-10-01,25.84608433883677,25.84608433883677,25.242977644537337,25.602895736694336,2270700
2024-10-02,25.846082461472495,26.103861767297165,25.038696435220437,25.223520278930664,2462500
2024-10-03,24.999787637419264,25.51534625754274,24.844147089225572,25.272157669067383,1666800
2024-10-04,25.427797023081506,25.768261402033925,25.320795310837077,25.690441131591797,1716200
2024-10-07,25.739081225582716,26.12331966920714,25.554259220487427,25.651535034179688,2196800
2024-10-08,25.29161147649718,25.398615041850615,24.703095577816416,25.077606201171875,1494100
2024-10-09,24.844147855940502,25.145701195449302,24.620412937548412,25.05815315246582,1440600
2024-10-10,25.019240983939063,26.050361921329767,24.883055969913812,26.040634155273438,2052200
2024-10-11,25.943357893514285,26.449190587251152,25.836354324159508,26.371370315551758,2184800
2024-10-14,26.264367789865656,26.351915830929077,25.860673838808577,26.02117919921875,1228700
2024-10-15,25.641802694521775,25.78771546134836,24.70795764714496,24.727413177490234,1895400
2024-10-16,24.902513050339643,25.31106997319908,24.74687249452479,24.98033332824707,1385600
2024-10-17,24.873327551651126,24.873327551651126,24.49395396231029,24.61068344116211,2252400
2024-10-18,24.824692571961627,24.844148105126816,24.124308221068926,24.231311798095703,1565500
2024-10-21,24.095125486398583,24.24103826656028,23.715750031520166,24.085397720336914,1733700
2024-10-22,24.143762172709526,24.372360033971905,24.00757716023746,24.095125198364258,1572500
2024-10-23,23.832480368179407,24.211853951746686,23.579564027340695,23.67683982849121,3284900
2024-10-24,23.71574992001769,23.871392320890948,23.394741063018547,23.77411651611328,1491600
2024-10-25,24.036761875187945,24.202130208010306,23.657388228576245,23.73520851135254,1615000
2024-10-28,23.589293327331543,24.464771883867506,23.550382262187778,24.318859100341797,1691000
2024-10-29,24.31885926322635,24.455044281378267,23.93948565244217,24.25076675415039,1986300
2024-10-30,24.1534923073215,24.649597286897794,23.968668446997352,24.01730728149414,2800400
2024-10-31,25.53480281340816,26.546468272598812,24.965742384149735,25.554258346557617,5628000
2024-11-01,25.729353941348318,26.26436810503902,25.44920057765986,25.758535385131836,2443700
2024-11-04,25.84121916750889,26.22545571585893,25.340249428389527,25.612621307373047,2581800
2024-11-05,25.622348328742845,26.663195129563423,25.57371135605054,26.45891761779785,2905800
2024-11-06,28.20014670656764,29.12426402625572,27.665132588041846,28.98807716369629,5210900
2024-11-07,28.890807899160297,28.968628180923492,27.986145964049467,28.26824378967285,4301700
2024-11-08,28.112598603368273,28.375242706898604,27.610658517917308,27.918048858642578,2757500
2024-11-11,27.840227083457464,27.840227083457464,27.003657845790705,27.460851669311523,1839100
2024-11-12,27.18848361921448,27.30521309702538,26.030905474530403,26.069814682006836,5956000
2024-11-13,26.3324602015072,26.984205696258364,25.95308659521591,26.90638542175293,2323300
2024-11-14,27.12584593574866,27.486744387883988,26.25774141255083,26.38454246520996,2106100
2024-11-15,26.716181453317272,26.794213308943757,26.01389475267893,26.082172393798828,1297700
2024-11-18,26.316267084694626,26.44209328491669,25.584717764887447,25.81881332397461,1931300
2024-11-19,25.604225883677163,26.140694634212338,25.51643981752761,25.8968448638916,1084200
2024-11-20,25.99438685508721,26.384546141195923,25.80906049652574,25.955371856689453,2183200
2024-11-21,26.218729708697396,27.584290078667888,26.087052453715444,27.44773292541504,3282700
2024-11-22,27.21363644006366,27.437977802407026,26.37479441990449,26.73569107055664,2219200
2024-11-25,26.6771655375435,27.18437351187167,24.550795219374443,25.350622177124023,6829300
2024-11-26,24.70685861344105,25.233575009463475,23.399823697858842,23.51687240600586,6621200
2024-11-27,23.507121428710793,24.3849803491966,23.507121428710793,23.653430938720703,2663600
2024-11-29,23.760721251617795,23.858259667448902,23.029171970328342,23.263267517089844,1822200
2024-12-02,23.20474698570805,23.487611775616532,22.69266093668317,23.019420623779297,3498700
2024-12-03,23.048679745093153,23.341300589199196,22.757035624703345,22.960895538330078,2069000
2024-12-04,22.921880478823844,22.990158123007458,22.41467246427948,22.5122127532959,3246700
2024-12-05,22.375655635223346,22.512210912424152,22.04694624622846,22.49270248413086,2275900
2024-12-06,22.502461381284405,22.756065420596602,21.63435660625817,21.829435348510742,2019200
2024-12-09,22.453688030453456,22.72679859145344,21.85869397611577,21.887956619262695,2072700
2024-12-10,21.926971898989905,22.073281395758038,21.60509026192953,21.819679260253906,1835500
2024-12-11,21.79041347961052,21.848936897807047,21.502670704540886,21.64410400390625,1583400
2024-12-12,21.54656714819575,21.926972217402184,21.302717363232397,21.741647720336914,1387600
2024-12-13,21.624598210798716,21.72018690625836,21.2636997237195,21.45878028869629,1185400
2024-12-16,21.936725671765554,21.94647988607717,20.897925102905244,20.971080780029297,1969100
2024-12-17,20.84427996136599,20.98083524249143,20.434612257563497,20.91255760192871,2329200
2024-12-18,20.971081447006064,21.39050337361438,20.53215109115406,20.80526351928711,2453000
2024-12-19,20.980834780798457,21.312470622313445,20.731132106155755,21.01984977722168,2523700
2024-12-20,20.873540041564443,21.31247037387238,20.00543545147331,20.122482299804688,6654300
2024-12-23,20.04444981537804,20.22002194276488,19.644536352075146,19.800600051879883,1949000
2024-12-24,19.751829889419437,19.75670606586644,19.322653805470807,19.55674934387207,1194800
2024-12-26,19.468962288233666,19.673797036620044,19.19585177095298,19.32265281677246,1706800
2024-12-27,19.28364103721468,19.537245031512114,19.10026627066719,19.468965530395508,1634600
2024-12-30,19.507983006423764,20.33707265628202,19.4104427193064,20.268795013427734,2541000
2024-12-31,20.39559544990895,20.629691015452565,20.210269096193773,20.42485809326172,1871300
2025-01-02,20.61018290589551,20.81501769168635,20.171254411360067,20.346826553344727,1956000
2025-01-03,20.38584211315896,20.41998093499393,19.556752453396314,19.732324600219727,2006000
2025-01-06,19.70306287013451,19.907895791310764,18.961759319371854,19.020282745361328,3577900
2025-01-07,19.030037813541213,19.127578101517237,18.630124307223138,18.81545066833496,3125300
2025-01-08,18.58135432618112,18.795943344438108,18.259472659222006,18.542339324951172,3973300
2025-01-10,18.493568984283876,18.66914114787573,17.39136864457319,17.44013786315918,6470800
2025-01-13,17.39136504806069,18.366764101480637,17.296751220811686,18.357009887695312,3579800
2025-01-14,18.522826868293915,18.62816976727338,17.88881788758794,18.103404998779297,3333300
2025-01-15,18.35701047941344,18.35701047941344,17.95709700345457,18.21070098876953,2402500
2025-01-16,18.044884084896704,18.478936404405758,17.70349401390801,18.425289154052734,2588600
2025-01-17,18.44480160450358,19.02028737123667,18.376523947505866,18.825206756591797,3351600
2025-01-21,19.000772105679292,19.293392922430474,18.69254603604066,19.098312377929688,2094000
2025-01-22,19.0788060014323,19.244623923947497,18.532583022734197,18.58135223388672,1987700
2025-01-23,18.581354829937414,19.995684476074203,18.569650887379034,18.883729934692383,5454600
2025-01-24,18.922744971840224,19.020285268378732,18.483816428056564,18.87397575378418,2461300
2025-01-27,18.65938263408792,18.756922909218993,17.918081008114175,17.986358642578125,3177500
2025-01-28,18.054635752881833,18.06438996615436,17.576690465083836,17.625459671020508,2098800
2025-01-29,17.67423000233615,18.07414342774805,17.67423000233615,17.820539474487305,3076100
2025-01-30,17.898574829101562,18.035130115181094,17.62546239651626,17.898574829101562,1849300
2025-01-31,17.996112022780206,18.04975740421341,17.596198587645173,17.7034912109375,2368200
2025-02-03,17.498658891890955,17.67423101267923,17.05972858992027,17.069482803344727,3159500
2025-02-04,16.679324586175845,17.83029579452396,16.679324586175845,17.76201629638672,2438600
2025-02-05,17.80103600433577,17.80103600433577,17.420630898757643,17.537677764892578,4402800
2025-02-06,16.79149685285408,17.128008896599717,15.938022579486814,15.947776794433594,8139500
2025-02-07,16.04531683242243,16.53301640957294,15.401552609204726,15.538108825683594,4824500
2025-02-10,15.645403903584718,16.513508587513652,15.596632827819642,16.328182220458984,4471200
2025-02-11,16.162362208868,17.42062789568251,16.084330358087524,16.86465072631836,4827800
2025-02-12,16.708585188631144,17.00120602480305,16.2794109389274,16.376951217651367,3353100
2025-02-13,16.33793691249341,16.684203188614077,16.21113583265569,16.6793270111084,2097600
2025-02-14,16.884156608023144,16.908541211571887,15.796586918000386,15.811217308044434,3368800
2025-02-18,15.869744034471664,15.92729259709264,15.274749979475713,15.460076332092285,3604200
2025-02-19,15.337569884824523,15.396372482359434,14.573141724684184,14.68094539642334,4754600
2025-02-20,14.627045250745786,15.229767486349374,14.627045250745786,15.190566062927246,4219700
2025-02-21,15.190566500118917,15.190566500118917,14.318333635578727,14.347735404968262,3269700
2025-02-24,14.30853392720083,14.77895102005559,14.284032452800677,14.641745567321777,3182100
2025-02-25,14.377134648230063,14.494738908862827,14.014521277620151,14.092924118041992,3886700
2025-02-26,14.357534128143213,14.47513932879592,13.813614514643657,13.87731647491455,4148400
2025-02-27,13.828315470495806,13.916518910089026,13.40690038691308,13.465702056884766,3430000
2025-02-28,13.36769770123638,13.631327562309295,13.132488239627088,13.514702796936035,3879400
2025-03-03,13.936118818991154,14.024322250541037,12.289657255754978,12.838478088378906,10420900
2025-03-04,12.64247036735077,12.858078657193328,12.279856977627523,12.613069534301758,4772500
2025-03-05,12.495465286218124,12.9266809319146,12.03484787279289,12.466064453125,5045300
2025-03-06,12.309259362522734,12.608169871886185,11.907443595738794,12.603269577026367,3214500
2025-03-07,12.622871130451243,12.676773440870555,12.172054270983852,12.230855941772461,2879400
2025-03-10,12.201453205381245,12.789475429467197,11.976045278084152,12.64246940612793,4955900
2025-03-11,12.809077793443695,13.598007538929902,12.76007671218315,13.534305572509766,7176700
2025-03-12,13.651909003188592,13.73031184990578,12.31905873972507,12.328859329223633,5504700
2025-03-13,12.309258435041794,12.78947607949223,12.05444872934481,12.750274658203125,4553900
2025-03-14,12.887480087975737,13.127589862025348,12.662072133085964,13.073687553405762,2925200
2025-03-17,13.230493574664125,13.465702125012253,12.78947730910246,13.083488464355469,3191000
2025-03-18,13.661708819251412,13.985121734070463,13.23049315721879,13.896918296813965,6330900
2025-03-19,13.808714873809938,13.862617182108027,13.436300879806822,13.720511436462402,4622900
2025-03-20,13.31869538045353,13.661707573963508,13.083486858966303,13.563704490661621,2767300
2025-03-21,13.308896018597677,13.867516542284518,13.132489143902603,13.720511436462402,11600000
2025-03-24,13.838114414526617,14.342833517372316,13.563704473145883,14.210528373718262,4638100
2025-03-25,14.210529008455515,14.651545239032181,14.092924742610778,14.11252498626709,4759300
2025-03-26,13.95571965554756,14.03412250145008,13.455900811942263,13.769513130187988,3934900
2025-03-27,13.622506758751703,14.073323578942793,13.38729822681782,14.053723335266113,2968200
2025-03-28,13.916518265176073,14.122325969810912,13.186391176852288,13.446101188659668,3634600
2025-03-31,12.97568163838582,13.318694750302303,12.78947513467737,13.27949333190918,3435100
2025-04-01,13.426498729387296,13.59310499509051,13.06388536716135,13.259892463684082,3650900
2025-04-02,13.161889387262374,13.161889387262374,12.701272009299032,13.024683952331543,3709000
2025-04-03,12.240654960327987,12.53466608043302,11.652633654753508,11.711435317993164,6590500
2025-04-04,11.123414753714115,11.29982068982485,10.064975398507112,10.260982513427734,8656400
2025-04-07,9.810166316261755,10.388388043650624,9.418151126431413,10.104177474975586,6940400
2025-04-08,11.902542060077131,11.927042595262558,10.78039997743705,11.035209655761719,12440000
2025-04-09,12.338660284602527,13.387299091517129,10.839204628378116,12.01524829864502,24450000
2025-04-10,11.535029407885268,11.64087314955584,10.83430320007076,11.00580883026123,8445200
2025-04-11,11.172415917810369,12.554268191610209,11.09891336597655,12.47586441040039,8069200
2025-04-14,12.750274012085827,12.78555463521326,11.348821636406306,11.789837837219238,7491900
2025-04-15,11.829040500368592,12.211255079736045,11.637933678002696,12.123051643371582,5203300
2025-04-16,12.044648165168457,12.652270663718726,11.726136499709085,11.985845565795898,5146700
2025-04-17,12.025048207356793,12.657171258785706,12.0074069598083,12.58366870880127,3849800
2025-04-21,12.456263242501084,12.495464662881563,11.985845263299744,12.064249038696289,3209300
2025-04-22,12.162252747839103,12.221055348751857,11.780039113130929,12.172053337097168,4025900
2025-04-23,12.59346833814746,12.848277096362663,11.662432993857022,11.87804126739502,6968800
2025-04-24,12.015247617884485,12.564067530083987,11.868241583282895,12.436662673950195,4000100
2025-04-25,12.299458495363602,12.407262175940822,11.93684509563769,12.328859329223633,3669500
2025-04-28,12.309257824429931,12.5738671713463,12.260255816590437,12.348459243774414,2881200
2025-04-29,12.24065557007021,12.750274994922618,12.083849880772739,12.554267883300781,4106100
2025-04-30,12.211255088226933,12.32395906382182,11.966245957993355,12.093650817871094,3538600
2025-05-01,12.162252426147461,12.456263553663362,11.941744781487243,12.162252426147461,4218900
2025-05-02,12.348460182438943,12.730673816442618,12.24065557007021,12.554267883300781,3923500
2025-05-05,13.014883359371776,13.406898487052803,12.309257811889935,13.259892463684082,10503000
2025-05-06,13.426499610754918,14.74954923474572,13.348096766999157,14.524140357971191,10866400
2025-05-07,14.563341487427666,14.592743254222427,13.671508456636536,14.043922424316406,6597300
2025-05-08,14.014521919252292,14.102725352424011,13.357897399680194,13.87731647491455,6419700
2025-05-09,13.955719629284756,14.10272566605207,13.504902798875822,14.004721641540527,5557800
2025-05-12,14.455538116130901,14.857352924393519,13.857716198305498,14.31833267211914,6473600
2025-05-13,14.504540394504833,15.28366948718273,14.406536370599376,14.974957466125488,5100200
2025-05-14,14.759350171677738,14.93673653975758,14.259531329979833,14.38693618774414,3689800
2025-05-15,14.175146596577902,14.214549328308015,13.869774721093103,14.096341133117676,3414300
2025-05-16,14.04708786424401,14.746487075982252,13.938729644473487,14.490368843078613,4587900
2025-05-19,14.263802566450586,14.460817171830005,13.593956102240455,13.85992431640625,4771700
2025-05-20,13.820521476218415,13.879626045261704,13.569328701796138,13.84022331237793,2409800
2025-05-21,13.593954602801706,14.249025556957506,13.400880949642241,13.7614164352417,4602500
2025-05-22,13.593954470261544,13.818549928531263,13.209777163215175,13.337836265563965,3546400
2025-05-23,13.002913297465591,13.869774309221324,12.914256918846737,13.702312469482422,3644800
2025-05-27,13.87962496201013,14.510068638946796,13.790968585082117,14.224398612976074,3765900
2025-05-28,14.224399487264877,14.267743150322977,13.751566700500172,13.800820350646973,2647300
2025-05-29,13.87962666048488,13.889477579001285,13.436345661034903,13.534852027893066,2835300
2025-05-30,13.33783790300781,13.357539739373346,12.943810570049706,12.96351146697998,3003600
2025-06-02,13.229480041357148,13.544701893905124,12.79604905466846,12.865004539489746,4074900
2025-06-03,12.914257171879548,13.130972663923451,12.43157347820309,12.933959007263184,3293800
2025-06-04,12.933958191485509,13.574252770105172,12.845301816721367,13.199926376342773,3714300
2025-06-05,13.327986130384822,13.414672513852357,12.93888428146293,12.9832124710083,4442100
2025-06-06,13.150674653779955,13.318136498767057,12.8994818862993,13.042316436767578,2879800
2025-06-09,13.259031295776367,13.446194027971528,12.920167630696902,13.259031295776367,3217700
2025-06-10,13.584104163655237,13.63335781130019,13.042315918431147,13.278732299804688,4234800
2025-06-11,13.347688270100537,13.672761041228409,13.19992732176545,13.603806495666504,4142900
2025-06-12,13.219629866990795,13.39694263873754,12.963511627675556,13.071869850158691,3892100
2025-06-13,13.081718635587393,13.515149607107611,13.002913175208297,13.436344146728516,3595000
2025-06-16,13.643209012742215,13.820520832746075,13.209778031765648,13.406791687011719,3301600
2025-06-17,13.47574790267396,14.322907135951464,13.461956993029633,13.85992431640625,5005300
2025-06-18,13.790969031983842,14.401711833525187,13.43634445221522,14.056938171386719,3758400
2025-06-20,14.066787481887939,14.167264770188787,13.20977741688284,13.21962833404541,6612300
2025-06-23,13.298434831185364,13.71216398997706,12.943810240550441,13.150674819946289,4265400
2025-06-24,12.99306175660513,13.11127088204914,12.608885386935132,12.707391738891602,4999400
2025-06-25,12.618736730548434,12.761571274516264,12.392170328462488,12.697542190551758,3410900
2025-06-26,12.746795393668007,12.84530269221659,12.406947186489363,12.61873722076416,5471400
2025-06-27,12.628587341598253,12.840377378263334,12.411872785441867,12.480827331542969,4423000
2025-06-30,12.707391914813764,13.470821085079947,12.480826456685651,13.21962833404541,7313500
2025-07-01,13.190077042408296,13.283657940839452,12.579334245759549,12.9832124710083,5205700
2025-07-02,13.446194415059416,14.519920010204839,13.396941705835301,14.460816383361816,7294200
2025-07-03,14.756335316619792,14.805588961674873,14.11604074920916,14.283502578735352,3368000
2025-07-07,14.027384375997043,14.450964408261543,13.909176191525933,14.283502578735352,4555000
2025-07-08,14.194846716749915,14.293354010407812,13.859923045635272,14.047086715698242,3590800
2025-07-09,14.1061901660072,14.184995624185497,13.810670167556175,13.938728332519531,2900800
2025-07-10,14.130818128729041,14.938574583067146,14.126877198028685,14.618427276611328,4443600
2025-07-11,14.43126358539255,15.14051368133816,13.899326248292143,15.022305488586426,5005900
2025-07-14,14.825291895328128,15.199618310308036,14.51006910725098,14.707083702087402,3819700
2025-07-15,14.726783825583361,15.032155680016828,14.362308347346747,14.657829284667969,5161900
2025-07-16,14.677531167877987,14.756336631212575,14.3357129638677,14.500219345092773,4573600
2025-07-17,14.4903692938304,15.800512313842773,14.460817478171558,15.800512313842773,7201800
2025-07-18,15.800510893757998,16.125583655094896,15.317826271057129,15.317826271057129,5857300
2025-07-21,15.731555585383779,16.007374701819426,15.386780985262817,15.67245101928711,5012600
2025-07-22,16.549162182002398,17.514531447734377,16.494984953030627,17.081100463867188,12996100
2025-07-23,17.21900977116528,17.228860688976468,16.869310643785067,17.120502471923828,3514000
2025-07-24,17.130353792512135,17.484979326571295,16.8909819327963,17.021997451782227,3782600
2025-07-25,16.982593298002215,17.02199696905601,16.224089540050723,16.45065689086914,4091900
2025-07-28,16.421105220921195,16.421105220921195,15.106037674669633,15.239022254943848,9281900
2025-07-29,15.298125096142842,15.879317039842578,15.298125096142842,15.839913368225098,5999500
2025-07-30,15.495138777480536,15.682302460169343,14.913948711885121,15.189767837524414,5163500
2025-07-31,14.037238340401153,16.352151705644957,14.037238340401153,15.908869743347168,13364400
2025-08-01,15.475437334943868,15.933493728712973,15.15036457062504,15.830061912536621,6105300
2025-08-04,15.672449177261617,16.52453372039236,15.386779176812896,16.480205535888672,5767200
2025-08-05,16.618121126213392,17.081103054489155,16.509762894094727,16.95304298400879,4217500
2025-08-06,16.99244499206543,17.012146828492405,16.071405746115488,16.253643035888672,4050900
2025-08-07,16.578713645042868,16.80527909759858,16.036926366519165,16.775728225708008,4263500
2025-08-08,16.99244416063078,18.026766097120998,16.775729607149426,17.01214599609375,5284100
2025-08-11,16.99244462376411,17.351994675845965,16.706773638376326,17.33721923828125,3209400
2025-08-12,17.622885650789012,18.558702050152977,17.484976577612507,17.84945297241211,5272500
2025-08-13,17.81005045292673,18.174526871188867,17.514530454562003,18.046466827392578,4304500
2025-08-14,18.011848066807016,18.07119653873742,17.487616437579288,17.774459838867188,2789600
2025-08-15,17.784349195080317,17.784349195080317,17.294736621111614,17.368919372558594,2969500
2025-08-18,17.012843144623577,17.210665761387773,16.750725394684448,16.913930892944336,3891800
2025-08-19,17.309574069398824,17.433213884180244,16.30067272799991,16.32045555114746,8377800
2025-08-20,16.14241485927778,16.221544269898004,15.647855571252876,15.825897216796875,4600600
2025-08-21,15.529160712504476,15.974263861776537,15.499487420765522,15.84567928314209,4123800
2025-08-22,15.717093689340448,16.53806104567702,15.628072871233718,16.330347061157227,3724000
2025-08-25,16.320456496668157,17.17109907535608,16.275946085304394,16.617191314697266,4120300
2025-08-26,16.320455665705285,16.908980509022076,16.03460084961392,16.725994110107422,3681100
2025-08-27,16.48860636126993,16.82490682036626,16.389694128607378,16.577627182006836,3761500
2025-08-28,16.735884850766986,16.735884850766986,16.3303464226239,16.656755447387695,2382800
2025-08-29,16.627080888466573,17.2403351676078,16.577625719794398,17.210660934448242,3650500
2025-09-02,17.03262101233517,17.06229524846284,16.280890676446404,16.597410202026367,3971700
2025-09-03,16.468822893495048,17.017783971043855,16.300672670521482,16.904035568237305,3542600
2025-09-04,16.89414332712132,17.482668135332705,16.810069163059875,17.210660934448242,4043100
2025-09-05,17.111751723943577,18.921838760375977,17.091970784947474,18.921838760375977,6661700
2025-09-08,18.80314217765465,18.80314217765465,18.086030915819016,18.179996490478516,3767200
2025-09-09,18.743796793909546,18.763577730588203,18.13054247861834,18.29869270324707,2764700
2025-09-10,18.298692899781603,18.377822307127712,18.021739030773272,18.3184757232666,2658600
2025-09-11,18.120651358757982,18.452007050829675,18.08108759816975,18.328367233276367,2062600
2025-09-12,18.0711950373628,18.348147003652826,18.00195704579029,18.209671020507812,1822100
2025-09-15,18.36793201810896,19.841718499135364,18.209673193743306,19.821937561035156,7162500
2025-09-16,19.82688099987469,20.286821267033236,19.55487378157296,20.27692985534668,4914700
2025-09-17,20.19780021295068,21.08306173934,20.019758577856305,21.038551330566406,9191100
2025-09-18,20.96931448380074,21.780391411092584,20.326385902640855,21.552894592285156,5672200
2025-09-19,21.612240523096634,22.62114188886285,21.295722891466582,22.4727725982666,7100000
2025-09-22,22.106801006338404,23.204721365432636,21.96832311996174,22.799182891845703,5186900
2025-09-23,22.957441712631912,23.738846309208476,22.78929336240526,23.590478897094727,7966200
2025-09-24,23.491564508475655,25.707189734673257,23.348141872378232,25.52914810180664,10388300
2025-09-25,25.42034757029816,26.043491428674116,24.08503714624234,24.27297019958496,7646100
2025-09-26,24.193838806396517,24.598388685406263,23.956450580994215,24.263078689575195,3507900
2025-09-29,24.747745529123065,26.676525488248462,24.361988028022918,26.518266677856445,8375200
2025-09-30,26.1424035114653,26.315498502634842,25.232414372329906,26.23142433166504,4696500
2025-10-01,26.38968283825095,28.2096610951368,26.22647737427114,27.972272872924805,5635000
2025-10-02,28.16020619429644,29.000957391511616,27.7151039510136,28.991065979003906,5380600
2025-10-03,29.27791022839301,32.24032119376352,29.109759995000786,31.65179443359375,12937400
2025-10-06,32.12656971676112,32.91786379388572,30.791259310843696,30.93962860107422,8966600
2025-10-07,31.256147396686387,32.809061373440144,31.226473160215694,32.04744338989258,5595500
2025-10-08,32.24526347968189,32.729933233276846,31.38473139076367,31.394622802734375,5710900
2025-10-09,31.899072533760492,32.922810059497856,31.478697913922126,31.493534088134766,3419800
2025-10-10,32.14635261091273,32.245262955825034,30.43517798625283,30.553871154785156,5092200
2025-10-13,31.157229913255012,33.24328178687712,30.919841721259544,33.05633544921875,6737800
2025-10-14,32.39363409289334,35.59838001144644,31.795217793730853,34.500457763671875,8808000
2025-10-15,34.78729779910578,34.96533944101888,31.572664379095585,32.57167434692383,8603600
2025-10-16,32.81895228546298,33.75861561949856,32.4727623181177,32.78927993774414,4944300
2025-10-17,32.274939292449105,32.62112927513183,30.835769993322728,30.969301223754883,4070800
2025-10-20,31.66168329323606,32.01776657683483,31.22053726279022,31.582555770874023,2566200
2025-10-21,30.82093324440677,31.177016518922983,28.209660928871543,28.545961380004883,5775300
2025-10-22,27.98216656189378,28.882264351837907,27.522226254367006,28.011838912963867,4762400
2025-10-23,28.387702562923543,29.40550486611519,28.110748695376223,28.743783950805664,6537300
2025-10-24,28.82291470238124,29.327365402557916,28.47672471003898,28.684438705444336,2372700
2025-10-27,28.882260723897925,29.11964893561018,27.79423000527141,28.0415096282959,1961200
2025-10-28,27.794231088465434,27.804122500163157,26.824895381215093,27.171085357666016,3444900
2025-10-29,27.408476794279757,27.457933858570833,26.07316813052037,26.70620346069336,5201500
2025-10-30,25.865451070411847,26.191860133676617,24.32737134212387,25.588499069213867,6700000
2025-10-31,26.70620174197552,27.255162857415606,25.766538333453603,27.121631622314453,4381200
2025-11-03,27.71015577434835,29.99996576235568,27.250215494354368,29.61421012878418,6931600
2025-11-04,27.789285710978753,29.208672225755272,27.477714717915195,29.08008575439453,4425000
2025-11-05,29.34714685775802,29.34714685775802,28.407483499710306,28.743783950805664,2559000
2025-11-06,29.268018049199984,30.677511228494094,28.83280535889759,29.396602630615234,3783400
2025-11-07,28.88226307727738,30.820934574190844,28.724004256573995,30.05931282043457,3239700
2025-11-10,30.76158680679001,30.807085791511373,29.65377321781385,29.742794036865234,2089300
2025-11-11,29.75268648748547,29.75268648748547,28.367920867858484,29.060302734375,2074900
2025-11-12,29.34714812726933,30.692349989842075,29.337256715151128,30.05931282043457,5154600
2025-11-13,30.113850353828468,30.50056036151426,28.487681362286846,28.824813842773438,3058200
2025-11-14,28.170381778900165,29.320597855653915,27.803503523885723,28.626502990722656,2433400
2025-11-17,28.428187783174415,29.188718847381153,27.689470528204414,28.19021224975586,3102600
2025-11-18,27.952238002709453,28.809942118229877,27.684514806069828,28.626502990722656,2174100
2025-11-19,28.467849950077454,29.002305307560988,26.99041730422334,27.436622619628906,2951600
2025-11-20,27.932403900530026,28.00181319209724,25.631971939244,25.78070640563965,3682200
2025-11-21,25.75095863661613,26.435139448381644,25.245259940203475,26.137670516967773,2746200
2025-11-24,25.899695928128768,25.998850981336997,25.314672036145446,25.889780044555664,2326900
2025-11-25,25.909610571751866,26.9259669140379,25.7311303367336,26.355815887451172,2193900
2025-11-26,26.474804228190198,27.24822424279842,26.44505657714318,26.75244140625,1837600
2025-11-28,26.564044774723786,27.198646187990754,26.445056064105536,27.0102481842041,1044300
2025-12-01,26.86151411623023,27.525863189905884,26.365731281883065,26.524381637573242,2443000
2025-12-02,26.8615127583014,27.9522353169782,26.72269417690554,27.347379684448242,2897500
2025-12-03,27.496115559555893,29.538742200302156,27.496115559555893,29.181777954101562,4230300
2025-12-04,29.003295379401113,29.508994089890756,28.37960087050897,29.2611026763916,2076800
2025-12-05,29.08262095718604,30.371655568655815,28.765320246132646,28.775236129760742,2491700
2025-12-08,28.795066638054735,28.795066638054735,26.77227185663674,27.48619842529297,2887500
2025-12-09,27.426706412081394,28.338946908495107,27.367213001150034,28.239789962768555,2012800
2025-12-10,28.100971476568166,28.239790066337598,27.277972039163867,27.97206687927246,2508400
2025-12-11,27.763838195085413,29.385048259499804,27.644849484951465,29.033042907714844,2407300
2025-12-12,29.746969752983627,30.033531789498056,28.249705381798748,28.904138565063477,2851300
2025-12-15,29.44950076351737,29.44950076351737,27.416790032316886,27.912572860717773,5219400
2025-12-16,27.922487608447373,28.75540287758168,27.525861740112305,27.525861740112305,3668900
2025-12-17,28.051394683745457,28.557091528651654,27.287888637496508,28.25962257385254,2368300
2025-12-18,28.755403552245063,30.123763302921034,28.64633072667084,29.836210250854492,2566500
2025-12-19,29.76680316492042,31.214488198423552,29.66764621534561,30.609634399414062,4361500
2025-12-22,31.10541776364498,31.53178943863019,30.26258651539693,30.441068649291992,1905200
2025-12-23,30.371654101149534,31.25910578473908,30.328026484807626,30.946762084960938,1570000
2025-12-24,30.78811317867457,31.35330719706209,30.32207799641969,30.53030776977539,699900
2025-12-26,30.847608410114656,30.847608410114656,29.81637921182035,30.123764038085938,1108400
2025-12-29,29.647813586584697,30.460897145225886,29.30076521877746,30.183259963989258,1344100
2025-12-30,30.738535367250293,30.81290354803046,29.48916241246875,29.57840347290039,1108900
2025-12-31,29.57840374202654,29.682517683056957,29.24623015171195,29.449501037597656,1972200
2026-01-02,29.746971058285045,30.619548043839686,29.59327769362977,30.421236038208008,1783400
2026-01-05,31.075666677750664,31.392967373504433,29.171860611966725,30.361740112304688,2298200
2026-01-06,30.926934741216545,33.088546380560295,30.847609560793483,31.997825622558594,5011200
2026-01-07,31.789596929067947,32.265547999567346,30.936849842643785,31.888751983642578,2720800
2026-01-08,32.35478922651998,32.85057206696457,31.402885189410433,32.523353576660156,2965300
2026-01-09,32.99930467267988,34.883280980697016,32.57293112699729,33.51491928100586,4102600
2026-01-12,33.66365510451084,34.323047179957676,32.949726614852736,33.861968994140625,3130300
2026-01-13,34.060280204764645,34.36766693277596,33.11829581791881,33.25711441040039,1970200
2026-01-14,33.931381214154364,35.7558623475387,33.64382623852045,35.73603057861328,4786100
2026-01-15,35.62695477896271,36.81683433790628,35.09150841005968,35.755859375,4129800
2026-01-16,35.69636521046511,37.560509786118054,35.47821954599381,36.05332946777344,3061000
2026-01-20,35.8748494875056,37.1440524494773,35.69636734816293,36.826751708984375,2998900
2026-01-21,37.38202830681087,38.6908947513285,37.03497803616688,38.502498626708984,3873600
2026-01-22,38.770216446628936,39.61304954135218,37.83814607222311,38.19511032104492,4706100
2026-01-23,38.23477320843777,38.438042201810646,37.30269906729315,37.63983154296875,2055800
2026-01-26,38.274430233814705,38.40432584043554,35.210492411589314,35.418724060058594,3313700
2026-01-27,35.14108716410731,36.52928066177062,34.75437714501449,35.785606384277344,1885000
2026-01-28,36.162402371471934,36.37063026113896,34.16935319173618,34.88328170776367,3062200
2026-01-29,35.59721193784912,36.19214987483718,33.82726722540801,35.82527160644531,3136700
2026-01-30,35.08159512877733,35.95417021150301,34.238762023785334,34.96260452270508,3030400
2026-02-02,34.55606406743543,35.34039292048969,33.336438677322505,33.91154861450195,3137300
2026-02-03,34.70480165685417,35.20058453766637,34.010704867212446,34.932861328125,2139400
2026-02-04,35.904593665909935,35.988875843958205,33.20257860301816,34.71471405029297,3473900
2026-02-05,33.89171472038536,35.81535074810078,33.20257688605449,33.951210021972656,3745200
2026-02-06,34.40733111302383,36.9953182378389,34.13960791571299,36.608604431152344,3765800
2026-02-09,36.25164032014157,38.0909940858202,36.09298997271848,37.510929107666016,3305600
2026-02-10,37.41177180187548,37.62991745692288,35.21049483191802,35.656700134277344,3763000
2026-02-11,36.73750655620881,37.808399273242955,35.32948514957809,36.459869384765625,2583200
2026-02-12,37.481180974634185,37.481180974634185,33.59424542553444,34.8436164855957,4765900
2026-02-13,34.922945129043676,34.922945129043676,33.5347516374402,34.15943908691406,3299800
2026-02-17,33.90162766818374,33.90162766818374,32.01864625385748,32.12672805786133,2530300
2026-02-18,32.30520944674695,33.172829357036825,32.13168243867087,33.009220123291016,2496200
2026-02-19,32.840650132265075,33.74297463628265,32.19613479083675,33.6834831237793,2293400
2026-02-20,33.37609696613944,33.62398835887147,32.136640002479304,33.2471923828125,2159100
2026-02-23,33.25216707756047,33.65962026945994,32.397508238209674,32.973907470703125,1854900
2026-02-24,33.15278511414813,34.53415052873725,32.89439798003658,33.73912048339844,2236300
2026-02-25,33.71427697896048,33.99750657397007,32.516763705675224,32.74533462524414,1827100
2026-02-26,32.407443781276804,32.407443781276804,31.334152270813693,32.08943176269531,3410400
2026-02-27,31.831045676328724,31.90061057074636,30.091917629384206,31.344091415405273,4151300
2026-03-02,31.522970471000026,33.55029802105495,31.483219916744623,33.42110824584961,4299200
2026-03-03,33.39129342782385,35.69688253735918,32.68073447007897,34.66334533691406,3790900
2026-03-04,34.29564053984895,36.163964039777404,33.56023914980424,35.46831130981445,2984800
2026-03-05,35.090673583676775,35.17514469701968,32.38259762466458,33.073280334472656,3503300
2026-03-06,32.606202960591766,33.53042659468947,31.622350650067556,31.920486450195312,2557300
2026-03-09,31.900609591704484,33.46085724604815,31.453405900386876,33.073280334472656,2521400
2026-03-10,32.99378165376159,33.43104726472496,32.10931042306147,32.357757568359375,2196600
2026-03-11,32.44719666965795,34.38508124937831,32.059615962711526,34.305580139160156,2144600
2026-03-12,34.77266532258697,36.27328446387313,34.1863298878322,35.706825256347656,2748700
2026-03-13,36.039741619452045,36.19377763354844,33.87825225379822,34.424835205078125,2053000
2026-03-16,34.70309162027963,35.82607365504647,34.30557850610703,34.8521614074707,2828300
2026-03-17,34.703096688513504,35.28943212422678,34.3155197344154,35.180118560791016,2857600
2026-03-18,34.76272284138228,36.332910561811254,34.3850821328863,36.03477096557617,3353300
2026-03-19,36.770174935188344,40.88445876732202,36.62110514202314,37.21738052368164,9898600
2026-03-20,37.366446673396965,38.260857853915404,35.96520501791964,37.078250885009766,8037800
2026-03-23,35.48818950402655,36.90930748559939,34.99129521091724,35.1701774597168,4655700
2026-03-24,35.51303286647441,39.125452417540366,35.51303286647441,37.952781677246094,5472800
2026-03-25,37.515518265292755,37.93290764220553,36.929182861294436,37.445953369140625,2695700
2026-03-26,37.66458778532543,38.638500115195264,36.88943013383527,37.197505950927734,3618900
2026-03-27,37.972658208425486,39.870794118441715,36.93911724407049,39.25464630126953,4791800
2026-03-30,39.026079092637204,39.026079092637204,34.504341684257355,35.458377838134766,6012700
2026-03-31,34.30160563827505,35.642229259589534,32.2832227817019,32.74533462524414,5658700
2026-04-01,32.89439854062216,33.858374619462325,32.45713295598452,32.65589141845703,3487600
2026-04-02,33.41117213179242,34.18632982837602,32.85961914789749,33.35154724121094,3075100
2026-04-06,33.599990523536306,33.61986674844107,31.821108200084165,32.824832916259766,1914200
2026-04-07,32.83477375750261,33.142845773839035,31.463344532287877,31.7614803314209,2642000
2026-04-08,30.240985587245092,30.404959710748255,29.227320821130448,29.992538452148438,4841600
2026-04-09,30.10185623492963,30.4099301561793,27.49812938731604,27.537879943847656,5593600
2026-04-10,27.418626054984383,28.67079984671469,27.40868794209352,28.11427879333496,3597600
2026-04-13,28.28322054579596,28.680737472676693,27.9850847461366,28.303096771240234,2433800
2026-04-14,28.362726014343522,28.362726014343522,27.025085964132664,27.51800537109375,2612300
2026-04-15,27.249682459070822,27.95527142859229,27.130426997552455,27.855894088745117,2730100
2026-04-16,27.88570605232501,28.08446451959938,26.524216806649616,26.762725830078125,3647900
2026-04-17,26.22608020687285,26.3353975580137,25.04347315299091,25.490676879882812,5031400
2026-04-20,25.520489237135305,26.06707215937177,25.351545114634753,25.560239791870117,2459600
2026-04-21,25.94781994425336,26.891917940265834,25.838502595940902,26.87204360961914,3503300
2026-04-22,27.06086189246083,27.72670030000124,26.961482657879934,27.537879943847656,2730400
2026-04-23,27.527942181127116,27.836016085083813,26.80247513625974,27.190053939819336,2056700
2026-04-24,26.842229467673572,27.4434710968084,26.365211409624514,26.434776306152344,1986200
2026-04-27,26.236018931413273,27.090677742785886,26.057136678288646,26.901857376098633,1344900
2026-04-28,27.031047842272056,27.239742516536477,26.31055080376183,26.73291015625,1644500
2026-04-29,27.050925153942178,27.567695683619583,26.8322923431562,27.269559860229492,2282800
2026-04-30,26.693160395014953,27.16024031950622,26.03726011998416,26.494401931762695,3300000
2026-05-01,25.8683153296169,26.4944012504085,24.884464942372308,26.365209579467773,4290000
2026-05-04,26.49440399826714,26.62359757810827,25.92794479796719,26.355274200439453,3289300
2026-05-05,25.24024175808809,26.484463903889264,24.357757059582948,24.84471321105957,6942900
2026-05-06,24.626081805221975,25.06334741762207,24.149061844101688,24.804962158203125,5630100
2026-05-07,24.308067195581344,24.45713699553971,23.736639912578834,23.920490264892578,3466800
2026-05-08,23.71179527041506,24.30806688051504,23.433533795667508,23.443471908569336,2363000
2026-05-11,23.59254002923171,25.192540206696652,23.59254002923171,24.51676368713379,3549100
2026-05-12,24.611174175796236,24.993783015863194,24.079497424203524,24.61614418029785,3040200
2026-05-13,24.606204638455804,24.680737642141523,23.62235420489472,23.90061378479004,2594700
2026-05-14,23.94036602293086,24.29813050303482,23.60247776849961,24.109310150146484,2024100
2026-05-15,24.23850235267851,24.43726082272189,23.54285149852919,23.62235450744629,2470000
2026-05-18,23.52297494397918,24.139124676109503,23.344092702538077,23.672042846679688,2979900
2026-05-19,23.686997951331364,23.836536698073804,23.288227326188746,23.66705894470215,2036100
2026-05-20,24.02595320542711,24.050876012707384,23.28324137894979,23.288227081298828,1730000
2026-05-21,23.27825833650445,24.72380212222812,23.118750082927882,24.33500099182129,3762600
2026-05-22,24.265215458767127,24.78860201503439,24.11567671433195,24.47456932067871,2580100
2026-05-26,25.182388243430605,26.33882396216239,25.02287999957024,25.82042121887207,3964500
2026-05-27,25.022881438356237,26.388671092627938,24.80854186681555,26.259071350097656,3207000
2026-05-28,28.138279918097947,29.449240152630093,27.744493087341056,29.010591506958008,12044200
2026-05-29,29.12025170063535,29.359515976725085,26.787443072899567,26.966888427734375,8031400
2026-06-01,27.470337608611008,29.489115418890556,27.470337608611008,28.970712661743164,5422600
2026-06-02,28.731450459734823,30.17699610609562,28.731450459734823,29.528993606567383,3147800
2026-06-03,29.209975812780375,30.06733409542399,28.33268042470588,30.017488479614258,4089800
2026-06-04,29.64862435524202,31.859810015661786,29.409361977501963,31.114107131958008,6058000
2026-06-05,30.58573513947612,31.024383759490767,27.859137895589974,28.013662338256836,3833100
2026-06-08,28.691573284996174,28.921862526691626,28.088430720223737,28.10338592529297,2618500
2026-06-09,27.51519944654748,27.654768688407273,26.388670304001625,27.046642303466797,3406300
2026-06-10,27.176243036126962,27.604922152082533,25.726710024471416,26.1793155670166,2899000
2026-06-11,26.56811684450726,26.65784046943054,25.920114365663327,26.279008865356445,2118900
2026-06-12,26.15937731902811,27.739508392113102,26.15937731902811,27.315813064575195,2465200
2026-06-15,26.29894675683618,26.36374757710647,25.64097475536525,25.950023651123047,5730800
2026-06-16,25.621037476121415,26.448487223948526,25.272112471293244,25.391742706298828,2245300
2026-06-17,25.282082101173554,26.303932412122528,25.162449964080064,25.581159591674805,2286600
2026-06-18,25.521343781355707,25.73069763872815,24.70386355477869,24.723800659179688,4047900
2026-06-22,24.564293582801213,24.693895225754254,23.778714587408505,24.0458927154541,2641000
2026-06-23,23.93622876017873,24.354938373241175,23.726873002903382,24.1655216217041,2697700
2026-06-24,23.677028664607047,23.677028664607047,22.969211036190043,23.218442916870117,2436800
2026-06-25,23.208472184971786,23.966137290312375,22.829638681557366,23.617212295532227,1995600
2026-06-26,23.278256877878256,24.00601347690582,22.929331881985178,23.43776512145996,4085400
2026-06-29,23.078871563940247,23.427796574064402,22.844594891211667,23.208473205566406,2277600
2026-06-30,23.038995950569394,23.56736632735588,22.409934158554485,23.048965454101562,4428000
2026-07-01,22.809701195977272,23.447736112279777,22.032098934544646,22.131792068481445,3649800
2026-07-02,22.56046753719442,23.20847190606516,21.982249687631654,22.231481552124023,2121000
2026-07-06,22.34114444963025,23.068901046342102,22.29129883672767,22.610315322875977,2701700
2026-07-07,22.85954697954941,23.138685451610776,21.89252612565617,22.600345611572266,3515000
2026-07-08,22.650191766781603,23.278257146946462,22.371053288031245,22.80970001220703,2564900
2026-07-09,22.949271129557626,23.567365104575813,22.59037662697399,23.35801124572754,2004400
2026-07-10,23.35801191090711,23.756782535418136,23.07887152300523,23.29819679260254,1996400
2026-07-13,23.587303824371414,23.77672057637955,23.158624707373743,23.527488708496094,1797600
2026-07-14,23.786691579291308,24.42472459283186,23.69696794907612,23.96613883972168,1867200
2026-07-15,24.2751852068407,24.45463246256868,23.019056318233183,23.477642059326172,1813900
2026-07-16,23.273271785518542,23.607243486542117,22.520592360237607,22.550500869750977,1593500
2026-07-17,22.61031606817671,22.72496250282232,22.092909690227742,22.37105369567871,2137800
2026-07-20,22.47074764467549,23.158626277602664,21.939384323181653,22.869518280029297,1831600
2026-07-21,22.78976303732892,23.55241195895207,22.64022239258939,22.999116897583008,2218400
2026-07-22,23.208472309568908,23.966137418977105,23.083856375156145,23.80662727355957,2415500
2026-07-23,24.09573782682944,24.454632336434255,23.637150186613475,23.74681282043457,1976400
2026-07-24,23.706936527181526,23.746812638227034,22.680100522295653,22.72994613647461,1801600
2026-07-27,22.400960428351322,23.068901935013187,22.24145217913252,23.01905632019043,2117300
2026-07-28,22.82963886571528,23.308163598794174,22.480713868120485,23.168594360351562,4311300
2026-07-29,21.354187939458924,21.42397256287895,19.998365879338238,20.756031036376953,7279100
2026-07-30,20.93547697932657,22.15172781454215,20.93547697932657,21.334247589111328,2774900
2026-07-31,21.65326432778326,22.042067340629746,20.955416227947712,21.254493713378906,2128800
2026-08-03,21.264463433797932,21.872589815411228,21.094985683257587,21.723051071166992,2130800
2026-08-04,21.643295414701264,22.415915759187513,21.643295414701264,22.29129981994629,1674900
2026-08-05,22.53056177827048,23.31813351093013,22.53056177827048,22.72994613647461,2506200
2026-08-06,23.17856395626917,24.15056863150714,22.859547466270467,23.447734832763672,2973300
2026-08-07,23.098810121194244,23.786690624743592,22.85954775071801,23.73684310913086,1689600
2026-08-10,23.69696725123535,24.63407773690442,23.457704878203565,24.574262619018555,2749700
2026-08-11,24.53438725953618,24.639064194416733,24.175492738244724,24.33500099182129,2164100
2026-08-12,24.295000076293945,24.8799991607666,24.100000381469727,24.65999984741211,1671200
2026-08-13,24.75,25.3799991607666,24.0049991607666,24.09000015258789,2359100
2026-08-14,24.670000076293945,25.520000457763672,24.475000381469727,25.479999542236328,1921800
2026-08-17,25.639999389648438,26.165000915527344,25.040000915527344,25.90999984741211,2110400
2026-08-18,25.440000534057617,25.954999923706055,24.8700008392334,25.18000030517578,1665800
2026-08-19,25.59000015258789,27.030000686645508,25.549999237060547,26.850000381469727,3684200
2026-08-20,26.450000762939453,27.350000381469727,26.375,26.860000610351562,1759200
2026-08-21,27.299999237060547,27.780000686645508,27.135000228881836,27.610000610351562,2071800
2026-08-24,27.799999237060547,28.344999313354492,27.299999237060547,27.899999618530273,1812500
2026-08-25,27.420000076293945,27.610000610351562,26.959999084472656,27.459999084472656,1445000
2026-08-26,27.1200008392334,27.920000076293945,26.989999771118164,27.31999969482422,1716800
2026-08-27,27.200000762939453,29.44499969482422,27.104999542236328,29.440000534057617,3133400
2026-08-28,29.719999313354492,29.729999542236328,28.84000015258789,28.920000076293945,1466300
2026-08-31,29.670000076293945,30.413000106811523,29.25,29.690000534057617,2896900
2026-09-01,29.649999618530273,29.75,28.739999771118164,29.100000381469727,2151600
2026-09-02,29.040000915527344,30.235000610351562,28.94499969482422,29.43000030517578,2041500
2026-09-03,29.610000610351562,29.700000762939453,27.399999618530273,27.639999389648438,2814100
2026-09-04,27.350000381469727,29.170000076293945,27.299999237060547,28.850000381469727,2116100
2026-09-08,29.31999969482422,29.947999954223633,29.200000762939453,29.450000762939453,1847100
2026-09-09,29.739999771118164,30.06999969482422,29.325000762939453,29.360000610351562,2214400
2026-09-10,29.350000381469727,29.420000076293945,28.639999389648438,29.030000686645508,1908100
2026-09-11,28.8700008392334,28.8700008392334,27.90999984741211,28.209999084472656,1807100
2026-09-14,27.729999542236328,27.770000457763672,27.09000015258789,27.350000381469727,2512700
2026-09-15,27.5,28.450000762939453,26.579999923706055,26.65999984741211,3233900
2026-09-16,26.81999969482422,27.969999313354492,26.81999969482422,27.350000381469727,2540500
2026-09-17,27.510000228881836,27.959999084472656,27.219999313354492,27.239999771118164,2528600
2026-09-18,26.950000762939453,27.139999389648438,25.049999237060547,25.219999313354492,9324700
2026-09-21,25.600000381469727,25.940000534057617,25.05500030517578,25.06999969482422,1868300
