Date,Open,High,Low,Close,Volume
2021-09-22,65.56800735637414,66.19909667583616,64.95330728740814,65.96141815185547,279600
2021-09-23,66.10074537019675,67.55963246063045,65.8302758526079,67.1826171875,209800
2021-09-24,67.158038349229,68.95295842718319,67.0514863276843,68.8464126586914,243600
2021-09-27,69.41192142432467,70.34626486247491,68.93655195493558,69.79713439941406,303800
2021-09-28,69.2234297298386,69.46111452992388,66.3220443725586,66.3220443725586,278600
2021-09-29,66.69084695270517,67.72353833749408,65.59257982130845,67.01049041748047,159800
2021-09-30,67.14163568788892,67.6088074738693,66.14992036161662,66.69905090332031,174200
2021-10-01,67.41209832934553,70.57575475118568,67.30555258308465,70.4364242553711,294500
2021-10-04,70.37085972590597,71.17406426101431,69.18244217265195,70.30529022216797,297300
2021-10-05,70.29708693215986,71.88711288074035,69.13325647124394,71.77236938476562,277500
2021-10-06,70.46921468270726,72.13300177503899,69.74796264051663,71.87892150878906,399400
2021-10-07,72.3051165065724,73.1656927964708,70.57575992247155,70.73967742919922,271700
2021-10-08,71.00195551289757,71.14129228437811,69.93647911820719,70.59215545654297,148000
2021-10-11,69.93646005902232,71.36256211563818,69.46928837221449,70.256103515625,222100
2021-10-12,71.06751325648831,71.06751325648831,69.60042854726767,70.07579803466797,272600
2021-10-13,69.93647246754364,69.93647246754364,67.60880511721354,69.78074645996094,265700
2021-10-14,69.99384141104892,69.99384141104892,68.41201315730102,69.23161315917969,207600
2021-10-15,69.74794440814244,69.79712465010543,68.35462719585054,68.67427062988281,241500
2021-10-18,68.37101429550293,69.0266966413285,67.36291003613017,67.5514144897461,152800
2021-10-19,67.6907586634744,67.6907586634744,66.85476944365546,66.96951293945312,122100
2021-10-20,66.93674211586053,67.30556593169942,66.108950474398,66.8219985961914,196800
2021-10-21,67.36294409203391,68.1169747938047,66.33024606383704,66.60071563720703,459600
2021-10-22,65.8712752990952,66.30566243740762,64.48614885552608,64.65826416015625,285800
2021-10-25,64.65823579738125,64.7156075404248,63.55177717979784,63.994361877441406,339000
2021-10-26,64.30582386292906,64.5025261384214,62.76497790764264,63.248538970947266,380000
2021-10-27,63.363276785885006,63.53539204308881,61.85521572102188,61.961761474609375,371800
2021-10-28,61.904389250784234,62.65841977747359,60.601228204857115,60.83891296386719,387500
2021-10-29,60.20781853840624,61.888001131404685,59.30625973977013,60.617618560791016,850300
2021-11-01,61.133963398008106,61.81423292544071,60.355345868668515,61.34706115722656,518500
2021-11-02,61.45361027495499,61.617527772463596,60.21601253369434,60.62581253051758,197600
2021-11-03,60.5848376771402,61.51098978882048,60.1832353804143,60.789737701416016,452200
2021-11-04,60.99463411372276,61.99454717346446,60.99463411372276,61.23231887817383,638800
2021-11-05,62.69941381366158,65.3877014054451,62.69941381366158,64.53531646728516,700900
2021-11-08,64.74840812338238,66.55972360026513,64.46154933800322,65.04346466064453,550200
2021-11-09,64.7320056667047,65.27293837262803,63.39605376968934,64.18286895751953,341900
2021-11-10,63.65013829566687,64.2156580373208,62.748573303222656,62.748573303222656,241900
2021-11-11,62.97807078088049,65.1008383621956,62.92069902209104,63.32230758666992,611000
2021-11-12,63.35508528772199,63.99437231535101,61.36345695000356,61.961761474609375,369800
2021-11-15,62.207630510484115,63.797649983892605,61.96994580115409,62.732173919677734,392600
2021-11-16,62.30599924502012,62.30599924502012,60.43731194569656,60.658607482910156,453700
2021-11-17,60.478280665713676,61.92077831914308,58.347322060247194,58.83088302612305,1052500
2021-11-18,65.2647535809627,66.53513623463499,62.584664010682786,64.08453369140625,1298700
2021-11-19,63.87962874439764,65.89584408062129,63.87962874439764,64.37958526611328,723700
2021-11-22,65.2073844037583,66.04338003886188,63.838653686090915,64.10912322998047,487700
2021-11-23,65.77289688269887,66.03516862014645,62.88790777077547,63.166568756103516,296500
2021-11-24,62.4043406834428,63.65832762636198,62.117481946999106,63.42884063720703,279400
2021-11-26,60.2733767358119,60.502863704808725,57.10972065623929,58.82268142700195,846100
2021-11-29,61.10117734717292,61.40442531964002,58.888253782007894,59.22429275512695,613900
2021-11-30,58.19159644866515,58.945626901915524,57.01137051971578,57.306427001953125,542500
2021-12-01,59.01119741722135,59.10955166401525,55.87212805387846,56.75729751586914,1244600
2021-12-02,57.67525536595701,59.60951190359018,57.14251410504881,58.88825988769531,1262400
2021-12-03,59.01939969830547,60.19142798710072,57.16710188633109,57.89654541015625,764900
2021-12-06,58.78170906847872,62.56825681323691,58.21618310533116,61.13395690917969,566800
2021-12-07,61.71589288641083,63.03544960870227,61.420836336516295,62.060123443603516,588800
2021-12-08,62.40433711969899,65.6991322845567,62.08469365262264,63.69930648803711,374500
2021-12-09,62.65842056119965,63.7566878664642,62.37975954904498,62.50270080566406,234800
2021-12-10,62.609240582314385,63.8632275233933,62.05191235816248,63.33048629760742,626300
2021-12-13,62.33058752541581,63.30590735195687,61.29788969132008,61.37165069580078,527900
2021-12-14,60.929066829906446,61.978160182876074,60.38813402972201,60.55205154418945,737200
2021-12-15,60.183227114658465,61.863409584179536,59.71605537359456,61.789642333984375,648500
2021-12-16,62.13387481155858,62.33877481423809,60.224211538904925,60.67498779296875,459400
2021-12-17,60.691393729385425,62.650237591535685,60.1996286359654,61.33068084716797,430400
2021-12-20,59.593120504925075,62.54367951451333,58.921048695779675,62.42893600463867,569300
2021-12-21,63.38787896856377,66.38761882043427,63.38787896856377,65.4286880493164,456500
2021-12-22,65.55161731172618,67.20720672607422,64.77299348197072,67.20720672607422,308700
2021-12-23,68.19892226030893,68.47758954054214,66.54333284146135,67.56783294677734,294500
2021-12-27,67.00228888826823,68.13333444959578,66.19088677368653,67.16620635986328,292100
2021-12-28,66.74002885549633,68.43660062076324,66.74002885549633,67.62519836425781,158900
2021-12-29,67.23998629447499,68.33005582023993,66.87116253417422,66.97771453857422,197700
2021-12-30,66.95313277330769,68.69887869879183,66.95313277330769,67.4612808227539,197500
2021-12-31,67.36293301652242,68.14155059639123,67.33834601445008,67.7481460571289,107200
2022-01-03,68.37922271117041,70.06759657342978,67.8136967560034,68.19071197509766,273600
2022-01-04,68.97754312475568,69.82173017473062,67.3711215260426,69.58404541015625,804500
2022-01-05,69.66599901694602,69.66599901694602,66.9695143046298,67.04328155517578,282400
2022-01-06,67.41209871786641,68.16612920279283,66.4203834870944,66.42858123779297,303200
2022-01-07,66.50235555319749,68.4775949126712,65.63358139671017,68.15795135498047,671300
2022-01-10,68.39562709635175,68.39562709635175,66.47776582869395,67.59242248535156,499800
2022-01-11,68.58411487668572,70.09217558115928,67.66616080458189,69.72335815429688,372200
2022-01-12,69.32176960476278,70.82163910774604,69.09228260490667,69.1414566040039,584300
2022-01-13,69.78075342877112,71.51830792710419,69.01852507019254,71.31340789794922,443800
2022-01-14,70.87081333360884,72.10841109028053,70.38724607974898,72.06742858886719,320600
2022-01-18,71.10849353542912,71.32158502059946,68.4775784417602,68.5185546875,323100
2022-01-19,68.43660197011283,69.60863025397457,66.94493017729353,67.84648895263672,566900
2022-01-20,68.62511944775049,71.03473950103051,67.55143905961488,68.65789794921875,304900
2022-01-21,68.42021032906983,68.46118657698588,65.6909408451818,65.76470184326172,448100
2022-01-24,64.52710629762258,65.09262600651469,62.346967446632924,65.08443450927734,312100
2022-01-25,63.81405959483698,65.61717718105649,63.25673131768789,65.3221206665039,325700
2022-01-26,66.42859596434137,66.80561129038507,63.92061520397231,64.83856964111328,439200
2022-01-27,65.64996425252195,67.4366926524172,64.05994437131315,64.58448791503906,271600
2022-01-28,64.83037458851292,65.55162676667977,62.174871690584524,65.47785949707031,285700
2022-01-31,64.91231489034807,68.61691024319188,64.91231489034807,68.50216674804688,254600
2022-02-01,68.80542517401344,70.07580781694512,68.10056859514266,69.21522521972656,201000
2022-02-02,68.88738489011858,70.0676046789714,68.50217187627176,68.6415023803711,248600
2022-02-03,67.43669110309298,68.73985843397877,66.82199106568795,67.00230407714844,208300
2022-02-04,66.33022970720613,67.076062472003,65.07624268014793,66.96131896972656,229500
2022-02-07,67.18260791698218,68.82180779294885,65.40407755229066,68.80541229248047,645900
2022-02-08,68.98573574400112,72.27233374472365,68.48577920574711,72.13300323486328,796900
2022-02-09,72.75589244600867,73.70663148925497,71.67402064858649,72.70671844482422,611100
2022-02-10,70.48560640805576,76.53425270685752,70.16596287924015,74.75572204589844,1307900
2022-02-11,74.55082165723661,76.2965675561839,70.3380777953977,70.87081909179688,572300
2022-02-14,70.94456356945756,73.72300666075428,70.71507660368273,72.78047180175781,963800
2022-02-15,75.41140182143197,78.54227374030896,75.08356055312531,77.11616516113281,674300
2022-02-16,76.16542615674582,79.67331305984469,75.79660866810333,79.5011978149414,558600
2022-02-17,78.8782973728688,80.01754080219634,76.59981051421373,77.05878448486328,616700
2022-02-18,77.04240770081186,79.26352317245835,75.81300757792657,76.41950988769531,293500
2022-02-22,75.59171836627294,75.59171836627294,72.46903779962632,73.49353790283203,382600
2022-02-23,74.59180198091927,75.16551951223381,71.89531707763672,71.89531707763672,250000
2022-02-24,69.1988181573022,71.37075909112956,68.51854875578877,70.99374389648438,556600
2022-02-25,71.54287301707524,73.3541879696468,71.5346752675652,72.88701629638672,290900
2022-02-28,71.4199411426189,72.19855861570078,67.49405652182222,69.53485870361328,653700
2022-03-01,68.73165518184715,69.27258791988416,65.01886825355336,66.5023422241211,463900
2022-03-02,67.9202496409095,68.59232134516955,66.19908475529475,67.39570617675781,419400
2022-03-03,68.1415328942774,68.7070588072361,64.30580524114406,64.31400299072266,268300
2022-03-04,63.16657781551882,64.22386266741198,60.17503627764236,60.47829055786133,478100
2022-03-07,59.97833238896015,60.49467817349224,52.83961664671532,53.95427322387695,1870900
2022-03-08,54.96238520931126,59.70787092758053,53.79855447266538,57.126129150390625,1140600
2022-03-09,60.41272369793422,62.256823955818845,59.23249753191121,60.92906951904297,604200
2022-03-10,58.88006072448732,61.61752796333313,58.88006072448732,60.978240966796875,315800
2022-03-11,62.10928873777771,62.10928873777771,58.839086397108346,59.86358642578125,946600
2022-03-14,60.2160113579159,61.830624314360776,58.48665490484515,60.74875259399414,893500
2022-03-15,61.77325469476241,63.90421345945689,61.0683981894559,62.46171569824219,527100
2022-03-16,63.46163127843683,65.52702062565201,63.281318269344226,65.23196411132812,547600
2022-03-17,63.60915582901803,64.79757331525673,61.45361010286274,62.756771087646484,383500
2022-03-18,62.25682166889373,65.3713044912467,61.371652076892055,64.55170440673828,296600
2022-03-21,63.87142664109028,64.56808537292989,62.69120066984565,63.4780158996582,198500
2022-03-22,64.57629016349739,65.41227948223174,63.56817932764936,64.58448791503906,180400
2022-03-23,63.67473563338246,64.29762722541322,61.99455287799184,62.69940948486328,326000
2022-03-24,63.49442019747183,63.887824740354574,62.30599631093497,63.10920715332031,471400
2022-03-25,63.91240339131975,65.55160320255281,63.76487515818673,64.50251007080078,251300
2022-03-28,64.8139776323412,65.41228220569594,63.83045375711652,65.04346466064453,239700
2022-03-29,66.5433197655282,68.02679362554257,66.13351980392855,66.63347625732422,273300
2022-03-30,65.83024607832651,66.5433000513584,65.18276158045717,65.9941635131836,210600
2022-03-31,66.1499027693535,69.37093041177509,65.92041581313832,68.55133056640625,424900
2022-04-01,69.12507082766689,69.63322515102173,67.71536387977929,67.8628921508789,477600
2022-04-04,67.12525429343015,68.05140022228694,65.82208678863034,66.98592376708984,283800
2022-04-05,66.920338942126,67.7891129111802,65.69913673510707,66.96951293945312,662300
2022-04-06,65.21556423978554,66.14170988203385,62.527277549851476,64.50251007080078,410800
2022-04-07,64.60906897890877,64.72381247773788,62.23222774749529,63.10100173950195,425200
2022-04-08,62.52728575490582,64.01075977776219,61.59294224013915,63.44524002075195,474800
2022-04-11,63.535406740018,65.66637232911636,63.109217374030415,63.39607620239258,359200
2022-04-12,64.01895688289522,64.387774383879,62.13387437040709,62.28960037231445,304600
2022-04-13,63.08462297819788,64.2894361692441,62.31419685536772,63.84685134887695,871300
2022-04-14,64.4615468237633,65.6417666737264,64.40417506892518,65.01887512207031,784600
2022-04-18,64.78118981446318,65.19918759799354,63.08461793196027,63.78947448730469,338600
2022-04-19,63.88781605437514,66.8301832394397,63.879624556757605,66.14171600341797,408300
2022-04-20,67.0596765283539,67.0596765283539,64.89593287441602,65.74011993408203,269800
2022-04-21,68.02679766317317,69.6004281083841,66.71543895883075,66.895751953125,556200
2022-04-22,67.02688987809736,67.70715940804514,64.23205700965535,64.37958526611328,259600
2022-04-25,63.65833713323045,65.04346327855379,62.9452890608754,64.80577850341797,300900
2022-04-26,64.05174798476929,64.66644804939654,61.33067594880813,61.797847747802734,372500
2022-04-27,61.69128944646958,62.77316119981652,60.650400194474756,61.86341094970703,191200
2022-04-28,62.81414445587746,63.78947047169989,61.37164668306608,63.35508346557617,239600
2022-04-29,62.54367800651807,63.92880409624678,61.60114294856642,61.773258209228516,506500
2022-05-02,61.46999751201656,61.92897149246314,58.22438239374827,59.33903884887695,773900
2022-05-03,60.03569703573363,61.355253470824586,59.0767665838133,60.75694274902344,238900
2022-05-04,60.650410972033576,61.28150033485876,58.60141060135677,60.54386520385742,597000
2022-05-05,60.08487677595169,60.65040280306503,58.55222870707079,59.560333251953125,582500
2022-05-06,59.42100988090468,59.78163594184844,57.39659654378403,58.1588249206543,539300
2022-05-09,57.37200601475166,57.58510378794684,54.872223251459374,55.51151657104492,1147100
2022-05-10,56.72451671790475,57.76541224655652,55.53609918836417,56.9458122253418,441300
2022-05-11,56.77368655904433,57.29003853653565,54.028027939728304,54.17555618286133,998200
2022-05-12,56.06884488522804,59.347245229257446,52.552759765890215,55.74919509887695,847300
2022-05-13,57.70804692032922,58.2981537487419,55.35579234644744,56.88844680786133,601900
2022-05-16,56.798288561460105,57.175303851320514,55.0197516193752,55.77378845214844,381100
2022-05-17,57.76541795721024,59.38822265793579,57.68345294454422,58.32274627685547,384500
2022-05-18,57.273645254047786,59.470173485191495,55.73279951845957,55.80656051635742,535500
2022-05-19,55.208259797178066,57.675257695357054,54.945988031637754,55.65084457397461,648500
2022-05-20,56.626162938030376,57.31463021319789,53.98705610020215,55.331199645996094,418000
2022-05-23,56.59338864386643,57.32283222279609,55.70821904705771,56.03606033325195,228700
2022-05-24,55.077124059181855,55.077124059181855,53.51988887613628,54.495208740234375,325400
2022-05-25,54.09359696953159,55.82295337289254,54.09359696953159,55.45413589477539,253900
2022-05-26,56.077030988993364,58.68335926187674,55.79836998802464,57.65885925292969,363100
2022-05-27,58.10964704289425,59.42100592299822,57.69164925037436,57.9867057800293,232300
2022-05-31,57.38019711623989,58.4292841041489,57.19988411774584,57.945716857910156,314100
2022-06-01,58.51124196853799,58.84728096120881,55.3639810523655,56.208168029785156,242400
2022-06-02,56.134399315861906,58.167009960991315,56.134399315861906,58.10963821411133,294600
2022-06-03,57.37200154293519,58.32274056996875,56.339303764307815,57.191688537597656,183800
2022-06-06,57.94571171093664,58.19159418759765,57.13430954283714,57.80638122558594,417300
2022-06-07,56.64256852250372,58.69976670999397,56.33112270749867,58.46208190917969,541500
2022-06-08,57.568700825094844,58.12602906143054,56.10161611101924,56.38028335571289,370900
2022-06-09,55.89671835839757,55.89671835839757,53.36415732091495,53.38054656982422,817800
2022-06-10,53.27400290557685,54.50340297262862,50.94633865356445,50.94633865356445,765000
2022-06-13,49.65956538125894,50.27426539680852,47.87283708593945,47.954795837402344,740900
2022-06-14,48.38099273336598,49.15141882564929,46.92210556095482,47.94660568237305,436900
2022-06-15,48.76620072637853,49.962815993836045,48.38098772015245,49.479251861572266,718100
2022-06-16,47.64335555492061,48.217076260660164,45.28290634856359,45.70090103149414,729200
2022-06-17,45.97136944819635,49.954626409671384,45.70089991614561,49.19239807128906,814300
2022-06-21,49.290740966796875,50.49555390537207,48.569492128433254,49.290740966796875,356600
2022-06-22,48.61867390541461,51.17582514336013,48.61867390541461,51.143043518066406,602900
2022-06-23,51.31515954262978,51.888880201949846,50.04478009261639,50.13493347167969,544400
2022-06-24,50.22508118286715,52.5773351615476,50.22508118286715,52.30686569213867,510300
2022-06-27,52.32325600217834,52.65109407536785,50.93813334275993,51.11024856567383,404600
2022-06-28,51.78232654191444,53.00352875077464,50.134928845404694,50.880767822265625,512400
2022-06-29,51.31515030099081,51.43808841022344,49.93822221721194,50.88895797729492,387400
2022-06-30,49.528430163561495,52.62651728276209,49.17600189982401,51.938053131103516,583300
2022-07-01,51.56923116190607,53.41333118560182,51.56923116190607,52.962554931640625,548700
2022-07-05,50.93815175850411,53.38055676063226,50.93815175850411,53.331382751464844,377100
2022-07-06,52.06098516264206,53.38053835354911,50.61029298843819,51.446285247802734,391900
2022-07-07,52.26588996557246,52.26588996557246,50.98731289896929,51.96263885498047,221800
2022-07-08,52.110175766277145,52.413426927311754,51.05289088878671,51.39712142944336,434600
2022-07-11,50.81520217296641,50.92175105294991,49.348117359864524,49.634979248046875,273600
2022-07-12,49.73332896235539,53.11008326181267,49.73332896235539,51.888877868652344,298400
2022-07-13,50.50374956327214,51.30695716325823,49.81528545949466,51.13484191894531,349600
2022-07-14,50.323443398777464,52.06918922219984,49.938230381845514,51.0446891784668,277000
2022-07-15,51.61840265219929,51.946243871227324,50.15951579322827,51.921653747558594,207500
2022-07-18,53.05270694217191,53.84771363252715,51.51185505085156,51.89706802368164,264800
2022-07-19,52.23311717123836,53.83953584099624,52.23311717123836,53.28220748901367,356200
2022-07-20,52.83961384619158,54.47881387242714,52.528161839253634,53.38874435424805,450100
2022-07-21,52.95435466535795,53.02811566133726,51.47087759121161,53.01992416381836,490600
2022-07-22,53.380552606155106,53.61823738705425,52.15115557475292,52.45440673828125,187500
2022-07-25,52.552753869828344,53.56905611160058,51.54464312579942,53.42152786254883,280800
2022-07-26,52.78224810720372,52.82322436069562,52.003627380753066,52.55276107788086,337100
2022-07-27,53.33137431960384,54.683715635375584,52.83961554651923,54.40504837036133,216700
2022-07-28,54.1591724095238,55.00335945437528,52.97894634515942,54.945987701416016,263300
2022-07-29,54.81484623471285,55.24104174019911,54.33948298281915,55.09351348876953,285600
2022-08-01,55.01156253984221,55.95409767941517,54.306705933395385,55.618064880371094,237100
2022-08-02,55.109905208999024,55.97868550773484,54.700105186989404,54.945987701416016,193300
2022-08-03,55.363986306402545,57.142516927909014,55.093516787080674,56.79008865356445,353600
2022-08-04,59.3882181298653,60.986441959207596,57.24906152587556,59.904563903808594,792200
2022-08-05,59.642293284186664,60.478288842460955,59.40461477079035,59.53574752807617,243900
2022-08-08,59.86360168093591,61.01923475618409,59.576742850417105,60.02751922607422,225000
2022-08-09,59.87997517658205,60.60941869068265,58.478459899387026,58.970218658447266,300100
2022-08-10,60.3143667768155,61.20773411398943,59.88817748732818,60.396331787109375,229800
2022-08-11,61.24871772220333,61.47000699604601,59.53575027565957,59.929161071777344,594200
2022-08-12,60.494674094557006,62.17485659843106,59.535743593775074,61.83881759643555,274400
2022-08-15,61.65032595918649,62.904313222282255,61.5929541972492,62.183067321777344,183200
2022-08-16,62.01092924529568,62.584646653812115,61.73226203755143,62.2650032043457,171800
2022-08-17,61.26510586936373,61.51098839414065,59.839003483593736,60.396331787109375,222400
2022-08-18,60.38812145038652,60.7487474107564,59.806206266276696,60.601219177246094,115800
2022-08-19,60.232407617381895,60.232407617381895,58.32274419950175,59.51116180419922,223200
2022-08-22,58.388295722371375,58.86366516996594,58.06865225834598,58.64237594604492,178600
2022-08-23,59.30624664939584,60.21600299852821,59.09314893393717,59.67506408691406,171800
2022-08-24,59.9947148275678,61.56835150982236,59.953738581223284,61.207725524902344,263300
2022-08-25,61.33885463331949,62.85511947841605,61.3142676363592,61.55195236206055,300800
2022-08-26,61.49459142651789,62.076506718043866,59.888176061237985,60.06848907470703,304600
2022-08-29,59.42101049970387,60.44551068073324,59.199721211944784,59.757049560546875,220300
2022-08-30,60.58484120462055,61.4290283533003,59.33905173583209,59.757049560546875,576300
2022-08-31,59.52753493416513,59.642278413074834,58.25715891679327,58.355506896972656,262900
2022-09-01,57.64247665909214,58.355524745689245,56.921224567569965,58.31454849243164,620900
2022-09-02,59.01940614203353,59.01940614203353,57.17530587984561,57.675262451171875,253700
2022-09-06,58.07685837905593,58.07685837905593,57.167101849380764,57.732627868652344,179000
2022-09-07,57.691651162787316,59.63410567189711,57.46216413279343,59.552146911621094,289400
2022-09-08,58.56861648723823,59.15053174916838,57.830975221040894,59.068572998046875,144400
2022-09-09,59.609510310850126,60.89628205121928,59.05218206484651,60.70777130126953,270400
2022-09-12,61.609324046035056,62.29779122550888,61.248704335883154,61.38803482055664,206400
2022-09-13,59.83900051641914,60.21601578347735,59.224300488009696,59.560333251953125,180200
2022-09-14,59.74065223172736,61.855222041535136,58.86368035366714,61.82243728637695,278500
2022-09-15,61.60932938246065,63.35508135276812,61.60932938246065,61.95355987548828,306400
2022-09-16,61.01103574881311,61.03562275225313,59.666892034301135,60.568450927734375,389500
2022-09-19,60.02749525909859,62.502690472577484,60.02749525909859,62.2158317565918,165000
2022-09-20,61.69128512202112,62.10928284491502,60.69956993872486,61.13395690917969,130800
2022-09-21,60.478284911814434,61.01102616384695,58.658771906468914,59.445587158203125,244800
2022-09-22,59.707868387526624,59.707868387526624,56.64256564357518,57.208091735839844,438700
2022-09-23,56.290129858530406,56.486832113296394,53.626429782419066,54.790260314941406,589500
2022-09-26,54.21654076656007,55.26562775670544,53.28219727514612,53.32317352294922,203800
2022-09-27,54.241127319322715,55.109901303437645,53.831327326355044,54.773868560791016,200400
2022-09-28,54.75747011050021,56.61796548008878,54.58535487308893,56.339298248291016,227000
2022-09-29,55.363978975561984,55.38036822317552,53.99524231040579,54.82304000854492,183400
2022-09-30,55.13449732123911,55.58527988846167,54.216549188789784,54.92140579223633,202400
2022-10-03,55.51151804276034,57.13432275420616,54.83124845267476,56.24915313720703,362900
2022-10-04,57.8145850960051,59.83080035769264,57.57690034421792,59.7242546081543,307800
2022-10-05,58.3473163094079,60.035690027990164,58.306333814994446,59.67506408691406,241500
2022-10-06,59.80621845254844,60.14225123159498,59.11775113819941,59.85539245605469,152700
2022-10-07,59.38821778815145,59.445589540481706,58.4292872478949,59.04398727416992,112700
2022-10-10,59.50296882917993,59.60952084918294,57.98670982293633,58.76532745361328,169600
2022-10-11,59.17512209354162,59.17512209354162,57.306434948932214,58.01129150390625,256200
2022-10-12,57.67525027632031,58.90465019159433,57.63426777792398,58.58500671386719,185800
2022-10-13,57.773601382778246,60.363540345404616,57.10152964297864,59.8307991027832,258100
2022-10-14,60.81433702440834,60.81433702440834,58.63420357602089,58.74074935913086,102800
2022-10-17,60.19961644840552,60.478283695130195,59.30625546545789,59.64228820800781,134500
2022-10-18,60.84710821163783,61.41263426803107,59.781631859061385,60.8225212097168,270600
2022-10-19,61.06020975569316,61.30609229619893,59.9537508295227,60.568450927734375,243000
2022-10-20,60.81431824010212,61.240513747006396,60.29797248490653,60.58483123779297,142100
2022-10-21,60.773348843717336,61.67490770574901,60.59303582070049,61.60114669799805,183500
2022-10-24,61.87980619042739,62.19944972216024,60.41272129329468,61.01103210449219,270500
2022-10-25,60.863500205665304,61.52737423146481,60.199619926813796,61.36345672607422,155300
2022-10-26,61.41263386807416,61.584749133452846,59.429203187364784,59.78163146972656,258500
2022-10-27,61.642118919167075,62.576462474544066,61.019221131231696,61.1585578918457,330800
2022-10-28,61.27331172345332,62.60106002427629,60.970057403201395,61.707698822021484,387400
2022-10-31,61.445421962936045,62.527293870616134,60.879895879471675,61.65851974487305,241200
2022-11-01,62.363361479890465,63.240339489589154,62.05191572858518,62.469913482666016,230500
2022-11-02,62.240431977683265,62.281408229787004,60.20782103115677,60.47829055786133,153500
2022-11-03,59.634106318026355,61.60933935020593,59.1997192561096,61.30609130859375,172700
2022-11-04,62.576458166733644,62.994455913696115,61.67489942573851,62.92888641357422,237300
2022-11-07,63.510810473753224,63.51900822566932,61.77326225069501,62.54368209838867,164000
2022-11-08,62.576463133584866,63.232145680743606,62.1666631048737,62.72399139404297,179400
2022-11-09,62.27320336842729,62.96166428534068,61.47819046219324,62.035518646240234,200200
2022-11-10,63.9779730137607,64.00256001289378,62.10108829229858,62.224029541015625,297000
2022-11-11,63.109211856404045,63.27312938597873,61.13397248384859,62.019142150878906,580300
2022-11-14,61.70767834687721,62.723980490559676,61.322465386363,61.55195236206055,255200
2022-11-15,62.4453282942855,63.60096108513928,60.715971730530626,61.07659149169922,321600
2022-11-16,60.42911318863343,61.79784374310609,60.41271768626317,61.36345672607422,306000
2022-11-17,63.31409481462716,65.26474040377225,63.1009970812252,63.830440521240234,689700
2022-11-18,64.6992297136163,66.66626482404939,64.23205793693063,66.4777603149414,425700
2022-11-21,66.4777548772557,68.19071583397063,66.12532663573784,68.12515258789062,494700
2022-11-22,67.92025431119824,69.43651306192956,67.371117558393,68.9775390625,504000
2022-11-23,69.64961667307786,71.37077556880351,69.5840471667706,70.85442352294922,279900
2022-11-25,70.71507648008752,71.71498933183089,70.54296125605723,70.79703521728516,107400
2022-11-28,70.01842599747494,70.7970434712044,69.27258702000537,69.62501525878906,268800
2022-11-29,69.72337386836848,71.08391291117225,69.62501961428143,70.6085433959961,287200
2022-11-30,70.65771041291934,71.94448207471422,69.96105171121789,71.82154083251953,545500
2022-12-01,71.65761696705903,72.4116473475985,71.15766054553701,71.78874969482422,206200
2022-12-02,70.84624276489649,73.08374779263485,70.84624276489649,72.73951721191406,431000
2022-12-05,72.37069216955068,72.66574870921276,68.7890374399625,69.64962005615234,471200
2022-12-06,69.74796592496237,70.76426827866364,69.2971896304182,70.74787902832031,451800
2022-12-07,70.51020226148937,70.51020226148937,67.98583221435547,67.98583221435547,258600
2022-12-08,68.68248698228689,68.75624798563446,66.13353031574063,67.54324340820312,296700
2022-12-09,67.543252125504,68.24810250965282,66.89576724932778,66.98592376708984,590200
2022-12-12,66.59251326341968,68.43661363071438,66.45318273640125,68.19892883300781,267500
2022-12-13,71.94449562797466,71.94449562797466,66.27286444849577,67.354736328125,415800
2022-12-14,67.8301072265849,67.96943774531668,66.42039402916251,67.50226593017578,390500
2022-12-15,68.56774744927007,68.56774744927007,66.42859068547375,68.04319763183594,304500
2022-12-16,67.6251954180554,68.37102814074024,66.39579546046478,66.96951293945312,252200
2022-12-19,66.92034179131238,67.9038592980383,66.6088897868428,67.60880279541016,197100
2022-12-20,67.83009158894143,69.20701971397872,67.83009158894143,69.03490447998047,274000
2022-12-21,69.65779704755919,70.29708399933315,68.6332971240621,68.82180786132812,354800
2022-12-22,68.59231204372384,68.8791707347431,67.72353196842913,68.85458374023438,140500
2022-12-23,68.97753408274804,69.45289729653103,67.97762115356251,69.3299560546875,222800
2022-12-27,68.42840566084551,69.32996445518503,68.0513903924145,68.24809265136719,175000
2022-12-28,67.88748388485716,68.32187097640761,66.42859657623372,66.7728271484375,228100
2022-12-29,66.85477763258174,68.51036702691803,66.66626686465148,68.28907775878906,187200
2022-12-30,67.5924050056039,68.54313764156356,67.5924050056039,68.16612243652344,183900
2023-01-03,68.59233030895577,69.11687384165587,67.04328671191138,67.3465347290039,243400
2023-01-04,67.36291765299137,69.61681737367566,66.95311770377604,69.51846313476562,271000
2023-01-05,68.84640383531423,69.73157338535793,68.36284280984073,68.96934509277344,279600
2023-01-06,68.88737911638181,70.03481405756023,68.60051412803575,69.74795532226562,446300
2023-01-09,70.52658177296077,71.10849701658567,69.86270152774082,70.04301452636719,480200
2023-01-10,70.10038173213937,71.182253400725,70.10038173213937,70.95276641845703,407700
2023-01-11,70.56755677026585,71.51829574506645,69.66599804616114,70.07579803466797,533500
2023-01-12,70.70689086586309,72.51821240997712,69.65780384235669,72.05104064941406,818500
2023-01-13,73.43616136065772,77.68168976174374,72.98538509645992,76.64080047607422,840300
2023-01-17,76.6899633302047,77.16533277874704,74.46884832442372,75.19009399414062,788200
2023-01-18,75.79661520349784,76.52605874609988,74.58360438090502,75.07536315917969,491700
2023-01-19,74.77212028122277,75.3786226076684,73.81318340668471,75.30485534667969,303500
2023-01-20,75.61629979435072,76.08347155685377,74.97701277756256,75.32124328613281,395200
2023-01-23,75.32123718778037,75.88675690520103,74.6737524723395,75.81299591064453,300800
2023-01-24,75.8048056703474,75.81300342157188,72.81326428472363,72.9607925415039,525800
2023-01-25,72.47722406080942,75.3048413961474,72.0510348367867,75.2884521484375,282000
2023-01-26,75.57530219452897,76.04247386370626,74.40327414686655,75.66545867919922,233800
2023-01-27,75.0671624039642,75.2638709098443,74.1246273887592,74.16560363769531,303900
2023-01-30,73.76401410021337,74.99341433521693,73.49354454777989,74.15742492675781,301700
2023-01-31,73.87055653244016,75.48516976862783,72.06743877044381,75.46878051757812,301000
2023-02-01,75.0425721461855,76.05888062328962,74.05085692103766,75.14912414550781,502100
2023-02-02,75.07537743158629,77.37845825677361,74.8622796277033,76.1572494506836,805000
2023-02-03,75.11634983841279,75.41140637238976,71.89532122004123,72.84605407714844,908400
2023-02-06,72.94440824014313,75.53434753417969,72.37888217528209,75.53434753417969,527300
2023-02-07,75.33762918372858,76.73914440888923,74.51802919804037,76.19821166992188,327200
2023-02-08,76.41131974438238,76.78833503838806,75.32125011535693,76.49327850341797,363200
2023-02-09,76.68176284990287,76.96043006097305,74.78029137648878,74.91143035888672,263300
2023-02-10,74.36231137396601,75.32124188126255,73.04275486267345,75.08355712890625,373700
2023-02-13,75.19830979980578,76.87029476806423,74.47706395691202,75.7556381225586,359500
2023-02-14,75.31304324119037,79.03402797878167,74.60818674336615,78.22262573242188,642100
2023-02-15,77.42761543902209,78.87830473336786,77.10797192919927,78.68160247802734,426600
2023-02-16,79.49299950590147,79.49299950590147,75.14912340763644,76.14083862304688,622900
2023-02-17,77.36203314399324,77.49317212790369,75.78840285537346,76.30474853515625,466200
2023-02-21,75.60809943854609,76.18181693306505,74.0098819516349,75.20649719238281,342600
2023-02-22,74.74753809226236,75.60812083057978,73.81319433508808,73.9935073852539,340000
2023-02-23,74.62458892740834,75.00160420950824,72.89523227824317,73.96070861816406,467100
2023-02-24,73.2968310546778,74.55901585333896,73.26404630305714,74.49344635009766,272400
2023-02-27,75.16550792231021,75.6244818765917,74.19837976646623,74.63276672363281,342900
2023-02-28,74.48523538492445,76.59980459143284,74.12461568717677,75.69004821777344,301200
2023-03-01,75.74742938919282,76.95224237202463,75.71464463930707,76.63259887695312,573500
2023-03-02,75.91953996256152,77.49317659494339,75.46876374874927,77.1981201171875,792700
2023-03-03,77.85381704431985,78.51769742255746,77.09158864934551,77.78825378417969,355400
2023-03-06,78.07510481771352,79.14877891391907,77.63252002728737,77.68169403076172,409700
2023-03-07,78.02591338358356,79.69789804576696,77.71446765110827,78.2881851196289,568400
2023-03-08,78.73897832793993,79.50120664174057,78.31278904367772,79.37826538085938,251700
2023-03-09,79.37006011325701,80.41095560335604,77.1079686406852,77.15714263916016,328100
2023-03-10,77.40302475273428,77.62431399782288,75.33762928433296,76.45228576660156,463600
2023-03-13,74.76390633410162,75.30483903428198,73.54270419384564,73.55089569091797,329800
2023-03-14,74.37049883444003,75.88675751421098,73.2230576365142,74.6409683227539,565800
2023-03-15,72.64114623082082,73.31321798515744,68.25628745234093,69.92007446289062,799200
2023-03-16,69.26440186983022,72.46903480881458,69.26440186983022,72.25594329833984,307400
2023-03-17,71.63302905877187,71.69040079888521,70.37904227268689,70.39543151855469,308300
2023-03-20,71.32979069553622,72.17397773879034,70.58395790847706,71.26422119140625,392900
2023-03-21,72.55099646652671,73.70663558296243,72.5264094645689,73.31322479248047,204700
2023-03-22,73.33780861840856,73.9607000980953,72.10021090354797,72.29691314697266,504500
2023-03-23,72.60836656701787,74.04266667701725,71.57567499001593,72.22315979003906,570500
2023-03-24,70.846229920201,72.26413449693072,69.87090386526926,71.71500396728516,534200
2023-03-27,72.75589244600867,73.34600547243024,71.92810091182757,72.70671844482422,367700
2023-03-28,72.69852511747415,74.41149254857744,72.69852511747415,74.19839477539062,209500
2023-03-29,74.6491811703276,74.77212244015683,73.12472443177148,74.28035736083984,271100
2023-03-30,75.24748380523755,76.12445566940201,74.50984871155072,75.7556381225586,317800
2023-03-31,76.28016113615261,76.70635032550929,74.5753918726241,75.69004821777344,347900
2023-04-03,75.0999466912368,75.47696194560129,73.06734216744117,73.20667266845703,283500
2023-04-04,73.67817649615587,73.95115205735277,72.55319204182018,72.93370056152344,197700
2023-04-05,73.25630195336585,73.25630195336585,71.32067093457691,72.61109161376953,330800
2023-04-06,72.8840678231358,73.07431891936629,72.07341488205232,72.74344635009766,312100
2023-04-10,72.62765054070977,72.99161168348644,71.57711041224158,71.8749008178711,404300
2023-04-11,72.04861866298297,73.00816703224976,71.57711818801329,72.47048950195312,269000
2023-04-12,72.57801823637968,72.76827568156304,70.8657264736933,71.48612213134766,360200
2023-04-13,72.79307923505085,74.13313592019796,71.44475515299438,73.23149108886719,309300
2023-04-14,73.7691612933762,76.28383181481746,73.7691612933762,75.67997741699219,546600
2023-04-17,76.19283717957528,77.1854674204563,75.45663505020754,75.82060241699219,216900
2023-04-18,76.24248476355025,76.9621459599077,75.51455616944628,75.91160583496094,276600
2023-04-19,75.53108241061688,76.12666310266295,74.63771768353716,75.71306610107422,275400
2023-04-20,75.2746622787229,75.34083932063851,73.76089557760108,74.1910400390625,264000
2023-04-21,74.20758427105939,74.52191576691898,72.94197826829506,73.17359161376953,176600
2023-04-24,73.43828590884245,73.73607626831382,72.81789037844202,73.32247924804688,212700
2023-04-25,72.74344544284035,73.1901309789696,72.06514658671587,72.69380950927734,221400
2023-04-26,72.75998316604566,72.75998316604566,71.09732146620416,71.14695739746094,221900
2023-04-27,71.32894504847295,72.85097905711756,71.22140578393433,72.82616424560547,226200
2023-04-28,72.37120517239445,74.88587582451255,72.23058369949388,74.71216583251953,316300
2023-05-01,74.38127930375103,76.06875573799935,73.88496419038131,75.73787689208984,266800
2023-05-02,75.05959691877403,75.39047584764992,73.4879267398565,74.2903060913086,327200
2023-05-03,75.05958974545254,78.11193794836404,74.64599270163212,77.06967163085938,500400
2023-05-04,76.76362139859656,76.81325102921372,73.70299918706098,74.0586929321289,493600
2023-05-05,75.02651298334892,76.71398994392915,74.88589148104833,76.5816421508789,400100
2023-05-08,76.87113956425827,78.0540272504211,76.81323623602609,77.66524505615234,424100
2023-05-09,77.54943072854,79.60914184161315,77.54943072854,78.42625427246094,444200
2023-05-10,78.83161100084203,79.6174429785718,77.73144118322757,79.11285400390625,408900
2023-05-11,82.92620512364289,88.66693396169413,82.05764882987211,87.46749877929688,1519800
2023-05-12,89.30388247556549,89.30388247556549,85.12655567373767,86.6155014038086,581300
2023-05-15,87.46749525021771,87.46749525021771,85.84619570345194,87.32687377929688,395400
2023-05-16,87.32689343930211,87.83975612699139,86.17709397987788,86.27635955810547,377700
2023-05-17,88.2037044987993,88.2037044987993,86.88846891074829,86.92982482910156,578300
2023-05-18,87.03736435973715,88.91509219309395,87.03736435973715,88.0548095703125,544800
2023-05-19,88.38568162941564,88.41877014822869,86.54930985672438,87.16143798828125,326600
2023-05-22,87.7487440504876,87.98035736868965,85.6807589794127,85.78829193115234,305400
2023-05-23,85.59805649963977,87.6246797156848,85.49879092611046,86.15227508544922,759600
2023-05-24,85.97028778532926,86.43351448724421,84.59714247466638,85.18445587158203,427600
2023-05-25,85.44088803353594,89.10535852156121,85.44088803353594,88.43533325195312,383600
2023-05-26,88.50976917884215,89.91599663205385,87.95555064348143,89.32868957519531,351000
2023-05-30,90.2538924147512,90.95405521994155,88.15341671773508,88.54517364501953,291900
2023-05-31,88.35346783802736,88.57851632594758,86.99482717853738,87.56995391845703,322500
2023-06-01,87.61995311193348,88.89524247457257,87.22819622604528,88.70352935791016,281700
2023-06-02,89.67044191624395,90.74568778163587,89.111982807954,89.63710021972656,262900
2023-06-05,89.60374467978998,90.0288432956127,88.7118751033948,89.77044677734375,452200
2023-06-06,89.6287567172988,92.54608817895361,89.3453618563343,92.17100524902344,565500
2023-06-07,92.4877183061484,94.10475508331551,92.4877183061484,93.31290435791016,545600
2023-06-08,94.05475990046827,94.87995249158521,92.52108018233156,92.68778228759766,320900
2023-06-09,92.68777903489571,94.07143062530292,92.68777903489571,93.23790740966797,570600
2023-06-12,93.62133892091158,94.18813503211314,91.80425783140765,92.6461181640625,624700
2023-06-13,92.20434470889083,93.06287264360434,92.20434470889083,92.48773956298828,279600
2023-06-14,93.09621123345829,95.42174179927359,93.02952784908969,94.47151947021484,671300
2023-06-15,93.92972428339236,94.99663288058535,93.4629470026628,93.84636688232422,277100
2023-06-16,93.69635302761378,94.09644063257849,92.3710477328834,92.77947235107422,397900
2023-06-20,92.14598832639439,92.53773887169221,89.9121459924431,90.84568786621094,630300
2023-06-21,91.1791084613642,92.57942778575797,90.68733279279766,91.99596405029297,432500
2023-06-22,91.2957974910639,92.1459947387262,90.63731338254976,92.06263732910156,489600
2023-06-23,91.57086103866042,92.4960723173663,90.87069823024201,92.05430603027344,2270700
2023-06-26,92.30436109985071,93.39628086007593,88.55350654899269,88.88691711425781,460200
2023-06-27,89.66210018107151,91.59587396230721,89.35369427398376,90.71234130859375,396700
2023-06-28,90.23722345124534,90.69565739587527,88.90358760252963,89.15364074707031,410700
2023-06-29,89.6954424365529,91.4291724193343,89.54540798882608,90.63732147216797,342500
2023-06-30,91.15410583633358,93.04620087195313,90.5706420877138,92.17100524902344,352300
2023-07-03,94.67156671507735,94.98830324218197,92.89615822664845,92.90449523925781,275900
2023-07-05,92.67112237867101,94.39651538565356,92.22935603938382,94.23814392089844,418200
2023-07-06,93.48796122247246,94.02141553923684,90.92903900146484,90.92903900146484,738900
2023-07-07,90.85404103072796,92.55442935074672,90.85404103072796,91.82926177978516,367200
2023-07-10,91.21244116938934,92.87115050476439,91.21244116938934,92.4377212524414,278900
2023-07-11,93.1128782834993,93.3546007807771,91.47083652013872,91.97928619384766,308600
2023-07-12,92.72945070699339,92.81280175038023,89.68708992879618,89.69542694091797,474500
2023-07-13,91.67922129608077,95.43007595418653,90.7790210111865,95.42174530029297,745900
2023-07-14,97.35553222084089,97.35553222084089,93.95475534287866,94.18814086914062,2898000
2023-07-17,93.5296516949185,96.53033439818908,92.59610327998348,96.44698333740234,1640200
2023-07-18,96.09688908364507,98.31405745634743,95.6134441084992,98.114013671875,510800
2023-07-19,97.79728655689307,100.02279215614051,97.13880241208514,99.99778747558594,606100
2023-07-20,99.05590318392808,100.70628207043207,98.62247387798043,99.79774475097656,3454700
2023-07-21,100.38954294431133,100.38954294431133,97.6889230173561,98.48077392578125,412000
2023-07-24,97.6389198053848,99.48100555323455,97.6389198053848,99.00589752197266,649300
2023-07-25,98.52244034401836,99.33929588347077,97.23882020374336,98.89752960205078,624000
2023-07-26,98.89753404355743,100.13948189490098,98.37241033058413,99.53101348876953,402800
2023-07-27,99.14758189271105,100.10613484259834,98.43075143344072,98.68914794921875,759700
2023-07-28,99.43932438085798,99.93110003656832,98.53078074878225,99.1225814819336,502800
2023-07-31,99.61436788759667,101.02301789113332,97.83895925061083,98.3724136352539,751000
2023-08-01,97.53888468851588,98.53911637097623,95.2216911476962,95.23836517333984,671100
2023-08-02,94.31315474915093,95.83016677342478,93.32959708335066,94.83827209472656,441000
2023-08-03,94.12144514869355,95.46341810825602,92.47940330629241,92.6127700805664,506100
2023-08-04,92.94617195225379,93.93806021609227,91.49583703460296,91.62920379638672,422900
2023-08-07,91.96261703976589,93.07120443232988,90.42060037724225,91.15409851074219,635700
2023-08-08,90.44561104510272,91.38749004291495,89.85381029150977,90.82069396972656,625200
2023-08-09,91.57920022082013,91.77090700388825,87.76999928699733,87.8700180053711,668500
2023-08-10,88.47014728982285,91.0123954599292,82.32707933932406,83.09392547607422,1599800
2023-08-11,83.26898091514144,84.47758718507143,81.42689514160156,81.42689514160156,663600
2023-08-14,80.94344662558963,83.48569518573976,80.73506580457004,81.77696990966797,798100
2023-08-15,81.47689203403634,82.16038079723977,79.40142106614547,79.85152435302734,701600
2023-08-16,79.80151305736999,81.31019444306088,79.01800553764609,79.18470764160156,982500
2023-08-17,79.07635686570596,79.7098299878589,78.47621907901116,79.05134582519531,3014300
2023-08-18,78.28450153965083,80.15159818463789,78.28450153965083,79.7181625366211,507800
2023-08-21,79.75151392279754,81.44356529606243,79.70983521182633,81.36021423339844,487600
2023-08-22,81.48523787493396,82.36043350596141,80.97678816388459,81.61026763916016,717400
2023-08-23,81.35187568097483,83.21896615831072,81.07681145603458,82.49380493164062,365700
2023-08-24,82.18539453826851,83.72741134195785,81.73529120175286,81.77696990966797,437800
2023-08-25,81.96034284805877,82.73551972634225,80.92676943749564,82.41044616699219,433900
2023-08-28,82.67717553774129,84.06915787833212,82.67717553774129,83.36066436767578,400700
2023-08-29,83.4273336938938,86.63640308817384,83.4273336938938,85.72785949707031,368500
2023-08-30,85.13605783917498,87.51993466351382,84.91100937669364,87.22820281982422,450500
2023-08-31,87.51993132494455,87.71164444878583,84.61926794580737,84.76930236816406,510600
2023-09-01,84.98604714831913,86.16964887860682,83.82745010314922,85.03605651855469,619400
2023-09-05,84.67762632351646,85.56950233129055,83.29398099598612,84.71096801757812,565200
2023-09-06,83.95246127103914,85.96958597409768,83.26063545956181,83.34398651123047,326800
2023-09-07,82.93556453179583,84.14417071744253,82.6688373424466,82.78553009033203,327600
2023-09-08,82.78554051532056,83.32733197545961,81.53525546543598,83.08560943603516,1333400
2023-09-11,83.31064132195185,83.81909098285065,82.20206029866114,82.42710876464844,371600
2023-09-12,82.56881456521403,84.11083772966386,81.77696998828951,81.86032104492188,367600
2023-09-13,81.16015664066433,82.14371427548693,80.25161304172812,80.3099594116211,371000
2023-09-14,81.04346449828506,81.14348321353751,79.65981291737013,80.2682876586914,469600
2023-09-15,80.01823368355811,80.32663958188685,77.76772340491918,78.10112762451172,595800
2023-09-18,78.54290164145347,79.51812235492477,78.33452082100517,78.84296417236328,438200
2023-09-19,78.4345291195038,78.4345291195038,77.43430385801135,77.96775817871094,289300
2023-09-20,78.56791325648621,79.58481276750551,77.97611243729663,78.05946350097656,325000
2023-09-21,77.55101114013976,77.66770389722707,75.0587781719489,75.1087875366211,495900
2023-09-22,75.18379502704676,75.42551753401285,73.56676423730607,73.60843658447266,363600
2023-09-25,72.98329661707831,73.28336550767,72.55820432147175,72.8832778930664,323900
2023-09-26,72.40815722019045,74.20022687780555,72.1580977353118,74.00018310546875,393200
2023-09-27,73.99185711617568,75.0087565125651,73.42506104405426,73.56676483154297,566500
2023-09-28,73.49946166173666,75.13166328799122,73.34802020755929,74.41651916503906,377700
2023-09-29,75.30834670241971,75.61122962198635,74.59320897190982,74.980224609375,372400
2023-10-02,74.70258339804319,75.4429603271531,71.8504411577761,72.65812683105469,428600
2023-10-03,72.35524681689901,72.98625187634872,69.51992843896215,70.14252471923828,573200
2023-10-04,70.45380196661033,72.38888631895007,70.45380196661033,71.55596160888672,451400
2023-10-05,71.59803484610566,72.55716196112446,69.5704087236238,70.25189208984375,269600
2023-10-06,69.73024495557927,71.94297288499921,69.17496398844557,71.46340942382812,359000
2023-10-09,70.25188741123554,70.63048782971829,69.15814288397384,70.58842468261719,476800
2023-10-10,71.07639758129163,72.11124206377212,70.79033867743634,70.9501953125,311800
2023-10-11,72.06918866513952,74.02950601897129,71.33722054230432,73.1292724609375,424900
2023-10-12,73.25546401005478,73.99584080289563,71.0595663823074,71.78311920166016,365500
2023-10-13,71.73264277000575,72.23744543395487,70.20981316281943,70.90812683105469,357100
2023-10-16,70.874480135065,71.94298553466797,70.25189032944155,71.94298553466797,235400
2023-10-17,71.4970761138434,72.54033591785351,70.7566928048109,72.14490509033203,243500
2023-10-18,71.07640586311143,72.18697440383592,69.05718858390833,69.29276275634766,383300
2023-10-19,69.53674522425742,69.89852164428565,68.25790495949585,68.43458557128906,285000
2023-10-20,68.14011609584486,68.71222747949778,67.31560659579195,68.08963775634766,179700
2023-10-23,67.44181665031464,69.51151225454986,67.13893374053244,68.89733123779297,284300
2023-10-24,69.01511612530928,69.58722755680178,68.54396780016762,68.97305297851562,183300
2023-10-25,68.75431159128503,69.2927687229153,67.56801901074894,67.92138671875,145900
2023-10-26,67.34925928633439,68.43458207200892,66.94541332366116,67.50910949707031,186100
2023-10-27,67.58483214183148,67.80357588267269,65.72547183119916,66.52474212646484,250500
2023-10-30,67.72786738002974,69.10766441314078,67.28195822430555,68.53555297851562,204300
2023-10-31,68.12330023038304,68.97305542023678,67.40816252042937,68.6954116821289,161600
2023-11-01,68.82162020413388,69.1413271195089,67.86249303909347,68.92257690429688,168900
2023-11-02,69.55357136568549,69.99948050728504,68.51872683308922,69.61246490478516,200800
2023-11-03,70.72302982319383,74.46699622336149,70.72302982319383,73.41532135009766,519400
2023-11-06,73.88646583284476,74.83717755848824,72.08599905608519,72.67493438720703,244200
2023-11-07,73.07036773169483,73.81915971586479,72.1953734809865,73.4237289428711,257400
2023-11-08,74.27349097498136,75.46819218300158,73.79392745238651,75.2999267578125,379400
2023-11-09,75.5439118980612,76.61241076805119,73.70979062272143,73.9706039428711,475300
2023-11-10,74.50906530793691,74.98022005358824,73.01989639297834,74.07157135009766,346100
2023-11-13,74.03791085379464,74.26506980141026,73.08719908204928,73.61724090576172,273800
2023-11-14,75.89728544565739,77.17612592139622,75.28311080127831,76.93213653564453,393000
2023-11-15,77.45374786834795,79.67488465436924,77.36961516351201,78.16889190673828,464800
2023-11-16,80.60036746074692,82.87198269288467,79.00182031791351,79.88522338867188,647900
2023-11-17,80.76862728872811,81.44170175036636,79.68329808926617,80.0534896850586,336700
2023-11-20,80.05349115116438,80.41526755761063,78.96816193182565,79.59075164794922,348200
2023-11-21,79.46454868506919,79.46454868506919,78.03427346407487,79.21215057373047,337000
2023-11-22,79.63282048528485,80.59194742966622,78.52225210658465,79.2037353515625,285100
2023-11-24,79.61598575383798,80.14603395452136,78.80830028779711,79.10276794433594,97900
2023-11-27,78.85037541372337,79.36359325945891,78.3035032021626,78.95133209228516,184400
2023-11-28,78.74098878106413,78.97656931689187,77.57994216816572,78.57272338867188,375500
2023-11-29,79.25177810455277,79.54036451918533,78.02951452311018,78.23322296142578,284900
2023-11-30,78.58969889558027,79.00561190657565,77.47778273016513,78.63214111328125,238600
2023-12-01,78.89527262078172,80.31276123900808,78.33507285059059,79.87987518310547,195000
2023-12-04,79.59977261495906,80.37217702448736,79.12445080957175,80.3297348022461,309900
2023-12-05,79.99870963158435,80.32973825682552,79.09899146818775,80.30427551269531,303900
2023-12-06,81.13608326543842,82.97796816852211,81.13608326543842,82.32439422607422,363100
2023-12-07,82.67240925460712,84.62462855504336,82.29893839896961,83.69944763183594,283400
2023-12-08,82.96947899808022,83.67397843020359,82.2055643413063,82.77425384521484,202500
2023-12-11,82.9100678349971,83.77583350457013,82.49416124206905,83.46178436279297,177300
2023-12-12,83.16471496095002,84.26814163014018,82.79973382614855,83.589111328125,188500
2023-12-13,83.65699937633998,86.0421110654844,83.07133686631582,85.7110824584961,284100
2023-12-14,86.41558270977944,88.2404883098293,86.3901199649048,87.45111083984375,278800
2023-12-15,87.4256404534268,87.68876409516521,86.04211080471426,86.06757354736328,273900
2023-12-18,85.72806068658387,88.29990147105752,84.88775774653612,88.28292846679688,397500
2023-12-19,88.65637885856236,89.97200989545614,88.0452536649597,88.78369903564453,459500
2023-12-20,88.4441867279151,89.49669421921108,86.90787418724533,87.2558822631836,284400
2023-12-21,88.74975115153012,89.88713658970381,88.03676848419396,89.87864685058594,206600
2023-12-22,89.97201120254577,90.39640748180307,89.14868138466291,89.94654846191406,131800
2023-12-26,89.89562356300908,91.06695497006889,89.81073912598909,90.61709594726562,164000
2023-12-27,90.48129795534915,90.64257063601711,89.78528822014546,90.46432495117188,159700
2023-12-28,89.87864209822608,90.96509552001953,89.84468961932338,90.96509552001953,181400
2023-12-29,90.64256889479182,90.9735975139703,89.97202191662223,90.23514556884766,159400
2024-01-02,89.53912666398517,89.64098410396835,87.1879740873908,88.26593780517578,241400
2024-01-03,86.65322459537046,87.59538480342303,84.12382653155795,84.88774108886719,319400
2024-01-04,85.24423873918644,86.39859716158976,84.73496448830814,85.50736236572266,220400
2024-01-05,84.94715100508301,87.49352838670464,84.94715100508301,87.44259643554688,217700
2024-01-08,87.90945184576789,89.16566777915878,85.77049728172521,87.85003662109375,348700
2024-01-09,87.3662274203897,88.512096198759,86.10152818949464,86.92485809326172,225600
2024-01-10,86.85694448014,86.85694448014,84.75193607567059,84.9641342163086,349900
2024-01-11,84.75193763706716,84.76891711506408,83.4363130263375,83.76734161376953,367900
2024-01-12,83.61455202326044,84.21719392862767,79.81195872684901,81.05968475341797,604700
2024-01-16,81.22945310507791,82.3328861280312,78.19926363754112,78.54727172851562,616000
2024-01-17,78.08042815048584,78.50482444336389,76.0348413862159,76.82421875,421100
2024-01-18,77.20617939204244,77.77486891869792,76.39133921748218,77.08734893798828,426300
2024-01-19,77.01095249136544,77.74939788052596,75.1266319555691,76.63748168945312,446800
2024-01-22,77.180710934256,77.63056997355145,75.8990323023922,76.6968994140625,472900
2024-01-23,78.70854686401219,80.22788003933357,77.3674528959023,78.82737731933594,669500
2024-01-24,79.93929095910222,82.19707601028324,79.2772337371452,81.71326446533203,460100
2024-01-25,83.1562094177969,85.2612113725269,83.13074667672916,84.92169952392578,409000
2024-01-26,84.94716739598803,85.88932772704355,84.2766204456835,84.86228942871094,243400
2024-01-29,85.39703055334597,85.99118282860336,84.45487017702776,84.8453140258789,226100
2024-01-30,83.85223647074177,85.23576632066184,82.41777465234276,82.48567962646484,265600
2024-01-31,82.0188304666363,83.32597190924494,81.08515985785125,81.53501892089844,226600
2024-02-01,82.12067890820761,83.17317985309113,81.1700289244518,82.81668853759766,262300
2024-02-02,82.39230135724848,84.67555563252274,82.15464045402382,83.18167877197266,269400
2024-02-05,82.154641397937,83.47875586013004,82.07824669200909,83.0968017578125,259700
2024-02-06,83.2495827584825,85.5328305311345,83.2495827584825,84.87077331542969,263000
2024-02-07,84.76892192488474,86.52592240239895,84.58218651096387,85.6261978149414,488200
2024-02-08,86.94182671540682,88.38477155237295,84.48032686784079,84.9896011352539,512400
2024-02-09,84.98111501738109,85.98269051582075,83.52968048990702,84.12383270263672,313900
2024-02-12,84.53125352628726,86.3052334612811,84.36149759338227,84.7689208984375,233700
2024-02-13,83.41085116617603,83.81827448898203,81.80663356996781,82.74031066894531,233700
2024-02-14,83.19864529368594,84.65008629459645,82.79122848440541,84.52276611328125,367100
2024-02-15,84.15777568854394,85.9911640779724,84.15777568854394,84.73495483398438,254400
2024-02-16,84.45486286852453,84.85379642272073,83.70792771915677,84.04743957519531,165500
2024-02-20,83.88617528620031,85.52434528420513,83.44479950211604,83.877685546875,221400
2024-02-21,83.4023571270278,84.20870745294202,82.99493385685888,83.35142517089844,188800
2024-02-22,83.57211093248458,85.13389254024428,83.37689227887275,84.31904602050781,256700
2024-02-23,84.45486657012906,84.95565111277648,83.05435743737918,83.88617706298828,209600
2024-02-26,84.41242700210411,85.73654794825656,84.05593564096748,84.93019104003906,283000
2024-02-27,85.38004684173559,85.7025921829804,84.39545076642871,85.04053497314453,395800
2024-02-28,84.05710586703916,85.21306041561635,83.66890716552734,83.66890716552734,257200
2024-02-29,83.75517940780209,84.54019869770377,83.04780249828683,84.08299255371094,159100
2024-03-01,84.33316359409112,85.3252182656965,82.97879536359765,84.51432037353516,219600
2024-03-04,84.26415297797942,85.40285748113308,84.13475339276135,84.27278137207031,181500
2024-03-05,83.5999015923889,85.59263259310605,83.46187362931707,84.98014831542969,195600
2024-03-06,85.49773910390758,85.99808059241448,84.62645569551255,84.962890625,188800
2024-03-07,85.50635650392859,87.31793048708302,85.43734253199985,86.43801879882812,201500
2024-03-08,86.43803206465765,87.11953033359207,85.78241897532011,86.30001068115234,454300
2024-03-11,86.26551030028433,87.67163574882596,85.54088317289929,87.49910736083984,219400
2024-03-12,86.92112018895327,88.24960968708437,85.50636650658723,88.20647430419922,215700
2024-03-13,88.29273929813408,92.27820782907666,88.05982534041027,90.73405456542969,398100
2024-03-14,90.40625648736592,90.57878487355828,89.2071664331817,89.5522232055664,118900
2024-03-15,89.54360081113337,90.83758344377094,89.00875228695689,89.09501647949219,119100
2024-03-18,89.1122723192631,89.43145048640304,87.72339711514579,89.4228286743164,191000
2024-03-19,89.07775909615292,89.73337217182394,87.81828355831901,88.69818878173828,176200
2024-03-20,88.8879776712285,91.37242186067375,88.8879776712285,91.36380004882812,154000
2024-03-21,91.40693297404647,91.44143996759216,89.36243803183318,89.5522232055664,176000
2024-03-22,88.8534747190472,89.63849401405182,88.50841136499612,89.14677429199219,99500
2024-03-25,88.6464317271211,89.48320814984137,86.8003505102381,87.46459197998047,325800
2024-03-26,87.72338669403824,88.74994164095303,87.30068101671462,87.64574432373047,281400
2024-03-27,88.12884883291031,89.17266072191674,88.12884883291031,88.78446197509766,147300
2024-03-28,89.28478581881946,90.57876822199076,89.00010811055341,89.85414123535156,401800
2024-04-01,90.18195956466799,90.7599368676245,88.94836258198735,89.30204772949219,162200
2024-04-02,88.4738963319827,90.069813376759,87.60261950455664,89.48320770263672,201700
2024-04-03,89.24166486520116,90.3976260879582,88.45665216944602,89.41419982910156,108800
2024-04-04,90.4666352849817,91.26890472542951,86.90386580206807,87.07640075683594,280700
2024-04-05,86.9815125746632,88.4048947611668,86.94700558196504,87.76652526855469,206600
2024-04-08,87.93043465588346,89.92316583191648,87.93043465588346,88.73270416259766,190300
2024-04-09,89.11227290136475,90.05256378475349,88.34451040233886,89.88003540039062,303500
2024-04-10,89.33655986362659,89.81102280025169,87.35245708668543,87.89592742919922,145700
2024-04-11,88.12021317263114,88.81896164513614,86.7054594412551,88.81033325195312,196300
2024-04-12,87.49048384856492,87.49048384856492,82.55609533102565,83.15995788574219,526400
2024-04-15,84.5833298095877,84.79036517759374,82.31454282865992,83.03054809570312,148400
2024-04-16,82.6078485252143,83.14269043816806,80.88253844412858,82.61647033691406,244000
2024-04-17,84.27278334752711,85.26483150053575,83.46188540391933,84.41080474853516,193700
2024-04-18,85.35971190558834,87.7665202098909,85.29932631723102,86.2137451171875,243700
2024-04-19,85.7910362991326,88.3445008665294,85.7910362991326,87.71475982666016,285800
2024-04-22,87.77515651100536,88.59467622419392,86.75722322874651,88.32725524902344,215300
2024-04-23,87.51635948014537,88.18060760963836,86.26551218606198,86.7831039428711,313000
2024-04-24,86.6450655976646,86.82622234803603,84.17787190521288,84.62644958496094,357000
2024-04-25,83.74655331946916,86.42941103502262,83.11681224095928,85.52362060546875,210500
2024-04-26,85.69614562107736,85.8169233776123,84.3504059102054,85.35971069335938,144000
2024-04-29,85.35970424469718,85.4287182199218,84.77309861835775,84.99739074707031,205500
2024-04-30,84.38490407451675,84.41941106112684,82.29728074611715,82.383544921875,215000
2024-05-01,82.2369089631063,84.384918233095,81.93498100652731,83.9794692993164,254500
2024-05-02,84.54018812251715,87.09364607602528,83.68616153431341,86.84347534179688,253800
2024-05-03,87.54223957234039,88.68956581573869,86.9124984741211,86.9124984741211,178800
2024-05-06,87.63710489396888,89.24164347520937,87.05912771189148,88.24959564208984,232700
2024-05-07,87.80102118412748,87.90454214916159,86.4552815463595,86.73133087158203,163300
2024-05-08,86.62782097835763,87.75790360109227,86.62782097835763,87.74927520751953,98000
2024-05-09,87.68888685138991,88.87072005369859,87.27480953291864,88.85346984863281,130500
2024-05-10,89.20715425033931,89.61259656067452,88.30999228528336,89.2847900390625,195600
2024-05-13,90.00079688132973,92.18331295771432,89.73336935840615,91.4414291381836,422400
2024-05-14,91.8209988933931,92.71816086937419,91.45005698583876,92.66639709472656,278800
2024-05-15,93.17537456766031,94.87480608332908,92.73541864567407,94.7540283203125,505200
2024-05-16,97.5662897353012,98.34268063557346,91.61396827526191,94.50386810302734,890600
2024-05-17,95.09909227680161,95.35789142824657,93.72747388613642,94.33995819091797,295700
2024-05-20,93.9086332789242,94.89205955138843,91.53633179013949,91.58808898925781,267700
2024-05-21,91.26027141487853,91.71747750269026,89.71611820597228,90.55289459228516,181000
2024-05-22,90.48388987307636,91.08774579017809,88.0166958434278,88.12884521484375,231300
2024-05-23,88.00805337542317,88.86208649786268,84.78172576858957,84.89387512207031,406100
2024-05-24,84.97151575259599,87.01601042990453,84.03122498106964,86.82622528076172,298500
2024-05-28,87.13678666354566,87.79239974944893,86.0670896846887,86.2913818359375,225100
2024-05-29,85.40284591068702,85.84280180820836,84.29864855195815,85.31658172607422,273600
2024-05-30,85.82554855480815,85.98082672611636,84.57470137260108,85.52362060546875,205700
2024-05-31,85.74283995811969,86.453123164297,84.84840950182908,85.26055145263672,284100
2024-06-03,85.95328996071267,87.1458683203505,85.4973072656424,86.58465576171875,244500
2024-06-04,86.47944224898764,86.92665416617396,84.93610419525277,85.60254669189453,232400
2024-06-05,85.87438492615196,86.7337455433273,85.10271921964244,86.30406188964844,183700
2024-06-06,86.40050888500316,87.05818048214691,85.7077606665233,86.19005584716797,152000
2024-06-07,85.58500241649463,86.22513909727314,85.33070190989397,85.62007904052734,174400
2024-06-10,85.93576491533257,86.04975892971385,82.50710006303542,82.71755981445312,387500
2024-06-11,82.70878565685484,83.81367589169211,81.69159032666997,83.74352264404297,274500
2024-06-12,84.67302620994924,85.67268653140331,84.31350253863832,84.47134399414062,214100
2024-06-13,84.17320287064024,84.52396243242454,82.98939520352768,84.19950866699219,182700
2024-06-14,83.29629741857956,84.16442873618298,82.86662051877005,83.6733627319336,207900
2024-06-17,83.64706870506325,84.77826480424699,83.62953373717197,84.5502700805664,155000
2024-06-18,83.55059766300842,84.77825263482735,83.48044442114873,83.79612731933594,156300
2024-06-20,83.53306675845366,84.0767376838424,82.99815997108739,83.4629135131836,203700
2024-06-21,82.875403225429,83.16477368259201,82.31419058885865,82.57725524902344,332600
2024-06-24,82.71755077058023,83.32260409175198,81.61266061207743,82.54216766357422,348500
2024-06-25,82.5947884937027,82.87539478340416,81.16544456069502,81.8844985961914,285500
2024-06-26,81.12160921392264,83.06831840559586,80.48147251866224,82.78771209716797,347200
2024-06-27,82.61232075126179,83.93643477339984,82.61232075126179,83.30506896972656,404600
2024-06-28,83.17353639408086,83.8136730493522,81.98972881342074,83.4629135131836,385100
2024-07-01,83.33137744921179,83.88382589032376,82.19141732488521,82.37556457519531,251900
2024-07-02,82.59479334008171,83.10338767050831,81.05145531107499,81.60389709472656,229500
2024-07-03,81.53374077265917,82.43694200341159,80.84975671123554,80.95498657226562,208400
2024-07-05,81.06022874141779,81.8143594678535,80.10440908992878,81.58636474609375,296400
2024-07-08,81.84943729701564,81.87574978644199,80.06057604663353,80.67440032958984,281900
2024-07-09,80.56039040432789,82.16510405313512,80.23593666726265,81.68281555175781,194900
2024-07-10,82.01603514436887,83.20861356103455,81.82311706370506,82.726318359375,423000
2024-07-11,81.74420202244968,85.37454896568788,81.23560101161216,84.9536361694336,489200
2024-07-12,85.43593276136143,86.12868104103913,83.7172183051485,84.48888397216797,238500
2024-07-15,84.78702635874721,85.12024423369064,83.32260581817575,83.65583038330078,170400
2024-07-16,83.32260514048399,84.55026014425202,83.07707547776668,83.11215209960938,233600
2024-07-17,82.55094987700163,83.30508061568453,81.00761177339683,81.54251861572266,236000
2024-07-18,81.46359419598048,81.60389399864968,78.71890696867354,78.90306091308594,372300
2024-07-19,79.0258280657891,81.03391964485674,77.859555397959,80.49024200439453,375700
2024-07-22,79.83257395675655,82.9017084694847,79.44673776286952,82.2528076171875,254100
2024-07-23,81.81435651576325,82.52463976193769,81.4197495088581,82.21772766113281,164600
2024-07-24,81.85818926454826,82.25279623282059,80.21839904785156,80.21839904785156,240500
2024-07-25,79.76241639687525,81.01637726909519,79.56949831035189,80.43762969970703,329100
2024-07-26,80.6480906078176,80.95500273436828,79.62212434612702,80.09564208984375,281100
2024-07-29,80.95500362707773,81.03392771202256,79.35905386123262,79.87641906738281,238100
2024-07-30,80.50776442485288,81.89326076063271,79.70102226358144,79.70979309082031,275000
2024-07-31,79.7974852655975,80.11316816010446,77.54386424603348,77.82447052001953,394100
2024-08-01,78.38568447679336,78.65751992798948,74.53611395033751,75.1148681640625,374000
2024-08-02,74.45720097143061,74.83425961818668,72.70340995128826,73.6767578125,312800
2024-08-05,70.66900944489517,72.82617839385378,70.16041510840634,71.46698760986328,296600
2024-08-06,72.27372141718071,74.26427783611386,71.90542693365188,73.65921783447266,271100
2024-08-07,74.5098156970057,75.79885322149,72.378959250246,72.7735595703125,504000
2024-08-08,71.46698680068496,77.07034878886152,71.46698680068496,76.71958923339844,380700
2024-08-09,76.54421637996366,78.64876712096886,76.54421637996366,77.27204132080078,338900
2024-08-12,77.17557375481913,77.684168053207,75.83392472890915,76.43021392822266,283100
2024-08-13,77.50879324955434,77.62278725688277,76.2022208187063,77.32464599609375,185600
2024-08-14,77.64032685034883,78.28045680629455,76.96511358208753,77.73678588867188,266200
2024-08-15,78.93812286430169,80.49023150616112,78.39445198493176,79.29765319824219,363200
2024-08-16,79.32396498686765,79.60457127522656,78.63998757712915,78.82413482666016,306600
2024-08-19,78.99951931436274,79.17490244385819,77.96478895616002,78.4295425415039,274000
2024-08-20,78.47337713395831,79.06966634697739,78.09631179792888,78.11385345458984,275600
2024-08-21,78.78029735853941,79.13982776521469,78.4821560663348,78.92937469482422,147600
2024-08-22,78.87674751555724,79.08720725239905,77.63155751172765,78.48214721679688,190400
2024-08-23,78.9205959009596,80.80592258551889,78.76275444155041,79.96410369873047,297500
2024-08-26,80.1044046812516,81.2706773323868,79.90272245748048,80.19209289550781,204700
2024-08-27,80.34117371213566,80.51655014827337,79.19243597783242,79.95533752441406,154100
2024-08-28,79.55197012443936,80.17456519935497,77.51757259436916,78.95568084716797,264700
2024-08-29,79.78872680664062,80.26225122180608,78.9206020572618,79.78872680664062,203600
2024-08-30,80.52965106374674,81.23487774275252,79.94047856893035,80.69926452636719,144600
2024-09-03,79.84228146013417,80.34218621717531,78.7353397685552,79.52091217041016,319600
2024-09-04,79.27987877537024,80.43145088453115,78.69070630713166,78.70855712890625,144000
2024-09-05,79.43164477741907,81.03848442223911,78.69070964456142,79.90476989746094,192700
2024-09-06,79.9761822299385,81.23487979032726,78.36934254028114,79.10134887695312,232400
2024-09-09,79.40485368968109,79.57446714193702,76.15545932338624,76.1733169555664,292200
2024-09-10,76.51254530919788,77.00352808678888,74.32545506871114,75.91444396972656,424700
2024-09-11,75.86090073279449,78.59253360953213,75.13781623371611,78.47648620605469,271500
2024-09-12,79.61018970293878,80.03868441220952,78.30686156116663,78.94960021972656,332500
2024-09-13,79.63695293337156,80.66354881196814,79.40485139657011,79.41378021240234,233600
2024-09-16,79.63696776626828,80.84209932182735,79.08349686332839,80.46717071533203,216000
2024-09-17,81.2348773924037,82.78815775642965,80.12794250855579,80.49394226074219,224400
2024-09-18,80.61892261671831,82.35074534873091,80.38682785872899,80.61000061035156,163400
2024-09-19,81.68122573452882,83.18094687290194,81.02955831393149,81.89546966552734,304900
2024-09-20,81.68122817166262,81.78835354570408,80.97600144994665,81.7080078125,181000
2024-09-23,81.44913380550078,81.87762852888237,80.97600861367255,81.37772369384766,189000
2024-09-24,82.6453352116276,83.17201963757505,82.0025965957181,82.78816223144531,264400
2024-09-25,83.02026419982062,83.46660970627126,80.4760961751903,80.52965545654297,184100
2024-09-26,83.18093427357216,84.78778053940309,82.48463649527568,83.76118469238281,452100
2024-09-27,83.9040367633152,85.323419190776,83.9040367633152,85.18951416015625,447700
2024-09-30,84.4485734597529,84.63603776628162,83.33270962753973,83.77012634277344,158600
2024-10-01,83.68084505882418,83.71655351296047,81.37770765790866,82.63639831542969,286000
2024-10-02,82.9131389524482,84.0200807138265,82.29718678388059,83.60944366455078,433500
2024-10-03,83.03811212647294,84.51105360851282,82.36859389015405,84.41285705566406,450100
2024-10-04,84.80565121175958,86.85884338642649,84.78780038715647,85.82331848144531,518900
2024-10-07,85.69833632304007,86.80527126021894,85.02881807051632,85.10023498535156,287700
2024-10-08,85.04666797690861,85.80546077014105,83.89510258839273,84.97525787353516,224400
2024-10-09,85.24306160643881,85.3858954354426,83.62729307731153,83.86831665039062,227500
2024-10-10,83.49338312160364,84.89490763493204,83.24343074633866,84.29680633544922,205300
2024-10-11,84.29680782257006,85.43052234771986,83.90402161982924,85.42160034179688,314400
2024-10-14,85.57335989959344,87.07308105368145,84.96632974649371,86.94810485839844,197100
2024-10-15,87.33196074805151,87.85864516037667,86.6178052353583,87.0820083618164,372900
2024-10-16,87.93006145234583,91.4651169127409,87.75152598078017,91.42048645019531,611900
2024-10-17,90.93843750281488,91.06341370191883,89.5369128608417,90.81346130371094,361400
2024-10-18,91.05447861679767,91.56331219546387,89.98325218087668,91.0901870727539,309100
2024-10-21,90.26891271289503,91.29550187272986,89.04592364061853,89.09056091308594,368500
2024-10-22,88.05504108314285,89.50120297778754,87.48371937899255,88.48353576660156,421200
2024-10-23,88.26035780043925,90.00110245079348,88.06396469923179,89.91183471679688,252600
2024-10-24,90.63491802765819,90.63491802765819,88.98344100540642,90.01895904541016,289000
2024-10-25,90.15286514905695,90.5902886571464,89.08163863809007,89.55476379394531,161200
2024-10-28,90.55457074429589,93.11658937225538,90.2510522844393,90.3313980102539,289400
2024-10-29,89.18876129316429,89.97432692320041,86.61780684815183,86.89453887939453,406300
2024-10-30,86.59102790911733,88.90309435425958,86.59102790911733,88.51031494140625,204100
2024-10-31,88.18001986799231,89.16197865014901,86.6088817301263,86.85884094238281,184700
2024-11-01,87.07308057411453,88.3139205137988,86.94810437951983,87.1534194946289,182500
2024-11-04,86.6356657056725,87.92113613564061,85.92151016959647,86.01970672607422,232500
2024-11-05,85.8590165396484,86.2339451071227,84.5021292813498,85.44837951660156,192400
2024-11-06,87.84972547102835,88.14430832789331,84.54676465107987,87.30518341064453,301500
2024-11-07,87.77830715218721,88.81382516458294,86.96595507779699,87.3855209350586,171700
2024-11-08,87.39443830167045,87.68009911014833,86.5910151494855,87.2962417602539,168800
2024-11-11,87.7068836515799,89.47441468523193,87.14449081894536,88.5370864868164,150500
2024-11-12,87.95683958633158,88.91201864530923,87.26054172417668,88.0103988647461,155900
2024-11-13,88.03718438096494,90.97413843843036,88.01932674788846,89.3226547241211,151900
2024-11-14,89.87613743156402,92.77738341653813,88.82276169382264,92.64347839355469,300900
2024-11-15,92.56313517741651,93.27728391575194,90.66169892267496,91.55438995361328,274300
2024-11-18,91.8668313435833,93.13445089127094,91.07233011140494,91.85790252685547,415200
2024-11-19,90.92950046347511,96.1517411445719,90.60813117749763,95.74110412597656,560600
2024-11-20,95.56256912546348,95.8660807799785,91.72399530800517,94.45562744140625,458500
2024-11-21,86.65351085693902,87.27839180208197,81.64551404716408,82.80601501464844,1410600
2024-11-22,82.66318714943354,84.89491470104184,79.04779260224326,83.3505630493164,851400
2024-11-25,83.75226719426026,86.1089708288129,82.63640347294967,84.08256530761719,690200
2024-11-26,84.8413580545192,85.02882235739418,81.99367143079232,82.93099975585938,504800
2024-11-27,82.74353769974995,83.52910339179851,82.29719216344438,83.33271026611328,291100
2024-11-29,83.46661043015092,83.80583056614627,82.12757389918593,83.3505630493164,241100
2024-12-02,83.61397863704839,84.04089914547174,81.57018237744832,82.60570526123047,453100
2024-12-03,82.89638412166553,83.09622310119369,81.37942774533396,81.62468719482422,271800
2024-12-04,81.297679215631,82.20603317334756,80.72541871713824,81.62468719482422,271200
2024-12-05,82.29686060295191,83.44138843861627,81.19775323361802,81.41575622558594,350000
2024-12-06,82.12427807731446,83.34146895684135,81.12508325956532,81.41575622558594,341700
2024-12-09,82.10611193414066,82.12428289381462,79.39013559889115,79.5263900756836,429200
2024-12-10,80.40748596191406,81.10692236133202,79.68989246356743,80.40748596191406,438400
2024-12-11,80.84349737643619,83.21430161795814,80.32573592887337,83.05988311767578,392900
2024-12-12,83.15979810380055,83.5413050592259,79.79888468596643,80.05322265625,359100
2024-12-13,79.93514700787615,80.37115994993026,78.72703460007955,79.53546905517578,463300
2024-12-16,79.42646287651598,80.58006921694819,78.23651462026429,78.2637710571289,335000
2024-12-17,78.2637720478647,79.97147481293342,77.55525021440354,79.90789031982422,639700
2024-12-18,79.97148363894016,81.62468757242445,78.1911107052025,78.58170318603516,378700
2024-12-19,79.21754455014353,81.03425239056932,78.99954154974576,80.48015594482422,437500
2024-12-20,80.03505201956018,81.98801403038595,80.03505201956018,80.72540283203125,307200
2024-12-23,78.75428388646404,80.43474422090831,78.47269638250856,80.271240234375,310000
2024-12-24,80.48923648468961,81.12508141773935,79.93514007295055,80.50740051269531,122300
2024-12-26,80.49832622630407,80.57098927236453,79.50821685791016,79.50821685791016,265900
2024-12-27,78.78154055336451,79.63538854755501,78.17293814439573,79.60813903808594,302900
2024-12-30,78.89054840165299,79.49914395611289,78.34553735392484,79.40830993652344,230000
2024-12-31,78.69979193959027,80.21674149362265,78.65437146639768,79.8261489868164,199800
2025-01-02,80.16223069576678,81.18866809535969,77.59158752692318,77.85501098632812,218700
2025-01-03,78.00036324675906,78.40003430843223,76.8285857134948,78.2001953125,222800
2025-01-06,78.59078999296344,80.64367210303655,78.54537644821063,80.37117004394531,262700
2025-01-07,81.09783690026545,83.187053689153,81.09783690026545,81.96077728271484,169500
2025-01-08,81.215938570119,81.39760660722177,79.6081480279746,81.17960357666016,232300
2025-01-10,81.77911297796572,82.33320949587038,78.79971284049297,79.31747436523438,401600
2025-01-13,78.40002003574855,80.49832218085076,77.45533118253444,80.13497924804688,385400
2025-01-14,80.38931977913003,83.45047490287612,80.12589631772248,83.35055541992188,439300
2025-01-15,84.47690843828325,84.56774243766277,82.65111525093815,83.31421661376953,404900
2025-01-16,83.0144635251677,84.17715542456425,81.9426056310008,82.03343963623047,306500
2025-01-17,82.76921101802857,83.44139097295651,81.78818712909136,82.03343963623047,337300
2025-01-21,83.24155334222498,85.49427413118215,82.58753740574738,85.38526916503906,405600
2025-01-22,86.13012605841222,86.13012605841222,83.27789505098563,83.74115753173828,289500
2025-01-23,83.78655941775014,84.94925126792342,83.32330393163396,84.22257232666016,257400
2025-01-24,83.74115866413871,84.73126121167518,83.39597970392582,83.53223419189453,177100
2025-01-27,83.11439132721519,84.42242331002595,82.33320632972443,83.07805633544922,293400
2025-01-28,82.66021352151142,84.66767501826806,82.26962102656476,84.63134002685547,125500
2025-01-29,84.86751486281511,86.37537890561163,84.22258435165969,85.08551788330078,170300
2025-01-30,85.03101789435883,86.52980336982023,84.69492442186183,85.96662139892578,278300
2025-01-31,86.62063474516748,86.62063474516748,84.35883531046387,84.6767578125,308500
2025-02-03,82.52394886590963,83.54130770950874,81.30675798945528,81.93351745605469,390400
2025-02-04,82.66020314678752,83.27788406289419,81.68826477160982,82.59661865234375,241200
2025-02-05,82.46036976252815,83.79565116636742,81.75185479645603,83.54131317138672,202500
2025-02-06,84.02273055647034,84.63132596860677,82.46036083621154,82.78736877441406,222200
2025-02-07,83.64124030266912,84.29525630963595,82.2514597529602,83.39598083496094,208800
2025-02-10,83.42322891877237,83.42322891877237,81.82453085154498,82.11520385742188,223300
2025-02-11,81.18867112082681,82.20603000917914,80.72541560995973,81.29767608642578,241100
2025-02-12,80.93433771168036,83.0508041347206,80.68908518794093,82.90546417236328,428800
2025-02-13,86.15736727289308,89.79078292535195,83.3868919960074,86.11195373535156,658700
2025-02-14,86.43895733008978,89.11859846628,84.685834089169,88.81884002685547,511600
2025-02-18,89.40927164615225,90.45387998204585,87.60164938642056,88.44641876220703,400600
2025-02-19,87.55623025254762,89.78169449444664,86.92038530634508,88.90967559814453,403200
2025-02-20,89.34570496965979,89.54554396961845,87.50174735580897,89.06411743164062,387600
2025-02-21,89.18219303026478,89.25486301109302,85.56694118125412,86.09378814697266,338400
2025-02-24,86.46621773457288,87.32915124510043,85.73044629687553,86.10287475585938,258200
2025-02-25,86.61153525457199,87.02937717968422,83.62305035847513,84.69490814208984,443200
2025-02-26,85.67595548713179,86.42080554629773,84.39517985389631,85.0673599243164,273700
2025-02-27,85.15817841965573,85.83944384701297,83.86831754043835,84.17715454101562,189200
2025-02-28,84.1124463438512,86.09069217376292,83.7426792521614,85.85958862304688,174900
2025-03-03,86.1091868916053,87.39412210643943,83.92756874568818,84.61163330078125,210900
2025-03-04,83.28046844720727,85.9335396304236,81.35769235082421,85.40662384033203,594900
2025-03-05,86.35877334025346,88.68830108642578,85.85034975912524,88.68830108642578,403600
2025-03-06,87.46807390248249,89.44631972082557,87.15376940793195,89.19672393798828,392600
2025-03-07,89.03033249723084,89.19672734123084,85.29569815068037,86.80249786376953,406700
2025-03-10,85.28646311932295,85.82261803959132,83.57629811844905,85.4528579711914,369000
2025-03-11,85.45284794842644,87.68068242593448,83.890585747606,87.34789276123047,554000
2025-03-12,87.53278776741895,87.76389133038903,84.99064857474805,85.54529571533203,478500
2025-03-13,85.92431049608581,86.73779963294889,84.55618121581527,85.0461196899414,476200
2025-03-14,85.93355336612221,86.85796767563652,85.11082519487222,85.76715850830078,341400
2025-03-17,85.96128125400367,87.8101097996272,85.96128125400367,87.25546264648438,193700
2025-03-18,87.3109314506129,87.59750469139989,86.27559190523031,86.58065032958984,223400
2025-03-19,86.50668758024723,88.59585871628639,86.50668758024723,88.25382995605469,396400
2025-03-20,87.15377791107267,87.90255122719721,86.81174913838434,87.40337371826172,154800
2025-03-21,86.85794819753353,88.05044323571367,86.36800985179624,87.2369613647461,336600
2025-03-24,87.86557232133453,88.75300910488956,87.5142904124319,88.16138458251953,143300
2025-03-25,88.71603166647296,90.65730007076554,88.70678554973577,88.9378890991211,195200
2025-03-26,88.8731903034043,89.41859840822215,87.78238114649001,88.7160415649414,138500
2025-03-27,88.74377149735474,89.42783609455155,87.81935721092397,88.30929565429688,120200
2025-03-28,87.81934354475139,88.31852802806903,86.39574491885742,87.04283905029297,261900
2025-03-31,85.09233020892333,86.29406444121473,83.90907410477455,85.4713363647461,217700
2025-04-01,85.33268228998415,85.33268228998415,83.24351103736302,84.34355926513672,289100
2025-04-02,83.3636665371404,84.74104161627095,82.63337852801209,83.42837524414062,326000
2025-04-03,82.27287303015349,85.35117435415957,80.14671731053286,84.59315490722656,743400
2025-04-04,82.63338345723446,82.8922183006753,79.08363637109635,80.42403411865234,482100
2025-04-07,78.57521170171809,83.15105944443559,76.74486837299844,76.9205093383789,475600
2025-04-08,79.3702037225409,80.63665371466385,76.30114886272527,76.83731079101562,375200
2025-04-09,77.18859344003717,84.61163908194304,77.11463860396843,82.51322174072266,700000
2025-04-10,82.51322051923859,82.51322051923859,77.29027843228506,78.24242401123047,392900
2025-04-11,79.47188932722015,80.94170450927578,77.78945577750639,80.821533203125,257000
2025-04-14,81.33920899995728,83.35443237474584,80.75683055343771,80.92322540283203,248400
2025-04-15,81.08036399891903,83.3729141870117,80.65513433756317,82.67960357666016,251800
2025-04-16,83.2157718195269,83.90908254150028,80.63666214018076,81.35770416259766,197100
2025-04-17,81.17280874742744,82.02327517256693,81.00641390910891,81.47786712646484,155300
2025-04-21,81.34845128613779,81.50560001074211,79.8416586478854,80.85851287841797,151100
2025-04-22,81.37618117087821,81.56106824313157,80.18368600254658,80.45176696777344,246800
2025-04-23,81.97705093786186,83.84436450499206,80.55345223395916,81.08036804199219,375800
2025-04-24,80.49800106486785,83.73345120040703,80.49800106486785,83.33595275878906,157400
2025-04-25,83.32669518800525,84.13093807870902,82.49472099981523,83.65948486328125,156300
2025-04-28,83.65948621504451,85.14779366109887,83.57629232124158,85.10157012939453,241000
2025-04-29,85.03686612822766,85.50831937739467,83.46536470129912,84.53768157958984,177400
2025-04-30,83.37292674939678,84.92594303269694,82.70734733473653,84.82425689697266,165700
2025-05-01,85.50831447714422,86.5898774108508,84.68558639396016,85.73941802978516,193700
2025-05-02,86.96888042877816,88.37398676094398,86.54365078808692,87.2369613647461,208600
2025-05-05,87.04284889498159,89.4278322925067,87.04284889498159,87.59749603271484,311300
2025-05-06,86.91343025063067,89.42783830017238,86.2755891731124,88.86394500732422,236900
2025-05-07,88.5588911999827,90.30603363196656,88.00423698758294,89.33539581298828,399600
2025-05-08,90.63880832904408,95.76005640632276,90.01944550145686,93.07001495361328,783200
2025-05-09,92.91287653296514,92.91287653296514,90.29678256093977,90.92538452148438,377700
2025-05-12,93.04229003809735,93.0792674521844,90.93462680417973,91.63717651367188,334700
2025-05-13,92.02543537742876,94.85414054017046,91.65566829111833,94.19780731201172,281900
2025-05-14,94.29025514396972,95.57519040965515,93.36584087785238,93.68938446044922,427900
2025-05-15,93.36583465391061,95.44576661402247,92.74647882955249,94.6137924194336,316500
2025-05-16,95.21466983756041,95.84327182345122,94.39194170123996,95.11298370361328,259000
2025-05-19,95.51047191797035,96.57354962574722,95.10372742563683,96.48110961914062,312000
2025-05-20,96.60128873716324,98.03413363999904,95.5382109433871,95.97268676757812,270600
2025-05-21,95.63065897147126,96.13908967062571,94.18857488328278,94.29950714111328,231900
2025-05-22,94.04067089512337,96.93408514753976,93.36584534537027,96.8601303100586,552500
2025-05-23,95.78781439683728,99.24512197957753,95.78781439683728,98.42239379882812,742100
2025-05-27,98.87534534509119,101.2695818718532,98.87534534509119,100.45609283447266,689400
2025-05-28,100.54853561115611,101.49144210263671,100.11406683473624,101.26958465576172,551700
2025-05-29,101.38976285732339,102.20324491960356,101.03848795485,101.51918029785156,510900
2025-05-30,101.32215129391078,102.06330492618291,99.85861139900368,101.11575317382812,427500
2025-06-02,101.07823432469003,102.75755616958051,99.50211154875657,102.41981506347656,321800
2025-06-03,102.26032657402422,102.72941064087755,101.6036117434915,101.94135284423828,386000
2025-06-04,103.08591166020426,103.88336029769884,100.036865234375,100.036865234375,512100
2025-06-05,99.78356793450773,100.5247216536736,97.24113303232502,98.26373291015625,565700
2025-06-06,98.66713383799544,101.32215118408203,98.22619370150669,101.32215118408203,442500
2025-06-09,101.92259083417734,102.26033195268855,100.4121394868509,101.03133392333984,285700
2025-06-10,102.26032244597455,102.54177573778675,100.74987123906844,100.77801513671875,206900
2025-06-11,100.86244934640789,101.55669170123852,98.15114424681163,99.58654022216797,447000
2025-06-12,98.87354094782005,101.04070708807735,98.55456721187524,100.299560546875,224200
2025-06-13,97.59762443595879,99.36138501121142,95.69314437451425,97.35369873046875,373900
2025-06-16,98.16991315165987,100.1494484906925,97.37247166780828,99.19252014160156,253600
2025-06-17,97.78526529597478,98.68590582303668,96.67822663940096,97.22235870361328,294900
2025-06-18,96.9315250211991,97.5225683304649,96.44368077258113,97.32555389404297,236000
2025-06-20,97.56949135384909,98.32002876578694,95.97460830055019,96.16223907470703,282300
2025-06-23,95.48675437917399,97.14731603413192,93.17886155966833,96.30296325683594,348700
2025-06-24,97.48506127071947,100.43090885133618,97.48506127071947,98.7609634399414,319700
2025-06-25,99.04241287213362,100.35584973439131,97.88846288005551,98.8641586303711,266800
2025-06-26,99.44581745808112,100.74048684445901,98.74219139116074,100.33707427978516,168800
2025-06-27,99.80231772801909,101.70680494197815,98.41383297854031,101.35968017578125,333200
2025-06-30,101.46288343198772,103.17973280642066,100.90936052017584,103.17034912109375,371200
2025-07-01,102.07269509181369,103.16096639727209,101.34091794024371,102.35414123535156,286100
2025-07-02,103.19848811998695,104.45562990322907,101.81937990624971,104.30552673339844,320600
2025-07-03,104.08975275439074,105.73154700703195,104.08975275439074,104.73709106445312,179600
2025-07-07,103.93964409677187,105.56267089272295,103.39550488387245,104.37120056152344,289600
2025-07-08,105.29998893603758,105.4876268566821,102.50425191615481,102.57929992675781,226600
2025-07-09,103.3673589500343,103.7707715092158,100.9562672798531,101.98825073242188,199500
2025-07-10,103.76139467850496,107.09189443298307,103.74263446510456,106.62281036376953,481500
2025-07-11,106.01300349391443,106.01300349391443,102.87014154752852,103.55500030517578,342100
2025-07-14,103.99593659767672,105.07483138720127,102.69188345932295,103.65819549560547,268300
2025-07-15,104.49316281590232,104.49316281590232,102.35414064369792,102.55115509033203,185000
2025-07-16,103.43303042907993,103.43303042907993,101.38782373610351,101.98825073242188,202500
2025-07-17,101.88506369895296,102.93581464537867,101.64113796613614,102.53240203857422,257400
2025-07-18,102.61681709950504,102.61681709950504,100.67480955321055,101.44410705566406,216500
2025-07-21,101.65050500644527,102.02577365140655,100.65604918130386,100.7967758178711,236900
2025-07-22,100.70296286518614,103.01086274599905,99.97119287463046,102.34475708007812,293800
2025-07-23,103.26416812700528,103.9959381397925,102.19465700713856,103.47994995117188,179800
2025-07-24,102.38228777433608,104.54946107103858,100.89060384944749,103.47994995117188,270100
2025-07-25,104.24924139917677,105.02791547900124,103.29230593301703,103.31107330322266,225100
2025-07-28,103.3016906791006,103.78953494463924,101.91319873345974,102.28846740722656,381200
2025-07-29,102.26032869905256,103.98655466527043,102.26032869905256,103.91150665283203,254500
2025-07-30,103.92087389062341,103.9396412602965,102.26031955727231,103.45178985595703,184100
2025-07-31,103.77078434498868,104.85905572630743,102.02579093432709,103.81769561767578,235800
2025-08-01,103.37675213471519,103.37675213471519,101.11576342701353,102.25094604492188,255200
2025-08-04,103.20787564707933,104.07098858928678,102.72002422224583,103.34860229492188,300100
2025-08-05,104.27738671843522,104.93410153149422,102.28846775114211,103.34860229492188,286700
2025-08-06,103.19849701203603,107.21385556873409,102.93581107395747,105.18741607666016,593200
2025-08-07,106.01300513008081,110.97591569818641,105.16865233025709,109.11833953857422,764100
2025-08-08,109.87824883969022,111.6607624774633,107.32643049983452,110.47867584228516,424200
2025-08-11,110.84455547407575,111.22920064890003,109.59679026172682,109.69998931884766,330300
2025-08-12,110.03774303671906,114.1093893670235,109.81258468514012,113.2275161743164,591300
2025-08-13,112.58017580356177,113.23689063268728,110.93838157309315,111.90469360351562,378500
2025-08-14,111.55757318955503,111.91407449394035,109.10895385436903,109.28720092773438,487700
2025-08-15,109.7187536470991,110.12216620616601,109.11832665095127,110.02835083007812,383800
2025-08-18,109.7844351335227,110.60064401096315,108.8368904437108,109.24030303955078,303600
2025-08-19,109.108958969608,109.15586308262745,107.34519826248089,107.93624877929688,412000
2025-08-20,107.88933305749232,109.11833099578469,106.4445533037169,107.39210510253906,407200
2025-08-21,107.38272130822371,107.6547909197936,106.32259391775179,106.754150390625,284300
2025-08-22,106.86672910294959,109.97206314784108,106.55713191965559,109.82195281982422,299600
2025-08-25,109.8219590704226,110.30981050658947,108.93070220947266,108.93070220947266,176900
2025-08-26,109.3528820302647,111.13540302433313,108.82751013386125,110.61003112792969,214300
2025-08-27,110.09402806614742,110.45053653464014,109.1746273116925,109.9720687866211,154600
2025-08-28,110.54435461315134,112.83348002740713,110.15032570876981,112.58956146240234,234300
2025-08-29,112.34231664377593,112.684650339129,111.48648240539326,111.58157348632812,193200
2025-09-02,109.65119945145342,110.9254431891472,108.45303873770787,110.5640869140625,343200
2025-09-03,111.01102063587602,113.16011390616181,110.84936507149207,111.79077911376953,283500
2025-09-04,112.11410858927442,113.0174848372495,111.43895241094833,112.30429077148438,158000
2025-09-05,112.81778340231484,113.47392421807778,111.31531960200955,112.03802490234375,210800
2025-09-08,112.12361043289981,112.31379259909443,108.82389833903248,109.41346740722656,448500
2025-09-09,109.03310554030334,110.04108410289962,108.12021080796983,108.51009368896484,195100
2025-09-10,108.62420349947993,109.85089078922822,108.2723585160345,109.28984832763672,289900
2025-09-11,109.33739503408492,111.59108336937193,108.17726499829084,111.45795440673828,279500
2025-09-12,112.20918840055845,112.91287110997986,111.23924776081459,112.43740844726562,359100
2025-09-15,112.44692378772491,112.50397698771343,109.622674308538,110.42145538330078,269400
2025-09-16,110.51654558667494,111.22973960078102,109.30886632666389,110.50703430175781,175200
2025-09-17,110.68770285133857,113.28372477499882,110.68770285133857,111.9999771118164,155400
2025-09-18,112.09507150305707,113.1315838503451,111.38187752964225,112.86532592773438,165300
2025-09-19,114.11103760275313,114.11103760275313,112.21869826056977,113.87330627441406,195800
2025-09-22,113.44539112185484,114.27269148915342,111.97145400577242,114.072998046875,193300
2025-09-23,114.16808839149714,116.96381107538171,113.59753466651651,116.33619689941406,427500
2025-09-24,116.4312999190862,116.68804656641704,112.78925415797492,113.58802795410156,319500
2025-09-25,112.75121230701268,112.75121230701268,109.52757612680966,111.60059356689453,359800
2025-09-26,112.21870185489419,113.19815379822514,111.6956900138026,111.85734558105469,198600
2025-09-29,112.94140010839652,114.57699286367932,112.39937295158626,113.38833618164062,223300
2025-09-30,113.66410878159029,113.71165795227928,111.97146277684406,112.98895263671875,190500
2025-10-01,112.98894676119104,112.98894676119104,111.04905822871076,111.81930541992188,224100
2025-10-02,112.18066154804558,114.82423278596426,111.6005965204465,114.05398559570312,280400
2025-10-03,114.77668571957328,115.63251997719331,113.58802904370783,114.73865509033203,273100
2025-10-06,115.43282911705329,115.79417814283215,114.33926349971587,115.04295349121094,211000
2025-10-07,115.81319380915222,115.81319380915222,113.41685797687947,114.63404846191406,145600
2025-10-08,115.4898788307648,118.68498853114767,114.64355586450111,118.56137084960938,225500
2025-10-09,120.434694902643,120.76751731827125,116.46933800433385,118.26658630371094,255900
2025-10-10,119.29358325317253,120.85310025981617,115.40430202153864,115.71810913085938,503200
2025-10-13,116.0794596414977,117.62946538301411,116.0794596414977,116.7546157836914,194200
2025-10-14,116.00337641645667,123.62029017313549,115.75614105969913,121.7850112915039,537100
2025-10-15,122.5077162139875,123.62029714711521,120.90065002947989,121.1954345703125,227400
2025-10-16,121.48070820631146,121.93714829177095,117.36319987777019,118.9322280883789,180800
2025-10-17,118.93223034969284,120.29205385741078,117.93375585441619,118.67548370361328,157200
2025-10-20,119.5218036082107,121.04328264140976,119.0843788396025,120.90064239501953,132400
2025-10-21,120.01628864365892,121.10034297211249,118.88468514527936,120.98623657226562,112400
2025-10-22,121.54726758774245,122.16537046356059,118.85614733540112,119.53130340576172,131100
2025-10-23,119.3126126787611,120.76752739922979,117.37272396647447,119.1889877319336,150000
2025-10-24,119.68345822433304,121.49972176542242,119.68345822433304,120.10186767578125,125700
2025-10-27,121.19543094227498,121.69942746359,118.95124657315536,119.17947387695312,152600
2025-10-28,118.55185434251662,119.16995723294887,116.96381084700953,117.65798950195312,151500
2025-10-29,117.74356842041016,119.33161190411072,117.05890105486678,117.74356842041016,140500
2025-10-30,117.0113558048603,118.83713055755692,116.44079484653165,117.8481674194336,114900
2025-10-31,118.78008016265214,119.19848235230604,116.96380939614082,119.06535339355469,120500
2025-11-03,119.5978783833107,120.59635290535927,117.43928102548095,119.51229858398438,165700
2025-11-04,118.41872391549187,118.71350843059211,116.53589592455253,117.80062103271484,192900
2025-11-05,118.27609486111714,121.67089814044898,117.16351391986208,121.4046401977539,124100
2025-11-06,120.55831753000196,121.52826547246389,117.92425744112954,119.19849395751953,208500
2025-11-07,118.35216454378495,120.13039750528928,116.67853394795645,119.08438110351562,153200
2025-11-10,120.52027683088028,122.60279841404731,118.48529716222374,119.24604034423828,198200
2025-11-11,119.24603578129495,121.54727329910445,118.15247021961352,121.02426147460938,124900
2025-11-12,121.0242631501792,123.06875405380515,118.8656658505268,120.82456970214844,187400
2025-11-13,120.82457146407936,122.15587564700046,118.95124738215968,119.36014556884766,162200
2025-11-14,118.1810024190457,119.87364839674284,117.74357762463961,118.8086166381836,203100
2025-11-17,118.8656693527581,119.83561002248335,116.90676544341976,117.60093688964844,181400
2025-11-18,117.09694869833828,117.98130957672367,115.41381399688723,117.16351318359375,405500
2025-11-19,119.25554868480441,120.33009169200947,118.01934285829793,120.23500061035156,270300
2025-11-20,117.61994946555998,120.50125188505369,105.55270541660703,107.55915832519531,1398100
2025-11-21,109.25180918299841,111.43894031595931,108.40548623054467,110.07911682128906,645700
2025-11-24,110.53555279389558,112.51347912246794,109.94598376200214,112.15213012695312,523300
2025-11-25,112.26624487168644,115.90829071546,112.23771827188939,113.89232635498047,398700
2025-11-26,114.11103452499937,116.21257854023668,113.25520031506504,113.94937896728516,282800
2025-11-28,113.31226583834703,116.12700394537246,113.31226583834703,115.82270812988281,237700
2025-12-01,114.67594701989125,117.17183174951862,113.77973974489275,115.07105255126953,277800
2025-12-02,115.62034429718479,116.90201110170834,114.73376833299673,116.89237976074219,269600
2025-12-03,117.15255958198006,118.5016898163069,116.1214400350913,116.18889617919922,253600
2025-12-04,115.82271352558244,116.45872758559062,113.65447074216452,113.94356536865234,305100
2025-12-05,114.0399228635546,115.71670246777245,114.0399228635546,114.66630554199219,204700
2025-12-08,114.77231621513066,115.63961479653844,112.82571926767649,113.06663513183594,197300
2025-12-09,112.95099116178878,114.33866887105155,112.26679100018522,113.20154571533203,222200
2025-12-10,112.5076977795568,113.71227698490537,110.8212868920688,111.78495025634766,424100
2025-12-11,111.64040702359961,114.30012015206896,111.55368084384064,114.13629913330078,332200
2025-12-12,115.09996207468049,116.79600441265549,114.36757581154627,115.61070251464844,325300
2025-12-15,116.48762897244964,116.48762897244964,113.7122810313465,114.74340057373047,214500
2025-12-16,115.11923769769557,116.60328032960535,113.5966476445736,113.80865478515625,267900
2025-12-17,114.31938511928048,115.59142049788363,113.18226202688007,114.049560546875,249300
2025-12-18,115.22523082740693,116.39126264278836,114.23265871567874,115.60105895996094,170600
2025-12-19,115.45651462347685,120.20737568621831,115.34087971583462,119.60990905761719,387600
2025-12-22,119.62917075179539,121.34449038248204,118.5980512349125,119.22443389892578,209500
2025-12-23,119.18588629297437,119.57135311269288,117.11400857013449,117.51874542236328,156700
2025-12-24,117.56693197008097,117.8560339239894,116.26598788182928,117.18146514892578,62200
2025-12-26,117.68257890996554,117.68257890996554,116.72854683536472,117.114013671875,127900
2025-12-29,116.36235608094354,117.22965461533455,115.64924722029686,116.2659912109375,108700
2025-12-30,116.59364117207258,117.08511160036036,115.80343742079064,115.85162353515625,93400
2025-12-31,115.9672542650425,117.08510737893579,115.26378407454804,116.22744750976562,116200
2026-01-02,117.40312194824219,119.35935760989038,116.08290035168142,117.40312194824219,146900
2026-01-05,120.45791974930664,128.16722661326227,120.45791974930664,125.30514526367188,860400
2026-01-06,125.27624749082747,126.07608991240475,122.54907818477592,122.68399047851562,378300
2026-01-07,122.47197497800498,124.01384226198411,120.45792205036358,122.78998565673828,255700
2026-01-08,123.30072787036495,125.80625856733361,123.30072787036495,125.5749740600586,224100
2026-01-09,126.81812327579975,127.46377606032189,124.31259227837627,126.14354705810547,324600
2026-01-12,125.59425248053827,126.72173689216875,125.03532594493456,126.6061019897461,265800
2026-01-13,126.02790256175707,127.52158382342324,124.57277607183059,125.32443237304688,263700
2026-01-14,125.67134761712076,125.91226346730112,119.73517753963606,120.01464080810547,895600
2026-01-15,120.82411201262903,125.09314108276604,120.65065231003462,124.23548126220703,324700
2026-01-16,124.52459528236757,127.42521704544679,122.92491038654124,126.93375396728516,581400
2026-01-20,126.6735491127868,128.85143777530232,125.22805403419812,126.97228240966797,378600
2026-01-21,128.75506405722314,130.90402926517913,128.05159391104075,129.22726440429688,308400
2026-01-22,129.79581931899926,132.3206125975135,127.62757677557222,128.6683349609375,356600
2026-01-23,128.080497342917,129.40071140605727,127.55047956796945,129.14051818847656,137700
2026-01-26,128.93817730074002,132.0122661721784,128.58161181215536,131.65570068359375,270600
2026-01-27,132.0315109443392,132.96626557481906,130.47038101498907,132.23388671875,279000
2026-01-28,132.985552093104,132.985552093104,129.74764241048973,130.96185302734375,286200
2026-01-29,130.86549276579453,131.9736997949485,127.66612321714776,127.97450256347656,455000
2026-01-30,127.20358156460767,131.6653482597241,126.78921331910824,131.44369506835938,365400
2026-02-02,131.4436859813556,136.54147376091444,131.4436859813556,136.28128051757812,495500
2026-02-03,137.55331959748983,141.58142556862515,137.45694737534328,140.37684631347656,531500
2026-02-04,140.69486164068473,142.2945464733115,138.3820752762713,141.44651794433594,256100
2026-02-05,141.44651190006536,144.61697270310935,141.44651190006536,144.15440368652344,366800
2026-02-06,144.92533884636504,148.96309086479943,144.92533884636504,148.4908905029297,407000
2026-02-09,149.367833634223,150.72660261761396,146.5732155318337,147.74888610839844,336500
2026-02-10,146.47684841936422,148.2788944149249,145.91792183850663,147.57542419433594,408200
2026-02-11,148.3077935679357,149.73402600811545,145.12771606445312,145.12771606445312,343300
2026-02-12,145.99501358962124,149.3967444130852,142.62219149349136,145.00244140625,439600
2026-02-13,144.57840778913086,145.9275305653429,137.87131926691188,140.56956481933594,606700
2026-02-17,140.7912249346927,142.62217946500903,139.60590839661148,141.32122802734375,373300
2026-02-18,140.26121228869573,142.79563705845024,137.30275856144317,141.97653198242188,363400
2026-02-19,140.78158345952858,142.1981698427562,133.94921343973675,134.27685546875,729200
2026-02-20,134.25758180368655,137.17748050875792,133.70828664910113,137.158203125,361300
2026-02-23,137.8520475776699,138.69043000149608,135.26942210809025,136.57037353515625,274500
2026-02-24,136.62819958477684,140.42503584210348,135.88617462833224,140.10702514648438,276800
2026-02-25,140.6948522783391,142.766722645909,138.02550062132366,142.56436157226562,258400
2026-02-26,143.5183837112323,144.43387570857553,140.80086055798782,142.65109252929688,265900
2026-02-27,141.09122558654357,141.55918568123366,134.86145197005615,135.13442993164062,340300
2026-03-02,131.8976597335025,133.24306163679634,127.7834879535727,128.6999053955078,790600
2026-03-03,126.20409854149656,128.8656408971442,121.57320258008689,127.03279113769531,567000
2026-03-04,129.255615109142,130.38653217660342,124.31274348365554,128.8948974609375,362800
2026-03-05,126.85730197440486,127.89072062971265,120.60803335397102,123.71804809570312,633100
2026-03-06,120.64703118075678,123.96177938364433,119.8670878019275,121.9046859741211,355000
2026-03-09,118.5411906055844,122.39215087890625,116.17212872857377,122.39215087890625,531100
2026-03-10,123.32807901805204,126.94505926441818,121.92418388066123,122.31415557861328,597400
2026-03-11,121.86568720106969,122.82111746148622,118.50219720955667,119.1553955078125,397900
2026-03-12,115.04121189306146,115.62616572015364,108.30447294836183,109.6206283569336,1329100
2026-03-13,109.58162784813779,110.56630468724573,105.33095206686392,107.61227416992188,782100
2026-03-16,110.16658236772064,111.74596436787341,108.45071139154012,111.16100311279297,701000
2026-03-17,112.06768405673003,114.00779117112589,112.06768405673003,113.266845703125,434100
2026-03-18,112.25292664498362,113.64707047171731,107.2710565154864,107.49529266357422,631600
2026-03-19,107.24180640972496,108.70419467894848,106.15963849545224,107.96324920654297,484800
2026-03-20,106.39361599062673,107.4075393922701,105.24320361550168,106.24738311767578,391100
2026-03-23,110.24458276765435,113.20835732653978,108.97717657984902,110.53705596923828,663500
2026-03-24,108.33372898358921,111.89220126400548,106.26688415533215,111.26824951171875,301000
2026-03-25,113.92979503683259,115.7918988823899,111.15125883696935,112.39916229248047,268100
2026-03-26,111.30723649998139,114.81696662159895,110.63454299944634,111.0830078125,352000
2026-03-27,110.17633999817568,112.3309246006341,107.67078159785969,108.12899780273438,303400
2026-03-30,107.19306002894315,108.20698348199024,104.74600228168158,105.10671997070312,391300
2026-03-31,107.31005419009276,110.98552021340144,105.876912452194,110.76129150390625,483400
2026-04-01,113.46182492462441,116.92281336117979,112.64289108997635,114.96321105957031,564400
2026-04-02,109.83510631777128,112.72088479793747,107.73901508306362,111.71670532226562,614900
2026-04-06,110.73203995859593,112.49665273154946,110.16658138404917,110.6637954711914,521200
2026-04-07,109.97160067279519,110.18607803732915,105.44794689446775,108.76268768310547,986300
2026-04-08,118.94091825465674,120.78352696699712,116.17213323606188,116.18187713623047,1088600
2026-04-09,114.982714794049,117.20554372353726,112.99386589974604,116.2598648071289,815100
2026-04-10,116.9910584751031,117.83924632676042,113.3935810468045,116.19161987304688,449100
2026-04-13,115.2654464328069,115.97713789047187,113.00361954491814,115.80165100097656,297600
2026-04-14,116.97156246919366,120.90051096706063,116.22086568358213,117.86849212646484,449500
2026-04-15,117.8782430906611,119.78909613457135,116.75707730357689,117.65400695800781,367300
2026-04-16,117.79049983920106,119.44787023122518,115.03145886032523,115.44093322753906,430600
2026-04-17,121.67070402290216,127.26676680994672,121.49521713732899,122.43114471435547,681800
2026-04-20,121.22222997661989,122.44088682022316,120.6860254282891,122.15816497802734,334500
2026-04-21,121.90468027640841,123.89352910518396,117.75149573872736,117.96598052978516,378600
2026-04-22,118.93115715002044,119.55510886179272,115.25569136542151,116.70832824707031,264100
2026-04-23,116.99105450341308,118.16096207321084,112.18467171670756,113.17909240722656,336200
2026-04-24,114.05653455117171,116.83507079674803,113.50082730205645,114.99246215820312,246300
2026-04-27,114.99245876177059,115.98688692855777,112.99386596679688,112.99386596679688,236100
2026-04-28,112.49665081726971,114.01753218959995,110.75153331123099,111.69721221923828,199600
2026-04-29,111.1415108647526,111.76546261140214,108.48971222244631,109.46463775634766,440100
2026-04-30,110.79053190938522,112.98411425833781,109.18190336586841,112.77938079833984,391900
2026-05-01,112.82813476956892,114.39775802857142,111.31699722403893,113.31559753417969,343700
2026-05-04,112.740382851634,113.71530833975818,108.16797993214237,108.20697784423828,289300
2026-05-05,109.41589693266029,111.33649400382936,109.41589693266029,110.76129150390625,448900
2026-05-06,116.67908811705085,119.47712707519531,115.44093596258185,119.47712707519531,592400
2026-05-07,120.59828004475472,124.302999879134,118.38520245692163,119.81834411621094,326400
2026-05-08,121.48546850741762,121.48546850741762,118.98966157972092,119.72085571289062,184600
2026-05-11,118.75566923891321,118.75566923891321,114.00778695565772,114.10527801513672,305000
2026-05-12,113.30584324833632,113.98828812579958,110.87828082639835,113.05236053466797,350800
2026-05-13,113.09135821680891,113.6275702180734,111.37548725085384,112.03843688964844,410300
2026-05-14,123.70829886233162,132.58987096070246,120.54954225446284,132.11215209960938,1185700
2026-05-15,129.94781588096063,131.30296175731257,126.98404884874454,128.4171905517578,687700
2026-05-18,128.69017450732517,133.096842223968,128.04672006450448,130.67901611328125,727200
2026-05-19,128.21244724821756,129.13863837487617,124.05926997044791,124.9561996459961,400400
2026-05-20,124.89771222678256,133.2820778684035,123.60105946614912,132.22915649414062,563300
2026-05-21,128.2612071640396,133.96452776815966,126.76957221394981,133.633056640625,329800
2026-05-22,134.27648024308243,136.48956521584168,132.43387170771584,133.56478881835938,282300
2026-05-26,137.47424468943552,140.19429526976236,136.88929829263694,138.69290161132812,325800
2026-05-27,139.94080307442306,141.91991557288756,139.1511157807085,139.3656005859375,381000
2026-05-28,136.42131862340756,139.94080028761766,135.44639311948436,138.5954132080078,335600
2026-05-29,138.15135108467254,142.43403935454484,137.16455571978204,141.00318908691406,216400
2026-06-01,139.13814953918236,139.9867941741248,136.6612985389365,138.5460662841797,257000
2026-06-02,138.54606016362317,139.48352778551333,134.44100297942325,135.02320861816406,343600
2026-06-03,134.01667725060912,135.338979437196,132.65489481699737,134.04627990722656,518000
2026-06-04,135.3883140554965,137.04613801264378,130.5530230403115,131.38192749023438,410200
2026-06-05,130.6319748138387,133.25683903268538,129.28005492920283,131.82598876953125,251800
2026-06-08,132.21084026203005,133.5331575094359,129.76359194556522,129.9412078857422,227500
2026-06-09,131.24378872465962,134.51995669326178,129.8228009338106,133.58248901367188,431200
2026-06-10,131.61876815226407,133.4838107551086,126.59596839435186,126.81306457519531,284800
2026-06-11,126.80319814748708,137.42111033049244,126.38874592150768,137.25335693359375,349100
2026-06-12,139.38483841342196,140.46044169432892,137.1645489519692,139.81903076171875,369800
2026-06-15,145.6016546961935,149.94354814743625,141.62487070057787,142.4932403564453,642700
2026-06-16,143.5195160863587,145.0589144014507,141.04265015616411,141.46697998046875,329500
2026-06-17,142.54259091990272,144.36816841234975,141.07227542706636,141.3386993408203,239400
2026-06-18,146.18386225771872,150.97968825153,145.68060205084237,149.04556274414062,581100
2026-06-22,148.31535134399982,154.18678095115942,147.80221352094958,150.96983337402344,428000
2026-06-23,147.85155163009406,151.9368838467843,145.46350864906282,149.92381286621094,256300
2026-06-24,152.05529933682786,157.80831831679708,150.52576345773537,154.78872680664062,387300
2026-06-25,156.9004646721221,158.35105507839197,153.5650914852836,154.96633911132812,328300
2026-06-26,153.9400757396615,156.3577213535996,152.95328038235598,155.11436462402344,261900
2026-06-29,153.29867189674167,154.53216615063465,151.55203981718438,153.47628784179688,311700
2026-06-30,152.34147343429393,154.9268724750957,151.4730886938038,153.51576232910156,193700
2026-07-01,153.86113542701085,155.26238307416298,150.82180381843895,151.02903747558594,321500
2026-07-02,152.83487238723623,153.9992837013846,149.08504695350163,150.63430786132812,256600
2026-07-06,152.0256969033678,155.02556335123117,151.0389015034422,152.73619079589844,244200
2026-07-07,152.31186573156307,153.31838613036285,146.63779256457445,147.36801147460938,267200
2026-07-08,146.0555697377572,146.42069424473527,140.35189399878703,145.43389892578125,488900
2026-07-09,147.34828583473137,149.50935495829506,146.69699730348114,147.91075134277344,201200
2026-07-10,148.06865382907594,149.83501098236002,147.4765705619657,148.6015167236328,201900
2026-07-13,147.77260339828743,148.15745298180724,142.1478729248047,142.1478729248047,333400
2026-07-14,145.34507711168644,145.87795502044,142.23667785406377,145.37469482421875,362100
2026-07-15,145.06877795021003,148.06864422494488,144.93062720448552,145.51284790039062,250200
2026-07-16,143.8451662222943,146.6476614772921,142.26628759726037,142.4537811279297,212200
2026-07-17,139.72035612806255,141.08213858919697,136.75996994806786,137.233642578125,299800
2026-07-20,137.24350036126927,138.89144680421924,136.01986869526047,137.21389770507812,192900
2026-07-21,138.36845215309842,139.87824791008333,136.68102539436669,138.97039794921875,162600
2026-07-22,137.09547191487596,139.19735084660266,136.1580193358573,136.9573211669922,145100
2026-07-23,132.23058242657916,134.4015292758535,130.85893743504332,133.92787170410156,411200
2026-07-24,135.37845612995937,138.15134864721003,133.95746842041973,134.48046875,411900
2026-07-27,137.86519327560745,139.0986875373854,134.49033972495644,136.60208129882812,434900
2026-07-28,136.61194826395095,138.78289498436376,134.56927469781996,138.1612091064453,390600
2026-07-29,135.1416198259354,138.46713038590866,133.99693360910604,134.48046875,307700
2026-07-30,137.0560053433039,140.58873449761504,136.1876206183352,140.35189819335938,419900
2026-07-31,141.60513205086897,141.60513205086897,139.0394581301624,139.35523986816406,166400
2026-08-03,142.0985363012093,144.5852649025252,141.4077825389834,144.13133239746094,222700
2026-08-04,147.0127664576125,148.43375416527775,144.62472352673706,144.71353149414062,243500
2026-08-05,145.27601243281853,150.65404407149992,144.02277812398862,148.78900146484375,425700
2026-08-06,140.618340795513,143.86489095077178,136.54287108254135,140.17428588867188,558800
2026-08-07,141.2104276047936,142.03933212611273,138.02306762510477,140.25323486328125,265800
2026-08-10,138.45724980435517,138.9802501226359,134.48046584451413,134.8850555419922,273600
2026-08-11,135.20083484401385,136.19750785319565,132.68451857312883,132.72398376464844,239500
2026-08-12,135.2107110677083,136.503410643474,133.39499607280013,134.06602478027344,269400
2026-08-13,136.17775611537644,136.17775611537644,133.74037043539388,134.56927490234375,138300
2026-08-14,134.73703304831375,136.01000750632113,133.0002786196281,134.0758819580078,223700
2026-08-17,133.39499090948317,134.25351312048002,131.60889369867857,132.02334594726562,183600
2026-08-18,130.75038532978184,131.25364554325256,127.5136977503533,127.75053405761719,288000
2026-08-19,128.28339562026426,128.71758798383962,127.09924421061454,128.06629943847656,499600
2026-08-20,126.27033340666867,127.22751858213911,125.59931226048612,126.5959701538086,250600
2026-08-21,128.2537946887582,129.10243930425634,126.59597064711663,128.2340545654297,202300
2026-08-24,128.28340247556736,130.99708983562743,127.98736084300931,129.7635955810547,292900
2026-08-25,132.9114721345285,132.96081491498646,128.77679708337288,131.70758056640625,244200
2026-08-26,132.6351647807509,134.16470056364827,130.54314842859435,130.7207794189453,177800
2026-08-27,129.82279502622066,130.97734378942195,129.06295838371472,129.54649353027344,233200
2026-08-28,130.46422300391478,132.13189453761268,127.46435663527556,127.79000091552734,257700
2026-08-31,127.0,127.37999725341797,124.73999786376953,126.44999694824219,304700
2026-09-01,124.6500015258789,127.0199966430664,124.55999755859375,125.48999786376953,264900
2026-09-02,127.94000244140625,129.4600067138672,125.0,128.8800048828125,144900
2026-09-03,129.75,130.97000122070312,128.24000549316406,129.41000366210938,115000
2026-09-04,130.0,132.35000610351562,130.0,132.30999755859375,212300
2026-09-08,131.52000427246094,132.3000030517578,129.69000244140625,129.83999633789062,152500
2026-09-09,128.5,130.7100067138672,128.4499969482422,129.91000366210938,207600
2026-09-10,128.60000610351562,130.1699981689453,127.80000305175781,128.55999755859375,279700
2026-09-11,130.50999450683594,130.50999450683594,127.41000366210938,129.14999389648438,440900
2026-09-14,126.80999755859375,128.3300018310547,126.12000274658203,127.48999786376953,414500
2026-09-15,127.56999969482422,127.62999725341797,124.87000274658203,125.76000213623047,273700
2026-09-16,128.35000610351562,131.9600067138672,126.61000061035156,128.2100067138672,381100
2026-09-17,130.86000061035156,131.4499969482422,129.74000549316406,131.0500030517578,326800
2026-09-18,131.8699951171875,132.91000366210938,130.13999938964844,131.72999572753906,437800
2026-09-21,133.6699981689453,137.64999389648438,132.14999389648438,137.11000061035156,493300
