Date,Open,High,Low,Close,Volume
2021-09-22,281.9505606881103,282.22741028894666,279.5973688625846,280.4192810058594,2026790
2021-09-23,281.3016335137399,282.971367327985,279.63189969949485,281.19781494140625,2552326
2021-09-24,281.11998697474655,282.1408398976382,278.7754322645929,280.73931884765625,1592398
2021-09-27,278.1870933785128,279.0436114518067,271.2746113228815,273.38555908203125,2043598
2021-09-28,267.26034673921265,269.53568898857156,260.38247026592126,262.9606018066406,4197965
2021-09-29,264.6747767477936,267.6962098800872,264.2419002670565,265.4452819824219,2316912
2021-09-30,267.22871029292395,269.4017353821601,263.3415240971571,263.5666198730469,3193932
2021-10-01,265.7656116455692,265.7656116455692,251.11724947028665,261.73126220703125,3010181
2021-10-04,261.229164488059,262.83943553156837,257.23808720282557,258.4847717285156,2596994
2021-10-05,261.23771301609395,262.93458856481726,259.21188119376063,259.30712890625,1988890
2021-10-06,258.70108580629386,260.2594110028064,255.71428342874424,260.2420959472656,1850710
2021-10-07,262.1381048019422,265.45389355319406,261.9563116023858,261.9822692871094,1881842
2021-10-08,262.259370470162,263.2116988352096,258.91759346407486,259.52362060546875,1215984
2021-10-11,259.11665751205095,261.86972165108875,257.6016049926603,258.6318359375,1265052
2021-10-12,260.20750403990183,260.20750403990183,254.13000805925856,256.99560546875,2874482
2021-10-13,258.65787609870966,258.9781898031889,255.1602638293214,256.1385498046875,3115536
2021-10-14,258.47605800331183,262.925968842271,258.47605800331183,260.0950012207031,3181073
2021-10-15,260.70102660255213,262.0256137896566,260.0084242034992,260.9174499511719,3336511
2021-10-18,260.68370527755957,264.49295877646557,259.20328258624727,263.3415222167969,1993740
2021-10-19,265.1855703754629,268.7264554753342,264.69210606193093,267.0642395019531,2061984
2021-10-20,272.21541075965,273.2543144280086,269.2459224775141,272.55303955078125,2918249
2021-10-21,272.2759847124269,272.2759847124269,261.45422106208935,269.02081298828125,3239729
2021-10-22,269.3497939971326,271.97298087293,267.9213164541797,271.3063659667969,2452272
2021-10-25,270.5271049201999,271.6006383049614,264.2851022448482,265.003662109375,2601619
2021-10-26,266.27634206365815,268.137695799346,264.6054837580825,265.7222900390625,1527763
2021-10-27,266.8131736636994,268.6225826677794,263.5666443744339,264.2592468261719,2119286
2021-10-28,264.7006653764496,266.6312790757656,262.58825850373665,263.6790771484375,2715773
2021-10-29,262.6835434222929,270.11161438242334,262.042916036662,269.9125061035156,3115198
2021-11-01,270.8908138384867,272.691550330689,266.82183421996626,268.1031188964844,2101915
2021-11-02,268.6659085274485,272.56176828640315,267.2287879581857,271.1938781738281,3100308
2021-11-03,272.4058285504868,272.4058285504868,262.96924109694584,269.1159973144531,3261048
2021-11-04,269.17665659657195,269.6961084198743,262.7701437135164,264.9085388183594,3754661
2021-11-05,255.3680390120693,255.8788183628408,244.5808911250145,252.86602783203125,7674235
2021-11-08,255.06506643680325,261.410932042221,253.96554515242607,260.8915100097656,3294550
2021-11-09,261.5927252444196,262.01692929322144,257.43717064579437,259.0214538574219,2095824
2021-11-10,257.6016499059107,262.02560284176786,257.6016499059107,261.48016357421875,2516004
2021-11-11,262.94325035147637,265.01238486720825,261.61002069678193,263.6531677246094,2429374
2021-11-12,264.48429168317944,266.16382250299466,261.41088379661744,263.5146484375,3085080
2021-11-15,263.2376478989101,266.90841094716774,258.96088753128936,259.4457092285156,3526015
2021-11-16,260.7355363871022,266.9861807472339,259.4022773842547,264.5621032714844,3104030
2021-11-17,268.380135475877,268.9861625391027,265.3587023924735,268.0944519042969,2745778
2021-11-18,268.3455168143827,271.39293751739626,266.6919435152119,270.67437744140625,2246412
2021-11-19,272.7867808115125,278.06781433261614,271.4621936663797,271.9556579589844,2629594
2021-11-22,271.69595030294903,274.4490151345578,267.3412572678685,271.609375,2494346
2021-11-23,268.52738403282984,271.8171863107063,266.5794543983899,271.4276123046875,2002087
2021-11-24,270.84756472935965,273.5140246782763,268.9948530917043,273.12445068359375,1757198
2021-11-26,277.6435264942707,286.98489493170075,276.9942267930581,280.4658508300781,3472322
2021-11-29,279.90319795407623,285.2188619192441,279.7386899783651,282.6822204589844,3484054
2021-11-30,284.33572350162416,287.1580478607093,276.9595989652188,278.45733642578125,3770114
2021-12-01,277.2972423524035,282.06749588610097,273.3667839901753,276.7951354980469,2644032
2021-12-02,275.4100084977036,279.4443881411089,272.70888862815866,273.6265869140625,3250106
2021-12-03,276.44021786024024,278.656515818055,268.69183253820097,270.9254455566406,3402612
2021-12-06,269.48838038217303,272.14619802781715,263.6532633638409,265.6964111328125,2744086
2021-12-07,270.076983286163,273.96416934344876,269.9644503033112,271.2803649902344,2450580
2021-12-08,271.83446826646195,276.71725570315976,271.20248346188055,275.53118896484375,2508785
2021-12-09,277.4011435803733,278.6824578576351,274.27582035057003,276.4142150878906,2221596
2021-12-10,275.9726050871928,279.70395451356165,274.5961030001578,274.8644714355469,2103946
2021-12-13,275.68703253213323,277.2973033967445,273.56595246890936,275.7476501464844,3074590
2021-12-14,273.4446351150277,274.49221077377007,263.1250120337962,266.38885498046875,3648742
2021-12-15,268.92560785606463,272.98594542648163,266.5448313967212,272.69158935546875,3362117
2021-12-16,273.3235526597507,279.74735041856604,270.7869113082219,275.7303161621094,4537267
2021-12-17,274.09401205675096,275.5571194592997,269.0207600047024,271.332275390625,8957899
2021-12-20,270.89943756938817,273.3494734896603,265.50584188941195,272.0941467285156,3291842
2021-12-21,273.67846074959056,273.67846074959056,267.0295680822302,271.7738342285156,2469192
2021-12-22,273.36677674321385,277.6348935072431,273.0551057232912,276.760498046875,2470997
2021-12-23,275.66106472634596,279.18463479368495,274.99442000379787,277.7215270996094,1364654
2021-12-27,281.1325399477538,283.8682897268695,279.4963114204295,283.4527282714844,1202561
2021-12-28,282.85532569741105,284.474268692202,279.2365382403766,280.01568603515625,1392178
2021-12-29,281.9130113751486,283.86217686937107,279.83385380018507,282.91790771484375,2263670
2021-12-30,283.48959223230975,286.279097999112,282.83987059299693,284.5551452636719,1297538
2021-12-31,284.3732884899614,286.94620098951947,283.6195790365285,285.02301025390625,1439892
2022-01-03,283.38559484453674,284.6417370886565,270.6162567363244,273.54437255859375,4132992
2022-01-04,271.1534384423162,273.7870077129324,264.5435258010506,266.18084716796875,5044754
2022-01-05,268.12134479590185,269.38616532171653,264.4309007129535,264.4828796386719,4199431
2022-01-06,263.83317770482023,265.34918508599867,259.16378192761204,263.2873840332031,2247089
2022-01-07,262.3257526490436,262.9061690389977,254.52035550279584,256.1403503417969,3645245
2022-01-10,254.8668965945205,262.689620506874,252.0947170560654,262.516357421875,3807451
2022-01-11,264.3269387712215,267.96540387214844,260.44587553249994,264.50885009765625,4618934
2022-01-12,265.4184875488281,267.1164658981579,263.06213925292224,265.4184875488281,2970475
2022-01-13,264.04975282452824,265.4098532958931,252.04276868611618,253.00436401367188,3951835
2022-01-14,251.12443859875887,254.41640732428968,249.66039538225317,254.09585571289062,3576775
2022-01-18,250.5353684147491,251.41036197154813,247.1394713326137,249.8423309326172,4699699
2022-01-19,250.89055066196534,254.4250579125376,248.5775183251628,248.6554718017578,3361778
2022-01-20,250.50939832454037,251.10714111329983,244.65318005403375,245.129638671875,3346099
2022-01-21,246.1951597768747,247.18275932575534,241.3265269070282,242.95518493652344,4530274
2022-01-24,239.732578563967,240.44294240100817,231.32942214209424,239.84519958496094,6241111
2022-01-25,237.76603825440415,238.23384861205548,233.5731309881468,234.94189453125,5518176
2022-01-26,235.1757795018846,237.13363752533616,228.85176612586412,231.10415649414062,5309947
2022-01-27,235.7215495498165,237.12496562865266,231.64124862715997,233.87632751464844,6344887
2022-01-28,235.84280435782654,243.7434956813983,232.73276218822366,243.5269317626953,5589917
2022-01-31,245.37217858748522,249.0106585612178,244.86106740859356,247.5812530517578,3982517
2022-02-01,249.03664355742833,249.53910648401165,245.74468980520896,248.88070678710938,2905615
2022-02-02,250.2841451110878,256.0017675558693,248.32630197526626,255.06614685058594,3676942
2022-02-03,251.2803993316382,254.62434730044185,249.54779817372142,251.1504669189453,2679790
2022-02-04,250.50071056215793,251.90414162845806,247.71988262604478,249.17527770996094,1668538
2022-02-07,250.07619498732882,251.22837949026547,246.22979957162795,247.0268096923828,1851838
2022-02-08,243.86480053926087,248.1270275328834,242.8945422116053,247.43397521972656,1636502
2022-02-09,249.92025016123017,253.49808770341647,249.5044337180589,252.9696502685547,2538902
2022-02-10,250.05018729084426,250.05018729084426,243.10242816597489,244.47119140625,2886552
2022-02-11,243.9687777032366,245.87465680455796,235.4270116426052,236.20669555664062,3301430
2022-02-14,235.2883985127994,237.17695128359986,232.88873453711093,235.20176696777344,3399905
2022-02-15,238.2684927410531,240.2783147548537,232.09173816302157,233.09664916992188,3704239
2022-02-16,232.27366921405616,233.67708535528374,227.40503594835195,231.90115356445312,4108627
2022-02-17,231.90113405343862,235.2797193472385,229.82200693583317,233.2698974609375,3638815
2022-02-18,234.40475855957052,234.50005325377148,229.66607295463473,231.2427520751953,2646514
2022-02-22,230.57567601229155,233.58176046296424,228.4705595279265,230.59300231933594,3752630
2022-02-23,231.17344482654264,233.92828304802904,226.54738026419707,227.30972290039062,3166522
2022-02-24,221.78269759917674,236.06807490063227,221.62677573386034,235.2537384033203,4196611
2022-02-25,234.48275193871805,242.13222828760385,233.78105129920988,241.9156494140625,2681030
2022-02-28,242.5480503127769,242.70398710526186,235.20178422030386,237.7227325439453,3653930
2022-03-01,237.72272018357455,239.82785186189946,233.6077813500193,235.66091918945312,2256113
2022-03-02,234.87255798953151,238.9961594680294,234.87255798953151,237.8006591796875,2291532
2022-03-03,239.78452249779392,241.95894437961098,237.13362713516392,239.59393310546875,2730662
2022-03-04,238.84028041641832,239.03086984203998,231.80588744443997,236.10276794433594,2791236
2022-03-07,234.6213326046616,236.03341176995377,225.42116760104227,227.85548400878906,3697358
2022-03-08,224.52023715233062,228.21935948308422,220.6218622631458,222.874267578125,3142157
2022-03-09,228.0720819102767,230.93089309507863,226.33081766431374,229.41485595703125,2143877
2022-03-10,228.4965936312701,229.98664141744288,226.04495052702498,228.55723571777344,1601534
2022-03-11,230.01261670931544,232.41228073440055,227.17979495018412,227.42236328125,2229718
2022-03-14,228.74780845233894,236.7178062933884,227.81220266813477,231.1734619140625,3253716
2022-03-15,232.68949228558864,235.65226143511862,231.63260230024474,234.67333984375,3045713
2022-03-16,235.8861468441613,241.2312533178022,235.05449895556907,240.76344299316406,3481346
2022-03-17,240.00110730309413,243.812835601044,234.9332216154934,243.77818298339844,2906066
2022-03-18,244.64445746069174,254.58095970987503,243.73482639980708,253.12557983398438,4898002
2022-03-21,249.27925411216336,253.68009231023862,248.68149639130533,250.59603881835938,2955134
2022-03-22,250.94255529743504,255.36935296835327,249.98960824318397,254.60702514648438,3266914
2022-03-23,252.37194090604305,252.40659352344295,247.26940263696454,247.80650329589844,2545219
2022-03-24,249.07243222911129,249.8441274677476,245.1966593413199,248.43948364257812,2680692
2022-03-25,250.38167442395954,251.19672325097147,246.48856043656983,249.3065185546875,1537690
2022-03-28,249.74871628446112,252.89614718131588,247.9972433708254,252.7227325439453,2224416
2022-03-29,256.49449935365345,258.38468937186826,254.2748214689172,256.5118408203125,3140239
2022-03-30,255.91361653245855,257.8558312647585,255.0292015898147,257.829833984375,2952991
2022-03-31,257.6997095909461,260.95118973264414,254.19679311310875,254.3354949951172,4470151
2022-04-01,255.01178526636363,256.91931649981586,249.41923762499945,252.9134979248047,3757819
2022-04-04,253.39905660584512,254.1187124469383,250.0435131279595,250.79786682128906,3764474
2022-04-05,249.79209365711984,252.70541507009239,248.00593764644628,249.1678009033203,3125688
2022-04-06,247.87587561669358,251.9944139327289,244.68509077096732,250.86724853515625,2534503
2022-04-07,250.27763315228734,261.2373195945488,249.72272119848898,259.8240051269531,2840981
2022-04-08,258.09854501286975,262.82404944678444,257.6390111148742,259.503173828125,2737430
2022-04-11,256.5725169500726,259.12168236424657,250.79786901145414,252.41928100585938,2286794
2022-04-12,251.77765585174387,252.61870197983856,242.0145304541415,243.41917419433594,2946449
2022-04-13,244.07816384007162,247.0435248564625,240.8353542748346,246.0030517578125,3139337
2022-04-14,247.23428679301114,247.31232339652604,239.5867891914115,240.1590576171875,3490934
2022-04-18,238.43357908157418,239.9942961138501,236.20523052522648,238.50294494628906,2189561
2022-04-19,239.63877010235467,240.97404792968575,236.50868056753671,236.7947998046875,4022222
2022-04-20,238.7197092315782,246.24581588285906,237.50582154342996,243.10704040527344,4278842
2022-04-21,245.88163743058652,250.6504657812124,240.21972361473195,241.25152587890625,3928824
2022-04-22,238.44223111095098,240.22837213963405,229.16466682355107,229.3900909423828,3404078
2022-04-25,224.95938456079242,226.19928425126187,219.36683731823052,225.83511352539062,4875780
2022-04-26,223.52011249798738,224.97678083253794,217.24257593219787,217.61541748046875,3708300
2022-04-27,219.6616516943696,223.54609509753135,217.78880331495327,218.74256896972656,3217056
2022-04-28,221.74263131656483,224.79468465451237,218.60385572215515,222.8351287841797,4909169
2022-04-29,221.36113465344278,225.08950544884055,217.32928817237286,217.7454833984375,3637913
2022-05-02,216.91306151977918,220.52004127016272,213.14133786094777,217.21652221679688,3633626
2022-05-03,217.60672531053186,218.43043000524753,214.41594040177938,215.4737548828125,3065340
2022-05-04,213.86971076894343,223.927642705205,213.39282040431326,222.5143280029297,3265334
2022-05-05,222.08077281922579,222.97385833681875,215.75989787348647,218.42176818847656,2591129
2022-05-06,215.54310677972276,217.3205770463849,211.81473667729543,216.106689453125,2394067
2022-05-09,212.30026835326117,214.37255830010403,206.10076982369867,207.54876708984375,4479401
2022-05-10,211.53729775541026,212.7165025562442,203.57765415692415,208.4852294921875,3400694
2022-05-11,208.49388404687716,210.77427179597737,205.39847728131207,205.5892333984375,2730098
2022-05-12,203.89847260234941,208.89275530250333,202.6412311939856,207.7048797607422,3194270
2022-05-13,211.5112494798042,217.38993101475486,211.459225089061,216.06332397460938,3568541
2022-05-16,214.936161514845,216.66162235984197,211.97948650153296,213.61822509765625,2645273
2022-05-17,218.2916782414684,220.01713899175513,214.00839631356962,215.87257385253906,3316997
2022-05-18,214.16448037426045,215.85524335854439,210.44478091550457,211.21646118164062,2546122
2022-05-19,210.63550650252944,217.36390438225132,209.9678601990025,216.1673583984375,2699981
2022-05-20,218.82928801186225,220.66745355956954,213.60089571001748,218.32638549804688,2737092
2022-05-23,220.6154075376525,220.6847584663292,216.1500255554659,219.4708709716797,2311385
2022-05-24,218.1356305378635,219.68766179878745,215.73386749684505,218.49978637695312,2159105
2022-05-25,216.25411480084367,218.61252437897804,213.97374182135556,217.0431365966797,2903698
2022-05-26,217.73679372039533,219.05473023112265,216.77435726766794,218.24835205078125,2834326
2022-05-27,221.53453627826855,231.40171145769872,220.27729486408472,231.0635528564453,3218861
2022-05-31,228.75711433486106,229.4420871873443,225.08943974716053,228.74844360351562,7219764
2022-06-01,235.3814976282841,235.3814976282841,224.0403286240693,226.30335998535156,2593610
2022-06-02,228.65308793621736,237.21966687724606,226.31202009144985,236.93353271484375,3008263
2022-06-03,234.09826091922548,234.28900211416467,229.26870759326883,230.68202209472656,2452046
2022-06-06,232.8150178221413,233.83814939920043,228.11552527602137,228.6791229248047,1572545
2022-06-07,227.89877001792354,233.2572083852229,227.352513839704,232.60691833496094,1837286
2022-06-08,230.34386399236737,232.1993708197878,228.37562272349717,230.29183959960938,1805251
2022-06-09,228.66178389071496,229.91902527371752,224.27445261183618,224.36114501953125,1531373
2022-06-10,219.8524021504635,221.15299707305812,217.84082210231,218.04891967773438,2423395
2022-06-13,213.13271824276435,214.38128902978556,210.1326740907479,211.40725708007812,2996081
2022-06-14,210.7136033967895,211.96217412527412,207.73957158651322,210.193359375,2704831
2022-06-15,212.33498800892374,215.70787336684342,208.78003217811332,212.3783416748047,2658922
2022-06-16,207.87831120740108,209.36966253593232,206.5603745593747,208.8320770263672,2290968
2022-06-17,208.98812279460944,212.75117609597092,206.6037010984098,206.88116455078125,7693411
2022-06-21,209.95058524827624,212.8379098098337,209.18757558347505,211.4506072998047,3210175
2022-06-22,208.87539856222364,215.68184910585353,208.57192291802806,213.21939086914062,2107104
2022-06-23,214.26961630197872,222.00301220646517,214.26961630197872,221.48223876953125,3009278
2022-06-24,221.85541580087124,223.35694903536975,220.22367429392602,222.914306640625,3295565
2022-06-27,224.32906819230644,225.33588173877516,221.03954638072148,222.54977416992188,2086913
2022-06-28,222.50640826190104,224.47665279650252,217.99309829863228,218.61801147460938,1984265
2022-06-29,217.8715587649029,220.5187935057215,216.20509892746753,219.4685821533203,1690872
2022-06-30,216.03151732185384,220.80522858515002,215.57151576584042,220.0414276123047,2450129
2022-07-01,220.7358061177812,224.57212552108982,217.89762083731833,223.97323608398438,1580892
2022-07-05,220.9527831242827,221.90753441387295,216.0315339602914,221.76866149902344,1830518
2022-07-06,221.54297668814885,227.1672546301477,220.43200839021074,225.700439453125,2168354
2022-07-07,225.36192399264985,230.60431608922937,224.93662574633296,228.6601104736328,2014946
2022-07-08,226.8721438679281,230.23976667946067,226.72459142028694,228.92916870117188,1269338
2022-07-11,226.94158303282717,230.6043107835246,226.84610791850372,230.26580810546875,1907335
2022-07-12,229.39787763175173,230.61300056530058,218.8349772088124,219.3297119140625,2477201
2022-07-13,216.93419320168363,220.27577767174577,215.48472219019297,217.9323272705078,2224867
2022-07-14,215.31978831060005,216.7171818378001,210.78044044036832,215.30242919921875,2673134
2022-07-15,220.57084852796095,223.16600566947147,217.55907273449094,222.00296020507812,4625815
2022-07-18,221.26521488671744,221.95957935961513,213.59257709516626,214.4344940185547,2229041
2022-07-19,217.71531176289872,222.74071465854598,216.77793470469874,221.9769287109375,2320973
2022-07-20,223.0618642679234,226.44684619935703,221.16973605011043,222.19390869140625,3191225
2022-07-21,238.68488522547156,242.63403852630196,235.61235217223805,242.35629272460938,4710415
2022-07-22,240.80266549984125,242.28685467886814,236.34143334551015,237.67807006835938,3172726
2022-07-25,237.19199777877546,237.5478595591359,233.85909323823606,237.27879333496094,2500663
2022-07-26,237.4524006123001,240.1690718278588,236.46294614342116,239.98680114746094,2401512
2022-07-27,240.04756755919303,244.16161760960688,238.9018810331162,243.06800842285156,2125490
2022-07-28,244.76047859614718,251.76480522673475,241.4015354168581,250.8447723388672,2801501
2022-07-29,250.79270125946846,253.99541251879518,249.95947884527655,252.97991943359375,3347678
2022-08-01,251.69537513089736,253.23164156228057,249.6383353536234,249.88136291503906,1849807
2022-08-02,247.85905936568741,252.99729699574775,247.30358269538107,247.82435607910156,2151096
2022-08-03,250.4542308093092,251.3482251678574,247.99794609051415,250.42819213867188,1687826
2022-08-04,250.42818323341555,250.91423840136147,248.32776042135524,250.792724609375,2319506
2022-08-05,248.4492217994731,252.02516847411565,248.03260317198246,251.70401000976562,1484786
2022-08-08,252.5720251288008,252.65012620090624,248.41456224382353,249.091552734375,1580441
2022-08-09,249.27379489388014,249.9681593575257,246.60920114262927,247.5726318359375,1535321
2022-08-10,250.64519692740984,252.74561982193617,248.3972066263961,252.69354248046875,1726291
2022-08-11,254.23845387339216,256.32151749138205,252.62408629199786,252.72824096679688,1823750
2022-08-12,253.6134647768317,258.690959134085,252.67610280726515,258.4305725097656,2664223
2022-08-15,257.81441730247377,263.69906716302114,257.52797698985034,262.4231872558594,2392037
2022-08-16,260.37488748066164,262.214923962587,259.56770349761877,260.8001708984375,2245284
2022-08-17,259.39404202525736,261.00840955378396,256.79020511854355,258.0140075683594,2422831
2022-08-18,257.5800460136707,257.63212335264876,251.22670029232697,255.41018676757812,2123686
2022-08-19,255.41016689637604,255.71396628910753,253.05805208585326,253.8218231201172,1808635
2022-08-22,250.45423110217018,251.9557944440118,247.71153594215377,248.21493530273438,1734413
2022-08-23,246.4356222993911,247.8156417779665,244.63896920814167,246.53109741210938,1566679
2022-08-24,247.390371864914,248.4319036664385,245.6978733505647,247.312255859375,1805815
2022-08-25,249.22170408212025,252.77159739355963,247.3729886756246,252.54592895507812,1558783
2022-08-26,252.05992269025649,253.24031242540178,243.10271055396655,243.31101989746094,1887821
2022-08-29,241.45365200298298,242.41706788620752,239.22303574304073,240.1517333984375,1763854
2022-08-30,240.6377338087422,241.8094588649412,236.45424780410326,237.27011108398438,1807733
2022-08-31,237.44373223134437,238.99735792695688,233.06061589527633,234.26705932617188,3519586
2022-09-01,234.5447854596609,237.74751190896774,231.68925620705133,237.6954345703125,2192832
2022-09-02,239.55284004661235,240.30796148950435,232.9825051717479,233.84176635742188,1722456
2022-09-06,234.73573042603007,238.76299970787542,233.55532571536796,236.49766540527344,2289614
2022-09-07,235.8727230151712,241.87890087829584,235.0047823821863,240.8286895751953,1905530
2022-09-08,239.73507490126428,250.7753350683582,238.78033873335232,250.05494689941406,3775754
2022-09-09,249.48214064779674,253.0754473936585,249.0394832376117,252.06861877441406,2430502
2022-09-12,252.4157782358939,255.696620630885,251.1225392895075,254.7505340576172,1989454
2022-09-13,249.43870532505687,251.18326615408162,243.93594167054331,244.5695343017578,2137898
2022-09-14,245.01217814244,249.4994484651641,242.2260707762063,244.526123046875,3354559
2022-09-15,250.4021413164451,252.71955301271436,244.03143651031684,244.68238830566406,3632160
2022-09-16,245.237870857811,245.48088349065776,238.86715134807534,240.47283935546875,6466486
2022-09-19,238.51998686440695,242.32158791861212,236.8622064577456,242.10459899902344,2531570
2022-09-20,239.08417907237714,239.68305360409065,235.8467339855141,238.1381072998047,2367785
2022-09-21,240.412091359412,242.80761891508644,232.94776290297835,233.02587890625,2382336
2022-09-22,230.87340683381694,233.2515757191073,230.27453230322797,231.2466278076172,3267590
2022-09-23,229.12880836721814,230.6997781465875,226.75063986887406,230.23977661132812,2288599
2022-09-26,227.90498982548272,231.47224232149517,226.1256958857325,227.97442626953125,1778179
2022-09-27,229.89257535250573,230.40466912111364,223.34828021476775,225.7524871826172,2529427
2022-09-28,229.54542895012284,232.63532127666707,226.4381924490661,231.08169555664062,3230592
2022-09-29,229.9088776237496,230.96876389626243,226.10370332883687,227.74566650390625,2779618
2022-09-30,227.73696767018743,230.74288699473578,224.16636185361696,224.39224243164062,3008376
2022-10-03,226.98113479679117,234.42641589229058,224.78317308574532,233.5142059326172,3416825
2022-10-04,237.68425675990167,242.54931658968084,236.25079896129967,242.4276885986328,2917234
2022-10-05,240.22972646538412,246.4066160902002,239.80402849757863,245.2424774169922,2346917
2022-10-06,244.19132301742215,245.47708991309108,241.23752975754977,241.55897521972656,2255436
2022-10-07,238.5182711784918,239.3349162915834,231.74194400084193,233.24490356445312,1779194
2022-10-10,233.95730036938747,233.95730036938747,226.07763287059092,227.102783203125,1853304
2022-10-11,225.29574441945437,225.7822564220603,219.118854294409,220.78688049316406,3671189
2022-10-12,220.66525402431765,222.58520899899906,218.31091333000836,218.64971923828125,2941034
2022-10-13,214.3493573485956,225.06986217775997,210.71793764375533,223.506103515625,3268718
2022-10-14,224.94822644021113,226.53806314349876,220.09185414369455,220.41329956054688,2270326
2022-10-17,222.77633131249746,227.73695625365235,222.3245701790971,225.81700134277344,2459942
2022-10-18,231.4639405931938,234.04416177427223,228.91847026850795,230.71681213378906,2327402
2022-10-19,226.19055899686572,226.79869898655699,218.3456578011031,224.0447235107422,4634839
2022-10-20,209.9621102645089,220.67392680846552,209.87523312646124,211.17837524414062,8528018
2022-10-21,210.92646062755546,212.82904030706663,204.0024265356088,212.490234375,7548350
2022-10-24,214.4101651208714,218.971155166857,210.47467553096462,218.6410369873047,4112011
2022-10-25,219.06676309192147,221.79467592304897,217.75493297069923,218.8148193359375,3999888
2022-10-26,220.3524930940272,222.91533889639834,218.15453129082445,220.47412109375,5127662
2022-10-27,218.91033892561026,219.32734919408057,212.5249439548388,215.53955078125,3711458
2022-10-28,216.39964173412255,219.38818572571853,215.3136923348087,218.7539825439453,3743042
2022-10-31,216.99907399141395,219.4663548657397,215.1138550030896,218.6410369873047,3328051
2022-11-01,220.44807216858027,223.5061178813347,218.51074166840826,222.2464141845703,3382421
2022-11-02,221.17780458401216,221.80331999302336,210.4573000680068,210.70924377441406,5104313
2022-11-03,208.6763504064195,211.60406519537108,204.12403308278746,209.73623657226562,4596713
2022-11-04,212.67262717054456,214.8706037590399,207.72937794264274,214.55784606933594,3380503
2022-11-07,215.89575201743023,216.83401019003057,213.10702568897165,216.35618591308594,2752884
2022-11-08,217.1988764039976,222.8110645049843,215.97392376550192,219.80516052246094,3632386
2022-11-09,219.80517646669065,220.61311891986747,213.8367767297134,214.5404815673828,2478442
2022-11-10,223.55823441725192,233.02772354041193,223.38448012830779,232.7149658203125,3764249
2022-11-11,233.73139662797573,240.8465445296966,233.08852075820906,235.43417358398438,3976087
2022-11-14,234.57407894339087,236.72861691734664,231.7158660888672,231.7158660888672,2705508
2022-11-15,236.37244687964244,239.3870538629787,232.92346913040785,234.85211181640625,2886665
2022-11-16,234.56540691419713,235.55579129359182,229.08351954420408,231.22935485839844,2493331
2022-11-17,228.7360454286622,228.7360454286622,221.49926876032941,225.54769897460938,2439638
2022-11-18,230.28246074487885,231.0904033233678,222.75030121757948,226.44253540039062,3062971
2022-11-21,225.7214265113479,228.45802642703862,225.05247255491716,225.929931640625,1762387
2022-11-22,228.17136360368718,229.1530604375122,224.73976106624468,227.6501007080078,2042582
2022-11-23,228.82289782789687,229.5439780741395,226.87687984049444,228.78814697265625,1747723
2022-11-25,230.1868668634704,232.3500778175479,229.7177302913895,231.993896484375,979442
2022-11-28,230.28242568308764,233.0537765653501,226.19924492928905,226.8855743408203,2643242
2022-11-29,225.87783955488987,227.32865805968387,222.9674849241909,225.0264434814453,2438059
2022-11-30,225.00906088844945,237.5279083251953,225.00906088844945,237.5279083251953,6479458
2022-12-01,239.3609784851258,241.49812620697472,235.0432295187187,238.50958251953125,2243818
2022-12-02,234.55671925132575,239.03083186296882,232.8278792289571,238.24026489257812,2042357
2022-12-05,235.1474870118629,235.79905061757387,231.4726287996372,232.8018341064453,2464906
2022-12-06,230.6386208243463,232.18500401512253,228.40590822541816,230.5256805419922,1928880
2022-12-07,230.75158362344598,234.57411835628957,230.56045389619626,233.0364227294922,2225657
2022-12-08,233.51421318110647,237.5713308400063,231.45525482857514,236.1465606689453,1974451
2022-12-09,234.99982544098276,236.92848326451386,233.74012168860412,233.9920654296875,1913652
2022-12-12,236.0075752477665,237.99704699174507,235.39076244758073,237.597412109375,2310031
2022-12-13,244.33901541878933,244.59094420765786,237.25860226487578,240.3687744140625,2943516
2022-12-14,241.0463514759622,242.98369662099265,236.5374880105422,238.24026489257812,2940358
2022-12-15,235.06058564315097,236.45929251872835,231.9591168822893,234.6348876953125,3418968
2022-12-16,231.69855209740714,232.50649470622133,227.03330856853972,227.6414337158203,5657822
2022-12-19,227.97151434866052,228.3885246070134,223.87095833396413,224.7657928466797,2898960
2022-12-20,223.90572054319136,224.65286396062825,221.09961877679763,222.05526733398438,2862187
2022-12-21,223.91441273368656,227.7630253227318,223.09778253971064,226.7292022705078,1852402
2022-12-22,224.30535605228502,225.14804937487588,220.67393638343336,224.7223663330078,2079017
2022-12-23,224.27061085880712,227.21571613470832,223.89703913955955,225.75619506835938,1236739
2022-12-27,225.28705028143509,228.18871687959654,223.08040081003625,226.64231872558594,1275091
2022-12-28,228.03232500246847,230.56910746419635,225.10459542926478,225.30441284179688,1558332
2022-12-29,228.50455806064534,233.51345008777744,227.57407567700287,232.05252075195312,1357322
2022-12-30,231.92210658113325,232.74822092997977,228.2263098052902,230.80902099609375,1701926
2023-01-03,232.8873412864784,233.05256713752925,225.27834584550732,228.06976318359375,3019318
2023-01-04,230.62636905829743,233.30473693438682,229.54806802392332,231.63510131835938,2465244
2023-01-05,225.21748762144188,227.78280659119272,220.54774287498506,221.9477996826172,4158710
2023-01-06,222.9304544302239,224.42616838706593,210.86041952965618,219.5651092529297,6586956
2023-01-09,221.66949914903742,226.8349208886301,220.48684492645936,221.79124450683594,3325570
2023-01-10,224.88700249776568,233.20036560826622,224.43480549995957,232.0872802734375,3036238
2023-01-11,233.1569152357552,239.20062797647745,233.05256206893998,238.1049346923828,3389866
2023-01-12,238.09624064099884,239.1745417398896,234.30478711652987,236.800537109375,1828037
2023-01-13,235.22652991059695,238.51360939211912,234.4960727927465,237.93968200683594,1971293
2023-01-17,239.0179985899673,241.13112018274944,237.035318449513,239.07017517089844,3020784
2023-01-18,240.01802292692167,242.4355077893149,234.57434142207214,235.3308868408203,2363498
2023-01-19,234.1743283026795,236.95704930051016,232.3568740346496,235.47003173828125,2129664
2023-01-20,237.03530609408912,238.63535789097935,233.8786530472243,238.6179656982422,3406334
2023-01-23,238.2266723900662,242.89641658496387,236.86140013561888,240.8789520263672,2381998
2023-01-24,237.40052590067978,237.40052590067978,229.06977039651852,236.1656951904297,5876993
2023-01-25,230.64378261150318,232.1394964302664,227.78279643789207,228.66110229492188,4918870
2023-01-26,229.57416051682026,231.22638900205064,226.8088316222192,231.1916046142578,4417135
2023-01-27,230.1220165248516,232.35689863689163,228.54805279678484,231.2959747314453,2796199
2023-01-30,229.15675186764636,232.02643397577143,228.1393234743918,228.48716735839844,2432758
2023-01-31,228.72196327862903,230.60030541838185,226.4610078067235,229.90463256835938,2937763
2023-02-01,230.53070359797735,234.24389188926608,228.72193049919883,232.61773681640625,4098137
2023-02-02,233.92214262018007,237.6092427213591,233.0090674334579,235.38307189941406,2843011
2023-02-03,233.7134261592918,235.91352356312763,231.64378516785823,234.6613006591797,1891205
2023-02-06,231.0437782728319,232.80905595985726,227.64363441375096,229.35675048828125,2602860
2023-02-07,226.22619759217721,232.68730751996776,224.9304941745085,231.31333923339844,2772286
2023-02-08,229.63502953185917,230.24374134105776,226.98274993989932,227.78277587890625,2616960
2023-02-09,228.45237297633318,229.24370281036664,221.4260016640924,221.84341430664062,3947436
2023-02-10,220.76512053220316,225.42616865723366,218.0606642984561,225.08702087402344,3164266
2023-02-13,225.7827029788563,227.29580885242797,223.96523371771988,225.9914093017578,2891402
2023-02-14,226.33921234426512,226.33921234426512,221.95643993396635,222.82603454589844,2278222
2023-02-15,221.25210227696692,224.53048595023492,220.96513107538374,223.58262634277344,2106653
2023-02-16,221.00857255154622,225.02610879473983,220.70420920964912,222.39993286132812,2224303
2023-02-17,220.88685724878204,223.06085148014967,219.42592797649536,222.86953735351562,1898311
2023-02-21,219.1389589552566,220.15638730768794,217.04322957313525,218.0867462158203,2958631
2023-02-22,218.269405930845,219.0259515252177,215.99105808184788,217.49546813964844,3133697
2023-02-23,219.3128642584599,219.9998558497095,217.00842872906793,219.5824432373047,2504160
2023-02-24,216.53015306784667,217.84324866860175,214.38224717264143,216.63450622558594,2042582
2023-02-27,218.63461174279436,219.84335428695405,215.2692520590283,215.61709594726562,2467838
2023-02-28,214.66922280482305,216.65190290802647,212.56479734840104,215.25184631347656,4017936
2023-03-01,213.66921633058945,215.73016158993977,212.9735285012957,213.36485290527344,3254731
2023-03-02,212.18217438761602,217.76499374427962,211.5299671219634,217.16497802734375,2236034
2023-03-03,219.00854366991229,220.59991459805394,217.39979551365633,220.1303253173828,2192719
2023-03-06,219.27808594483804,221.26078094118895,217.06061131497265,217.26931762695312,2414822
2023-03-07,218.06068560492315,218.26069585558992,211.98218804155545,213.26919555664062,3195624
2023-03-08,213.30396766768496,216.68670463615967,212.93873157879918,215.45187377929688,3353318
2023-03-09,216.41712232448558,217.2693248258454,211.1038671591236,211.86041259765625,2708554
2023-03-10,210.7212408182078,211.6430121008896,206.09497724393574,208.4863739013672,3399228
2023-03-13,207.78197359290536,211.66037226411024,206.09494605596322,209.0428924560547,2691634
2023-03-14,212.00825048759677,214.7474910430521,210.477752419164,212.92132568359375,2577480
2023-03-15,208.7211808710263,210.7125571981943,207.5646149089758,210.53863525390625,3047292
2023-03-16,210.1994851936276,217.1562725899018,209.0689926484558,216.82582092285156,3028567
2023-03-17,216.2518935852561,216.29537406777558,210.590794631075,211.2777862548828,3911002
2023-03-20,211.3125858451577,213.6778943294773,211.21692877673217,212.8778533935547,2496264
2023-03-21,214.35616138372018,216.52145949714065,213.79962617008255,215.9910125732422,1991935
2023-03-22,216.86063581160053,219.8346712984407,214.13009106104582,214.1909637451172,3589634
2023-03-23,214.66053376350817,217.20846023325612,213.26917321988628,214.7301025390625,1810553
2023-03-24,213.15610078226698,215.96490985493023,211.39951932544986,215.80838012695312,3377909
2023-03-27,218.47806939545382,219.88682209412005,215.31272012994097,215.6344757080078,2094019
2023-03-28,215.2953531448074,215.6084126628249,213.32136889668448,214.66055297851562,1784834
2023-03-29,216.46927777126538,216.84320991530305,214.06918510725308,215.20835876464844,1692113
2023-03-30,217.32382998136484,218.1421409596945,215.90483292444114,217.46311950683594,2996194
2023-03-31,218.73409508404612,220.0312136498713,217.34121498099947,219.41311645507812,3107302
2023-04-03,217.66329683578218,218.35972931498134,215.0951767835568,217.7155303955078,2987734
2023-04-04,218.06382823538704,220.23150686581894,216.4794395773433,216.74929809570312,2654410
2023-04-05,215.3737653864099,217.69812893037815,213.9112406325913,215.63491821289062,3478865
2023-04-06,216.2530494721847,216.2530494721847,212.9275571147354,214.99075317382812,2304504
2023-04-10,214.01571529010064,217.40214639797787,213.02327757606147,217.2367401123047,2348045
2023-04-11,217.93320301531554,219.9006525457746,217.24547597865273,217.5327606201172,1720313
2023-04-12,220.2488953651602,221.2064959355543,216.9756212565859,217.6111297607422,2280026
2023-04-13,221.11943471040078,221.88551215171012,218.53390274323806,221.4763641357422,1989792
2023-04-14,220.59707184579307,222.15535830786973,218.61222622870963,219.09103393554688,2791913
2023-04-17,219.4827521529119,223.11293987180926,218.7602028402301,222.64285278320312,2945095
2023-04-18,225.94226379706814,227.42220001689125,222.73864967240064,222.98239135742188,3595387
2023-04-19,221.55469089651564,222.52101198607565,218.96046841832535,221.78103637695312,2690393
2023-04-20,213.28448445792714,217.33254144988604,210.08087023695686,216.19212341308594,4211614
2023-04-21,217.8635537090393,220.22273982803168,216.43585120869983,220.0834503173828,2760780
2023-04-24,221.11937649494294,221.74616423939347,219.95284195671277,221.424072265625,3568090
2023-04-25,213.4411465385713,215.59139828924845,201.08805848896327,201.95860290527344,11653932
2023-04-26,199.10323658103303,203.2557454756672,197.61459481450973,202.37649536132812,8349343
2023-04-27,202.75953624448147,202.7682418392852,199.43404398089612,201.46241760253906,6785258
2023-04-28,202.4287091774035,208.56607815642118,201.7409822208631,206.24171447753906,5297652
2023-05-01,208.2265837265263,212.48357481533324,206.9904041955848,210.4377899169922,4290122
2023-05-02,207.54754451827867,213.0058773062209,206.83370075890997,211.3605499267578,3717324
2023-05-03,215.19097680587893,220.18792831164757,213.41505044131563,213.7806854248047,4828517
2023-05-04,213.51954401789098,213.63271676488898,210.62931613910862,210.9601287841797,2659373
2023-05-05,212.97109368994975,213.83293265083384,209.29736239836168,211.05587768554688,2325485
2023-05-08,212.07439567492145,212.15274602551742,206.85980449827906,208.2700958251953,2826204
2023-05-09,206.2156243867853,207.01652417135284,203.84773243050364,204.71827697753906,3032064
2023-05-10,205.69326843067898,206.85109750897874,202.14143084571208,203.2122039794922,3116100
2023-05-11,201.96733204871117,201.96733204871117,199.61685136193967,200.93138122558594,4401794
2023-05-12,201.42759890972718,201.42759890972718,197.35342541845884,197.91058349609375,3978005
2023-05-15,197.7974137384382,198.62443028856185,196.16948243966053,197.56236267089844,3780605
2023-05-16,197.6929519051424,197.6929519051424,195.2815319669675,195.8647918701172,3026198
2023-05-17,196.35226277409524,197.22280713492597,192.58278576323133,196.09109497070312,3453372
2023-05-18,196.13467560455152,197.5623783293227,195.54271007504954,197.11839294433594,4128367
2023-05-19,198.0759673679845,199.87799535362785,197.44045900765445,198.77239990234375,3686642
2023-05-22,198.85946595349446,203.08163429565158,198.2674855329497,201.3405303955078,3530414
2023-05-23,200.5048282878803,203.403746567001,199.79096947434914,200.23495483398438,4040496
2023-05-24,196.08242922381186,198.92912889165382,193.87994360191664,198.23268127441406,5289305
2023-05-25,198.48511021233963,201.0967583708981,197.3446924143851,200.6179656982422,3965935
2023-05-26,202.40260873602602,203.53432108720114,201.05325651273796,202.150146484375,3161558
2023-05-30,202.82917654529783,204.00441683415966,197.61458530771904,197.7712860107422,3066130
2023-05-31,196.89204617260532,200.18271615569603,194.6634288198061,199.8954315185547,12662026
2023-06-01,199.97378626299243,203.5169185807266,198.52867243431717,202.56802368164062,3013226
2023-06-02,204.19596588857235,205.31026715688222,202.20239945257123,204.24819946289062,2517132
2023-06-05,204.58769511602054,204.6660454745889,201.0532683364867,202.94236755371094,2692762
2023-06-06,202.17630396290758,205.83260959890663,201.53210479560158,204.2743377685547,2300669
2023-06-07,204.2307775233198,207.5997979381059,203.70844180762606,206.7727813720703,3726235
2023-06-08,206.7727632828295,207.27767278001593,203.4646673404659,204.93589782714844,2519050
2023-06-09,205.81514971731778,206.01537839259677,203.3253796358194,204.9010772705078,2055893
2023-06-12,204.90109183204467,207.5475628040099,203.95219693949102,207.23416137695312,2465018
2023-06-13,206.912044440055,210.2636684622976,206.7553587178473,210.03732299804688,2665126
2023-06-14,211.49113389144966,212.26591681199835,206.58994416203538,207.58236694335938,2639182
2023-06-15,203.69971429449959,212.91883379783707,202.89881460042463,211.98733520507812,3187954
2023-06-16,213.28446362285283,214.44229273770273,209.7500371152156,210.49871826171875,7220554
2023-06-20,199.2512185174881,206.54641676823536,198.8420555780848,205.9718475341797,5795890
2023-06-21,205.25799120970802,207.9305785763122,203.86511116590933,206.93814086914062,3126139
2023-06-22,207.7477685268525,209.0797094607841,204.7443684838784,205.7803192138672,2364288
2023-06-23,204.4135651350367,208.0611793160372,203.98700598213586,207.34732055664062,3684048
2023-06-26,207.42566931087694,208.53997043071266,204.2394666534452,207.08615112304688,2309580
2023-06-27,207.86967381475563,207.86967381475563,200.99232839700304,203.53433227539062,4814868
2023-06-28,203.26443757211595,204.87495756212311,201.37535354342185,204.37875366210938,2856209
2023-06-29,203.59436127792776,207.24616048532894,201.89484564505463,207.22872924804688,2152337
2023-06-30,208.30948637152326,210.56681698223866,207.16775513651515,209.17233276367188,3722738
2023-07-03,207.07186231877458,208.6319280474031,205.5640753007268,206.3920440673828,1340628
2023-07-05,203.8383880978194,207.62092138995442,203.21087858905958,206.88882446289062,2765856
2023-07-06,204.72739193998785,205.07601671158085,202.10403553694817,204.2916259765625,2867376
2023-07-07,202.96687718052294,205.80813921154945,202.7751335463833,203.1411895751953,2859142
2023-07-10,202.68794723571037,205.32003400208106,202.43519430098692,204.3526153564453,2314205
2023-07-11,204.50949924414797,207.56863635417494,203.254465173122,207.14157104492188,3302784
2023-07-12,208.3007296548715,209.94795141231535,206.7319334563439,207.52503967285156,3153437
2023-07-13,209.17230601441977,209.42505896565604,207.01957812153816,208.13516235351562,3020897
2023-07-14,209.02412277201694,210.8543726064443,208.33558892874126,209.6342010498047,3282029
2023-07-17,209.30301895011195,209.56447249262206,204.72736444075892,207.22000122070312,3840276
2023-07-18,208.00441261746366,210.20943406060132,206.75809419294268,209.86080932617188,3065904
2023-07-19,211.16815611731863,213.72180252511257,211.01127497268158,212.55392456054688,3692395
2023-07-20,214.18372511023398,215.66535032683183,211.33374772104577,212.9897003173828,2389442
2023-07-21,211.4644681451482,224.63360247910805,209.372749740288,223.0125274658203,8335018
2023-07-24,222.21941743858318,226.59461307471585,220.19742387831477,224.84278869628906,6410311
2023-07-25,216.04884354383802,230.84778489035895,214.84610309874077,222.8556671142578,8281663
2023-07-26,221.6441754409919,231.63215340247152,221.40885376107076,230.84774780273438,6502243
2023-07-27,230.2812535816091,231.50142510046336,222.4198561525197,222.48086547851562,4608444
2023-07-28,224.1106757738114,227.54458433487153,222.24554848363186,226.66432189941406,4129946
2023-07-31,226.95194744258782,227.2744253511005,221.67907286277634,222.29786682128906,4084375
2023-08-01,222.30655375976562,224.37212522945748,220.9469323489989,222.24554443359375,2920730
2023-08-02,221.55703119167282,225.52257748848092,220.50245638520107,224.7469024658203,2872226
2023-08-03,224.11067210852252,226.15881234599212,221.80976394680488,224.38955688476562,2746680
2023-08-04,223.52672019079597,225.18267257667932,220.94692731641624,222.02764892578125,3062858
2023-08-07,222.53316625943668,223.91893456432467,220.38043854728716,222.78591918945312,1433237
2023-08-08,223.117105483461,226.14139512898788,221.06024950044085,225.7927703857422,1913088
2023-08-09,225.98450247344283,226.43771461655666,222.61160325769126,223.1693878173828,1914329
2023-08-10,224.25012953193388,228.75604420619024,223.83177985191713,224.31983947753906,1917600
2023-08-11,222.6987589643854,224.058380389765,221.4960186651339,222.61160278320312,1573560
2023-08-14,221.69649471383187,224.75563190239853,220.51118556082398,224.1455535888672,1840219
2023-08-15,223.02999143786838,224.76436974443214,221.79238844981458,222.446044921875,1734977
2023-08-16,220.44144614514673,222.35013653057644,219.82263725237686,220.31942749023438,1986634
2023-08-17,220.98180620218332,221.32171532264707,218.9946751923705,220.3455810546875,2014382
2023-08-18,219.41299997361716,220.91207128231363,217.99238422870454,219.11668395996094,2303827
2023-08-21,220.2584484297167,220.5460638701044,217.81810499825625,218.03599548339844,2671217
2023-08-22,217.7134989600462,219.64833630062958,217.05982756048098,217.6263427734375,1933279
2023-08-23,219.84878875796034,222.54188483908555,219.30843541869544,222.12353515625,1695835
2023-08-24,222.50702692226338,223.9189421296838,220.58962083879567,220.9905242919922,1738699
2023-08-25,221.7400399559121,224.1193735281985,219.92720651932765,222.70745849609375,1557768
2023-08-28,225.04323609779314,228.35512606579317,224.43314281362603,227.91064453125,2534165
2023-08-29,228.52947291487706,230.36845366213805,227.19599810791462,230.0895538330078,2328418
2023-08-30,230.76932387875493,231.4665733510077,228.7211835561412,230.23768615722656,2037958
2023-08-31,230.96109008789062,233.56703024335113,230.96109008789062,230.96109008789062,3313387
2023-09-01,233.60186157455624,234.97891423236328,230.3248341743588,231.47528076171875,2897719
2023-09-05,232.19867092927262,232.43399262679992,227.21339719332252,227.34413146972656,2415950
2023-09-06,227.03910251295383,227.95422751801337,223.27400006237872,223.97996520996094,2867489
2023-09-07,223.20427031650902,225.25242576136102,221.83593314732317,222.17584228515625,2016751
2023-09-08,221.69649240408816,222.11482710010222,213.79151625942345,216.45846557617188,3582415
2023-09-11,215.2906053727389,218.26258658688022,212.80668384425002,218.03599548339844,2766194
2023-09-12,217.40844627358248,217.73092415508552,213.96582200127025,216.43231201171875,2680015
2023-09-13,212.14428747429594,222.89052572213308,211.75209961928982,220.0231170654297,3273456
2023-09-14,221.92307272555212,222.20197251007792,217.0772489736724,220.92079162597656,2132033
2023-09-15,220.31072735366476,226.66433846847565,219.53503727864125,222.4634552001953,6425765
2023-09-18,222.24557488844195,222.90796194907657,220.60705347635897,221.17356872558594,2210429
2023-09-19,220.27588563322664,223.08227015465204,219.7442328350834,222.446044921875,1994755
2023-09-20,222.67264190534908,224.52032319151957,221.17357038949052,221.7749481201172,1758665
2023-09-21,220.7900721056366,220.7900721056366,217.3038695693008,217.56533813476562,2718367
2023-09-22,218.04469030562637,219.32587123499695,216.2144254060693,216.46717834472656,3108317
2023-09-25,217.23412874655716,219.79649049876642,215.52589757912702,219.66575622558594,2142862
2023-09-26,218.3758832857632,219.2735920584313,215.15114920267678,215.49105834960938,2277319
2023-09-27,216.58047199749896,216.58047199749896,212.72821375780705,215.65663146972656,2532022
2023-09-28,215.66535757832187,217.8616786223968,215.17729790268973,215.4387664794922,2641663
2023-09-29,217.21669187234974,217.50430726588183,215.2818546816248,216.23184204101562,3692508
2023-10-02,215.32068544303158,217.91609438769189,205.4306045024022,210.12986755371094,6387700
2023-10-03,209.08775210818257,213.4036178509611,209.08775210818257,212.05674743652344,4817100
2023-10-04,212.58765908499186,213.78705418766313,210.13971039162553,212.4205322265625,3445800
2023-10-05,212.2533831014483,213.82636465797853,209.03862510942537,213.20700073242188,2273000
2023-10-06,211.14247165674823,214.98641913173614,209.66780712639166,213.5609130859375,2696300
2023-10-09,213.81654476396508,214.81930590743005,211.27027911260825,214.68167114257812,1949400
2023-10-10,214.11145604626728,216.37261136792495,211.45706284304467,215.01593017578125,2215500
2023-10-11,214.16942779041992,215.05531425150468,211.43300558796778,213.03744506835938,2444900
2023-10-12,213.1949201031723,215.2521554778726,201.52082653791405,206.2062225341797,5081600
2023-10-13,206.4523090959505,208.60796800174083,205.66484617522224,206.14715576171875,3365600
2023-10-16,206.30466401869566,208.44064737185016,204.91676222538848,207.15118408203125,3088700
2023-10-17,203.7454229625131,209.21826717809353,203.28278904317528,208.61782836914062,2643900
2023-10-18,206.65901966767353,206.8952630620679,201.52084224154808,201.58975219726562,4346800
2023-10-19,205.20224137505215,206.97402944307063,203.2926484028327,204.0505828857422,3793700
2023-10-20,204.04069783323564,205.92076195935525,202.53468196791206,202.6035919189453,2926100
2023-10-23,201.73740320462954,203.1351428846682,199.82781032554902,200.8515167236328,3917500
2023-10-24,190.89998029789234,199.79827110170532,189.4136400334875,193.7545166015625,5925600
2023-10-25,189.80737428235554,190.75231778539776,180.37753983799468,189.63018798828125,7514900
2023-10-26,187.75017037972285,192.21899961557384,186.73631675313885,190.64407348632812,3409600
2023-10-27,189.2463155047263,190.40782679289933,183.9211287705965,184.9349822998047,3966200
2023-10-30,185.8897502182817,186.31300268591917,179.23570475260996,182.1985321044922,5493600
2023-10-31,187.04142100810037,192.0319404223513,185.79132418425834,189.01007080078125,5208200
2023-11-01,188.8230294552938,188.8230294552938,185.8995835780791,187.02171325683594,3766300
2023-11-02,189.28568335987848,190.6440415235157,187.956838722392,189.95501708984375,2535900
2023-11-03,192.91788113093986,196.86501936209052,192.91788113093986,194.76840209960938,2930400
2023-11-06,194.53214166727622,194.66994655736147,192.0516386261353,192.45521545410156,2362600
2023-11-07,192.65206949752232,195.8019061550923,192.32724048007833,195.1424102783203,2212500
2023-11-08,195.87084683442941,197.2981151510248,193.18362863754487,193.73486328125,1611900
2023-11-09,195.63458078795816,196.22518175667008,192.23866276688096,192.45521545410156,2316900
2023-11-10,192.78988796458603,194.09904196848007,189.3349127495321,193.91201782226562,2110000
2023-11-13,192.92769546576952,194.05966318132275,190.71296426782064,192.9080047607422,1683000
2023-11-14,197.2193632899419,201.47163960241076,197.2193632899419,200.329833984375,2900000
2023-11-15,201.52083717347782,206.36371398971792,200.9499269160877,204.89707946777344,4110600
2023-11-16,205.97000399438627,206.65902848291913,204.04072040688686,205.8321990966797,3499300
2023-11-17,206.7180812459439,206.7279341081783,203.06624402346526,204.52304077148438,2474400
2023-11-20,205.69439980368625,208.4800414014356,204.375407886897,207.72210693359375,2568500
2023-11-21,211.06878037733384,218.0968745581728,210.26164177228327,214.4450225830078,4614100
2023-11-22,215.48840242688988,218.43153924563003,215.48840242688988,217.8311004638672,3727100
2023-11-24,217.51613977776694,218.8942038242704,217.13225361887405,217.9394073486328,1276500
2023-11-27,217.0436609094793,218.50045769331362,215.49826346139253,216.55149841308594,2048900
2023-11-28,216.18727494564726,216.96488498051266,213.36225236925037,215.33090209960938,1911500
2023-11-29,217.3389423809564,221.82746155191037,216.95505626816708,219.031982421875,2240200
2023-11-30,219.43555254510343,220.01631567693434,216.22665863488862,219.80960083007812,3543400
2023-12-01,218.91387118102486,220.28208231267098,217.06335041812102,219.97694396972656,3134000
2023-12-04,218.52015000914992,219.35683226702795,216.21683311375926,218.6481170654297,2246800
2023-12-05,217.8507642467127,217.8507642467127,213.66738399455053,216.00022888183594,2674400
2023-12-06,216.45302532873214,218.18544665184038,215.95102506966145,217.29954528808594,1909600
2023-12-07,213.59853158200647,216.62041663453704,213.4804173846412,215.48843383789062,2767500
2023-12-08,215.56716634773747,216.55149130822943,212.29920026949287,214.08084106445312,2527500
2023-12-11,214.65175583970512,218.22484530779542,214.54347949099892,217.88034057617188,2591500
2023-12-12,218.490607222343,218.5693550195674,215.05530778900854,216.30540466308594,2892000
2023-12-13,216.55148543160965,223.303955078125,215.714803230054,223.303955078125,3749700
2023-12-14,227.15268762578586,229.10164694749673,223.0283634150868,225.65650939941406,5922500
2023-12-15,226.18802129810933,226.30615050421267,221.9455832108942,223.66815185546875,7886300
2023-12-18,224.5146676359368,226.1978698595467,222.70351338592366,222.90037536621094,2307900
2023-12-19,223.64846270471386,225.6072596043409,222.19165106747283,225.54820251464844,3087000
2023-12-20,225.49898981573637,228.7078986318752,223.14645388382667,223.25473022460938,2676600
2023-12-21,224.918235514352,227.5463811466747,224.42607307340157,226.73924255371094,1743800
2023-12-22,227.99919664355076,229.07210725160954,224.80014050457416,226.7490997314453,1577000
2023-12-26,226.47346511103058,228.57991970618068,225.91239273260945,227.77276611328125,1461700
2023-12-27,227.87121741952686,230.06625777060535,227.69404614455118,229.20989990234375,1683400
2023-12-28,230.56968959069556,230.78646571534125,229.16065981560217,229.7124481201172,1501900
2023-12-29,229.2296151005721,230.42188373028574,227.52498023214946,227.94866943359375,1407600
2024-01-02,226.49039204826744,231.80137730738093,225.51489943675926,231.34811401367188,2764000
2024-01-03,231.8998916474954,232.07724571984946,226.51992592621352,227.4264373779297,2425000
2024-01-04,226.96332478864025,229.8306692220864,226.62831263056754,229.20989990234375,2719400
2024-01-05,227.49544013332007,229.62376438013234,225.67255402855656,226.91407775878906,2236700
2024-01-08,225.554310435086,231.66341887940115,224.90398205926084,231.41708374023438,3123200
2024-01-09,230.78647748192412,238.00902591377698,223.18949480930124,227.48558044433594,5255800
2024-01-10,227.18010153674462,227.69248280265435,223.08108147967224,226.27359008789062,3334500
2024-01-11,225.61341358161093,226.234182902599,222.88401620984268,224.61822509765625,2440500
2024-01-12,225.4163457838157,226.1454881164349,221.4355618255872,221.93809509277344,2795500
2024-01-16,221.701618434313,226.2243278419482,221.51440132868527,223.42596435546875,3267400
2024-01-17,222.23368393851663,225.7809156597238,220.2038849672546,221.2877655029297,2225800
2024-01-18,220.42069204023406,224.15514138179293,219.26784532765944,222.992431640625,2867300
2024-01-19,223.26830795325955,228.27383966935403,221.43557395892222,227.66293334960938,3258200
2024-01-22,227.38703712624084,229.85038843833092,225.42620406917996,228.56944274902344,2276200
2024-01-23,229.68288080138132,229.8306758650668,227.15054845281384,228.69754028320312,1890200
2024-01-24,227.34761460678564,229.4759537443739,225.081328397415,225.25869750976562,2106300
2024-01-25,227.93883915614992,228.7074036090478,223.29787838893986,224.0565948486328,3468300
2024-01-26,233.07241857326648,237.05320232801435,229.45622100129467,229.58432006835938,6343900
2024-01-29,229.50554377203645,230.58942450758752,227.76148660123343,230.500732421875,3127700
2024-01-30,240.47236090826095,241.8025616112992,234.96431091837422,241.35916137695312,6158400
2024-01-31,241.99964119218012,245.13301687380965,236.08759798750245,236.39305114746094,5077100
2024-02-01,235.85112535832675,241.70405089669796,235.2106599857876,241.5365447998047,2711700
2024-02-02,240.42308788010618,244.23635089713548,238.6002018964821,242.71893310546875,2819500
2024-02-05,241.27048188452784,245.5764151734633,239.5362879707814,242.21641540527344,2644200
2024-02-06,242.0883240500739,244.8177216049929,240.83693733184623,244.5615234375,2443100
2024-02-07,244.28560286087918,246.22672475257986,242.6203750927104,243.0243682861328,2300700
2024-02-08,242.83715479196044,243.18202996903503,240.50190269922246,242.26565551757812,1774400
2024-02-09,241.40840917245734,243.62542517506154,239.31949223901404,239.38845825195312,2538300
2024-02-12,240.1865911232353,243.45792874908972,238.14694413828366,243.2115936279297,2284800
2024-02-13,241.38871002760135,242.59082663317577,234.90516777240407,237.98928833007812,2189400
2024-02-14,239.45747040425005,244.82757352330773,238.77758300285467,244.3546142578125,2838100
2024-02-15,243.9111974504429,248.01021781944831,243.9111974504429,245.31039428710938,2360900
2024-02-16,245.1625711655505,248.6309739886606,244.6403418953363,246.3351287841797,2152200
2024-02-20,245.01480044458359,247.11356572646739,243.2017773250326,244.13784790039062,1982800
2024-02-21,242.69921185165097,247.0741259997962,242.4528767310131,246.9755859375,1545400
2024-02-22,247.7343070567954,249.70498805958758,245.58627198060125,249.0251007080078,1826000
2024-02-23,250.27647827335716,251.2618187390003,248.87729661635618,250.1188201904297,1351200
2024-02-26,249.60646941028068,250.5918099368614,246.76868388249514,247.9609375,2506300
2024-02-27,248.42403256998642,251.84316517733544,247.68502722318365,251.12387084960938,2265200
2024-02-28,250.33562009609315,252.7989714944017,249.82323879541593,251.96144104003906,1945000
2024-02-29,253.00586818170277,253.321184357084,249.27143431953596,249.42909240722656,3466700
2024-03-01,249.2517500402175,252.62161288856962,247.7835872204688,252.11907958984375,1908700
2024-03-04,252.75953634385394,255.20319162951884,251.1140345344384,252.43438720703125,2888700
2024-03-05,251.41948298854555,254.1784243319336,250.45383848325704,250.6607666015625,2277800
2024-03-06,251.7347920421925,253.31132785439831,248.5521463698622,249.19261169433594,3733100
2024-03-07,251.07460168248062,252.0993641865601,249.59659098379475,250.39471435546875,2857200
2024-03-08,249.38969152023077,252.0895149214193,249.25174444889345,249.97103881835938,1786000
2024-03-11,248.7984805312521,250.27649130668527,247.06428663404762,249.09408569335938,1360800
2024-03-12,249.12364806087763,251.67567642573434,248.31566160924393,249.3896942138672,2221800
2024-03-13,250.66075600744114,251.93183857012986,249.38967344475242,251.606689453125,2249300
2024-03-14,250.14839991196524,252.24718008878082,246.86721408550423,249.5079345703125,2635500
2024-03-15,247.03473575113122,250.04001239866497,245.48774387175098,245.74392700195312,5793300
2024-03-18,246.71941501677068,249.21232535800965,246.31542179053588,247.78358459472656,3868300
2024-03-19,247.3204710055051,250.3651696098573,246.53219558093704,250.0203094482422,3211300
2024-03-20,249.58677099072406,250.03017124305055,246.56176820454934,247.99050903320312,1651300
2024-03-21,248.5620016642559,251.62641137534501,247.81314825909234,250.3848876953125,2313200
2024-03-22,251.26182339053761,252.7496971436688,249.83308269592567,251.06475830078125,2310400
2024-03-25,250.55237575011512,251.04504598952232,242.5809748849313,244.16737365722656,3372400
2024-03-26,243.64514566560413,245.8030437309777,243.64514566560413,244.8177032470703,1962900
2024-03-27,246.44526972250398,246.8497024177363,243.72277692455378,245.3898162841797,2665300
2024-03-28,244.96565037633965,247.64869329282342,243.84114084895006,246.326904296875,2560200
2024-04-01,246.32694076781982,246.64258495395615,243.3183795096128,244.42315673828125,1728900
2024-04-02,241.6710517433883,242.93365848307374,239.28393540581243,242.59828186035156,2955600
2024-04-03,242.65746784532084,244.72894005482823,240.46763095577066,241.02001953125,1898600
2024-04-04,243.13094543234294,243.77212257937603,238.43562741562621,238.61317443847656,2693800
2024-04-05,238.84006507831535,242.7561239342702,238.75127651359705,240.96084594726562,2280800
2024-04-08,241.21729688788503,242.6476069992673,240.40844649562618,240.93124389648438,2426000
2024-04-09,243.21971488756262,246.46500509020692,242.193837553488,246.40582275390625,1602100
2024-04-10,241.49349956545473,242.90406212282795,240.1223718313808,242.5292205810547,2229400
2024-04-11,242.9632416378371,243.6241361554445,239.76727501844957,240.68463134765625,2081200
2024-04-12,239.0866414390999,239.8757593149975,235.7525627230354,236.6896514892578,2684800
2024-04-15,239.06692082124604,239.9546860013442,234.92399156168898,236.4036102294922,2824000
2024-04-16,237.82405445406616,238.06078381583956,235.2889671610367,237.07437133789062,3225300
2024-04-17,237.15328697694162,237.56757841296303,234.78590304211642,236.1372833251953,2988500
2024-04-18,229.10415559823815,235.20019250914262,227.60481947608199,233.14845275878906,4261000
2024-04-19,234.54915810079353,234.5688905647864,230.8402525975155,232.30999755859375,2351300
2024-04-22,232.75387348919116,235.4862249644835,231.28411361384644,232.8722381591797,2820300
2024-04-23,251.25897728758812,253.23180216261537,246.19867666667622,249.6708526611328,6876700
2024-04-24,245.64628388497363,250.63752832471351,244.61054783310632,247.00753784179688,3344900
2024-04-25,246.53406311372217,247.23442259492603,241.9472511169666,242.46018981933594,2943500
2024-04-26,240.36897860420507,244.72893487872352,240.36897860420507,243.22958374023438,2710400
2024-04-29,242.9040463176751,245.58708917045806,242.3911076704335,243.46630859375,1616200
2024-04-30,243.15067828665983,243.643884530649,240.96084135923113,243.26904296875,3941000
2024-05-01,242.91392521130734,246.12963944041323,241.22716834581377,243.53536987304688,2310400
2024-05-02,245.60683394247167,246.05071652130303,239.3628415159641,243.4860382080078,2780600
2024-05-03,246.14936927581863,246.33679005954602,244.22586790604336,245.00514221191406,1787600
2024-05-06,245.3306498570961,246.1592327121855,243.5551044165761,244.03843688964844,1741100
2024-05-07,243.19010710980857,245.71533550364265,242.85473050528094,245.37994384765625,1683400
2024-05-08,245.9126223558191,246.42556103496767,244.7782390279225,246.1592254638672,1471300
2024-05-09,246.22829806968485,248.11234966902597,245.6167270997995,248.01370239257812,1604300
2024-05-10,248.61537550589475,251.43651558140022,247.4218249267148,249.9371795654297,1520800
2024-05-13,249.56236645678985,251.28858835915892,248.19125366210938,248.19125366210938,1305500
2024-05-14,250.8446922503447,256.26010208856303,249.09873797712794,255.7373046875,3096700
2024-05-15,256.46723982014714,260.4326070757,256.2107629473928,259.8802185058594,3073100
2024-05-16,258.8938492482293,261.76431360065567,257.99621014671385,261.24151611328125,3448400
2024-05-17,261.42891921182235,262.32655825253397,259.6040499577568,262.1884460449219,3187400
2024-05-20,262.0306239006997,264.0034488476301,261.44861405078586,263.4806213378906,1757800
2024-05-21,263.608849645017,263.6976231518668,261.1329749017564,262.92822265625,2561200
2024-05-22,263.75683432225014,265.3252264748793,262.938095147048,263.5595397949219,2533600
2024-05-23,263.54960587567825,263.55947963066626,257.5522329107254,257.84814453125,2901100
2024-05-24,258.6176191422638,259.5547230479853,257.3057037771739,259.20947265625,2089000
2024-05-28,258.99242626425377,260.2254417115443,253.7545790523968,255.19473266601562,2881300
2024-05-29,250.02594860842325,252.99505952232474,250.02594860842325,252.4525146484375,2931700
2024-05-30,245.56736622637453,250.23309270684226,245.1530748207424,249.30587768554688,3450900
2024-05-31,249.65111778391937,253.4882765781441,249.30588246500352,253.31069946289062,4801100
2024-06-03,253.7447292151552,258.0159119848262,253.20221440837364,257.8284912109375,3003200
2024-06-04,257.8383408441452,260.63974833000515,256.4672132163962,259.751953125,3119800
2024-06-05,260.4129376298649,264.44736172549176,259.0319659508976,264.21063232421875,2552000
2024-06-06,263.786417615818,265.45342687942497,261.9615486527265,264.33880615234375,2405900
2024-06-07,263.9442581068989,264.0922440724224,259.2489548171267,259.5054016113281,3626800
2024-06-10,258.81492886036756,262.03064339605095,258.32172258693987,261.0738220214844,3115400
2024-06-11,260.51156874253064,260.98502751568503,256.7533392160026,257.7002868652344,3444700
2024-06-12,257.8679894895282,262.49423678751566,257.02953277730717,261.0146179199219,3311200
2024-06-13,259.91970718035515,259.91970718035515,249.00011301642598,251.54505920410156,4945500
2024-06-14,250.14434813670718,251.40695496223975,249.5130447239409,251.38723754882812,3097200
2024-06-17,250.81509909473772,251.7719203800041,250.52903105403024,250.677001953125,3366800
2024-06-18,251.4562733191849,254.8692672003154,250.54877562310324,254.01109313964844,3162200
2024-06-20,246.9878148274898,248.3490688363878,243.84115667733263,245.18267822265625,6112100
2024-06-21,246.45515926410286,251.6436833875462,246.09017641874365,251.4957275390625,6729000
2024-06-24,251.48586672222865,254.78049594877382,249.4834505285929,253.2712860107422,3122500
2024-06-25,252.6596990798786,253.9124320527782,250.55862069605095,250.68685913085938,2524100
2024-06-26,249.7399001635523,252.27498741822296,248.78309392176257,250.1443328857422,2460900
2024-06-27,249.5031621146533,249.64125925260797,247.61911076355372,248.3391876220703,2409200
2024-06-28,246.9962478910578,249.45504225067148,244.8830595113592,246.71975708007812,4638300
2024-07-01,246.84814127868745,247.1641394166547,240.15308517361677,241.44667053222656,3925500
2024-07-02,239.1359545474719,239.4815755752396,235.87729581287036,237.39801025390625,5067900
2024-07-03,237.89175144248682,240.01480904013928,236.99314880371094,236.99314880371094,1935800
2024-07-05,237.97075399279092,238.40522878098932,235.51194461834467,236.25254821777344,3932300
2024-07-08,236.4599161574632,237.6843710920475,234.96882464921276,237.63499450683594,2489800
2024-07-09,238.8496087249967,238.8496087249967,235.72919520164635,236.78578186035156,2064200
2024-07-10,237.3782825636313,239.34335634980735,236.94379267582394,239.1656036376953,2108200
2024-07-11,240.656661201493,245.57426454797493,238.9779477696467,243.18458557128906,2815400
2024-07-12,242.84888032943928,245.13982164535022,241.7231633221715,243.60923767089844,2546200
2024-07-15,243.3129641669714,244.33994293357895,240.70604008902595,243.1450958251953,2869200
2024-07-16,244.8929324283279,249.52417618224723,243.97459116417895,248.98106384277344,2754000
2024-07-17,249.3168043748165,251.36087764731298,247.76648192840318,248.1022186279297,2718500
2024-07-18,246.5124029474275,252.25949473629362,238.84962896322642,241.72315979003906,4266900
2024-07-19,241.9206611130855,242.17739829243655,237.980644193587,240.4888153076172,2982600
2024-07-22,243.02660688477178,248.1219633449135,242.10825057192787,247.74671936035156,3314300
2024-07-23,266.61729999480167,269.5599758582448,260.25798124336586,260.8702087402344,7523300
2024-07-24,258.59908605149184,264.90901435954737,258.3225951889913,262.43048095703125,4080200
2024-07-25,262.05519437942655,272.8482507609063,261.0776072269301,266.7061767578125,4250000
2024-07-26,268.4935050853902,274.2405966675145,267.79240873145955,270.47833251953125,2810100
2024-07-29,268.69098675407014,269.8166885333199,264.73121660834903,268.2466125488281,2176400
2024-07-30,269.80687368959076,272.78902704607725,268.3552892452391,271.7423095703125,2953200
2024-07-31,272.0484202240313,276.74879458696864,270.03396976345226,273.6086120605469,2887200
2024-08-01,275.7613158620974,278.1707488651028,274.76395994910405,277.2425231933594,2132400
2024-08-02,275.9489305409003,275.9489305409003,268.73051608237415,273.2827453613281,3108800
2024-08-05,265.82733954060603,269.8463256380851,262.440289396819,265.9458312988281,2632600
2024-08-06,267.63437792463816,270.6362994811825,265.3335827741026,265.6001892089844,2763600
2024-08-07,266.6172948938485,267.6343892948859,259.6161258404571,260.0111083984375,2805300
2024-08-08,261.7687810755902,266.08402612797,260.1493437039469,265.2743225097656,2265100
2024-08-09,265.0472055499303,267.00240979613676,263.3684920939236,264.7509460449219,2017800
2024-08-12,264.8793350968392,264.91884239315186,260.9689565485334,263.8523864746094,2099800
2024-08-13,264.7015944089293,266.86415929469877,263.7832531931195,265.34344482421875,1858000
2024-08-14,265.11632613553536,265.66930769581546,262.4797642995425,264.7213134765625,1357700
2024-08-15,266.61727705414086,267.30851908578285,263.63512428540525,265.9556579589844,1653500
2024-08-16,265.5113414285214,266.33092951304985,263.39813795609894,265.9458312988281,1746500
2024-08-19,266.6173208947038,268.8588704846505,265.8372099253298,267.87139892578125,1603000
2024-08-20,268.43426841215205,270.27098120568496,267.683780374446,268.25653076171875,1409500
2024-08-21,268.60209376304664,270.32028428288476,266.34077591510686,267.7034912109375,1455100
2024-08-22,268.819386156121,268.819386156121,263.90176707531106,264.4744873046875,1662800
2024-08-23,265.8767220070482,267.3381907891442,262.98343751998647,266.1038513183594,1464000
2024-08-26,266.5482000332004,266.94318264359976,264.03015952356776,264.7115173339844,1252200
2024-08-27,265.3040032096622,266.1729528882662,263.8227958365828,265.4521179199219,1552500
2024-08-28,264.67197403298115,265.60019961554985,261.8872972852749,262.7266540527344,1693000
2024-08-29,263.6845059400265,265.1755975058941,261.689824415444,263.67462158203125,1904000
2024-08-30,264.93858775893057,265.9359436035156,262.262548468533,265.9359436035156,4600100
2024-09-03,263.70426354816215,265.82735147415923,259.3001489035127,260.91961669921875,2325500
2024-09-04,258.9545196643994,261.79844244060644,257.80904909424726,261.17633056640625,1732800
2024-09-05,261.01831072118443,262.627893979203,258.3126486370471,261.3935546875,1764100
2024-09-06,262.1934256666148,266.7259163016863,261.7490815662582,262.86492919921875,3324700
2024-09-09,264.267138882084,269.7574784449315,262.94393058379615,269.6686096191406,3223900
2024-09-10,269.5797155639981,271.58428147432085,267.0419066135941,271.2781677246094,2267600
2024-09-11,270.34994641382565,270.34994641382565,264.9682146777781,268.572509765625,2536300
2024-09-12,268.3749536067568,269.6092927542849,264.2078234392923,269.0760498046875,2606500
2024-09-13,269.4809334892831,271.46576060572727,267.9108576118104,270.81402587890625,2248500
2024-09-16,273.2235121987662,274.79358838507017,272.048418614982,272.57177734375,1904500
2024-09-17,272.44335514250173,272.9667137827605,267.6639971492316,269.05633544921875,2158500
2024-09-18,268.27625481645845,272.4137628882941,264.68187416074466,268.4934997558594,2477900
2024-09-19,271.9891487112733,274.80344847545535,270.17220479194845,272.96673583984375,3294000
2024-09-20,271.8311796881667,271.8311796881667,266.8740831259057,269.2143859863281,9267300
2024-09-23,270.3005640229546,271.46577307203677,268.4243442072029,269.7278137207031,1954600
2024-09-24,269.125503093062,272.27553972986664,267.6442957767679,270.76470947265625,2834400
2024-09-25,272.7100117488915,272.7494889106995,263.51662455046664,264.52386474609375,2535400
2024-09-26,269.4315490739909,276.39320965497564,267.5158523494062,273.4604187011719,2713500
2024-09-27,274.2808576098097,276.3565774387361,272.20516794552987,272.25457763671875,1337400
2024-09-30,272.5412536037746,275.1111610396603,270.5742470073772,274.80474853515625,1500600
2024-10-01,275.39777914797116,275.39777914797116,269.8625366271513,271.3847351074219,1367200
2024-10-02,271.3155581746933,272.4127368909791,267.89558095762743,270.7422790527344,1111700
2024-10-03,269.7044142408402,270.1393281420893,266.4524841508099,267.3914794921875,1332000
2024-10-04,268.41943954110155,269.40787466392624,265.5430897139242,266.9071350097656,1132700
2024-10-07,265.3948638868828,267.37173438138467,264.37677678880027,265.6815185546875,1153200
2024-10-08,263.89244028602525,267.22346208028284,263.41798053123586,265.7012634277344,1431900
2024-10-09,266.6600212845838,267.35193792358984,263.7342618213738,266.11639404296875,1508000
2024-10-10,265.2663394084859,266.0076657794518,262.42953532193326,263.3685607910156,1531700
2024-10-11,264.54481138015296,269.0026336197391,264.03080577083017,267.20367431640625,1747200
2024-10-14,267.27287564413905,269.1607905213052,265.7605709743718,268.4194641113281,1901400
2024-10-15,269.2299707788964,272.3336414619232,268.66655550430903,269.5264892578125,1905400
2024-10-16,267.8659517395748,268.6764758810334,263.2202940162389,264.9302978515625,2820000
2024-10-17,274.29074572826295,276.1786604267267,267.83626560293686,268.8345947265625,3222100
2024-10-18,269.3782673496538,272.32381536189337,268.17237509386723,271.2068786621094,1949800
2024-10-21,269.94162742719953,271.0387758912225,267.16412725480575,268.94329833984375,2359600
2024-10-22,260.97649708585254,266.12623509319945,257.5960360455039,258.25830078125,4496400
2024-10-23,255.45118237056158,257.8629665477638,251.26021190834763,253.03939819335938,4717000
2024-10-24,252.29809833342028,252.7428911808144,244.9540316429958,245.13194274902344,3989300
2024-10-25,247.40531356506406,247.48439018454684,242.0578759458342,242.55209350585938,3226900
2024-10-28,243.27365374280558,244.48943983383555,240.21939275595395,241.29678344726562,2031600
2024-10-29,240.36763958475325,242.10729500769514,238.9640635572668,239.88331604003906,3547200
2024-10-30,239.339682475849,241.59331337226325,238.31171657386062,239.51760864257812,2553300
2024-10-31,241.0694353805412,245.62612178434037,239.53735796260491,242.8189697265625,4948800
2024-11-01,246.0808180668144,250.0246646063193,244.41036027399255,244.89468383789062,2638500
2024-11-04,245.90291352222636,248.5618066847371,243.14518588683012,244.3214111328125,1836200
2024-11-05,242.81899099194627,247.91932016263007,242.4829266490461,247.17799377441406,1697300
2024-11-06,249.15485194271795,250.0147856845968,242.3148675299309,244.89468383789062,2930300
2024-11-07,246.81226388399222,247.1483282287765,242.89806897836837,243.25390625,2528000
2024-11-08,244.19289942490045,244.27197604438325,241.296776680345,242.55209350585938,2941100
2024-11-11,242.16662070734037,243.3033151389554,238.6378998518036,240.43685913085938,3475300
2024-11-12,241.68227623180866,241.68227623180866,236.52264347529538,236.82907104492188,3077000
2024-11-13,236.82906751600052,239.26060953420807,236.20634854635847,238.7367401123047,2133700
2024-11-14,237.80763149873508,238.15358986672248,234.56556510821122,236.61163330078125,3154300
2024-11-15,233.41894180835942,234.68413752422478,226.35163690728376,227.83428955078125,5435800
2024-11-18,227.34011035992594,228.06166387845207,225.61034865066566,227.3994140625,3932700
2024-11-19,227.0040333335465,229.22801255002312,226.08478074792748,228.17037963867188,2608200
2024-11-20,226.8458783465417,231.0269550185056,226.2429322713908,230.4042510986328,2662100
2024-11-21,231.2147741455935,232.46019714321318,227.71571996238097,232.3317108154297,2537000
2024-11-22,231.778185558273,234.1899548820148,231.778185558273,233.11256408691406,2330100
2024-11-25,233.43874267062245,236.61162634365093,232.72706810998662,234.9312744140625,4460500
2024-11-26,234.75335268641564,235.3464198208687,230.4536536674402,233.843994140625,2377700
2024-11-27,234.50624849739293,238.16345567878,232.94451908951245,236.06797790527344,2271400
2024-11-29,236.75989178581727,238.81583889450724,235.54412066389824,236.9180450439453,1931400
2024-12-02,236.64126388484917,238.78616635956683,235.44525071205456,238.49951171875,2520200
2024-12-03,237.87681815822233,238.875132277675,236.1075107092792,238.08438110351562,3035300
2024-12-04,236.19646637232253,236.7005628612726,231.48162655778728,233.52767944335938,4167500
2024-12-05,232.28225807315647,233.02358442870909,224.57246095894448,225.23471069335938,5335700
2024-12-06,225.8080095487624,228.33840114814035,225.37309566468366,227.4586944580078,3099500
2024-12-09,226.9249360743878,233.59687311718525,226.63828144422604,233.18173217773438,2625300
2024-12-10,234.18992615809003,234.44692894243326,231.19496894575576,231.6298828125,2753300
2024-12-11,233.07301067165804,234.97080434395895,231.6298887208616,232.67762756347656,3370000
2024-12-12,231.49152184215222,233.6858492023937,230.71066466693892,231.78805541992188,3996800
2024-12-13,231.42231769342814,232.77646897107792,229.31694607766488,232.17352294921875,2417900
2024-12-16,232.05494423238162,234.09111840233024,230.97753836418303,231.4717559814453,4474400
2024-12-17,231.42232125990182,235.2080296086288,230.56237244287826,230.82925415039062,3211100
2024-12-18,228.21980307364072,231.62002258001132,225.45218149294436,225.65975952148438,5221600
2024-12-19,225.46209199086374,228.39774596068986,223.22821861934636,223.54452514648438,4550000
2024-12-20,224.33525205636587,228.14071839852767,222.8130534536422,225.9068603515625,7073600
2024-12-23,225.30390408733703,226.9743618564328,224.13754280074772,226.50979614257812,2798800
2024-12-24,225.88709356229782,228.32852969681068,225.36322411633262,228.0814208984375,988300
2024-12-26,226.67784007331147,228.81286366711976,226.51968682584632,228.60528564453125,1512400
2024-12-27,227.01202026244758,229.72350325757816,227.01202026244758,228.6943359375,2130400
2024-12-30,227.08132615396752,228.15997614130555,225.21100077135347,227.2594451904297,2008000
2024-12-31,228.0610382005905,229.5850009595322,226.28966271135144,227.16050720214844,2077900
2025-01-02,228.44696819903356,229.43655867838837,226.19070311410084,227.41778564453125,2760600
2025-01-03,227.6849711820084,233.47406621980585,227.17037992310915,232.39541625976562,2381100
2025-01-06,231.7125693579448,237.72928036669038,231.26725673014892,235.7204132080078,3674500
2025-01-07,235.5225284431862,240.61891324977012,235.5225284431862,236.611083984375,2989300
2025-01-08,236.12617878838353,236.89805813436172,233.04855187302616,235.61158752441406,2527700
2025-01-10,233.0980307986841,236.2251402081986,232.05895781831325,232.62303161621094,2863300
2025-01-13,232.603226388226,238.4615997404095,231.57404391692484,237.38294982910156,3301800
2025-01-14,238.6595335892704,239.62932802900045,229.63447326862615,235.146484375,4137600
2025-01-15,236.49230923577096,239.17410586002723,230.53498590800436,235.49282836914062,4128600
2025-01-16,235.24546158882384,239.58976340393994,232.15794397260012,239.38194274902344,3148900
2025-01-17,239.64912144075242,240.51996588318607,235.69075957507548,235.8787841796875,3075300
2025-01-21,237.45222407812125,241.94497315099542,236.51211617607285,241.5689239501953,2338100
2025-01-22,240.90591155314405,243.68665841695525,239.97569407558032,241.63819885253906,2049900
2025-01-23,242.3803561200235,243.29079252600766,239.2829486060037,243.10276794433594,2512100
2025-01-24,243.04341793993646,244.9533202398705,242.46945367312964,243.2413330078125,1911300
2025-01-27,244.94342582348133,248.1496891312698,243.89446239068874,247.98146057128906,2748500
2025-01-28,254.9877926637441,255.5419609174084,244.61687354534595,245.26010131835938,4273700
2025-01-29,232.57354638887463,233.28605270433326,220.67866522797237,221.40106201171875,11407400
2025-01-30,222.65785490073682,226.60632629695934,219.03595017036298,220.75784301757812,6668000
2025-01-31,220.97553966879335,225.1318163349875,220.05521274344932,220.42137145996094,4785800
2025-02-03,215.73070608114676,217.65051386318217,211.80203100552612,212.02963256835938,5787800
2025-02-04,208.308787873304,212.91037738491883,207.85356962637167,212.77183532714844,7520600
2025-02-05,214.10779264367656,214.186961692513,208.73430859103843,209.9218292236328,5112600
2025-02-06,210.78276391090307,212.0791249724849,206.9233672313884,207.82388305664062,4367100
2025-02-07,208.18013384691398,208.59576001535964,203.64780786726587,204.6077117919922,5230600
2025-02-10,203.70718095129178,204.82540778631198,200.88684239492954,201.3816375732422,7038700
2025-02-11,200.14467180131516,200.985829737618,197.67069563566233,199.52122497558594,6509700
2025-02-12,197.38372149434804,201.82697303401926,194.75140722410472,200.0753936767578,7207800
2025-02-13,200.5207048101143,203.5092569048078,199.1550652450213,201.470703125,7198800
2025-02-14,201.97540054402046,204.99363909236624,201.80715689317464,204.15249633789062,4791700
2025-02-18,203.30147090341836,205.1124232962732,200.66915659905328,202.40093994140625,5589000
2025-02-19,201.3420706375457,203.43999746616467,199.1154922241695,202.8462371826172,4572700
2025-02-20,204.4196995898402,208.86295089607495,203.5191686868128,205.7853240966797,4718400
2025-02-21,208.41762937448422,211.41608700118059,207.22021837737788,208.0415802001953,6217000
2025-02-24,207.42805125863944,210.48588207252538,205.7853275159224,208.94212341308594,4878100
2025-02-25,208.7046162105402,209.93171378303606,207.26971310315616,208.2197265625,5209500
2025-02-26,207.88328878152072,209.79319124630442,206.09211724776858,207.2598419189453,4746900
2025-02-27,205.77544709607818,207.8041106027195,202.024890716004,203.56866455078125,4494000
2025-02-28,204.89471974492676,205.9337928086806,202.8066831482234,205.59732055664062,3819000
2025-03-03,207.27960326566503,207.30928976844265,202.72748157372376,203.54884338378906,3223000
2025-03-04,203.53895437184536,206.09209951804388,200.28320846949384,203.76657104492188,5652400
2025-03-05,203.30145087047447,209.62493281916406,202.8066556785584,208.36814880371094,5137100
2025-03-06,208.52649242096226,213.89996109974342,207.47752900226507,212.57391357421875,5829400
2025-03-07,211.11922629466295,212.89060168395568,207.59628665332707,209.86245727539062,5937300
2025-03-10,207.0124280021635,209.0212954013662,202.60875353346674,203.09364318847656,5709600
2025-03-11,203.03427382447447,205.70616505909467,200.54050162551792,203.46969604492188,4400800
2025-03-12,203.38063001848082,206.5770028890896,201.76759278070364,202.8264617919922,3316400
2025-03-13,201.93582863065336,204.66710798828515,201.10457626091858,201.96551513671875,2456200
2025-03-14,203.98426769977198,209.71398929527598,202.97488129488215,208.54627990722656,4183000
2025-03-17,209.1697404373959,211.5546571810288,208.65516424620213,210.38694763183594,3156900
2025-03-18,211.37651960960358,211.37651960960358,208.3384697742732,210.56504821777344,2467000
2025-03-19,209.77335513029428,210.1889812592875,206.47801750047273,208.07125854492188,4125300
2025-03-20,208.05149564016654,209.44680665843808,205.34001244943008,208.06138610839844,2651200
2025-03-21,208.53638900680244,210.34734132237782,206.2207510032608,209.1598358154297,6457700
2025-03-24,210.78276919913085,213.1478898082122,209.06087635278897,210.58485412597656,3615100
2025-03-25,210.63432312222406,211.9603706370199,208.18012805310644,210.18899536132812,3077200
2025-03-26,208.8629543037561,211.54475102027592,206.4186647270602,208.2197265625,2669300
2025-03-27,207.96244379850188,210.01090344317535,205.56763652836858,207.92286682128906,2989700
2025-03-28,208.20035646995606,208.42830520509509,203.5223638845018,204.01791381835938,2389900
2025-03-31,202.64028879135574,204.2954237816901,197.37753570778523,203.17547607421875,3809500
2025-04-01,203.17547744537154,203.22503546446725,198.00193480985067,198.60650634765625,3020000
2025-04-02,197.46675103082072,203.6512047754195,197.46675103082072,203.3340606689453,2974500
2025-04-03,200.4995206803041,202.75922733134033,195.74223794860185,196.138671875,5413100
2025-04-04,193.72038087345024,193.72038087345024,179.5872875133342,180.1522216796875,7117800
2025-04-07,174.8498348007948,185.68256409206742,170.38988544828382,179.012451171875,8557900
2025-04-08,183.39312671254396,184.8401392827583,170.34034228411755,173.085693359375,5664500
2025-04-09,170.52866025150658,191.1435428736896,169.47809669169192,190.1821746826172,8180400
2025-04-10,190.73715874178635,190.73715874178635,173.94792524742715,179.1511993408203,6293500
2025-04-11,179.52781854111402,188.40807947119237,177.18882239029296,187.05026245117188,4764000
2025-04-14,191.1732584113035,192.22382188180796,188.69550867030833,191.25254821777344,4039300
2025-04-15,190.48939710621804,193.25457428666556,186.88179408743207,188.2296905517578,3505100
2025-04-16,190.74708703302,194.20601588970672,187.44672266156567,188.96310424804688,3620300
2025-04-17,187.30795446556084,188.05127930690674,184.17607550450754,185.16717529296875,3667700
2025-04-21,183.6309715899024,183.98776812642743,180.3207018539653,183.31382751464844,4857600
2025-04-22,196.47563400912,197.8631677096785,190.112774971445,190.3605499267578,6687700
2025-04-23,198.2398077457527,203.2845026457465,194.26548743770368,194.5628204345703,6494100
2025-04-24,194.94933083025342,195.18720023042545,191.53003948881428,194.75111389160156,4453400
2025-04-25,194.8997773873036,196.51527496503354,192.22381084526646,195.3854217529297,2608700
2025-04-28,197.06040716766375,197.6649787491223,192.56080487340253,194.16639709472656,2715100
2025-04-29,194.6123811878047,197.70460810348425,193.31404271033628,197.1595001220703,3719900
2025-04-30,197.02073632252294,198.1803364775854,195.14755817485997,197.55593872070312,3729600
2025-05-01,196.6144093637942,198.53714565169142,194.53309345724915,194.9592742919922,3687500
2025-05-02,199.11195276303886,201.01487777320304,196.3170590647678,197.27842712402344,3159100
2025-05-05,196.41616888676432,198.4181948984454,194.26548394081814,195.6431121826172,1915600
2025-05-06,194.09699743438392,195.83142222943,188.19995615582403,188.35853576660156,4479800
2025-05-07,189.95420962799295,192.25355352192733,187.98191539139384,191.37147521972656,2902600
2025-05-08,192.08508468825164,196.00984726284102,190.90567329247142,193.0861053466797,3612600
2025-05-09,192.59054191983955,193.82941680830191,187.63504236599005,188.0413818359375,4535800
2025-05-12,192.01570760195378,199.16152969237237,190.80656446668726,199.0426025390625,7207100
2025-05-13,199.13179137506143,199.9246743247621,194.61237822164725,194.8601531982422,2648300
2025-05-14,195.54399857515926,195.8710633322978,185.79157992278198,186.14837646484375,4489200
2025-05-15,185.0284387601603,189.50821444598037,178.58628954909844,189.25051879882812,6579400
2025-05-16,189.94429640255288,194.66194176960295,187.82334314758845,194.36460876464844,3868600
2025-05-19,192.49143025472299,194.75113689280064,191.95622782187127,194.6619415283203,2724500
2025-05-20,193.91860531741887,196.39635500677673,193.70056213491665,196.00982666015625,2873100
2025-05-21,193.9978833429211,193.9978833429211,184.79055758745395,185.14735412597656,5613100
2025-05-22,184.03733923515313,186.7331321200314,182.67953723818295,185.8114013671875,3104400
2025-05-23,182.71919227107688,184.33469007211502,181.42085372154938,182.8975830078125,2814200
2025-05-27,185.93036741101594,188.4675810099217,185.32579580166842,187.4962921142578,2990600
2025-05-28,187.12957234843142,189.5974165786419,186.8917180477742,187.32778930664062,2879200
2025-05-29,189.74606918111093,190.7768215261582,186.95117538081558,188.77479553222656,2814500
2025-05-30,188.30898542628913,189.29017979462688,186.10874238673264,188.20986938476562,6514200
2025-06-02,186.54483190726862,188.55676357552875,185.33568877069055,187.54583740234375,3027700
2025-06-03,186.49526891394876,191.24264596862287,184.34458391634948,190.35064697265625,3525700
2025-06-04,191.2822824581381,193.9186118458857,190.34074056908094,191.361572265625,2596800
2025-06-05,192.17427477066235,192.9175997351538,188.19006384953747,190.43984985351562,3096500
2025-06-06,192.6103350662414,194.8997732269243,191.18314890815776,194.275390625,2802200
2025-06-09,195.75214741463031,198.50740409020366,193.601462318833,197.42710876464844,4119400
2025-06-10,198.9831398283071,201.6591066503179,196.25761498453986,200.81666564941406,4626200
2025-06-11,201.26265575830882,205.15767094770408,200.8662067406583,202.89796447753906,4491400
2025-06-12,201.72848375100236,203.93864760016612,200.9256951849861,203.2746124267578,3661200
2025-06-13,201.7383750584685,202.4519681516989,198.6461332801423,198.88400268554688,3391400
2025-06-16,200.15261915250636,200.58870552245827,195.6926696610631,199.32009887695312,3143400
2025-06-17,197.22887178033704,198.49747838898494,193.63117445574295,194.00779724121094,2968600
2025-06-18,193.660920119425,195.24668605536294,191.40121349065348,192.70947265625,3236300
2025-06-20,194.78085848101523,194.8502427317453,192.49142017466676,194.64210510253906,6590900
2025-06-23,193.51226450257232,195.24668940848528,191.1633624693483,194.59255981445312,3943100
2025-06-24,195.59358200013102,196.96128965322418,194.20603299053394,195.71250915527344,2739800
2025-06-25,195.1475742408839,199.57779223028922,193.95825732465767,199.21109008789062,4379600
2025-06-26,200.18235324612377,203.7800507167018,198.81464566994927,199.6669921875,5685500
2025-06-27,200.57031524433776,202.00969332213845,196.25216586389243,197.3441162109375,5619700
2025-06-30,197.46323663141476,198.98203068823696,194.58448041644235,196.0933380126953,4537400
2025-07-01,195.5473720614554,203.53840670354774,194.94183871974343,199.6272735595703,3976000
2025-07-02,200.69934976398486,201.91041644009775,197.84045142682132,201.0170135498047,3503600
2025-07-03,201.81115726445478,202.80383387161191,200.87803883020018,201.71188354492188,1390700
2025-07-07,200.57033616981948,201.01703766856286,197.20516266362014,198.16806030273438,2388400
2025-07-08,197.72134258028262,203.1115850670993,197.5228102649272,199.21035766601562,4225600
2025-07-09,199.51807559507162,200.73906357378533,195.6764068471494,199.48829650878906,2050700
2025-07-10,199.9350091590005,206.62564013432205,199.12100702952748,204.00497436523438,3088200
2025-07-11,204.00496278405438,204.30276879371254,202.01960958239033,203.3498077392578,2369000
2025-07-14,198.53534143884323,198.59489961774779,193.46276285919902,196.30181884765625,4925400
2025-07-15,197.94966734775264,198.53534297423593,190.9711512539718,191.4476318359375,4521900
2025-07-16,191.97375194313716,192.85723362573268,189.75015061807838,191.88441467285156,2662400
2025-07-17,192.4601553669174,193.66128564116997,191.01084078103494,193.3634796142578,3064800
2025-07-18,194.2271355281506,194.76317430565737,187.69532072954323,188.65821838378906,4240300
2025-07-21,188.49938226468194,188.93616244619028,186.1765223688909,186.69271850585938,5898600
2025-07-22,185.38237923252416,194.8922241186974,184.14153332065987,188.5192413330078,7053300
2025-07-23,199.05154052418885,200.25267087538884,193.38334977722297,196.4407958984375,6374400
2025-07-24,196.55991666486727,203.18106873099416,196.55991666486727,201.32476806640625,7411400
2025-07-25,202.03948792845327,204.8785439018043,201.17586404484376,203.97520446777344,5355700
2025-07-28,202.70457883285812,204.53110032306486,200.74900452477397,201.4538116455078,5160200
2025-07-29,201.6126370605155,206.01018742330484,200.52068666835544,205.33517456054688,4973300
2025-07-30,205.4245020060963,205.95061940252248,201.59276965000333,202.49610900878906,5692900
2025-07-31,200.02433837176744,202.52588768835815,195.35876130019687,195.71612548828125,6060700
2025-08-01,193.8995466374842,195.71614686305617,190.85202181917884,195.6466522216797,5736500
2025-08-04,194.5646318962155,196.24225793150077,192.57927850951944,196.01394653320312,3176900
2025-08-05,195.93451997455995,199.18056168023463,195.0609596846435,197.5823516845703,4001100
2025-08-06,197.14559631408284,197.59229779431584,192.72817293443373,193.74070739746094,5123000
2025-08-07,195.65657228479677,197.6220677956664,194.11792045959777,197.03639221191406,2670100
2025-08-08,197.0363994509121,199.26992197847244,195.8054749161208,199.0912322998047,2963100
2025-08-11,199.36918125768287,200.719222151627,197.70149170183407,198.29708862304688,2566300
2025-08-12,198.70408155058632,204.37227183936798,198.19782191625717,204.21343994140625,2830000
2025-08-13,204.5310796649247,207.7870728428811,204.5310796649247,207.60838317871094,3241300
2025-08-14,207.21133894711733,208.92866538978575,205.64290795001045,208.6804962158203,2634500
2025-08-15,210.46732885226265,210.84453571740835,208.2933643454495,209.3852996826172,3210200
2025-08-18,209.45478697522407,210.59635913925695,207.17162750011363,207.47935485839844,2859900
2025-08-19,208.21392608648225,211.49968335471337,207.34036579267695,210.64598083496094,4851300
2025-08-20,210.6459661888348,212.44270836608564,209.24628858277305,209.85182189941406,3302500
2025-08-21,208.77976640770743,209.16690970665394,202.3968474849735,202.40676879882812,3172700
2025-08-22,205.36494934591113,211.01328188447337,204.12410353856595,210.24891662597656,3364900
2025-08-25,209.75258803639403,210.17943174334712,205.7719448076051,206.20872497558594,1985800
2025-08-26,206.25834170815847,207.82677254598588,204.16379348671686,204.7395477294922,3670600
2025-08-27,204.13403072748335,205.8712149077663,202.30750928179066,203.49871826171875,2503200
2025-08-28,202.9726035686292,204.17373387853667,200.5405487128993,203.78659057617188,2519900
2025-08-29,203.83621792925805,206.1789354090676,203.2009054845831,204.31271362304688,1979800
2025-09-02,203.06192688377917,204.49138363954364,199.21033675264076,202.2975616455078,2389000
2025-09-03,201.29498300307137,202.5457502107068,197.2250024138224,197.9794464111328,3468200
2025-09-04,197.44339590827252,198.32687759374673,190.7726070584051,197.57244873046875,3673600
2025-09-05,197.96950318532058,202.38692653260415,197.17537395829999,198.74380493164062,2837600
2025-09-08,194.23705472414449,197.49303319990105,192.91679285027902,197.17538452148438,3502100
2025-09-09,197.17537308969278,197.69155405557345,191.9737418521754,192.9068603515625,3345100
2025-09-10,192.6289259224102,195.4878246558225,190.96122110979502,191.1796112060547,5509500
2025-09-11,193.27413601321572,194.78300872559888,192.05314800465783,193.73077392578125,3426200
2025-09-12,193.57196524127394,193.57196524127394,187.47693063391768,188.65821838378906,3899900
2025-09-15,189.66080547491578,190.1670802796082,185.67024095031547,187.1592559814453,4675400
2025-09-16,187.61588315999128,190.66340768613384,186.38495868526527,189.0751190185547,4817600
2025-09-17,189.8097121813043,194.89221186981334,189.33321647522365,191.52703857421875,4419300
2025-09-18,192.48000371674678,194.7135262644261,191.8844067922588,193.83998107910156,2871800
2025-09-19,194.73339507121617,195.0609802144125,191.2590264668882,191.87448120117188,5934200
2025-09-22,190.49462707932045,191.67591461714835,188.83685903067743,189.065185546875,2949600
2025-09-23,188.60857570963583,189.4622782897823,187.03022336925116,188.33062744140625,3461200
2025-09-24,187.25854149404466,187.79458027428737,184.0919002383569,184.5485382080078,5522100
2025-09-25,183.07933909895704,183.7245879808183,178.71156809316452,180.131103515625,7433800
2025-09-26,180.73771497813132,184.0690626992439,180.33994891014902,183.8105010986328,4847900
2025-09-29,184.81489027789635,185.7595960943488,182.4282482863392,185.02371215820312,3513100
2025-09-30,185.3419247755254,197.26513440027063,184.62593374328054,197.15574645996094,7731200
2025-10-01,197.60325982040877,211.94294352285547,197.52370357223867,211.6943359375,11404100
2025-10-02,209.7651419431096,214.9560696207944,208.8303749796778,209.15853881835938,6798100
2025-10-03,210.1529685427293,218.69512164232583,209.04915024277912,213.79258728027344,5927300
2025-10-06,213.81246124374317,214.0809616833326,209.46680552772813,210.53085327148438,3849500
2025-10-07,211.32636768845356,212.7683036949315,207.2989373012059,207.60720825195312,4008700
2025-10-08,205.74763305804478,208.71104642204295,203.7587723608233,203.81845092773438,5089500
2025-10-09,203.66927406021642,206.036023108214,202.42623614405005,203.3411102294922,2572600
2025-10-10,203.76873360795824,205.31010373777374,201.01415719587274,201.33238220214844,3585500
2025-10-13,202.42623478707952,205.5984699556793,201.72019775275947,203.9974365234375,2229700
2025-10-14,201.75002437709693,206.205067878118,201.20308467663847,205.00180053710938,2254100
2025-10-15,205.82717573322628,208.35303714945576,203.30132949079876,204.95208740234375,3081000
2025-10-16,208.43259913840475,210.41150574495313,204.3355359411934,209.7452392578125,5818300
2025-10-17,209.28781091144762,211.45566171617338,207.4878792940989,207.89559936523438,4147000
2025-10-20,209.07898065372405,210.38168198171286,206.58296594297158,207.22933959960938,4971500
2025-10-21,222.255165141813,233.68117439623592,219.50058904776677,219.54037475585938,10741300
2025-10-22,221.26074114476035,221.72812459838605,214.08095318449585,216.88525390625,4498800
2025-10-23,216.38803906270508,222.56344272019052,216.38803906270508,221.4894561767578,3664000
2025-10-24,222.22534317985836,223.7965448946879,220.94251957922174,221.7678985595703,3955300
2025-10-27,221.81763804733004,223.1899568268048,218.15814153380188,219.779052734375,3454900
2025-10-28,219.34149758667184,220.39559127221273,215.025658571624,215.69192504882812,2251700
2025-10-29,214.2699139633747,217.34270017823528,211.52529159288807,212.8180389404297,3030400
2025-10-30,212.80809424645386,216.27866161986464,211.62471970577963,213.8522491455078,2897200
2025-10-31,211.87333415876824,216.53721506489768,211.82360960504894,214.180419921875,4042500
2025-11-03,211.79376550771076,214.18040738227725,210.02368075032024,212.8677520751953,3883300
2025-11-04,210.92861671407633,214.90633801165066,209.83473728772233,212.6390380859375,3079900
2025-11-05,211.39597998355302,212.4500735988931,207.73646884903906,211.02804565429688,2935400
2025-11-06,209.82480690754457,211.31645245428066,208.303329663778,209.49664306640625,2845700
2025-11-07,208.4624352018694,210.08334632367018,206.59290132344591,208.7707061767578,3028000
2025-11-10,207.70664282445432,210.5606679788619,206.56305409897286,209.99383544921875,2255200
2025-11-11,209.83472870575656,215.3836515097854,209.70546308705792,214.58810424804688,2843000
2025-11-12,214.42900260560577,219.1525463579243,214.23010441383525,218.17799377441406,4324100
2025-11-13,216.54714428044252,225.34785881444583,216.32836839284496,219.96798706054688,6520000
2025-11-14,217.9393657359186,222.11597029741486,216.12949516078166,219.9779510498047,4552300
2025-11-17,218.26751348167014,222.88166949783815,216.98468988868893,219.21221923828125,3991200
2025-11-18,217.91945124855962,225.63622476928367,216.646581702333,224.25396728515625,5311300
2025-11-19,223.7468202566682,225.12907778374617,219.42104232885166,221.17124938964844,4483400
2025-11-20,221.73806742850005,223.78659144994703,220.10720231856925,220.94252014160156,2987200
2025-11-21,221.5093486673237,227.27704742495945,220.8132504941509,226.12350463867188,3181300
2025-11-24,226.23288251626298,226.27265304990308,222.84187171243872,225.7157745361328,4393800
2025-11-25,225.8748934004375,231.05588184048565,224.91029481404428,229.48468017578125,2957500
2025-11-26,228.29136398115205,229.66366743324554,226.2030543481639,227.1875457763672,4135300
2025-11-28,227.00853685845019,227.17758818054259,225.29811561000756,225.5168914794922,1461500
2025-12-01,225.298121010717,226.17322450963297,222.50377436162623,222.8916015625,3881300
2025-12-02,224.60202728582632,227.04833249072408,222.71261579274264,225.3279571533203,2737100
2025-12-03,226.73010117646822,229.36533531798983,226.33233513866176,227.1875457763672,3761000
2025-12-04,226.43177709948304,227.60521274813163,222.52367328968202,225.86495971679688,4089300
2025-12-05,226.75993760593894,227.20742820126637,223.74681504391833,224.98985290527344,3179600
2025-12-08,223.61753301419301,225.49700564321702,222.01649965066875,223.22970581054688,2945900
2025-12-09,224.08491228456612,225.5268331341277,221.94689328423013,221.98666381835938,3369200
2025-12-10,222.86177445145904,229.19629058727296,222.02645664375214,229.13662719726562,3914000
2025-12-11,228.9775265049132,231.39400014132121,228.3311528481299,231.07577514648438,5781800
2025-12-12,231.17521368308473,231.5232703585514,225.0694122314453,225.0694122314453,4858300
2025-12-15,226.58095104814205,227.50576394830318,223.07061328563836,227.2571563720703,4826600
2025-12-16,226.96877810246633,226.96877810246633,221.44968687917,223.448486328125,2992100
2025-12-17,224.3335351957874,225.40752177636045,221.38007589266212,221.39002990722656,5088700
2025-12-18,222.42422809967283,226.25279090543043,222.12589596858223,223.10044860839844,3502400
2025-12-19,223.38882449205968,224.7313114816468,222.15572544365227,223.58770751953125,6318100
2025-12-22,223.87610227282525,227.38644008029868,222.87171794074425,226.74005126953125,2576100
2025-12-23,225.79535066775978,229.93218452561604,224.79098148650544,229.5443572998047,1868500
2025-12-24,229.45485625182405,230.43933255203788,228.5101353139185,230.1807861328125,785800
2025-12-26,230.56914914128356,230.56914914128356,228.2688373720541,229.35427856445312,1140700
2025-12-29,228.99579024234836,230.6786913516025,228.70699769589461,229.66297912597656,1666400
2025-12-30,229.09534645412938,230.11107380640243,227.90038114282436,229.70278930664062,1375900
2025-12-31,229.9318223218881,230.2803608378363,227.91033539692873,227.9601287841797,1270300
2026-01-02,227.85059994133388,231.1268135192856,226.27722303929522,229.43392944335938,2338300
2026-01-05,228.31861512033123,234.6419952986255,228.31861512033123,234.3731231689453,3191700
2026-01-06,234.34326532297808,239.43183974831584,233.8354092183641,235.5979766845703,2663400
2026-01-07,235.85689186455986,237.12155580269746,232.12261564881197,234.58226013183594,2653300
2026-01-08,232.57071614061243,236.70330890393024,232.34168479672852,234.01463317871094,2533900
2026-01-09,236.20542152883488,237.49997369063877,232.99892171667213,237.37051391601562,2536100
2026-01-12,237.29084935469578,239.73058872233986,235.00050535253015,237.9978790283203,3615800
2026-01-13,238.993666138521,240.2483774156173,227.18339519571677,234.57228088378906,4249900
2026-01-14,235.13990968519997,238.2766956294338,234.4030070416096,236.9522705078125,3136000
2026-01-15,235.2195775574769,239.21275814718973,234.08435818815647,238.88414001464844,2861700
2026-01-16,237.49000566346024,239.41190578901862,234.76148914242685,235.00048828125,3904400
2026-01-20,232.5109836462147,237.80866902469796,230.1310055061342,233.3474578857422,4326400
2026-01-21,234.35322334218205,241.204380586963,233.3076229192719,241.03509521484375,5042900
2026-01-22,241.3138993717444,241.7819298525778,238.485811288059,239.07333374023438,2955100
2026-01-23,238.63518843179864,239.78036040176158,232.59064785425468,234.02459716796875,3066600
2026-01-26,235.00050125925097,237.67920934680305,234.21380521393428,235.7174835205078,4471000
2026-01-27,233.03876323571126,236.27513605294394,232.02303582006397,234.76150512695312,4299300
2026-01-28,228.03980135711757,234.16400828507295,222.15457838276274,223.59849548339844,7764000
2026-01-29,222.3836097156825,222.74208562155607,217.52406706084798,218.69911193847656,7444900
2026-01-30,218.45016631019848,220.07333650513152,216.39880641919325,217.97218322753906,5627900
2026-02-02,218.52984503288985,223.1603567404981,215.9307881322402,222.4832000732422,4782600
2026-02-03,220.59115600566483,225.08223980240624,215.25363023813074,215.69178771972656,4210700
2026-02-04,216.48843852925896,219.70490612122902,215.74158326957456,218.60951232910156,3938500
2026-02-05,218.16139118156158,219.07753176374203,214.03875096434533,214.84535217285156,4141900
2026-02-06,216.0403224372564,217.48423952708245,213.50101158559883,215.70175170898438,4311100
2026-02-09,213.74000680961575,216.9166334658202,211.94755122988192,215.7515411376953,3559600
2026-02-10,216.43865210151424,219.9339291137517,213.93916686950197,218.82858276367188,4420700
2026-02-11,217.23528857423776,219.73477384132622,215.32334097871887,219.0576171875,4539000
2026-02-12,218.00206489843535,218.679221554399,207.67555125216285,214.03875732421875,5167100
2026-02-13,215.14411126797694,217.83278720248575,209.90615658016716,211.68865966796875,5286400
2026-02-17,200.9538581717113,207.62576211683975,200.15720952270883,205.49473571777344,8709200
2026-02-18,204.98687269477128,208.42240373318688,203.36370245674408,207.6855010986328,4646900
2026-02-19,206.1619205684043,210.3741798947218,205.72376306026558,210.36422729492188,4763700
2026-02-20,207.86475892160377,211.79819353777907,207.86475892160377,208.62156677246094,4471100
2026-02-23,207.12784430247504,210.46380364200064,205.44492813634815,210.0355987548828,2400600
2026-02-24,209.49787895759965,211.60898490941594,208.1734538404366,208.3128662109375,3176000
2026-02-25,209.45803330191643,210.15509513822371,208.06390962930192,208.6414794921875,2810300
2026-02-26,208.2033377200063,209.8663336532169,205.92293108960394,208.48216247558594,2839800
2026-02-27,207.1377977669722,209.796600494545,206.01254624829073,209.75677490234375,5242600
2026-03-02,207.12784435679612,207.14776475022285,203.81180540982237,205.13623046875,3195800
2026-03-03,201.43184488402977,204.14044122217211,199.82859495737057,203.1545867919922,4620900
2026-03-04,203.75205954265832,205.91295878906612,202.18863534612643,203.87155151367188,2958400
2026-03-05,201.42188728278464,203.85165880768477,198.88257637947316,201.15301513671875,4771400
2026-03-06,199.16139880714513,199.97796783576268,194.2919032141028,194.68026733398438,4237700
2026-03-09,194.01307573785581,198.55395313551168,192.57911125547847,197.9664306640625,3522600
2026-03-10,197.32911848848622,197.72743521000095,194.34169749269898,194.4014434814453,3190400
2026-03-11,193.88362007786142,195.69599611339652,192.49944895410584,194.2421112060547,2957500
2026-03-12,192.36003383234907,193.09693647277186,185.3993375239225,185.47900390625,5235300
2026-03-13,186.98268653157618,188.5759686307702,184.4632960117352,186.53457641601562,4134100
2026-03-16,188.19757833246393,191.11528567193395,186.71382036979384,190.58750915527344,4333500
2026-03-17,192.68864293864212,195.9250154944591,192.47951679547378,194.3914794921875,3751700
2026-03-18,192.70857109808225,193.31601396390764,190.06967348318457,190.69703674316406,4123800
2026-03-19,189.03404147118644,190.58749793403055,186.62419039487588,189.3128662109375,3353500
2026-03-20,188.68550536803963,190.4779609999962,187.18184227404743,188.55606079101562,5686200
2026-03-23,191.8223160147471,192.9376150432386,188.5660227217932,189.20333862304688,3147000
2026-03-24,186.43498844748635,190.69704120771905,185.23005528729863,189.30291748046875,4195500
2026-03-25,190.9659189763801,192.15093177684088,184.21434850810382,186.3652801513672,5265500
2026-03-26,184.73214689542743,188.03823335369032,184.7221942957852,187.26150512695312,3695000
2026-03-27,184.347541227573,185.6248899700355,180.63524168629198,181.14419555664062,5857600
2026-03-30,183.239847318927,185.34547960280167,181.37372364572957,183.50929260253906,3979700
2026-03-31,186.38333092820375,190.05570484807006,184.99620927962837,189.2074737548828,4659500
2026-04-01,190.165484700846,192.03160840153944,189.07774496232412,190.39500427246094,3770600
2026-04-02,189.06776772809945,193.39877897308665,187.61078366562236,190.7243194580078,2739700
2026-04-06,190.23533879255083,192.1313990839183,189.0777367151778,191.7222442626953,2595700
2026-04-07,190.81414585252273,191.72225031263662,188.33926921717375,190.6145477294922,2932700
2026-04-08,195.49442059740258,198.14891723299627,194.5863161502352,195.78382873535156,2610000
2026-04-09,194.37674152579535,195.28486118759793,190.68440476143581,192.5904541015625,2903200
2026-04-10,193.32891853718044,193.32891853718044,189.04780677942117,189.2174530029297,3188900
2026-04-13,188.27938703589993,196.11314095407465,187.67064933449987,195.4644775390625,4836300
2026-04-14,195.2150066810599,199.98510951782205,194.68610514837448,198.19882202148438,3336400
2026-04-15,198.63790174907405,199.06700419356108,196.87156198832,197.7297821044922,3180500
2026-04-16,195.63413032172292,195.98341180516306,192.67029314244527,193.37881469726562,3760400
2026-04-17,194.17715554246357,196.61210635513908,193.8578107414315,194.3468017578125,4243400
2026-04-20,192.81998207249327,195.464489744495,192.34098006962486,195.0952606201172,5271400
2026-04-21,196.5921513159902,200.0849052733809,190.06569776414767,194.13723754882812,7862900
2026-04-22,193.5484686297479,194.6062717101565,183.3296779113559,183.6589813232422,5904700
2026-04-23,180.4456592524768,180.6053164349816,174.63770097388957,178.2003173828125,10185100
2026-04-24,178.20031591020893,178.6094555192954,176.11463124028504,176.88304138183594,6410700
2026-04-27,176.3940538597098,181.07434673683812,176.14457142683258,180.24606323242188,5322900
2026-04-28,182.28184046391462,182.62113290330566,176.93293672716703,178.6094512939453,5048600
2026-04-29,177.7811614189607,178.9587263265037,176.33416646895114,178.42982482910156,5932600
2026-04-30,178.42983018838297,179.89678803910988,176.38407129482786,178.5795135498047,5142400
2026-05-01,179.4477292166351,179.49761352078053,174.23853487001094,174.78738403320312,3880000
2026-05-04,174.25847327432328,175.17656673909514,171.98319485571514,173.67967224121094,4532200
2026-05-05,175.43603902133458,177.31213644633166,172.9012891324495,174.26846313476562,3806100
2026-05-06,176.364111649098,176.5936464437224,171.70378177652384,174.557861328125,5983300
2026-05-07,175.48595002842555,176.64353694860338,173.0310361798291,175.2963409423828,4481900
2026-05-08,174.60775847309876,175.11669713144565,170.38652016262552,170.80564880371094,5846000
2026-05-11,171.374467803097,171.374467803097,164.9078874339037,166.17526245117188,7378300
2026-05-12,166.65426020430405,167.58232751794324,165.22722803975378,165.91578674316406,5417200
2026-05-13,165.9457290436273,167.27297741932455,162.9818917377281,165.6463623046875,6526600
2026-05-14,166.15528966893507,168.93950674179862,164.06962031800876,164.1993408203125,4208600
2026-05-15,165.23719869230888,165.93574642477432,160.59681653133427,161.57479858398438,4054000
2026-05-18,161.49497106524356,164.20934116636647,160.8962071325373,163.52076721191406,4955100
2026-05-19,164.06962337048435,171.14494119145166,163.73033093168783,166.6941680908203,5744100
2026-05-20,166.9137075010203,170.9253889509977,163.76026138490872,170.76571655273438,4158800
2026-05-21,170.48631039411316,173.48009956612162,167.63223077437715,172.97116088867188,4237800
2026-05-22,173.1807106529663,174.5877951618655,170.78568550236227,171.64390563964844,2995000
2026-05-26,170.8156206732386,173.29048200406862,169.52829809222416,172.4522247314453,3283100
2026-05-27,173.45016082290357,176.2244042043521,171.24474468640474,172.77157592773438,3264700
2026-05-28,174.1986020303011,180.82485447837732,174.1986020303011,180.25604248046875,5753700
2026-05-29,180.68514172107402,183.94837597140543,178.89885433045362,182.29180908203125,6993100
2026-06-01,182.17206379640928,182.17206379640928,178.61943661745863,179.4976043701172,3652500
2026-06-02,177.37202205322953,178.96870036213573,175.13665414812314,175.74539184570312,2914100
2026-06-03,175.49591386534073,178.17035809459298,173.27053494596163,177.71131896972656,2909800
2026-06-04,181.89265309996546,187.40121415359098,181.3437887122313,186.25360107421875,7771100
2026-06-05,187.61077851698317,188.35922577170518,183.40948789384302,183.91844177246094,3305400
2026-06-08,184.16793224741835,187.00204898808767,182.82072103910352,183.15003967285156,3148700
2026-06-09,184.6269730342613,188.81829006315013,183.3695870619142,188.0199432373047,5872200
2026-06-10,186.48311457362257,187.79040001908538,183.20990643885818,183.2498321533203,3215300
2026-06-11,182.11218778157846,183.7487918027259,177.5616157749557,180.4156951904297,3534200
2026-06-12,181.07433827222488,182.26187703355885,179.12837843218955,179.72714233398438,3126700
2026-06-15,180.54543188210474,181.62319773991305,179.19823598024297,180.72506713867188,3931600
2026-06-16,181.084321210566,183.16999052709076,180.1263020454265,180.97454833984375,2834000
2026-06-17,180.3658245863353,182.0423392209315,176.23439611999552,177.39198303222656,2692200
2026-06-18,175.18656611706848,178.14042957327197,173.85931775670707,176.80320739746094,7258500
2026-06-22,176.07471377216154,178.92879324330127,174.63769260806347,177.8210906982422,3691900
2026-06-23,178.69927110254164,181.33380478962172,176.70341178726284,178.59947204589844,4149800
2026-06-24,180.6851450407734,189.0877111012672,179.55747963206443,188.47897338867188,5647000
2026-06-25,189.2972808690046,197.16097151348993,189.2972808690046,192.80999755859375,6090900
2026-06-26,192.8300018310547,196.19000244140625,192.2899932861328,196.19000244140625,6090400
2026-06-29,195.4499969482422,197.0,191.5399932861328,192.77999877929688,3522500
2026-06-30,193.8000030517578,193.99000549316406,188.99000549316406,190.47999572753906,3471100
2026-07-01,191.97000122070312,196.0399932861328,190.5800018310547,193.72000122070312,4515600
2026-07-02,197.47000122070312,198.22999572753906,194.47000122070312,197.92999267578125,4035400
2026-07-06,195.30999755859375,196.60000610351562,189.77999877929688,193.6199951171875,4663800
2026-07-07,197.4199981689453,197.8800048828125,192.13999938964844,194.19000244140625,3248900
2026-07-08,191.75999450683594,192.47999572753906,190.11000061035156,190.77000427246094,2502600
2026-07-09,190.5,195.99000549316406,190.0,195.97999572753906,2657100
2026-07-10,197.5800018310547,199.83999633789062,195.0500030517578,199.0500030517578,3847600
2026-07-13,198.6999969482422,200.83999633789062,198.0,200.16000366210938,2918800
2026-07-14,198.02999877929688,202.3300018310547,197.3699951171875,199.0500030517578,4188500
2026-07-15,200.0,202.36000061035156,199.33999633789062,200.7899932861328,4469300
2026-07-16,201.41000366210938,205.27999877929688,200.36000061035156,205.00999450683594,4237500
2026-07-17,203.4499969482422,206.58999633789062,202.13999938964844,203.8300018310547,4965900
2026-07-20,202.0,204.3300018310547,200.0,201.11000061035156,6202200
2026-07-21,168.83999633789062,179.25999450683594,165.75,179.00999450683594,28098200
2026-07-22,178.47000122070312,180.1199951171875,173.0,179.13999938964844,10886700
2026-07-23,185.1199951171875,192.88999938964844,183.8699951171875,192.5,11552800
2026-07-24,193.0800018310547,194.8000030517578,190.0,191.5,6849400
2026-07-27,191.38999938964844,196.6300048828125,189.85000610351562,196.5,5340100
2026-07-28,200.72999572753906,209.89999389648438,198.4600067138672,199.0500030517578,9363700
2026-07-29,199.92999267578125,203.0500030517578,195.77000427246094,196.49000549316406,8213500
2026-07-30,194.64999389648438,196.86000061035156,193.13999938964844,196.1699981689453,4952500
2026-07-31,197.49000549316406,198.5800018310547,192.6199951171875,194.97999572753906,4387600
2026-08-03,197.33999633789062,199.30999755859375,195.77000427246094,197.5,2950600
2026-08-04,197.92999267578125,200.36000061035156,192.91000366210938,194.77999877929688,6972400
2026-08-05,195.60000610351562,201.24000549316406,193.3000030517578,199.66000366210938,3747900
2026-08-06,199.9600067138672,201.33999633789062,196.47999572753906,199.97999572753906,2793600
2026-08-07,199.39999389648438,205.19000244140625,198.44000244140625,204.75999450683594,3323800
2026-08-10,203.25999450683594,209.3699951171875,200.77999877929688,209.3699951171875,3678000
2026-08-11,208.0500030517578,208.44000244140625,206.08999633789062,207.44000244140625,2472700
2026-08-12,204.5500030517578,207.58999633789062,202.0,205.7899932861328,3038400
2026-08-13,207.05999755859375,207.49000549316406,202.1699981689453,203.88999938964844,1920400
2026-08-14,203.0,203.9600067138672,201.1199951171875,202.4499969482422,2244400
2026-08-17,199.99000549316406,203.42999267578125,199.99000549316406,202.6300048828125,2982200
2026-08-18,203.97000122070312,204.22999572753906,199.49000549316406,199.5800018310547,2289900
2026-08-19,203.10000610351562,212.19000244140625,202.91000366210938,211.5,5253000
2026-08-20,210.1199951171875,220.6699981689453,208.2100067138672,215.91000366210938,5503200
2026-08-21,215.5800018310547,220.25,213.4600067138672,218.85000610351562,4701700
2026-08-24,218.3300018310547,218.33999633789062,213.8800048828125,215.11000061035156,2510300
2026-08-25,213.8800048828125,216.77000427246094,212.24000549316406,215.97000122070312,2339300
2026-08-26,213.22999572753906,216.85000610351562,212.80999755859375,215.36000061035156,2531100
2026-08-27,214.77999877929688,218.57000732421875,213.08999633789062,215.67999267578125,2926500
2026-08-28,215.10000610351562,217.0399932861328,212.85000610351562,216.07000732421875,2860000
2026-08-31,213.4499969482422,215.38999938964844,212.22000122070312,213.55999755859375,3608400
2026-09-01,214.74000549316406,215.0,206.5500030517578,206.92999267578125,3149200
2026-09-02,207.77000427246094,212.77999877929688,206.10000610351562,209.91000366210938,2951000
2026-09-03,210.50999450683594,213.1300048828125,206.0500030517578,211.02999877929688,2424200
2026-09-04,207.19000244140625,208.6999969482422,205.22999572753906,207.66000366210938,2898100
2026-09-08,205.0,207.83999633789062,202.1199951171875,205.22999572753906,3276300
2026-09-09,206.0,206.0500030517578,201.9499969482422,204.85000610351562,2773100
2026-09-10,202.3300018310547,203.10000610351562,200.33999633789062,200.52999877929688,3021100
2026-09-11,201.99000549316406,202.67999267578125,199.16000366210938,200.13999938964844,3628500
2026-09-14,202.47999572753906,203.80999755859375,199.08999633789062,203.25,3428300
2026-09-15,203.0800018310547,209.5500030517578,202.6199951171875,209.36000061035156,3504900
2026-09-16,209.6699981689453,211.97999572753906,206.67999267578125,208.36000061035156,3566900
2026-09-17,210.47999572753906,213.27000427246094,206.69000244140625,212.5,6179100
2026-09-18,212.63999938964844,214.97999572753906,210.10000610351562,211.80999755859375,8830000
2026-09-21,212.02999877929688,216.19000244140625,209.60000610351562,215.83999633789062,5164000
