Date,Open,High,Low,Close,Volume
2021-09-22,464.89709086490797,464.89709086490797,456.1410466331047,460.1058654785156,428100
2021-09-23,462.29726104684414,463.225792533373,457.3017571154736,457.589599609375,252100
2021-09-24,458.1373871444039,459.62304305187746,451.2848208777857,454.8318176269531,357200
2021-09-27,454.24686035652206,458.100260186664,449.54849351089325,452.40838623046875,356600
2021-09-28,452.38052582556855,453.736173784519,447.97926756106455,450.2541809082031,368000
2021-09-29,451.8791415688136,453.45762811122967,447.94217709063184,448.480712890625,248300
2021-09-30,449.8178012966126,452.3434081054119,442.21312605872725,442.87237548828125,485500
2021-10-01,444.78511377381835,444.78511377381835,436.71617340965054,441.117431640625,380700
2021-10-04,440.1239196025035,441.03389065009054,435.26768978210924,437.2547607421875,465900
2021-10-05,437.6632670635913,443.6894265892233,436.6233164626871,440.6995544433594,357500
2021-10-06,439.8174896394822,449.20492868262215,437.05045581012854,448.16497802734375,469400
2021-10-07,447.7378635067808,456.07605754997064,446.8928965114642,448.2113952636719,484100
2021-10-08,449.94777338229653,453.4855044007069,445.360853927739,445.99224853515625,327800
2021-10-11,443.72662425133916,449.8363488673472,438.6661163957163,445.2122802734375,359600
2021-10-12,446.9672150429479,448.6292944046498,442.1017189263055,445.7415466308594,413500
2021-10-13,445.43508657825896,446.1221907500199,440.1517406188058,442.2409362792969,629700
2021-10-14,428.05301550262,454.87830376331095,423.3732088739589,443.355224609375,1518300
2021-10-15,440.0218236861497,441.0524800907202,420.94048359819936,422.3982849121094,1369200
2021-10-18,425.28597251829467,433.8748885921667,423.88390927129325,427.0316162109375,762800
2021-10-19,427.34734644449065,434.4413410040337,424.19963926225745,432.1107177734375,519100
2021-10-20,431.92504780805484,435.3977468517455,422.59328842127064,425.8059997558594,576400
2021-10-21,427.72803145815357,434.8405861759824,424.17176826750546,434.5155944824219,457000
2021-10-22,434.37635010322896,438.60115739858065,430.35582088608425,431.1450500488281,408600
2021-10-25,431.0706886719983,436.205466016418,427.8765384911683,432.91845703125,293500
2021-10-26,434.10702975952637,436.11266116794206,429.4736667160689,432.49139404296875,362900
2021-10-27,435.8340779395925,447.66355904018707,434.55270005941867,445.9457702636719,571400
2021-10-28,445.97361359006214,448.04424878305525,439.9567483410729,445.07293701171875,473200
2021-10-29,444.1908728284361,455.11041158203335,440.15175541506727,454.0240173339844,351800
2021-11-01,454.6833408080806,454.6833408080806,445.12877117833426,452.5477294921875,457100
2021-11-02,453.1790207656476,455.00822870846446,444.17225509055345,452.0740661621094,462500
2021-11-03,452.7798081795278,454.506863123367,446.20578946093474,450.5791931152344,364300
2021-11-04,452.8726713335791,473.4581984854519,451.7120069774486,472.9753723144531,596200
2021-11-05,469.61411204365294,470.9604657498063,457.22750492976274,460.4402160644531,486300
2021-11-08,458.47176727818044,461.78660352111467,452.5848803937006,461.1737976074219,257800
2021-11-09,464.15435041973615,472.4368358822009,461.2480421677527,462.8636779785156,453300
2021-11-10,459.7994477727212,463.411420038711,457.3945549436573,459.7622985839844,244500
2021-11-11,459.03809429673385,470.92331401125944,457.821720348538,470.7283020019531,498900
2021-11-12,472.81745290392394,484.7490867241926,470.9232693037309,476.6151428222656,784100
2021-11-15,478.19370060847564,485.60336350388326,470.78400937653674,480.347900390625,762800
2021-11-16,480.0136156582807,489.6517761785791,477.96154085038563,487.71112060546875,411800
2021-11-17,486.5876038270063,496.10505125153577,484.5634120535812,493.4958801269531,404600
2021-11-18,495.03743017945715,498.528718622798,492.11253250137094,498.4637145996094,342000
2021-11-19,507.13611033091223,510.237430946992,496.2258635527248,497.3122863769531,615400
2021-11-22,494.8979640137182,500.302023804849,490.97029415094715,495.24151611328125,298800
2021-11-23,496.02151490560135,498.27783954189397,488.6860937372921,493.8951416015625,277800
2021-11-24,493.867275956616,500.0141491711709,491.19310104280305,495.8171691894531,209600
2021-11-26,495.83582973739493,501.9269942178081,490.5803662909342,492.0102844238281,205400
2021-11-29,491.165242623297,500.65486329435004,488.0268585335905,495.78936767578125,323900
2021-11-30,494.4243704009958,499.5777648912917,484.9348069136306,486.6804504394531,901100
2021-12-01,482.49285234730706,490.6639186270699,474.59103981389524,475.0831604003906,342600
2021-12-02,475.5008959447557,489.9396042092854,475.00880378446766,487.4789733886719,363800
2021-12-03,489.3639735731536,489.82823931359536,480.5429245047594,484.4798889160156,293800
2021-12-06,486.20693073605446,486.20693073605446,478.0451596418472,480.12506103515625,320500
2021-12-07,483.95055360750223,499.3920345764929,482.35345020675817,499.0205993652344,404200
2021-12-08,500.43199850736755,507.8416607832305,493.6072588615999,495.99359130859375,346600
2021-12-09,495.64082102230174,498.78855648529895,491.04463532410796,492.3909606933594,274200
2021-12-10,493.8952067495043,497.5165025731646,491.4439264549603,496.225830078125,315700
2021-12-13,495.27867930965976,502.29837453842856,492.5766211557539,498.95562744140625,448600
2021-12-14,494.0350422053147,498.67652360041586,485.68223782767336,486.6123962402344,429600
2021-12-15,475.23667074977124,488.7053782435246,471.9997084232815,487.3287048339844,515000
2021-12-16,490.3516707142489,496.99301643818063,484.10103246045867,495.0303955078125,361200
2021-12-17,494.11888335177855,497.08609191163515,490.19364084094934,491.4772644042969,645100
2021-12-20,490.4911602242963,494.1280547806749,485.840367978491,493.5513610839844,301500
2021-12-21,495.21639682048766,500.2206539782051,491.0771802353672,492.9468078613281,415800
2021-12-22,494.04448836847126,498.6673496960195,490.5284613539588,497.4767761230469,298000
2021-12-23,496.84421759876466,510.787285331432,496.84421759876466,507.7177734375,337500
2021-12-27,509.0757975247972,522.6747119046497,508.36886789535873,518.293701171875,477600
2021-12-28,516.2938249769784,519.6889265412858,513.428920621946,518.8145751953125,189800
2021-12-29,518.8423311538858,526.4138339653732,517.8284903158345,523.12109375,258400
2021-12-30,524.4977691555005,527.3440518383511,518.4703603617857,518.4796142578125,231600
2021-12-31,518.833169011892,527.9301477906647,517.6332848005452,524.9164428710938,297400
2022-01-03,523.474583360672,525.2883468635209,503.4203133047576,514.5822143554688,360300
2022-01-04,514.5822840178229,516.2379934818908,493.71883462546464,497.8952941894531,517900
2022-01-05,488.57513881420647,497.4209566091647,484.01733874608055,484.1755065917969,356200
2022-01-06,482.3524201817148,495.14210273917894,476.25989184518136,487.7845153808594,329900
2022-01-07,487.7751946543143,487.7751946543143,472.70661391479933,472.9205322265625,451900
2022-01-10,466.7628596775127,469.2742991168414,454.98704902885385,467.544189453125,769100
2022-01-11,468.4837105158993,473.4600649860453,451.75016543416814,452.4477844238281,832000
2022-01-12,449.9363333851099,456.1218825938811,446.783082005819,452.88494873046875,537100
2022-01-13,452.8849409204409,457.0985583038512,445.86222635729837,447.7783508300781,724600
2022-01-14,437.8814673314192,440.41149983409014,428.29153453022815,440.0022277832031,999900
2022-01-18,434.63513996029053,436.48617462629755,428.4961167403668,433.8817138671875,685400
2022-01-19,435.0631109853515,441.75095387906293,433.24929028254604,436.607177734375,551500
2022-01-20,438.8766993942954,439.9743080648943,420.24562463579616,420.68280029296875,506000
2022-01-21,418.5713090546829,422.9151615741267,403.2795016263238,404.44219970703125,986200
2022-01-24,401.70758884371344,425.1382861788195,399.800775073868,424.37554931640625,710700
2022-01-25,417.69702853985876,419.2410952587784,405.0933905657684,405.8840026855469,576200
2022-01-26,410.953342351133,413.9484539858515,391.95021018862917,394.1081848144531,480100
2022-01-27,395.5034438681643,406.4886145464383,393.62450534898727,399.5775146484375,458800
2022-01-28,399.01948173853964,410.20928955078125,393.49433689496993,410.20928955078125,437300
2022-01-31,411.80913170812175,423.6314396954947,408.83261280104085,422.8966064453125,497500
2022-02-01,424.18954781921985,428.9984520201684,418.6644033089724,426.29168701171875,520500
2022-02-02,428.3752236448929,431.3331210010442,419.30617784421673,420.3758544921875,481700
2022-02-03,416.74827914479744,420.90608934249184,409.0186632261463,412.79510498046875,411000
2022-02-04,413.12064829094726,415.3716161743255,401.82850942389655,407.4745788574219,353600
2022-02-07,409.0558122471554,410.376649868173,403.1586104907181,404.0236511230469,362600
2022-02-08,403.00975420514254,410.6556580422925,400.45181838644646,408.08843994140625,325200
2022-02-09,412.9624934559635,418.05977253981575,408.8604908354097,413.69732666015625,372000
2022-02-10,404.6096478744224,416.3575545918473,403.13069922539967,407.94891357421875,548400
2022-02-11,409.4186027759202,411.20449134800697,398.6380682717451,401.38201904296875,344800
2022-02-14,402.5540668455394,404.71204176607625,396.0522668455509,400.6286315917969,276600
2022-02-15,401.61457502801204,404.3957685898058,399.20546762121376,401.8285217285156,343500
2022-02-16,399.103123470554,403.6887981670016,395.6243112989512,403.07489013671875,339900
2022-02-17,399.8658644241616,407.465243724404,398.07994755513437,400.4611511230469,370800
2022-02-18,401.9773076761691,410.3580449888097,401.9773076761691,405.1956481933594,371500
2022-02-22,402.50758162962893,405.52128671278086,391.0108054179397,392.6292724609375,393900
2022-02-23,394.2849839642951,394.7407526425534,369.4497353830636,374.00750732421875,1100300
2022-02-24,366.7149729438982,390.46191729800756,363.07804995807453,388.2574462890625,624400
2022-02-25,387.9598867891455,400.20077862477854,377.6816445612771,399.94964599609375,560700
2022-02-28,393.7825531116618,404.181716915057,391.24321053289657,402.02374267578125,772100
2022-03-01,366.94747835805106,417.63179904818725,364.2779283678055,402.02374267578125,1499300
2022-03-02,395.62429233659356,400.8424961507954,385.10420223782734,393.6895751953125,668600
2022-03-03,395.4382557967826,395.4382557967826,373.7748581284982,374.5469055175781,528900
2022-03-04,374.53761708083755,385.7832297012293,372.7982252644804,384.81585693359375,474500
2022-03-07,384.7787651786243,388.75053264224294,372.1192904035588,372.12860107421875,546200
2022-03-08,368.34285255643226,381.5045927470564,364.5106031776863,365.69189453125,412300
2022-03-09,366.24995908605393,373.57030293285356,362.0828382214247,369.44970703125,573300
2022-03-10,367.59877258024807,368.3428882727862,361.22717906293707,365.6826477050781,254800
2022-03-11,366.1475850241957,367.9892805837169,356.53903236197976,359.38531494140625,332800
2022-03-14,360.0289716255922,366.94112847416443,355.62608732881637,360.23419189453125,279500
2022-03-15,361.3909548981497,367.50087762033695,360.77529399933434,363.7136535644531,311100
2022-03-16,366.72662280512446,378.27483977672006,364.8516569769522,378.22821044921875,453200
2022-03-17,377.7898206665556,382.92963696588015,375.4298014440441,381.9501647949219,294400
2022-03-18,382.286009818698,388.48921997577196,382.286009818698,387.733642578125,431000
2022-03-21,387.4257018130964,390.40138133204266,369.56231591531207,373.17230224609375,438900
2022-03-22,373.9279109873081,374.6555334394058,367.7247018453182,370.1686706542969,497400
2022-03-23,369.91683879927814,370.9895695574104,363.92818689820103,367.4728698730469,322600
2022-03-24,368.36832934764,368.36832934764,360.588662178135,366.7825622558594,289500
2022-03-25,367.5008594314862,368.2191162109375,360.2808856915804,368.2191162109375,488400
2022-03-28,370.868326968568,372.7806135191116,362.2491312465376,372.25823974609375,501000
2022-03-29,375.4204929245315,386.67023283469416,374.6462694620846,384.3288879394531,525600
2022-03-30,384.3474762841087,385.57879799671,375.8961809728396,378.9744567871094,345700
2022-03-31,381.2970975132381,382.50974444644925,377.5098745755289,379.6646728515625,740900
2022-04-01,378.12556124686483,378.51735574763563,364.0121059102628,370.4951477050781,628500
2022-04-04,371.2600994105608,377.6498831968778,366.85721468087183,376.6611022949219,586500
2022-04-05,367.52882895653636,376.18534439834616,364.7490321339912,364.88897705078125,572000
2022-04-06,361.558819464045,366.6519774457159,353.03288330786603,364.82366943359375,586200
2022-04-07,363.18189781679166,372.108937049396,360.7938956066885,370.70037841796875,471900
2022-04-08,376.9968748178581,376.9968748178581,367.5567991282149,368.2657470703125,691700
2022-04-11,362.94864587590865,369.2171579587034,359.56252603438077,361.8572692871094,425300
2022-04-12,364.3665742094973,369.81423468521047,362.0252297118019,362.4636535644531,439900
2022-04-13,361.73604525524917,366.0829630676279,360.0756370322574,365.81243896484375,381600
2022-04-14,364.67447777757286,366.72668092305076,360.90589948643947,361.2230529785156,256000
2022-04-18,358.5832034820429,362.0439370950585,351.49380802115587,353.9937438964844,339400
2022-04-19,353.14477399966273,370.9988507789762,353.14477399966273,367.6033935546875,424700
2022-04-20,368.11654142646455,370.85901796683106,363.9002022316841,369.8515625,324200
2022-04-21,372.640683583053,375.70962227176386,364.5438334595536,364.73040771484375,366500
2022-04-22,364.7210778006159,366.2882275617767,352.6411489092283,353.3780517578125,287900
2022-04-25,351.8668972452864,353.8537963895574,344.56297332209556,352.7530822753906,678200
2022-04-26,351.98813783789717,354.4134606651231,341.99770484611577,344.8894348144531,715000
2022-04-27,345.1413112549884,352.2866726283896,343.51822338725043,347.8558044433594,710400
2022-04-28,327.3711701804014,337.38958604721523,313.0804491362226,330.10430908203125,1938100
2022-04-29,324.42342629260247,325.4401902533164,315.1512517902653,315.2911682128906,877200
2022-05-02,318.8545632686223,328.602454779827,314.86211954876563,327.52972412109375,733100
2022-05-03,325.8133420831537,325.8133420831537,316.77437022314916,320.73883056640625,613100
2022-05-04,321.90498219262963,330.4122466655197,315.104755887201,329.4701232910156,608500
2022-05-05,324.42347956613986,328.58382319632443,317.10088192921256,318.7333068847656,591500
2022-05-06,316.8024099419622,322.77241618179056,312.77264505486477,318.8266296386719,602600
2022-05-09,313.00582995280627,316.1027802903746,309.1999600982192,311.1868591308594,596900
2022-05-10,315.84163206777,319.0225326662711,305.1422494972614,313.1644592285156,509900
2022-05-11,312.3435381097264,313.0711321280975,302.7075788757778,303.2859191894531,513700
2022-05-12,301.38294579573915,315.08598909549977,299.57328391431565,305.8231506347656,705800
2022-05-13,309.45184834169083,320.4683844271826,308.2392009756871,318.03375244140625,529000
2022-05-16,317.3434208873333,317.3434208873333,308.5003315031387,313.8453674316406,374900
2022-05-17,317.5113505599397,317.5113505599397,308.87348063601723,313.8547058105469,431100
2022-05-18,308.7615474781317,309.330550562988,300.9352214774799,305.98175048828125,546700
2022-05-19,304.70373883515134,316.90496395614764,303.6123622125918,313.82666015625,473300
2022-05-20,315.7482898648615,319.3676137496448,308.36972564969375,318.7333068847656,590900
2022-05-23,321.7369715368947,323.3693965005416,311.1495239363671,319.9646301269531,471500
2022-05-24,317.8750980821935,321.4757758488987,313.05246440659937,319.1810607910156,571600
2022-05-25,319.265041283803,332.2684753046211,319.265041283803,328.8823547363281,511200
2022-05-26,331.57822317153875,337.71615831905723,330.841320237459,331.7181396484375,431000
2022-05-27,333.4437881836647,341.48464280993943,332.4083779858779,341.3260803222656,501800
2022-05-31,340.1134291212575,341.8951079596136,334.9176747866477,338.77020263671875,640100
2022-06-01,340.4492698424717,340.78506935937315,334.9269961153469,336.6060791015625,428700
2022-06-02,338.0798677099819,350.2624197507339,336.9138498770827,347.8184509277344,448700
2022-06-03,342.90261150932963,348.3129241532613,341.56869362352165,343.3876647949219,359800
2022-06-06,345.1506987540616,353.0516386276213,343.546256691644,351.92291259765625,473800
2022-06-07,346.12072641564015,359.8331076871774,346.12072641564015,359.3946838378906,404700
2022-06-08,357.6783403472946,365.3460755224296,357.6783403472946,358.2007141113281,449100
2022-06-09,355.0944313590707,362.1185218845949,353.704518697278,359.5439453125,556800
2022-06-10,355.6167861827712,357.1932445400212,351.26053111695256,354.9358215332031,522400
2022-06-13,345.81290560262767,357.55703378777093,345.81290560262767,355.0570983886719,806500
2022-06-14,353.69127880690485,359.23889340785365,351.66119229008325,352.8118896484375,636600
2022-06-15,353.8035170787331,362.6722370534965,353.8035170787331,360.56732177734375,471700
2022-06-16,354.03742493271073,361.6993194360462,350.5666612375287,355.0758361816406,490100
2022-06-17,356.5726747727018,357.23688454905493,351.72669845554634,354.7203674316406,552400
2022-06-21,355.9738988050254,363.5048059203494,354.8419016743546,361.4466552734375,448000
2022-06-22,360.52053457042723,369.89444235666747,357.4052724733341,364.6274719238281,439200
2022-06-23,367.07853549302007,372.6542144462185,362.606760861979,372.457763671875,461800
2022-06-24,374.2071906012572,374.2071906012572,364.9642684254473,370.9703063964844,709400
2022-06-27,372.8505991389359,375.24552236751646,367.0691061207094,371.9431457519531,604100
2022-06-28,370.8580328051381,373.6645866135478,365.00168138900597,365.5162048339844,449400
2022-06-29,366.55468800310666,367.5463348488811,361.41867451159146,363.9539489746094,466300
2022-06-30,364.85199667314464,367.42467100866037,361.5776838824882,364.5806884765625,551100
2022-07-01,367.3030481048644,378.5011989603014,365.57233421029804,377.5843811035156,318800
2022-07-05,374.3849204441077,375.3017382879131,368.3321183313391,371.2135009765625,546500
2022-07-06,371.8496141995563,374.2538731751957,368.4068871016566,371.9338073730469,541200
2022-07-07,370.4369804752368,380.07280229304286,370.3808516918117,379.389892578125,458200
2022-07-08,378.95958686439707,382.65489407212266,373.0845354626989,375.4701232910156,546300
2022-07-11,375.1239830604523,377.31309155106567,370.93285253199485,371.6344909667969,514500
2022-07-12,371.16668230911176,376.77042472210974,364.28128509478756,366.245849609375,461600
2022-07-13,363.77615624934543,378.8847652525545,361.474790113591,375.48883056640625,593800
2022-07-14,374.2071526965375,376.3962611138434,370.9796045846339,373.4119567871094,489700
2022-07-15,375.7881953859409,380.67160006795456,373.7861733342392,380.381591796875,411700
2022-07-18,382.8701251178694,384.6943681799903,378.26736376393933,380.5780944824219,458700
2022-07-19,383.55298575262634,385.72339419519193,378.0147356126731,383.786865234375,552600
2022-07-20,383.6091455436754,389.25031795732605,383.0104288678821,384.3669128417969,880600
2022-07-21,387.29501037354567,398.94221856846633,378.30469789203875,379.48345947265625,1089700
2022-07-22,379.2589294086872,385.0123584569526,370.6053893251959,373.5242004394531,602500
2022-07-25,375.32043608130715,377.0885501017568,360.9508660044366,362.9715881347656,953200
2022-07-26,360.1743976023402,368.5659944495065,356.1984464599767,361.8115539550781,865600
2022-07-27,364.2345353011253,369.9318358789783,364.1971065912451,367.649169921875,715100
2022-07-28,369.10857513448906,371.44736987884585,364.1503416963489,364.68359375,696000
2022-07-29,364.4777364616367,369.27694728923575,360.417592681593,366.82586669921875,903200
2022-08-01,367.0130505432225,369.76347564413743,364.54329796163637,364.9642639160156,535600
2022-08-02,363.6731634310866,370.23115203835755,361.48405530741564,365.8529357910156,432400
2022-08-03,368.6127858499801,368.6127858499801,363.26162183846213,365.7033386230469,567000
2022-08-04,365.2355050893691,368.9120831649114,362.77508872515915,366.10552978515625,597000
2022-08-05,364.8519339285335,366.7042694094606,362.0266805129409,362.9154052734375,413600
2022-08-08,365.563003077998,371.5503122447752,364.6368208941799,369.42669677734375,543700
2022-08-09,369.63244631954353,370.57732848986484,365.64715966746115,367.24688720703125,556500
2022-08-10,372.52324640201385,382.6268284974536,371.3444846893075,379.5863952636719,770100
2022-08-11,382.6267986363937,384.189125999557,377.2943354995606,378.0708312988281,518200
2022-08-12,380.0167260373481,388.70769550231415,379.9044684549811,385.65789794921875,510000
2022-08-15,385.4240527526868,387.7815763910591,382.430412274233,384.3669128417969,430700
2022-08-16,383.5249499655878,388.80128517129816,382.6081606005802,384.4324035644531,509700
2022-08-17,382.3836083264277,389.00709158353413,380.6529229108388,385.4240417480469,573700
2022-08-18,385.6391989355604,390.32615286053635,384.17979326126994,390.064208984375,446500
2022-08-19,389.44669639620747,389.83959786764785,377.6030381258449,379.0718078613281,489800
2022-08-22,374.6001336920532,377.29440157594655,371.90583725841594,375.33917236328125,521400
2022-08-23,375.97530641594716,376.6395161378762,366.4049479222488,367.1533508300781,451400
2022-08-24,367.9578890383694,371.7373606111883,364.87066299157476,371.3631591796875,376300
2022-08-25,373.5616516042281,382.0561701522615,370.57734720934906,380.72772216796875,342000
2022-08-26,381.00842567665944,381.2049050228373,365.0765544383947,365.1139831542969,450800
2022-08-29,362.2138298406857,362.3260874257388,354.0561122465041,354.1029052734375,594200
2022-08-30,355.08521974329847,360.4550840778107,353.20481937470333,355.8429870605469,439700
2022-08-31,356.51658666170135,357.0779032274921,346.98365500934835,347.8817443847656,526500
2022-09-01,346.29140854850823,348.7050328604467,343.5784115708219,347.6572570800781,453400
2022-09-02,350.4543431911203,350.4543431911203,341.00563533862066,342.2124328613281,472800
2022-09-06,342.2498235558382,342.2498235558382,333.06303204131285,339.3777770996094,659300
2022-09-07,340.4163061042993,343.194795801755,336.72099845743503,339.2281799316406,772600
2022-09-08,336.3841994318504,340.36015075833654,334.2979841049868,338.6575012207031,710200
2022-09-09,340.2665715121408,344.8412391943468,337.2916314439832,343.44732666015625,766000
2022-09-12,349.04171244677593,353.96251688027525,340.2384861304467,340.94012451171875,586700
2022-09-13,334.2605105858928,334.2605105858928,327.24412683262267,327.7867431640625,787200
2022-09-14,328.8284635127121,329.0161391567784,317.0601151869179,319.340576171875,1247200
2022-09-15,318.7211703762509,329.5510540181734,318.5522537131894,328.0025939941406,832600
2022-09-16,326.8295346513646,329.3540055107306,317.97979593427397,321.86505126953125,920900
2022-09-19,320.2133488566406,321.6398327129703,309.7307202000777,312.48980712890625,906000
2022-09-20,309.4960936868601,315.52101736783055,306.7088540730571,311.8985595703125,1150000
2022-09-21,313.822398313432,320.2321243384869,310.21869950282536,312.6962585449219,900700
2022-09-22,309.7963390088544,311.2603692054398,299.95186075901574,300.43988037109375,1021600
2022-09-23,304.0623912464489,315.81195235100546,302.1948567118157,309.69317626953125,1384400
2022-09-26,309.26154293473326,309.26154293473326,301.67873511974994,304.75689697265625,764300
2022-09-27,306.7276141524162,308.67963558954915,293.9457372283215,294.8560485839844,854400
2022-09-28,298.56295307502893,303.480495309344,293.9081509775633,301.4158630371094,599200
2022-09-29,299.0322084398198,303.4242134642518,291.85293531029896,296.88311767578125,754700
2022-09-30,295.88838206680623,300.00822496247434,290.9895978563306,291.1116027832031,589500
2022-10-03,292.0031070862311,298.7412726376083,282.13047479067285,296.96759033203125,843700
2022-10-04,308.6983755133876,313.2968437587926,307.18743345810196,310.2655944824219,1030300
2022-10-05,307.8162232255221,315.93393192106976,304.55975166959286,314.5074768066406,661500
2022-10-06,315.586704014908,316.0277832841571,301.14375651779187,304.2688293457031,713100
2022-10-07,300.71206765818937,301.28454569553463,293.60788700504816,295.1657409667969,713700
2022-10-10,296.27319650164947,296.56411814891266,285.6873201454415,290.6142578125,993600
2022-10-11,291.4118289454476,292.83831254491366,283.74459415691086,284.8238220214844,974200
2022-10-12,284.6361933169185,286.45681623868506,280.9855823059255,283.19097900390625,800900
2022-10-13,298.4315917637156,315.2582466522224,293.8143356670564,312.7525634765625,2912700
2022-10-14,313.4470102072424,313.56901512290085,297.42742110546965,297.81219482421875,1361200
2022-10-17,303.1145018969835,306.86835819051174,298.56297405280105,301.3971252441406,982800
2022-10-18,303.5555807924799,310.9412884587821,302.2229778480822,308.66082763671875,1164700
2022-10-19,307.43149605871986,311.54197400041704,301.65055292022384,303.49932861328125,720800
2022-10-20,302.39185649971586,307.5440144441287,299.2855431021589,299.8392333984375,664400
2022-10-21,300.7027485807406,302.87996402660957,294.7904062091624,301.7725830078125,754000
2022-10-24,303.10519219611626,303.6776416385989,296.2637798301559,303.27410888671875,614200
2022-10-25,304.9727217874501,312.31151893520615,304.8319578809648,308.6421203613281,610500
2022-10-26,309.4772584924344,310.77234337604176,301.7818709875547,302.20416259765625,826800
2022-10-27,306.79337384503725,317.1258751580107,306.79337384503725,311.1009216308594,899600
2022-10-28,308.69839827882157,314.44179426632087,307.62853540603294,314.1977844238281,481600
2022-10-31,314.37609500419757,318.3270496781552,311.1759288305936,311.7953186035156,547000
2022-11-01,313.58781035973095,314.2447467632552,309.7964069284051,312.9215087890625,665000
2022-11-02,313.8974802992522,327.52396862638494,313.0340807317991,318.16748046875,1064900
2022-11-03,314.4230174698692,331.41858843258285,314.4230174698692,330.4050598144531,895100
2022-11-04,332.6104967681578,337.9128138085298,326.5198445911951,337.5186462402344,894000
2022-11-07,337.80016266667855,338.20369535426977,326.1068794149675,326.5198059082031,807400
2022-11-08,326.54798040141594,329.72938764409713,314.3854929327331,316.7222595214844,572700
2022-11-09,316.102847384316,318.9839390191549,312.27392649188755,317.7076416015625,530700
2022-11-10,326.38850433971555,336.4488427018893,321.4897195867984,335.8013000488281,833400
2022-11-11,335.40709259834,347.9074423641511,334.72203207551325,343.96588134765625,698300
2022-11-14,343.20569477911295,354.77697306199786,341.5164708707866,347.44757080078125,773000
2022-11-15,349.5122270525375,352.42147189968773,343.22453388188956,344.17236328125,597300
2022-11-16,345.9553998630118,353.4161718492035,339.64892032468657,342.0419921875,467900
2022-11-17,337.70629606606656,344.2379978725958,333.8398287401346,344.1629333496094,429200
2022-11-18,351.1638995522303,358.3055979251271,342.5957173542535,345.2515869140625,791700
2022-11-21,345.8991016852432,356.21284210548555,345.8991016852432,354.57989501953125,690800
2022-11-22,352.712396088619,354.57993075921945,349.5779289676543,352.9282531738281,349600
2022-11-23,355.5464891475179,367.87792095936163,355.23680860121794,367.6339111328125,486500
2022-11-25,368.4034905463036,370.69334540147486,363.4765536770435,365.1188659667969,184900
2022-11-28,365.0062223113383,367.43684084674106,358.27742224255866,358.76544189453125,376000
2022-11-29,357.93963792530275,360.8300950918856,355.1711570487617,359.48809814453125,385400
2022-11-30,359.47867552995024,366.93947686059835,353.87604349725984,364.8091735839844,890200
2022-12-01,367.1459793793135,367.9155269259857,361.16796678117464,361.85302734375,371100
2022-12-02,357.64868906142334,361.3462400598481,356.0345295969351,359.20654296875,393800
2022-12-05,363.607954146435,363.74871804401363,354.88961398745477,357.7988586425781,573400
2022-12-06,355.43390179496896,355.6779116378263,341.34757442644013,346.631103515625,624100
2022-12-07,345.95545708097654,350.60083769585736,344.10668145793846,349.2400817871094,364600
2022-12-08,350.4787996189034,352.4401861782985,345.9460305545987,351.86773681640625,449800
2022-12-09,349.80314600202934,355.3401078403073,340.20267531129946,340.33404541015625,562400
2022-12-12,340.94402640390837,342.15465321970595,336.5051091454072,340.990966796875,541900
2022-12-13,348.7614082695173,351.08878084277035,339.3861613385328,339.60198974609375,689100
2022-12-14,338.87718542612106,347.5185467600131,337.1733885419977,345.2217102050781,654100
2022-12-15,343.6308430133897,343.6308430133897,330.8570785272432,336.04376220703125,649500
2022-12-16,333.31396878409976,340.4680488861789,330.631185154948,336.2697448730469,854400
2022-12-19,337.2299042215799,339.55497965796485,333.99174178239656,335.42254638671875,392600
2022-12-20,335.0836576988665,335.1024738681841,329.2850888546951,332.97509765625,354300
2022-12-21,334.274076081078,339.15016388053687,334.22702129805515,337.3051452636719,392100
2022-12-22,334.9612975247486,334.9612975247486,323.7407124776775,331.5442810058594,350600
2022-12-23,330.7347953576279,333.5493500498398,326.6400227563524,332.3067932128906,325500
2022-12-27,331.39362279116347,334.11406720949543,327.09178719242215,333.6057434082031,303000
2022-12-28,333.5305058202324,334.8671721345541,324.1737267120661,324.20196533203125,306900
2022-12-29,326.07519438553845,332.485619665012,324.77616041225684,329.27569580078125,273800
2022-12-30,326.48935033510577,326.48935033510577,321.5097301317422,326.0751647949219,288100
2023-01-03,330.2923305248169,330.2923305248169,314.04504150567385,319.363525390625,580000
2023-01-04,322.9593346698628,325.27498715785646,319.5894023085378,324.1830749511719,578200
2023-01-05,320.9919993017965,320.9919993017965,315.3628624034148,318.9493103027344,475700
2023-01-06,318.89291887018777,323.0253527649346,315.108799638941,322.51702880859375,499000
2023-01-09,324.7573309641719,329.25686616874134,313.4802399704288,314.289794921875,632000
2023-01-10,312.37891918921804,320.84142749503286,311.2681618291692,319.79656982421875,649500
2023-01-11,322.50747752486245,329.4356473213843,321.77324487100276,329.32269287109375,679600
2023-01-12,330.1416405184726,330.41463292395747,317.0666171183242,317.8102722167969,760100
2023-01-13,312.5106038096808,318.00794058333497,304.2551905662513,317.6408386230469,1104300
2023-01-17,324.7573139247011,330.2828902928429,321.96157589922683,323.9948425292969,685400
2023-01-18,327.2141559031552,330.32996985730534,324.1266092929922,326.1504821777344,720500
2023-01-19,325.4821402923863,333.6905006210626,325.45390167364565,328.3814392089844,852000
2023-01-20,330.32052652415996,330.32052652415996,322.0274513713826,327.6189270019531,577200
2023-01-23,325.1338552047034,327.101222253661,317.8385818336459,325.1809387207031,614600
2023-01-24,322.6769975223003,323.37356924572225,314.76986854491645,319.4294128417969,574300
2023-01-25,316.28535709846983,330.40523911179434,316.040603284274,330.0663757324219,605500
2023-01-26,332.67386704373416,339.57377070550393,330.5088010362292,333.26690673828125,759000
2023-01-27,333.4646256843083,337.2299284443288,331.9961599060588,334.3306579589844,463500
2023-01-30,333.67164776113646,336.26029285996896,327.39299409973586,328.0425109863281,459800
2023-01-31,325.92453323389077,332.87152004805483,323.2229336343769,332.28790283203125,634800
2023-02-01,330.7346851988685,341.8705520465052,329.6897990663269,338.6794738769531,756900
2023-02-02,343.6779832495712,348.26223433784895,335.40372315928585,339.31964111328125,695800
2023-02-03,336.2038478474712,341.92709473821344,334.22705838262095,338.5195007324219,392900
2023-02-06,336.3168515918232,339.9597775264827,333.8882438777105,335.0931396484375,494800
2023-02-07,333.05040853746124,336.7215726353684,329.746346485856,336.24151611328125,303500
2023-02-08,334.8860119905596,335.2907751129589,329.6616375598357,332.84332275390625,295300
2023-02-09,336.3638485090622,337.12634863874683,333.1162925748905,334.142333984375,512100
2023-02-10,332.21263984945523,338.2653564984399,332.0243632406718,333.2857360839844,699500
2023-02-13,333.42691084475257,336.86274331381304,331.7137201977173,334.2176208496094,486300
2023-02-14,333.83172885355145,333.83172885355145,325.4068531347313,327.1859436035156,448400
2023-02-15,326.5175963432624,339.1784367689201,326.5175963432624,338.9713439941406,549900
2023-02-16,335.6955181516086,338.80190975005166,333.7187287211406,335.8931884765625,425100
2023-02-17,334.998916002765,336.4861976194498,330.8853282565884,336.3920593261719,819500
2023-02-21,331.9208732432082,333.7376538516211,327.89200000841396,329.6805419921875,505300
2023-02-22,326.7058546935011,331.01711292959243,321.3214715770656,328.0142822265625,1207200
2023-02-23,296.65881225004273,300.5653084709513,284.41218345146814,289.7965393066406,3821500
2023-02-24,284.3744241935357,292.28155222822846,279.5736586530881,280.0160827636719,2165700
2023-02-27,280.53387211601176,282.8401315499668,273.92577610629445,278.28411865234375,1821100
2023-02-28,275.36595264742755,280.43028853087725,274.22695681413455,276.7591247558594,1387500
2023-03-01,276.5991112972542,284.89218754830296,276.0343101909592,284.02618408203125,1368000
2023-03-02,284.2803702969976,287.9232962736918,282.39771883807714,287.40557861328125,680500
2023-03-03,284.1861511747934,289.7117270392975,283.77196567343947,286.87835693359375,894400
2023-03-06,291.50026235492345,300.37695438127855,291.02017718672244,297.76007080078125,1510800
2023-03-07,297.68481429874447,301.74192555120544,292.31927533109666,292.611083984375,1002500
2023-03-08,290.5966024658037,294.57841988358837,289.9282693689286,293.8159484863281,886600
2023-03-09,294.0041600259303,295.7079854895001,289.27871669113694,290.9825134277344,552500
2023-03-10,291.4155808236171,291.4155808236171,281.2398528893951,282.5483093261719,966600
2023-03-13,282.3976939001857,290.68134809713285,280.26089502472,284.8357238769531,853900
2023-03-14,288.3137076035137,291.5365188755012,287.13232644115675,290.2417297363281,564500
2023-03-15,288.0018478381806,296.3471120311219,287.2173945615291,295.4398193359375,772400
2023-03-16,295.7800550201236,300.1180835427193,293.66302903323134,296.7062683105469,837700
2023-03-17,297.0180151402585,300.0518217021492,290.68583156420965,293.61566162109375,1944200
2023-03-20,293.7480578568314,300.3732525750984,293.7480578568314,299.76837158203125,869400
2023-03-21,299.9951397818526,301.53563618048514,297.44334561262497,300.20306396484375,458100
2023-03-22,299.02175579037356,300.68512081625903,294.7782151392057,295.1373596191406,468700
2023-03-23,296.5455632743004,301.28054819949114,295.18460986876426,298.11444091796875,520100
2023-03-24,298.36023087621095,298.99343514055704,293.5496493855475,294.4096984863281,819900
2023-03-27,297.52844704600375,306.2234229552514,295.54372114907653,304.53167724609375,1338600
2023-03-28,303.99300949672596,306.8188929852747,302.32964435319127,306.431396484375,556500
2023-03-29,308.8696918097319,312.22480225229407,307.7544750880006,309.597412109375,809800
2023-03-30,311.6010870242722,311.6010870242722,307.7450430048543,309.6636047363281,788400
2023-03-31,309.56909897377045,314.28519204539936,309.2288750535138,311.7617492675781,1087000
2023-04-03,311.9791281999202,314.94674253979963,308.07584041143946,314.2662658691406,799300
2023-04-04,312.9147811240807,314.8522634945552,308.7941375616698,310.9111633300781,668400
2023-04-05,310.98675026259184,314.3702418959528,309.616365487416,310.3535461425781,618700
2023-04-06,310.84503080453584,313.1510893273,309.3234255886999,312.43280029296875,724500
2023-04-10,310.8733844304594,313.2456072382544,308.5767861752618,311.6105651855469,508200
2023-04-11,311.4781668840535,315.42869765841573,310.07940152693703,314.19061279296875,515700
2023-04-12,314.5781448842675,315.2586215078814,308.33098703045886,308.52001953125,589100
2023-04-13,309.15324303083895,315.0223650940988,308.7941274044708,314.3418884277344,538600
2023-04-14,313.77480913351064,317.4796328235352,311.96965541506887,312.2437438964844,510400
2023-04-17,314.0867288201244,315.6839585615456,310.60874937704216,311.7901306152344,654100
2023-04-18,312.6123016534353,313.9449028711763,307.76393829821944,308.7657470703125,552400
2023-04-19,308.8507487207589,310.0132089513418,305.93037888830503,307.78277587890625,520500
2023-04-20,307.1307822902943,307.8301507818999,304.1442469389136,305.1744079589844,488900
2023-04-21,308.09474397666605,312.41388038792326,305.72255023765655,312.3760681152344,707400
2023-04-24,313.8315162764412,314.23790444249664,308.6617915587738,312.1397705078125,636300
2023-04-25,312.6973726000834,313.3022535402168,309.40842622561786,311.534912109375,728600
2023-04-26,310.56141840027067,320.92921838710646,310.4952541473676,320.4188537597656,1051500
2023-04-27,330.97582484179827,334.51996904480586,297.82152105236423,299.73065185546875,2113600
2023-04-28,300.8552569107995,302.79273943367645,297.09375753300236,300.04248046875,924900
2023-05-01,299.1445714832968,300.7040175322488,293.45505076948416,294.16387939453125,1155600
2023-05-02,293.33216997351644,296.1864049073073,290.6575361000805,294.4851989746094,781400
2023-05-03,293.65350444076125,300.58113877901684,292.9730278308172,297.57568359375,586000
2023-05-04,295.496536293419,298.64372329042135,293.1810174788132,294.3151550292969,459300
2023-05-05,295.54372869980307,298.01046734906134,293.71968326681395,294.03155517578125,494300
2023-05-08,294.0315129275723,296.98026385476055,291.89559589251724,291.98065185546875,458700
2023-05-09,291.84839600007734,293.1337537255752,289.9204026753016,291.69720458984375,432400
2023-05-10,292.6327906967894,293.58735573145947,287.61428674155246,290.043212890625,399400
2023-05-11,290.0148904190029,291.9334811515354,288.2570090605183,290.0810546875,462600
2023-05-12,290.4874797841332,292.0469262198007,289.34391072798576,290.6954040527344,309400
2023-05-15,290.6197385431205,291.95233982971257,288.7295288615392,290.9505310058594,399100
2023-05-16,290.10937920783164,290.10937920783164,284.08906587564735,285.2799072265625,582400
2023-05-17,285.9508672970665,289.4383058446692,284.16463446470976,288.3041687011719,698300
2023-05-18,288.6728478325254,294.8443817799302,287.6237663778276,294.2678527832031,564400
2023-05-19,296.3848980139443,296.3848980139443,292.0090577770551,295.3074645996094,584900
2023-05-22,296.0163016484727,298.50193218379115,291.4514576104787,291.9523620605469,439700
2023-05-23,291.3569272068741,291.86729191083447,286.7542711199573,287.5859680175781,487800
2023-05-24,287.49142029457323,291.58371122960114,284.86403020593553,289.9581298828125,495600
2023-05-25,289.89207948705763,291.76336900836657,287.0945478004078,287.78448486328125,458100
2023-05-26,287.36862361984464,290.35515887704844,282.84156259986867,283.3708190917969,679100
2023-05-30,282.8414429819256,284.2969121403459,275.14830654345343,275.39404296875,844700
2023-05-31,275.3562556598835,276.8306166606528,270.14871961757143,273.9385986328125,1030800
2023-06-01,279.7510443837506,283.58816788784543,276.80232177393503,280.38427734375,770800
2023-06-02,281.90588769303315,286.8960403985022,281.90588769303315,286.5463562011719,626100
2023-06-05,285.9130732878918,286.60301012583597,281.44274636231825,281.48052978515625,455500
2023-06-06,280.69613945551737,282.86043763019654,275.2901385789779,281.3955078125,510600
2023-06-07,282.6146774763929,283.52196997736115,278.74920243833253,281.2253723144531,408000
2023-06-08,280.44095413960844,285.3744022868919,278.4751200287832,283.4369201660156,460100
2023-06-09,283.2951666185803,284.27808369620635,280.2330362656534,281.7073974609375,377300
2023-06-12,282.9739081129011,285.6958152873634,280.7434451840377,285.2893981933594,529800
2023-06-13,285.2421549847475,286.9244408327446,282.07604727490155,285.3177795410156,731200
2023-06-14,286.69364272053997,291.69437857268696,284.1980094896771,290.1002197265625,615500
2023-06-15,303.65060419574047,309.81850709346645,302.0849115595318,308.8316345214844,1309700
2023-06-16,313.4813205968841,325.19087407303135,312.5893734692921,314.4776916503906,2065300
2023-06-20,313.8513655289368,314.88567192067836,308.2907777600254,308.9075622558594,652400
2023-06-21,305.80454435891033,309.10675433910467,305.4439836750434,306.60162353515625,508500
2023-06-22,305.5483947995782,306.9148247203209,303.9921716838084,304.637451171875,339000
2023-06-23,303.65060812644884,304.6374807112058,300.4148278585959,300.6330871582031,795700
2023-06-26,298.9060517609649,303.65059226510715,297.83378097368836,302.9294128417969,398200
2023-06-27,303.65059480773823,309.3914772824711,303.65059480773823,308.3287048339844,406800
2023-06-28,308.0440366662983,309.3345377635508,306.29804926263967,308.8885498046875,697800
2023-06-29,309.03092462143275,316.584225256793,309.03092462143275,313.8323974609375,616300
2023-06-30,315.03754009060276,319.9339101525589,314.3448266406873,319.7725830078125,503700
2023-07-03,317.60902920103837,321.08203640031945,314.39224572789345,319.45941162109375,343000
2023-07-05,318.4061047513435,318.5958979567089,314.6769028287707,317.84625244140625,540900
2023-07-06,315.284252307644,317.5805939677917,311.27036013922344,316.8499450683594,467600
2023-07-07,316.2331107076195,327.08862127755833,315.4549991450498,324.222900390625,685000
2023-07-10,324.51712184909854,333.66461124242886,324.51712184909854,329.66021728515625,729100
2023-07-11,328.9864867364221,332.8959839133802,328.9864867364221,331.9186096191406,479400
2023-07-12,378.51941521229423,389.00486653591287,361.7616955805329,368.7361755371094,2752000
2023-07-13,370.7479609616722,373.2340961224581,365.785188989967,367.1041564941406,1087700
2023-07-14,367.8537435443567,369.5048344884804,363.3843941855238,365.00701904296875,628300
2023-07-17,366.06984585756004,372.5603752084878,363.63114455628346,369.8275146484375,589900
2023-07-18,371.0230623236472,373.6610256493524,368.4894649875775,372.2471618652344,545400
2023-07-19,376.3274529124238,377.39972367884303,368.8975153691462,372.28509521484375,442600
2023-07-20,373.0727419609203,373.15814022175704,365.5573764651169,368.0150451660156,593800
2023-07-21,368.55589114594153,369.75152458909315,364.8361877024998,365.74713134765625,770900
2023-07-24,379.56323405986365,381.24279094556294,363.6500558969194,366.1836242675781,1985000
2023-07-25,367.71144374969407,379.26913923833723,367.22749127745254,376.7640075683594,1026000
2023-07-26,376.05228686117664,384.3077993187834,374.6384229896232,380.853759765625,937000
2023-07-27,379.9428008477211,385.5508512439023,376.8493801057403,382.01141357421875,644300
2023-07-28,385.16179316350406,385.37055410447067,379.3639785549857,380.3982849121094,461100
2023-07-31,379.7815581064075,381.0151272441048,374.0121797481881,376.4698486328125,614900
2023-08-01,376.31801542031405,380.8063618007659,373.88881265328206,379.2311706542969,571500
2023-08-02,377.96906993697564,381.3281836595845,374.8661220102442,377.9500732421875,419000
2023-08-03,376.9632595318167,383.26399456599495,375.30267027550093,380.853759765625,573700
2023-08-04,382.46691310912627,382.46691310912627,374.4391583422123,375.1603088378906,420900
2023-08-07,376.3369758827807,379.18370031614756,375.1603100919583,378.3201904296875,382400
2023-08-08,377.0581437863189,378.5289688531472,374.0121566103559,377.6749572753906,347000
2023-08-09,379.5632201490264,381.5369361521161,375.8909506274247,375.9763488769531,491000
2023-08-10,376.73548509305954,380.45521760309686,375.2457213778773,378.04498291015625,341700
2023-08-11,376.37496286280657,376.431895038214,372.5034011848184,374.0311584472656,333900
2023-08-14,373.4048348895646,377.5610569919101,371.0230662970385,377.2763671875,412100
2023-08-15,375.8245807536449,377.42823793419666,372.7311307436182,373.69903564453125,269800
2023-08-16,372.13333042238537,373.4143332874257,369.12527877652985,369.2296447753906,338000
2023-08-17,369.93178987026346,370.4631760339937,362.2740953544868,362.76751708984375,377800
2023-08-18,361.01217030473236,363.0617867265682,358.21287926750074,359.47491455078125,388100
2023-08-21,358.36458405673784,362.02735488649034,356.51420194928136,360.4711608886719,366000
2023-08-22,360.4617274007535,365.2442324934673,360.09166828770066,360.31939697265625,352000
2023-08-23,361.1733510305256,364.7886881208216,360.82225971095795,363.0711669921875,305900
2023-08-24,361.0690480241518,363.6310826441976,359.46539094019516,359.5033264160156,309300
2023-08-25,361.4106715067177,363.01432872578715,356.95082021826977,361.2683410644531,383500
2023-08-28,361.7996235851052,370.3208274380361,361.59086267686587,368.41351318359375,544800
2023-08-29,366.4019464504033,370.1691133534715,365.6712685660455,366.4399108886719,403000
2023-08-30,367.0566613582406,375.2552128013238,367.0566613582406,374.05010986328125,425800
2023-08-31,374.81873314551706,376.24209542328487,367.3128659257494,367.6070251464844,519300
2023-09-01,370.8617871516718,371.86765650731644,368.2333218053699,371.1559753417969,339400
2023-09-05,373.86987844941996,374.6574596141093,369.30563174238074,369.9698791503906,559100
2023-09-06,369.580815268584,371.0326438098755,362.9574249067064,364.7983093261719,442400
2023-09-07,364.58002573884875,371.2698461867354,362.7866042287387,369.4574279785156,570100
2023-09-08,370.36831382628355,372.9398466386099,366.2500561958587,367.5785217285156,421700
2023-09-11,366.55373079312307,375.8814849985266,364.5135840989143,374.72381591796875,499700
2023-09-12,371.8960830647814,373.74643652341996,367.4646694034972,373.4807434082031,410500
2023-09-13,374.0500602327934,376.8778165990805,371.45006148635747,376.2040710449219,383100
2023-09-14,377.96501478795363,379.94477339651985,375.31897534303477,379.840087890625,438000
2023-09-15,378.6693329495139,379.65922673996346,368.4087885484276,369.7603759765625,1434800
2023-09-18,368.8371038232308,370.07444923491227,363.6877914645323,365.7912902832031,496900
2023-09-19,363.4688359865887,365.2677765502598,360.87040501287953,364.382568359375,321700
2023-09-20,365.88647319244285,370.0934707813751,365.88647319244285,366.2957458496094,329100
2023-09-21,364.06852687879876,364.06852687879876,357.6818688280285,359.83294677734375,430900
2023-09-22,361.0322918050265,364.97281271471036,358.22443101882936,362.9739990234375,456200
2023-09-25,360.1279664470278,367.3998319864315,360.1279664470278,364.6490783691406,388000
2023-09-26,367.8662033746951,368.2469518188375,360.2326734409001,360.946533203125,543500
2023-09-27,361.80322579643433,365.8294060544238,359.69972677585974,361.8888854980469,490700
2023-09-28,361.98400823250523,365.19161347053364,359.66158213404003,363.88763427734375,390900
2023-09-29,366.3624150187891,366.55276022678714,359.57598239009593,360.5373229980469,471400
2023-10-02,359.4902992137428,364.32549707723103,358.37666508389685,362.2029724121094,398800
2023-10-03,362.23148532917986,362.3456982432155,345.07979624479907,346.6312561035156,663300
2023-10-04,348.0970782820221,353.7889309165161,344.82283898655106,353.1226501464844,603400
2023-10-05,349.9055256855925,350.4766193525686,344.25175357188743,345.7270812988281,659100
2023-10-06,342.9858323527655,343.1285984983522,314.1458800160877,325.10125732421875,1941600
2023-10-09,319.7140144869527,333.8198916005206,318.8764143114111,333.2678527832031,895700
2023-10-10,334.9620566757139,341.34871401917576,332.74431603373733,338.4647216796875,667600
2023-10-11,338.9596090613812,342.14818812116476,335.65681709985427,336.9893493652344,962000
2023-10-12,342.2719767610161,351.57117975291004,330.4789991919393,333.29638671875,1791600
2023-10-13,328.7086581337525,342.4242883169315,328.7086581337525,330.0982971191406,909300
2023-10-16,332.48731685470216,335.0667218950834,327.8805455211661,334.73358154296875,689000
2023-10-17,333.191709981555,338.57897591263134,331.7164112133678,333.6009826660156,618300
2023-10-18,332.46828715882276,333.4867340948738,327.880570327871,328.4897155761719,645300
2023-10-19,333.3534650129396,333.3534650129396,326.38618714153046,327.7187194824219,784500
2023-10-20,327.4712993125522,332.61111350797273,327.21432022159394,330.9359130859375,683700
2023-10-23,329.3273513737817,333.7056976927818,327.7378106254742,331.5165100097656,494800
2023-10-24,332.99180317558495,337.1797748091152,332.90614348625934,336.55157470703125,458500
2023-10-25,336.770574038661,337.4653791271496,331.17390743207096,333.0489807128906,433500
2023-10-26,332.85855816083074,334.12448587714397,328.6801136672467,329.2702331542969,517000
2023-10-27,330.76459331296076,330.76459331296076,322.67418162940567,324.18756103515625,650000
2023-10-30,326.28152297995547,326.82406342475895,318.172085727489,322.38861083984375,666400
2023-10-31,324.0923373049968,325.2535503655919,319.1428979211752,322.65509033203125,788400
2023-11-01,322.64562305741947,328.08999528566096,316.12569735210974,327.5474548339844,752600
2023-11-02,332.1827402678903,334.8858857288396,329.0988754126012,331.5926208496094,622700
2023-11-03,333.4105906770863,345.7175260458403,333.4105906770863,344.49920654296875,838100
2023-11-06,345.06075559118455,352.5229658063221,344.38497651420477,350.505126953125,552600
2023-11-07,349.5058417814778,355.5403343830647,349.5058417814778,353.78900146484375,564800
2023-11-08,355.36892563312887,359.090518345634,348.9156339668462,353.92218017578125,596000
2023-11-09,354.69315214945823,356.5206461143221,349.95314141811673,351.87579345703125,600800
2023-11-10,354.07449994420716,361.0512777134886,353.1512400055896,360.27081298828125,744800
2023-11-13,358.6621598477768,358.6621598477768,351.5235627813428,356.50152587890625,736000
2023-11-14,361.23212562109217,366.63844652937087,361.07033364772445,363.9828796386719,707000
2023-11-15,363.5925586809122,367.8852445195496,361.94591176712913,363.0500183105469,560100
2023-11-16,362.60268173969314,365.55330792553167,355.1785517661895,356.6824035644531,530200
2023-11-17,358.79542278195225,360.1850906852437,351.7710381467538,354.4742126464844,557000
2023-11-20,354.9786517613263,354.9786517613263,350.17197892965254,350.7430725097656,571500
2023-11-21,350.1149022842786,353.27492852251885,350.076821629822,351.5140686035156,417900
2023-11-22,352.12324920364375,354.626493123772,350.87637643283614,351.6853942871094,309000
2023-11-24,350.9430599274888,353.2559882314027,349.5438932695558,352.4754943847656,216700
2023-11-27,352.8466269867627,370.4742242297747,352.3421672044731,368.4183044433594,1311900
2023-11-28,368.4182666274905,370.0268329288769,364.5919597592572,369.5604248046875,702600
2023-11-29,372.1399080300595,373.93881974133075,368.8371153070274,370.1220397949219,595800
2023-11-30,369.9411726723206,375.71865552503345,368.23741926371093,373.95782470703125,901100
2023-12-01,373.9388253669953,378.4409119966269,370.13157278965906,378.0411376953125,559100
2023-12-04,376.2327150796037,385.17975322048534,376.2327150796037,380.553955078125,751200
2023-12-05,380.0113905576341,382.19105074935516,374.53846508310335,375.06195068359375,471500
2023-12-06,376.5562969321293,376.7847227828737,371.6639926641588,373.6247253417969,536600
2023-12-07,375.5187406849153,395.7733179492626,374.06246811596316,382.6287841796875,1153600
2023-12-08,381.4580787245693,382.3432868744641,373.60562161513656,375.8709411621094,653100
2023-12-11,374.0721150255421,379.90673458904394,373.7008939349674,378.32672119140625,655500
2023-12-12,379.76387980542006,379.77340723097643,374.98578874781543,377.6889343261719,489400
2023-12-13,375.01440569136184,385.3415848554673,374.0625924789472,383.3903503417969,518300
2023-12-14,386.64575876121893,389.4048005058514,381.94871598373317,384.59320068359375,670500
2023-12-15,381.29001072037323,383.600322135066,377.98679389806955,381.9200744628906,1381800
2023-12-18,384.5932359698326,387.0085776672074,381.08001697993313,384.7746276855469,563500
2023-12-19,387.6003949907783,391.9155416091359,385.58603253833894,388.1254577636719,444800
2023-12-20,388.1255024075,392.5743188307784,384.8032315715464,384.9750671386719,445500
2023-12-21,388.08730048479646,391.0372606542183,385.0036710190841,390.27349853515625,366500
2023-12-22,390.46445953825855,393.80584244384266,389.38566553864246,391.2663879394531,382700
2023-12-26,389.9489397277783,393.8154147292829,389.9489397277783,392.69842529296875,307400
2023-12-27,392.85119010441457,395.38108866092324,390.24490076060624,395.0946960449219,264000
2023-12-28,394.034940229542,395.2378473488758,392.28788720176516,392.57427978515625,226200
2023-12-29,392.6029418539293,395.495623652428,390.98952889314626,393.548095703125,361100
2024-01-02,390.3690034014922,395.98253159998006,389.7484666605406,394.4168701171875,546400
2024-01-03,394.16870506884356,394.73196337574,382.2351922925128,382.3115539550781,612700
2024-01-04,382.71246744695736,386.5980255356784,381.31864155038323,383.08477783203125,525000
2024-01-05,381.8818873308612,386.2161173131022,381.5191039546942,381.9009704589844,520000
2024-01-08,384.0013761070447,386.0730177072959,377.1753831696547,384.4405212402344,690400
2024-01-09,383.37123376108974,393.4240229383017,382.1301310528788,391.5528564453125,541200
2024-01-10,391.906059370026,395.48611268827926,388.3546453129369,395.36199951171875,447800
2024-01-11,395.9825020038369,395.9825020038369,389.6529636232008,393.1375427246094,313400
2024-01-12,395.20928937494176,395.20928937494176,388.51696633265675,392.6602783203125,359800
2024-01-16,395.49561132100615,406.6653885266882,394.0063115781881,406.6367492675781,705500
2024-01-17,403.72498504309505,408.40291522362674,401.68195410832425,403.2571716308594,528600
2024-01-18,407.3145991949597,412.8899321416305,402.47436005111314,406.6272277832031,603900
2024-01-19,408.88982935400605,408.9948594059352,402.83715577336096,407.4291687011719,500900
2024-01-22,407.4291519619584,410.87556511657704,406.04488215549986,408.61297607421875,488500
2024-01-23,409.4912180378443,411.2383001723329,404.4218654507658,406.4171447753906,406100
2024-01-24,408.6416297418659,409.98773333714684,401.1951010744324,402.65576171875,415500
2024-01-25,401.92058458449105,401.93966771052493,394.13038638476047,399.1329040527344,489500
2024-01-26,399.23806914643643,401.71068956060014,397.67237824566985,400.12591552734375,351900
2024-01-29,401.37646766700846,414.0737406075489,400.078115679761,413.796875,619300
2024-01-30,413.7777768003989,419.2576354235672,413.329075646389,415.0379333496094,558000
2024-01-31,416.36497420874815,416.36497420874815,405.2333917225751,406.9040832519531,436700
2024-02-01,408.4888410818035,414.1787307110446,407.02818056698766,413.8827819824219,413700
2024-02-02,411.1237956017591,411.1237956017591,402.34071969269615,402.9326171875,637500
2024-02-05,401.6247111665612,403.276319616172,395.5147592180328,399.1043395996094,504900
2024-02-06,397.49089957888805,405.72027287244055,394.8178048872901,402.4743347167969,594200
2024-02-07,402.52210132938,408.50793991740176,399.4766670123475,402.8276062011719,527000
2024-02-08,405.33838001082074,411.9161450119347,403.8395532276842,407.24774169921875,540400
2024-02-09,406.6940805345605,408.1738243380845,405.2143367310365,405.8253173828125,391500
2024-02-12,405.8252278504328,409.55803299932245,405.57700153768224,407.925537109375,385400
2024-02-13,402.8371553221322,406.30265174456565,399.66763679050393,402.39801025390625,411200
2024-02-14,404.5269702430955,405.4720950624345,398.7129667420833,405.24298095703125,483000
2024-02-15,405.920777608163,409.09032521505287,403.1044572757095,405.4720764160156,370100
2024-02-16,404.4697041124006,408.5079860166458,402.4457559592925,402.732177734375,406200
2024-02-20,402.0543444615384,402.29301469618537,397.5864155266884,398.2451477050781,449000
2024-02-21,398.7320421176068,402.56984898122136,397.481412425687,401.6915588378906,486200
2024-02-22,402.29299325906914,409.85404957442967,400.3740753517052,408.61297607421875,569600
2024-02-23,410.5127656934704,414.3696844869614,408.5461254723073,413.9973449707031,977100
2024-02-26,442.01727108757996,454.59995876685235,436.0791545309134,438.19854736328125,2263700
2024-02-27,439.4014464618832,439.4205295917107,423.9165208833613,426.0454406738281,1055200
2024-02-28,425.8449509162266,431.4871184120355,424.11698085453867,426.1408996582031,585800
2024-02-29,427.687458196502,431.15295429108824,423.54414686634595,428.0311584472656,787700
2024-03-01,427.6970995165895,429.1100379230744,424.53710765226464,426.9620056152344,423400
2024-03-04,427.17196385992287,431.78305960962444,426.29364464664513,429.5968322753906,419100
2024-03-05,429.91192390606534,430.3701521069036,425.6253867137248,429.2149963378906,344800
2024-03-06,431.2484777047033,431.45850867801647,423.71603106295265,426.97149658203125,501400
2024-03-07,428.5944982794443,432.1077174311601,426.599218449238,427.09564208984375,523000
2024-03-08,425.63496272268344,430.0360571707588,422.7804759283114,424.84259033203125,476000
2024-03-11,423.5728059550266,425.7113109382693,419.59180299975,423.7828369140625,422500
2024-03-12,424.7757412681079,432.50866273621114,424.51798790183955,432.0694885253906,494600
2024-03-13,432.7854850085589,433.6351650048045,428.80448192095116,431.9740295410156,498600
2024-03-14,431.29398294913295,432.9510925094063,424.3876643192454,424.97198486328125,408100
2024-03-15,421.72467883548467,426.93553430988555,421.45647432865957,422.6346740722656,512100
2024-03-18,423.8224033921601,427.2420325416843,421.8204432418364,424.1385192871094,430900
2024-03-19,425.24970193838874,426.37999030389835,421.70554371123524,426.15966796875,427700
2024-03-20,427.02176582704374,432.7977658207138,426.3608280320183,432.6924133300781,366000
2024-03-21,432.0506260654381,437.40518690789725,429.3302575275447,436.6676025390625,591900
2024-03-22,437.7500001164996,440.02975315310454,435.2499539721877,439.1101989746094,396000
2024-03-25,439.6179022635251,447.3288046552119,438.7174950504903,445.5184020996094,521300
2024-03-26,451.58175451510954,463.124166277486,447.6544510615203,462.6548156738281,955800
2024-03-27,465.39435779625245,472.41561638723306,464.62806747315835,471.4002685546875,997400
2024-03-28,472.9328565929379,476.19922229287187,469.1396407421174,475.9501647949219,668800
2024-04-01,474.1972451852456,477.118789102606,471.40025925225507,473.1148681640625,626900
2024-04-02,472.52093221756365,477.224113983271,467.39631126932767,476.31414794921875,518300
2024-04-03,475.00186963003796,487.0232201097821,473.9769337279064,484.5518798828125,1070000
2024-04-04,484.68598911565385,484.68598911565385,462.4440735841851,462.52069091796875,842300
2024-04-05,464.570564101206,474.1110153356984,464.570564101206,472.4251708984375,696400
2024-04-08,471.9940479537787,481.9942894818694,471.9940479537787,480.83526611328125,762600
2024-04-09,479.03450190077774,480.0307025990558,473.15312053129037,477.4540100097656,556400
2024-04-10,473.0477576625085,486.5346585304056,470.4040066963865,485.4809875488281,771600
2024-04-11,486.53470681545735,486.53470681545735,477.51151722341257,483.2683410644531,408200
2024-04-12,479.7337621926836,481.4292240293294,474.07273204852595,474.4462890625,475700
2024-04-15,477.8659440213067,479.1111731101115,467.3867615664275,467.46337890625,406300
2024-04-16,468.5840482784193,468.95760526423345,463.7180147098619,466.1510314941406,346100
2024-04-17,469.67606715185866,469.67606715185866,459.40761906366305,461.7448425292969,328700
2024-04-18,462.7314465257562,466.9078075965556,458.4114389095067,461.37127685546875,350500
2024-04-19,462.9613254163571,462.9613254163571,450.192802933908,453.60284423828125,590300
2024-04-22,457.3385523901416,457.3385523901416,449.4073291024694,451.4284362792969,578200
2024-04-23,455.5569795439067,463.143382586166,451.74461637932274,460.8923645019531,663600
2024-04-24,459.4075990059947,468.24881857092873,457.9037535956345,467.1664123535156,719400
2024-04-25,467.4154912346486,477.4444699660458,464.2545071342731,473.9290466308594,661700
2024-04-26,471.630121901071,481.45795402824234,470.58603897398535,478.04791259765625,958100
2024-04-29,507.9624503201183,517.2442860678993,486.8795854366711,504.9259948730469,1902600
2024-04-30,506.15201101654543,519.8879997370715,500.8836849022131,506.975830078125,1314400
2024-05-01,503.4412433489766,506.70757970851895,493.3068836222562,494.66705322265625,690400
2024-05-02,495.5291795149562,498.11546037532906,490.1459128137466,491.1037902832031,470000
2024-05-03,496.46790682363223,497.12884465086785,487.6362749217186,492.6651611328125,583500
2024-05-06,495.098153577869,503.4795819539235,493.4697500862518,500.3760681152344,419200
2024-05-07,498.9488270508029,500.78793548836165,495.27055171148226,495.4429626464844,496000
2024-05-08,493.7666481565842,500.1269684423268,493.7666481565842,494.9065246582031,399400
2024-05-09,495.3088568973689,498.6326634555499,492.808752418239,495.4716796875,268600
2024-05-10,497.79939427710315,500.14620600506044,494.6479981342047,496.80322265625,224500
2024-05-13,497.473655995168,500.720874749983,488.31637867033174,488.7474060058594,439500
2024-05-14,489.5137477951279,492.444821506249,481.84113932086984,489.1976318359375,411200
2024-05-15,490.1267583650243,499.69594535642375,490.1267583650243,495.8740234375,503400
2024-05-16,492.62678666253277,499.7151033789244,491.1516763948757,491.6784973144531,390000
2024-05-17,492.43523910577335,498.08668092614505,490.6056604544858,491.4198913574219,343500
2024-05-20,491.4868856511494,496.4199777983562,490.03092248198254,494.3414001464844,268600
2024-05-21,495.4429392636657,496.1805236154219,489.61905717679025,492.0807800292969,202900
2024-05-22,491.9946212631104,493.3931434495951,486.9370292708308,490.3566589355469,338300
2024-05-23,491.7551251125662,491.7551251125662,480.09774379880963,480.97900390625,442100
2024-05-24,482.52121561143485,484.26455972452607,479.65717116285794,481.0077819824219,368300
2024-05-28,479.7241827542286,487.990669673734,479.7241827542286,487.63623046875,411700
2024-05-29,486.1228177966406,489.3125369212411,483.9867405071996,488.527099609375,478600
2024-05-30,492.57896267391794,493.25907681013535,482.6649530001509,487.6554870605469,332600
2024-05-31,487.15728759765625,488.153488303935,478.4597734469701,487.15728759765625,966400
2024-06-03,484.2070355280221,502.15764901409693,482.7702193988589,500.9507141113281,682800
2024-06-04,500.74961119008265,504.96423687426693,494.7915830741491,499.03497314453125,485800
2024-06-05,499.9546347336371,502.1865059020225,494.6671316958172,495.3184814453125,367200
2024-06-06,497.38744732847834,500.03119840906993,488.8910791387822,492.05206298828125,319500
2024-06-07,489.9638893392206,496.5923847275604,489.0251589423775,491.9179382324219,269100
2024-06-10,491.39119299362056,504.73442051670935,489.9639647698031,504.37042236328125,511200
2024-06-11,504.3704043641389,505.95092568257945,497.97178944600887,505.7114562988281,411000
2024-06-12,509.62911043207225,515.7595496539057,507.4068276757627,509.01611328125,387800
2024-06-13,515.6925610780715,515.6925610780715,502.19609837532045,506.477783203125,401600
2024-06-14,504.5180178650776,508.8695992726826,500.86767082650147,500.8772277832031,374200
2024-06-17,501.71306922894775,513.4038081732233,500.36817663039216,511.2039489746094,427900
2024-06-18,511.290394471883,514.873491109252,507.0348515828126,512.6256713867188,356200
2024-06-20,512.9715150669643,512.9715150669643,501.84750961550645,504.325927734375,401500
2024-06-21,506.18958150177764,507.04454817793754,493.7975483874515,501.28082275390625,854000
2024-06-24,500.26248927062727,514.1818746274882,498.15872747221806,512.414306640625,500200
2024-06-25,511.5498881748506,511.7804278222908,502.27987253441785,507.0829772949219,320200
2024-06-26,505.92056870756034,505.92056870756034,498.8984323944221,498.91766357421875,255000
2024-06-27,499.44591727591126,499.52278335174674,494.06646460016253,495.6706848144531,267000
2024-06-28,495.95894364558285,500.96379964492206,492.6544054023716,495.9974060058594,882800
2024-07-01,496.03576843804547,496.03576843804547,478.7830267086609,485.4497375488281,472200
2024-07-02,484.8445283233102,484.8445283233102,471.7320603482932,473.2113952636719,443200
2024-07-03,474.32576692355354,481.203816022871,473.4900314386894,477.7455749511719,221300
2024-07-05,475.4016772446428,477.28448594465516,470.98281537186807,474.287353515625,362600
2024-07-08,488.54291550690886,489.0424277571641,478.76380303460263,480.62738037109375,614300
2024-07-09,480.64656317841855,481.70325178975173,458.0911790546992,459.01336669921875,757300
2024-07-10,459.08066190607445,461.1171732558672,451.97207404357954,459.1671142578125,626400
2024-07-11,462.1642511387994,465.9106956475973,453.59553016571294,454.4600830078125,421200
2024-07-12,457.9086510756251,476.68880264614666,457.9086510756251,472.1258544921875,720500
2024-07-15,472.2411943397094,473.41315289627505,463.835762282814,464.0086669921875,581300
2024-07-16,465.90113295378194,473.23067505552467,463.8646213518146,470.5601501464844,572900
2024-07-17,467.2074870018777,470.1277822472,453.9893656117494,454.6329650878906,956500
2024-07-18,393.66236383251317,417.8508161188103,390.1657196159427,392.93231201171875,3127800
2024-07-19,391.2992713783685,395.5067951538058,384.27713570750086,388.2541198730469,1613500
2024-07-22,387.245464241758,402.538560752056,385.49712729561963,399.18597412109375,1651200
2024-07-23,402.2792016311397,416.31388815081834,400.5789132007465,406.2850036621094,1605800
2024-07-24,405.3819807260659,410.5213079088614,402.24076123953796,408.0044860839844,1087700
2024-07-25,407.1495428944503,409.33014169889896,400.79985306413477,408.42718505859375,958100
2024-07-26,408.2637826940884,409.0899023945364,398.74402838442944,401.0111083984375,810300
2024-07-29,406.0063565524786,413.65288955977985,401.0303480735158,411.27056884765625,759400
2024-07-30,410.9728144290228,414.0467835247207,408.667330278294,412.25042724609375,524400
2024-07-31,417.8700450225027,417.8700450225027,408.61926209388713,411.8181457519531,842800
2024-08-01,413.06696642522894,414.5463307459727,405.16104625832463,409.83929443359375,590100
2024-08-02,406.91897678482053,412.1063232421875,404.16199977906956,412.1063232421875,550900
2024-08-05,403.02847134413673,420.8191884889707,401.53952073282,412.31768798828125,769700
2024-08-06,416.19861442230416,420.27163759761544,410.82874718781284,412.087158203125,657900
2024-08-07,412.740298751212,418.59047537102947,409.0899224551008,410.73260498046875,573500
2024-08-08,411.0784559022312,423.4992759311147,411.0784559022312,420.37725830078125,532200
2024-08-09,420.7519269616333,423.2014983717251,417.46659079735497,421.13616943359375,442600
2024-08-12,420.27159993258556,430.0123089146168,418.7826494191525,427.38018798828125,474500
2024-08-13,428.4368654013639,431.4339975270934,419.01317794934835,423.92193603515625,750400
2024-08-14,427.1111720994373,427.62991548727007,421.8853931320284,424.82489013671875,334800
2024-08-15,428.4753425237792,430.61750830905487,425.24764114534923,427.07281494140625,423300
2024-08-16,426.04491468534366,427.62993304655384,420.97283833997994,425.4685363769531,502700
2024-08-19,425.4781790945455,427.06319755681875,412.57701942626517,415.79510498046875,997800
2024-08-20,415.62218850818914,419.22451641858896,406.4482425068791,410.2427062988281,860300
2024-08-21,411.529930374579,414.9305360953371,407.69706289852496,410.8575134277344,645500
2024-08-22,410.8382933617756,410.8382933617756,399.12832355989195,399.8392028808594,749100
2024-08-23,402.3463761384849,409.93527391223626,400.0985271867146,408.53277587890625,833400
2024-08-26,408.26385554304045,414.21010086668593,406.75567379382545,407.76434326171875,683400
2024-08-27,405.46839630664454,406.1600443978815,399.80073992013433,401.9333190917969,565600
2024-08-28,401.46266442465304,402.6922578968156,398.2637806896929,399.7047119140625,479100
2024-08-29,398.65761155163074,400.0697252278319,389.71423470762954,396.69793701171875,676100
2024-08-30,398.05241499591176,399.3492588699757,395.78536410030154,397.8987121582031,580000
2024-09-03,396.188794422302,399.1379070529298,385.5066967628242,387.6584777832031,652300
2024-09-04,386.6882698081828,395.1801533885651,384.9207312151266,389.5605163574219,542800
2024-09-05,391.7699781970412,401.2032817352112,390.3386625487215,394.10430908203125,846800
2024-09-06,393.64320077277034,399.45494504178015,388.67677820506555,392.40399169921875,618200
2024-09-09,392.45203185519455,406.5251207842787,392.45203185519455,403.61444091796875,684400
2024-09-10,404.0659523951009,414.74805154517713,398.1293225842295,400.3579406738281,569500
2024-09-11,396.9669720970698,397.5049174568368,380.4635120391826,391.9045104980469,1133200
2024-09-12,395.03612844837113,396.6691663276445,388.2253300406485,389.8583679199219,663300
2024-09-13,400.24288600242426,400.24288600242426,387.61175092069425,388.1131286621094,540300
2024-09-16,389.7619675618099,395.8750452152019,389.3955636660509,394.3323059082031,766700
2024-09-17,395.8461105767091,400.72500255168654,392.86671025861216,397.6781005859375,422200
2024-09-18,398.32407100618684,403.7140212205573,394.33226400229285,394.3804626464844,498900
2024-09-19,400.5032495372345,402.4895165424447,394.27447133910874,396.9742431640625,472600
2024-09-20,397.7070316448828,399.94400214838305,395.2290090464012,399.5872497558594,766900
2024-09-23,397.3406070352268,408.21687581668846,395.4893435204648,405.6424560546875,557200
2024-09-24,408.12042708235555,417.87823956929645,407.52262265826874,411.2734069824219,545800
2024-09-25,414.6095857377903,414.7252860304128,408.82433570423973,410.6756286621094,402300
2024-09-26,414.3878142465119,417.2804393122886,412.73902619810417,416.87548828125,328300
2024-09-27,417.50222481773426,417.73362541077375,410.1356587360651,413.67431640625,447000
2024-09-30,416.53798116585745,422.8246086218261,412.6522229352343,414.74456787109375,730200
2024-10-01,413.8864343747004,415.9884015163243,408.8821906825172,415.2459716796875,497200
2024-10-02,411.0034536621708,412.999342549326,403.58868922338064,408.052978515625,489800
2024-10-03,407.2526625545795,407.2526625545795,401.0817352046072,405.8256530761719,443900
2024-10-04,408.0047393863329,410.28028629292675,402.8365969828763,410.0874328613281,569000
2024-10-07,397.7358990180783,401.26490470767476,392.693079329541,395.32537841796875,965400
2024-10-08,395.797823144791,402.9522610903437,395.797823144791,396.4342041015625,710300
2024-10-09,397.8805869188766,404.32149191285646,396.56927763041335,398.4109191894531,1169600
2024-10-10,402.8462211624335,408.1975949515922,383.75490834647366,394.1201477050781,2344800
2024-10-11,399.9825051624468,417.37683065606143,398.04446654185085,414.2913818359375,1277300
2024-10-14,411.9290957178458,416.3451570485948,405.1892887142052,412.75830078125,648700
2024-10-15,411.24449513570477,415.96910996299823,409.32570059229823,411.9676513671875,657500
2024-10-16,410.86844206999456,415.6702100670147,407.7926151941879,413.02825927734375,502200
2024-10-17,414.08890350485916,414.609584245089,409.42213869229965,414.01177978515625,412100
2024-10-18,415.564122868156,415.91125315486335,410.68523125861185,413.500732421875,380800
2024-10-21,413.6453787299369,416.4898051090404,409.92354865385516,415.8534240722656,407600
2024-10-22,413.93461612787087,415.33272994889353,411.34089341734636,411.50482177734375,323500
2024-10-23,411.0805955217129,412.2858559917977,403.8393812013462,407.5708923339844,480500
2024-10-24,407.07911383967917,409.6921101533458,400.10787707815956,400.25250244140625,465500
2024-10-25,401.872374686607,404.9674750065009,398.0058900924723,398.9990234375,497100
2024-10-28,402.4701722473727,406.36558184630456,399.11471691855405,402.3062438964844,594000
2024-10-29,401.988112802636,404.4854089358279,397.48524679297464,398.3530578613281,499300
2024-10-30,395.0361717369557,402.0748809035145,393.3970057761005,395.3446960449219,471200
2024-10-31,398.131247659484,402.80766374052644,396.97418594396567,398.9219055175781,610700
2024-11-01,400.49357387327143,415.38095343906417,400.49357387327143,410.5888366699219,672700
2024-11-04,410.6371019937392,416.3837761530348,409.7885938443183,414.5903625488281,637600
2024-11-05,413.54893392857133,416.0366078204014,411.2637649659311,412.68115234375,543900
2024-11-06,419.43063709266335,428.4266881548964,414.57101871347015,426.13189697265625,654300
2024-11-07,428.0409984024274,432.7077632052459,427.37569229832883,432.38958740234375,387600
2024-11-08,436.7381812983074,445.8595839958305,436.08249726098654,443.2755126953125,611400
2024-11-11,445.36781266704855,446.18739561590917,430.5190105726709,430.8757629394531,653300
2024-11-12,429.0919845769958,433.1705964454849,420.7998163989721,424.8302001953125,357200
2024-11-13,424.8301853996591,427.75173538907745,422.6607167117158,423.8177490234375,348300
2024-11-14,421.3590085724596,425.30261681501923,416.86579456099406,420.3658752441406,763700
2024-11-15,442.13770250627516,443.7672168810759,414.10818969555453,415.024169921875,1571300
2024-11-18,417.9843483029064,434.7422952797085,417.9843483029064,428.976318359375,855500
2024-11-19,425.9486768664968,427.91564065311206,420.39482752710603,424.0588073730469,480200
2024-11-20,424.058855488737,425.60159486086997,417.38654963532287,423.2585754394531,508000
2024-11-21,424.6566892766172,434.0480699596273,422.3232919311415,429.892333984375,486900
2024-11-22,430.4225508020053,441.202391821836,430.0368733925429,437.1238098144531,518000
2024-11-25,443.7768346614336,457.41075305958657,443.5357826056697,452.38720703125,943500
2024-11-26,454.75926109866907,456.4080492134265,447.59517036757046,455.9837951660156,453400
2024-11-27,458.86675299421773,461.1615736008431,454.14213791162047,455.4341735839844,392200
2024-11-29,458.09534831908616,462.1835819085051,456.5429577257412,459.1463317871094,234500
2024-12-02,457.5939729335278,458.48105753772666,446.1488248487838,449.49462890625,656800
2024-12-03,448.97396641327697,449.7356697831724,442.48483396872535,445.6763610839844,619400
2024-12-04,446.9009216197695,451.7701914739877,445.32925729104204,450.1502990722656,399900
2024-12-05,451.1724002445144,454.0842989727376,448.7329542086219,448.7522277832031,466200
2024-12-06,450.75771181078215,453.90104016674803,442.6390947080606,443.1404724121094,387200
2024-12-09,443.3622591572474,445.7342032911658,436.5067229731436,441.356689453125,504900
2024-12-10,440.6431942394511,441.9834579040618,436.0535533034861,437.90484619140625,489200
2024-12-11,437.9241593483064,448.3376276116889,437.2685047054188,440.980712890625,397900
2024-12-12,441.60741446688996,452.08835428996616,441.241010594,448.2508239746094,485200
2024-12-13,447.63169654282484,450.6208056153745,435.046488422298,438.3741760253906,500800
2024-12-16,438.2097206242921,442.2048824032639,432.6184366280792,433.10211181640625,384800
2024-12-17,431.9606308958579,435.06581723430975,428.5071830825312,432.1540832519531,406900
2024-12-18,432.12503488458174,432.42491110938954,416.4249587493025,416.6474304199219,476600
2024-12-19,422.15170370521616,423.4576326341399,407.6317944459003,413.677734375,791200
2024-12-20,414.63537042305825,418.3983477990347,410.1662166891952,412.2653503417969,932700
2024-12-23,411.69462232379084,413.62932297872317,406.722456991633,412.6136169433594,332800
2024-12-24,413.57133234385185,418.04048665230465,410.9498209179468,416.92803955078125,214900
2024-12-26,414.49027173484984,420.16861333497394,414.34514557130143,418.4950866699219,300900
2024-12-27,413.9485702314129,418.36933884643133,413.9485702314129,415.5930480957031,291000
2024-12-30,412.4201777756245,412.4201777756245,406.95465376372175,406.9836730957031,399700
2024-12-31,408.41536058826813,410.3887341968439,404.9619124914723,406.0550231933594,333600
2025-01-02,408.79266462339723,421.5423377636518,407.834997027457,420.7297668457031,530400
2025-01-03,422.65475496956054,425.84699952045116,418.9110840775923,423.77685546875,505100
2025-01-06,426.35963995296623,426.35963995296623,410.1565226093198,410.64019775390625,589900
2025-01-07,406.1711008852538,408.2025426805561,395.15296538212067,397.4842834472656,833600
2025-01-08,398.08403783903793,401.44074500787974,394.6789749572322,399.2158508300781,522800
2025-01-10,396.61368270410344,398.06470837253306,388.81684047410357,389.194091796875,600400
2025-01-13,388.14932573967957,397.58099159877463,384.15416409341105,396.74908447265625,681800
2025-01-14,398.625715820678,405.44555344241553,398.625715820678,402.4951171875,514400
2025-01-15,407.0513833374667,410.1565698574824,396.32347093727503,400.41534423828125,468200
2025-01-16,400.41534197296045,408.9376965924006,398.45162185168493,405.2327575683594,526700
2025-01-17,410.3113362391263,414.025958115187,406.6837723537713,413.3971862792969,526600
2025-01-21,415.2351353497551,426.6885598853512,414.3258236642888,426.40802001953125,731500
2025-01-22,424.39595120303244,431.0609798337168,417.0537655117396,427.6849365234375,504400
2025-01-23,427.1529370908113,433.45036832499767,424.5700984495735,433.1408386230469,482300
2025-01-24,429.2617471202344,433.3729863884282,418.86273014774423,420.0525817871094,649800
2025-01-27,417.03438732040917,425.5374050018097,411.4431035841461,417.0730895996094,622000
2025-01-28,415.9606543986679,423.3512253121085,414.8385244396077,415.77685546875,428700
2025-01-29,415.77689160545066,418.94979987811087,410.6886188277386,413.81317138671875,496500
2025-01-30,427.2302629273356,456.6280533225522,424.37659719602516,436.0815124511719,973800
2025-01-31,434.7852859617923,440.6764461309187,433.6825218988042,434.4563903808594,449100
2025-02-03,430.69344834154447,445.1359833696778,427.1529421778102,440.9667053222656,633600
2025-02-04,436.7393939725102,451.7526624037815,436.36211312495533,450.71759033203125,545300
2025-02-05,450.85300134167426,451.7139278339153,435.6268861965696,439.902587890625,774900
2025-02-06,440.028304635643,455.7864491255701,440.028304635643,455.19635009765625,464800
2025-02-07,452.4974683250891,455.41888531266545,447.1770413326784,451.5010986328125,437400
2025-02-10,454.1419725023948,463.88319766575586,451.41403741524994,459.4333801269531,451000
2025-02-11,454.1806601189385,459.5010869015349,450.1177769492073,458.58209228515625,398800
2025-02-12,454.33544137496233,456.55065237001617,450.34993322726064,456.07666015625,414100
2025-02-13,458.51438935668176,466.9690516082305,453.0198463769904,464.21209716796875,547500
2025-02-14,464.37656212827204,468.1492524223498,458.8723358196959,461.0972595214844,507800
2025-02-18,468.05244264207704,469.41641009037625,459.9847447846122,461.93878173828125,729400
2025-02-19,460.4006586151275,463.64128770390255,454.75133696432596,459.8299255371094,563100
2025-02-20,457.55677442868165,460.71034642226596,452.7200220562854,456.3572692871094,528500
2025-02-21,457.3052227249519,457.5567432779748,443.9751352749951,447.2738037109375,834600
2025-02-24,426.6015257984843,445.25204030333913,416.92802181212414,440.7635498046875,1686800
2025-02-25,435.44312264122397,460.37173178810747,435.2109384711257,454.7901306152344,934800
2025-02-26,457.6921405838165,469.0101215164084,449.87593353450933,463.4671936035156,802100
2025-02-27,466.77555950941365,471.93152384477276,461.63893155327304,466.5337219238281,501500
2025-02-28,468.6522239973725,474.29186353353117,468.1492124443404,473.72113037109375,634300
2025-03-03,481.74055214726246,484.2072841299001,463.9122894008752,468.0235290527344,1003300
2025-03-04,465.2471698926003,472.7731545520573,461.41644119163556,466.0403747558594,725500
2025-03-05,459.58817861535255,465.4309832676787,454.47088675935,460.6329040527344,660600
2025-03-06,454.3354324090365,465.45996095743584,451.3269575984079,464.560302734375,671200
2025-03-07,464.8118792480076,469.9291712625823,444.2266633832827,456.63775634765625,788700
2025-03-10,449.7211762064954,452.7199682250446,422.6547320424999,425.6631774902344,1172300
2025-03-11,428.7297034360593,430.01626646177294,413.0199130727687,416.50238037109375,866300
2025-03-12,419.40441262089104,426.9981187225948,412.40080557981787,424.3862609863281,884900
2025-03-13,422.7320873953016,424.66678802411303,413.85181859414234,414.674072265625,584000
2025-03-14,420.579552333267,420.96806356886293,407.9527445066029,413.3628234863281,742700
2025-03-17,415.71336555191306,438.0531024857775,414.9654806820263,436.69329833984375,925900
2025-03-18,435.20725952537555,440.8213318526439,430.03025126109367,439.6849060058594,660500
2025-03-19,441.2680778782669,450.45650047200206,439.5100400892306,448.41680908203125,474700
2025-03-20,448.7373265775798,456.5076698949404,445.71661984087933,452.6710510253906,486100
2025-03-21,447.72716976555427,450.92273172674,443.63803492986216,448.154541015625,705900
2025-03-24,455.0701338304815,455.0701338304815,439.04380115679953,452.6613464355469,808800
2025-03-25,453.8172272823669,455.68209319471976,442.15198916984855,447.0570068359375,664900
2025-03-26,447.6689328000961,455.6529623570896,444.19171694097685,453.43841552734375,632800
2025-03-27,452.78762304926755,460.1597325839768,448.9024514594441,457.75091552734375,629600
2025-03-28,454.92445937599786,454.92445937599786,433.91538881170675,434.28448486328125,790100
2025-03-31,431.6037223377329,448.1642849701591,426.23247349366943,446.26055908203125,763400
2025-04-01,446.0759760681177,452.622480572228,442.90955180458366,452.1076965332031,503600
2025-04-02,448.91216926076083,456.8282008880738,445.49322874203966,454.9050598144531,587700
2025-04-03,442.7639015039373,462.2965886910093,440.967003600611,450.46624755859375,740400
2025-04-04,440.6367063435465,442.4044663981935,419.6567754049078,431.4579772949219,1057700
2025-04-07,421.83249963580914,440.96698185023047,407.07855793782556,424.037353515625,1147800
2025-04-08,435.4306020524606,440.9281235097879,416.04360376358187,418.35528564453125,770200
2025-04-09,415.9464534482159,448.1933889209966,413.741629281546,443.24951171875,1025800
2025-04-10,431.360889314702,443.20095251371083,427.3300295797627,440.04425048828125,787600
2025-04-11,439.1992293080868,452.5156767000991,432.5458668193645,448.9024658203125,625100
2025-04-14,452.03003642077744,462.9084995842383,451.16557147463516,462.20916748046875,588000
2025-04-15,459.79067861474624,460.2763251079146,451.57354824995974,455.1090393066406,409400
2025-04-16,454.41940999146715,456.2939982603029,444.26938686531145,448.98016357421875,368700
2025-04-17,450.10685518037434,457.18758885997215,447.0375659991516,453.34124755859375,403800
2025-04-21,453.3703617221158,460.48023263605836,449.640600662713,454.8273010253906,569800
2025-04-22,461.26700405849306,474.4474561619702,456.3231266282498,472.1843566894531,646000
2025-04-23,472.3688266817909,477.82751725879353,467.83290578692186,471.9317626953125,581400
2025-04-24,468.78484412293034,474.0589577331724,462.53940792012924,473.9618225097656,507000
2025-04-25,472.98078044190885,473.9909333535958,466.32741817452523,473.5829772949219,1020600
2025-04-28,463.32611155038717,483.2764752867329,457.47893917707034,476.5551452636719,1432200
2025-04-29,474.9622247632063,484.0535120154131,471.9997932956213,479.2650451660156,650100
2025-04-30,475.78784606391145,479.7507081625142,468.454566682551,476.29290771484375,611600
2025-05-01,474.36979057520773,476.7300253919237,467.12392363543677,467.57073974609375,499200
2025-05-02,472.2620085648928,475.3992951270669,461.36410165179444,470.6982116699219,594900
2025-05-05,468.163171074261,470.3971328555646,463.9769011067225,464.1225891113281,486000
2025-05-06,460.97567330661496,466.5606081726607,456.50771948547623,465.72528076171875,458800
2025-05-07,466.2205795830306,468.2894381475713,461.6360760314705,462.9958801269531,493500
2025-05-08,464.2294321243904,467.4929618908181,461.3835215303442,463.1318664550781,435300
2025-05-09,464.2683110142905,467.7261115697642,460.2277287563361,465.1521911621094,435100
2025-05-12,470.68855907944055,473.9909491080392,463.646685347815,468.27001953125,772700
2025-05-13,470.1057819660137,475.6227187395868,467.3570359938892,470.4942932128906,681100
2025-05-14,469.49384523134916,472.43686153833676,467.39584900634213,469.3578796386719,454100
2025-05-15,470.30000452725847,474.69995990251954,469.9406012779437,471.9609069824219,352800
2025-05-16,476.4191909552813,481.61561415496067,471.0673573269535,480.83856201171875,349300
2025-05-19,478.09955239569075,484.75288557014665,477.9829723396668,483.2376708984375,305200
2025-05-20,482.7325793198926,484.7528555431934,478.04124757721604,478.9154052734375,358000
2025-05-21,474.0006750503719,476.09867134852743,465.03563058265075,466.696533203125,471500
2025-05-22,466.5994279184739,471.13534933195837,463.31645305098806,468.4157409667969,416500
2025-05-23,462.84048580203256,468.09518399075773,462.84048580203256,466.63824462890625,352300
2025-05-27,469.43560302560996,472.3883419544491,466.9588178083642,470.64971923828125,389000
2025-05-28,470.4165576566209,474.7776530440196,469.09558397425303,469.24127197265625,373500
2025-05-29,469.93096089634554,471.533588331156,457.5761134205113,460.8979187011719,592300
2025-05-30,459.51865502021286,461.7040639410685,457.24583329950366,460.2179870605469,1229900
2025-06-02,458.1491566061126,459.51868317072785,442.1228235380508,452.62249755859375,711500
2025-06-03,450.5730291377359,453.5937355038547,445.3571619269761,451.19464111328125,559400
2025-06-04,450.67992215073366,457.0418790227669,450.60223175814366,452.53509521484375,384600
2025-06-05,452.47681499352746,453.4869679350469,445.43494128799375,446.8238830566406,433300
2025-06-06,450.6216329333515,455.1090014139646,448.73732232542636,454.76904296875,432100
2025-06-09,455.23528781354605,456.5562319764593,447.88259318588075,454.51654052734375,501600
2025-06-10,447.9020130573087,449.46578036669604,439.07293469070146,442.4141845703125,626400
2025-06-11,442.5696449612524,443.8808964260426,433.06067828961443,434.0708312988281,741500
2025-06-12,433.4297066728219,439.0146404929839,431.54539619522075,438.0530700683594,538500
2025-06-13,437.1950564775567,449.06145620054895,435.2644373474281,440.8710021972656,852900
2025-06-16,443.64994623077536,447.1894000133626,434.97196422279836,443.1136779785156,627500
2025-06-17,441.4755134363475,452.39613816760186,441.4755134363475,447.3356018066406,501900
2025-06-18,446.99435593577385,446.99435593577385,435.6057232397063,435.6252136230469,586000
2025-06-20,439.45719797412346,442.6651067518778,435.1474427858589,436.12249755859375,861900
2025-06-23,438.80389172539583,446.6433403145716,433.8993674809756,446.1947937011719,538700
2025-06-24,446.6043325387074,451.4503559079283,440.8515153801276,448.4959411621094,459500
2025-06-25,448.1936750024574,453.4004638553292,440.5394891775087,441.8265686035156,571300
2025-06-26,446.61408096470296,447.20885007243976,436.88302395761747,443.37689208984375,604100
2025-06-27,442.93810606355646,442.93810606355646,428.3610555531563,435.25469970703125,963300
2025-06-30,434.6306888344202,439.954479854388,432.46606592972597,439.3597106933594,668800
2025-07-01,439.93497743010187,450.4948078174268,437.9068467833164,446.1168212890625,434200
2025-07-02,443.87419250719245,445.600028733341,434.32839800190396,442.6163635253906,510100
2025-07-03,440.43223081354176,441.9435537334935,437.68256934984686,440.9002380371094,390500
2025-07-07,440.69548822613984,444.1374302383936,437.0195426003238,441.914306640625,512200
2025-07-08,441.7680570222085,448.7202020609882,437.1755277844404,447.9693908691406,600600
2025-07-09,448.0279374801917,457.55424228063885,445.61955084282295,451.9184265136719,571500
2025-07-10,451.91842886113903,461.64945713980063,451.1286368196612,458.1977844238281,476200
2025-07-11,459.04599466324476,459.04599466324476,451.39180958179344,452.8934020996094,421700
2025-07-14,453.4004579378934,463.10226458553984,452.0158671025972,461.14239501953125,627400
2025-07-15,461.22040475012466,466.02744746603616,453.6344796956148,453.78076171875,419200
2025-07-16,455.964856874383,460.7913600264378,451.2943362965606,453.6929626464844,783200
2025-07-17,453.8002449735228,460.22585234976765,448.80796930226376,457.0179138183594,852500
2025-07-18,458.0027279991532,460.2258516856876,452.75692857274316,454.3267822265625,1159400
2025-07-21,476.78230558745247,483.6271795535391,441.5340508532496,450.7093200683594,2382100
2025-07-22,453.5467329025441,470.6589624447845,446.69209886944435,468.97210693359375,1234500
2025-07-23,470.98072261994497,472.35555346969613,462.89750993154047,466.12493896484375,727800
2025-07-24,460.84989581006596,471.43897621513736,458.1002342467798,464.45758056640625,745500
2025-07-25,466.1737153087439,474.3154290055301,465.4326641236585,473.4183654785156,422900
2025-07-28,473.8766084105548,474.5396384989154,459.56281182477085,462.48797607421875,744800
2025-07-29,460.91817341783076,461.59096365009947,454.72656912062683,458.32452392578125,711200
2025-07-30,458.32448677670374,464.0285631827546,458.04174231545426,463.52154541015625,515900
2025-07-31,458.40251308777397,465.10113473266233,449.97802542090795,451.6551208496094,848700
2025-08-01,453.293221381421,455.98435228307983,449.8902600368174,454.5412902832031,511500
2025-08-04,454.72650817322784,456.80337950262185,449.9877564833223,456.3061218261719,512300
2025-08-05,453.02019617789375,453.87824916258705,435.6642326468192,435.97625732421875,855600
2025-08-06,435.9469666093873,440.2372013803259,428.4195430610926,432.70977783203125,749300
2025-08-07,435.2546965072535,436.91227169941715,428.04902774801155,431.38372802734375,645400
2025-08-08,429.0240998289021,435.7617318765178,428.58531327882577,429.0631103515625,469100
2025-08-11,428.74131655463407,431.4032267391483,422.6862348781122,429.5506286621094,679100
2025-08-12,430.4379414876347,433.88961395986627,427.76627117504904,430.1844177246094,540500
2025-08-13,429.2191350510116,440.4225051859119,428.9753713509046,439.730224609375,449200
2025-08-14,436.61004342153143,440.89054833800975,435.6154982235261,439.3499450683594,533900
2025-08-15,439.99344427644274,443.893663173076,436.64901371409377,440.0032043457031,559600
2025-08-18,440.2372519224839,442.0703597479772,433.36312733319573,433.7531433105469,745800
2025-08-19,433.7531543871485,444.7907823902893,433.3631383998377,439.3207092285156,687200
2025-08-20,439.7496732277463,443.318377029132,430.77915801326014,431.8127136230469,843600
2025-08-21,429.48239735699974,437.4486083217825,426.5377425156052,435.7129821777344,713800
2025-08-22,437.39007405139097,440.25673757640493,434.3869183261109,439.7399597167969,768800
2025-08-25,439.96421232583606,451.5283475576072,439.3596831324463,449.1687316894531,817700
2025-08-26,448.7592170891569,449.64652053870833,433.3826134183718,439.9642333984375,754000
2025-08-27,441.543791056018,453.98549923415766,439.94471673337125,441.2610168457031,855600
2025-08-28,442.7528344911008,443.92291205848653,435.8592202304153,437.76055908203125,477100
2025-08-29,440.05193093176007,448.7884126455898,440.05193093176007,446.8675537109375,430500
2025-09-02,447.7548771597206,457.3006713606138,447.7548771597206,455.64306640625,597200
2025-09-03,453.0299520912166,457.17393495166596,452.4059324984541,454.9605712890625,386700
2025-09-04,455.4577791245819,456.1598196872593,444.17641904637816,451.060302734375,463500
2025-09-05,451.5088620896129,454.9605643276213,447.3161384563068,452.2596435546875,329300
2025-09-08,452.5814186499021,455.56508381968644,445.12225572544133,454.4827575683594,527700
2025-09-09,451.6453970738287,452.649702331604,446.5751001909701,447.5209045410156,418700
2025-09-10,444.8102727749455,447.45266307701246,434.3186731053024,439.3207092285156,682900
2025-09-11,438.2871372169562,446.85787733100824,435.7324983750552,445.2295227050781,533800
2025-09-12,444.46893368569476,446.83830948015213,439.8764343514425,440.7734680175781,437300
2025-09-15,442.09492048680926,446.06893696666106,438.6298808917588,440.421142578125,512800
2025-09-16,438.59070637049336,440.49942190553764,431.20060956090794,433.05059814453125,634900
2025-09-17,434.53841154922486,437.0343966799471,427.72581612044274,428.92974853515625,611100
2025-09-18,427.3440362190029,427.3440362190029,418.2703640001313,420.9718933105469,813600
2025-09-19,423.5364726924141,423.5364726924141,418.37805942613994,419.6309509277344,1485700
2025-09-22,419.630941656538,420.40421971450235,413.90482465706526,415.9603576660156,1033300
2025-09-23,415.9995339822209,417.2622232846223,411.6143987291674,414.9130554199219,689100
2025-09-24,415.0206946928976,419.9148066586157,414.39423402306704,416.29315185546875,553900
2025-09-25,418.2801737389899,418.5836361723317,411.3305584184037,413.79718017578125,565100
2025-09-26,421.87247448219216,432.2871596521762,420.30635259338305,426.5218811035156,931900
2025-09-29,427.9313606295088,428.3620448683519,422.8512700647226,425.2102355957031,704800
2025-09-30,423.1449455254414,423.80076972943317,418.61302254167407,422.56744384765625,564900
2025-10-01,422.8023354854467,426.70782719046673,418.1137679601435,419.09259033203125,606700
2025-10-02,417.48731793206747,423.8105321227628,414.41383113916663,422.10736083984375,492200
2025-10-03,420.8936127210479,422.1073428826407,417.0957772036008,417.67327880859375,541200
2025-10-06,416.9783541030523,420.8936438129401,412.4561992675383,413.95379638671875,442600
2025-10-07,414.4039987415052,415.9799182017978,401.15073623182576,402.71685791015625,789700
2025-10-08,405.36956376444545,408.3157991717064,402.57991367016785,404.74310302734375,557200
2025-10-09,406.7594269610057,406.9747690800491,396.5307211133785,396.7460632324219,883000
2025-10-10,398.38073151770374,403.2748436985109,395.80642373119275,397.7640686035156,881800
2025-10-13,395.9923591053758,402.1980890878542,394.9939710832704,399.614013671875,991900
2025-10-14,398.62540472315675,419.19047199402166,390.36414164379516,415.2458190917969,1630700
2025-10-15,412.5540561194852,416.6063651280653,404.26342959425386,408.6191711425781,873300
2025-10-16,408.3842664008318,416.97832553029,405.5456875299301,408.1199951171875,661200
2025-10-17,408.86388511396103,411.80035223333516,406.72026172711486,407.4446105957031,514700
2025-10-20,408.29619845945217,416.0484552528447,408.29619845945217,413.983154296875,402900
2025-10-21,413.9831396487379,415.1185771937136,409.63716589328527,410.9879455566406,434400
2025-10-22,411.6143493434081,416.23439186722885,407.1900832311938,415.82330322265625,635200
2025-10-23,414.14951127900747,415.81352122697723,411.6241627526133,412.828125,689800
2025-10-24,413.3077611906373,414.7172678458573,405.4673841548869,406.0742492675781,482500
2025-10-27,406.2602000558444,406.4559764722568,399.1441724014324,403.9599914550781,554900
2025-10-28,403.96980409814415,406.2015180844454,401.2682744544893,402.26666259765625,430800
2025-10-29,399.5553005192245,401.3465323001214,394.7296835675268,397.2746276855469,550200
2025-10-30,394.29901623505276,398.45901145601016,393.32999161298346,395.40509033203125,685200
2025-10-31,394.4654381106091,394.4654381106091,385.949671046554,390.0215759277344,716300
2025-11-03,390.21734373529245,398.28283079726475,384.56954920959635,395.08209228515625,715000
2025-11-04,399.251895359718,401.3661255220413,394.79823537989967,398.2632751464844,649000
2025-11-05,397.6759498456279,399.5650698437633,390.7948298043502,391.9302673339844,686300
2025-11-06,392.31201195167574,397.392102674817,389.2972520570876,392.9580383300781,516000
2025-11-07,393.9662008540078,402.37428131488576,392.50776510109756,401.49334716796875,486400
2025-11-10,400.33836461449386,401.4933678860815,390.40332315394215,398.9582214355469,463700
2025-11-11,400.367730648838,402.1589625223984,397.80322070455543,400.5635070800781,279000
2025-11-12,400.37756269486374,402.79525545825965,393.6824203972963,395.2093811035156,544100
2025-11-13,396.0608973468956,403.56844813990125,395.4344366966314,400.0251159667969,486000
2025-11-14,400.73969908734153,404.02852815033214,396.628632887313,401.47381591796875,445400
2025-11-17,401.90448401756095,402.69732777304796,394.6122451780988,396.0609130859375,500600
2025-11-18,394.86674250959953,399.3595336789329,391.5289545871891,394.7982177734375,312400
2025-11-19,394.905910624998,396.7656672173167,391.03955018281,391.2059631347656,326000
2025-11-20,391.4897962508539,394.46542469189507,388.66101506591025,388.79803466796875,486500
2025-11-21,390.22714671874894,404.8898874299525,389.73773550950904,398.7722473144531,476300
2025-11-24,400.33835813206997,404.81158363043,392.75248459778254,394.1424255371094,667400
2025-11-25,395.0527086820953,409.343521047667,395.0527086820953,408.7757873535156,647600
2025-11-26,408.47236352413205,413.2881827596033,406.5049209886674,406.7887878417969,497000
2025-11-28,407.3467406334745,415.0109070150327,406.25046430586724,410.7432556152344,243400
2025-12-01,410.9194200789094,419.4645501916904,409.94059770100364,414.8738708496094,634700
2025-12-02,414.1789221705939,419.49392060135654,411.11520329770724,415.64715576171875,645000
2025-12-03,415.9995272034067,424.3195177474749,415.9995272034067,422.5478515625,483900
2025-12-04,421.69624907023535,424.388010514059,417.81032317284576,418.0256652832031,570800
2025-12-05,417.2622049805427,418.9359829034156,406.32874574130847,407.72845458984375,751000
2025-12-08,408.1297871929882,414.6193846060826,406.0155271847885,409.6078186035156,651600
2025-12-09,409.2358842027228,412.5638746370769,404.3711353164583,408.3549499511719,490900
2025-12-10,408.5409215889907,411.23268334380975,406.3972980199953,410.0091552734375,436000
2025-12-11,410.3419354999031,424.8089296512389,409.5392939475816,424.4859313964844,552600
2025-12-12,425.78777485912315,429.11576528606264,421.1481659056783,422.5870361328125,552900
2025-12-15,422.28230949272853,432.5032495322419,420.58211362563287,429.9676818847656,815100
2025-12-16,429.9676827705094,431.55978687710746,425.0341215276708,426.4296569824219,696100
2025-12-17,425.7908841180589,434.39023838472485,424.56240493710663,430.87188720703125,580800
2025-12-18,430.5573798666081,434.7342089899583,423.29459671235423,423.9432373046875,710500
2025-12-19,425.01446722547297,426.8227849397063,420.81799323582555,424.0808410644531,958300
2025-12-22,423.4420004656469,423.9039098187595,418.921221255637,420.5231628417969,644300
2025-12-23,419.3732711691948,424.5034009525916,416.92615046526254,418.8425598144531,491700
2025-12-24,418.33155022762185,420.88679284973193,416.7001263226759,418.1054992675781,195000
2025-12-26,417.3979045285633,419.6190044776228,416.1989076523675,418.2332763671875,214700
2025-12-29,417.43717783579837,418.6656568759273,413.56500950193896,413.9974365234375,326000
2025-12-30,414.0367865439462,417.33892404917816,412.3267232002967,414.65594482421875,243800
2025-12-31,414.6952591973168,416.621536181967,409.02460999349273,409.6437683105469,389900
2026-01-02,409.525831469691,418.0858659987099,408.83787113197695,417.9580993652344,398200
2026-01-05,408.83784310208836,412.7689762088392,398.1844759818534,404.3563537597656,1038800
2026-01-06,403.4325369334016,407.26538573165607,399.3048351554871,399.50140380859375,895900
2026-01-07,398.47929599407587,400.66107605172624,395.37369726386044,398.51861572265625,675800
2026-01-08,395.275451470497,401.94852841921556,393.11331623434177,399.58001708984375,806600
2026-01-09,398.8429116258202,401.95834771295955,395.45232742158413,398.11566162109375,448800
2026-01-12,398.2630960390325,409.7616726789435,397.7127397888242,408.7887268066406,595700
2026-01-13,407.973019762738,409.75185522821397,401.20165807202847,403.83551025390625,426600
2026-01-14,402.4301229341835,403.96326250739423,397.358957425807,400.36627197265625,513600
2026-01-15,398.7643213634015,402.9411503610465,396.1206319043423,402.04681396484375,609200
2026-01-16,399.99282461808235,400.97560797095235,391.98314629062554,393.3885192871094,673500
2026-01-20,387.95370022078083,389.17234189187246,375.88512272835555,380.96612548828125,1325700
2026-01-21,386.46970878506266,396.93637528915707,385.00537121444,392.05194091796875,927500
2026-01-22,392.64156354941196,400.9755765253538,390.164960491582,398.3515319824219,647800
2026-01-23,396.28770691285166,406.5381291730721,396.28770691285166,404.4153137207031,725100
2026-01-26,405.6438117539309,411.0982471349791,402.4596034226956,406.7838439941406,783500
2026-01-27,405.2015603069429,412.59211024101484,400.9756039290673,406.7445373535156,668200
2026-01-28,407.0196743013812,407.8550460567979,394.1059180775806,398.3908386230469,654700
2026-01-29,400.7004068387967,406.50865972002856,396.49409552956695,400.0714111328125,672100
2026-01-30,399.5014254378707,403.92395044271797,396.73980666755057,403.2654724121094,582500
2026-02-02,404.5135894677226,405.8894800117023,396.8085724292721,402.174560546875,927700
2026-02-03,398.4596615787805,407.19658947660156,388.89716931994025,394.2041931152344,1071700
2026-02-04,396.65136819086774,398.8429558781626,392.13055875812995,394.8135681152344,1069500
2026-02-05,396.3368547737553,400.661095368962,384.28792171307407,386.65643310546875,1120300
2026-02-06,383.29533196723025,389.89963707277735,383.29533196723025,388.08148193359375,757600
2026-02-09,388.19942633241453,389.1232450881233,382.30272618559303,385.4083251953125,837700
2026-02-10,385.40829779310906,391.0003371007956,382.63684172303084,383.0201416015625,732200
2026-02-11,380.5533266540806,381.31989638010657,370.69601197569375,377.3887634277344,1357800
2026-02-12,377.61483177359025,379.3543473880085,371.49208112089946,375.2070007324219,1010400
2026-02-13,373.72299123282846,378.7351920148444,366.9811122535037,369.0351257324219,991600
2026-02-17,369.3004874784744,370.6370884262255,364.31779870358974,367.069580078125,838100
2026-02-18,368.3471813006285,377.7032978280385,365.63471969556605,376.39617919921875,841400
2026-02-19,376.89738707157085,384.07169300331606,374.44042887684094,378.49932861328125,994100
2026-02-20,377.48705167046074,383.29530426697346,374.2536863857477,377.9882507324219,1075900
2026-02-23,394.98059670927404,406.83296074099053,385.34933250177227,393.46710205078125,2120900
2026-02-24,395.8159670734351,410.52823401387735,395.40318489818367,407.06884765625,1385800
2026-02-25,406.1548595019803,406.6757334716951,395.58013117446524,396.9855041503906,1113100
2026-02-26,400.27782437365795,400.27782437365795,389.14287262995754,392.4155578613281,1298800
2026-02-27,390.7251568275811,398.1451586137026,386.4205612514192,395.5801086425781,808700
2026-03-02,390.68586285981047,397.8700067293348,387.2166388434631,394.4597473144531,1026100
2026-03-03,388.7890607710509,403.147509696925,388.02249103362266,401.3490295410156,806900
2026-03-04,402.05666771217915,404.9067333807461,399.33433868354007,399.6193542480469,718200
2026-03-05,398.49898206912843,400.66108732725263,393.3491771981188,395.766845703125,759200
2026-03-06,394.09608206187966,403.70770101821597,388.199382579657,401.3785095214844,775500
2026-03-09,398.96089633430563,409.4176951474205,392.07157573987814,408.62164306640625,1099500
2026-03-10,405.0443263460603,405.4079513707267,392.93642881159406,393.6243591308594,1335900
2026-03-11,392.72022020577054,392.8283119746026,384.57293809480365,386.51885986328125,1221300
2026-03-12,384.9463879238162,390.22392937405806,382.351825650979,389.16253662109375,1161100
2026-03-13,391.3256888988034,398.53626173731226,389.8736992703304,396.70892333984375,982500
2026-03-16,395.58287591260415,397.24231415734045,387.19691163065414,387.4635925292969,1052000
2026-03-17,388.18468496365665,393.3012086912958,386.64380160277426,391.3257141113281,965100
2026-03-18,387.8191972196612,389.00447580177286,371.4028431866419,372.30169677734375,1381100
2026-03-19,370.4743450070754,375.54149290408174,367.6888907026687,370.7015075683594,1052500
2026-03-20,368.8544276549413,370.53360994326744,360.6265067869085,368.7754211425781,1262200
2026-03-23,368.7063078827516,372.45973553418446,358.96713405441557,362.3056945800781,1130900
2026-03-24,361.7821884886082,362.29583637054105,355.2630804997669,355.67791748046875,880300
2026-03-25,358.2559124607055,360.0437324361168,354.6604982744442,358.0879821777344,943300
2026-03-26,358.3053191522865,360.3005577690413,352.61588527939176,354.14691162109375,1202200
2026-03-27,353.6135330297062,354.48275547578083,342.1458013576695,343.8743591308594,896800
2026-03-30,343.87433439665347,350.48233561927026,342.066740089116,348.6155090332031,1252900
2026-03-31,349.7810366192206,357.28792143186826,345.28679887841537,354.3938293457031,1150000
2026-04-01,354.6407698923544,358.0386227366545,347.3215593835154,357.1101379394531,982700
2026-04-02,357.9595834381706,367.6592682901003,353.61350173606684,366.27642822265625,995800
2026-04-06,364.73554236194036,377.4478440602541,364.2910440624759,376.1044921875,1099200
2026-04-07,376.47984337947383,377.05275364220125,362.8884622561242,363.6391296386719,912800
2026-04-08,367.05673042537063,372.3313271133409,364.38983101414664,371.6300048828125,619200
2026-04-09,368.35069457286147,371.8176667046881,367.4419538967915,368.72601318359375,641100
2026-04-10,367.7975589621155,368.42973168382474,359.7079365535523,361.46612548828125,529600
2026-04-13,360.9129683377885,365.56524926706743,357.88057716183204,364.310791015625,801200
2026-04-14,362.99711630100876,372.47949598005164,362.99711630100876,364.64666748046875,597100
2026-04-15,364.6466475791024,365.4664644930013,360.97222678439965,363.56011962890625,644500
2026-04-16,363.39220126220823,367.4419709492505,361.7624243552769,364.4787292480469,711900
2026-04-17,365.9899990854364,372.3708380850453,364.47874695016975,367.5012512207031,690000
2026-04-20,367.2641740362639,367.6098915877222,362.8785740221685,364.9330749511719,662800
2026-04-21,365.13062479210544,367.43206244957565,362.27602098377224,364.67626953125,561100
2026-04-22,365.3973391647689,368.5186241450264,361.3772005545047,361.44635009765625,543000
2026-04-23,362.87858615024965,368.18278401039265,359.5399956533412,367.82720947265625,846900
2026-04-24,364.6663803914114,370.82005611707945,362.39457395608014,363.3230285644531,1381200
2026-04-27,337.2860643615715,339.79495088893515,324.7120306558023,331.191650390625,4092200
2026-04-28,334.16477106365284,340.99010820550853,330.9150741580186,336.2884216308594,1669400
2026-04-29,335.70564793507685,336.94033197882175,322.5389905557888,328.23828125,1627400
2026-04-30,328.23827113450153,336.3476672436833,327.8431782814096,335.26116943359375,949900
2026-05-01,336.82178183739194,338.50096406823525,330.2433821291361,333.63134765625,691000
2026-05-04,332.8016740677024,336.5946198945632,324.1984039511274,326.3714599609375,1062800
2026-05-05,325.75899983651067,331.53732672509454,325.0675949138299,327.6653747558594,739000
2026-05-06,330.17424287807825,331.56697003544576,318.22252597486937,320.6820068359375,1132200
2026-05-07,320.682000973599,332.2485119353447,319.86215393912903,328.45556640625,1035700
2026-05-08,330.44096126260337,330.81631002673834,317.333536446803,319.5164794921875,947500
2026-05-11,318.8349193383845,321.50181862703494,306.26088693788097,309.3821716308594,1146700
2026-05-12,311.9601900108597,313.36280432098835,305.697876277759,306.35968017578125,953400
2026-05-13,305.70774760436325,308.99693240100333,302.2506325264464,304.70025634765625,914600
2026-05-14,305.2138830331868,307.6832510188922,299.87016709488205,300.2850341796875,714000
2026-05-15,302.94208953630914,305.4213146026023,298.4181903120317,298.58612060546875,745500
2026-05-18,297.16374885709956,305.08547048829496,293.8350456417538,304.22613525390625,876100
2026-05-19,305.21388621524653,310.6860141688429,301.56909661885385,308.9179382324219,857300
2026-05-20,306.8436879532784,314.6666597110544,301.85557622316867,312.0985107421875,795300
2026-05-21,309.45134765534465,313.87643609006096,305.1743851373054,312.5923767089844,613100
2026-05-22,312.0293556677349,314.65676701562427,308.1672602358931,312.6417541503906,506200
2026-05-26,312.2466573797253,313.6097534144009,306.0337187065051,306.61651611328125,665200
2026-05-27,306.6165143639532,315.62476445379247,306.6165143639532,307.90057373046875,718700
2026-05-28,307.49559219550554,309.1155121450268,302.270400833208,306.54736328125,650900
2026-05-29,307.15977203992907,308.83895446886766,304.42372293341504,306.7745361328125,714200
2026-06-01,307.51533714904866,311.66388764396066,305.381829621918,309.8661804199219,706900
2026-06-02,306.31027642401097,308.7599003853147,303.23839703376245,303.76190185546875,530500
2026-06-03,303.4754423443788,303.4754423443788,296.57109901087705,303.0111999511719,762100
2026-06-04,307.55484677908163,310.3995635929899,301.60861937199064,303.7421569824219,745900
2026-06-05,305.8756857589168,311.9700690441271,304.18661635965736,310.1427307128906,878800
2026-06-08,307.110379231781,312.11823473332345,304.94721040619135,309.6883850097656,738400
2026-06-09,309.6883921646705,315.7432875925754,308.38455856828585,313.79742431640625,592700
2026-06-10,314.86416631816525,315.1605085664516,310.6168653856006,310.9131774902344,524600
2026-06-11,307.67337530122086,312.9281978039857,302.9618318616327,308.4339599609375,986700
2026-06-12,310.93297151063757,320.25730814934394,310.15264272724704,319.9115905761719,840500
2026-06-15,319.91157415788,324.84107989584675,314.19691552388394,314.5745544433594,852000
2026-06-16,317.1287839344101,321.83964092190575,315.54856013898444,318.5400695800781,801600
2026-06-17,316.04546785402664,320.6867778497905,312.20920723659185,312.4278259277344,674100
2026-06-18,310.9072417702045,318.87796791038573,309.0984510745348,310.5494689941406,2507900
2026-06-22,311.1855086736742,311.65262111270266,292.4712573755889,293.296142578125,1214000
2026-06-23,289.6189039479467,292.5507541000663,280.26673719828943,281.2904052734375,1491400
2026-06-24,282.3836635764659,291.527099643261,281.65813943882534,285.8522033691406,1235300
2026-06-25,287.4225075983084,290.3046773167199,283.2582580902901,283.68560791015625,767000
2026-06-26,286.2596810142452,297.06286591880365,285.4844763386929,296.3472900390625,1565600
2026-06-29,298.106437024302,300.14382502908535,286.2298728754192,292.24267578125,911800
2026-06-30,293.7632644429916,295.90999208293937,291.1991352322254,294.220458984375,894100
2026-07-01,298.88161741178885,304.5266988330169,295.26397558761767,302.3103942871094,733500
2026-07-02,306.8026473599963,310.08235241701937,303.89063298681265,309.74444580078125,804200
2026-07-06,310.5494629192816,310.5792773167037,298.9114447320722,304.02978515625,828100
2026-07-07,308.62138861711986,318.0033699827477,306.85233024220315,311.2153625488281,766500
2026-07-08,307.7467884932196,307.7567367357043,298.4741469272731,300.4916687011719,852700
2026-07-09,295.18449178717543,301.2966858652825,293.1272073862981,299.03070068359375,672300
2026-07-10,299.497813301621,304.0198354252081,297.1821172364817,297.6194152832031,624400
2026-07-13,299.0605026662589,310.0723876601456,299.0605026662589,307.945556640625,1028500
2026-07-14,303.6222872375264,308.31327763488747,303.11541217516134,307.945556640625,857600
2026-07-15,308.6114346957643,315.0516174797685,306.8523245958313,308.95928955078125,682500
2026-07-16,310.40040025028213,328.3990765112501,309.3767321347164,327.6437683105469,1385900
2026-07-17,328.7965962444284,334.40194550066906,314.2366460474304,320.19976806640625,1587900
2026-07-20,340.6433621136936,347.8488015748877,322.0086048864675,326.94805908203125,2822000
2026-07-21,325.37776253336625,334.521197957555,315.58829796969127,324.3341979980469,970300
2026-07-22,329.6016361856465,329.6016361856465,316.6815388477073,317.86419677734375,936500
2026-07-23,318.3015191150254,321.6011207356029,313.73973419230316,321.2632141113281,712600
2026-07-24,320.24948306836217,333.82552801250637,320.24948306836217,330.9234619140625,820600
2026-07-27,333.50748189696793,346.45739394856935,333.50748189696793,341.4185485839844,1075400
2026-07-28,347.7394961505498,357.4891988155177,344.8175637579286,348.31591796875,1127200
2026-07-29,348.216507255048,362.3391594843189,345.4734614064607,357.7873229980469,1292200
2026-07-30,351.01918582885804,352.9572126488046,340.6930314716166,350.0849609375,835000
2026-07-31,345.254854358687,347.9183750182995,340.8520593791688,345.3045349121094,652400
2026-08-03,349.04142828964564,363.2038433814634,349.04142828964564,362.17022705078125,912700
2026-08-04,361.7527805172843,369.8725781865646,360.9179470905172,365.37042236328125,1002900
2026-08-05,366.73201434836506,367.2388894396523,359.983739250474,364.356689453125,680300
2026-08-06,363.7603869382266,363.7603869382266,354.8157040194713,356.2269592285156,509900
2026-08-07,352.758435314253,353.02676489491404,347.6102804185547,348.79296875,826700
2026-08-10,341.6769621363025,350.0949039451101,338.9239680556963,345.7120056152344,841200
2026-08-11,342.2633413257996,359.28806002314025,342.2633413257996,355.1436767578125,703400
2026-08-12,351.5657951101045,353.36466786523954,347.7494005745137,351.5459289550781,410100
2026-08-13,355.47166374011937,355.80957035615705,345.02625172051074,348.723388671875,617300
2026-08-14,350.04518623376003,350.4526698706287,343.8833117901518,344.1416931152344,502800
2026-08-17,340.85206418532255,342.87953427167923,332.43412194232184,333.3584289550781,687000
2026-08-18,337.055540170479,341.6471391636643,332.72232250093197,334.18328857421875,598200
2026-08-19,333.9348366436213,343.69448706520507,333.40809540616345,334.4516296386719,673700
2026-08-20,331.6290883884831,339.599814306685,326.6995826321687,332.3148498535156,982300
2026-08-21,332.45401867795806,341.1104761152714,330.2973427532499,339.7489013671875,702200
2026-08-24,335.6542298634674,347.14317651177225,335.6542298634674,346.8648986816406,707300
2026-08-25,344.1218303377569,351.7546191798375,344.1218303377569,347.75933837890625,940800
2026-08-26,345.3939769421442,346.7555516654164,339.1724430422204,342.4422302246094,884700
2026-08-27,337.2046158287887,340.7427324218628,329.01524106942054,330.01904296875,787900
2026-08-28,334.92868765694755,350.83034641810826,334.4317608206613,347.8487854003906,1037400
2026-08-31,345.97038307834464,350.82039379270475,338.2481510577384,339.95758056640625,2509600
2026-09-01,339.89797102977394,348.95196382833257,337.90031535408394,338.2779846191406,766700
2026-09-02,340.91168614484405,348.7034955335767,336.6381273556949,344.5491943359375,692300
2026-09-03,345.3343317272873,347.09344178298613,338.0493977600078,344.89703369140625,595000
2026-09-04,341.7962350612372,342.6906973395101,336.9263579195217,338.9836120605469,635000
2026-09-08,339.6991897306597,342.1639578777232,333.0403879974775,333.3484802246094,564700
2026-09-09,330.9532717254052,332.0365685848455,319.2158623227456,319.48419189453125,789900
2026-09-10,318.2518280668619,321.1240494434908,314.49506235261595,315.3497619628906,556500
2026-09-11,318.38103420083786,319.623351307654,308.7307234074923,309.684814453125,597100
2026-09-14,314.0577665151172,323.8472314424285,314.0577665151172,321.7799987792969,647200
2026-09-15,321.7799987792969,322.8900146484375,310.3999938964844,310.82000732421875,679000
2026-09-16,310.82000732421875,312.3800048828125,299.8900146484375,301.29998779296875,774200
2026-09-17,303.7699890136719,304.3900146484375,297.42999267578125,297.6499938964844,834000
2026-09-18,296.6199951171875,298.2300109863281,293.3699951171875,294.20001220703125,1668700
2026-09-21,295.0,298.3800048828125,294.45001220703125,295.94000244140625,810600
