Date,Open,High,Low,Close,Volume
2021-09-22,23.07076463649177,24.341512010002923,23.05497859951216,24.025798797607422,15922200
2021-09-23,24.1363019186683,25.983224883912175,24.065266246300503,25.888511657714844,15590400
2021-09-24,25.57279638369934,26.314722073504807,25.46229412230474,26.117401123046875,10329400
2021-09-27,26.835642024448937,27.69596125684433,26.772497892111172,27.62492561340332,17222100
2021-09-28,28.043260402236573,28.390547299672807,27.51444155151082,27.727548599243164,15516900
2021-09-29,27.61704542311405,28.445792929061778,27.26186706031383,28.216899871826172,13299100
2021-09-30,28.019574307266094,28.343180537985287,27.553896754682015,28.0274658203125,15487000
2021-10-01,28.30371902486831,29.33767892979363,28.264255434987305,29.053539276123047,14253500
2021-10-04,29.59814362217725,31.097784103385777,29.550785508465374,30.592639923095703,19176300
2021-10-05,31.03463369097458,31.760776233673422,30.647886378424392,31.634490966796875,19210500
2021-10-06,30.797857603066365,31.397712031835137,30.024359755839676,30.52950096130371,16983600
2021-10-07,30.632102684499586,30.766279473549982,29.613925948883015,30.308496475219727,14063200
2021-10-08,30.782063410488597,31.547669540845902,30.63999210772377,31.460847854614258,10952800
2021-10-11,32.092273880996565,32.25013121707006,30.979384027451893,31.13724136352539,10102100
2021-10-12,31.14513231362001,31.752881089469177,30.592633152768204,30.97938346862793,9319300
2021-10-13,30.45056564273855,31.074097458049035,30.032243247371284,30.774171829223633,7691400
2021-10-14,31.389817379535447,31.52399418156279,30.797854524024448,31.397708892822266,7627800
2021-10-15,31.768671861726446,32.344848654683375,31.595028468193604,31.650278091430664,7737500
2021-10-18,32.10017368769701,33.13413664582354,31.476641715945256,31.981782913208008,11777300
2021-10-19,32.07649067067004,32.99995421094105,31.658171252488327,31.808134078979492,16074300
2021-10-20,31.437179141765846,32.384317411843675,31.19250004916423,32.28960418701172,10565100
2021-10-21,32.04491579811922,32.194881622383505,30.908348397218703,31.334562301635742,9937800
2021-10-22,31.53188705540611,31.93442045129905,31.066209513008364,31.91863441467285,7334500
2021-10-25,32.360637971999594,32.59742252571648,31.642389786226957,32.092281341552734,8639500
2021-10-26,32.29749078500878,32.94470625366792,32.16331398782734,32.76316833496094,6663000
2021-10-27,32.123850164231925,32.407992804260964,31.105673374420743,31.263530731201172,9047100
2021-10-28,31.192490535398747,31.997560228120513,31.168812989132235,31.965988159179688,5849200
2021-10-29,31.80023981503267,31.879166977751165,31.058311237614475,31.634490966796875,7957500
2021-11-01,32.38431405582347,33.46563505320648,32.22645970108853,33.14202880859375,13381700
2021-11-02,32.96048899194322,33.568237857651965,32.91313389258842,33.134132385253906,9657200
2021-11-03,33.615594855989464,34.752162366090516,32.739489416360534,33.12623977661133,15035600
2021-11-04,33.907628174711135,34.53905455386359,33.047308792216384,33.434059143066406,11428000
2021-11-05,34.01024131730819,34.46802438600218,33.402492389709096,34.39699172973633,8681700
2021-11-08,34.84688078710038,35.352021934645386,34.57852417610726,34.82320022583008,8016400
2021-11-09,34.82320104149583,35.04420255688235,33.63927532012654,34.72059631347656,7071000
2021-11-10,34.29438215623632,34.63377443550123,32.842099824996296,33.41038513183594,9206500
2021-11-11,33.6156005655546,34.19177743657917,33.607709051542344,33.71820831298828,6521100
2021-11-12,33.41038322132607,33.83659416620494,33.173595683097275,33.607704162597656,5994800
2021-11-15,33.584026285167326,34.539058994605405,32.889455673358334,34.081275939941406,8705800
2021-11-16,34.097052472747485,34.62587104496314,33.74187424692009,34.278587341308594,5649100
2021-11-17,33.923423346103874,34.720601810802215,33.18938904176469,33.37881851196289,7821700
2021-11-18,33.4972019046507,34.68902207596271,33.007846813367976,34.1917724609375,8311900
2021-11-19,33.03941724081498,33.291987792178425,31.89495523633021,32.044918060302734,14549800
2021-11-22,31.95810153597657,33.18938230423418,31.729208517459412,32.471134185791016,10696700
2021-11-23,33.32355596462918,34.483800858295254,33.32355596462918,34.28647994995117,11164000
2021-11-24,34.065484547891366,35.95976664204771,34.01812644173002,35.588802337646484,12219100
2021-11-26,33.157800266112254,33.8286930831665,31.500306032689338,33.70240783691406,15887500
2021-11-29,34.752154468241734,35.54933255646915,34.05758709757922,34.66533279418945,10617100
2021-11-30,33.7734577515351,34.617991257356735,32.77106686845505,33.19728088378906,18070000
2021-12-01,34.681134913122875,34.681134913122875,32.16332025214738,32.23435592651367,12620600
2021-12-02,31.79235016770633,33.03942000387341,30.837317502314818,32.82631301879883,13679300
2021-12-03,33.44195672130121,34.12074133108855,32.32117507137626,32.968387603759766,9960200
2021-12-06,33.426164619707855,34.08127155805749,32.63688089304766,33.434059143066406,8408000
2021-12-07,34.03391274306801,35.82558712664797,34.03391274306801,35.61248016357422,13003800
2021-12-08,35.77823614415334,35.951876532973856,35.13891518143411,35.44673538208008,8233300
2021-12-09,34.97218598517894,35.036533706987946,33.79786767657892,34.03916549682617,10979600
2021-12-10,34.57001269244631,35.00435049380827,33.387649700383456,34.92391586303711,8017500
2021-12-13,34.240249028180614,34.58611037741625,32.961367149633794,33.02571487426758,9522800
2021-12-14,32.49485120634705,33.04179447125766,32.084642223530246,32.446590423583984,11249700
2021-12-15,32.43854864463035,32.44659057432771,30.70119727630084,32.15703201293945,14637100
2021-12-16,32.454628190360076,33.419822243944154,32.205288515402415,32.46267318725586,10234000
2021-12-17,32.07660257504756,32.253552654560806,30.805762819651736,31.529659271240234,20547600
2021-12-20,29.2614482965026,30.870104010487633,28.59385470243052,30.773582458496094,20487400
2021-12-21,31.33661870689894,33.42787338545043,31.32053177841763,33.22679138183594,15177900
2021-12-22,33.22678888058715,34.505670450034316,32.73614833777939,34.01502990722656,7569800
2021-12-23,34.200018384812516,34.40914226253422,33.75763870897531,33.821983337402344,5399900
2021-12-27,33.72546651587612,35.99367077512664,33.22678411508974,35.881065368652344,8186200
2021-12-28,36.11432732717432,36.47627246153431,35.470862492161615,35.79259490966797,6374500
2021-12-29,35.599553947752426,36.26714762334887,35.33412731803085,35.55129623413086,7497800
2021-12-30,35.66390132040768,36.03389143993079,35.0767422868338,35.125,4919200
2021-12-31,34.98826147052642,35.639768133519325,34.83544028362217,35.430641174316406,4895700
2022-01-03,35.50303571513344,36.81409115095595,35.36630143450298,36.65322494506836,10232500
2022-01-04,37.21625880648903,38.58361708915288,37.095608373092695,38.33427429199219,15536400
2022-01-05,38.72838888467856,39.154681681823796,37.41733357319576,37.489723205566406,13786800
2022-01-06,38.96163717268226,39.40401991326806,37.80340625580397,38.90533447265625,14529500
2022-01-07,38.961644947067576,40.01531567029904,38.46296247521598,39.32359313964844,15611900
2022-01-10,38.824911702829645,39.21903069216078,37.62646167061637,39.00990676879883,9846200
2022-01-11,39.556855621936464,40.304880989401205,38.48709779189422,40.055538177490234,13170300
2022-01-12,40.73116436775071,41.14941524397025,39.87053376015561,40.135963439941406,13828000
2022-01-13,40.21640415134973,40.89203986382313,39.645331948784914,39.92684555053711,10745900
2022-01-14,40.01530956734262,41.382667492844945,40.00726763907518,40.53007888793945,12865200
2022-01-18,41.085075698777395,41.81701405579743,39.58098013013677,40.505958557128906,11575800
2022-01-19,40.835729826714044,41.020724884471505,39.34772129876776,39.35576629638672,12232000
2022-01-20,38.7766482988457,40.98050815036712,38.35035548295905,39.11446762084961,13374400
2022-01-21,37.9240716119474,38.052763986810355,36.22693880900771,37.095611572265625,17268100
2022-01-24,35.75238284583156,39.05012666131241,34.48154303950067,38.87317657470703,25431400
2022-01-25,38.623822693489004,41.69635475295546,37.73906024116205,41.22984313964844,18435600
2022-01-26,41.82505897349511,42.80634018510365,40.77943311281134,41.656150817871094,16714600
2022-01-27,42.75003091396733,43.64283234324897,40.69899222791426,41.615928649902344,13642000
2022-01-28,42.259390250132775,42.420256450058645,40.457694333844636,41.463104248046875,9723700
2022-01-31,41.36658827671101,41.43093291964266,39.926840455435894,40.67486572265625,11896500
2022-02-01,40.441604892439706,42.83045968189519,39.8383589814271,42.275474548339844,11710100
2022-02-02,41.92156503250582,42.97523557910084,41.35853494601788,42.82241439819336,9387500
2022-02-03,42.565042445185234,43.023512294319204,41.48724571479574,42.63743209838867,9253200
2022-02-04,43.31305945365429,44.59194103381728,42.371997212463164,42.524818420410156,12759300
2022-02-07,42.420264392236916,43.28089519446513,41.39876735996448,42.29961395263672,10298200
2022-02-08,42.146792779172195,42.29961401037533,40.65878398456723,41.173553466796875,9751900
2022-02-09,41.43092930803054,42.50872883052461,41.205718475000204,41.92156982421875,7304600
2022-02-10,41.607880706322355,43.39348957499222,41.607880706322355,42.00200271606445,9753200
2022-02-11,42.33982691077131,43.55436395150435,41.93766289669746,43.52219009399414,11954900
2022-02-14,43.29696960442425,43.321098458059865,41.43897116780038,42.03417205810547,11934400
2022-02-15,40.93225432240621,41.656150800882536,40.25661863191765,41.35854721069336,11265500
2022-02-16,42.00200465500601,44.80106542780583,41.88135424058729,43.31305694580078,20745200
2022-02-17,43.68304654414533,45.38017572665153,43.473919585365344,44.43911361694336,17642700
2022-02-18,43.63478813179271,44.4069421715656,43.168276481762796,44.06108093261719,11707600
2022-02-22,46.67514683677327,46.67514683677327,41.22180468213366,42.363948822021484,23309400
2022-02-23,42.91893707441149,44.061081215371644,42.540901980979704,43.07175827026367,12372100
2022-02-24,43.192411108923444,43.5141404448364,41.18963318284804,42.42829895019531,21102500
2022-02-25,42.902852434032944,44.41498982005541,42.452427683143725,44.398902893066406,12605600
2022-02-28,44.439125534289836,47.98621217366261,44.11739308139499,47.897735595703125,22585000
2022-03-01,48.259682957130146,48.85488706363934,46.43385791705989,47.656436920166016,19146500
2022-03-02,48.30794586021672,48.5975013932949,46.739505481769584,47.17384338378906,17556100
2022-03-03,46.61079691049949,47.72077014044512,45.951248355901946,47.33469009399414,11719000
2022-03-04,47.50360486837673,48.21141118127209,45.685822173069674,47.91381072998047,18185300
2022-03-07,48.66184418608029,50.503756049507935,46.87623503740651,48.17120361328125,21979600
2022-03-08,49.30530742732171,50.75309726185336,45.0745433565516,47.8414306640625,24167800
2022-03-09,46.490152101742446,47.97011556350997,45.05040442140396,47.40708541870117,17694700
2022-03-10,47.970118227595854,48.967486231070275,47.197964135512976,48.718143463134766,18048600
2022-03-11,47.66315729261457,48.91443999376584,47.59773247935779,47.957576751708984,10834400
2022-03-14,46.21558786844792,46.55907820921049,42.60895644920305,43.09147644042969,21911600
2022-03-15,41.28407404194627,44.064698368609974,41.05508255143575,43.35318374633789,17372900
2022-03-16,43.39407373500277,44.55539118038451,42.167328372812314,42.90337371826172,13099700
2022-03-17,44.37547434464866,47.352379501403504,44.05652100065445,47.041603088378906,14621200
2022-03-18,47.107024151741236,47.94939148432784,46.94346058714579,47.654972076416016,19656000
2022-03-21,49.05345477719763,50.88539578877005,48.66907358678509,50.24748611450195,17038100
2022-03-22,49.88764499294095,50.492840747523445,48.84082327666292,49.58504867553711,9708300
2022-03-23,51.05714928257757,51.73594685455021,49.8467607322536,50.43559646606445,11290700
2022-03-24,50.29655926585241,50.648226515179374,49.72407747952191,50.32927322387695,7501500
2022-03-25,49.88764221191406,51.42516386181815,49.79768039072864,51.11438751220703,8547300
2022-03-28,49.73225506142299,49.92035563106928,48.5791146163569,49.437835693359375,8959600
2022-03-29,47.88396507957673,49.52780578590099,47.15609658683395,49.48691177368164,10398500
2022-03-30,50.051200814236154,50.47647282421274,49.1842998185407,49.52779006958008,7610600
2022-03-31,49.13524629970097,50.32109774800882,48.350126834628654,48.358306884765625,11344400
2022-04-01,48.554579159572256,49.74043359939393,48.554579159572256,49.35605239868164,6292500
2022-04-04,50.157526288009414,50.79543282818806,48.84081920295386,49.76496505737305,8381600
2022-04-05,49.92853523563392,50.39469822012181,47.540472446311725,47.81853485107422,8667400
2022-04-06,48.497335567851174,48.718150120500525,46.95163681908071,47.71221923828125,9136000
2022-04-07,48.24380773567681,49.40512519115025,47.63043504925145,49.25791549682617,7952600
2022-04-08,49.34787010654807,51.147097014226276,49.24155131624578,51.00806427001953,10115100
2022-04-11,50.3374395279366,50.37833040694839,48.9471278031172,49.094337463378906,9011300
2022-04-12,50.255665624167825,51.86678897140166,50.24748557522259,50.91810607910156,9418900
2022-04-13,51.932219232297406,52.57830585810657,50.93446536053008,52.13667678833008,9955700
2022-04-14,51.73593457965551,52.38202427495995,51.13891893687354,51.163455963134766,8616800
2022-04-18,51.71958305278858,52.53741013035881,51.23706311156414,51.96493148803711,9422300
2022-04-19,51.71958461157504,52.6928014526285,51.19617064888838,51.5233039855957,8156000
2022-04-20,52.120316358857565,53.142607191115026,51.95674970090539,52.84000778198242,7121200
2022-04-21,53.15896788205892,53.52698901003786,49.773151042273305,50.01032257080078,10699200
2022-04-22,49.78131771760425,50.443761227100914,47.18061772890898,47.49139404296875,9734600
2022-04-25,45.79031118003069,46.16651229789265,43.443136418218245,45.94569778442383,13608400
2022-04-26,46.5754239031578,47.834882981139295,45.91298041206447,46.12561798095703,9636500
2022-04-27,46.47728645780948,48.15383755246542,45.504066634253036,47.49139404296875,8168000
2022-04-28,47.67132368118507,49.49508467478843,46.19922992740128,48.97985076904297,7940000
2022-04-29,49.159773734192584,49.71589851879068,47.28694183076001,47.57318115234375,7834600
2022-05-02,46.98434502097842,47.949384894380884,46.158334782329476,47.72039031982422,11320300
2022-05-03,49.805861680549256,52.72551531839787,48.55457932163221,52.570125579833984,22056300
2022-05-04,53.551519205308175,55.538846653997844,52.30841392406474,55.399810791015625,15072000
2022-05-05,56.217644343330335,56.32396625912867,53.240743012859824,54.91729736328125,13010400
2022-05-06,56.111332612859776,57.04365857645071,54.00950917009081,56.994590759277344,14629700
2022-05-09,55.07268167661939,55.285319271846056,50.62368971200582,50.72182846069336,18682400
2022-05-10,51.940397936250136,53.6333094282274,50.3129174817052,52.14485549926758,12783500
2022-05-11,53.50245137289089,55.833266246665374,52.68462115475603,52.89725875854492,12610000
2022-05-12,52.62737019071224,53.51062827178927,51.130742601919955,52.84000778198242,10767100
2022-05-13,53.97678631675248,56.70016203295299,53.94407236417833,56.1849250793457,13287700
2022-05-16,56.34851118917585,58.5730106931678,56.26672940378944,58.05777359008789,12633200
2022-05-17,59.29268442731083,59.562569867713044,58.49120815447816,59.35811233520508,10782300
2022-05-18,59.70160833795076,59.848818032749605,56.266723778710436,57.18268966674805,13801800
2022-05-19,55.465250214838576,58.36855025045056,55.20354477069285,56.84738540649414,10460700
2022-05-20,57.66521275952469,59.10458950916941,55.71877276834549,57.18268966674805,12971600
2022-05-23,57.94327713288029,58.52393591342659,57.117266759629835,58.115020751953125,9610300
2022-05-24,57.51800981254588,58.32766010915019,56.47118796652204,57.56707763671875,7960600
2022-05-25,57.42803271641563,59.03915907054851,57.24810908952077,58.83470153808594,8740500
2022-05-26,59.292692386647516,61.69711528836191,59.13730264442665,60.36404800415039,12960200
2022-05-27,60.18412485101677,62.01606909583712,59.79156982680499,61.99153518676758,9335500
2022-05-31,64.18331526138743,64.76397394034733,60.9038144930458,61.2554817199707,22040700
2022-06-01,62.44949609824631,63.46360349919375,61.35360070985281,62.547637939453125,9911800
2022-06-02,61.67258052767087,63.13649114591799,61.20641130744702,62.40862274169922,7514300
2022-06-03,62.56400794340657,63.2591623393124,62.2205207698365,62.98927688598633,7106800
2022-06-06,63.70898279754941,63.92979423723596,62.20417177312023,63.01382827758789,7709800
2022-06-07,62.760289288319264,63.962500709139064,62.36773427716346,63.82347106933594,10469500
2022-06-08,64.28145765914135,64.3632394378307,63.07107235961955,63.73351287841797,9974100
2022-06-09,63.831652983302384,64.93572256381144,63.201920201834156,63.66808319091797,13712200
2022-06-10,63.011280303176875,63.37709527658521,60.25937132510676,61.572967529296875,14759700
2022-06-13,58.42198860726764,59.4279798101894,55.87792782675428,57.56565475463867,15218700
2022-06-14,59.45292437092354,60.226120233835395,57.47420466636083,58.68803787231445,11041500
2022-06-15,58.68802865009991,59.20349459204975,56.14396810746478,56.91716384887695,11457200
2022-06-16,55.0132716102977,55.636816341285574,52.04519894451641,52.60223388671875,17448400
2022-06-17,52.12002678733574,52.36113152201023,47.015274200431726,48.237422943115234,32304400
2022-06-21,49.59259928210289,50.88957047783428,49.168587028488425,50.34916687011719,14929500
2022-06-22,46.824066396564376,48.66144467121667,46.27534699236688,47.8466796875,13909100
2022-06-23,48.436952714508315,48.57829116765456,44.46289535922968,45.51045227050781,18060800
2022-06-24,46.483182908442366,46.98201744418683,44.47121335322536,44.704002380371094,34714100
2022-06-27,45.26935438076563,48.59492674046906,45.26935438076563,48.046207427978516,17746100
2022-06-28,49.201838505422,50.29096448849349,48.262363517627904,49.434627532958984,18542000
2022-06-29,50.290966697711696,50.70666322029598,46.24208028425162,46.40835952758789,12722000
2022-06-30,45.47720223582475,47.15661664264167,44.92848292837074,45.81807327270508,11855000
2022-07-01,46.08411880531836,46.54970007314806,44.363135378689286,45.81807327270508,9604300
2022-07-05,44.41301389554977,44.65411863408429,41.977035248864176,43.14098358154297,14834300
2022-07-06,42.5091249160985,43.76452694880415,40.621862428266255,42.40104293823242,16175300
2022-07-07,43.897550027181786,45.10307051866523,43.54005078133126,44.6208610534668,12692900
2022-07-08,45.29429626464844,45.68505204133984,43.91418382853021,45.29429626464844,10976700
2022-07-11,45.07813093895213,45.74324472625148,43.448598195677846,44.32987594604492,8938200
2022-07-12,42.57564740386674,43.731283509378905,42.11838175246809,43.174251556396484,9733000
2022-07-13,42.65047105275897,45.01162789679796,42.608902026547945,43.72296905517578,8522700
2022-07-14,42.06849059203829,42.800117425464435,41.1622719646224,42.7502326965332,10458500
2022-07-15,43.89755270524024,44.030575467287434,42.7086603819066,43.82272720336914,8048500
2022-07-18,45.10307195928568,46.300276782912,44.81208566686312,45.41068649291992,11090500
2022-07-19,45.11139247933446,47.72196972443904,44.97005716128642,47.564002990722656,10525600
2022-07-20,46.81574250183229,48.15428261150946,46.17556949032788,47.954750061035156,8032000
2022-07-21,46.39174182232023,46.774181948792226,45.05319820815472,46.724300384521484,8150400
2022-07-22,46.873942305358895,47.62219416753811,45.651793474166105,45.88458251953125,6315800
2022-07-25,46.574644543101236,48.27068732660535,45.951099681946474,48.19586181640625,8473200
2022-07-26,49.05218682097328,49.21015034865222,46.35847211533904,47.18986511230469,9777700
2022-07-27,47.721967457506395,49.84201932811139,47.389408933229355,49.53440475463867,9145900
2022-07-28,50.116370941928025,50.79811297428175,49.06881711732754,50.19119644165039,7631300
2022-07-29,51.2886396940291,52.48584779939338,50.78149256218786,52.253055572509766,11209400
2022-08-01,51.36346125443268,52.22811078154086,50.008292875911735,51.18886947631836,16319200
2022-08-02,50.98101626524544,51.712642961107974,48.985671884352136,50.40735626220703,15073700
2022-08-03,50.748221694700725,50.84798795136974,47.098407492145434,47.139976501464844,19943200
2022-08-04,46.97370711764802,47.05684515367591,45.17789826443561,45.302608489990234,15371400
2022-08-05,44.479526119665806,47.480855398920795,44.171911593403806,47.09841537475586,11507500
2022-08-08,47.006970458394136,48.13766567379936,46.7575531424108,47.82173538208008,8478100
2022-08-09,48.88590968077051,50.33253495290664,48.58660768160354,49.085445404052734,10416800
2022-08-10,49.4678825037653,50.32421626163555,48.16259577377351,49.925148010253906,8669200
2022-08-11,51.38008933242803,53.94077825116259,51.34683284960365,53.59159469604492,14134900
2022-08-12,53.30892192402882,54.705662430340396,52.94310697096321,54.4978141784668,8712000
2022-08-15,52.36944775009237,53.541711781987594,51.04753272080518,52.851654052734375,11134200
2022-08-16,53.59990937815459,54.42298669749506,51.97869234384619,52.85997009277344,9355800
2022-08-17,52.96805081171263,54.23177180833329,52.510785265430016,53.3255500793457,8144500
2022-08-18,54.07380252495509,56.51810002190568,54.040546043150115,56.46821212768555,12516300
2022-08-19,56.35182805862042,58.114383862851035,56.00264444947921,56.95874786376953,13972800
2022-08-22,56.01926911042832,57.10839846859626,54.4645679531854,56.88391876220703,12662200
2022-08-23,58.19751080229954,60.2427368493316,58.08943199429866,58.929134368896484,15997300
2022-08-24,59.37809827605544,60.49216841466767,58.987342473923384,60.234432220458984,12851700
2022-08-25,61.11571048127742,61.39006539221575,60.10140985245797,61.29030227661133,11149700
2022-08-26,61.52308156679694,62.246395755192935,60.3425050374358,60.500465393066406,10589300
2022-08-29,60.20118160912045,62.57896020516683,59.89356385720319,61.639488220214844,11902000
2022-08-30,60.33419473354793,60.54204300069437,58.413678774883046,59.095420837402344,11606400
2022-08-31,57.648793696595845,60.259373829374915,56.97536732485834,58.712982177734375,11430500
2022-09-01,56.96705463369126,57.30792886258341,55.30426836910799,56.66775894165039,13493900
2022-09-02,58.7129780240958,59.228437642825966,57.58228299658544,58.48018264770508,10100000
2022-09-06,59.2118155337073,59.5111175467205,57.31624034664089,57.8150749206543,12545000
2022-09-07,56.0442055190268,57.50745264103986,55.0299050379102,56.83402633666992,10785200
2022-09-08,57.266343166974174,57.88988786917869,56.50977889333888,57.291290283203125,11289100
2022-09-09,58.286416806905784,58.64363537934619,57.45290680454482,58.2694091796875,9021200
2022-09-12,59.24751202906845,60.87200968876781,58.89879403271841,60.54881286621094,11044600
2022-09-13,59.87689947558988,60.76144534098537,58.32043877525982,58.74570083618164,11480400
2022-09-14,59.885384108733476,62.33489032635416,59.82584121307644,61.382301330566406,12215600
2022-09-15,59.69828890688654,60.3191678686703,58.89879417304471,59.094417572021484,11230300
2022-09-16,58.473527645023296,58.660643971724724,55.641281039551956,56.83201599121094,30970300
2022-09-19,54.70570806718944,56.78948944859432,54.62065695776176,56.049537658691406,10530200
2022-09-20,55.58174053789048,55.802878588581976,54.2974507616123,55.38612365722656,7976800
2022-09-21,56.85753088604756,56.934081424066854,54.80777131995899,54.841793060302734,9389300
2022-09-22,56.0155110349495,56.219634977581734,53.62553743223037,53.68507385253906,8909800
2022-09-23,51.23556938800666,51.244073200795576,48.309764625876575,49.06673049926758,17563200
2022-09-26,48.77755083351853,49.466476451864466,46.914904413609094,46.931915283203125,13363800
2022-09-27,47.94403886626532,48.67549005429054,47.059496337122276,47.77393341064453,10695500
2022-09-28,48.26723474529224,51.1930360006023,47.86748744572834,51.0739631652832,11734500
2022-09-29,50.30849201163355,52.264696411624975,49.517504493175366,51.8564453125,12286900
2022-09-30,51.847950712432024,52.434814444564225,50.529638946448216,51.14201736450195,9686600
2022-10-03,53.83816945728257,56.041026784139774,53.51496942338496,55.564735412597656,13020200
2022-10-04,57.04465259249434,58.762708463465515,56.66191933325833,58.74570083618164,14620700
2022-10-05,58.68615443518314,60.82097143517532,57.75908641461454,60.28513717651367,15689500
2022-10-06,59.64726120526986,61.722542378291166,59.63025357602526,61.44186782836914,11199500
2022-10-07,61.66298783670766,62.82820801186275,60.54029645565382,61.27174758911133,12020900
2022-10-10,61.144169767127345,62.47949218595731,59.46013588298925,59.8343620300293,9829700
2022-10-11,58.40549331908859,60.03849817155865,57.74208550333416,58.32044219970703,11718900
2022-10-12,57.8781610796612,59.647246076716726,57.10418112115056,59.0263671875,7419800
2022-10-13,57.903672207428855,62.147784910840706,57.8526363578024,61.450355529785156,10697100
2022-10-14,60.56581980357196,61.85011299921511,57.80161650498591,57.85264587402344,9071800
2022-10-17,59.03488089793824,59.78333976993225,58.362966080234834,59.36658477783203,7969400
2022-10-18,60.17457706995588,60.54030267425135,58.19285445856452,59.341060638427734,7943300
2022-10-19,59.63023842916943,61.594946801592506,59.273019904907635,61.18669891357422,8977700
2022-10-20,62.028715918902186,62.385934443500474,60.54029891075945,60.96556091308594,7704000
2022-10-21,61.64598225876583,63.26197266452834,61.17819146405574,63.185428619384766,11214800
2022-10-24,63.406577657978,64.52926927075059,62.89625797936697,63.99343490600586,8530900
2022-10-25,63.653212232949954,64.45270685922146,62.913260515342394,64.22306823730469,6541000
2022-10-26,64.52927102105882,66.40892865537533,64.52927102105882,65.42231750488281,7803200
2022-10-27,66.7661459458576,67.03831341499472,64.92901066244383,65.11612701416016,7410900
2022-10-28,65.98365310130707,66.35787924666576,62.819702801101506,64.64833068847656,7861200
2022-10-31,63.82333149720532,66.57052080341741,63.58518577903036,65.78804016113281,8429600
2022-11-01,66.92775740012446,66.99579441062161,65.35428229727337,65.74552917480469,10730300
2022-11-02,64.17202897159129,64.18053602794544,56.64489336588111,57.359336853027344,36589400
2022-11-03,57.478428721019874,60.633872819186784,56.6023898069258,60.1575813293457,18048600
2022-11-04,62.01172491837498,63.159931334676806,59.689790908044024,60.795475006103516,14218400
2022-11-07,61.01658780246971,61.994691665952004,59.93642521551711,61.27174758911133,9347000
2022-11-08,61.39931856261177,61.654471823202925,59.86837304313689,61.229209899902344,8450300
2022-11-09,59.944933228930005,60.16606479263382,56.74696123316397,56.780982971191406,9463400
2022-11-10,58.303437081074875,59.29854884754075,56.84903497441276,58.66916275024414,8089800
2022-11-11,59.919425569090606,62.07975775356432,59.76633095793942,61.0676383972168,9500400
2022-11-14,60.68488957731939,62.02871913162965,60.49777324836688,60.812469482421875,6600600
2022-11-15,61.45035376626467,62.921763016097124,60.74441734903342,62.61557388305664,8500600
2022-11-16,61.39933076190873,62.12227487736347,60.32766868535015,60.6763801574707,8881400
2022-11-17,59.53669079005559,60.40422257212901,58.311933931613744,60.37870788574219,8337800
2022-11-18,58.70317366866829,59.40060320843568,57.49543093938548,59.21349334716797,10216600
2022-11-21,57.49542090668159,57.87816059876992,55.30106743678786,57.14670944213867,15267300
2022-11-22,57.946209487646804,59.902417678345046,57.47842508655598,58.32044219970703,14037100
2022-11-23,57.41037135682362,58.116307850863514,56.73845660226576,57.665531158447266,9888800
2022-11-25,58.21835950452095,58.77120134819143,57.80160460223874,58.13330841064453,3520500
2022-11-28,56.16861031834562,57.70805680738869,55.43715909958861,56.585365295410156,9713600
2022-11-29,57.58047972907726,57.971726530510935,56.585368076391106,57.410377502441406,10032100
2022-11-30,58.431002922356285,58.58409751951726,56.908570497623835,58.27790832519531,13844800
2022-12-01,59.15395310352708,59.647252144503256,57.954711020932926,58.07378387451172,7640300
2022-12-02,57.83563123433598,59.09440959282407,57.83563123433598,58.226871490478516,8250500
2022-12-05,59.32404524809689,59.89389473470125,56.00700056008417,56.60237121582031,11218100
2022-12-06,56.134587855045545,57.20624998555728,54.12735055807977,54.544105529785156,10278500
2022-12-07,54.91833134563205,55.67529714413183,53.92321987870305,54.64616394042969,10523200
2022-12-08,56.04953693800265,56.457784853599726,53.62554141657939,54.008277893066406,13385400
2022-12-09,53.834476441232994,54.208146191251096,51.74018946123189,51.80970764160156,13152800
2022-12-12,52.13124040764284,53.434738631073174,51.7662591812993,53.07844924926758,10636000
2022-12-13,54.43408134157655,54.82513144330541,53.008923917468856,53.86054229736328,10915100
2022-12-14,54.42539467001715,54.82513331432984,52.86119752468732,53.80840301513672,9062700
2022-12-15,53.12190075082422,53.67805948570808,52.36586936280939,53.5129508972168,7976400
2022-12-16,52.13992827251871,52.80036590538498,51.3230705896375,52.209449768066406,14377200
2022-12-19,52.5309788412637,52.93940602867044,51.027611294503835,51.49686813354492,7011700
2022-12-20,51.22748136651208,52.05303091276838,50.88857235535688,51.583770751953125,7606400
2022-12-21,52.9046446045115,53.79102372355998,52.3311055645351,53.66936111450195,7992800
2022-12-22,53.4955722632729,53.66936938735428,50.91464452805899,52.23552322387695,8067900
2022-12-23,52.948097204767784,54.32980543081662,52.52228633373525,54.32111358642578,6099600
2022-12-27,54.7643016968621,55.294391465473765,54.42539271429849,54.955482482910156,6771900
2022-12-28,54.61657460196368,54.63395497618871,52.69608800215776,52.91333770751953,6524400
2022-12-29,52.44407463798346,53.46949345558325,52.2615856911989,53.04368591308594,6355900
2022-12-30,52.965476904486444,53.50425522600397,52.5918071596526,53.45211410522461,6690900
2023-01-03,52.774309728433416,53.23487814511605,49.72412464753207,50.506221771240234,10613200
2023-01-04,49.428654404856665,51.49686923457912,49.02022389375004,51.18403244018555,9690900
2023-01-05,51.14927233084828,52.57442990022826,50.89726187127151,52.28765869140625,8812100
2023-01-06,53.156652521184654,54.10386130152705,52.83512390839825,53.20879364013672,7332500
2023-01-09,54.47752717106292,55.172728781268425,53.82577814772046,54.051719665527344,7567900
2023-01-10,54.57312261082283,54.885962701385964,53.417355959539314,54.859893798828125,5909300
2023-01-11,55.563778278866515,55.71150978854687,54.10386012950605,54.61656951904297,7557100
2023-01-12,55.129277470758836,56.29373588535558,54.98154927989849,55.64198684692383,7232000
2023-01-13,55.53771528666676,55.74627646518084,54.64264754943033,55.25963592529297,5474100
2023-01-17,55.416055732955606,55.954834078840285,54.91203482086183,55.17273712158203,5383900
2023-01-18,55.65068615391028,56.84121694388636,54.39063718096111,54.41670608520508,8349600
2023-01-19,54.03434855800137,55.78972331132631,53.91268924984692,55.685447692871094,7312900
2023-01-20,55.88531189074948,56.44147060414089,55.08583456899118,56.26767349243164,7093800
2023-01-23,56.77170068490392,57.57986994072064,56.519690204064766,57.14537048339844,6246100
2023-01-24,57.13667594311337,57.45820791314408,55.450819321602246,55.58985900878906,7043500
2023-01-25,55.094522857002026,55.77234083082123,54.23421262372079,55.763648986816406,5834700
2023-01-26,56.59789058275744,57.1192951770741,55.346533479260565,57.11060333251953,6346700
2023-01-27,57.11060454043424,58.18816124027216,56.702174026883945,56.71955108642578,7210200
2023-01-30,56.13732541323557,56.432788475218835,54.12994015451136,54.17338943481445,8003900
2023-01-31,54.22552339932423,55.38998185849779,53.84316182722813,54.955482482910156,7472300
2023-02-01,54.364571986009615,54.57312986412625,52.78299426459305,53.78234100341797,9653400
2023-02-02,53.93007006259878,53.93007006259878,52.139931230303375,52.96548080444336,8770300
2023-02-03,53.00893316236468,54.34719227058057,52.809063812171566,52.87858200073242,6564100
2023-02-06,52.6700234052583,53.28701182334619,51.540325507992435,52.261592864990234,7394900
2023-02-07,52.765610756853704,54.16469942312899,52.01827122219976,54.06041717529297,8170800
2023-02-08,54.13862668793102,54.573126104872635,52.922030309475005,53.29570007324219,7848700
2023-02-09,53.2435609116428,53.45211878307755,52.2789716400962,52.400630950927734,5685300
2023-02-10,53.33045365175722,55.346530535418886,53.20010582507857,55.216182708740234,8727500
2023-02-13,54.71216500233462,55.71151497297877,54.2255277839068,55.23356628417969,7606800
2023-02-14,54.67740632375772,55.9635275453493,54.347189145885956,55.563785552978516,8775600
2023-02-15,51.14057661831718,51.418655961313135,48.14253349445668,49.7327995300293,52418700
2023-02-16,49.54161822473157,49.89790758643493,48.38585158894933,48.42061233520508,17678700
2023-02-17,47.62113403236723,47.62113403236723,45.57898815882685,46.34370803833008,25514600
2023-02-21,46.64785778905772,47.004147179275385,46.22204690076465,46.691307067871094,11378800
2023-02-22,46.673927677019094,47.2300864134735,45.67458098337995,46.56964874267578,13144400
2023-02-23,47.27353159942431,48.029559556121235,46.752130379487056,47.79492950439453,11919400
2023-02-24,47.290908656618555,47.96003806747612,46.83903224029345,47.79492950439453,10030100
2023-02-27,47.89920934691871,48.02956048316074,47.15186990439418,47.377811431884766,9624200
2023-02-28,47.76885843015936,47.90789808615627,46.82164973775328,46.856407165527344,10887300
2023-03-01,46.76950454683337,47.83837243069471,46.54356636864558,47.56898498535156,9308100
2023-03-02,47.14318739936339,48.66393537998802,47.09973812005333,48.403236389160156,8660000
2023-03-03,47.71672592272014,49.64590439823943,47.603755145918946,49.24616241455078,10997800
2023-03-06,48.802965782619694,49.35912440795398,48.550955369587946,49.08973693847656,8926300
2023-03-07,48.759527146071306,48.959396488457074,47.58637668211011,47.821006774902344,9492500
2023-03-08,47.525544067539826,48.298955798578454,46.93462460728975,47.360435485839844,8379100
2023-03-09,47.638520365237106,48.11646910659851,45.92659143793964,46.0395622253418,9275200
2023-03-10,45.92659049394858,46.63916932605196,44.61440361482193,44.9793815612793,12351100
2023-03-13,43.44994034097349,44.379768799072934,42.5983219080865,43.432559967041016,15449700
2023-03-14,43.36177606774832,44.980876910828705,42.74245119614454,43.547576904296875,12442500
2023-03-15,41.66305575323943,41.82231170409605,39.256524384799725,39.92008972167969,23274200
2023-03-16,39.291911011819614,41.00833194551938,38.955703666535186,40.93755340576172,14250200
2023-03-17,40.97294702995857,41.09681201389701,39.84930937198205,40.83138656616211,28300500
2023-03-20,40.698673654109875,41.866548367222386,40.68097817359995,41.58342742919922,8906600
2023-03-21,42.50357560424546,43.80416146381026,42.36201512378031,43.40602493286133,11184700
2023-03-22,43.52103458554334,43.830700414816455,42.193903995975305,42.255836486816406,8633200
2023-03-23,42.58319985355182,43.00788125772913,40.90216634216563,41.335697174072266,8905800
2023-03-24,40.21206055339214,41.574582204171975,40.203211125427096,41.20298385620117,8727600
2023-03-27,41.93733423884152,42.83093415080949,41.211836344947656,42.53896713256836,7759600
2023-03-28,42.220452830659134,43.54758354369258,42.18506186829527,42.97249221801758,7671100
2023-03-29,43.768766598346176,44.16690306310409,43.57411970441651,44.05188751220703,8150400
2023-03-30,44.7243050041487,44.82162846452966,43.91033310835879,44.104976654052734,6603000
2023-03-31,44.52965954698997,44.98972854438542,44.343858687389215,44.77738952636719,7652500
2023-04-03,47.254699461709876,48.36064169155243,46.80347651696397,47.16622543334961,18907000
2023-04-04,47.15737862660171,47.352025549894684,45.56482240212362,46.66191864013672,10252700
2023-04-05,46.714992959793776,47.41394916699741,46.09566471765217,47.360862731933594,8297200
2023-04-06,47.09544163881021,47.360867088409584,46.64421871199804,46.812320709228516,6239500
2023-04-10,46.98042392263193,48.24562208604418,46.98042392263193,47.237003326416016,6996900
2023-04-11,47.56436166600569,48.493355833853606,47.31663168794908,48.04212951660156,6427300
2023-04-12,48.245609955574444,48.88263359098976,48.006726092293704,48.254459381103516,7277200
2023-04-13,48.1306079601057,49.094989734905944,48.12175853208788,48.85610580444336,6567500
2023-04-14,48.89149079644062,49.59929649731232,48.74993033127983,49.280784606933594,5969300
2023-04-17,49.18346694020338,49.714317903238204,48.732243959130585,48.92688751220703,6132100
2023-04-18,48.57298485909539,49.068444825920395,48.21023593692656,48.85610580444336,5329700
2023-04-19,47.935956560041475,48.62606337788305,47.73246361055146,48.52873992919922,5112300
2023-04-20,47.59090629852667,47.909418197077464,47.307785360941025,47.79439926147461,6705700
2023-04-21,47.92710909573856,47.92710909573856,47.10429121195708,47.449344635009766,5510400
2023-04-24,47.36087225522392,48.51990100750178,47.237007256902395,48.192543029785156,5473400
2023-04-25,47.42279693299357,47.564357389880485,46.582283618703,47.07774353027344,6242700
2023-04-26,46.644215387956955,47.183915676219655,45.6002057688741,46.18414306640625,6955900
2023-04-27,46.458420427642544,46.608830328272106,45.476346547348854,46.22838592529297,6360400
2023-04-28,46.1133673876677,47.803247020804505,45.95411143270671,47.272396087646484,7666400
2023-05-01,46.61767275762806,47.54666687296561,46.47611229601614,47.10429000854492,5921700
2023-05-02,46.13105414293455,46.352242552423164,44.202290942188455,44.8658561706543,9588100
2023-05-03,43.7953090663783,44.37040033343859,43.23791327869638,43.361778259277344,9470800
2023-05-04,43.46795322603626,44.016499612876245,42.512417544055864,42.68052291870117,7220100
2023-05-05,44.149215996585916,44.99857883508057,43.97226456146589,44.55620193481445,8325300
2023-05-08,45.79485168951642,46.03373560219702,45.07820332654228,45.122440338134766,8842500
2023-05-09,44.441181895168285,45.33478510161435,43.17598372173359,43.50334167480469,13774400
2023-05-10,43.503342852121456,43.53873381424039,41.760380156113264,42.56550598144531,12036100
2023-05-11,41.87539335176051,42.335462295931,41.4860995719844,41.81345748901367,7922500
2023-05-12,42.14966467455028,42.282379076260376,41.44186240725376,42.043495178222656,5950700
2023-05-15,42.40624050079016,42.636274952752146,41.96386369888337,42.21159362792969,7187000
2023-05-16,41.90194077620124,42.167366242886494,40.74291207575852,40.81369400024414,8030900
2023-05-17,41.22067053667728,42.71590291209805,41.096805572154125,42.21159362792969,7930900
2023-05-18,41.91077856642178,42.79553219765337,41.636507100783035,42.715904235839844,6115900
2023-05-19,43.37947825025079,43.8749415991719,43.193680760055855,43.52988815307617,8291100
2023-05-22,43.52103605933264,44.219992336857366,43.27330608757915,43.63605499267578,5510700
2023-05-23,44.01649819650499,44.38809314416161,43.406019336040124,43.45025634765625,7381000
2023-05-24,43.59181738524235,44.28192422575211,43.06981254111973,43.945716857910156,6903000
2023-05-25,43.06980872789148,43.282147717678974,42.176205635255855,42.35315704345703,11289800
2023-05-26,42.866320595986544,42.90171155660836,42.0965857653348,42.530113220214844,6377100
2023-05-30,41.85770434400234,42.21160384615647,40.981796579165035,41.548038482666016,11242800
2023-05-31,40.972948379065826,41.3976297844386,40.60135003994728,40.787147521972656,11537800
2023-06-01,40.97294672568496,42.22929541066518,40.680976372797424,41.38877868652344,7568000
2023-06-02,42.36201529387782,43.370634143125464,42.02580788577257,42.937103271484375,8829400
2023-06-05,43.88378270040553,43.88378270040553,42.68052048891816,42.795536041259766,7367600
2023-06-06,42.02580313403677,43.388324719346,41.94617516151694,43.30869674682617,5952500
2023-06-07,43.60951006921265,44.68890727297422,43.43255865668973,44.28192138671875,7190000
2023-06-08,44.11382207425887,44.67121787620875,43.31754235718761,44.2553825378418,7162900
2023-06-09,44.17575184149318,44.66236569410473,43.81300296499358,44.12266540527344,6105400
2023-06-12,43.43256940380251,44.2730862899663,43.264467376597075,43.706844329833984,8611900
2023-06-13,44.9100987251533,45.48519001088997,44.520808291389635,44.582740783691406,13214200
2023-06-14,44.950754250154425,45.480322529374554,43.640286416177545,43.93648910522461,10790700
2023-06-15,44.08907147454093,45.12128850574682,44.04419321753014,44.5199089050293,8670000
2023-06-16,44.83406293682861,45.076409630151,44.50195973071637,44.699424743652344,16259000
2023-06-20,44.18780086544431,44.35833959304519,42.53625585039337,43.32612609863281,10540800
2023-06-21,43.26329533774455,44.27756025824276,43.20046510075708,43.9275016784668,6950800
2023-06-22,43.209449383038404,43.26330535177546,42.617047422898395,42.805538177490234,7243500
2023-06-23,42.18620455029049,42.54523744797466,42.09644803786519,42.32084274291992,13663600
2023-06-26,42.44649934450163,43.25431815435877,42.37469140194127,42.85041046142578,6833700
2023-06-27,42.78757033068063,43.074798633505175,42.464444909985474,42.473419189453125,7871700
2023-06-28,42.67090339163545,42.99403235607399,42.087475714289,42.805538177490234,8819700
2023-06-29,43.029932593401696,43.46974777485923,42.85041954692129,43.44282150268555,6745800
2023-06-30,44.07112021215961,44.07112021215961,43.37100980409416,43.38896179199219,8876800
2023-07-03,43.39793644794974,44.06214630993489,43.33510620176094,43.82877731323242,4385700
2023-07-05,44.23268797487673,44.3403999102902,43.30818278519149,43.53257751464844,7528100
2023-07-06,43.08379329651382,43.50565653488637,41.91694124619835,42.67988204956055,9501500
2023-07-07,42.356737339318585,44.322436870630064,42.27595511989495,43.846717834472656,9701800
2023-07-10,43.58642151798602,44.376288283583804,43.44280906751452,44.151893615722656,5793500
2023-07-11,44.654547879542186,45.58803070722426,44.45707943645785,45.381587982177734,8664900
2023-07-12,45.956030194979576,46.28813335576926,45.57007107947088,45.857295989990234,7640900
2023-07-13,45.82139581084518,46.50355759775512,45.417484677015786,45.87525177001953,7168500
2023-07-14,45.498268852133606,45.498268852133606,43.73901519833128,43.891605377197266,9704500
2023-07-17,43.71209231645017,44.07112181549786,43.39793765279275,43.9095573425293,6486700
2023-07-18,43.98136175558552,45.72266341694525,43.91853151271114,45.33670425415039,9089500
2023-07-19,45.30080529145251,45.911159178471245,45.202071070906605,45.43544006347656,8251200
2023-07-20,45.93808682034338,46.485610478641576,45.69574011467082,46.135555267333984,8133600
2023-07-21,46.35096898750335,47.09596103989479,46.018865788047506,46.907466888427734,9921900
2023-07-24,47.1228903391301,48.09227715533677,47.01518183421547,47.652462005615234,9024000
2023-07-25,47.571680731278875,48.289743151858325,47.44602023567643,47.93071365356445,5547000
2023-07-26,47.40114474175942,48.002520984081436,47.32036250073193,47.706321716308594,5078800
2023-07-27,48.11022307076353,48.155104750665984,46.683072619248414,46.87156677246094,7478600
2023-07-28,47.16776321955736,47.58962633302803,46.74590353007793,47.57167434692383,5559400
2023-07-31,48.02046037603308,48.666718134714756,47.95763014104914,48.4692497253418,6926000
2023-08-01,48.16408155071697,48.41540253615313,47.62553560364187,48.18203353881836,7363700
2023-08-02,46.6920513060252,46.6920513060252,44.33141801639188,44.645572662353516,21330900
2023-08-03,44.923825607267965,46.449710501786896,44.78021311272454,45.623939514160156,12952100
2023-08-04,45.893210434035375,46.65615113473046,45.498273523941336,45.597007751464844,11888800
2023-08-07,45.59699840007988,46.09066601246046,45.32772546823512,45.60597610473633,6614000
2023-08-08,44.582740988546945,45.58803179180988,43.84672658643866,45.5700798034668,6899400
2023-08-09,46.126572254717985,46.66512156892076,45.62393033691824,45.94705581665039,7379700
2023-08-10,46.06374152788192,46.440726386236484,45.09435825095391,45.56109619140625,6296900
2023-08-11,45.309778485755594,45.93808434542798,45.06743179313946,45.2469482421875,9473100
2023-08-14,45.022554058061864,45.1482145466527,44.52888638545861,45.13924026489258,6192200
2023-08-15,44.81610333914765,44.8789335722295,43.93647665201086,44.151893615722656,7083500
2023-08-16,44.1608756813684,44.412196638517216,43.53256986450513,43.55052185058594,6439900
2023-08-17,44.20575985447234,44.7173795423205,43.936486875182524,44.035221099853516,5943000
2023-08-18,43.532570714404486,44.89689086726066,43.48769246032192,44.869964599609375,6305600
2023-08-21,45.40850567051392,45.668804310115796,44.52887897281637,45.03152084350586,6526700
2023-08-22,45.166166605045646,45.381587031533385,44.62762067481358,44.645572662353516,4686500
2023-08-23,44.11600223474586,44.33141924320345,43.52360032550006,44.28654098510742,5748500
2023-08-24,43.945457980331824,44.35834341365887,43.67618502050947,43.83774948120117,5261800
2023-08-25,44.35833994276591,45.623929260486584,44.1070189897956,45.264896392822266,10108500
2023-08-28,45.525202167262556,46.288142850324526,45.21104750294925,45.39056396484375,4757700
2023-08-29,45.49827189608027,45.78549686187665,45.022556188478454,45.534175872802734,4677800
2023-08-30,45.77651709705001,45.91115528163784,45.42646192591117,45.47134017944336,4350300
2023-08-31,45.78548805036488,46.036812415062585,45.33669869967952,45.857295989990234,6783900
2023-09-01,46.60229895060202,47.87686288137928,46.458686450908026,47.4998779296875,9339800
2023-09-05,47.93071314789872,48.89112226728994,47.742218982491956,48.020469665527344,8350700
2023-09-06,47.93968573210844,48.59491787476661,47.70631674014463,48.01149368286133,5102700
2023-09-07,47.84094900770079,48.26281213631376,46.99722617446622,47.122886657714844,7234400
2023-09-08,47.419092566238795,47.86788199386252,47.18572014643916,47.266502380371094,5123400
2023-09-11,47.71529454277703,47.71529454277703,45.20207428883832,45.57905578613281,12427600
2023-09-12,46.090667683328256,46.68306952445878,45.95603292452068,46.12657165527344,8137200
2023-09-13,46.31506125394814,46.324038958713324,45.1930878376801,45.462364196777344,7766900
2023-09-14,46.18744473718876,46.549984939371626,45.56206651873491,46.160255432128906,9639000
2023-09-15,45.770529029707795,45.788656386790564,44.83699261330441,45.02732467651367,26185000
2023-09-18,45.31735892247672,45.48050169119284,44.483521177874394,44.86418533325195,9265500
2023-09-19,45.40798162024758,45.543935048143126,44.29317526679769,44.401939392089844,9549400
2023-09-20,44.05752595801386,44.46538277853217,43.3777657429631,43.39589309692383,10362300
2023-09-21,43.27806942370947,43.44121216095944,41.79166089093363,42.06356430053711,13741800
2023-09-22,42.43517069004616,42.6164408004433,41.91855312275015,42.22671127319336,8357000
2023-09-25,42.2085856308961,43.16931483481736,42.145141608296015,43.060550689697266,10594900
2023-09-26,42.47141859598492,43.11492410018125,42.42610194000927,42.5529899597168,8722300
2023-09-27,43.30526206828627,44.60133866007135,43.18743943808013,44.2659912109375,12027900
2023-09-28,44.18441798201817,44.52883082360211,43.78562653106384,44.238800048828125,6520600
2023-09-29,44.41100811250942,44.44726282646845,43.14212078346179,43.232757568359375,8856800
2023-10-02,43.341511867679124,43.341511867679124,41.10283374339061,41.37474060058594,10400300
2023-10-03,41.25691839965198,41.50163251963887,40.867188889018,41.46537780761719,8624300
2023-10-04,40.73124187324664,40.82187866759932,38.80978677969212,39.2901496887207,14901400
2023-10-05,38.97293238504496,39.38078934567887,38.72821820866462,38.836978912353516,10595100
2023-10-06,38.97292856922754,40.0786732303632,38.601326365353444,39.60737228393555,11578500
2023-10-09,40.91250800670923,42.05450730188027,40.66779387202972,41.78260040283203,10939200
2023-10-10,41.7825947292623,42.06356353998806,41.46537466670045,41.75540542602539,7999900
2023-10-11,41.57413682955308,42.41703983455029,41.31129882146883,42.37172317504883,8053300
2023-10-12,42.8248964234904,42.942722503426445,41.9276113581058,42.31734085083008,8040700
2023-10-13,43.18743655519451,44.06659080680203,42.9517843956333,43.858131408691406,10185400
2023-10-16,44.166293771308,44.88230881014544,43.80375700574561,44.7735481262207,9632900
2023-10-17,44.47445477025766,45.262975829701695,44.3928833877331,45.25391387939453,9484500
2023-10-18,45.562070585058144,46.07868817194006,45.1995303505193,45.38986587524414,10883400
2023-10-19,44.61040301049166,45.15420985877275,43.88532260286404,44.63759231567383,12615900
2023-10-20,44.4653913898437,44.72822942957824,43.559044260916565,43.79469299316406,7909800
2023-10-23,43.20555513912182,43.495589328473855,42.55298772103713,43.2418098449707,8084400
2023-10-24,43.36870519842546,43.522785995642835,42.833960297682175,43.024295806884766,5672600
2023-10-25,42.81584070925725,43.42309163766127,42.53487184924705,43.368709564208984,6337400
2023-10-26,42.643631129315544,43.114932044672045,42.29921825704736,42.75239181518555,5500600
2023-10-27,42.76146045330125,42.85209378880062,41.64665383094633,42.38985824584961,8089500
2023-10-30,42.317343525145986,42.77958246779349,41.39286909729069,41.84604263305664,6815200
2023-10-31,41.76447946707623,42.23577695534281,41.374749905384945,42.208587646484375,5896200
2023-11-01,42.5983202948998,42.5983202948998,41.800733755337525,41.88230514526367,7565000
2023-11-02,41.99106396922466,42.87928373700963,41.54695235661222,42.8430290222168,6014900
2023-11-03,42.978977221559035,43.44121617226297,42.78864516300553,42.906471252441406,7016500
2023-11-06,43.25088288930744,43.27807219477687,41.99106102677548,42.34453582763672,7874000
2023-11-07,41.59226493811049,41.773535036838766,40.803743984698,41.048458099365234,11263500
2023-11-08,40.51370495246487,40.876241618591955,39.60735810098887,40.04240417480469,14232200
2023-11-09,40.395890268555654,40.90344589298011,39.98803337905741,40.006160736083984,9925700
2023-11-10,40.44120616371182,41.6557114018885,40.359634787362644,41.34755325317383,11178100
2023-11-13,41.519764766193404,41.71915879091967,41.09378049336178,41.16628646850586,8175900
2023-11-14,41.492565339947106,41.87323288502965,41.19347262214748,41.45631408691406,6847000
2023-11-15,41.392873676844076,42.06357210525472,41.202541600550276,41.25692367553711,7318600
2023-11-16,40.48652213065143,40.67685764382042,39.38984300104208,40.142112731933594,12410900
2023-11-17,40.60434099908238,41.45630930981518,40.278055557307184,41.11189651489258,9335200
2023-11-20,41.53788333192741,41.87323074304519,41.265976474732085,41.37474060058594,7587800
2023-11-21,41.04845792763462,41.30223399032877,40.74936174736834,41.012203216552734,5040000
2023-11-22,39.92458030211244,40.99406992200945,39.598294864525,40.930625915527344,6973800
2023-11-24,40.83999859668101,41.34755072295924,40.694983209538734,41.10283660888672,4050600
2023-11-27,40.76748844284614,40.812805102245015,40.19648885358977,40.722171783447266,8319900
2023-11-28,40.894378095033375,41.1662815196566,40.531841348015625,40.622474670410156,5942200
2023-11-29,40.830930506011704,40.9759458836209,40.459328384798184,40.67685317993164,6470300
2023-11-30,41.238785621653975,41.682897141929644,40.35962798663598,40.7584228515625,12904400
2023-12-01,40.67685923159438,41.565078983774704,40.45933440409886,40.939697265625,6386200
2023-12-04,40.45026592390747,41.06658213529896,40.30525054813532,40.495582580566406,6670300
2023-12-05,40.495588182627806,40.64966552807072,39.625495807628404,39.679874420166016,8282100
2023-12-06,39.453288565941605,40.033350162769295,39.027307775581185,39.19951248168945,10636500
2023-12-07,39.47141053938137,39.69799728582723,39.09980841350773,39.38983917236328,10954900
2023-12-08,39.72519341754083,40.11491947365566,39.580174568367376,39.96084213256836,7454700
2023-12-11,40.10585817159953,40.43214367262663,39.93365347158622,40.25087356567383,8093600
2023-12-12,39.788641621201826,39.788641621201826,39.00918251209174,39.28108596801758,11439000
2023-12-13,39.272025861072876,40.105863626043046,38.92761295676598,40.07867431640625,13256400
2023-12-14,40.81659567491862,41.960384310990925,40.73357872940764,41.49917984008789,13683600
2023-12-15,41.056420983187444,41.425385972171874,40.715130655538935,41.38848876953125,24624200
2023-12-18,42.034171383246594,42.5783927502886,41.70210363132801,41.72977828979492,12127200
2023-12-19,41.82202380757105,42.18176275119529,41.52685321184289,42.135643005371094,9074600
2023-12-20,42.29244473753414,42.64296108886049,41.665206432512484,41.72977828979492,8494500
2023-12-21,41.868138892192626,42.30167219583894,41.65598527005164,42.29244613647461,8104100
2023-12-22,42.615293117641045,42.84589534931799,42.172537255066615,42.25555419921875,6324000
2023-12-26,42.6706429581982,43.297881420939675,42.606074603390525,43.039608001708984,8224800
2023-12-27,42.93814104711493,43.14107216633969,42.65219649043785,42.799781799316406,7982600
2023-12-28,42.5322759282931,42.75365209894869,42.20020815359892,42.20943069458008,7843000
2023-12-29,42.32012462522158,42.412364114947266,41.54530094790851,41.785125732421875,9450400
2024-01-02,42.08029492009455,42.88279323255893,42.01572657569547,42.283226013183594,7489500
2024-01-03,42.14486272231924,43.2056343987336,41.98805489328469,43.17796325683594,7374600
2024-01-04,43.390115921606736,43.67606043140707,42.02495115860262,42.08951950073242,8311400
2024-01-05,42.412358777100074,42.50460177392741,41.98805154782595,42.37546157836914,7073500
2024-01-08,41.646759672969004,41.99727249145508,40.89038472129424,41.99727249145508,8222300
2024-01-09,42.05262056763835,42.10796636663153,41.09331449735343,41.29624557495117,7532800
2024-01-10,41.29624838174249,41.3423681246828,40.43840779195139,40.53064727783203,10531300
2024-01-11,40.65978370253035,40.81659151768505,40.06021654393891,40.207801818847656,10739000
2024-01-12,40.99185253430171,41.074869480677805,39.35918826804567,39.45143127441406,12749700
2024-01-16,39.23005689713155,39.43298801994698,38.29842527810966,38.44601058959961,13084600
2024-01-17,38.08626931209551,38.2707518199918,37.64351340437111,37.90178680419922,11802700
2024-01-18,37.80031605089453,38.01246967425252,37.366782744761295,37.89255905151367,10038500
2024-01-19,37.864886619768725,37.9202324233965,37.468250490546886,37.79109573364258,9173500
2024-01-22,37.63427828791062,38.39065322144211,37.4129021466728,37.98479461669922,9522600
2024-01-23,38.021690999960946,38.59358345775613,37.87410573605541,38.095481872558594,5843100
2024-01-24,38.46445373690777,38.63048762861975,38.06781760878593,38.39065933227539,8160700
2024-01-25,38.55669277892547,39.202379737162076,38.25229966010773,39.19315719604492,8101500
2024-01-26,39.10091095992533,39.45142731149382,38.851860145814335,39.31306457519531,5768600
2024-01-29,39.27617484038048,39.48832847696142,38.76884710213159,39.45143127441406,5362500
2024-01-30,39.17471303180579,39.995656513930385,39.11936722270221,39.95875930786133,6014800
2024-01-31,39.82961480189399,39.866512000734126,38.750394607438594,38.759620666503906,6996900
2024-02-01,39.00867597181528,39.313069100515875,38.26152344347771,38.55669403076172,7886700
2024-02-02,38.4921179290629,38.57513485992916,38.012464941692336,38.095481872558594,6951300
2024-02-05,37.88333421683949,37.947902560005,37.32989027007493,37.53281784057617,7451100
2024-02-06,37.754196309940305,38.279969097982,37.57893988682997,37.89255905151367,6864000
2024-02-07,37.97557323648172,38.25229872518457,37.53281738075222,38.104713439941406,6761800
2024-02-08,38.12316579822973,39.19316010138954,38.10471719591701,39.11936569213867,11090600
2024-02-09,39.10091395816179,39.27617390674015,38.14160782699977,38.36298751831055,7462200
2024-02-12,38.54747020747863,39.28539665114949,38.519795546727266,38.962554931640625,7972800
2024-02-13,38.814971121330665,38.9902275587807,38.196955282103,38.6489372253418,6512500
2024-02-14,38.78729864742189,39.202383410807975,38.41833715007628,38.59359359741211,6715300
2024-02-15,38.612045829911814,39.95876228331164,38.612045829911814,39.83884811401367,8847500
2024-02-16,39.83883979555815,40.336941454441856,39.6266861672286,40.087890625,6176300
2024-02-20,40.01409979354376,40.429184509820196,39.78349756435804,40.041770935058594,6377800
2024-02-21,40.32771912239882,41.16711109914202,40.26315077947324,40.68745803833008,7520000
2024-02-22,40.30004979659018,40.83504873017513,39.95875943613396,40.558326721191406,10886600
2024-02-23,40.13401360484316,40.69668365171136,39.78350072213105,40.47530746459961,7029700
2024-02-26,40.33694095831475,40.908833493678245,40.10633873226535,40.42918395996094,8164000
2024-02-27,40.70590811629577,41.16711259319421,40.539874223115454,40.88116455078125,7475100
2024-02-28,40.678234881957806,41.43460996910815,40.33694454231949,40.61366653442383,11356000
2024-02-29,40.76124897471297,40.99185120509003,40.43840725966941,40.64133834838867,7975100
2024-03-01,41.00107409975598,41.31469324960777,40.659783810382436,40.94572830200195,12033200
2024-03-04,41.07486570393377,41.25012564056349,40.80736980683836,40.92728042602539,7332700
2024-03-05,41.13943590946017,41.88658839204189,40.89038860064367,41.58219528198242,9578300
2024-03-06,42.03418053347182,42.08030028267554,41.41616815297708,41.923492431640625,8359200
2024-03-07,41.92348325804814,42.689080779695416,41.886586059274386,42.329341888427734,7767900
2024-03-08,42.467707757728625,42.77210087329372,42.24632806746335,42.57839584350586,6790800
2024-03-11,42.550729918578796,43.122622537039426,42.16331629279427,43.048828125,7571700
2024-03-12,43.07649695275981,43.3439963820944,42.89201446636662,42.9658088684082,6939400
2024-03-13,43.371668246355966,44.091146084698714,43.371668246355966,43.731407165527344,8846300
2024-03-14,44.04796666289519,44.56935227008661,43.98279346199626,44.56004333496094,9075200
2024-03-15,44.23417376850847,44.960395016699636,44.19693447634136,44.33658981323242,16340700
2024-03-18,44.383140859117034,44.709010409826575,44.00141059524296,44.19693374633789,6691000
2024-03-19,44.17830812688419,45.18383993670299,44.07589209358347,45.090736389160156,8230900
2024-03-20,44.76487226877545,45.48177742812572,44.690386586328614,45.25832748413086,6248500
2024-03-21,45.276956453298126,45.29557787701439,44.87660472258196,45.1838493347168,6671500
2024-03-22,45.239713701435086,45.4631672348289,44.969708384488975,45.034881591796875,4640200
2024-03-25,45.323500423306115,45.84488954245756,45.21177545194252,45.66798782348633,6091000
2024-03-26,45.77971108579315,45.928682444280255,45.40729334459341,45.4259147644043,5832000
2024-03-27,45.19315293696464,46.0590294353268,45.13728867679934,46.04971694946289,5580400
2024-03-28,46.52456171503756,46.82249738017567,46.291799254668824,46.7200813293457,9259400
2024-04-01,47.409051108500634,47.669747451126916,46.850422684551134,47.43698501586914,8016600
2024-04-02,47.725608721959894,48.08872110862368,47.362499886969054,48.060787200927734,7093800
2024-04-03,48.274928800443725,49.1873606938367,48.274928800443725,49.13149642944336,8999300
2024-04-04,49.29908099366474,49.45735773358644,48.70320977002809,48.91735076904297,7702300
2024-04-05,49.14080326831929,49.88564588843519,48.721833734095135,49.59701919555664,7669300
2024-04-08,49.80185501938877,50.099790669188906,49.30839621367289,49.74599075317383,7183100
2024-04-09,49.87633772341324,50.47220902979236,49.57840207022369,50.40703582763672,7885300
2024-04-10,50.28600095282257,50.78876872539454,49.84840993744177,50.75152587890625,7984200
2024-04-11,50.73290564992587,51.14256628724138,49.59702374652734,50.18358612060547,7527400
2024-04-12,50.714280327968005,51.291530170633585,49.58770744654802,49.73667526245117,9808700
2024-04-15,49.96013114926892,50.313931060821005,48.87080460936712,49.04770278930664,7850700
2024-04-16,48.75907438228228,49.06632250439152,47.99561387189758,48.582176208496094,6991400
2024-04-17,48.45182890973343,49.01976981456858,47.89319693948299,48.107337951660156,6183100
2024-04-18,48.35872204762981,48.554245191616424,47.6976775869465,47.883888244628906,5168200
2024-04-19,47.976991747210846,48.82424686468612,47.874575708009516,48.256309509277344,5075400
2024-04-22,48.00492737350928,48.92666465598353,47.58595426707871,48.53562545776367,6363300
2024-04-23,48.38665735952789,49.0756321957789,48.06078781120549,48.94528579711914,4173200
2024-04-24,48.60079371343271,48.79631329265293,48.19112958363112,48.507686614990234,6470200
2024-04-25,48.4518268314394,49.01976771191328,47.883885950965514,48.98252487182617,6392000
2024-04-26,48.81493360690091,49.24321559501967,48.5169980019772,49.075626373291016,4618400
2024-04-29,48.88010970344539,49.53184520982588,48.88010970344539,49.42012023925781,4809100
2024-04-30,49.11287469636337,49.21529073793151,47.61388401887967,47.651126861572266,7539300
2024-05-01,47.44629325862952,47.623194979916306,46.34765429610054,46.92490768432617,8501200
2024-05-02,47.59526293688702,48.64735016457986,46.58973103872834,46.86904525756836,13274100
2024-05-03,47.58595011312308,47.76284827520811,46.701452199352566,47.05525207519531,8953800
2024-05-06,47.35319519042969,47.911823670926275,47.166984513039736,47.35319519042969,5858800
2024-05-07,47.390437904200816,47.744234283415366,47.31595221278307,47.46492004394531,5103000
2024-05-08,46.93421654767078,47.54870922479107,46.83180050953859,47.073875427246094,5146700
2024-05-09,47.19491187758004,47.669749252385024,47.09249938560208,47.34387969970703,4437900
2024-05-10,47.53940028871414,47.669746682088,46.561795235064515,46.66421127319336,5061400
2024-05-13,46.77594582259556,46.962152950444256,46.19869236091004,46.459388732910156,6733600
2024-05-14,46.5524875683591,46.67352503050525,46.1242055351317,46.39421081542969,4435500
2024-05-15,46.19869133557257,46.37559307544528,45.33281471393492,46.28248596191406,5742200
2024-05-16,46.487313634156074,46.617660029016854,45.816956687245906,45.84489059448242,5312500
2024-05-17,46.01247784309151,46.356968814555906,45.70523326643243,46.19868850708008,4691700
2024-05-20,46.217313651515724,46.617665368254485,46.15214044662089,46.57111358642578,4826000
2024-05-21,46.36627492878819,46.77593907497552,46.235928537427775,46.33834457397461,3800400
2024-05-22,45.910059940517314,45.984542066329645,45.10935666591737,45.43522262573242,5115300
2024-05-23,45.779718957797805,45.937999277570945,44.81142982283917,44.90453338623047,4533400
2024-05-24,45.13729218301564,45.32350284635856,44.70901014349803,44.830047607421875,4039100
2024-05-28,45.034868166718724,45.5935000578361,45.01624674851424,45.537635803222656,5336400
2024-05-29,45.30487769910054,45.36074195901118,43.34967477397324,43.93623352050781,10321600
2024-05-30,43.93623727199552,44.401762155981515,43.93623727199552,44.308658599853516,6067500
2024-05-31,44.44831234987242,45.695919036865234,44.364517738370196,45.695919036865234,15249200
2024-06-03,45.42591838590975,45.4724701633119,43.69416527383545,43.833824157714844,8211700
2024-06-04,43.3403569618842,43.48932475166597,42.73517686975239,43.43346405029297,7669700
2024-06-05,43.53588304324182,43.64761156607321,43.1355349339508,43.40553665161133,5293700
2024-06-06,43.331056326798205,43.65692231945174,43.126224244745735,43.535884857177734,4095100
2024-06-07,43.2472590322689,43.9176123973638,43.06104838298092,43.56381607055664,6467600
2024-06-10,43.61967937368164,44.18762028953851,43.321743737768685,43.871063232421875,6607300
2024-06-11,43.61036578349505,44.06658167510159,43.26587840718351,44.02933883666992,4211100
2024-06-12,44.49486751793908,44.55072822875487,43.34967677446811,43.61967849731445,5105200
2024-06-13,43.40553498677295,43.48002066580361,42.521037082483474,42.60483169555664,7572700
2024-06-14,42.92383659063201,42.92383659063201,42.22016713832656,42.745574951171875,6809800
2024-06-17,42.6892751399688,42.98012643487404,42.36089753204958,42.93321228027344,5577700
2024-06-18,43.00827490564374,43.599358217994464,42.77371843333527,42.830013275146484,5011700
2024-06-20,42.820628499856745,43.43047675218415,42.60483697739953,43.149009704589844,5368200
2024-06-21,43.41171194479305,43.430476891899396,42.78309874339743,42.98950958251953,12610300
2024-06-24,43.21468373011964,45.02545989817181,43.16776957460883,44.697078704833984,8375900
2024-06-25,44.622025129953265,44.63140581418013,44.10599802128142,44.44375991821289,6852700
2024-06-26,44.43437972088587,44.481290300629766,43.51491875752377,43.83391571044922,5120900
2024-06-27,44.218584855974164,44.293641062094295,43.85267735090062,44.105995178222656,3620100
2024-06-28,44.565722081124925,44.678308166354576,44.0403143849747,44.471900939941406,7931400
2024-07-01,44.7533675877888,45.06298021447788,44.21857921337822,44.78151321411133,4481200
2024-07-02,45.175576664723245,45.41951381394244,44.61263900037125,44.81904983520508,4783000
2024-07-03,45.01607590188406,45.44765893437637,44.86595990888466,45.13804626464844,3338400
2024-07-05,45.00669035460884,45.12865712514557,43.9183486282105,44.124755859375,6394700
2024-07-08,43.71194628081788,43.89959218288054,42.708044820687704,43.646270751953125,11872600
2024-07-09,43.252206028275644,44.01217018099544,43.04579879519096,43.21467971801758,6198100
2024-07-10,43.25221335702578,43.30850820052245,42.83001455746817,43.073951721191406,5700700
2024-07-11,43.111476943719666,43.66503031809956,42.67989392750414,43.55244064331055,6879200
2024-07-12,43.89958925329657,43.98402972463734,43.36480079448754,43.60873794555664,4954300
2024-07-15,44.049709469027576,45.66345568395513,43.79638803073737,45.081756591796875,8391700
2024-07-16,44.743994076179625,45.55086896238544,44.53758680181271,45.2600212097168,6136800
2024-07-17,45.438280623986856,46.30144673405652,45.438280623986856,45.644691467285156,7723900
2024-07-18,45.39137063748895,46.04812949188364,45.2881652144922,45.466426849365234,4782600
2024-07-19,45.41013393521183,45.41013393521183,44.59387484428663,44.7909049987793,4995500
2024-07-22,44.56573257390426,44.5751132586124,43.589976728051475,43.908973693847656,5634900
2024-07-23,43.66503378771115,43.777619892398775,42.94259942279076,43.1208610534668,6678400
2024-07-24,43.44923619228278,43.74946814887035,42.74556687295932,42.76433181762695,5279000
2024-07-25,42.81124830678756,43.768239142820455,42.679897255007155,43.42109298706055,4900400
2024-07-26,43.28973678865703,43.68379347619743,42.95197493620734,43.47738265991211,4327200
2024-07-29,43.62750269070168,43.6837975310178,42.360899205493915,42.86753845214844,5309200
2024-07-30,42.81124333679747,43.449237153420874,42.70803792836614,43.3178825378418,5228300
2024-07-31,43.99340482707563,44.40622644749903,43.9183486282105,44.124755859375,6693300
2024-08-01,44.20919774130247,44.50942970450965,41.76981214548224,42.27645492553711,11131100
2024-08-02,41.88240301286461,41.957462801749294,39.4711627701838,40.14668655395508,12250300
2024-08-05,38.880080273229105,39.55560407114057,38.345291792898465,38.91761016845703,12221600
2024-08-06,38.97390446017112,39.8089249324216,38.77687788158235,39.386722564697266,8326700
2024-08-07,40.83159320041763,41.70414360799529,40.475066342288024,40.503211975097656,11873900
2024-08-08,41.066149009363016,42.41719304772835,40.90664874161936,42.32337188720703,8819700
2024-08-09,42.22954774657304,42.3984287011449,41.56340819189954,42.14510726928711,6233400
2024-08-12,42.33274359038849,42.670505423082744,42.20139256190675,42.5297737121582,4920600
2024-08-13,41.99498661025379,42.257692276620254,41.60093347927536,41.88240051269531,6873000
2024-08-14,42.03251641753092,42.070046309657094,41.44143314321002,41.741668701171875,5709600
2024-08-15,41.97622513015106,42.73618576043347,41.97622513015106,42.63298034667969,5403700
2024-08-16,42.192017477174055,42.61421624500883,42.05128216853075,42.304603576660156,4917900
2024-08-19,42.464093939704135,42.726799571513034,42.267067400132746,42.39841842651367,5064500
2024-08-20,42.21078477178484,42.220165455994035,41.09429366135797,41.3194694519043,6267700
2024-08-21,41.76043026913532,41.88240062960853,40.91602916651835,41.13182067871094,5366600
2024-08-22,41.235026224578505,41.356996585440825,40.850353774825834,40.972320556640625,4173600
2024-08-23,41.28193522405201,42.004369519958615,41.235024649834166,41.93869400024414,4314300
2024-08-26,42.68927862163848,43.19592146864697,42.22954635400904,42.35151672363281,5334100
2024-08-27,42.276457114435146,42.46409941686949,41.83548982980995,41.89178466796875,3767300
2024-08-28,41.554027927666255,42.09819711419833,41.516498030926684,41.83549499511719,3651200
2024-08-29,42.16387422016899,42.53916604349829,41.760436762756825,42.22016906738281,4365500
2024-08-30,41.78858358048802,42.07005064232674,41.63846757557084,42.013755798339844,5832500
2024-09-03,41.24440735619453,41.356997034697045,40.16544978006891,40.36247634887695,6389000
2024-09-04,40.53135695713353,40.78467836312751,39.499306386893515,39.63066101074219,6316400
2024-09-05,40.015333486134374,40.09977395485094,39.339809736401854,39.48054504394531,5320900
2024-09-06,39.49930491911375,39.7620105780015,38.542317748538956,38.7862548828125,6226400
2024-09-09,38.936373339800504,39.26475096044483,38.729962504511136,38.842552185058594,7694700
2024-09-10,38.842549501498745,38.87069513016726,37.62285309983466,37.74482345581055,7926400
2024-09-11,37.76359182930639,37.77297251336498,36.609574421523874,37.46335983276367,10260800
2024-09-12,37.482118933101496,37.95123180190365,36.94733054899081,37.53841018676758,8037000
2024-09-13,37.73763120591868,38.03171662214733,37.339196402168305,37.42457580566406,8673500
2024-09-16,37.70917325962615,38.11709668125044,37.36765563976908,37.604820251464844,7139000
2024-09-17,37.519438152730125,38.477585141742324,37.386626558731095,38.38271713256836,7490700
2024-09-18,38.117096591386684,38.98986062332399,38.00325859131764,38.297340393066406,5996600
2024-09-19,39.01832421319016,39.30292103281953,38.68629157458515,38.866539001464844,6471500
2024-09-20,38.69578170776367,38.79064611175603,38.13607303898064,38.69578170776367,12847500
2024-09-23,38.695775644968144,39.35983722540563,38.44912244308119,39.00883102416992,7209800
2024-09-24,39.701353193282,39.72981540652707,38.819100578422876,38.90447998046875,6905000
2024-09-25,38.638855834172965,38.79064103199098,37.72814464726485,37.7566032409668,8386600
2024-09-26,37.18741490189212,37.37714733065155,35.83083292170298,35.925697326660156,16997600
2024-09-27,36.324136385254725,37.05460389572099,36.248241964966994,36.95973587036133,8631700
2024-09-30,36.912297652638784,37.48149123667217,36.6846180477187,37.111515045166016,10931400
2024-10-01,36.76999627681232,38.08863443114254,36.66564689750849,37.71865463256836,12618700
2024-10-02,38.4206657409668,38.638856741777595,37.85147214049034,38.4206657409668,8133200
2024-10-03,38.43964296454757,39.75827770431564,38.32580495749756,39.644439697265625,11722800
2024-10-04,40.223122147010706,40.35593375898433,39.71084568467386,40.24209213256836,10288300
2024-10-07,40.24209295697106,40.82077523714964,40.13774355888622,40.422340393066406,8362700
2024-10-08,39.69187004746986,39.80570804921066,38.92345539331861,39.54008483886719,7402600
2024-10-09,39.160618015714995,39.96697983570598,39.00883281483411,39.80570602416992,6264600
2024-10-10,39.98595726949933,40.782830555189015,39.76776262965949,40.65950393676758,7454900
2024-10-11,40.460286012771704,41.076911859457745,40.36541799254273,40.75436782836914,5979100
2024-10-14,40.384394247190855,40.71642329267238,40.223124030484165,40.66899108886719,5866100
2024-10-15,39.30291924672862,39.69186906027704,38.90448082227831,39.0847282409668,8384900
2024-10-16,39.340870110284264,39.47368172450068,38.543996806140704,38.600914001464844,7566400
2024-10-17,38.61988595492311,38.80961837519637,37.66174247986827,38.49656295776367,21526000
2024-10-18,38.38272392677493,38.600914958230724,38.02223628463675,38.57245635986328,6942900
2024-10-21,38.819101672083065,38.951916893664325,37.8894168340828,38.02223205566406,6248200
2024-10-22,38.211965630455815,38.36375085526898,37.898910187523434,38.10761260986328,5918700
2024-10-23,37.841986138770295,37.965312754285826,37.18741309120921,37.48149490356445,7346500
2024-10-24,37.67122732308568,37.813527542437825,37.24433028387414,37.48149490356445,4223100
2024-10-25,37.79455845701254,37.9653172931117,36.86487347094232,37.17792892456055,9322100
2024-10-28,36.219776716022935,36.883838296223495,36.02055932761611,36.608726501464844,8475500
2024-10-29,36.52334511748747,36.70358889450412,36.115421752641765,36.181827545166016,6111100
2024-10-30,36.44745973351569,36.85538319929456,36.20081010294589,36.38105392456055,6318600
2024-10-31,36.69411087036133,37.073575715839894,36.466431239305194,36.69411087036133,7033800
2024-11-01,36.845895309465696,37.11151852440442,36.200807257033176,36.35259246826172,6921500
2024-11-04,36.69410968001545,37.3961149168795,36.532835859323,37.13998031616211,7877000
2024-11-05,37.121007349610885,37.557389382051916,36.79846332153601,37.32022476196289,12281800
2024-11-06,37.66174253244066,38.458615803624795,36.32413421497212,37.96531295776367,17787000
2024-11-07,37.756608737151176,37.756608737151176,36.798465214982485,36.89332962036133,12981500
2024-11-08,36.82692311437228,37.177925750231054,36.65616429285287,36.87435531616211,8623300
2024-11-11,36.722571235229886,37.092547487019715,36.39054219358392,36.95973587036133,8426700
2024-11-12,37.08306064233001,37.33919886974427,36.333619564211794,36.37156677246094,8057400
2024-11-13,36.45694743541963,37.32971154209606,35.99210316549321,37.10203552246094,8317600
2024-11-14,37.443552781548284,37.59533799934231,36.90281771697924,37.35817337036133,5235700
2024-11-15,37.196905130477525,37.69969668028692,36.371573110876696,36.49489974975586,6725300
2024-11-18,36.807950022261586,37.158952663006396,36.52335318871594,36.77949142456055,6574200
2024-11-19,36.23875394263992,36.580271567696805,35.94466851687541,35.96364212036133,8134100
2024-11-20,36.001592931627215,36.798466263590534,35.98261932624176,36.333621978759766,5777500
2024-11-21,36.57078495008148,36.98819701183606,36.42848834444745,36.71308517456055,7169000
2024-11-22,36.665649785059976,37.614308215526265,36.62770257931859,37.42457580566406,7465200
2024-11-25,37.434066746013485,37.54790838132727,36.24824351950131,36.3051643371582,11970200
2024-11-26,36.162864211877455,36.314649440576545,35.3659908564959,35.7739143371582,10083200
2024-11-27,35.84031506061271,36.40002369051736,35.84031506061271,35.89723587036133,6298300
2024-11-29,36.049019110175394,36.23875151347155,35.916207513521464,36.0015869140625,3241000
2024-12-02,36.01107565708223,36.19132308747033,35.242664591010765,35.679046630859375,7837900
2024-12-03,35.9731294126054,36.03953883847439,35.34701493291907,35.65058898925781,7316800
2024-12-04,35.669555250803356,35.67904386158467,34.18965042725193,34.426815032958984,13021700
2024-12-05,34.42681712274032,34.76833475470448,34.075810879418874,34.1137580871582,10313200
2024-12-06,34.04734809530951,34.05683670549973,32.97536313101643,33.19355773925781,13002500
2024-12-09,33.5825097437797,34.06632394897626,33.060744714157806,33.686859130859375,11704100
2024-12-10,33.8576182733682,33.92402407437143,32.90895983749955,32.94690704345703,8887400
2024-12-11,33.12715755016764,33.13664616300038,32.757181264291354,32.975372314453125,10382700
2024-12-12,32.91845112739705,32.96588332928168,32.14055143618491,32.377716064453125,11943700
2024-12-13,32.46365189244671,32.702355215185285,31.881215202192795,32.34907531738281,10477200
2024-12-16,32.22494616524604,32.22494616524604,31.08871974502637,31.11736297607422,15130700
2024-12-17,30.725887375154564,30.907300561926824,30.41079910935455,30.716337203979492,14450800
2024-12-18,30.649502077399926,30.89775554759709,29.666045652901037,29.694690704345703,13828400
2024-12-19,30.028872305533145,30.229382179585016,29.112250795286407,29.14089584350586,15241500
2024-12-20,29.074060613879883,29.72333201422185,29.016770514692027,29.379600524902344,34647800
2024-12-23,29.322310565834062,29.685140577778196,29.140897381023525,29.580110549926758,11098900
2024-12-24,29.589660124428026,29.866556819800845,29.179090167102316,29.8283634185791,5806600
2024-12-26,29.828361889537575,29.88565016727191,29.503725280440488,29.70423698425293,9002200
2024-12-27,29.685142542102813,30.162549142238067,29.589660857843434,29.790172576904297,9097600
2024-12-30,29.84746077737884,30.773628923490467,29.704239161962228,30.52537727355957,12334300
2024-12-31,30.506278833885187,31.29877180145786,30.448988737474455,31.25103187561035,10409800
2025-01-02,31.862117361964046,32.39681409704877,31.652060922232227,31.890764236450195,10072200
2025-01-03,32.167655666421595,32.49229230283592,31.843019030007266,32.396812438964844,8817900
2025-01-06,32.625960996503835,33.29433087689621,32.15810462985515,32.22494125366211,12626900
2025-01-07,32.50184441878021,33.5139441487184,32.463651014017834,33.12247085571289,11021700
2025-01-08,32.90286025068213,33.60942358378548,32.80738039268149,33.561683654785156,10936900
2025-01-10,34.611969706493035,35.21350288951821,34.039083388969686,34.36371994018555,14356700
2025-01-13,34.745652319204446,35.82459227225732,34.70745891643791,35.108482360839844,12201100
2025-01-14,34.965257533104946,35.700464116709554,34.87932420145445,35.49995422363281,9395600
2025-01-15,35.98690666075626,36.97991322052996,35.681366741183304,36.6934700012207,15331700
2025-01-16,36.31154146851616,36.89397804936242,36.20651144346874,36.68391799926758,8471200
2025-01-17,36.464317789439846,36.8844379630066,36.01555802538937,36.235164642333984,9359800
2025-01-21,35.8054962383221,35.94871968020476,34.77429619834318,35.070289611816406,13092100
2025-01-22,35.05118801613804,35.51904803761724,34.78384151376302,34.81248474121094,7971600
2025-01-23,35.041643658365565,35.538146938047845,34.669267109184645,34.802940368652344,6550300
2025-01-24,35.070285738419805,35.08938243804989,34.144115839137434,34.335079193115234,7202300
2025-01-27,34.373274100614715,34.822037455805045,33.542587663033686,33.733551025390625,9972000
2025-01-28,34.06772846315392,34.06772846315392,32.988788742796366,33.30387878417969,6961200
2025-01-29,33.27523809018009,33.638068120874266,32.91241170180917,33.48529815673828,7126600
2025-01-30,33.762195184142385,33.80038858612958,33.18930508130434,33.46620178222656,6101900
2025-01-31,33.41845720658992,33.447100432937994,32.26313427446242,32.55912399291992,8387800
2025-02-03,32.63551116694644,32.64505769506623,31.88120796418473,32.22494125366211,9706600
2025-02-04,31.823923176408332,33.0365326388412,31.70934297903714,32.86466598510742,7057200
2025-02-05,32.70235441354001,32.816930985795246,32.2440444821955,32.59732437133789,7592800
2025-02-06,32.93150637921236,33.04608293469362,31.527929915855484,31.909852981567383,8907100
2025-02-07,32.02443805616555,32.20585126683071,31.623414587427312,31.652061462402344,5509800
2025-02-10,32.02443950735583,32.9124161830254,31.96714939713324,32.7119026184082,8701700
2025-02-11,32.87421180636267,33.809928107148544,32.788278490865885,33.53303146362305,9504100
2025-02-12,33.275238171631266,33.63806820321358,32.291781752743795,32.43500518798828,8741000
2025-02-13,32.4159060758183,32.6737060546875,32.024432843236845,32.6737060546875,7229400
2025-02-14,32.90285945065558,33.60942276657898,32.874216222416464,33.07472610473633,9066800
2025-02-18,33.40890879797413,33.8958618300944,32.81692210973684,33.30387878417969,10239900
2025-02-19,34.564236717803375,36.89397948982635,34.564236717803375,35.87232971191406,21954200
2025-02-20,36.33064541199667,37.123142200958114,36.00600874362943,36.80805206298828,11384100
2025-02-21,36.52160444898079,36.90353118119356,35.662271122663704,35.79594802856445,11546100
2025-02-24,35.89142717982061,35.95826381028602,35.23260740423738,35.624080657958984,7804300
2025-02-25,35.55724004256398,35.55724004256398,34.16321020344499,34.25869369506836,10935600
2025-02-26,34.21095328078835,34.57377961679603,33.685803190182746,33.857669830322266,8136300
2025-02-27,34.08682705246907,35.03208994444239,33.79083369192079,34.25869369506836,7400600
2025-02-28,33.914962155297545,34.64061851736706,33.61896877951602,34.58333206176758,9073100
2025-03-03,34.84113074414887,34.984350520148126,32.31087463594415,32.85511779785156,13946000
2025-03-04,32.272680202905214,33.38981335992197,31.60431034272591,32.70234680175781,14139100
2025-03-05,32.08172128121645,32.329974746867386,31.231938136697995,32.13901138305664,14135300
2025-03-06,31.986247210636282,32.62597040653355,31.613870587075322,32.33952713012695,8651600
2025-03-07,32.64506014264805,33.618969988412466,32.54958028500027,33.141563415527344,10540900
2025-03-10,33.13201405682313,33.399360549260834,32.014880877680426,32.664154052734375,10579000
2025-03-11,33.036530971046425,33.59032430341415,32.48274128100152,32.85511779785156,8721900
2025-03-12,32.97925007367497,33.68580982921538,32.730996592402484,33.17975997924805,7621600
2025-03-13,32.83602426119148,33.01744109417867,31.90985432278839,32.26313781738281,9821100
2025-03-14,32.32083749841588,33.253632834871624,32.15735620154176,33.22478103637695,8375800
2025-03-17,33.301709674676566,34.022942174984045,33.301709674676566,33.76329803466797,7567000
2025-03-18,34.29220219335576,34.532613034214506,33.48442162133526,34.01332473754883,7292700
2025-03-19,33.92677809672548,35.05190278621566,33.89792996850573,34.66724395751953,10658200
2025-03-20,34.37874946034125,34.9461191785897,34.186420058356,34.74417495727539,6915800
2025-03-21,34.590308768262226,34.88841582706859,34.39797938518781,34.763404846191406,12728200
2025-03-24,34.859577130063634,35.77313919542383,34.734562447002844,35.54234313964844,5722200
2025-03-25,35.830833807682474,36.32127402797299,35.41733049361178,35.55195999145508,5934100
2025-03-26,35.98469458847143,36.39820154763374,35.773135533079845,36.032779693603516,7504800
2025-03-27,35.85968581518091,36.05201524252665,35.28269753314371,35.46541213989258,5118700
2025-03-28,35.378861714831274,35.57119112931382,35.06151763067831,35.35000991821289,4324400
2025-03-31,35.157684922294166,36.205876401792686,35.138451613597674,35.9654655456543,7085000
2025-04-01,36.06162584084275,36.15778870906702,35.407708065458536,36.12894058227539,5573500
2025-04-02,35.61927160522344,36.503981752253544,35.61927160522344,36.46551513671875,5355500
2025-04-03,34.051799674263954,34.532621473487325,31.772705373091355,31.88810157775879,16227400
2025-04-04,30.77258735848869,31.05146481183578,27.94535538135458,28.185766220092773,23073700
2025-04-07,26.964480689582597,29.003163585241392,26.09900019839909,27.512617111206055,19139800
2025-04-08,28.291549825490527,28.541577337760202,25.397002876839544,25.772043228149414,17713000
2025-04-09,25.050809429085557,30.330233223347065,24.896946634321967,29.878259658813477,21581300
2025-04-10,28.666591015929512,28.90700188081967,26.089386250836718,26.685606002807617,16787200
2025-04-11,26.73368693544692,27.339523330634197,25.733578710236596,27.147193908691406,12107700
2025-04-14,28.11845195019187,28.11845195019187,27.01256244029103,27.628013610839844,10647600
2025-04-15,27.45491949362568,28.3492481867944,27.272208560540147,27.435688018798828,12112600
2025-04-16,27.522235295318545,28.71467290769177,27.512618641082963,28.176151275634766,10498300
2025-04-17,28.551191588943183,29.6282311143205,28.551191588943183,29.147409439086914,10351200
2025-04-21,28.47425973208858,28.608889212028203,27.945354797403173,28.349245071411133,6515400
2025-04-22,29.493603253528992,30.339848641417,29.272425710968278,30.00327491760254,14186000
2025-04-23,30.522562949621054,31.080316078472755,29.522454713213214,29.88787841796875,9338000
2025-04-24,30.282147964221984,30.445627402192127,29.76286152455682,30.262914657592773,6477000
2025-04-25,29.89749067706869,30.310997594149214,29.83017593878843,30.147518157958984,5181500
2025-04-28,30.157136645164783,30.58025840699816,30.060971941406592,30.339847564697266,5045800
2025-04-29,29.81094542703709,30.234069036993823,29.609001193264763,30.099437713623047,4949100
2025-04-30,29.580151611275518,29.801329156114626,28.801220960126464,29.243576049804688,7573400
2025-05-01,29.157028782088755,30.55141250255737,29.108947343806097,29.96480941772461,8236100
2025-05-02,30.44563071761106,30.637960136468994,29.79171289452121,30.23406982421875,6604300
2025-05-05,29.61861658311839,30.02250689262406,29.282042853688047,29.44552230834961,9983400
2025-05-06,29.74363065566699,30.04173959609598,29.34935700839952,29.416671752929688,9491100
2025-05-07,29.24357573135676,29.637849379755384,28.56080979580425,29.1281795501709,13900500
2025-05-08,29.685931229976422,31.05146486993178,29.570533220122964,30.705272674560547,10247500
2025-05-09,31.29187365995898,31.532284483403572,30.811052013069794,31.282255172729492,6843400
2025-05-12,32.888203654198854,33.32094389998666,32.070804596960045,32.26313400268555,8035600
2025-05-13,32.455465997131135,33.27286145118892,32.31121801423689,32.974754333496094,7415700
2025-05-14,32.743957722517614,32.8882057028919,32.44585061003259,32.65740966796875,6172200
2025-05-15,31.926563246167717,32.22467036764854,31.676533895091104,32.118892669677734,7155400
2025-05-16,32.330448943142784,32.41699699283229,31.60921641852302,31.984256744384766,6046000
2025-05-19,31.49382473244898,31.618839415021572,31.147632484327247,31.436124801635742,5264600
2025-05-20,31.45535397776118,31.48420577356526,30.897602726719956,30.936065673828125,6277300
2025-05-21,30.772588820684526,31.003384850926178,30.291767120361328,30.291767120361328,8370400
2025-05-22,29.97442185884192,30.166751253316217,29.445518775321165,29.945571899414062,6814200
2025-05-23,29.483987698140854,30.04174081949044,29.435906259858196,29.96480941772461,7037600
2025-05-27,30.291764287729407,30.291764287729407,29.72439458766856,30.147518157958984,7347700
2025-05-28,30.445627321507455,30.570641980076946,29.647463440401193,29.676313400268555,6989200
2025-05-29,29.810945704020696,29.964808502854698,29.397438744333357,29.91672706604004,8889600
2025-05-30,29.570535970634648,29.65708402752775,29.080097592970183,29.09933090209961,18145600
2025-06-02,29.98403851198454,30.05135324979383,29.570531597797128,29.945571899414062,10156900
2025-06-03,29.945574941983754,31.061081141220107,29.618616038670766,30.782203674316406,6774400
2025-06-04,30.782200900410775,31.243792919803724,30.272531117319467,30.349462509155273,8118100
2025-06-05,30.66680786456856,30.6764245188047,30.11867141243332,30.21483612060547,4918500
2025-06-06,30.637955272496722,31.18609164477561,30.599488661156247,31.051462173461914,5820700
2025-06-09,31.26302424161494,31.734231105448977,31.051465195409207,31.39765739440918,5322300
2025-06-10,31.72461089085517,32.60932087706714,31.72461089085517,32.18619918823242,6319400
2025-06-11,32.47469143092433,33.37863472183563,32.15734741286474,33.14784240722656,8716400
2025-06-12,33.00359562465946,33.04206223457845,32.3785260527983,33.013214111328125,6149500
2025-06-13,34.14625926289752,34.4755200091353,33.55553011583378,34.000999450683594,12706100
2025-06-16,33.31342933367761,34.07847327044937,33.18753453123984,33.5264778137207,9279000
2025-06-17,33.97194786234552,34.359311051628225,33.48774110508886,33.61363220214844,10043300
2025-06-18,33.89447409065308,34.30120600652275,32.81953446413393,32.96479797363281,11401800
2025-06-20,33.04226932563714,33.30374142771085,32.69363985620553,33.20690155029297,15001600
2025-06-23,33.76857713228614,33.89447191950722,31.68649035946754,31.79301643371582,15657400
2025-06-24,31.115129926341545,31.812385204578465,31.086075006353344,31.32817840576172,8636300
2025-06-25,31.23133615199045,31.483122042804617,31.03765270833102,31.115127563476562,6371600
2025-06-26,31.182918329281737,31.763965005459013,31.173232124629468,31.454072952270508,6190200
2025-06-27,31.376602018197868,31.483124410728166,30.989235101744185,31.231338500976562,6351900
2025-06-30,31.105440670337988,31.134495587476064,30.71807563870344,30.805233001708984,5835000
2025-07-01,30.814918823538502,31.947964596483292,30.49534242635739,31.618703842163086,7286900
2025-07-02,32.16101093073171,32.41280050543337,31.502489465794838,32.35469436645508,6849400
2025-07-03,32.33532779490164,32.47090510062545,32.05448697921401,32.180381774902344,2849200
2025-07-07,31.938277991306208,32.325644883598194,31.115127962941326,31.647754669189453,7526100
2025-07-08,31.870488025358792,34.078469615462865,31.686490790918224,33.81699752807617,16160900
2025-07-09,33.652374933016716,33.923529577669534,33.14879938280079,33.49742889404297,6306200
2025-07-10,33.11973930792373,33.49741994614765,32.63553260369737,32.87763595581055,7752400
2025-07-11,32.69363355969059,33.23594637371766,32.55805627973477,32.897003173828125,5724400
2025-07-14,32.70332444173682,32.742061868468376,32.02543425075196,32.151329040527344,6961300
2025-07-15,32.2675390550188,32.29659027925141,31.134496979492983,31.15386199951172,6964000
2025-07-16,31.163547551885934,31.30881105841955,30.45660612144481,30.747129440307617,11508900
2025-07-17,30.718080432856706,31.783335821432146,30.63092305624856,31.744598388671875,6668800
2025-07-18,32.11259703295556,32.56775263835025,31.696178860829562,31.812387466430664,7130200
2025-07-21,31.860808839823903,31.977017437162605,31.279758464720985,31.32817840576172,4939700
2025-07-22,31.44438658049402,31.996381963339534,31.425017867772606,31.77364730834961,6161300
2025-07-23,31.947963909296693,32.47090440674155,31.705860527333623,32.190067291259766,6605300
2025-07-24,31.977018128951748,32.56775102736082,31.69617729295321,32.248172760009766,9729100
2025-07-25,32.27722818245893,32.403119295004714,31.812386387411184,31.89954376220703,5664200
2025-07-28,32.286907766632815,33.04226915025565,32.24817033818946,33.01321792602539,7174600
2025-07-29,33.10037694950076,33.2456404663311,32.64522137802339,33.13911437988281,6184100
2025-07-30,32.86795257190839,33.08100472218578,32.45153447502309,32.69363784790039,6439900
2025-07-31,32.36437983245464,32.96479890746799,32.02543655962824,32.17070007324219,5467900
2025-08-01,31.77365017752847,31.986698648293977,30.727761761353136,31.12481117248535,8893000
2025-08-04,30.892390121807825,31.260386437191553,30.679339817859578,30.931127548217773,7853600
2025-08-05,31.02797375231801,31.415336989798963,30.650291178634607,31.289445877075195,9814200
2025-08-06,31.957643048499083,32.790479185684134,31.124806911314035,31.425016403198242,15777800
2025-08-07,32.044804982835224,32.60648292900928,31.260388666025104,31.366914749145508,10939100
2025-08-08,31.618703851276397,32.48059131877945,31.337863035468466,32.22880172729492,9269100
2025-08-11,32.219121610488244,32.50964495791585,31.52186262129816,31.831754684448242,8541400
2025-08-12,31.938279215222796,32.67427559994101,31.70586202630465,32.267539978027344,5763000
2025-08-13,32.19006900671248,32.55806350708008,31.90922818205986,32.55806350708008,5817600
2025-08-14,32.3740679147392,32.82922350253911,31.98670098543654,32.780799865722656,4720500
2025-08-15,32.73238058460879,33.01322142931857,32.529014605007184,32.6258544921875,5365600
2025-08-18,32.470903808467945,32.75174461297971,32.10290933449154,32.490272521972656,5380200
2025-08-19,32.325641828506654,33.032583200052805,32.296586913097826,32.519325256347656,6284600
2025-08-20,32.54838034860342,32.92606104599952,32.28690824405123,32.713008880615234,8273900
2025-08-21,32.558062202476165,32.984166524655656,32.25785636916368,32.81953430175781,5312500
2025-08-22,33.00353471669865,34.165627991739356,32.95511108506827,34.04941940307617,8412600
2025-08-25,34.0300504269033,34.67888940486295,33.797633251368794,34.64015197753906,6681300
2025-08-26,34.29152129601734,34.4561535091652,33.80731455436547,34.11720657348633,7114800
2025-08-27,33.99130985234428,34.853200906578905,33.99130985234428,34.43678283691406,7925300
2025-08-28,34.6014176948149,34.83383858567636,34.1365796072967,34.746681213378906,5125700
2025-08-29,34.678894898587544,35.13404681203155,34.66920869311991,34.95973205566406,6146300
2025-09-02,34.86289084937664,35.41488632562205,34.543312576705695,35.269622802734375,6044800
2025-09-03,34.69825682769166,35.05656878159678,33.81699701277745,33.971946716308594,6913500
2025-09-04,33.82668362121455,34.504573805459785,33.57489404416709,34.456153869628906,4615700
2025-09-05,33.93321429621449,34.40773490356444,33.25532402008118,33.66205596923828,8729200
2025-09-08,33.942900508247774,33.942900508247774,33.05196164958834,33.41995620727539,8061000
2025-09-09,33.623318158570434,34.165627358415534,33.22626876831055,33.22626876831055,5073600
2025-09-10,33.274688874356926,34.398048400878906,33.11974286015405,34.398048400878906,8043200
2025-09-11,33.89447503432579,34.233418306987204,33.6717403559762,34.175315856933594,6242900
2025-09-12,34.436789120073975,34.659523805895866,33.6717414855957,33.6717414855957,7123800
2025-09-15,33.730247910950624,33.7399977190605,32.8916230580231,32.93062973022461,9102200
2025-09-16,33.09640574193289,34.25683017411534,33.047649256856296,34.100807189941406,8053700
2025-09-17,33.85701692499168,34.997934160460275,33.486460987711915,34.52986526489258,7499500
2025-09-18,34.7151402022888,34.7151402022888,33.86676559018942,34.13980484008789,6103000
2025-09-19,33.92527356050962,33.944776894315666,33.076895279409406,33.115901947021484,13572300
2025-09-22,32.97938322156041,33.14515970345175,32.745350649324095,32.88187026977539,6826400
2025-09-23,33.24267626406593,34.607880056546925,33.145163301694886,33.622982025146484,8409100
2025-09-24,34.12030959474166,34.812661335584785,34.00328956990074,34.3348388671875,5455300
2025-09-25,34.1983178528701,34.958929384417445,34.159311179487894,34.87116622924805,6065400
2025-09-26,34.97843032693815,36.333880515203596,34.900420705394396,36.070594787597656,9215500
2025-09-29,35.89507190300106,35.904821711665946,34.46160823698435,34.63713455200195,9375300
2025-09-30,34.31533422416726,34.48111072644421,33.66198918312801,34.188568115234375,9104900
2025-10-01,34.01303832040435,34.65663348709171,33.886268504576016,34.442100524902344,6187700
2025-10-02,34.13005561321815,34.60787802855078,33.33043746501322,33.466957092285156,7237400
2025-10-03,33.63273277223694,34.04229164418636,33.51571276321074,33.700992584228516,6409400
2025-10-06,33.9545342017078,34.48111317114852,33.710748055101696,34.04229736328125,4807200
2025-10-07,33.89602141235202,34.130057730681514,33.14516341577238,34.12030792236328,6927600
2025-10-08,34.12031052794832,34.130060337011095,33.398701901218,34.100807189941406,11524900
2025-10-09,34.373843541434056,34.86141579024872,33.43770571648135,33.496212005615234,6872700
2025-10-10,33.05739767536781,33.18416377299358,31.68244417742983,31.69219398498535,11041500
2025-10-13,32.1310084673312,32.42355104101839,31.74094922249451,32.384544372558594,4928100
2025-10-14,31.614181775922066,32.29678364553136,31.45815881028688,31.896974563598633,8405000
2025-10-15,32.238279048411066,32.42355516735302,31.477663796169036,31.799463272094727,5688400
2025-10-16,31.838469451044542,32.02374556710903,30.853571421732802,31.233877182006836,6797900
2025-10-17,31.253380316941108,31.43866015169225,30.775559737642567,30.951086044311523,7610700
2025-10-20,30.980341012948905,31.47766306801577,30.81456637461311,31.136363983154297,5770200
2025-10-21,31.10711106940219,31.44841203714225,30.687798611316456,31.26313591003418,7513000
2025-10-22,31.653189540659845,31.955485674467784,31.204623963949523,31.604433059692383,8167400
2025-10-23,32.5990758768535,32.989135104312275,32.37479312302286,32.60882568359375,8202100
2025-10-24,32.76485100116939,32.81361119803995,32.07249935622421,32.1505126953125,4557500
2025-10-27,32.209020373972116,32.56007297530384,31.974987786338236,32.111507415771484,5762700
2025-10-28,31.91647783885713,31.965234318048136,31.20462282700186,31.214372634887695,6428900
2025-10-29,31.38014964567001,31.711698917471683,31.15586686178667,31.253379821777344,7060400
2025-10-30,31.11685967650568,31.68244525078793,30.863321892843434,31.214372634887695,6257100
2025-10-31,31.321639393236,31.77995848535249,31.146114950658713,31.682445526123047,5408400
2025-11-03,31.643439522733757,32.01399547141687,31.136363940293986,32.004241943359375,7413900
2025-11-04,31.54592379706872,31.838470129558065,31.116861546568767,31.74095344543457,7989600
2025-11-05,31.692197752772937,32.29678632987448,31.48741829083421,31.536174774169922,9305500
2025-11-06,32.491813689162186,32.755103144444156,31.263133284393955,31.62393569946289,13993900
2025-11-07,31.99449155015744,32.89162268122904,31.68244561588202,32.862369537353516,9921100
2025-11-10,33.17442099249032,33.349947324716325,32.511322341832454,33.076904296875,6808200
2025-11-11,33.26217475672594,34.69563815809536,33.26217475672594,34.286075592041016,9901700
2025-11-12,34.22756921933277,34.646881636699106,33.91552328825284,34.34458923339844,10711300
2025-11-13,34.49085931308258,34.79315544189033,33.8082574311857,34.169063568115234,8334600
2025-11-14,34.31533141601119,34.997933266228266,33.6229797581668,34.94917678833008,8369700
2025-11-17,34.95893002697292,34.99793670107208,33.98378549378114,34.19831848144531,6735700
2025-11-18,33.88627091795742,35.29047763986094,33.73024794885703,34.978431701660156,9686500
2025-11-19,34.13005977224267,34.510365557380936,33.847266955644,34.403099060058594,7934500
2025-11-20,34.763897965791,35.96332508371787,34.11054930942923,34.286075592041016,10806100
2025-11-21,34.19831519637161,35.095450015067925,33.92527594366791,34.76390075683594,11410100
2025-11-24,34.637128668414,35.231967332723194,34.28607609800985,35.03693771362305,9494000
2025-11-25,34.74439993813729,34.99793587402807,34.471356945776726,34.9296760559082,6312500
2025-11-26,34.95892592506894,35.80730424771581,34.89066611334527,35.49525833129883,7695300
2025-11-28,35.573269408850344,36.441147381957784,35.466002923206794,36.13885498046875,4439000
2025-12-01,36.0706010540443,37.17251179399253,36.05109771529989,36.918975830078125,9103200
2025-12-02,36.957980844972276,36.957980844972276,36.10960238722217,36.333885192871094,6963700
2025-12-03,36.645930137043955,37.06523882734391,36.58742013101377,36.75319290161133,9200500
2025-12-04,36.80195813038239,37.05549408474071,36.62643180817995,36.772701263427734,5638500
2025-12-05,36.64593226215303,37.31878063105494,36.50940890683224,36.538665771484375,7670800
2025-12-08,36.72394021317963,37.2310157787429,36.207114839764394,36.63617706298828,8556200
2025-12-09,36.39239223351817,36.87021467252315,36.2168659269352,36.47040557861328,7091700
2025-12-10,36.47040508808909,37.52355919354102,36.14860562372148,37.455299377441406,8178700
2025-12-11,37.00673506647523,37.211514521733406,36.3923929808196,36.60692596435547,6407000
2025-12-12,37.19200995461228,37.33828311488951,36.51916160107522,36.58742141723633,7109100
2025-12-15,36.518719234098036,36.56778959542721,35.37045705491534,35.49803924560547,10818900
2025-12-16,35.05640359607717,35.18398579166681,34.26145023423325,34.438106536865234,10308300
2025-12-17,35.036775782083716,36.3518817734236,34.94844762804489,36.263553619384766,10536900
2025-12-18,36.30281082571083,36.31262340096696,35.04658779468461,35.05640411376953,8142400
2025-12-19,35.115284768561565,35.723769222063446,35.115284768561565,35.174171447753906,17503200
2025-12-22,35.68451652618513,36.19485658716436,35.56674689482964,35.75321578979492,5965700
2025-12-23,35.90042947351672,35.949499839672306,35.44897237093005,35.664886474609375,4609900
2025-12-24,35.53729746865374,35.68451229827787,35.35082859578132,35.52748489379883,2202900
2025-12-26,35.4980391328373,35.57655470577742,34.75215990904902,35.007328033447266,5248200
2025-12-29,35.360643437306365,35.772842740379346,35.282131601948436,35.50785827636719,5923600
2025-12-30,35.81209985615893,36.23410798294676,35.73358427844942,36.13596725463867,4940300
2025-12-31,36.17522388584855,36.2537357172168,35.782653497521245,35.94949722290039,3917600
2026-01-02,35.99857073990291,37.48051678522989,35.81210184821365,37.16646194458008,8717300
2026-01-05,37.08794443849325,37.37255776428365,34.79141642730745,35.87097930908203,11876600
2026-01-06,35.80228686409243,36.24392767017757,35.09566157435621,35.22324752807617,8595600
2026-01-07,35.174171531578764,35.23305821091144,33.59408120252324,33.82962417602539,13022000
2026-01-08,34.18293858013712,35.87098229522736,34.00628227658379,35.41952896118164,9846400
2026-01-09,35.51767306822132,35.723774604533375,34.99752042705128,35.09566116333008,5678200
2026-01-12,35.1447322663899,35.35083004122783,34.77179076156737,35.05640411376953,6689600
2026-01-13,35.5078553720751,36.577605716109616,35.5078553720751,36.15559387207031,9571300
2026-01-14,36.41076070758909,38.00066730536377,36.342061455764956,37.21552658081055,16721800
2026-01-15,36.567791615447355,37.52958872100643,35.3017597503728,35.64525604248047,22437000
2026-01-16,35.52748489379883,36.20466487364684,35.3115708087044,35.52748489379883,9210300
2026-01-20,35.74339640541886,36.391138681911315,35.468599374539956,35.615814208984375,9111700
2026-01-21,36.479460324584785,37.68661289032941,36.410761072072944,37.04868698120117,8628100
2026-01-22,37.00942962382049,37.28423038087434,36.26355041199663,37.2744140625,8722300
2026-01-23,38.02030176445046,38.461938806886614,37.70624318235048,37.922157287597656,7445800
2026-01-26,38.54045170433234,38.64840874943758,37.402002058926726,37.9123420715332,6016000
2026-01-27,38.37360963600789,38.83487930545931,38.147882960952415,38.71710968017578,6940200
2026-01-28,38.83488165367221,39.247080982832195,38.4423112205512,39.09005355834961,8880600
2026-01-29,39.83593167469325,40.54255693524518,39.09005236708876,39.19800567626953,14530500
2026-01-30,38.87413792432255,39.62983354501572,38.40305566931167,39.462989807128906,11349000
2026-02-02,38.726923453771285,40.01258802763944,38.43249750953944,39.394290924072266,21885300
2026-02-03,39.49243142474977,40.76827955050454,38.76617734119966,40.34626770019531,24035000
2026-02-04,41.15103627335924,42.86852525390402,41.06270811889235,42.58391189575195,21828900
2026-02-05,42.02449993006479,42.59372662512106,41.18047620640411,42.36799621582031,12912700
2026-02-06,42.5053978964744,43.182577883690314,42.28948380903077,42.99610900878906,11221900
2026-02-09,42.84889752467647,43.20221015215439,42.56428415878269,42.6722412109375,7810800
2026-02-10,42.642799739923994,42.74094047252166,42.09320190342178,42.6722412109375,5965000
2026-02-11,43.182579933436244,44.183631099334455,43.12369324938499,44.1247444152832,9524000
2026-02-12,43.69291594538268,44.00697074378205,42.20115378107143,43.14331817626953,12134400
2026-02-13,42.76056430473254,44.06585760793589,42.76056430473254,43.83031463623047,7046200
2026-02-17,44.144371642402085,44.44861388276412,42.64279682219156,43.22183609008789,9195000
2026-02-18,43.67328945286818,44.47805538597654,42.740937580951325,43.614402770996094,14979200
2026-02-19,44.046228714974724,45.29263533929459,43.506447261942604,43.83031463623047,12672500
2026-02-20,43.51626395493564,43.87938914951239,43.035365391445715,43.56533432006836,14057600
2026-02-23,43.575148957818286,44.12474301622196,42.731125232322654,42.858707427978516,8751100
2026-02-24,43.01574122341601,43.02555379913523,41.92636187096327,42.475955963134766,9065300
2026-02-25,42.6427949537195,42.6918653145107,41.44545868250579,41.82821273803711,6757700
2026-02-26,41.36694989530054,42.51521214631466,40.96456691710387,41.86747360229492,8897200
2026-02-27,42.50539551564667,42.97647770782287,41.90672739314301,42.72130584716797,9521400
2026-03-02,44.71360121430221,44.71360121430221,43.005924769656815,44.114933013916016,16801900
2026-03-03,44.40935685417869,44.625270947406534,42.80963753690528,43.182579040527344,16514700
2026-03-04,42.72130665452318,43.162947387980985,41.906728185104164,42.68205261230469,10755800
2026-03-05,43.33960427848312,44.04622946175125,43.20220576925401,43.69291687011719,18760100
2026-03-06,44.095304420845935,44.625273363556374,43.36905026855804,43.653663635253906,13017300
2026-03-09,44.36028431984667,45.14542133340097,43.35923322362922,43.987342834472656,25647000
2026-03-10,43.65366123318962,44.095301994480145,42.62316861939756,42.888153076171875,16009200
2026-03-11,43.212021490508775,44.57619785122957,42.9077829818705,44.51731491088867,14039800
2026-03-12,44.850995324363495,45.547804188397684,44.41916715997046,45.33189010620117,24014100
2026-03-13,44.9076774271655,45.785704779950585,44.799156515988386,45.62785720825195,11978000
2026-03-16,45.38121834475998,46.27897707887101,44.957002306988336,46.02247619628906,19839700
2026-03-17,46.51575501508405,46.86104542337671,46.130998007208134,46.78211975097656,18441700
2026-03-18,46.77225385871865,47.52202889650303,46.4466948828988,47.51216506958008,21007900
2026-03-19,47.72920903222674,49.15970485660233,47.630551941665864,48.13369369506836,28297100
2026-03-20,48.06463401066349,49.001851877749765,47.76866651223301,48.00543975830078,56064600
2026-03-23,46.86104216361377,48.350728374400155,46.170457631683924,47.83772659301758,17112600
2026-03-24,48.311268557189976,50.02786038872066,48.30140096728737,49.593780517578125,20009800
2026-03-25,49.248488942386594,49.89961442811525,48.96239279780703,49.73189926147461,10384400
2026-03-26,50.18570944868295,51.15252630182206,49.9982666321727,50.65925216674805,13772400
2026-03-27,50.93548798919658,51.754321092404446,50.64938808905884,51.36956787109375,14984200
2026-03-30,51.38930137974599,52.00096027535771,50.64939015068267,50.826969146728516,12248100
2026-03-31,50.99467843652001,51.606341070137745,48.2816707091805,49.64310836791992,21718100
2026-04-01,48.439520273396354,49.149836257326605,46.999160651211675,47.93638229370117,18746100
2026-04-02,49.6233776676688,49.998267067335156,47.93638101424472,48.824275970458984,13939700
2026-04-06,48.932793903180475,49.2090299847485,48.49871400840655,48.98212432861328,9362200
2026-04-07,49.28795144293377,50.106788326365255,48.932793457993995,49.2780876159668,12451000
2026-04-08,45.64758731360061,47.452968627820475,44.49332392096973,47.265525817871094,18025000
2026-04-09,47.502303712547594,48.449389208482174,46.95969911899663,47.23593521118164,13745500
2026-04-10,46.98929293770951,47.433240390948384,46.34803508709971,47.14714050292969,10332200
2026-04-13,47.679882599354805,47.9857101731154,46.19019251343426,46.63414001464844,10285700
2026-04-14,46.00274545486755,46.21978350842529,44.31574510539964,44.64130783081055,12501400
2026-04-15,44.44399922522632,45.07538952177223,44.12830407695337,44.621578216552734,7743700
2026-04-16,44.64130758126522,45.68705006395357,44.58211333241699,45.16417694091797,7604000
2026-04-17,42.7570052328023,43.674495490645185,41.356104632169284,43.635032653808594,22821000
2026-04-20,44.20723116554901,44.670906312564156,43.78301509079806,44.335479736328125,10121300
2026-04-21,44.33548102956198,45.11485512110641,43.91126494243695,44.986602783203125,11074100
2026-04-22,45.38122338283184,46.68346688318157,45.351628137082194,46.48615646362305,12758100
2026-04-23,46.93010046476844,47.84759064837492,46.72292623321418,47.50230026245117,11194700
2026-04-24,47.28525641296141,47.50229822531016,46.8215775459919,47.29512023925781,10877000
2026-04-27,47.65028143598771,48.331002161533775,47.17673871056347,47.55162811279297,8762600
2026-04-28,48.47898079041598,49.10050724663189,48.11395898874509,48.81440734863281,13961900
2026-04-29,49.40633885179303,50.609925174388906,49.218892273127686,50.392887115478516,17092800
2026-04-30,49.4359363818563,50.757911266872135,49.01172030778071,50.678985595703125,9691700
2026-05-01,50.49154169751388,50.49154169751388,48.92292976854275,49.8798828125,9504600
2026-05-04,50.24490231000816,50.99467731869444,49.692433939187865,50.57046127319336,11095700
2026-05-05,50.550737114385036,51.25118551202266,49.98840111477077,50.304100036621094,14916600
2026-05-06,46.86104330336422,48.08436482654057,45.825168361966455,45.973148345947266,41051300
2026-05-07,45.055658525566756,45.24310510893109,43.60543510069469,44.700504302978516,26624600
2026-05-08,45.38122081685539,45.74624262620024,44.572251529451655,44.99646759033203,15147800
2026-05-11,45.785707123161,46.35790695196681,45.57853288033813,46.101402282714844,16317300
2026-05-12,46.16059292758288,46.61440421353985,45.75610830081553,46.14086151123047,14734200
2026-05-13,45.973147955782196,46.39736401368305,45.37135667128802,46.26911544799805,14414400
2026-05-14,45.81530015443426,46.772253177493184,45.75610966699258,46.60454177856445,10112900
2026-05-15,47.23593263955515,48.89333404889976,47.09781648267361,48.824275970458984,16485700
2026-05-18,48.3507294468093,49.46553005464853,47.6700124898365,49.01171875,15396100
2026-05-19,49.4556672166753,49.69243670062507,48.40006083922345,49.021583557128906,12242200
2026-05-20,48.68615571685442,49.603645910866355,47.70947503508881,47.808128356933594,12715900
2026-05-21,48.31127212195738,48.469119701600285,46.07180699844775,46.47629165649414,17921200
2026-05-22,46.40723316834391,46.9695654010982,46.17045991926589,46.58481216430664,9119200
2026-05-26,46.25925071998849,46.565082057955536,44.51305971943455,44.53279113769531,13228200
2026-05-27,43.88166611352502,44.26641933243594,43.27000724662519,43.67449188232422,12942900
2026-05-28,44.157897622959936,44.187496629298124,43.27000646385464,43.51664352416992,10257900
2026-05-29,43.46731685324887,44.11843854177312,43.04310080854852,43.89153289794922,21801400
2026-06-01,44.98660151877653,46.44669633221406,44.868216775091895,45.68705368041992,18765000
2026-06-02,45.4305476220082,46.22965308504531,45.13458389015917,45.598262786865234,11827800
2026-06-03,45.706783490590375,46.298710951576474,45.3318940914949,45.558799743652344,11288600
2026-06-04,44.99646756469927,45.58839502618524,44.739962904907806,45.37135696411133,13107400
2026-06-05,45.24310478025147,45.49960567748786,43.644897618374245,43.684356689453125,11095800
2026-06-08,44.384808984067234,44.79915745721294,44.17763098411133,44.47359848022461,12378800
2026-06-09,44.167764999175226,44.20722783184664,42.61888456895964,43.47718048095703,16458400
2026-06-10,44.34534594186022,46.545348154812196,44.335478351565015,45.973148345947266,20352100
2026-06-11,46.4762928763576,46.61440904174738,43.9803267816853,44.00992202758789,15188900
2026-06-12,43.58570368332039,44.92740995770839,43.41798851733036,44.700504302978516,14816500
2026-06-15,42.6835613113818,44.34281721403617,42.534528801180876,43.24989318847656,17051200
2026-06-16,42.48484912599352,42.91208249378167,42.22652382438126,42.614013671875,12629900
2026-06-17,42.61401400929487,43.41880324595087,42.077487851524204,42.30601119995117,18710200
2026-06-18,41.878778041543015,42.0476823197637,41.25283085429715,41.848968505859375,37586400
2026-06-22,42.08742488822648,42.87234235080466,41.64031976459646,42.77298355102539,15174600
2026-06-23,42.71337403505047,43.269768178922085,42.574271708931725,43.11079788208008,10131100
2026-06-24,41.92845492655068,42.49478682419304,41.54096507975861,42.46498107910156,13735500
2026-06-25,41.99800358161629,43.36912468816203,41.88871079766799,42.32587814331055,12695400
2026-06-26,42.306010700531225,42.6537570263789,41.57077073854525,41.93838882446289,14975800
2026-06-29,41.908582704894116,42.60407914052447,41.67012537633632,41.71980667114258,9788400
2026-06-30,41.61051319266274,42.14703554020385,41.00443779158328,41.054115295410156,19570200
2026-07-01,40.80572432720302,41.51115474183263,39.90158010545434,39.99100112915039,11792600
2026-07-02,40.48778415581987,40.61694870025853,39.74261021430171,40.20958709716797,15456800
2026-07-06,39.89164821763267,40.448042358633046,39.792289413774874,40.10029602050781,18700800
2026-07-07,40.51759154136767,42.48485037182048,40.48778579534819,42.13710403442383,16695600
2026-07-08,42.97169575751245,43.309508083859605,41.988064522217606,43.03131103515625,17606300
2026-07-09,42.27619925339039,42.951823904611025,41.570768858488115,41.749610900878906,8585500
2026-07-10,41.95825958251953,42.236456636553996,41.540964001467835,41.95825958251953,6862100
2026-07-13,42.842532982946715,43.7268054586035,42.74317797293048,43.4486083984375,9996700
2026-07-14,43.5181590109785,43.88577710760234,42.44511046700465,43.12073516845703,8817700
2026-07-15,43.1207320541289,43.299574096899754,41.92845303237339,42.65375518798828,8595500
2026-07-16,42.85247159507644,43.36912599558416,42.643820005725665,42.75311279296875,12061500
2026-07-17,43.557899988086675,43.93545583805746,42.9319528297418,43.54796600341797,10067000
2026-07-20,43.07105382284304,44.02487938214305,42.94189306399942,43.498287200927734,9740400
2026-07-21,43.87584223997568,44.00500678651919,43.44860886999777,43.816226959228516,8398600
2026-07-22,44.42230134850648,44.95882749230495,44.37262384411417,44.591209411621094,7650600
2026-07-23,45.56490522046421,45.91265155906838,44.83960300698206,44.998573303222656,11955400
2026-07-24,44.92902133706978,45.44567571635921,44.57133724447319,44.750179290771484,10920000
2026-07-27,43.557899278671414,44.12423114932861,42.772981847356874,42.88227462768555,10159400
2026-07-28,42.94189214738021,43.38899348639659,42.13710291487942,42.385494232177734,12510900
2026-07-29,43.74667866883606,44.31301058303394,43.388994556679336,44.173912048339844,7891700
2026-07-30,43.3492541500503,44.03481282756893,43.05118532461397,43.88577651977539,11186800
2026-07-31,44.32294523820353,44.859471368668196,43.69699808599476,44.839599609375,7902400
2026-08-03,43.81622624216615,44.392495909505854,43.48835167879927,44.283203125,8660000
2026-08-04,43.379058318741045,43.87584093979404,42.92201921700844,43.76654815673828,9813400
2026-08-05,43.48835034222151,43.58770534863651,41.76948295821828,41.81916046142578,15323100
2026-08-06,42.67362934739388,43.17041198522116,42.41530025323927,42.83259963989258,10972500
2026-08-07,42.31594414939993,43.279703654754826,42.14703608602042,42.703433990478516,11843000
2026-08-10,43.49828417998996,45.13766831135814,43.388991399212,45.068119049072266,12870500
2026-08-11,44.91908455453601,45.42580496029242,44.75018027938434,45.10786437988281,7414700
2026-08-12,44.37262484137853,45.07805527399536,44.37262484137853,44.57133865356445,8309500
2026-08-13,43.96526395402357,44.24346102156236,43.369126297825936,44.10436248779297,9046300
2026-08-14,44.511723200648994,45.64438699853055,44.41236819001579,45.55496597290039,8918000
2026-08-17,45.88284560388511,47.48248633447736,45.74374706907723,47.26390075683594,14835300
2026-08-18,47.691132516022044,48.118365881356794,47.422869440801335,47.5222282409668,17761000
2026-08-19,47.90971905110619,48.595277730376466,47.62158421004954,47.87990951538086,15097500
2026-08-20,48.704568145538815,49.400064566227115,48.61514712301959,48.982765197753906,10357900
2026-08-21,49.131803925083595,49.38019524544281,48.575406003024675,48.784053802490234,9005500
2026-08-24,48.57540393775596,48.80392348795244,47.273835900108594,47.91965103149414,7617700
2026-08-25,46.82673223974458,47.253965609087686,46.53859740178748,46.60814666748047,7305400
2026-08-26,45.9126504360078,47.094995538642515,45.86297293030105,46.528663635253906,6339300
2026-08-27,46.36969021111081,47.04531491073728,46.021943876075476,46.816795349121094,6443000
2026-08-28,46.99563728253502,47.323515646276455,46.34982212055007,47.04531478881836,8783600
2026-08-31,48.14817176852754,48.69463190552403,47.343386330639326,48.19784927368164,12617800
2026-09-01,48.91321704911308,48.97283232886766,48.11836560313864,48.734375,10284400
2026-09-02,48.108428817501235,48.9628955608032,47.9395245399489,48.71450424194336,8496300
2026-09-03,48.82379766544533,49.141738254520575,48.37669252763615,48.476051330566406,11100500
2026-09-04,48.088560020108446,48.128299749927855,47.14467226664762,47.75074768066406,8853200
2026-09-08,48.33695333659302,48.764186718588824,47.820298926036436,48.08856201171875,10772400
2026-09-09,48.88341100707348,49.131802319314545,48.31707911837588,48.664825439453125,9445600
2026-09-10,49.67826361571219,49.72794112129776,48.187915707240826,49.69813537597656,16676800
2026-09-11,49.330518160344845,49.91672183300078,48.91321876770209,49.90678405761719,10404100
2026-09-14,50.850670230180505,51.36732461938748,49.2808353025727,49.40999984741211,14676300
2026-09-15,50.040000915527344,51.560001373291016,49.93000030517578,51.33000183105469,11508100
2026-09-16,50.470001220703125,50.470001220703125,48.2599983215332,48.439998626708984,14993000
2026-09-17,48.02000045776367,48.72999954223633,47.75,48.720001220703125,12154100
2026-09-18,48.56999969482422,49.0,48.18000030517578,48.61000061035156,39682700
2026-09-21,47.79999923706055,48.15999984741211,47.08000183105469,47.59000015258789,13036900
