Date,Open,High,Low,Close,Volume
2021-09-22,85.66347623813205,87.13996171383236,85.61818243195766,86.50588989257812,2729400
2021-09-23,87.22149369551296,88.56210473291631,87.06750580393613,87.8283920288086,2367500
2021-09-24,87.42077709136915,88.21789699634519,87.11279439137645,87.23960876464844,1712200
2021-09-27,87.38454839903082,88.42624387664587,87.38454839903082,87.62006378173828,2440000
2021-09-28,87.25771900544414,87.81027024430487,86.54211974674149,86.65987396240234,2093700
2021-09-29,86.84102458188427,87.13994013166264,86.30658682702308,86.63268280029297,2622800
2021-09-30,87.20336449551324,87.23959815645144,85.30114221687569,85.32831573486328,2659900
2021-10-01,85.54571444381027,86.62363644451257,84.75764789785045,86.19790649414062,2748300
2021-10-04,85.88086887082034,86.54212110356433,84.47685076042976,84.82106018066406,3906200
2021-10-05,85.083737618476,86.95878616880634,84.8119886473531,86.48776245117188,2265100
2021-10-06,85.72686218806835,86.88631146597781,85.00220293394354,86.63268280029297,2855600
2021-10-07,87.92801598293917,89.83023809046136,87.92801598293917,88.1725845336914,3956200
2021-10-08,87.51133204090571,88.34468536593377,86.94972075967569,87.53850555419922,3192400
2021-10-11,83.90614852711596,86.74137105086675,83.869914878633,85.31017303466797,4300200
2021-10-12,85.7268543027754,86.1435309167686,83.43512947038168,83.62535095214844,3533500
2021-10-13,84.05111164403448,84.05111164403448,81.84996685547796,83.21775817871094,4837600
2021-10-14,84.75765398146811,86.1979126811352,84.20510272754818,85.82652282714844,4219200
2021-10-15,86.56024621683841,87.46606715057968,86.20697660554853,86.71424102783203,5417300
2021-10-18,86.24319272606044,86.81385731030446,85.79934249387064,86.75045013427734,2371200
2021-10-19,87.3573384212225,87.49320597871518,86.62361905644926,87.33921813964844,1906300
2021-10-20,87.86459287056704,88.48961125813258,87.33016206619709,88.10916137695312,1912600
2021-10-21,87.67439889692378,87.87368058510734,86.76857806762715,87.5475845336914,2002300
2021-10-22,87.86460153544724,88.38997916199827,87.2033494315657,87.53850555419922,1728100
2021-10-25,87.34830736876062,88.12731387516502,86.94069073881488,87.4570083618164,2047300
2021-10-26,87.9461095376405,89.10556558948633,87.42979212608171,87.95516967773438,2841000
2021-10-27,87.98236598240061,88.77043251405883,87.07654524246124,87.09466552734375,1925800
2021-10-28,87.47510258424799,88.66172546076484,87.32111472761945,88.32657623291016,1587700
2021-10-29,88.0457813720034,88.79761431490273,87.41170955923555,87.8736801147461,2635800
2021-11-01,88.59832788319578,89.15993925218953,88.08201031734465,88.67985534667969,1842800
2021-11-02,88.90630742517878,91.00781127528293,88.43527676811223,90.71794891357422,3695400
2021-11-03,85.84462079850432,89.67624522622272,85.14714193196905,86.29753112792969,4225200
2021-11-04,87.29394517526688,88.30845995756307,86.86820833161174,88.0095443725586,2789500
2021-11-05,88.91535013290978,89.46789432053136,88.13634389278019,88.7070083618164,1793400
2021-11-08,89.8121417040265,90.08388382171893,88.3356492455246,88.54399108886719,2977300
2021-11-09,88.77043816982172,89.2595822298571,87.71968272733145,88.3175277709961,3974700
2021-11-10,88.26742831564067,88.77737925141373,87.81211299511175,88.35848999023438,1930200
2021-11-11,88.81382533672227,88.88667747184829,88.09442613436742,88.59527587890625,1635000
2021-11-12,88.9139858115272,89.00504749695077,88.16726887495595,88.7136459350586,1824400
2021-11-15,88.93222265356907,88.93222265356907,87.42968018402456,87.76660919189453,1544100
2021-11-16,88.03976046384994,88.58613739572371,87.39321361725071,87.61176300048828,2395700
2021-11-17,87.91228599558215,88.04888198602946,85.73587924315332,85.88157653808594,4046800
2021-11-18,85.8997901298047,86.98343586947553,85.25324320767291,86.11833953857422,5096200
2021-11-19,85.93622360562686,86.42796502846667,84.98005856995596,84.9982681274414,4019900
2021-11-22,85.66302600731608,87.41143520912253,85.47179440220229,85.99996185302734,5223200
2021-11-23,86.03639859729684,86.55545786065191,85.58108321022884,86.02729034423828,3099500
2021-11-24,85.58106580248008,86.64650192408779,85.58106580248008,85.80872344970703,2738400
2021-11-26,83.53216037198821,83.5594781824263,81.86570445965299,82.23905944824219,2767500
2021-11-29,83.14968734876022,83.95104681462033,82.16621146870787,82.73990631103516,3420200
2021-11-30,81.95678083312575,82.61243619140073,79.78037354236218,79.98981475830078,5950100
2021-12-01,81.86569998720326,82.36654269551585,78.9698941304281,79.03363800048828,4779500
2021-12-02,79.84410284269764,82.90382265737242,79.71661509604962,82.30280303955078,4290600
2021-12-03,82.69437174641504,83.24985702990935,81.31021613762393,82.21173858642578,2907500
2021-12-06,83.10415329390925,83.90550574771586,82.16620485600049,82.81275177001953,2592900
2021-12-07,83.63231257222233,84.61579530648801,83.35001930403062,83.98746490478516,3456700
2021-12-08,84.16958410055067,84.54293902257322,83.80533048201066,84.21511840820312,2265800
2021-12-09,83.86908319840559,84.45188627057324,83.60499947077328,83.76891326904297,2044100
2021-12-10,84.10586641095473,84.67046004276345,83.6778687970503,84.3153076171875,2883100
2021-12-13,84.44279833134655,84.73419991355208,83.68697308927663,84.07854461669922,2612900
2021-12-14,83.40466851809953,84.5156391641626,82.72169544364056,83.18611907958984,3204800
2021-12-15,83.35914948611519,84.5976080074792,83.01311226156663,84.44280242919922,2550800
2021-12-16,85.46269655504479,86.37332732696335,84.89810992289459,85.4991226196289,2943900
2021-12-17,84.84345845345779,85.07111612255962,82.33012278881722,82.58509826660156,6637400
2021-12-20,81.3102212938743,81.95676829896993,80.62724822471623,81.46502685546875,3041300
2021-12-21,82.11157892809199,83.05863580947964,82.08426111524956,82.89472198486328,2816500
2021-12-22,82.58511115835515,83.1861238858721,81.54699258100258,81.83839416503906,3615200
2021-12-23,82.1753186547504,83.51394699687995,82.11157477881859,83.12237548828125,2367800
2021-12-27,83.1770056543972,84.03300074437688,83.14968784472738,83.93283081054688,1626500
2021-12-28,84.10586014110557,84.77972497895335,84.08764363470988,84.58849334716797,1271500
2021-12-29,84.26976484203946,84.91631179789253,84.02389066523457,84.64311981201172,1434200
2021-12-30,84.7979328653205,85.28967427459338,84.24244758526562,84.37904357910156,1202200
2021-12-31,84.18778418287714,85.08020510051341,83.96012656534901,84.66131591796875,1283500
2022-01-03,84.96183542007735,85.07110664263071,82.92201792998898,83.55946350097656,2435900
2022-01-04,84.91631805092578,87.66641987886526,84.22423673060912,87.2657470703125,4466700
2022-01-05,88.38581958589323,89.23270647292895,87.01987344212989,87.13825988769531,4180000
2022-01-06,87.33858049283614,88.23099455251905,86.7557705416908,87.6299819946289,2477000
2022-01-07,87.92140289925787,88.30386615209687,87.06540775927988,87.13825988769531,2863600
2022-01-10,86.70112832705472,87.06538191343985,85.77228828195395,86.78308868408203,2840000
2022-01-11,87.19291418973224,87.95784085928196,86.18211327099662,87.76660919189453,2144300
2022-01-12,88.59526718003181,88.99594693632146,87.65731861195498,88.25833129882812,2191200
2022-01-13,88.52239962967185,89.51499059457967,88.26742417374987,88.58614349365234,2131900
2022-01-14,87.78479601501192,88.85934045949203,87.13824908747327,88.75917053222656,2624400
2022-01-18,88.1217464858196,88.45868240980876,87.101844354933,87.75749969482422,2777100
2022-01-19,87.93049116841637,88.2765352533059,86.36420537750251,86.43705749511719,2145000
2022-01-20,86.6920444754811,87.69374385684897,85.09844066565563,85.28057098388672,2417700
2022-01-21,85.45359173586097,86.24584304038792,84.38815535731769,84.87078857421875,3253500
2022-01-24,83.78712632945691,85.07111190683136,81.64714573545928,84.7250747680664,4210100
2022-01-25,83.24076221994582,83.8235653583371,81.78374742640618,83.05863189697266,3723000
2022-01-26,84.11495398144154,84.5611610458178,81.89301301607672,82.48492431640625,4230000
2022-01-27,83.25896387054512,84.45188784557965,81.90212609418393,82.53045654296875,2470700
2022-01-28,82.0751421600555,82.65794524990862,80.72741262010551,82.60330963134766,2937100
2022-01-31,82.59420215838473,83.85997828243651,81.820167448704,83.73249053955078,3710300
2022-02-01,83.73247836879068,84.2879635738632,82.95844377161814,84.21511840820312,4371700
2022-02-02,85.83605583249219,89.02326343492284,85.82694757973954,88.84113311767578,4920800
2022-02-03,87.80303437201673,89.67893884995026,87.67554659505343,87.95783996582031,3306500
2022-02-04,87.9396098294698,88.44956081801506,85.69035080168305,86.85595703125,4979300
2022-02-07,87.13824892816662,87.74836979489689,86.10923184951356,87.17467498779297,4505600
2022-02-08,87.52982191181866,88.94129527227294,87.16556825676057,88.4404525756836,4809400
2022-02-09,89.33288125501785,89.81551447369952,88.91399191526467,89.62428283691406,3700500
2022-02-10,88.78665723924085,90.4801842423615,88.32894686087818,88.67681121826172,4274400
2022-02-11,88.84158589384863,89.62884829148672,86.24178735222597,86.72695922851562,3620200
2022-02-14,87.02906394053764,87.02906394053764,85.08836913482968,86.02210235595703,2698400
2022-02-15,86.82767154691474,87.52339339110198,86.33334341952701,86.85513305664062,3251900
2022-02-16,86.68120144646117,88.10009955590101,86.6354276108861,87.76139831542969,3059800
2022-02-17,87.03821987408003,87.27622427685917,84.93274903400095,85.30807495117188,2689800
2022-02-18,85.22566686603959,86.01292923686322,84.47502216177818,84.92357635498047,2413300
2022-02-22,84.6215265491474,85.5644091405137,84.07226831594386,84.89614868164062,2891700
2022-02-23,85.19821443483433,85.2256759416539,82.94628008224345,83.22090911865234,2687100
2022-02-24,81.82945597237234,82.74487667414101,80.51124792691165,82.38786315917969,4244300
2022-02-25,82.45196049640754,85.36299924881452,82.45196049640754,84.96936798095703,2864900
2022-02-28,84.00817006055414,85.60100740089493,83.71523566188921,85.06090545654297,3874100
2022-03-01,85.02427934798948,85.43622288856113,81.51822307610313,81.93931579589844,3558100
2022-03-02,82.49771428029659,85.83899417843125,82.47024579321985,85.34467315673828,3281400
2022-03-03,86.03125494680005,86.30587701258341,84.4109561238401,85.33553314208984,2510000
2022-03-04,83.88915915653631,84.33771338017118,83.1202090588765,83.83423614501953,3063600
2022-03-07,83.97154402172555,85.59183559037643,83.19343083816484,83.88915252685547,3546900
2022-03-08,84.39263736110338,88.70426806053486,84.34686353203088,85.77491760253906,4872400
2022-03-09,89.13451180413074,89.15281714424749,86.1502385095146,86.40655517578125,4150400
2022-03-10,86.15940283773422,86.96497057722402,85.69253630329628,86.72695922851562,3302200
2022-03-11,87.3219874867486,88.30148744020393,85.00597403501536,85.1341323852539,3239600
2022-03-14,85.64677768209287,86.168567318854,83.55961913504837,84.51165771484375,3629000
2022-03-15,85.00596583934318,85.17989800537173,83.35820580356108,84.81372833251953,3984100
2022-03-16,85.23483952732494,86.53473551342478,83.806785175503,85.82986450195312,4378800
2022-03-17,85.5643890053436,87.52338908938894,85.2348369366157,87.41353607177734,3643300
2022-03-18,87.28536884983001,89.05213121179558,85.93055002401239,88.79581451416016,16105100
2022-03-21,89.56477318949287,90.55342939005723,89.06129590920857,89.89432525634766,3708100
2022-03-22,90.30625750055108,90.60834802128016,88.98804939853761,89.72953796386719,3266600
2022-03-23,89.39999512307037,89.87601084712246,88.95143392036235,89.06128692626953,2299600
2022-03-24,90.12318073813262,90.35203595278924,89.18029837120446,89.50069427490234,2122800
2022-03-25,89.49155016188338,90.2421950290943,89.2260772597578,90.17811584472656,2136000
2022-03-28,89.36339228017071,89.93094877791889,88.64020891887506,89.91264343261719,2184300
2022-03-29,90.38863761693321,90.94704480052711,88.38387104078843,90.68157196044922,2913400
2022-03-30,90.34289500862626,91.49632036708755,90.2513473271324,90.60836791992188,1596100
2022-03-31,90.43441315686054,91.54207138249605,89.71122995484613,89.75700378417969,2786700
2022-04-01,90.69990717773747,90.97452926553771,89.44577799271671,90.0957260131836,2413900
2022-04-04,89.78448427363826,90.35204076639546,88.93314255039519,89.98587799072266,2633400
2022-04-05,89.90347394271227,90.25133132474502,88.00855320796119,88.39302825927734,2741900
2022-04-06,87.33115409933492,88.57612706556263,86.81851365293656,88.04518127441406,2839200
2022-04-07,87.47761829145904,88.05433792382021,86.81851413110749,87.77970886230469,2853100
2022-04-08,87.99939664326944,88.08178814480786,86.09532673796123,86.57134246826172,3660300
2022-04-11,86.64456626792172,86.8917267714098,85.09750312828366,85.29889678955078,2798200
2022-04-12,85.6742390036237,86.45235235886115,84.5848928776843,84.96936798095703,2193300
2022-04-13,85.0059711721086,85.78407741066725,84.63980147628511,85.41790771484375,2020200
2022-04-14,85.67423476065251,86.01294299244161,84.8229000673279,85.0059814453125,5320000
2022-04-18,84.79543472869518,86.5347358206656,84.79543472869518,86.02210235595703,2051900
2022-04-19,86.63542401798321,87.77054385528128,86.20517512420481,87.59661865234375,2314800
2022-04-20,88.35639453013553,89.31758896782331,88.34724535255738,88.92395782470703,2055400
2022-04-21,89.69293039464115,90.65411801564623,88.30148690884391,88.53034210205078,2217600
2022-04-22,87.91700114595828,88.1824739758177,85.56437032587212,85.6833724975586,2565500
2022-04-25,85.05175613400593,85.13414065969235,82.02170831402199,84.41095733642578,2635500
2022-04-26,83.85254740977864,84.61234838191926,82.06747956834634,82.08578491210938,2508900
2022-04-27,82.24141105198592,83.76101311218503,81.95763280531797,82.9462890625,1992000
2022-04-28,83.55960492774118,84.73134237007665,82.5251819947026,84.50248718261719,2320500
2022-04-29,84.20954434843695,84.70387234170029,82.37870303298992,82.5526351928711,2975000
2022-05-02,82.1773131265443,83.71522018117027,80.92319123797398,82.781494140625,3409900
2022-05-03,82.2322607872112,83.34907539810541,81.38091907432522,82.82728576660156,3330500
2022-05-04,78.50648971761292,83.98070218731016,76.36440141513098,83.61453247070312,5737200
2022-05-05,83.54130170917409,84.06309127048009,80.74010939427848,81.68299865722656,2973100
2022-05-06,81.37176818298133,81.37176818298133,79.35784487434333,80.56620025634766,3262300
2022-05-09,79.23882485757896,79.41275705029778,76.83127058750829,77.27067565917969,4179300
2022-05-10,77.95723504561106,78.32339776125355,76.08977586258867,76.538330078125,3286500
2022-05-11,76.85871590559762,78.11284469356362,75.94329526786905,76.09891510009766,3788900
2022-05-12,75.91931577251796,76.50883672418483,74.62052984162953,76.2232894897461,3683000
2022-05-13,76.63778896792351,77.69708677424345,76.0114221193934,77.0799331665039,3580400
2022-05-16,76.97861031259578,78.32345536453764,76.31539751379842,77.78919982910156,3454800
2022-05-17,79.48407580902955,80.38677663037377,79.00508567605034,79.57618713378906,4136200
2022-05-18,79.25378954450859,79.47485811707865,76.64699773671695,76.96939086914062,3346400
2022-05-19,76.22328894576792,77.715517797075,75.78114472135115,76.72991180419922,2834100
2022-05-20,77.19046692526398,77.61418462004386,75.20082867745242,77.04308319091797,3120900
2022-05-23,77.49443032958185,78.47082995957489,77.08913913241098,78.26818084716797,2822300
2022-05-24,77.64182116193473,78.02869294230487,75.91931057651007,77.27336883544922,3318300
2022-05-25,77.14441887122464,77.81684495772835,76.41672739019668,77.58656311035156,2781600
2022-05-26,78.54452180666586,80.27624562897131,78.3971450929883,79.76962280273438,3062100
2022-05-27,79.96306195932596,81.46450401789029,79.96306195932596,81.42765808105469,2004800
2022-05-31,80.56179539282532,82.477741924774,79.99990715963226,81.66715240478516,4198500
2022-06-01,82.06323454712168,82.40405420616264,80.71838942160106,81.5842514038086,2797300
2022-06-02,82.47774414508132,83.22385505319781,81.0499939348978,82.79092407226562,3016900
2022-06-03,82.24746392086703,83.24228316964468,82.19219852737187,83.15937805175781,2541900
2022-06-06,83.91469353535005,84.18182128901694,82.95672032388231,83.1317367553711,1675700
2022-06-07,82.35799049173647,84.4489462493545,82.17376082583066,84.31077575683594,2007600
2022-06-08,84.43975284189001,84.94637575756983,83.73048778758309,83.96076965332031,1704100
2022-06-09,83.10411357833624,84.07129311343014,82.75408067527388,82.84619903564453,2195100
2022-06-10,81.8053169641187,81.8053169641187,79.92621634381182,80.19334411621094,2982400
2022-06-13,78.2958269143715,79.55777394870798,77.68787947329659,78.55374145507812,3161400
2022-06-14,78.6734843976939,79.37353607094322,77.34705886497993,78.01947784423828,2091200
2022-06-15,78.65505719969768,79.806466289783,77.57733997801222,78.71953582763672,2630800
2022-06-16,76.72990066570914,77.18125103829057,74.38102343052994,74.6113052368164,4639300
2022-06-17,74.13231191957065,74.97053392415482,72.34532310107844,72.44664764404297,6444800
2022-06-21,73.55200268478556,74.80473619080195,72.90721648064884,73.892822265625,3034100
2022-06-22,72.29006651132163,73.22961317307748,71.59922110402844,72.28085327148438,3985100
2022-06-23,72.3914082961632,72.78749341017213,70.7149564938186,71.65451049804688,4619100
2022-06-24,72.51113731362817,75.61533160858929,72.2808555040842,75.56006622314453,5699700
2022-06-27,76.05748704262113,76.26934943095094,75.14557290947147,75.98379516601562,2643800
2022-06-28,76.53646345416537,77.47601722914487,74.97054986605755,75.09029388427734,2934900
2022-06-29,75.1455637756992,75.20082916261387,73.54279727874071,74.15995788574219,2032600
2022-06-30,73.02697677882098,73.97573684562322,72.7414295429294,73.26647186279297,2861100
2022-07-01,73.35859189995426,74.65738501922652,72.97172004522655,74.02180480957031,2286300
2022-07-05,72.54798896739804,73.0177588360094,71.82029754853828,72.88880157470703,3048300
2022-07-06,73.09146277046963,74.21523939955215,72.07822396687953,73.45991516113281,3111100
2022-07-07,74.12310959078634,74.61130590003032,73.43226416578607,74.49156188964844,3097400
2022-07-08,74.88765726445078,75.06266668425239,73.41384786465498,74.30734252929688,2295400
2022-07-11,73.64413322562494,74.30734608171048,73.45069731387406,73.9296875,1755600
2022-07-12,73.38620362929211,74.27969815344447,72.56640096907132,72.81510925292969,2809200
2022-07-13,71.63606335439212,73.18355742012191,71.49789988859385,72.43744659423828,2632000
2022-07-14,70.71494453936484,71.61765244693656,70.15306331357382,71.54396057128906,2513200
2022-07-15,72.72299741772856,73.39542343790964,72.01373248992765,73.32173156738281,2675400
2022-07-18,74.02179724615522,74.33497718389322,72.8059093786447,73.10066986083984,1726800
2022-07-19,74.01257943298292,75.88246678525161,73.69939951458929,75.75350952148438,1826200
2022-07-20,76.07588600521626,76.32459426485372,75.357407970961,76.11273193359375,1909300
2022-07-21,76.05747922845453,77.19046887501705,75.80877795501776,77.09835052490234,2042100
2022-07-22,77.47601772531976,77.6786668556384,75.98378897013642,76.5456771850586,1932400
2022-07-25,76.9141254533776,77.77077407785627,76.28775864163359,77.5497055053711,2033800
2022-07-26,77.8813227008539,78.5629549935328,77.27337525748102,77.43917846679688,2490300
2022-07-27,77.78919696652754,80.11965491755497,77.57734162493456,79.54855346679688,2595700
2022-07-28,80.33148869088684,81.64870064535464,80.07357424290294,81.41841888427734,2960200
2022-07-29,81.72241431708359,83.36201976933935,81.52897842944434,82.96593475341797,3568200
2022-08-01,82.16455317592526,82.68959546110405,81.47370769397193,82.29351043701172,1823700
2022-08-02,81.83295669993721,82.76329736279179,81.43687865548675,82.0816650390625,2173200
2022-08-03,82.34879253891869,82.9935789201805,81.77769101005502,82.73566436767578,1524200
2022-08-04,82.94751317916563,83.04883774071627,82.31193311628317,82.52378845214844,2082100
2022-08-05,82.2290237662771,83.31595416604483,82.04480113349327,83.26068878173828,2425600
2022-08-08,83.94233878745284,84.02524390916656,82.376424993226,82.9291000366211,3600400
2022-08-09,80.77366756027257,80.97631672174114,79.2906518178649,79.76042175292969,4884300
2022-08-10,81.38160133467356,81.38160133467356,80.17492673474021,80.63549041748047,3428600
2022-08-11,81.5111059736456,82.30796399245928,80.98295654901165,81.06634521484375,2929400
2022-08-12,81.12194253580913,82.69712300341946,81.12194253580913,82.66932678222656,2425600
2022-08-15,81.81687647447151,82.44695007637793,81.22386685729278,82.31722259521484,2014300
2022-08-16,82.0299863540012,83.54957439656752,82.0299863540012,83.3457260131836,2817600
2022-08-17,82.29869041148157,82.80831134187463,81.87246521025827,82.33575439453125,1966600
2022-08-18,82.87318391398902,83.87388332875993,82.46548710882455,83.66077423095703,2159000
2022-08-19,83.03996953067214,83.16968995796996,81.9466065939954,82.16898345947266,1880700
2022-08-22,80.71425463012622,81.02002723526371,79.61162394027265,79.91739654541016,2500100
2022-08-23,80.01930793125115,81.13119913828343,79.84325578026547,80.36214447021484,2562000
2022-08-24,80.5567398071289,80.84397688979764,79.94519458298275,80.5567398071289,1423700
2022-08-25,81.15899646228108,81.59448942955058,80.65865036077142,81.51110076904297,1964100
2022-08-26,81.68716225585543,81.68716225585543,78.38853805731908,78.44413757324219,2038300
2022-08-29,77.76773762759431,79.00008879005823,77.54536075599955,78.59239196777344,2001800
2022-08-30,78.7591589132746,78.8054906579751,76.8411420319206,77.20250701904297,2147400
2022-08-31,77.34148594999083,77.48973479071564,75.59951435416565,75.7385025024414,3576400
2022-09-01,75.08992617587843,76.04430094666928,74.50618423713547,75.98870849609375,2387800
2022-09-02,76.92453123609228,77.2025075678077,75.23815892779037,75.7477798461914,4156300
2022-09-06,76.20181184149058,76.2481435929561,74.71001993048004,75.5254135131836,3096300
2022-09-07,75.32155846846734,76.57243788605425,75.07137834341069,76.2018051147461,4764800
2022-09-08,75.78485237829926,77.57314907203424,75.58100398794099,77.52681732177734,2588000
2022-09-09,78.05494747306153,78.73135268585317,77.81404222509153,78.49044036865234,2512800
2022-09-12,79.0464010542605,79.41703382816515,78.64797205942862,79.27804565429688,2038100
2022-09-13,77.5638832914392,78.11056826767259,76.0813591453336,76.43345642089844,1993700
2022-09-14,76.33152140757372,76.68362570248108,75.54393122929064,76.25740051269531,2180500
2022-09-15,76.09061664772528,76.46124233234374,74.35791258828358,74.60808563232422,2220200
2022-09-16,73.44061504089714,73.60739945628156,72.22679237978662,72.46770477294922,5214600
2022-09-19,71.66156899050684,73.87609783706476,71.64304053324624,73.7556381225586,2484700
2022-09-20,72.98658271480258,73.04218222988533,71.4855301229895,72.2916488647461,3269800
2022-09-21,73.06998426483601,73.27383267481069,70.90178680419922,70.90178680419922,2235300
2022-09-22,70.86471256315356,71.3280017201403,69.95666270499768,69.98445892333984,2459500
2022-09-23,69.02081828699095,69.14127799501017,67.5197659065935,68.41854095458984,3258200
2022-09-26,68.13130824577635,69.0856828614442,67.56609485934997,67.76994323730469,2668300
2022-09-27,68.67799395689421,68.93743477934312,67.09354573188219,67.69581604003906,2658800
2022-09-28,68.58534612656203,69.9752140521975,67.94601168784872,69.51192474365234,3851100
2022-09-29,68.77992426447115,68.89110915870558,67.66802583749683,68.75212097167969,2304400
2022-09-30,68.73358483525665,69.33586219894286,67.74214624675118,67.84407043457031,2768000
2022-10-03,68.83551321607743,70.6145421258167,68.51121217564045,69.99373626708984,2950600
2022-10-04,71.51332212407321,72.75493380297631,71.39286947543152,72.5047607421875,2947400
2022-10-05,73.19041703861063,74.4412963143997,72.1248505928528,73.91314697265625,4965800
2022-10-06,73.32016010892626,74.87681239799497,73.32016010892626,73.63520050048828,3696900
2022-10-07,73.15336389865872,73.26455585469273,71.31874257410806,72.1156005859375,4655300
2022-10-10,72.86612459488363,73.10703695755589,71.68010537746967,72.61595153808594,4016800
2022-10-11,72.27311706542969,73.10703906080035,71.63377569077345,72.27311706542969,4205900
2022-10-12,72.42137488075683,72.96805277178365,71.74496950333067,71.80982971191406,2565100
2022-10-13,70.91105005669169,75.16404896269222,70.4940925677182,74.8582763671875,4100000
2022-10-14,75.10844623972594,75.20110973930375,72.19899049764173,72.47696685791016,3237200
2022-10-17,73.99655097771358,74.65442078796627,73.56105800223722,74.19113159179688,2649400
2022-10-18,75.77557955888754,76.05355590341811,74.45983994247133,75.60879516601562,2610700
2022-10-19,75.4049512117358,75.79411953074963,74.58029696229005,75.23816680908203,3058100
2022-10-20,75.28450133031318,75.71999434600885,73.79270941533696,74.26526641845703,2547500
2022-10-21,74.59881878566675,77.23956545153612,74.41349888941114,77.05425262451172,3168200
2022-10-24,77.50829786889291,78.29588823014234,77.08207258009008,77.73067474365234,2274600
2022-10-25,77.31370624237911,78.5367894837457,77.21178204982921,78.34220886230469,2385500
2022-10-26,78.73137942064939,79.63942242814664,77.8233293439189,78.94448852539062,2014700
2022-10-27,80.07491729180923,80.77911897532792,79.47263981521694,79.58383178710938,2412300
2022-10-28,79.82472537860343,81.0941331796778,79.26877978863254,80.98294830322266,2499400
2022-10-31,81.23312251495118,81.73347567390398,80.04710335412904,80.24168395996094,6653600
2022-11-01,80.05638922561988,80.82545112922399,77.99938368549003,79.54676818847656,4960400
2022-11-02,79.4355743549994,81.95586182387936,78.46266414591403,78.71283721923828,6772100
2022-11-03,77.97156007780342,81.84465739224635,77.97156007780342,80.62157440185547,5364900
2022-11-04,82.2338254088907,83.05847954322724,81.68714759658666,82.54885864257812,5107000
2022-11-07,83.10483077177444,84.80973187690019,82.80832592439461,84.54102325439453,3754800
2022-11-08,84.43909532559232,86.10693943680273,83.88314964493313,84.55955505371094,3714600
2022-11-09,83.97246776014063,85.96670844970657,83.86063858801509,83.9817886352539,3517100
2022-11-10,86.46059875361661,87.79319935967463,85.53803129088223,87.59750366210938,4138200
2022-11-11,87.70000192534714,89.79675044359469,87.6161282875509,88.93941497802734,4345200
2022-11-14,88.05413272414322,89.66630278074827,87.63478578899877,88.33370208740234,3046900
2022-11-15,88.99533633628036,90.41180348266478,88.67849771383345,89.62902069091797,3685700
2022-11-16,89.53582459735722,89.67560925654203,88.57598083922764,88.74372100830078,2820600
2022-11-17,87.38315714173605,88.20322334322061,87.2526933569077,88.16594696044922,2742800
2022-11-18,89.29353791298539,89.60106276277129,87.12223643624529,87.31793212890625,4213500
2022-11-21,87.00109893083302,88.37097597447838,86.80540322598998,88.22187042236328,3054200
2022-11-22,88.76235337033403,89.74083884980968,88.6971214790185,89.47990417480469,2571500
2022-11-23,89.36809315195237,90.02973301962047,88.71576704866081,89.35877227783203,2901000
2022-11-25,89.35877503487488,90.06701218525257,88.77168792256812,89.57311248779297,1324800
2022-11-28,88.38027929436392,88.81826791476033,87.25269535129186,87.8025131225586,3934600
2022-11-29,87.9702643371526,88.19391555722561,86.93586766841675,87.88639068603516,3414700
2022-11-30,88.02616167277633,89.24693298339844,86.91721239992539,89.24693298339844,4132900
2022-12-01,89.22830937354566,89.52651336069151,88.13800171208212,89.12580108642578,2893200
2022-12-02,88.3336891427538,90.49566962460351,88.26845724885182,90.27201843261719,3736500
2022-12-05,89.27491069981654,90.17883646688237,88.61326368564559,88.66918182373047,3202400
2022-12-06,88.71576391673439,89.13511792041963,87.05700386906305,87.92366027832031,3281200
2022-12-07,87.60682104873196,88.61325500903973,87.3645281000729,88.25914001464844,4378700
2022-12-08,88.70645005459282,89.1257969480708,88.13799761959336,88.46415710449219,2718800
2022-12-09,88.72508193454782,89.35876624683009,87.6440952310918,87.7745590209961,2579600
2022-12-12,88.14731592362035,89.64765674117288,87.93298558382365,89.60106658935547,2869500
2022-12-13,91.32506503111699,92.14512428005169,90.68205974710622,91.39029693603516,4060700
2022-12-14,91.74439184656899,92.34079973489366,90.72863710574013,91.06411743164062,4101200
2022-12-15,89.60106050205756,90.3186113570433,88.27778083664607,88.76235961914062,4251500
2022-12-16,87.89571842490882,88.9301151744276,87.495006106539,88.49212646484375,5704700
2022-12-19,88.51076490613485,89.39605605769883,87.9050360136069,88.13800811767578,3527500
2022-12-20,88.1473040516792,89.321485209392,88.1473040516792,88.56665802001953,3678300
2022-12-21,89.20966250317157,90.64476410659285,89.0698778481066,90.18814086914062,3541900
2022-12-22,89.47992075911526,90.13224690291621,87.43909000414114,88.60395050048828,4534200
2022-12-23,88.2964305629677,89.49856751562231,88.14732499841614,89.03262329101562,2977700
2022-12-27,89.32149768771842,90.14156399295202,89.03261457187146,90.07633209228516,3330000
2022-12-28,90.15087346185162,90.60750385450525,88.65053270826074,88.77168273925781,2222800
2022-12-29,89.31218981971064,90.09497985145255,89.28423430246004,89.7967758178711,1830000
2022-12-30,89.41467312206392,89.69424243589116,88.65984592837053,89.51718139648438,1422900
2023-01-03,90.02039732921541,90.38383315290965,88.48278040064763,89.56377410888672,2519100
2023-01-04,89.25626436889384,89.25626436889384,87.46704045639346,88.92078399658203,3965500
2023-01-05,88.34303107827816,88.9860292972563,87.57888280621023,88.53872680664062,2480000
2023-01-06,89.75015387160403,91.7443941309212,89.36808339132479,91.27845001220703,2610900
2023-01-09,91.71643893252579,92.86266459673838,90.57953414144714,90.63545227050781,3147700
2023-01-10,90.69136634982354,91.26913963799134,90.24405685096085,91.15731048583984,2929300
2023-01-11,91.64189262710784,91.64189262710784,90.64477242377569,91.51142883300781,2718800
2023-01-12,92.25694173726093,92.51786932380736,91.34368807460494,91.37165069580078,2524600
2023-01-13,90.8404699144746,91.3716459336151,90.43975768180768,91.25049591064453,2229200
2023-01-17,88.94874683092897,88.94874683092897,84.27067009156193,85.02549743652344,8797700
2023-01-18,84.77388402562482,85.09072265078379,83.04989200640703,83.13375854492188,6030300
2023-01-19,82.54668802556735,82.75170464055073,80.90656221544555,80.97179412841797,4789600
2023-01-20,81.40045166015625,81.68934190354548,80.72017709839689,81.40045166015625,6212400
2023-01-23,82.2298274262968,83.7767655265562,82.07140811041306,82.93806457519531,5340500
2023-01-24,83.32013645045218,83.86994713566466,81.80115396875931,83.38536834716797,2805700
2023-01-25,82.17391805034413,83.26422575414578,82.04345424526073,83.01261901855469,3455900
2023-01-26,83.81403903714649,84.46635802706507,82.54667033409571,84.44772338867188,3293900
2023-01-27,84.37317999874028,84.41977015477647,83.24559584234325,83.33878326416016,3657400
2023-01-30,82.54666575473372,84.13087299078978,82.32300744796038,83.58106231689453,2965300
2023-01-31,83.86995747090394,84.27066977432138,82.95670369459991,84.0749740600586,3698400
2023-02-01,83.42262959232168,86.0039639204721,83.29216581144868,85.37960052490234,3742500
2023-02-02,84.95094153376927,85.42619945163146,84.38248909735194,85.2491455078125,4925300
2023-02-03,84.79250362049602,85.59392802514368,84.40111229071253,85.1652603149414,3266300
2023-02-06,84.65273091152434,84.80183645423068,83.67425244905245,84.27066040039062,3252800
2023-02-07,84.00041684896581,85.3609730118816,83.35741160049245,84.9695816040039,3241500
2023-02-08,82.11799850321424,82.15527488790579,79.21050448496439,80.13307189941406,6672100
2023-02-09,80.33808769188872,80.79471095794145,78.82842612016682,79.35028839111328,6777200
2023-02-10,79.42485820489229,80.07717729638826,78.65138906087216,80.00262451171875,4813600
2023-02-13,80.02125277238635,81.22338956097673,79.83487084213377,80.99041748046875,3210000
2023-02-14,79.95601795930848,80.87858537375814,79.48075294167054,80.13307189941406,2910400
2023-02-15,79.62052720766697,81.30724251363452,79.47142168837532,80.99971771240234,3136600
2023-02-16,80.0341068243157,81.12159942606333,79.8372333486338,80.34347534179688,2096000
2023-02-17,79.99662908052414,80.44662368209701,79.15288026190595,80.0997543334961,2528900
2023-02-21,79.26537333342623,79.64974337985274,76.60287816358614,76.921630859375,4196700
2023-02-22,77.13725191398039,77.96225385051568,76.53725440697355,77.156005859375,3932200
2023-02-23,77.82161924438152,78.1778654895132,76.42474372122766,77.16536712646484,3054000
2023-02-24,75.96537984024314,77.11850428331185,75.74975953828898,77.04350280761719,2863200
2023-02-27,77.88724838887717,77.88724838887717,76.85600317350658,76.96849822998047,2910100
2023-02-28,76.98723981809086,77.85911212849997,76.94036211706113,77.54035949707031,3177400
2023-03-01,77.5216304380261,78.39350294783978,77.24037847258893,77.86849975585938,2960200
2023-03-02,77.5497573260813,78.79663012249661,77.39038454376698,78.562255859375,2186500
2023-03-03,78.98412467861154,80.31536874293647,78.14037592216097,80.19349670410156,3807100
2023-03-06,81.46849895631588,82.88412157195982,81.21537073533842,81.70287322998047,5398500
2023-03-07,81.63723276532994,81.8528530495436,79.99661317029936,80.4747314453125,3938500
2023-03-08,80.44659792139433,80.8215980709789,79.46223057533437,80.26847839355469,3129300
2023-03-09,80.615359601687,80.71848483694919,78.11224449676081,78.22474670410156,2802500
2023-03-10,78.29036821922604,78.66536841019987,76.6403716704614,77.03411865234375,3784800
2023-03-13,76.10599931151376,77.48412091129433,75.65599764835802,76.78099822998047,3225900
2023-03-14,78.42162488383049,78.70286969016992,77.127874456052,77.89662170410156,3453900
2023-03-15,76.42474005691655,76.58411995732527,74.09037490336928,75.49662017822266,4213600
2023-03-16,75.11224607702755,77.09036489423097,74.67162143729034,76.79973602294922,3420600
2023-03-17,76.75287452867524,76.75287452867524,74.8966275014034,75.78724670410156,9040100
2023-03-20,76.28413469021342,77.53100028431477,76.23725697844665,77.12787628173828,2469000
2023-03-21,79.12474124398402,79.6497372288171,78.35599405796391,78.74036407470703,4290800
2023-03-22,78.74972960932287,79.60285511330628,78.12160848261829,78.1872329711914,3252200
2023-03-23,78.30912222070289,79.28411994599747,77.40912597101584,77.90599822998047,3184600
2023-03-24,77.24038081192715,77.73725310038466,76.21851246812358,77.7091293334961,2269200
2023-03-27,78.28098099963512,78.5153551942448,77.1747345149761,77.5684814453125,2233800
2023-03-28,77.79349881549643,78.74974254210706,77.79349881549643,78.46849060058594,2306700
2023-03-29,79.49974008074507,79.79973880302008,78.74036272706951,79.63098907470703,2435600
2023-03-30,80.57786356387267,80.62474127446461,80.11849204071616,80.24036407470703,1920000
2023-03-31,80.72786829650163,81.74973660663058,80.38099182705903,81.69348907470703,2674000
2023-04-03,81.7028601535137,82.96847959823418,81.45910894520482,81.7872314453125,2838700
2023-04-04,81.70286542262207,81.88098498986247,79.45287117993986,79.85599517822266,1763700
2023-04-05,79.33099811131697,79.59349612491422,77.46537394568688,77.89662170410156,2647700
2023-04-06,77.6434889646958,78.5434850839427,76.94036632598417,78.09349060058594,2966600
2023-04-10,77.9622583263736,79.19037717645175,77.76537765109958,79.17162322998047,1997100
2023-04-11,79.68725040026311,80.00599596864738,78.97475062926861,79.1622543334961,2071100
2023-04-12,77.99974574477918,78.72162242359336,77.2403754810578,78.41224670410156,8052400
2023-04-13,78.80598302587839,80.184104541597,77.2497419721481,80.07160949707031,6979200
2023-04-14,80.34349066840096,82.36848763748144,80.31536690258615,80.96224212646484,6120600
2023-04-17,80.97160643698231,82.1903480644236,80.84035744868146,81.1684799194336,3005300
2023-04-18,82.28410952856434,82.9216077823023,81.45911473359416,81.81536102294922,3310700
2023-04-19,81.59973992718943,81.74973572821871,80.2872426936444,80.97161865234375,3244500
2023-04-20,80.56850079078626,80.99037161287544,80.15599978960748,80.50287628173828,2932300
2023-04-21,80.80285985986643,80.80285985986643,79.78098452258335,80.2497329711914,7833600
2023-04-24,80.35286628860705,80.63411824708987,79.8747408202,80.24036407470703,2114900
2023-04-25,79.7997552604786,80.15600158148364,78.96538341855839,79.23725128173828,2100400
2023-04-26,78.65600454183463,78.91850257348592,76.89350549640184,77.32476043701172,3383700
2023-04-27,77.19348396174986,77.69036327956103,75.29036658038662,77.65286254882812,4838100
2023-04-28,77.28726008051112,78.31850541820974,77.1653808848281,78.0560073852539,3020300
2023-05-01,78.25287544447606,78.61849870091866,77.94349971901403,78.14037322998047,2340200
2023-05-02,77.65288268617802,78.05600670543063,76.03100963591942,77.08100891113281,3762700
2023-05-03,80.11848807010821,81.56223422386931,78.53411594407503,78.58099365234375,6211900
2023-05-04,78.50597822375124,78.6184804120757,77.2403590033655,77.5684814453125,4498500
2023-05-05,78.67474652286829,79.75286950336802,78.44974924557944,79.12474822998047,3885300
2023-05-08,79.81849753760807,79.81849753760807,78.32788067490512,78.57162475585938,1855300
2023-05-09,78.23410432153496,78.77785417673935,77.61536015900087,78.4216079711914,1941700
2023-05-10,78.9466263408007,79.1810006051372,76.59350672415252,77.32476043701172,2368600
2023-05-11,76.48508948403266,77.44740026252065,76.48508948403266,77.3436279296875,1953600
2023-05-12,77.9945989436691,78.28707179770487,76.99454951467511,77.85308074951172,2625200
2023-05-15,78.10780512829831,79.07955223599302,77.5606053518386,78.41914367675781,2208800
2023-05-16,77.82478271673196,78.22103512116949,76.53226756241979,76.5605697631836,2743300
2023-05-17,77.04171386043511,77.86250631540085,76.8907592216886,77.59834289550781,2853600
2023-05-18,77.37192316919534,77.90025004335489,76.76811897075191,77.64552307128906,3074400
2023-05-19,78.42858760592645,78.6361466770368,77.42853811557453,77.82478332519531,2489500
2023-05-22,77.99458097374736,78.21157644784826,76.66432753015226,77.08887481689453,2229300
2023-05-23,76.56055818032347,77.3624849382716,76.31526048095704,76.52281951904297,2817500
2023-05-24,76.05109983198886,76.20204728471914,74.362332466955,74.48497772216797,2537000
2023-05-25,74.40007031016275,74.66423374796663,73.63588219395666,74.55101776123047,3456400
2023-05-26,74.79631777831862,75.30577893750464,74.56989299576287,75.01331329345703,2533500
2023-05-30,74.86234835458237,75.13594822829171,73.52265837814056,73.9566421508789,2660800
2023-05-31,73.20189041057732,73.57926983116575,72.5886569497741,73.28680419921875,6147100
2023-06-01,73.55097014041615,75.13595800256307,72.60752515575523,74.86235809326172,3927800
2023-06-02,76.23036663573582,78.5229385069255,76.12658709934294,78.1266860961914,3723600
2023-06-05,78.38141353396621,78.6644427195742,77.41909558832207,77.541748046875,2592300
2023-06-06,77.541751541202,78.3059397340693,77.18323781286263,77.87195587158203,2876100
2023-06-07,78.21158679864384,79.50410175702028,77.69268920358593,79.47579956054688,3029700
2023-06-08,79.3342801600985,79.65505517699538,78.86255769836049,79.31541442871094,3019300
2023-06-09,79.46635870666552,79.6078696683988,78.86254741231555,79.43804931640625,2039500
2023-06-12,79.42863041077693,79.5890143202686,78.95690794903892,79.31541442871094,2021900
2023-06-13,79.65505011460534,81.4475967948691,79.54183413973466,81.25890350341797,2374700
2023-06-14,81.81554960241202,82.62691285891444,80.6456798457001,80.98531341552734,2273800
2023-06-15,81.5136475431401,83.60809654607829,81.49477461274728,83.05146026611328,4426100
2023-06-16,83.54204882765241,83.82507797908559,82.43821282353153,82.46652221679688,5522900
2023-06-20,81.74006489734941,82.1268807582112,81.00417903298273,81.87214660644531,2254900
2023-06-21,81.27779812969068,82.6363542012577,81.10797772100543,82.5042724609375,2111100
2023-06-22,82.50425434401772,82.86276801580307,82.1080092100677,82.4759521484375,3012400
2023-06-23,81.78723797777533,82.24952394806132,81.28721334898862,81.77780151367188,5603800
2023-06-26,82.28726889184482,83.4382728713374,81.96649386904367,83.31562042236328,2423500
2023-06-27,83.49487631195925,84.9006072423606,83.36279459758133,84.56096649169922,2571700
2023-06-28,84.58928682557416,84.85345028849362,83.93830743629799,84.29681396484375,3453900
2023-06-29,84.4383196126231,84.70248303628135,83.7118701975629,84.17415618896484,2661900
2023-06-30,84.52322581392173,85.59875963062835,84.40058056718685,85.27798461914062,2491100
2023-07-03,84.94777846639987,85.9100890837994,84.54209687718236,85.62705993652344,1217200
2023-07-05,84.91003782868857,85.38176026107017,84.35340881347656,84.35340881347656,1801400
2023-07-06,83.64583273276624,83.8533845755454,82.52313093878932,83.24958038330078,2197700
2023-07-07,82.86278663227887,84.49494265934544,82.84391369904299,83.9100112915039,1816500
2023-07-10,83.98546804293747,84.92891301271976,83.9477365783104,84.37228393554688,3332600
2023-07-11,84.81569907621575,86.74975682815843,84.81569907621575,86.60824584960938,3559100
2023-07-12,87.40073681191764,87.7781162194958,86.45729189192896,86.91014862060547,2871500
2023-07-13,87.07998070169262,87.41018502850068,86.70260124337722,87.09884643554688,1888800
2023-07-14,87.0705292331021,87.0893949637057,86.16482300795172,86.8818359375,1738400
2023-07-17,86.63655446426895,86.8346770468301,85.8346276687842,86.1553955078125,1886800
2023-07-18,85.93839362754777,86.77806622178169,85.72140532849693,86.60824584960938,1841100
2023-07-19,86.15539901480986,86.72146458772849,85.39121085126541,86.48560333251953,1958400
2023-07-20,87.05166752171203,87.50452429159714,86.60825441521544,86.69316101074219,1844300
2023-07-21,86.62710169717276,86.84409716937924,86.0138611344111,86.07047271728516,1643600
2023-07-24,86.41955700671714,87.33469977075137,86.39125480954723,87.02336120605469,2205400
2023-07-25,86.57994441924721,87.48565795274558,86.57994441924721,87.35356903076172,1844900
2023-07-26,86.57993280347812,87.40073243400316,86.5044626840736,87.16487121582031,1789500
2023-07-27,87.40073967484037,87.6837760392736,86.39125386530203,86.64598083496094,1869800
2023-07-28,87.29694397154324,87.41015993591162,85.4572295375097,85.8251724243164,2807600
2023-07-31,86.25917025404236,86.5705088085002,85.65536607456187,86.1836929321289,3971700
2023-08-01,85.61763172862369,86.66485622973254,85.29686389119558,86.44786071777344,3125900
2023-08-02,92.96706006493257,92.96706006493257,89.070635271354,89.75934600830078,7346300
2023-08-03,90.67449324138235,91.79719501690288,90.0612525943019,90.46693420410156,4753700
2023-08-04,91.29716841005056,92.16514327026539,90.0235191146005,90.14617156982422,3560600
2023-08-07,90.86318704564985,91.8915458543984,90.71223958624113,91.72172546386719,2459400
2023-08-08,90.9009317500068,91.25944548601362,89.92918447214251,91.04244995117188,2099600
2023-08-09,91.26886041438428,91.89153752251147,90.54241098614946,90.60845184326172,2246800
2023-08-10,90.55154418894911,91.4906373815728,90.22903011279308,90.5989761352539,1614600
2023-08-11,90.7127789465232,91.26295754529087,90.37128928088099,90.81712341308594,1338800
2023-08-14,90.58000376606486,91.05429429801822,90.40925888507769,90.96892547607422,2232700
2023-08-15,90.46617087605698,90.87406098787919,90.35233855283965,90.56102752685547,2026500
2023-08-16,90.47565440580833,91.70881261742824,90.47565440580833,91.0732650756836,2493900
2023-08-17,91.87006134106858,92.30640769907735,90.77919182749757,90.80765533447266,2561000
2023-08-18,90.16263030728017,91.31041249163263,90.1151983606718,90.86457824707031,1978800
2023-08-21,90.86457116803517,90.97840348876746,89.29941113418359,90.17210388183594,1842900
2023-08-22,91.44321697987583,92.26847788250198,90.58949256586665,91.1396713256836,2339300
2023-08-23,91.24399865095106,91.93645865186797,90.88353327893051,91.66136932373047,1975800
2023-08-24,91.47166500026336,92.28744522924961,90.7886855306843,90.82662963867188,2030500
2023-08-25,91.26296719967208,93.32138600853128,91.26296719967208,92.61943817138672,4124800
2023-08-28,93.33087409547856,93.7387641716279,92.90401558566786,93.07476043701172,2228800
2023-08-29,93.07476030112501,93.71030776577231,92.86607134566519,93.57750701904297,2235300
2023-08-30,93.71030575858387,94.00436351474357,92.61943630201712,93.23601531982422,3229700
2023-08-31,93.4731713248892,94.05180630591134,92.97042455972864,93.19808197021484,2604500
2023-09-01,93.29292735626022,94.27945233204115,93.29292735626022,93.8336181640625,1762300
2023-09-05,93.69133575730639,93.90951255666022,92.63841757768023,92.84709930419922,2897800
2023-09-06,92.70482770128706,93.86209048440466,92.49613871572683,93.59648895263672,2406300
2023-09-07,93.45419975158104,94.48815683602693,93.14117351234414,94.28895568847656,3304200
2023-09-08,93.93797164903539,94.52609445170802,93.52059370926138,93.8620834350586,1952200
2023-09-11,93.91899088855365,95.38928684663209,93.82413425208044,94.97191619873047,3921500
2023-09-12,94.99090792678396,95.44623002545515,94.65890599915875,94.78221893310547,2447900
2023-09-13,94.53558801484837,94.80118954275935,92.41076131736284,92.65739440917969,2497000
2023-09-14,93.34036940244557,93.96642908275514,92.99887967242273,93.53008270263672,2637000
2023-09-15,93.15065120650414,94.56404210571826,92.86608124906473,93.77671813964844,7287100
2023-09-18,93.78621122751353,95.21856340548894,93.70083516953207,94.4881591796875,2163200
2023-09-19,94.84859979016824,94.86757546046803,93.09372661651939,93.73876190185547,1891700
2023-09-20,93.94746576650437,94.54506920805682,92.8565961382207,92.97042846679688,1646300
2023-09-21,92.7617301886924,92.80915489302325,91.48114737818868,91.52857208251953,2181300
2023-09-22,91.55702956730869,92.61944283037053,91.37680410910318,92.10720825195312,2448700
2023-09-25,91.82262775968165,93.0937226052849,91.44319397810992,93.05577850341797,1869200
2023-09-26,92.94196100510307,92.94196100510307,90.67484596575565,90.68433380126953,2496700
2023-09-27,91.47165704014324,92.24949309345244,90.65587688214848,91.87954711914062,2323600
2023-09-28,92.03132355563824,92.61944636897945,91.63292128068058,92.02184295654297,1861400
2023-09-29,92.76173158203048,92.89453233550869,91.49062935104129,91.60446166992188,2041500
2023-10-02,91.4052677707935,91.8985267174346,90.16262894904277,90.78868865966797,2600600
2023-10-03,90.35234187426035,90.92148903707213,89.19507187552036,89.97290802001953,2743200
2023-10-04,89.87805528385118,90.35234581305356,89.06227499465516,89.79268646240234,3361400
2023-10-05,89.45118591162219,89.80215622914982,88.54054183676033,88.7776870727539,2758400
2023-10-06,88.58797714262231,90.98788586407002,88.46466422057864,90.15313720703125,2154700
2023-10-09,90.15315138970901,91.05430056763002,89.89703043204327,90.94047546386719,2581100
2023-10-10,91.06376398705798,92.23052164746517,90.8361066034777,91.41474151611328,2688300
2023-10-11,91.43370596711425,92.22102979586583,91.1301603898615,92.09770965576172,2231300
2023-10-12,92.48664558131377,92.48664558131377,90.47565129767742,91.1112060546875,1853200
2023-10-13,91.43371171637764,91.82263335639577,89.63140657188207,89.88752746582031,2136200
2023-10-16,91.23451019768017,92.19257892200142,91.08273378162625,91.39576721191406,2670700
2023-10-17,91.21554916670127,91.97440959726163,90.86457160391684,91.03531646728516,2196500
2023-10-18,90.30491351321199,90.30491351321199,88.82512938374167,88.88204193115234,2503400
2023-10-19,88.9863775847285,90.21953572816373,88.31288597125486,88.350830078125,2678600
2023-10-20,88.09471552342902,88.43620524475186,86.63389999045872,86.7667007446289,5700800
2023-10-23,86.82362214343233,87.20305600995569,85.37229429829713,85.5240707397461,2790800
2023-10-24,86.15961005820724,86.52955605245646,85.58097509548955,86.07423400878906,2566000
2023-10-25,86.00783672159966,86.00783672159966,83.85456105623955,84.262451171875,3484300
2023-10-26,84.51855619399181,84.77467708810424,83.41820612042483,84.04426574707031,4452200
2023-10-27,83.90198044009455,84.44267128120318,83.0292877206031,83.50357818603516,2429300
2023-10-30,83.90198516845703,84.04427376352507,82.77317871834067,83.90198516845703,2772900
2023-10-31,83.80712561779917,84.49010506081649,83.52255567460752,84.39524841308594,4904100
2023-11-01,84.64189165400214,85.03080612754312,84.21502583229227,85.00234985351562,2771600
2023-11-02,85.33434706272358,86.70979387386018,84.79365617478679,86.47264862060547,4912200
2023-11-03,87.3548071260824,87.93344202436754,87.24098205566406,87.24098205566406,2686600
2023-11-06,87.42121371336262,87.4401821458452,86.09319908956098,87.0228042602539,3004000
2023-11-07,79.49108234185809,80.72423317001846,78.82707136937363,80.57246398925781,9919900
2023-11-08,81.09418267265696,81.7487058382458,80.25943404938724,80.3922348022461,5833500
2023-11-09,81.10366896879775,82.72574147972193,80.62937850699191,80.819091796875,4765100
2023-11-10,81.3408028707339,82.35578402815013,80.79062427476323,82.05223846435547,2922700
2023-11-13,82.09019744341744,82.45065560416424,81.4925940418139,82.14710998535156,3123200
2023-11-14,83.18106127924214,84.88850255374776,83.0103164280818,83.99684143066406,3645800
2023-11-15,83.87352028314118,84.80313273663008,83.56048685355941,83.82609558105469,3273000
2023-11-16,83.72591285233585,84.20303796568686,83.18199051432977,83.49689483642578,2719600
2023-11-17,83.9262880661583,85.32903678915073,83.71635917295164,85.18589782714844,3494200
2023-11-20,85.21454438845535,85.27179706981329,84.53702035074765,84.72787475585938,2607000
2023-11-21,84.36523677708699,84.60379925102241,83.91673816123259,84.54653930664062,2467100
2023-11-22,84.4988476135924,85.0618516670068,83.99308895499512,84.77557373046875,2778800
2023-11-24,84.65152520779291,84.89963227144236,84.26982371302849,84.46067810058594,1248100
2023-11-27,84.0789825502986,84.44159499176915,83.82133092896741,83.96446990966797,2657800
2023-11-28,83.73543922701302,84.65151837226485,83.54459213521676,83.87857818603516,3418000
2023-11-29,84.45113100960624,84.67061172857854,83.65910170596091,84.26982116699219,2128400
2023-11-30,84.71831970756222,85.02367943751483,83.96446128166505,84.83283233642578,4201200
2023-12-01,85.1763612834115,86.178319465136,84.97596964706659,85.99701690673828,2651200
2023-12-04,84.68014866499198,85.0904764838429,84.13622641957099,84.84237670898438,4068900
2023-12-05,84.4606898178489,84.64199241074256,83.76408394723715,84.3080062866211,3327700
2023-12-06,84.36526053470779,84.64198667569308,83.5827684107115,83.68773651123047,3336300
2023-12-07,84.07896346807269,85.07138428724939,83.69726203295097,84.66105651855469,3577200
2023-12-08,84.85191987008265,85.74891732260556,84.47976290155735,85.4531021118164,2365900
2023-12-11,85.50081328706275,86.39781077144633,85.36721884645469,85.61532592773438,3068200
2023-12-12,85.6916563513738,86.66498818708457,85.09047416782153,86.30237579345703,2905700
2023-12-13,86.91309380602179,88.73570756341276,86.51231054381225,88.01048278808594,4146100
2023-12-14,88.72618556864224,92.24736380716145,88.68801468752955,92.1233139038086,4417700
2023-12-15,91.2072201227263,92.14238108033936,90.940031277694,91.27401733398438,5091600
2023-12-18,91.39807957979178,91.76069930168214,90.93049903774217,91.65573120117188,1889700
2023-12-19,91.79884792920923,92.0946703825583,91.18812850603989,91.35989379882812,1856100
2023-12-20,91.19767896408749,91.94199285436521,90.31022610713704,90.32931518554688,1782600
2023-12-21,90.82552455322295,91.52213032761378,90.66330378396428,91.3312759399414,2113000
2023-12-22,91.56030521919263,92.50501817391711,91.36945808832883,92.02789306640625,1634000
2023-12-26,92.35233617675188,93.22070738139357,92.24736806893031,93.05847930908203,1536400
2023-12-27,93.08709563750445,93.60238425972196,92.84853312411293,93.13480377197266,1844400
2023-12-28,93.20159909132865,93.27794084134725,92.47637430720188,92.64813232421875,1527700
2023-12-29,92.49546524060197,93.1157292801561,92.46683890160499,92.87716674804688,1448100
2024-01-02,92.10420389540495,92.48590533945146,91.01635951209954,91.49348449707031,2159900
2024-01-03,90.84461080222007,91.02592065930344,89.93807607750492,90.34840393066406,2199000
2024-01-04,90.66331226195936,91.5603024866711,90.35795249347962,90.74919128417969,2221200
2024-01-05,90.68239959627712,91.21677740363958,90.42475523354211,91.1022720336914,1638300
2024-01-08,90.73009931224288,91.43624233262226,90.16708797951786,91.3885269165039,2045500
2024-01-09,90.95912515539621,91.2454031161516,90.09076129371317,90.29115295410156,2378500
2024-01-10,90.22436670860552,90.67285822382745,90.00488594128257,90.43429565429688,1665200
2024-01-11,90.66330516302484,90.75872871813726,89.38460622739657,90.4629135131836,2066900
2024-01-12,91.07362344837722,91.25492599996635,90.15754431076691,90.52970123291016,1572100
2024-01-16,90.04304375362518,90.06212555306253,88.71663664203074,88.99337005615234,2401700
2024-01-17,88.05820091322522,88.64983861530028,87.78146750162645,88.1917953491211,2894200
2024-01-18,88.65937283894739,89.51819203253362,88.3635503821556,89.3941421508789,2426300
2024-01-19,89.2414644120337,90.6537577359051,88.82159932684247,90.56787872314453,5133600
2024-01-22,90.74917910219469,91.96108075341787,90.74917910219469,91.7416000366211,2862900
2024-01-23,92.13284792598265,92.18055606166362,90.74918094492863,91.3980712890625,1768200
2024-01-24,92.31414127643404,92.31414127643404,89.99531352754707,90.0716552734375,2467300
2024-01-25,90.87323358530966,91.87519174887595,90.18617239866424,91.83702087402344,2344500
2024-01-26,92.06604674981385,92.06604674981385,90.37702010775531,90.71100616455078,2344500
2024-01-29,90.37702163254939,90.78734944649237,89.41322704066467,90.66329956054688,2856400
2024-01-30,90.02395323424362,90.68238814974002,89.4514046157188,90.41519927978516,2896500
2024-01-31,90.28160883012514,90.3770323906998,87.45702921107956,87.53337097167969,4273000
2024-02-01,88.42082341034731,89.60409157145584,88.21088721007705,89.47049713134766,2724600
2024-02-02,88.99336631479716,90.16708986014538,88.50669672557082,89.68042755126953,2128600
2024-02-05,89.02199266101557,89.20330250964295,87.94369266944597,89.12696075439453,2412800
2024-02-06,89.45141003483614,90.06212956897444,88.77389327916242,89.94762420654297,2776000
2024-02-07,97.21898172624462,100.87376076102024,95.71127234697667,99.32787322998047,9072200
2024-02-08,99.84319170709038,100.43482942773355,97.35259820488668,97.69612884521484,5305900
2024-02-09,97.77245656919484,98.59311217212684,97.37167330646524,98.47859954833984,3497200
2024-02-12,98.45952737702818,99.6714218224332,98.19233850908695,99.50920104980469,3904300
2024-02-13,98.67901278474834,99.9386227078563,97.93469154260872,99.89090728759766,5069100
2024-02-14,100.82607231753961,101.72306248987663,100.4729971482081,101.37953186035156,5078100
2024-02-15,101.71997727456679,102.2186484055911,101.12540137682055,101.37474060058594,3104800
2024-02-16,101.3843338976238,102.68855972422976,101.16376317432,101.79669952392578,3167400
2024-02-20,101.65285163900211,101.7391571520554,100.21436788939359,100.50206756591797,2517500
2024-02-21,100.27188998772392,101.0870365111623,99.60060059766298,100.65548706054688,2138700
2024-02-22,101.38433523623878,101.81587743193577,100.89524871567731,100.97196960449219,2362600
2024-02-23,101.52816788240044,101.80627556988381,101.25006019491707,101.5665283203125,1819800
2024-02-26,101.43226391788478,102.16109761086891,101.05825879096652,101.83504486083984,2393700
2024-02-27,102.41044792111764,102.41044792111764,101.04868514106215,101.77751159667969,2235600
2024-02-28,101.8446254620316,101.8734012769323,100.93358886914966,101.23087310791016,2190000
2024-02-29,101.64324825557236,103.16804466307708,101.192522227464,102.46797943115234,5067700
2024-03-01,104.04072283840134,104.7024276423254,103.17763120643647,103.705078125,3356800
2024-03-04,103.74343321916452,105.32576657679668,103.65712040216353,105.01889038085938,3703200
2024-03-05,104.59694072383239,105.17233271986824,104.45309089569687,104.54898834228516,3465000
2024-03-06,105.48879194725073,106.10254433325974,105.04765787708835,105.2969970703125,2561600
2024-03-07,105.7765080993433,106.49574997495124,105.4984003627941,105.75732421875,2033800
2024-03-08,106.15051494862271,106.63959416379627,105.46963350705153,105.63265991210938,1655800
2024-03-11,105.13396858727238,105.26822647108418,104.03113701546211,105.15315246582031,1892200
2024-03-12,105.22986274665509,106.15049127855598,104.77913676075978,106.06417846679688,1755400
2024-03-13,106.16966899081936,106.57244260605216,105.38329832067208,105.82443237304688,1801900
2024-03-14,106.10254427269861,106.44778090419481,105.19150763300367,105.8819808959961,2883300
2024-03-15,105.19151921936046,106.51492157485885,105.09561445387706,106.05460357666016,6537600
2024-03-18,106.61081470193302,107.48349828021092,106.40942787229336,106.50532531738281,3071500
2024-03-19,106.1313152746857,107.14784863205911,105.67100463284234,106.72589111328125,2544000
2024-03-20,106.60122525304163,107.59856741662853,105.7093651527236,107.42594909667969,2195300
2024-03-21,107.86708847544378,108.70140424249682,107.42594708654684,107.98216247558594,2410900
2024-03-22,107.95339919330378,108.23150690126522,107.38759915457621,107.83831787109375,1479300
2024-03-25,107.72324200472076,108.07806327152088,107.06153721732794,107.1478500366211,1435900
2024-03-26,107.04234963067267,107.48348367133116,106.74505807984461,107.35881042480469,1812800
2024-03-27,107.4067786146687,108.80690181505774,107.07113389479909,108.79730987548828,1937300
2024-03-28,109.02747057691413,109.2192654658375,108.40412621315411,108.76853942871094,2322600
2024-04-01,108.62469767776548,109.43025236743325,108.53839216628674,108.88362884521484,2057200
2024-04-02,108.67263194148212,108.91237918873358,107.68487445344695,108.62467956542969,1964400
2024-04-03,108.78773139362517,109.50697325530763,108.44249471469706,108.88362884521484,1981800
2024-04-04,109.7562844091903,110.22619427117223,108.02051671921129,108.40411376953125,1888400
2024-04-05,108.95074549038166,110.06316897292015,108.65346122907069,109.84260559082031,1693800
2024-04-08,110.00563033649627,110.25496953197307,109.30557244449203,109.96726989746094,1775600
2024-04-09,110.28374068846588,110.53307988994838,108.46166003118137,109.56449890136719,1877500
2024-04-10,108.03012688083474,109.55491608452532,107.90545361145945,109.40148162841797,2012900
2024-04-11,109.35352741435291,109.5261457473999,108.32740935582538,108.86444091796875,1673000
2024-04-12,108.1260182938859,108.76853921869522,107.23415816075281,108.03012084960938,1981100
2024-04-15,109.57409315776262,109.67958254075512,106.86974427374005,107.17662048339844,1708500
2024-04-16,107.28209932627186,107.42594181939687,105.96828179585646,106.91767883300781,2326200
2024-04-17,107.45472799951274,107.72324376792056,105.10520039293242,105.30658721923828,2317300
2024-04-18,106.28476254501858,106.28476254501858,104.47227375118796,104.82709503173828,1677900
2024-04-19,105.08602613742052,105.6038811235048,103.91605827810112,104.12703704833984,2107900
2024-04-22,104.36679765458787,105.17234508041003,103.67632425159344,104.17499542236328,2448900
2024-04-23,104.62570570486166,105.91075485871458,104.24210861491277,105.26822662353516,2081900
2024-04-24,105.91074505885358,105.96828205624496,104.19415391045956,105.12437438964844,1876700
2024-04-25,104.00236281571713,105.78608309011751,103.37902576682416,105.1052017211914,1640100
2024-04-26,104.87504537373374,106.1888630347436,104.54898528506084,105.38330841064453,1364500
2024-04-29,104.9133998434311,106.21762549088113,104.87503940479957,105.25863647460938,2057900
2024-04-30,105.00930275770973,105.39289984752311,103.17763012919121,103.3598403930664,3962900
2024-05-01,103.12010644360237,104.15581652490005,101.86383294581958,102.08439636230469,3875200
2024-05-02,102.80361536077132,103.43655159722431,100.95276634334776,102.0460205078125,3587700
2024-05-03,102.77486057514578,102.97624740911364,101.60489269699382,102.17070007324219,5925900
2024-05-06,102.640605526379,103.00502607874473,100.6267298144608,101.88300323486328,7467900
2024-05-07,102.23782015838266,103.14885680212475,101.66242820883473,102.99542236328125,6898500
2024-05-08,99.92665876938794,108.36576556283022,99.63896643655836,108.03012084960938,6172800
2024-05-09,109.69875677774843,111.02215903200492,109.4494175762778,110.84954071044922,4983100
2024-05-10,111.54001415484863,111.97156361760278,110.4467672222808,110.81118774414062,2422500
2024-05-13,110.73447414805244,111.20437676522207,110.00564037289709,110.11112976074219,1857200
2024-05-14,109.9385004544723,110.30291364742423,109.29597956827853,109.66039276123047,1514900
2024-05-15,110.28374809389724,110.65775326298213,109.69876414912216,110.11112976074219,1948900
2024-05-16,109.8269221600911,110.443493766665,108.66121623672127,108.69011688232422,1927700
2024-05-17,109.22961419788923,109.22961419788923,108.15061757134607,108.74791717529297,1619700
2024-05-20,108.96951144852298,110.35680135815065,108.87317350482417,109.53791046142578,1852500
2024-05-21,109.38377122153047,109.87510428954259,109.22962463152119,109.53791046142578,2357300
2024-05-22,109.51863870122008,110.4820327758789,109.2103528913338,110.4820327758789,1931100
2024-05-23,111.21422484048612,111.38763608431677,108.22769704672368,108.37220764160156,2642700
2024-05-24,108.90207084400659,109.50900648597037,108.54561237802635,109.26815795898438,1345000
2024-05-28,109.49937592679194,109.86546303538346,107.67855433243673,107.94831085205078,2257400
2024-05-29,107.21612335704643,107.45697186651502,106.47430583181982,106.85966491699219,1831600
2024-05-30,106.72479076475467,107.35099836188964,106.06968252238649,106.84040069580078,2051300
2024-05-31,106.69590149973104,108.14099271643168,105.53019546693953,108.05429077148438,4318100
2024-06-03,108.5648824054694,108.66122034449224,104.69203404577458,105.03885650634766,2870300
2024-06-04,104.3163133960393,104.89434839390752,102.60147305064763,102.95793151855469,3012900
2024-06-05,103.55522488263739,104.36447971065188,103.12170049806369,104.3163070678711,2030200
2024-06-06,104.39337722249358,104.55715244285055,101.92709086851022,102.09086608886719,2385000
2024-06-07,102.26427750953467,104.17179356830158,101.99452835779898,104.02729034423828,3173700
2024-06-10,104.02729423492215,105.50128597640109,103.7479090744287,104.74983978271484,1871400
2024-06-11,104.23924405197644,104.56680188491642,102.7363515305605,103.67084503173828,1566500
2024-06-12,104.56678065873172,105.14481556116203,103.3240015759446,104.52824401855469,2109700
2024-06-13,104.27777425568205,104.74984265191867,103.36255281012116,104.55715942382812,1865700
2024-06-14,103.42997564663946,103.80569870126148,102.004149358503,102.56291961669922,1829200
2024-06-17,102.62074529359454,103.47817287986048,101.83076235634988,103.43963623046875,2017300
2024-06-18,103.42035190895737,104.8558070147326,102.87121758325051,104.70166778564453,2078200
2024-06-20,104.75946193431612,104.76909793238751,103.76716728623894,104.18142700195312,1984600
2024-06-21,104.28741225246517,104.63423471955868,102.7845197951358,104.44155883789062,3029100
2024-06-24,105.02923136641247,106.11787150525473,104.69204486991396,105.31825256347656,2043900
2024-06-25,105.21227026780687,105.54945673755553,103.56486721550871,103.92132568359375,2004300
2024-06-26,103.44924560483153,103.8153400307825,101.83074338252132,102.2353744506836,2500500
2024-06-27,102.60146675443276,104.3548436387669,102.36061824092471,104.32594299316406,3472900
2024-06-28,104.77874163721832,106.98491495060686,104.47045582727527,106.12749481201172,4756200
2024-07-01,106.99454510590313,107.26429427463755,103.9887602541612,104.09473419189453,2422300
2024-07-02,104.04655809005256,105.3375025975599,103.91168351016711,105.27006530761719,2474900
2024-07-03,105.71322103363069,106.67661498058759,105.1159141404769,105.5494384765625,1074800
2024-07-05,105.41457309796102,105.8770054668468,104.30666849239383,105.45310974121094,1468600
2024-07-08,106.46467640769814,106.82112749504167,105.9059061057757,105.94444274902344,1510900
2024-07-09,105.44348691805975,106.54175566251511,105.01959848957206,105.57836151123047,1266700
2024-07-10,105.69395795059464,107.52440807417624,105.61688466431237,107.4184341430664,1877700
2024-07-11,107.67855293563714,110.10631012987564,107.37026712447661,109.971435546875,2235900
2024-07-12,110.7999558089456,111.19494356186155,109.74022378513295,110.39532470703125,2082600
2024-07-15,110.62654673890646,113.05429664721204,110.53983744747748,112.6882095336914,2694400
2024-07-16,113.19880891078859,115.15449779510145,112.76528449755875,114.51866149902344,2423700
2024-07-17,114.01768650858068,114.40304560590748,112.85198056799936,113.92134857177734,3751200
2024-07-18,112.87125565414107,114.45122138131447,111.77297962416576,112.2739486694336,4304000
2024-07-19,113.06392928166191,113.13136657293819,110.75178203058292,111.44542694091797,2657800
2024-07-22,112.20650712575438,113.64196221432785,111.43578893920962,113.5167236328125,2424100
2024-07-23,113.21806206648267,114.32596666019158,112.83271033833442,113.31440734863281,1403300
2024-07-24,112.80381024155783,113.46855451434772,109.78838939200655,109.90399932861328,2151300
2024-07-25,110.14484753693374,112.16797364605127,109.35486468098829,110.39532470703125,2127200
2024-07-26,111.41652383726114,113.35294794421765,110.96372745577304,112.56295776367188,1488600
2024-07-29,112.62077493128469,113.7479442959971,112.1005412206219,113.48783111572266,1905000
2024-07-30,113.85391169411388,114.6053578940653,110.66507966863823,111.46469116210938,3039400
2024-07-31,113.27588602654943,113.71904645394856,112.3606571731284,112.82308959960938,2020000
2024-08-01,112.77490125272973,112.95794846795492,108.18915102491803,108.95022583007812,2533500
2024-08-02,106.87895548257194,106.93675678285035,103.54561241441755,105.2122802734375,3194500
2024-08-05,102.45695438433115,103.83460815150659,101.28161248295045,102.49549102783203,2618600
2024-08-06,102.90975257533589,105.35677435501027,102.54366548078177,103.83460998535156,3020300
2024-08-07,99.84615418875147,102.11976463080484,95.65539173288725,95.896240234375,8060500
2024-08-08,97.15828376722672,101.02149577866805,96.78256069393156,100.78064727783203,4877100
2024-08-09,100.6361430812511,100.74211701634002,98.50704308102448,99.89433288574219,3644600
2024-08-12,100.00993714946301,100.18334837796587,98.55521737992001,99.29702758789062,2542900
2024-08-13,99.85581269783877,100.49164906304746,99.19106833183979,100.28933715820312,2598600
2024-08-14,98.74789443377085,100.18334957287385,98.62265584784697,99.70165252685547,3921000
2024-08-15,101.15638290766911,101.60917932146451,99.93287560559787,100.47237396240234,3309700
2024-08-16,100.35132953024255,100.52561812582935,98.99575238537864,99.81877899169922,3416300
2024-08-19,100.36101694520593,101.05817134605284,99.66386254435903,100.54498291015625,1761800
2024-08-20,100.62244963756446,100.95166473261385,99.53799376517016,99.84783935546875,2500500
2024-08-21,99.96402068067702,101.36801419661278,99.81877895319386,100.71926879882812,2262000
2024-08-22,101.03880005037792,101.69722281869153,100.19641132037604,101.0484848022461,2419800
2024-08-23,101.66818017503569,102.41374357923996,100.72895866192664,101.3196029663086,2774400
2024-08-26,101.9780256236496,102.31691807964637,100.88388501220241,101.58103942871094,1773300
2024-08-27,101.2421388499409,101.55198443421587,100.47720594778987,100.5643539428711,1586600
2024-08-28,100.54498420271695,101.4648435884991,100.19641438511377,100.6127700805664,2414800
2024-08-29,100.91292795238505,102.11357863000977,100.44815589704257,100.78704833984375,2953600
2024-08-30,100.98070556411521,102.15230936322679,100.5933967525764,102.0457992553711,3476200
2024-09-03,101.26150200870666,101.4745222196657,98.32765020048228,98.78273010253906,3380600
2024-09-04,98.52130413477478,99.15068003668321,97.04953950032385,97.6595458984375,2767400
2024-09-05,97.18509935439042,97.39811219132972,95.20014623283966,96.79779052734375,4207700
2024-09-06,96.78810389395828,97.57239889769046,94.26092289604208,95.07427215576172,2780800
2024-09-09,96.1103204328518,96.97207869079294,95.76174322881926,96.420166015625,2843100
2024-09-10,96.59445157990517,96.66223006815211,94.98712259104727,95.95539093017578,3004700
2024-09-11,95.73270028525215,96.89461942147122,93.5540963643651,96.73970031738281,2335500
2024-09-12,97.05922494991265,98.37607060020412,95.99413115881563,98.25019836425781,3728800
2024-09-13,98.76338019195894,99.47021939864757,98.30829284636103,98.79242706298828,2156700
2024-09-16,99.43147465751306,100.21576962104582,98.78272927846774,99.1409912109375,2361900
2024-09-17,99.54766443067015,101.26150350799698,99.54766443067015,100.60308074951172,3125700
2024-09-18,100.87419458823695,102.05548312897982,100.12863122696375,100.39006042480469,2129800
2024-09-19,102.69453548537986,102.87850882981185,101.68753554776958,102.54930114746094,2748300
2024-09-20,101.89088334848906,102.52993662830046,100.97102396891472,101.82310485839844,8125400
2024-09-23,102.38469868426918,103.08185311516836,101.24214167525147,101.71659851074219,2428200
2024-09-24,102.87850423756417,104.57297371912405,102.68485353744903,102.96564483642578,2909100
2024-09-25,102.99472465460032,103.54663741295091,101.00008648927678,101.08723449707031,2817200
2024-09-26,102.28787052003015,105.69617933611974,102.13295142146323,105.44442749023438,4063100
2024-09-27,105.99634720008383,106.95493088625639,105.4153876141399,105.75428009033203,3174200
2024-09-30,105.20235884311836,106.08347920975433,104.68917779403459,105.8995132446289,2917100
2024-10-01,105.7252284048206,106.74190578710149,105.06680560078561,105.79300689697266,2823700
2024-10-02,105.79300340605741,107.46810353709901,105.49283519017318,106.96460723876953,3160400
2024-10-03,106.51920709010744,106.81936792548662,105.49283757875983,106.15126037597656,3236700
2024-10-04,108.32985688961035,108.32985688961035,106.44173662214405,107.90382385253906,2082200
2024-10-07,107.14858205988276,109.1916215374177,106.84841383988544,108.94955444335938,2776000
2024-10-08,107.91350533387083,108.07811656875903,105.12489512769392,105.94792175292969,2299500
2024-10-09,106.42238103195172,107.62303175290498,106.12221281123729,107.3615951538086,1531900
2024-10-10,107.2744545456441,107.7489039826875,106.36427990587391,107.3615951538086,1916100
2024-10-11,107.43904911431366,109.13351863036794,107.43904911431366,108.50414276123047,2113300
2024-10-14,108.50414509660101,109.17225259838999,107.91350083302252,109.06574249267578,1201900
2024-10-15,108.65906791951191,109.16256417634895,105.6864845856664,105.78330993652344,2585800
2024-10-16,106.16094329326157,107.65207746669266,105.70585597826165,107.08079528808594,1656900
2024-10-17,107.73921595684602,107.73921595684602,106.3836461779105,106.94523620605469,2099100
2024-10-18,107.46809764243457,107.46809764243457,106.30617862552816,106.93555450439453,2124100
2024-10-21,107.00334239084009,107.29381847693455,106.12221460555988,106.9065170288086,2077600
2024-10-22,105.44442219019254,106.51920062315213,105.10552975351634,106.00601959228516,1536600
2024-10-23,105.27013844989693,106.10284983972596,104.48584343352597,105.06680297851562,3743800
2024-10-24,105.2023539715484,105.22171608744873,104.040427560402,104.8247299194336,1845200
2024-10-25,105.22171832711253,105.61871189087874,104.54393344665942,104.6988525390625,1524100
2024-10-28,104.92156790701296,105.82205784447538,104.71823242272168,105.21205139160156,2150900
2024-10-29,104.82474087289859,106.18999549921163,104.35996878241434,105.45411682128906,1979300
2024-10-30,104.96997862405492,106.47079018070764,104.93124700237787,105.56061553955078,2345400
2024-10-31,105.09584821402115,105.97696857631036,104.39869381594983,104.83441162109375,3097500
2024-11-01,104.86346012440933,105.89950691267863,104.62139304876416,105.01837921142578,1853600
2024-11-04,104.3309083203965,107.24539794377709,104.0501096296242,106.3255386352539,3434100
2024-11-05,112.0770533847553,115.8145695356975,111.71879146180774,113.93612670898438,7193800
2024-11-06,122.45690198853343,123.68659956854967,119.22288178994583,122.83452606201172,7129100
2024-11-07,122.1954693273258,123.33802633670891,120.51068437698176,123.15406036376953,3582400
2024-11-08,122.31166523559824,124.48058440519716,122.31166523559824,123.22183990478516,2748200
2024-11-11,122.11800465558984,125.87488312322381,122.11800465558984,125.10026550292969,3139100
2024-11-12,125.08089354875126,126.16536410575638,123.42516300773227,124.32564544677734,3086000
2024-11-13,124.90662837042093,127.38539320515314,124.7129776379457,126.02982330322266,3125300
2024-11-14,125.65217929678633,126.6010780778042,124.82914534590456,124.90660858154297,3694200
2024-11-15,124.89496552571521,125.53663783282995,123.01851945803418,123.26158142089844,2672000
2024-11-18,123.40741512050859,125.8769254540414,123.31019182280427,125.57553100585938,3399100
2024-11-19,123.66991870385502,126.06165484861832,123.66991870385502,125.96442413330078,2729100
2024-11-20,126.48945214175967,126.94640982141877,124.92413249842905,125.51720428466797,2277300
2024-11-21,125.44912327014413,126.48943546099731,124.51577375820331,124.71022033691406,2810300
2024-11-22,125.11857462994418,126.97557153108191,124.65189982911423,126.46028137207031,2212800
2024-11-25,127.17002236038242,129.83397198762225,127.0533425297988,129.06590270996094,5740100
2024-11-26,129.26032934985753,130.4464727362068,128.62837427604376,129.30894470214844,3254600
2024-11-27,129.18255227665378,129.9311871892441,128.1908702647438,128.9103240966797,1869300
2024-11-29,129.11450578948026,129.83395963891377,128.61864993614253,128.92005920410156,1531700
2024-12-02,129.79509084950627,130.32983014591383,128.9297908372559,130.05760192871094,2922000
2024-12-03,129.97008893621378,130.19371662911678,127.40335513711535,129.69786071777344,3092000
2024-12-04,129.83396669954746,131.1076237989875,129.357574764761,130.60205078125,2632700
2024-12-05,130.43678335190435,130.71872871866267,129.06591023637316,129.45480346679688,2377900
2024-12-06,129.82425141033116,130.05759622999142,127.20890237685482,127.34501647949219,2628200
2024-12-09,127.63669645211522,129.0270185907962,126.70334682469463,126.8102798461914,2859400
2024-12-10,126.11025945896652,126.7616636571724,124.50604180488666,125.56578826904297,2838400
2024-12-11,126.93666556467787,127.64640227778315,126.28526134370131,127.2380599975586,2305500
2024-12-12,127.28668995942343,128.33671944420595,126.63528566369565,127.52003479003906,2310600
2024-12-13,127.71447331610018,128.27837882791002,126.05192302823627,126.58666229248047,3097700
2024-12-16,126.37277911411262,126.95613379390227,125.1283029768654,126.57695770263672,3205800
2024-12-17,126.09082468095762,126.81027858759437,124.00049034245787,124.52550506591797,3603800
2024-12-18,124.08799748686751,124.17550365553186,118.49757203122189,118.98369598388672,4162600
2024-12-19,120.77262730177922,121.90043093367343,118.76007457918163,118.95452117919922,3272200
2024-12-20,117.88505226095444,121.29764430438199,117.72948904388468,120.64623260498047,10502000
2024-12-23,120.36428732918253,120.95735911371743,119.17814376011273,120.49067687988281,2258900
2024-12-24,120.65595219710487,122.79490183785043,120.3739994410113,122.72684478759766,1243300
2024-12-26,122.61017231183465,123.31019192414044,121.74487235152947,122.88240051269531,1530200
2024-12-27,121.70597756291917,123.067125940306,121.4337493709742,122.22126770019531,1653500
2024-12-30,120.74347400782047,121.50182621397812,119.5767720295553,120.81153106689453,2621000
2024-12-31,120.83096214535469,121.44348304086654,120.0726100058281,120.49067687988281,2171600
2025-01-02,121.91987711778283,122.01710041545793,117.8753226590715,118.78923797607422,1837700
2025-01-03,119.20729953934017,120.14065650737335,118.4003321109069,120.01426696777344,1621100
2025-01-06,120.6851151975105,121.151797399303,118.37116813351346,118.70172882080078,2311000
2025-01-07,119.16841943682229,120.24761515060909,116.4558470279254,117.33087158203125,2622200
2025-01-08,117.15586475284503,117.15586475284503,115.29886781744649,116.96141815185547,2562500
2025-01-10,115.15304748915787,115.7947272673685,113.96690382478268,114.66692352294922,3736100
2025-01-13,113.49050351750527,115.30860238944607,113.26688323104565,115.18221282958984,2254900
2025-01-14,116.09611703713227,117.24336235652864,115.34748205352005,116.46556854248047,2074200
2025-01-15,118.6822916860083,119.10035854741183,116.66973898521975,117.36975860595703,2405500
2025-01-16,117.23364792844058,120.0726098797719,117.16559087541765,119.86843872070312,2872000
2025-01-17,121.14207743674372,121.92960321851827,120.26705291125101,121.07402038574219,4240200
2025-01-21,122.72685192481511,126.00332991789976,122.14349726853797,125.88665008544922,4432800
2025-01-22,127.55889670915884,127.9769709392338,126.19775584796238,126.33386993408203,2860500
2025-01-23,126.13942463077132,128.3950316285425,125.34217437880164,127.52973175048828,4078000
2025-01-24,127.6950168951783,128.15197452797767,126.60610415420454,126.9755630493164,2725900
2025-01-27,124.44771403859511,126.39220957044816,123.86436686257156,125.4005126953125,4261800
2025-01-28,126.01305869125241,127.13113791114166,123.76716827726476,126.3922348022461,3647900
2025-01-29,126.39222617728332,126.90751637410312,125.16719917197453,125.2741470336914,2188900
2025-01-30,126.10055377284145,128.0547816101426,125.49776480249936,126.82002258300781,2441400
2025-01-31,127.30612806544919,127.91864892078578,125.64357781610296,126.34359741210938,4718900
2025-02-03,123.34908119165814,125.50746507918952,122.73656032968256,124.3018798828125,3850900
2025-02-04,125.46858176127995,126.3435988485745,123.87409596009769,124.14632415771484,3209600
2025-02-05,123.50463718776817,123.52408629771254,118.973966284458,121.29763793945312,4814900
2025-02-06,122.58100551479991,124.4477195274731,121.55041779345278,123.94215393066406,3931500
2025-02-07,124.68106641359849,124.68106641359849,120.35455914192875,120.91846466064453,3012400
2025-02-10,122.13377685207806,123.28102960487776,121.38514185819409,123.23241424560547,2444500
2025-02-11,122.64906716076851,123.55325795354976,122.01710457782896,123.38797760009766,1920600
2025-02-12,121.24901671962621,122.13376573776456,120.46149841118435,121.04484558105469,2078000
2025-02-13,121.06430277613924,121.871270296927,120.4906800873116,121.82266235351562,1951800
2025-02-14,122.30887094008591,122.53343748956169,120.17064311219664,120.42449188232422,2151800
2025-02-18,121.36182219684542,122.71896503384113,120.65884023398819,122.05503845214844,2296100
2025-02-19,121.36180699817709,121.60589751309776,120.03395400108454,121.48873138427734,1781200
2025-02-20,121.5082587434104,121.84999143309007,120.05348131956414,121.8011703491211,1438900
2025-02-21,121.99643991609811,122.26006185132724,118.03241222251076,118.96971893310547,2334300
2025-02-24,119.14547236576905,119.38956290407442,117.05605795379924,117.82738494873047,2758800
2025-02-25,116.64597753702925,118.11052064004902,115.43529065760065,116.89006805419922,2529100
2025-02-26,117.72974583196257,118.53036246977953,116.81196305847052,117.02676391601562,2173300
2025-02-27,117.5247088075538,119.24310074241366,117.0560517213773,117.1634521484375,2575400
2025-02-28,117.30014383872086,118.95019819590294,116.3042577595254,118.73539733886719,2590400
2025-03-03,119.93631613782908,120.12182731951926,113.64854931329386,114.40034484863281,2585400
2025-03-04,112.39880272501415,113.91215944449233,109.96765583886922,111.33456420898438,4194500
2025-03-05,112.02777935950378,113.84381336564353,111.00260367800637,113.10177612304688,2853700
2025-03-06,111.81298705432012,114.10744400273354,110.90496998191979,113.5899658203125,3488600
2025-03-07,112.60384597406578,116.08945847195099,112.22306534019148,115.80631256103516,3986800
2025-03-10,110.42655344871991,112.42809875923352,108.1809250591004,109.18657684326172,5156100
2025-03-11,109.47948041859874,109.58688084633442,106.44299366873007,108.10281372070312,5095000
2025-03-12,109.80167997384389,110.32891639741686,107.79037644799457,108.219970703125,2263700
2025-03-13,107.94658929319277,108.94248278729573,106.11103126254531,106.61873626708984,2256900
2025-03-14,108.2785584334284,109.49901105903275,107.42912072434918,109.28421020507812,2058300
2025-03-17,109.45019080667039,111.61771587807432,108.77650601756909,110.90496826171875,2616800
2025-03-18,110.18245487581626,110.63158052094818,108.41524196468072,109.20609283447266,2724800
2025-03-19,109.245148749865,110.28009013510716,108.27855240989257,109.73332977294922,4095400
2025-03-20,108.24926296547466,109.55758453451662,107.12644512023562,109.15727996826172,3573700
2025-03-21,108.04422582046033,110.45583377747155,107.33147826094407,110.43630981445312,9228700
2025-03-24,111.88132986165638,112.96509239243778,111.59819140681412,112.64289855957031,2781900
2025-03-25,112.8772166643417,113.50208777747207,111.87156494943036,112.57454681396484,1656200
2025-03-26,112.28164240941379,113.36540494511574,110.35820786498685,110.90496826171875,1986300
2025-03-27,110.91473888410344,110.9245045913498,108.68863437126406,109.43067169189453,2719200
2025-03-28,108.9327090633978,109.20608923411288,105.54473169978377,106.07196807861328,3085400
2025-03-31,105.41781692763462,107.64392131953734,103.98256345152586,107.04833984375,3372400
2025-04-01,106.76518922424559,107.79037236161425,105.62284740766998,107.39982604980469,2490600
2025-04-02,105.77907141407012,109.3427947398792,105.70096810360174,108.90343475341797,2036500
2025-04-03,103.48462804624808,104.68555683626005,99.05194274063234,99.4815444946289,3730000
2025-04-04,94.75592985424925,95.00977859693396,90.04986557172995,92.33454895019531,5816500
2025-04-07,91.77802954700735,97.54833263981583,87.93116081846838,94.67782592773438,6936700
2025-04-08,97.52880816996237,98.0755685543998,89.76673256625337,91.92449188232422,4819900
2025-04-09,91.08482124294177,102.58636559415145,90.1768041915804,101.96149444580078,4978100
2025-04-10,99.13005184058913,99.90137886365521,93.74053583580188,97.37260437011719,3565900
2025-04-11,96.84535777994255,98.95429601406646,95.30270389492176,98.1146240234375,3621100
2025-04-14,99.74515481069646,99.74515481069646,97.38235288875684,98.65162658691406,3388000
2025-04-15,98.47588144915233,99.23744269102922,97.51904331894059,98.06581115722656,2972500
2025-04-16,97.16755277840296,97.9877008147618,95.41010547029403,96.337646484375,2460400
2025-04-17,96.85511298648709,98.66138874953157,96.85511298648709,97.21636962890625,2879200
2025-04-21,95.57609220448147,96.21072910465317,93.05707601865963,94.14083862304688,2721600
2025-04-22,95.34176092572905,97.74361080718704,95.3027055476909,97.4311752319336,2797700
2025-04-23,100.86796482160729,104.26570816186016,98.40753564001501,98.68091583251953,3838100
2025-04-24,98.66140008185998,102.7523525014959,98.30990910536376,102.56684875488281,2762700
2025-04-25,102.14700200481062,103.46508930381944,102.0493598389903,102.79139709472656,2636100
2025-04-28,102.63518574040185,103.78729330633688,100.97536571541663,102.02983856201172,2676500
2025-04-29,101.84432712905894,102.90856567967154,101.34638782694127,102.60588836669922,1635300
2025-04-30,101.4342566780586,102.84022046780511,100.40907350652651,102.62541961669922,3842100
2025-05-01,103.14288864381005,104.4902656209061,102.0493604420029,103.30886840820312,2687200
2025-05-02,105.44710118576089,106.80424383657946,103.99232381995095,105.75953674316406,2569800
2025-05-05,104.56838809335554,106.66756827227717,104.21689711227785,105.81813049316406,2551500
2025-05-06,104.52932459301691,105.99386775073286,104.01185386913887,104.73435974121094,4424700
2025-05-07,112.24258289437974,112.28163827114282,105.80836041595198,107.26313781738281,5066000
2025-05-08,107.90754515104885,110.7585283857235,106.94094867594069,109.72357940673828,3481500
2025-05-09,110.58276540151857,110.85614557757097,109.35254716023165,109.8895492553711,2581400
2025-05-12,115.92347581546903,117.30014250777046,114.24413180575532,116.58740234375,4028400
2025-05-13,117.01699190824196,119.72151899762986,116.20660960715813,118.61822509765625,3944200
2025-05-14,118.48154296920293,119.35050466885787,118.2374524367369,118.59870910644531,3305100
2025-05-15,118.07146587578353,118.38390144141945,116.76313682346026,117.40753936767578,2496500
2025-05-16,117.87629622777652,118.37643902655702,117.0035022647125,118.27837371826172,2712200
2025-05-19,116.62105073921221,117.79785696937245,116.47394902520418,117.26829528808594,2651900
2025-05-20,116.38567820484272,117.07214281010894,115.18926205117613,115.70901489257812,2770600
2025-05-21,114.80680722315569,116.22877288938064,113.85555802659135,113.90459442138672,2243600
2025-05-22,113.55155066745448,115.96399309317113,112.61011026828967,115.08139038085938,3058500
2025-05-23,112.72779419438959,116.15033122279709,112.68857405478083,115.95419311523438,4430900
2025-05-27,117.65074069525595,118.68043760207193,116.57200739587122,118.63140869140625,2592000
2025-05-28,118.9060046821316,119.1413629263632,117.07215267932185,117.4251937866211,2372400
2025-05-29,118.1508866387714,118.28817956336441,116.57201052404848,117.6017074584961,1988700
2025-05-30,117.14079001565072,117.3369281054764,115.8757348753148,117.0721435546875,4057200
2025-06-02,116.70930415425323,116.85640585489317,114.89506979810265,116.56220245361328,2102100
2025-06-03,116.65045773040063,118.69024900318374,116.18955004681021,118.0626220703125,2626500
2025-06-04,118.6608327301212,119.80821254020192,118.14107986650703,119.25904083251953,2481100
2025-06-05,120.01414545627776,121.27920805628943,119.20999800687922,120.13182830810547,2823500
2025-06-06,121.67147850974273,122.04412965640775,119.74937012679672,121.12230682373047,2668600
2025-06-09,121.7793586829816,124.03489818953362,121.60283813480011,123.17190551757812,3303700
2025-06-10,123.31901028832307,124.62330062221827,122.75022100982542,124.48600769042969,3314500
2025-06-11,124.00547300239086,125.52551148580064,123.27978073404655,124.0447006225586,3488600
2025-06-12,123.01500214013679,124.40754897043035,122.33833879388136,124.27025604248047,3605600
2025-06-13,123.47592515002943,124.4860121048228,122.82868060701392,123.11307525634766,3368300
2025-06-16,124.79982054402903,126.43752694154314,124.00547432051998,126.1923599243164,2853600
2025-06-17,125.65300176690968,126.37868654552543,124.88807440474231,124.9076919555664,2788000
2025-06-18,124.71155916916913,127.55550560753066,124.56445745933611,126.17276000976562,2429500
2025-06-20,126.94747981241579,127.32993976460911,125.3784123826607,125.84913635253906,5780000
2025-06-23,126.1237190943595,127.06516701080356,124.34871230983127,126.90825653076172,1901100
2025-06-24,127.77121673361597,128.7911197503135,127.13378857103373,128.2027130126953,2723100
2025-06-25,128.4086698412618,128.4577062338424,126.53559037684713,126.93766784667969,2589400
2025-06-26,127.74181128613989,130.4386483493293,127.50646053746135,130.1640625,3019100
2025-06-27,130.83091623465882,131.55660094877652,129.77179304139466,130.59555053710938,4287000
2025-06-30,130.7622732172843,130.97802138377457,129.90909680858624,130.75247192382812,2277900
2025-07-01,130.3700257288635,133.33164771977286,130.03660215052366,132.8903350830078,2724800
2025-07-02,133.24337026009925,135.4498734900924,132.05677023614638,135.12625122070312,2874600
2025-07-03,135.4400701452682,137.19545943758578,135.19490312342563,137.05816650390625,1476000
2025-07-07,136.3815175712835,136.96010814930392,134.84186149737678,135.72445678710938,5800800
2025-07-08,136.21476166962813,136.95026257489351,135.64598747103727,136.0480499267578,3312500
2025-07-09,136.99930881185486,137.205255664211,135.3517938482269,137.09738159179688,1939700
2025-07-10,137.29351577929327,139.56867265197687,136.89143832034054,137.9505615234375,2237600
2025-07-11,136.94048766960682,137.9015381811358,136.38151465507718,137.3916015625,2107700
2025-07-14,136.90126139453994,137.3621765604284,136.2343993606519,137.19544982910156,1636100
2025-07-15,138.11729482642102,138.3722781151909,136.58745494903368,136.98953247070312,2311500
2025-07-16,137.3425557794152,138.13689446165884,135.7538634511218,137.5877227783203,3253700
2025-07-17,138.27418424023563,141.76535983109932,137.78385025356812,141.59864807128906,3394400
2025-07-18,142.1674416528602,142.47144633971132,140.72585849072874,141.44174194335938,1918400
2025-07-21,142.1380173465619,142.1380173465619,140.09822618219476,140.1472625732422,1986200
2025-07-22,140.27475013475038,142.13802839271682,139.15678916549322,141.54962158203125,2684500
2025-07-23,142.72640567041168,144.17780499826546,142.3635633203509,144.04051208496094,2996600
2025-07-24,143.94245435161943,144.71719048638255,143.36386379677046,143.981689453125,3024500
2025-07-25,144.63873668544517,146.94329763428428,143.75612645847548,146.73736572265625,2594100
2025-07-28,146.61965931981132,146.9334802453726,145.88415835980808,146.59024047851562,2528600
2025-07-29,147.10020468754215,147.36498924584558,143.3148254883638,144.75640869140625,3428100
2025-07-30,144.79563251948775,144.79563251948775,142.42241761902454,143.2363739013672,3814900
2025-07-31,143.33444945270656,144.40337406328743,142.1478344977208,142.69700622558594,4561600
2025-08-01,139.3627458073377,139.72558821987093,137.11702241795513,139.03912353515625,4078700
2025-08-04,139.73540783941857,140.37283614117223,138.87241509284038,139.86288452148438,4189900
2025-08-05,139.84327887565942,140.37283307251437,136.67571009726376,137.85252380371094,5765000
2025-08-06,128.26156897912043,131.79197998052751,121.3184448007947,131.3408660888672,12875800
2025-08-07,133.1256794687097,133.3610451729726,128.46750652229076,130.2621307373047,5119500
2025-08-08,130.63478905207845,131.57622193928867,129.25204359994464,130.1738739013672,2443700
2025-08-11,130.40923672935685,130.7426752481321,129.18340163273308,129.40896606445312,2259000
2025-08-12,129.6443206974071,130.78189929235634,128.6048148986392,130.37982177734375,3713000
2025-08-13,130.91918046739366,132.52747541915247,130.45826530160244,132.3901824951172,3274200
2025-08-14,131.66448004762537,132.44901743892433,130.2915508357068,131.77235412597656,3193400
2025-08-15,131.8491503112301,131.91807508975464,129.40750355255105,129.71270751953125,3316400
2025-08-18,129.00384103366252,130.293581691357,128.6494072250502,129.79147338867188,2781700
2025-08-19,129.95883941825733,130.77600665067322,128.5312642625485,129.55517578125,1714700
2025-08-20,129.21060643944037,129.98838384961903,128.13744998151608,128.8660125732422,2062200
2025-08-21,128.39342807945792,129.2893600360723,127.8913047735476,128.078369140625,3035800
2025-08-22,128.91523641908347,132.4595594846198,128.20636880140867,131.70147705078125,3643200
2025-08-25,131.7113381297461,132.06577199541803,130.33299255371094,130.33299255371094,2123200
2025-08-26,130.30344239469167,131.44549358562503,130.1951427533368,131.28797912597656,3381400
2025-08-27,130.91384018632453,131.7408473708487,130.50033659406242,131.38641357421875,2520300
2025-08-28,131.92792317508912,133.00106461633064,131.701483931258,132.46942138671875,3487700
2025-08-29,131.6522668638182,132.56787891000172,129.5945884828089,129.9588623046875,2345700
2025-09-02,128.25561325713997,129.37798460923054,127.08401206043749,129.34844970703125,2771700
2025-09-03,129.31891186676674,129.31891186676674,126.65081058694841,127.49751281738281,2060000
2025-09-04,127.94054000882191,131.08121445720633,127.56642628171909,131.04183959960938,2958700
2025-09-05,131.5144072389444,132.39064425472668,128.777396559407,130.50033569335938,3207900
2025-09-08,131.11076512818707,131.75072306811367,129.61426497124,130.6775665283203,2152400
2025-09-09,130.56924999643715,130.73661942968394,129.61424821280022,130.00807189941406,1590100
2025-09-10,130.60863547757236,133.36534109967224,130.3625013152927,131.60301208496094,2499300
2025-09-11,131.9377501445815,135.55099782231855,131.09104803053162,135.34425354003906,2678500
2025-09-12,135.22610202723428,135.41315135376357,132.94197000548328,133.01089477539062,1821900
2025-09-15,133.9068194016289,134.50738733681195,132.70568353126276,133.56224060058594,1770900
2025-09-16,129.5453386999663,130.81538441243958,126.02069556805671,127.0347671508789,6082400
2025-09-17,127.51720921556424,130.4708195848316,127.21200521439421,128.9743194580078,5107000
2025-09-18,129.52564540485724,130.50034214274154,128.79709786396796,129.8702392578125,3261500
2025-09-19,130.08683481396997,130.60863804643898,128.80693414037458,130.2935791015625,3774200
2025-09-22,130.4215843644122,131.92792438881565,129.74225160383057,130.78585815429688,3109300
2025-09-23,131.3273489245795,131.484878400996,128.64940791684992,129.4272003173828,2634300
2025-09-24,130.82525839966516,131.17969225835455,128.82664984236771,129.88009643554688,3712600
2025-09-25,128.06853333868523,128.66910131534385,127.33997078611715,128.0980682373047,1746600
2025-09-26,128.44267393405397,129.07277686746022,124.5931315485875,126.61143493652344,6874700
2025-09-29,127.51718712580612,128.10790008362707,126.53265050660127,127.25135803222656,3018200
2025-09-30,127.26121107490054,129.24013949758654,126.91663223645202,129.15151977539062,3589100
2025-10-01,127.94053087624779,129.59456021116839,127.56641717584972,129.16136169433594,1926600
2025-10-02,130.1951272336792,131.2781084952949,129.20073563899945,130.9925994873047,2424900
2025-10-03,131.20921262440942,133.70008931931514,131.09105800271035,132.67616271972656,2711900
2025-10-06,131.14027493250606,133.39487220772622,130.73661131235409,132.68600463867188,2218300
2025-10-07,133.6705573778009,133.6705573778009,128.86601327995373,129.4567413330078,2625400
2025-10-08,130.17545543028152,131.9673045742045,128.82664483679608,130.8843231201172,1699000
2025-10-09,131.38641764172394,132.15435505439004,128.79709637505232,129.49610900878906,1851000
2025-10-10,130.05731035960974,130.35265936560188,123.94333054731668,124.06147766113281,2712800
2025-10-13,126.59173783948364,127.72394909930333,125.68596582706016,126.19791412353516,2028800
2025-10-14,124.05162108019806,129.28936340343506,123.77595201295794,127.7633285522461,1981400
2025-10-15,129.1219820551118,130.40188276828417,126.47359095418253,128.25559997558594,2636000
2025-10-16,128.91523774641448,129.41734605458822,126.45389599937842,126.89693450927734,2430900
2025-10-17,126.4145019739926,127.84209215873858,126.03053327495734,127.28089904785156,1971800
2025-10-20,128.03898660420847,129.08259298652638,127.29072918078343,128.3343505859375,1813700
2025-10-21,127.97008281268981,131.01231279358748,127.27107013159153,130.126220703125,1779100
2025-10-22,131.1205880377858,131.47502184405707,127.88146896553683,128.0980682373047,1913400
2025-10-23,128.45250632284106,131.18951718690212,128.41311644147783,131.1304473876953,1800600
2025-10-24,132.13468143727766,132.48911526177963,130.6086464978154,130.62832641601562,1251200
2025-10-27,131.62271612002922,132.81399713499675,131.1205927796641,132.3808135986328,2325500
2025-10-28,132.7647792830697,133.76899589517242,131.76054764812926,132.43988037109375,2525800
2025-10-29,132.66632847098046,135.68886353653238,131.92792590064104,134.32034301757812,3356600
2025-10-30,133.02075085998501,137.42163100236453,132.6367821573604,134.70431518554688,3160200
2025-10-31,134.4975538148033,138.1108015567153,134.34002434361543,137.4117889404297,4636900
2025-11-03,137.20503202837472,138.87874137618007,135.72822701157511,137.8646697998047,3373100
2025-11-04,135.64946702152997,137.34287136854627,135.00952416765762,135.61009216308594,3866100
2025-11-05,127.48765078059145,133.2373409659412,126.52279408829068,130.40187072753906,4780300
2025-11-06,129.43704639181576,132.05591772533663,129.24998200758736,129.4567413330078,3634500
2025-11-07,127.99960387888842,129.2991994619676,126.49326401303384,127.48765563964844,4631000
2025-11-10,128.4032782744983,128.5411128155171,125.99116629525031,127.97993469238281,2509100
2025-11-11,128.21621126519065,128.97430873667875,127.26120945668745,127.52703857421875,1689900
2025-11-12,128.60019509618903,131.96730923028764,128.19654641585592,130.39205932617188,2564900
2025-11-13,129.3878071618867,130.6480128956458,125.9123939241677,126.47358703613281,2346900
2025-11-14,125.34139880937805,127.92218269706078,124.38225311830217,126.1522216796875,1955500
2025-11-17,125.79625404732796,128.4462543322886,125.26229640148875,125.5094985961914,2827200
2025-11-18,124.74811889402406,126.40931039668723,124.42181018713855,125.33151245117188,2235800
2025-11-19,125.24252277616253,127.53655128314271,125.09419995144933,126.7356185913086,2349100
2025-11-20,128.50559067960617,129.72182120696218,121.99921980618731,122.33541870117188,2930200
2025-11-21,122.71116975259787,127.90242346197975,122.28598166967379,126.78506469726562,3667900
2025-11-24,127.43768007765654,128.75279756234906,125.81602674199794,127.18058013916016,2982700
2025-11-25,127.49701693453034,130.90840448692313,127.19048860174507,129.43507385253906,2357300
2025-11-26,130.04813116885376,130.89850729831767,129.35596806069105,129.96902465820312,1484500
2025-11-28,130.33487688727462,132.36193781071194,130.33487688727462,131.88731384277344,1136000
2025-12-01,130.69084646313777,132.28282910282925,130.39420083009756,130.4634246826172,2517800
2025-12-02,131.01716515440611,131.11605206897787,128.77256496824594,130.3645477294922,2049700
2025-12-03,130.5128774188303,133.58807335442197,129.5339512865787,133.3804168701172,2008800
2025-12-04,133.3902919589811,135.496459387057,133.03432021181365,135.11082458496094,2675300
2025-12-05,134.81418005586815,136.5445953517075,134.4779887052308,135.85243225097656,1578700
2025-12-08,136.16886117653968,136.16886117653968,134.02313288675495,134.4087677001953,2541100
2025-12-09,133.9736934161337,135.35801953221403,133.71659350313087,133.7363739013672,1646500
2025-12-10,132.5399063791525,136.04029749095875,132.5399063791525,135.47666931152344,2651300
2025-12-11,135.4667957091286,139.27371534638297,135.4667957091286,138.00804138183594,2281600
2025-12-12,138.26512685524543,138.690307367905,134.7251897828649,135.11082458496094,2240100
2025-12-15,136.45561616506797,136.59404879533759,134.99218334678525,135.72389221191406,2074500
2025-12-16,135.82276415475752,136.07984898605193,132.17405762372516,132.58935546875,3156200
2025-12-17,132.79701336597086,133.7957047358598,129.03953723352032,130.16677856445312,3510300
2025-12-18,131.9565302540903,132.86623253202458,130.077799584795,130.1272430419922,2309800
2025-12-19,130.31510587849078,131.7785537744622,129.97891450564262,131.49179077148438,6229400
2025-12-22,132.6981264893699,134.23078301469306,132.15427867870383,133.4792938232422,2019100
2025-12-23,133.30131127987062,134.6460918449952,132.89589605267298,133.9737091064453,1816000
2025-12-24,133.94404717046226,135.71400829012342,133.94404717046226,134.77464294433594,916100
2025-12-26,134.616418911852,134.71530581933663,133.60782978999896,134.1912384033203,740100
2025-12-29,133.7957152443814,134.70541752254644,133.48918693291571,133.70672607421875,1006400
2025-12-30,133.49905944890236,134.42854205695514,132.99477243492683,133.7759246826172,2246400
2025-12-31,133.83526721435334,133.99346514375125,131.1654715814394,131.2346954345703,1895100
2026-01-02,131.7389770866521,134.86361615732886,131.19512929143573,134.3000030517578,1889400
2026-01-05,136.5347205842029,142.75432128242295,136.4556140698313,141.2513427734375,5453300
2026-01-06,140.85580398815162,144.5539541597598,140.5196126329211,143.99032592773438,2981000
2026-01-07,144.13865627400475,144.66272370650563,140.53939301349564,140.5591583251953,2780900
2026-01-08,140.5097275328854,142.49722766214208,139.82744709041734,142.24014282226562,2594500
2026-01-09,141.5479751486498,143.10041222295675,140.43063145295142,142.5862274169922,2509400
2026-01-12,141.93360661542107,144.27709369994236,141.44909996623554,143.73324584960938,2267200
2026-01-13,144.40561483446695,145.7899560569774,143.832119070196,144.712158203125,3821100
2026-01-14,144.29686288078025,146.75900225755493,144.24743451053595,146.4920196533203,4139900
2026-01-15,148.33119942708385,149.64631691301622,146.06683396311092,146.3634796142578,3013800
2026-01-16,147.28306663387374,148.88494713767417,146.93699260929338,147.78736877441406,3438100
2026-01-20,146.34370542909014,147.03586858581187,142.38847014722282,143.59481811523438,2725200
2026-01-21,145.20655740826538,148.86514642389415,144.23751406041103,147.8961181640625,2396500
2026-01-22,149.1321452407709,150.04184749438141,147.64893209266205,148.57839965820312,2061200
2026-01-23,148.08399144546695,149.68587186385017,146.017384800345,146.0272674560547,3027400
2026-01-26,146.63044872043642,147.91590316407763,146.03717249969606,147.4610595703125,1912400
2026-01-27,146.34370373707557,147.0853103438513,145.49332755778508,146.01739501953125,2543200
2026-01-28,145.95806995853232,148.01479410673116,144.78138505320473,146.75900268554688,3351300
2026-01-29,148.22243369854684,150.79334262440236,146.8776531214574,149.03326416015625,3544800
2026-01-30,147.11494673646374,149.50786181004733,144.37594260723685,145.31532287597656,4716800
2026-02-02,145.75038357054098,147.52035943770503,145.41419226313195,146.9666290283203,4534100
2026-02-03,148.32130754875638,152.3160881266725,147.87634664371484,150.39781188964844,4908500
2026-02-04,157.68533527964865,158.33795268699083,152.67206758873502,155.5594024658203,9706700
2026-02-05,152.87971971807045,154.26404591725947,148.38063693867016,149.25079345703125,5617200
2026-02-06,151.08008492854407,155.75716126160688,150.58568054485642,155.6187286376953,3400800
2026-02-09,155.76705758283038,159.2278885722581,155.33197927293247,158.21929931640625,3058200
2026-02-10,158.40716265835877,161.7097803440851,158.1599604647321,159.8804931640625,3171200
2026-02-11,161.47246512047244,163.3017521784379,152.77094546780813,152.9390411376953,7595500
2026-02-12,153.9970743127355,156.2614396255757,143.22894803739035,143.35748291015625,9898100
2026-02-13,144.62306380291264,147.88875443894875,143.03489919846749,147.0351104736328,5181300
2026-02-17,145.36753181998543,149.06003716030347,143.92825232592733,147.7498016357422,4608200
2026-02-18,149.0997238072396,152.2859884899078,148.22622351357205,150.02284240722656,3699400
2026-02-19,149.88388555928603,151.12464620133312,149.31809143643068,150.18167114257812,2254000
2026-02-20,148.95084317354102,151.12465841748838,145.298050818163,147.521484375,3140300
2026-02-23,146.24103376723036,147.50165098969168,142.73712645530753,144.43447875976562,2446400
2026-02-24,144.9307717353471,150.31070836285403,144.39476977222483,149.76478576660156,2927800
2026-02-25,150.24123443372386,150.51916362288787,145.7149417576188,147.3428192138672,2418700
2026-02-26,148.375129208578,151.6705970289161,147.06489373319428,151.5911865234375,2676300
2026-02-27,148.95083984964918,150.43975270723624,146.75718338790026,149.6357421875,2904600
2026-03-02,146.90605761276407,151.67058142940581,146.88620120193536,150.95590209960938,2504600
2026-03-03,146.43954432586577,147.78949261645525,143.78928120347416,145.4866485595703,2915700
2026-03-04,146.20131607967465,147.2038604731749,142.94556103770552,144.13670349121094,2660000
2026-03-05,141.94302620129972,143.35252856004377,139.5607716800994,141.16879272460938,3889800
2026-03-06,137.91302553067686,138.96518810295294,136.8112295048776,137.33731079101562,2060900
2026-03-09,134.96499136893937,140.4044822083093,133.6547407583584,140.07691955566406,3149000
2026-03-10,140.3548474234662,141.79414198403757,138.98505787971578,139.06446838378906,3156500
2026-03-11,138.6078505736903,138.71703811471914,136.18588340614428,138.5383758544922,2043000
2026-03-12,136.5432263864537,137.11894114894145,130.63720868711138,131.20298767089844,3356800
2026-03-13,132.42390815061083,133.78377699541434,130.84566421665585,131.26255798339844,3531500
2026-03-16,132.66213586909166,133.6448238544499,130.93500656549935,132.1062774658203,2352700
2026-03-17,132.79117002960925,133.47607234949027,129.04903157150824,131.51071166992188,3407500
2026-03-18,131.03425950570303,131.9276163583427,128.681781904496,128.92001342773438,1997500
2026-03-19,126.71641630413598,129.85306308530238,125.01904895006018,128.93984985351562,3141600
2026-03-20,128.65199684787947,129.38653263929706,125.68409935591603,127.2027816772461,3353000
2026-03-23,128.48325983805918,132.4536942451883,127.78843684601264,128.87037658691406,4006500
2026-03-24,126.795820746289,130.03172691045557,126.29951644510405,129.18800354003906,2950600
2026-03-25,131.4809410394394,131.5404951317249,128.48325884435974,129.89276123046875,3087600
2026-03-26,128.2053290890358,129.55527737695584,125.03890526432595,125.37638854980469,2484400
2026-03-27,123.70880118727,126.68662684514251,122.50774574735502,124.47311401367188,3474600
2026-03-30,125.70395039080125,125.89254844500034,121.73351605736343,122.38864135742188,2986500
2026-03-31,125.22749661328473,130.289791062374,124.3738526659632,130.05157470703125,5004400
2026-04-01,131.17321121537356,133.40658040845713,130.46846764065174,131.39158630371094,2898100
2026-04-02,127.78841940393764,132.2650781343865,127.3715256656123,130.72653198242188,2562600
2026-04-06,130.00194768491724,131.8382796269223,129.44608930026848,131.67945861816406,2897800
2026-04-07,130.77616799038324,133.9128144402219,130.458526004879,133.64480590820312,3030400
2026-04-08,140.31515084811332,143.92824550883984,139.1835776616771,141.6055450439453,4869700
2026-04-09,141.38716465876965,144.33521327173594,141.38716465876965,143.60067749023438,2344400
2026-04-10,144.56350957993453,144.69255353901627,142.60806951171764,142.70733642578125,2029400
2026-04-13,142.35000039125475,143.43194011068167,140.83131047235145,143.39224243164062,2606900
2026-04-14,144.35505016359573,144.79180033687604,142.1812502218662,143.49148559570312,1986100
2026-04-15,142.3202126510053,143.33266242352494,139.09423500165445,139.3622283935547,2565900
2026-04-16,139.64016472583748,140.7121837864316,138.32992930466992,139.33245849609375,3274100
2026-04-17,141.50626995106944,146.29065034716686,141.50626995106944,145.2682647705078,3831100
2026-04-20,144.37489968913428,145.9928563504369,143.90837249410842,145.68515014648438,2222700
2026-04-21,145.97300368236745,147.39244171422024,143.24333030557733,143.75949096679688,1706400
2026-04-22,145.26826197469572,145.94322849363385,141.49634659508894,141.7147216796875,2261800
2026-04-23,140.95042629053745,142.1018559431635,138.4589840671189,141.38717651367188,2660900
2026-04-24,141.31767135153348,141.42685889550532,139.17364844100172,140.3052215576172,2455200
2026-04-27,140.46402934248184,141.64523593096231,138.5483021262772,140.42433166503906,2595300
2026-04-28,139.33246485148564,139.74935864750955,137.05939781330656,137.39688110351562,1779300
2026-04-29,137.66488983727317,138.0718630003244,135.3322535573504,135.55062866210938,2866400
2026-04-30,136.2454588735543,139.85855378095218,136.2454588735543,139.40196228027344,2736900
2026-05-01,139.98759218360058,139.98759218360058,136.2156764060334,136.43405151367188,2759800
2026-05-04,135.98738136731404,138.43912587809862,134.4289785589344,134.45877075195312,3316600
2026-05-05,137.2976236439819,139.6302446784053,135.8881061566564,137.357177734375,4138800
2026-05-06,140.95041785613353,148.3652051339077,140.95041785613353,146.89614868164062,5843800
2026-05-07,146.8564455478456,146.8564455478456,138.81632463562434,140.04714965820312,3937800
2026-05-08,141.516214712087,141.84376222007478,138.46889905421637,140.26551818847656,2534500
2026-05-11,140.2555870371398,140.45410571212574,138.06191554163445,138.39939880371094,2487500
2026-05-12,137.83361250396104,137.9626564515517,133.50583897664742,136.26528930664062,3433300
2026-05-13,135.69951816033756,137.43658307964242,134.1014178287369,136.7417449951172,2964600
2026-05-14,136.7715393305799,137.95274604840228,135.92783106499678,136.8608856201172,2088500
2026-05-15,134.962296120043,134.962296120043,130.72666056941634,132.60031127929688,3173400
2026-05-18,132.23155381705192,132.8095953272328,130.50740522059886,131.7731170654297,2107200
2026-05-19,129.6403542077249,132.56044402143553,127.6969479076356,130.2084197998047,4044400
2026-05-20,130.9160346140493,133.5172140344196,128.99254965368394,132.4109649658203,3295200
2026-05-21,131.0954167396743,134.67329487855514,130.39778562875662,134.44406127929688,3638000
2026-05-22,135.64997351672332,137.03527496076526,134.105209193904,135.95892333984375,2950700
2026-05-26,137.28442739221592,140.69286652329458,136.34760200625772,140.49354553222656,2689600
2026-05-27,141.33070473504688,141.8987855348698,138.92884646099094,139.24777221679688,2388300
2026-05-28,138.5401727333014,142.12801164511052,137.4737969946807,141.31077575683594,2757100
2026-05-29,141.76922233864536,145.07800867617155,140.9121283650756,143.33392333984375,3868300
2026-06-01,140.18460509531545,142.11805077320534,139.6364609277872,141.17124938964844,2037500
2026-06-02,141.55991800219323,143.00502937104574,139.58661438290557,141.54995727539062,2260100
2026-06-03,139.8955683509641,142.63627381757024,139.56668187010533,140.4038543701172,2241800
2026-06-04,141.3307094496247,142.2974322692364,140.24439707120493,141.57986450195312,1838700
2026-06-05,140.45366786154224,140.68290144102988,136.82597119042933,137.65316772460938,2232600
2026-06-08,138.3807179299913,139.5268250528961,137.39405847823338,138.5999755859375,1599000
2026-06-09,139.84575115258386,142.45689116152505,137.54354575950276,141.9386444091797,2890400
2026-06-10,141.91870515874868,143.74252188229582,136.16821776620156,136.64659118652344,2952200
2026-06-11,138.42057496347294,142.11804248963463,135.95892192414195,141.60975646972656,2057600
2026-06-12,143.39371621060585,144.17107873359305,140.90216576328348,142.58645629882812,2213400
2026-06-15,145.76566454837013,149.06449017472332,144.73914696196886,146.02479553222656,2517800
2026-06-16,146.6128012785229,151.06769488172222,146.0048623355945,148.3070526123047,4229600
2026-06-17,149.30365879551175,152.24368512877356,148.16751245899914,148.49639892578125,2962300
2026-06-18,151.76532246602278,152.3633006674385,149.5727610728608,150.1508026123047,4090300
2026-06-22,150.21058707542585,151.48625962410415,148.86514381824628,149.7023162841797,2806400
2026-06-23,146.34369564829345,146.4333878098992,142.60637017589087,142.6562042236328,2925400
2026-06-24,142.76583992059045,144.2807068430391,140.42377642888417,140.9619598388672,3726800
2026-06-25,142.516682621169,146.84201045798156,141.4802043478268,144.84877014160156,3135200
2026-06-26,143.11466422870745,144.35046352186018,141.3107689250912,143.00503540039062,5831700
2026-06-29,142.50671913096772,143.56313404501046,141.12141774623342,142.33729553222656,2329200
2026-06-30,142.37715506092394,143.68272502265205,141.43036896104007,142.66616821289062,2804700
2026-07-01,141.8489468248731,142.24758879931807,138.9986126066637,139.04844665527344,2160500
2026-07-02,140.10485993349383,141.5200586955837,136.80604973085704,138.5800323486328,2654900
2026-07-06,138.5700559867057,141.26094249964703,138.11161924359965,141.08154296875,1896200
2026-07-07,139.6165181375521,140.38391993841114,136.51702875234534,137.4438934326172,2159500
2026-07-08,135.7795434154645,136.5967640831041,133.74642966307965,136.0187225341797,2838200
2026-07-09,137.64320884502268,139.02851023839256,136.26786817850564,137.33425903320312,2341400
2026-07-10,138.5700616833153,139.91550499509708,137.75284105203556,138.41061401367188,1563400
2026-07-13,137.533579478699,138.80925204279367,134.49388500674823,134.9224395751953,1742000
2026-07-14,136.8259765639597,137.5834176264198,134.08527109413947,135.63003540039062,1831600
2026-07-15,136.4871361175928,136.64659900256015,134.14508772440803,135.7895050048828,2249900
2026-07-16,133.45741495363342,138.8391579637273,133.09863107247935,138.6099395751953,2499300
2026-07-17,137.83257533069823,141.8888115966059,137.0552127990065,139.06837463378906,3253900
2026-07-20,138.9886640752823,139.5268323087258,134.7928862125369,136.11839294433594,2251200
2026-07-21,138.15148558741433,139.86567352726686,135.60014033941533,138.78932189941406,1612500
2026-07-22,138.64979502860672,140.44371439991536,138.56010286184556,139.1580810546875,1696300
2026-07-23,138.2312207703559,145.3470884967193,138.13156787319275,144.41026306152344,4274500
2026-07-24,144.4102534155392,148.67578643397403,143.84218783872245,147.4399871826172,3744000
2026-07-27,148.0977638176772,150.28034922288268,146.4234340189792,148.79539489746094,2835200
2026-07-28,148.4964052740873,151.5759579484957,147.12106457369572,151.29690551757812,2740100
2026-07-29,150.27039231946725,150.27039231946725,144.60959689121748,145.23745727539062,3601400
2026-07-30,148.7854160354894,149.10434178409622,146.25400753659352,148.1376190185547,2910900
2026-07-31,149.22393703444803,150.4896489358365,147.44995430992748,149.3136444091797,3725500
2026-08-03,150.1109304791933,154.45619518326208,149.5328889351638,154.32664489746094,3431800
2026-08-04,155.47274868973648,158.94098267171748,151.76532038901922,158.3031463623047,5333600
2026-08-05,156.7384612419855,164.3127655472866,154.97443925101106,161.92088317871094,5250800
2026-08-06,163.76462804694324,164.2928355024458,155.4727412159614,156.37966918945312,3831300
2026-08-07,157.43608450723855,158.80144923077677,156.3796695935039,157.72509765625,2826800
2026-08-10,157.89453159544783,159.26987234306134,156.81819515764832,158.17359924316406,3570200
2026-08-11,158.46261086246037,163.86429048963538,158.46261086246037,163.82443237304688,2530900
2026-08-12,165.3592135194018,165.78776809180027,162.2697001776805,163.2463836669922,2457100
2026-08-13,163.70481762018844,163.81444644313936,159.30973438984864,163.65499877929688,2695400
2026-08-14,164.25999450683594,164.8000030517578,162.3000030517578,163.1699981689453,2144400
2026-08-17,162.99000549316406,164.35000610351562,161.5500030517578,162.0500030517578,2054100
2026-08-18,161.08999633789062,161.5,157.72999572753906,157.77999877929688,2120300
2026-08-19,159.11000061035156,159.6999969482422,157.17999267578125,157.60000610351562,1554700
2026-08-20,155.77000427246094,157.25,154.0800018310547,154.72000122070312,1821600
2026-08-21,156.4499969482422,157.47999572753906,155.0800018310547,157.25999450683594,2081300
2026-08-24,157.3699951171875,158.1999969482422,156.2100067138672,157.57000732421875,1722000
2026-08-25,159.8000030517578,159.82000732421875,154.60000610351562,154.9600067138672,3112000
2026-08-26,155.5800018310547,158.6999969482422,155.5,158.2899932861328,2066500
2026-08-27,158.60000610351562,158.97999572753906,156.5500030517578,157.7100067138672,1710300
2026-08-28,158.27000427246094,158.63999938964844,154.4199981689453,155.17999267578125,1533800
2026-08-31,153.77000427246094,154.49000549316406,152.1300048828125,152.44000244140625,2285400
2026-09-01,151.47999572753906,152.25999450683594,146.97000122070312,147.6300048828125,2700400
2026-09-02,148.00999450683594,150.60000610351562,146.35000610351562,148.97999572753906,2885700
2026-09-03,150.25,151.10000610351562,147.14999389648438,150.2100067138672,1596400
2026-09-04,150.1699981689453,153.61000061035156,150.1699981689453,152.82000732421875,2036700
2026-09-08,153.17999267578125,153.9499969482422,151.6999969482422,152.14999389648438,1930100
2026-09-09,151.1999969482422,152.8800048828125,150.3000030517578,150.33999633789062,2038100
2026-09-10,148.57000732421875,150.14999389648438,146.50999450683594,148.3699951171875,2529700
2026-09-11,150.92999267578125,152.27999877929688,149.9199981689453,152.19000244140625,1901900
2026-09-14,148.3800048828125,149.6199951171875,146.25,148.3000030517578,2068500
2026-09-15,148.6199951171875,149.02999877929688,145.8300018310547,147.0,2087300
2026-09-16,148.2899932861328,148.94000244140625,144.39999389648438,145.8300018310547,2516000
2026-09-17,149.2100067138672,149.36000061035156,146.8300018310547,147.39999389648438,2031000
2026-09-18,147.60000610351562,149.99000549316406,147.1199951171875,149.9199981689453,3925200
2026-09-21,151.0800018310547,152.25,149.69000244140625,151.72000122070312,2103700
