Date,Open,High,Low,Close,Volume
2021-09-22,29.492777820114956,30.108764287616395,29.371445776696735,29.4554443359375,28813500
2021-09-23,29.838103658975523,30.220764751301623,29.55810964817531,29.968769073486328,20270400
2021-09-24,29.576778388062653,30.510092413824452,29.576778388062653,30.090103149414062,15164300
2021-09-27,30.127429468025195,31.68606852862896,30.127429468025195,31.64873504638672,22469300
2021-09-28,31.75140225406556,31.779400587274537,30.622091050620977,31.331409454345703,19761000
2021-09-29,31.52740417993723,31.760733112140002,30.715420492760327,30.902084350585938,12717000
2021-09-30,30.37009297830441,31.50873568301337,30.36075782775879,30.36075782775879,23041700
2021-10-01,30.706087579598403,30.89274786906819,29.735438408961564,30.650087356567383,16091200
2021-10-04,31.144745343229236,31.48073958031905,30.267429826630178,30.528757095336914,20137600
2021-10-05,30.510089507486338,30.57542132285199,29.6327740152069,30.052766799926758,20005300
2021-10-06,29.707434748716135,30.034095556741896,28.86745108533432,29.595436096191406,22783900
2021-10-07,30.56609685552012,32.190068148124205,30.44476478714359,32.031402587890625,37035100
2021-10-08,32.29272475427421,32.67538408391772,31.639406552675904,31.854068756103516,17625300
2021-10-11,32.946050058385154,34.13136166065074,32.862051486246095,32.88071823120117,27084300
2021-10-12,32.71272069137473,33.11404680226229,32.143397438240406,32.30206298828125,21591600
2021-10-13,32.78738319760915,33.916694397299636,32.28339183962071,33.43136978149414,26459800
2021-10-14,34.59578873561536,35.44688797978864,34.193620608038024,34.72672653198242,28961400
2021-10-15,35.6994010158398,36.485031189775704,35.17564994507359,36.138980865478516,30048400
2021-10-18,35.110189490767745,36.52245176851967,34.969896952966174,36.04546356201172,23196100
2021-10-19,36.32603701478134,36.42891771065109,35.746168218172436,36.33538818359375,16543100
2021-10-20,36.13899454010939,36.550517471755064,35.61524327116098,36.41022491455078,14281700
2021-10-21,35.57781841245565,36.03610060488766,34.3713142794392,35.93321990966797,19571900
2021-10-22,35.51236230371764,36.2979927697397,34.80155191799925,35.23177719116211,19058200
2021-10-25,35.755527308661094,37.07426360615053,35.55912061000653,36.79368209838867,19215100
2021-10-26,36.88719990597878,37.102312466530684,35.87710598826606,36.33538818359375,15564400
2021-10-27,35.04472836815576,35.82100416430605,34.45550457353395,34.60514831542969,19544200
2021-10-28,35.21306362190137,35.74616945735568,34.75477784290001,35.633934020996094,13978400
2021-10-29,35.138245217846006,35.60588223545672,34.78284008548142,35.27853775024414,16052200
2021-11-01,35.33465641933013,36.12964159141806,35.166306786077996,35.84906005859375,10873400
2021-11-02,36.09222520272989,36.24186890582309,35.4468874021006,36.054813385009766,14574500
2021-11-03,36.13898586916738,36.195103592142175,35.09148001481404,35.755523681640625,17054400
2021-11-04,36.00805973362278,36.0922345614259,34.37132974573084,34.60514831542969,16309500
2021-11-05,34.74543596376018,34.979254500345945,34.39003078916925,34.642555236816406,12536200
2021-11-08,35.493651999922164,37.2052017086792,35.44688900954505,36.87785720825195,25103800
2021-11-09,36.69080351151347,37.214558306143964,35.68070931132538,36.66274642944336,16030800
2021-11-10,36.48504045742073,37.036852309849635,34.857665548757524,35.09148406982422,24055700
2021-11-11,36.58791462253084,38.55199198828407,35.79293322044608,38.25270462036133,39436900
2021-11-12,38.03759698130513,38.90740220366628,37.747664285709845,38.56135177612305,18481700
2021-11-15,38.364941402090345,38.570702831794726,37.59801697764878,38.21529769897461,13962100
2021-11-16,38.04695155420486,38.131126367864994,36.90591598409802,37.0368537902832,19165300
2021-11-17,37.07426067968977,37.82247916392318,36.157692590530466,36.35409927368164,19209100
2021-11-18,36.36344877716255,36.4756806416952,35.25047059727609,36.279273986816406,17613600
2021-11-19,35.97998856754037,36.728206984231996,35.63393465099369,35.802284240722656,18915800
2021-11-22,34.96989695996143,36.12963837836242,34.511614662921176,35.297245025634766,19073700
2021-11-23,35.57781692829434,36.70014622456538,35.474936237366414,36.1763916015625,15861800
2021-11-24,36.167040656557994,36.49438866816839,35.755521417495984,36.148338317871094,13430300
2021-11-26,33.93174307323892,34.988603801074774,33.015174886967905,34.82960891723633,21122400
2021-11-29,35.39077164063506,35.67135315354101,34.231030201426286,35.52170944213867,17219200
2021-11-30,35.50300072187166,36.054812532947295,34.128150347127495,34.679962158203125,27056100
2021-12-01,35.35335925772752,36.04546364180666,33.83821625793865,33.884979248046875,19234100
2021-12-02,34.03461442027753,34.93247644918266,33.595034574386105,34.69865798950195,18548800
2021-12-03,34.67060307737447,35.08212230766319,33.305104043983626,34.1936149597168,20762700
2021-12-06,34.8576611642414,35.43753002456842,34.0065619973243,34.95118713378906,13602900
2021-12-07,35.727460915304306,37.04619686904477,35.727460915304306,36.26056671142578,18048200
2021-12-08,36.344755411531224,36.75627476865876,35.783588759679624,36.21381759643555,14213800
2021-12-09,35.66199861020853,36.316691123604926,35.484294266868446,35.9799919128418,11526700
2021-12-10,36.456988639282784,36.662750109215885,35.42818842519329,35.886470794677734,10018500
2021-12-13,36.11093467289034,36.36345911572447,34.82025537655623,35.194366455078125,11557800
2021-12-14,35.12888713752366,36.26991880995931,34.969888727561354,35.502994537353516,12609600
2021-12-15,34.84830609528815,35.03536160039206,33.46410106597843,34.83895492553711,23245200
2021-12-16,35.92387084836843,36.67208926506006,35.62458348169178,35.802284240722656,17549100
2021-12-17,35.78357873838525,36.176395641450654,35.11953510906,35.540409088134766,19628600
2021-12-20,34.651889794227756,35.20370141870959,34.3338965942249,34.99794006347656,13373700
2021-12-21,35.70876878081414,36.84044969194744,35.60588804929513,36.64404296875,13560800
2021-12-22,36.65338210503233,37.56995008010402,36.47568135207926,37.541893005371094,13244500
2021-12-23,37.33614240863143,38.617470564763316,37.26132233177451,38.46782684326172,17727500
2021-12-27,38.34624040659094,39.31892638536865,38.00018996775593,39.27216339111328,11409000
2021-12-28,39.094459018040034,39.50598193017786,38.94481529575021,39.27216339111328,10835200
2021-12-29,38.99157180753237,39.477914716065165,38.73904739919108,39.26280212402344,14596200
2021-12-30,39.33762837033122,40.00167209872721,38.87934250967964,38.92610549926758,12001000
2021-12-31,38.944813072551916,39.253455239036185,38.70164337563292,39.028987884521484,8793200
2022-01-03,38.79515838623047,39.32826418866164,38.61745764134893,38.79515838623047,12658000
2022-01-04,39.11316037260548,39.749147010191535,38.776461144732,39.42180252075195,14448600
2022-01-05,39.45920785509138,40.89017946780492,38.8325760022473,38.98221969604492,22270600
2022-01-06,38.79516537802131,39.18798231616808,37.6728358561855,37.906654357910156,16145800
2022-01-07,38.34624251873487,39.38439746021011,37.831842418016755,39.16928482055664,16974600
2022-01-10,38.916754328464954,39.15992401499468,38.04694916453714,38.92610549926758,12066900
2022-01-11,39.12251035816407,40.235485054834065,38.6268127472212,40.207427978515625,17291600
2022-01-12,42.0779830881047,42.50820831537443,41.301703877007654,42.22762680053711,28622600
2022-01-13,41.75842085996508,42.846954833576994,41.51444065022422,41.59889602661133,22954000
2022-01-14,40.632351956965586,41.72088597314482,40.407139997579286,41.36429977416992,19204600
2022-01-18,41.19538730197154,43.35368698469693,40.7543421619651,41.56135940551758,25895000
2022-01-19,42.26515477107421,42.6968140096309,41.33614559448697,41.36429977416992,18064400
2022-01-20,41.79596761375732,42.13378920203532,40.45406718236434,40.529136657714844,17598500
2022-01-21,39.97547554718965,40.09746744168952,38.19253388607203,38.46466827392578,24839300
2022-01-24,37.150926877896005,37.59197211445993,35.161537511992705,37.498130798339844,30985600
2022-01-25,36.897554824833726,37.40428711223894,35.677646546757174,37.18845748901367,27054500
2022-01-26,37.13215129418881,38.29575832691516,35.41489671406463,36.06238555908203,24866900
2022-01-27,36.043625485081115,36.6441956075182,34.47651304557686,34.8143310546875,24521300
2022-01-28,34.17621970777726,34.23252449139777,32.78740059558938,33.81963348388672,30157400
2022-01-31,33.7633372992484,34.964477684958936,33.44428393683395,34.926944732666016,20213700
2022-02-01,35.846554745080276,36.68172257772264,35.20844826132849,36.61603546142578,22363000
2022-02-02,36.62542761524766,37.40429445958744,35.987320960507695,36.96324920654297,19673300
2022-02-03,36.30637133173554,36.70988002407481,35.64950004623443,35.846561431884766,16367000
2022-02-04,35.687021722432405,36.43773766254533,35.38673677825879,36.05299377441406,15184300
2022-02-07,36.053002127243,37.000779610362976,35.837172497344326,36.50343322753906,13817400
2022-02-08,36.75678837323076,38.192529608534755,36.57849530099152,38.1268424987793,18641700
2022-02-09,38.849406015971155,41.101543264343334,38.72741412970126,40.8763313293457,26474800
2022-02-10,40.219469981456875,42.753128359630736,40.16316518916666,41.20478057861328,29329400
2022-02-11,39.97547559023646,41.45813584592227,39.722113040918444,40.16315460205078,23462800
2022-02-14,40.116241192385374,40.350839094095235,39.18723192655519,39.83472442626953,17130400
2022-02-15,39.88163322335031,40.99831766491969,39.262295062363094,40.979549407958984,15759100
2022-02-16,40.9138744108959,41.702123538209825,40.85757320302494,41.52383041381836,11736000
2022-02-17,41.25168710869826,41.48628497020771,40.31329566266047,40.54789352416992,12251700
2022-02-18,40.69804548343743,41.14847305279579,40.14439425824444,40.36960983276367,15846700
2022-02-22,40.360219394608855,40.77311397173859,39.22476646686154,39.750267028808594,14429600
2022-02-23,39.92855632762517,40.529126295602175,39.459360592683204,39.84410095214844,13945700
2022-02-24,38.83064876615801,41.22354683702263,38.70865684530478,41.026485443115234,20397700
2022-02-25,41.14847248754336,43.5132198789505,41.045252412806754,43.485069274902344,29087900
2022-02-28,43.25985245913135,44.49852911714143,43.18478299060224,44.05748748779297,23876900
2022-03-01,44.582985416512535,46.49730522875733,44.26393211447174,44.958343505859375,27302500
2022-03-02,45.2023182838449,45.784123609839845,44.517292896476285,45.192935943603516,19132900
2022-03-03,45.74659760321383,46.09380154681488,44.49853486317698,46.065650939941406,22678700
2022-03-04,46.037490048611936,47.351236051311666,45.64336374202628,47.02280044555664,25481300
2022-03-07,45.887340261928685,46.337767698183704,43.83226083314626,44.245155334472656,27210600
2022-03-08,43.54137995415309,45.26802096977559,43.25047721413389,43.794742584228516,23946900
2022-03-09,42.856340160934124,44.62990318870259,42.13378182108138,44.09502029418945,23418100
2022-03-10,44.71436300777137,44.89265613040705,43.49445101393986,44.77066421508789,16686600
2022-03-11,44.226398217882156,44.83635062534941,43.738434144100374,44.038719177246094,14331200
2022-03-14,43.31615269181748,43.37245747205543,41.420601379961525,41.777191162109375,21012000
2022-03-15,40.669892246177824,41.72088983997612,40.350838957743356,41.551979064941406,18570100
2022-03-16,42.48099417220878,43.897964113637094,42.180709104095754,43.560142517089844,20461600
2022-03-17,44.12316880609029,45.793504532354255,43.87918501121249,45.59644317626953,18150900
2022-03-18,45.35245672973286,46.42222232112854,45.02401760170571,45.11785888671875,27493100
2022-03-21,45.371228553391006,46.91957599303292,45.371228553391006,46.45976257324219,15327100
2022-03-22,46.86327747800353,47.651526603249565,45.699673842442266,46.7882080078125,15558200
2022-03-23,46.92896268909373,47.31370310476082,46.619295320229924,46.74128723144531,11371700
2022-03-24,47.050956213367684,48.74006044787065,46.97588674367067,48.280250549316406,18021600
2022-03-25,47.961193939039475,48.78697952679955,47.78289724891323,48.730674743652344,11525800
2022-03-28,47.97057061265441,47.97057061265441,45.93426285506965,47.17293930053711,14166900
2022-03-29,46.00934328708916,47.0040397644043,44.70497941437,47.0040397644043,15729400
2022-03-30,47.49199493679255,48.26147568931398,47.06033570092532,47.651519775390625,11190300
2022-03-31,47.46385108357177,48.111340029408005,46.675601959228516,46.675601959228516,10964400
2022-04-01,46.806969780629494,48.65559863139706,46.76005092080526,47.820430755615234,16632900
2022-04-04,48.58991547676425,48.58991547676425,47.4544625098361,47.76413345336914,12298500
2022-04-05,47.848596688656784,48.38347969733531,45.87797187486393,46.065650939941406,13805900
2022-04-06,45.896733456095454,46.00933944687267,44.51729664527494,45.09910202026367,13635800
2022-04-07,45.52137188357074,45.915498190533405,44.55482974598455,45.493221282958984,11154300
2022-04-08,45.896732477934314,46.309623488437744,45.258625910996386,45.95303726196289,9620300
2022-04-11,45.718428287978924,45.86857076266527,44.676813303732864,44.78003692626953,9370600
2022-04-12,45.64336714372257,46.28147372218579,44.90203691584914,45.04279708862305,11646600
2022-04-13,45.64524983397962,46.55834062389212,45.29695395395503,46.53010177612305,11976500
2022-04-14,46.78426595620572,47.46202349369603,46.25711801291185,46.30418395996094,12110200
2022-04-18,46.75601993711538,48.32804830274221,46.520686628977934,47.79148864746094,14267000
2022-04-19,47.132557288743854,47.93268914456647,46.80309207538196,47.66911697387695,10278500
2022-04-20,46.88781022929854,47.55615597147674,46.0123700241181,46.972530364990234,13101800
2022-04-21,45.64524757195482,45.927646808354666,41.87049950149662,42.31292724609375,31430900
2022-04-22,41.870496896937865,41.98345586629095,38.71703236998248,39.451271057128906,32547600
2022-04-25,37.672157312869075,39.611305111761475,37.239144877191606,39.2065315246582,31955300
2022-04-26,39.0559248573022,39.3759783611283,37.728644889562034,37.822776794433594,18707700
2022-04-27,39.63013678671485,40.392618173517796,39.08416525328601,39.24419021606445,22816500
2022-04-28,39.43244955061413,39.96900921968817,38.16165109036539,39.38538360595703,15184900
2022-04-29,39.987847913282586,40.94800854454574,38.011048937148246,38.17107391357422,17202000
2022-05-02,37.59685519547906,38.26520464731431,36.73083017977432,37.822776794433594,21723800
2022-05-03,37.97338480705246,38.49111739489296,37.4838910686337,37.794532775878906,16184300
2022-05-04,37.91689593361042,38.98060333686426,36.93791224347936,38.87705612182617,17667500
2022-05-05,38.60407485233371,38.66997148320664,36.58962227971414,37.314449310302734,22061300
2022-05-06,36.87201658046883,36.90967076707861,35.394123869593365,35.65769958496094,22379500
2022-05-09,33.9821363942771,34.78227198804395,33.27613630084279,33.43616485595703,30392800
2022-05-10,34.48104356740622,34.48104356740622,32.937257360579956,33.953895568847656,26543200
2022-05-11,35.064658773681586,35.60121836563095,33.71855212274872,33.80327224731445,22542800
2022-05-12,32.29715481984795,33.436167533310254,31.468780305101518,32.32539367675781,27193400
2022-05-13,32.73015737238326,33.69972946602475,32.56071710094476,32.984317779541016,18988000
2022-05-16,33.097275674266484,34.0103700413118,32.89018121801259,33.08786392211914,17882500
2022-05-17,34.91404921681865,35.60122203539616,34.41514376011609,35.43178176879883,22673600
2022-05-18,34.97994618074554,35.39413155063472,33.059625337719815,33.266719818115234,18276000
2022-05-19,33.53970807681225,35.38472057059127,33.53970807681225,34.56576156616211,18860200
2022-05-20,35.12114668416386,35.29999871827857,33.41733211997038,34.179813385009766,21630900
2022-05-23,35.394135726829234,36.37312336124461,34.89523015526655,36.100135803222656,19211900
2022-05-24,35.69535522995088,35.71418232591895,34.55634285564284,35.28116989135742,15922900
2022-05-25,34.895218664038154,35.82714003798645,34.76343260105375,35.610633850097656,12859800
2022-05-26,35.422367436791745,36.439005371432515,34.81049945298594,36.23191452026367,10011800
2022-05-27,36.79670856031063,37.37092228743009,36.42958925042128,37.323856353759766,11914400
2022-05-31,37.700398614618614,38.59466598363936,36.42018472939753,36.78730773925781,16890100
2022-06-01,37.01322295874662,37.63450275769378,36.57079518387922,37.314449310302734,12817600
2022-06-02,39.328896664940295,39.790151474445395,38.83940301088008,39.27241897583008,19239100
2022-06-03,38.622897327543384,39.47951033559477,38.594658482620005,38.90530014038086,13459900
2022-06-06,39.3947892590952,40.449084928866625,39.23476435385717,40.27022933959961,15137400
2022-06-07,39.771332501291496,41.06095813552589,39.67720060628814,40.844451904296875,12694800
2022-06-08,40.41143505093307,40.60911416350226,39.57364906736736,39.72426223754883,12373400
2022-06-09,39.70543525736975,39.79015539027343,38.12399517043515,38.142822265625,13547900
2022-06-10,36.9002606412791,38.02986115302355,36.67433910256979,37.85100555419922,23307200
2022-06-13,35.949517390364285,36.2601591026176,34.17039803008167,34.989356994628906,30274600
2022-06-14,35.281165125918555,35.44119362458138,34.311593155382205,34.65988540649414,16368800
2022-06-15,35.299993621495624,35.36588665565033,33.784446654135245,34.73519515991211,17094500
2022-06-16,33.39850123647672,33.9162337741325,32.47599513880433,32.82428741455078,20474600
2022-06-17,32.51364894865872,32.946661350303586,31.459353200000205,31.835887908935547,30089700
2022-06-21,32.24065612122734,32.73014972536279,31.92060274894264,32.03356170654297,13634400
2022-06-22,30.357993584317356,30.357993584317356,29.341353870986143,29.482553482055664,31329200
2022-06-23,28.67300821192568,29.058956473071603,27.176290086089203,27.835222244262695,41337600
2022-06-24,28.01407750461866,29.171916961669922,27.43986365230595,29.171916961669922,35347200
2022-06-27,29.727303270518338,29.755543913722562,28.917756119837044,29.200157165527344,17053700
2022-06-28,29.689650911684367,30.405062585901486,28.88010376000362,28.9742374420166,22635000
2022-06-29,29.44490493889776,29.46373023950391,28.230584174991566,28.512985229492188,15424300
2022-06-30,27.97642369033706,28.296477140651373,27.289250845141915,27.543411254882812,21029200
2022-07-01,27.195116255128916,27.55282388554755,26.28202367460354,27.48693084716797,22967500
2022-07-05,26.2067208033352,26.329093349750636,25.048881205097224,25.660747528076172,35842200
2022-07-06,25.52895945493784,25.971385452105125,24.6723445145872,25.773704528808594,35581200
2022-07-07,27.590476512645207,27.806984520433538,27.091571049036702,27.505756378173828,24755700
2022-07-08,27.49634465343479,27.50575820182803,26.347918681221017,26.357332229614258,17509200
2022-07-11,25.463062011688596,25.7078088559695,25.18066277353017,25.331275939941406,22219500
2022-07-12,24.804130650151535,25.5195441111922,24.49349076007012,24.757062911987305,25721900
2022-07-13,24.248746138803064,25.36893327385791,23.881626724600963,24.888853073120117,26774600
2022-07-14,23.951610778251336,24.04628154057812,23.478258772312024,23.752803802490234,31890900
2022-07-15,24.036816109720288,24.73737691504486,23.55399681030172,24.443899154663086,29197400
2022-07-18,25.598880920590044,26.621321323886104,25.57047914621979,25.958627700805664,29351200
2022-07-19,25.84502015415484,27.08520377469923,25.807152930659772,26.98106575012207,22850400
2022-07-20,27.000005902390328,27.681632318879263,26.71599354124863,27.047340393066406,25186600
2022-07-21,26.971601102455033,27.50175492254378,25.930226173009558,27.369216918945312,27566100
2022-07-22,28.050841796671367,28.35378862662328,26.214237135688805,26.280506134033203,20926700
2022-07-25,27.01893692895745,27.094673187667915,26.48878131228935,26.78226089477539,16260800
2022-07-26,26.71599341388208,27.151478309945176,26.299444841972242,26.441450119018555,14626600
2022-07-27,26.488782007513233,27.842569247477254,26.280507742016802,27.728965759277344,17466300
2022-07-28,28.344322818485292,28.770338603498594,27.615360188026813,28.240184783935547,18827100
2022-07-29,28.448456982280263,30.03892013121331,28.183380994587914,29.868513107299805,26279200
2022-08-01,29.205820204868672,29.366759965052182,28.10764365503814,28.382186889648438,17320500
2022-08-02,28.05084287138323,28.391656939577505,27.000002503942305,27.76683235168457,17031900
2022-08-03,28.02244072624628,28.02244072624628,26.9810658920797,27.160940170288086,17600000
2022-08-04,27.284010829419202,27.870968143472577,27.00946758988233,27.227209091186523,12475300
2022-08-05,27.094674815586043,28.874477905064573,26.981069517847224,28.656736373901367,17881000
2022-08-08,29.291026008190553,29.9726523252338,28.789272174030017,28.988080978393555,15915700
2022-08-09,29.054351522747766,29.111153267431106,28.164449096132532,28.44845962524414,12976800
2022-08-10,29.30995877461934,29.906383383161543,28.95967926037883,29.72650909423828,17104900
2022-08-11,30.37973826193563,31.08030096677567,29.85905166839517,29.98212242126465,14663700
2022-08-12,29.575041025658013,30.001058667239942,29.404633969025245,29.934789657592773,10878800
2022-08-15,28.618866825424284,29.111153430626043,28.173916512469763,28.87447738647461,16050600
2022-08-16,29.300492513204784,29.7927772711282,29.092216456299912,29.717041015625,11931700
2022-08-17,29.05435247869473,29.0638197374026,28.41059333211954,28.637802124023438,12467000
2022-08-18,29.06381690126063,29.726508694888967,28.921809840195113,29.565568923950195,12556200
2022-08-19,29.253154637711646,29.36675991764973,28.43899038665161,28.827138900756836,13799000
2022-08-22,28.306452430386436,28.31591968813721,27.7289641531475,28.268585205078125,14027500
2022-08-23,28.855542267602008,30.332402052397576,28.770338749029385,30.095726013183594,18021900
2022-08-24,29.4140979620769,29.96318630264515,29.253158182650264,29.650774002075195,10531400
2022-08-25,30.199862198404684,31.477913169430302,30.199862198404684,31.4589786529541,18058800
2022-08-26,32.01753406440043,32.0838030659899,30.332401833028747,30.47440528869629,15736100
2022-08-29,29.792776663908928,30.322930441626035,29.45196442393815,29.821178436279297,12645500
2022-08-30,29.480364806338265,29.53716835188003,27.861501677987786,28.173913955688477,19734800
2022-08-31,28.117112635635312,28.315919630915456,27.55855706933189,28.022441864013672,19624100
2022-09-01,26.97159967603251,27.0189359645963,26.11009908681412,26.592918395996094,19731900
2022-09-02,27.340815407848442,27.577491448381284,26.649721802859307,26.79172706604004,13699900
2022-09-06,27.047334558408377,27.37868133874794,26.365708288960036,26.621318817138672,14929200
2022-09-07,26.166901325379648,26.96213293143761,25.845021779799293,26.867462158203125,13627400
2022-09-08,27.056803704895472,29.007013688484758,26.933732963675997,28.988080978393555,21393900
2022-09-09,29.631841288059274,30.55961098792348,29.470901498842423,30.455472946166992,17883000
2022-09-12,30.90989414862986,31.032963096714813,30.19986417974787,30.455472946166992,12635900
2022-09-13,29.111150176096505,30.019985217299713,29.016479407880823,29.395160675048828,17693700
2022-09-14,28.893408239039978,29.063815258128756,27.95617143974639,28.429523468017578,20529700
2022-09-15,28.259117202380104,29.21528854166493,27.927770412616887,28.192848205566406,13837400
2022-09-16,27.710030608883805,28.060310129465833,27.16094227995684,27.76683235168457,27657400
2022-09-19,26.962131968658316,28.988079943031224,26.962131968658316,28.865007400512695,18022100
2022-09-20,28.3253869999197,28.344321515457366,27.795233204728564,28.136045455932617,14182100
2022-09-21,28.334856995783547,28.38219148350702,26.583453864590634,26.602388381958008,18878100
2022-09-22,27.22721027564298,27.501753527123224,26.64972019378848,26.839061737060547,16103400
2022-09-23,25.655681979474213,25.797687236148917,24.64270886131458,25.258066177368164,26058200
2022-09-26,24.784712914090804,25.807153240457133,24.727911175318987,25.087657928466797,17105500
2022-09-27,25.655680188936664,25.87342168768778,25.002453886988633,25.437938690185547,15322300
2022-09-28,25.532611334452238,26.498250040870285,25.381138808625284,26.375179290771484,14899300
2022-09-29,26.488782999824178,26.69705907881784,25.419008051674282,26.668657302856445,17580400
2022-09-30,26.3657091812341,26.90533022185451,25.83555539816603,25.873422622680664,16108400
2022-10-03,26.555051186988415,27.899371177617574,26.40357866458188,27.77630043029785,16515200
2022-10-04,28.448459561587313,29.338361986211282,28.353790589225216,29.139554977416992,17325900
2022-10-05,28.401122353694454,29.13008492747268,28.012973825982872,28.883941650390625,13118100
2022-10-06,28.117115121238005,28.476861918368755,27.67216299699017,28.2307186126709,18258700
2022-10-07,27.833103132846897,28.259120745338954,27.227213022364833,27.407087326049805,12667300
2022-10-10,27.757365173750912,28.50526231318236,27.5680254286367,27.700563430786133,11617700
2022-10-11,27.1420014927384,28.268579664548668,26.725451261820464,27.624820709228516,13833900
2022-10-12,27.359745919167516,27.426014911904176,26.611850679532107,27.30294418334961,15818400
2022-10-13,26.35129368668626,28.368798684594992,26.17047896017799,27.940555572509766,16285500
2022-10-14,28.00716808051945,28.04523328383235,26.23709165565365,26.303707122802734,13972100
2022-10-17,27.16019865180477,27.950071184589962,27.10309812042117,27.426660537719727,13874400
2022-10-18,28.03572105752029,28.140403560025828,26.484526107913844,27.11261749267578,14492100
2022-10-19,26.74147283344977,27.34101394426932,26.52259288943117,26.988903045654297,12703600
2022-10-20,26.988902987541337,29.12060733217229,26.798571496982873,27.712160110473633,26954400
2022-10-21,27.731187731343045,30.576633839761577,27.398110394526643,30.48146629333496,27259400
2022-10-24,29.615464483416435,30.25307254666411,29.14915256458278,29.548847198486328,19179500
2022-10-25,29.082537820465753,30.462434656012103,29.073021065238272,30.138874053955078,15134000
2022-10-26,30.919231829973416,32.13734746415613,30.77648231584909,31.72813606262207,19799800
2022-10-27,31.69958687920985,31.73765026919506,30.82406356467442,31.15714454650879,14606700
2022-10-28,30.61470505475057,30.843103594294128,29.92951669666315,30.64325714111328,13156900
2022-10-31,30.205491357198056,30.805032451804284,29.872412164578783,30.157909393310547,13138500
2022-11-01,32.061211851998685,32.10879744122405,31.109558151823673,31.30940818786621,16684600
2022-11-02,31.090527475055296,31.775719363300404,29.463200370744264,29.510784149169922,20061600
2022-11-03,29.073020649002792,30.13887362245989,28.816075522081327,30.034191131591797,15062200
2022-11-04,33.02238494554312,34.040654139699356,32.470424043148455,33.48869323730469,30363400
2022-11-07,33.27933769227903,33.526766106339444,32.47042970768196,32.78447723388672,12396400
2022-11-08,33.11754849548293,34.459380085972306,32.670273718833684,33.74563980102539,18453300
2022-11-09,33.20319599209443,34.031133669182864,32.04217735207637,32.38477325439453,14161900
2022-11-10,34.135825387083415,35.17312831400267,33.983560903786625,34.97328186035156,21126200
2022-11-11,35.91540948411517,37.36191980267084,35.91540948411517,36.200904846191406,22053500
2022-11-14,35.667977221054045,36.67673136455994,35.477645771111554,36.05815505981445,14006700
2022-11-15,36.40075382583889,36.581566720952125,35.753629022957874,36.24848937988281,15132100
2022-11-16,35.53474792361917,35.8583103142681,35.1921520240767,35.57281494140625,12620100
2022-11-17,34.06921099551556,34.65923543343537,33.60290258870324,34.60213851928711,13618400
2022-11-18,34.687774211976695,34.897135533980034,34.09775000043396,34.583091735839844,9136200
2022-11-21,34.278568696275265,34.602131118238425,33.44111237526398,34.38325119018555,10425300
2022-11-22,35.201671977253305,36.05815812950287,35.03037402074924,36.02960968017578,11848000
2022-11-23,35.353933698914695,36.34365071209428,35.30634811334325,36.200904846191406,8632400
2022-11-25,36.04864587382265,36.20091033202193,35.29683852322011,35.353939056396484,5219800
2022-11-28,34.763908164252435,35.10650407379376,34.37373029622387,34.440345764160156,10420000
2022-11-29,35.27779928917857,35.84879000722847,35.12553485568056,35.69652557373047,8912700
2022-11-30,36.476891555572585,37.87582015991211,35.95347906624812,37.87582015991211,23334200
2022-12-01,37.96147323039682,38.15180473514874,36.83852134565914,37.656944274902344,12098000
2022-12-02,36.819483745977024,38.34213198473931,36.581570299008334,38.275516510009766,15008700
2022-12-05,38.351646141358856,38.6371415458313,36.83851650435678,36.981266021728516,12200500
2022-12-06,37.171599480603845,37.93292180982264,36.35317661534193,36.60060501098633,14971800
2022-12-07,36.49592490632196,37.29531431205646,36.40076097027297,36.686256408691406,12273600
2022-12-08,37.752105811642124,38.1137352846491,37.380961397624745,37.93292236328125,12677600
2022-12-09,38.13276661457377,38.59907856336416,36.6767374951364,36.72431945800781,10601800
2022-12-12,36.26752374840773,37.05739444605337,36.03912525892862,37.00029754638672,9557200
2022-12-13,39.103455249593736,39.17007072595975,36.89561869790864,37.3619270324707,12513200
2022-12-14,37.143041608393084,37.961464346096975,36.98126222689242,37.523704528808594,11163700
2022-12-15,36.553016117297936,37.02884293664848,35.91540992189806,36.30558776855469,11046700
2022-12-16,36.324627011654826,37.162083446094755,36.02009805918057,36.50544357299805,29060700
2022-12-19,36.68625003208627,36.85754799141754,35.296836477751135,35.55378341674805,9245700
2022-12-20,35.82976160654495,36.53398327915206,35.82976160654495,35.97250747680664,7608100
2022-12-21,36.514957105688985,36.97175051677624,36.28656221528102,36.59109115600586,7266700
2022-12-22,36.20090365936619,36.20090365936619,35.06843355687011,35.84878921508789,11351300
2022-12-23,36.039127118910024,36.277040560522025,35.51571827341783,36.25800704956055,6598000
2022-12-27,36.80044750674094,37.3619233451783,36.5530191375535,37.00029754638672,10559300
2022-12-28,37.009817624869264,37.095466616532015,35.763153405443134,36.048648834228516,8305500
2022-12-29,36.2865610618102,36.70528743442861,36.21994558503616,36.45785903930664,6455800
2022-12-30,36.162841796875,36.362688209224295,35.64894791060176,36.162841796875,6820100
2023-01-03,36.115260149624426,37.18111132167027,35.77266422247053,36.086708068847656,8576100
2023-01-04,36.162844340006515,37.25724766029938,35.89638243813533,37.114498138427734,10415600
2023-01-05,37.01933377093402,38.32309844280749,36.79093526470681,37.91388702392578,12341000
2023-01-06,38.74182383436808,40.54044886624018,38.580044437130105,40.23591995239258,16483800
2023-01-09,41.11144161098552,42.04406182505748,40.75933074951172,40.75933074951172,17009500
2023-01-10,41.14951045780917,42.65312152102972,40.930626896891475,42.548439025878906,16052500
2023-01-11,42.843452809069504,43.17653017372483,42.09164546568062,43.12894821166992,18910300
2023-01-12,43.47267737032911,43.778217538672415,42.24097016021282,43.06210708618164,12834900
2023-01-13,42.73746924034506,43.37719645751788,42.470122509642046,43.014366149902344,11109600
2023-01-17,42.661087149145324,43.148040656133674,42.05000681005166,42.15503692626953,12644000
2023-01-18,43.23398015911437,44.284277827220706,41.90678917737082,41.93543243408203,19797400
2023-01-19,41.12383806587076,42.46057910255887,41.037904661479,42.14548873901367,13731200
2023-01-20,41.868593516388806,43.386747961000395,41.410283221718984,43.35810470581055,12365100
2023-01-23,43.195792692322826,43.491782740495516,42.13594842896773,42.91889572143555,11735800
2023-01-24,40.770559256093094,43.44403777534111,40.770559256093094,42.575157165527344,9720800
2023-01-25,42.23142252844559,44.61845751406196,41.98317249256508,44.53252410888672,18821700
2023-01-26,44.17924465114034,44.37975471895202,42.26006645258165,43.396297454833984,15945700
2023-01-27,42.95707809675147,43.48222500268883,42.661084482487254,42.79475784301758,10871300
2023-01-30,42.36509460649151,42.985725140661636,41.964074489514786,41.99271774291992,8850300
2023-01-31,41.72537081694621,42.823404686510514,41.46757061044167,42.603797912597656,10931900
2023-02-01,42.269613074631906,43.27216697163383,41.228865746311065,42.785213470458984,13159900
2023-02-02,42.67063781682267,42.909341325035136,40.88513659524485,41.734920501708984,14696200
2023-02-03,41.41982277025451,42.75655987602022,41.01879908889694,41.20976257324219,13162800
2023-02-06,40.76101219652079,41.152485827782066,40.25496189429508,41.0092658996582,11026500
2023-02-07,41.07609295584547,41.86858657068252,40.426819235524924,41.715816497802734,12585600
2023-02-08,41.3339034557295,41.62989349701938,40.95197635701944,41.07610321044922,6826000
2023-02-09,41.98317484363503,42.088204971656076,40.65598390008146,40.99971389770508,9417800
2023-02-10,40.770555921802654,40.79919917442691,39.920772098905736,40.445919036865234,8030400
2023-02-13,39.91122451857963,40.570048510445076,39.443367697730906,40.207218170166016,8600600
2023-02-14,40.07354607730364,41.20022692613259,39.6629757522731,41.037906646728516,9376200
2023-02-15,39.853938223112095,40.47456514177275,39.462464626246444,40.3981819152832,10787200
2023-02-16,40.41727984305913,41.50576726000355,40.054449489968825,40.82784652709961,11010300
2023-02-17,40.21676576387912,40.22631594384398,39.338338608087746,39.853939056396484,11621300
2023-02-21,40.560494046409,41.477114516510376,40.47456064969162,40.73236083984375,15233000
2023-02-22,40.130825651585226,40.56049262006249,39.586582038955974,39.90167236328125,9818800
2023-02-23,39.84438874004486,39.96851558287796,38.13527076483087,38.75590133666992,12760600
2023-02-24,37.581481760219845,38.135272017706974,37.24729465581713,38.08753204345703,11207300
2023-02-27,38.32623541906748,38.774999188519914,38.01114867629086,38.29759216308594,8130300
2023-02-28,38.6795152250604,39.4911093458681,38.31668851170434,39.11873245239258,11700900
2023-03-01,40.67507595480975,41.429379907730414,40.41727937364458,41.057003021240234,14042800
2023-03-02,39.97805415178969,41.01880137503439,39.97805415178969,40.885128021240234,9786500
2023-03-03,41.228869890935364,41.897240436901455,40.80875303117239,41.7540168762207,10232200
2023-03-06,41.07609121955448,41.07609121955448,40.67506751874271,40.7991943359375,8697800
2023-03-07,40.28360085783706,40.398181158915676,38.17346281771107,38.32623291015625,16238900
2023-03-08,38.335779745488246,39.5674869148607,38.335779745488246,38.70815658569336,9938600
2023-03-09,38.67950162871877,39.05188203362431,37.11360773359891,37.40005111694336,11896900
2023-03-10,37.38097215032838,37.72470215462137,36.0442310006581,36.168357849121094,18172000
2023-03-13,35.40450275427685,36.588470003878165,34.66929558109767,35.910552978515625,18949400
2023-03-14,37.084971598641395,37.22819513893794,35.891454237256596,36.32112121582031,17198000
2023-03-15,34.602466449343595,34.75523656787444,33.351658599772485,33.90544891357422,26465400
2023-03-16,33.590353473192444,34.50697394794081,33.30391003012433,34.468780517578125,25292000
2023-03-17,34.59291076660156,34.84116444618721,33.87680026693939,34.59291076660156,18290700
2023-03-20,35.309022041928024,35.92010243229167,35.08941525428649,35.75778579711914,11952500
2023-03-21,36.24474165420431,36.69350543798727,35.958298158262146,36.531185150146484,11516000
2023-03-22,36.617110948305815,37.60057172436757,36.07286732649802,36.130157470703125,12672800
2023-03-23,36.52163389566889,37.49554456996587,35.700493308967935,36.082420349121094,15292600
2023-03-24,35.68140005900241,36.48344400737776,35.089416367350246,36.29248046875,13894800
2023-03-27,36.588472818262126,36.63621279061841,35.700495491594886,36.26383590698242,12486000
2023-03-28,36.63621139526367,36.87491489028006,36.37841118356682,36.63621139526367,6945900
2023-03-29,37.23775053175083,38.011151277109455,37.14227057706167,37.657867431640625,11948800
2023-03-30,38.564939208115916,39.290599931678045,38.22120556456823,38.38352584838867,12550600
2023-03-31,38.44080897439161,39.242852857906136,38.4121657207281,39.061439514160156,11181300
2023-04-03,39.271504065174234,39.48156068564402,38.64132691911157,39.338340759277344,10302400
2023-04-04,38.91821817113429,38.95641160640526,37.915664170393356,38.44081115722656,12783000
2023-04-05,38.06843702339046,38.584037509872694,37.78199352278702,38.498104095458984,10516000
2023-04-06,38.41216556956632,38.63177234555027,37.76289177868932,38.46945571899414,8095600
2023-04-10,38.19255788990687,38.55538820971231,37.7437941691561,38.31668472290039,9373900
2023-04-11,39.16646570974741,39.63432247023037,38.96595566954043,39.2714958190918,11684300
2023-04-12,39.41472154390001,39.77755189101858,39.02324794175217,39.2619514465332,9918400
2023-04-13,39.98068419334338,41.45647843939911,39.875269535269055,41.15940475463867,17383700
2023-04-14,41.33190860998069,41.648148988273725,40.62275764804777,41.36065673828125,11637600
2023-04-17,41.07315687293,41.25523441117844,40.00943245508651,40.36400604248047,12149100
2023-04-18,40.651502882323896,41.226490997037125,40.632339901929285,41.16899108886719,14166400
2023-04-19,40.3448408283677,40.66108481481714,40.095681890645935,40.14359664916992,11655000
2023-04-20,39.47278183392023,40.047769943558635,39.35778567425735,39.63569641113281,11494200
2023-04-21,38.13114638689933,39.00320812591242,37.25908464788625,38.00656509399414,22431500
2023-04-24,37.556166800657095,37.90115897836764,36.84701946261871,37.88199234008789,12908000
2023-04-25,36.597844354144144,36.684092369192705,35.55328668551658,36.17618942260742,20736100
2023-04-26,36.406194739007205,36.46369099343004,35.5245477293481,35.725791931152344,10484500
2023-04-27,35.639538216318854,35.92703406528229,35.150801853271844,35.907867431640625,10761200
2023-04-28,35.48620760572283,36.3486878121943,35.371211463413786,36.32952117919922,9463200
2023-05-01,37.23991587693494,37.23991587693494,35.792866169163304,36.061195373535156,9629300
2023-05-02,35.505374938394,35.62995622748633,34.72914639293461,35.074134826660156,10714600
2023-05-03,35.16996894304006,35.534127675631446,34.76747694266819,34.81539535522461,12554000
2023-05-04,34.671651246148905,34.815399188321244,33.31084933541338,33.75167465209961,19129300
2023-05-05,34.41290723037481,35.18913953987032,34.269159287840154,34.949562072753906,13540300
2023-05-08,35.64911850416713,35.85994413417963,34.9303862910011,35.03580093383789,9274700
2023-05-09,34.78664167866589,35.38079267420121,34.65247890441547,35.13163375854492,11133300
2023-05-10,35.409547947429786,35.45746270644127,34.02957949166367,34.729148864746094,11944500
2023-05-11,33.31084319341534,33.50250586241818,32.8604401252692,33.10001754760742,17097700
2023-05-12,33.2533507252833,33.5312614440918,32.937106737191876,33.5312614440918,10943100
2023-05-15,33.76125697229097,34.738733498372916,33.50251286341674,34.62373733520508,13039800
2023-05-16,34.45123594633967,34.786642893680686,33.70375186194012,33.780418395996094,12940400
2023-05-17,34.81539251198916,34.99747003558449,33.93374570334668,34.32665252685547,14459700
2023-05-18,33.65583488798314,34.364985658619915,33.37792785949886,34.19248962402344,9791600
2023-05-19,34.527902069477975,34.72914991245631,33.95291763267046,34.24040985107422,8720600
2023-05-22,34.23082385610184,34.537482669461156,34.11582405934604,34.13499069213867,6280800
2023-05-23,33.75167243618785,33.770839070929945,33.07126969765983,33.23418426513672,11101800
2023-05-24,32.67835929645704,32.707111073296865,31.6721348429366,31.825464248657227,17677500
2023-05-25,32.00754408155148,32.33336951192636,31.6817186511766,32.22795486450195,12397000
2023-05-26,33.41626409490887,33.665426707918684,33.03294234086136,33.3204345703125,14099700
2023-05-30,33.27251372694155,33.29168035949023,32.42920017310653,32.802940368652344,13296500
2023-05-31,32.32378994959432,32.98502241262243,31.921301577923792,32.90835952758789,16890300
2023-06-01,33.40667578436273,34.39373357770203,33.23417975077666,33.99124526977539,14008700
2023-06-02,35.735374803353324,35.994118898777685,35.09330530974577,35.63954162597656,20451100
2023-06-05,35.88870693600928,35.88870693600928,34.75790094738127,35.49580001831055,10166900
2023-06-06,35.380797109970224,36.23369592800606,35.380797109970224,36.1666145324707,8924700
2023-06-07,36.214537264210165,36.71285892334914,35.965374606809334,36.00370788574219,15290200
2023-06-08,36.30077299370596,36.482850523346904,35.850366258267144,36.2624397277832,9407100
2023-06-09,36.2241081157035,36.463685555166705,35.984530676240304,36.31035614013672,9268800
2023-06-12,35.90786395690488,36.597844422928944,35.34246111400416,36.24327087402344,10721100
2023-06-13,37.60407905431859,38.44738906628711,37.53699400351518,38.15989685058594,17147800
2023-06-14,38.90736936867201,39.05111727489311,37.87239687312782,38.38988494873047,10557700
2023-06-15,38.34197256958821,38.82112745809207,38.21739493065362,38.4090576171875,12694600
2023-06-16,38.13114878184778,38.4761409034618,37.92990459612689,38.22697830200195,16144200
2023-06-20,37.901148591604056,38.00656324542268,36.97159065158648,37.75740432739258,11959300
2023-06-21,37.345337082342205,38.3707283584396,37.28783717367487,38.11198425292969,10526700
2023-06-22,37.84365322445518,38.11197878172553,37.51782776677195,38.064064025878906,10897100
2023-06-23,36.875762262687026,36.94284365913988,36.319944455554506,36.770347595214844,12456600
2023-06-26,36.83742137077358,37.92031229123949,36.83742137077358,37.63282012939453,9130600
2023-06-27,37.920319436951814,38.82112935532447,37.805323281676166,38.72529983520508,12084700
2023-06-28,38.09281436819978,38.09281436819978,37.14408606223646,37.58491134643555,14802000
2023-06-29,37.307003341108725,37.75741014752135,36.9907593309053,37.70949172973633,10597100
2023-06-30,38.24614561430972,38.41864167817075,37.79573881915457,38.332393646240234,12637600
2023-07-03,38.72528876796899,39.587768825204265,38.600707502888156,39.06069564819336,6915700
2023-07-05,38.50488723312222,38.53363535669575,37.163252079545025,37.54657745361328,13610800
2023-07-06,36.69367989478289,37.00033871138131,35.64912215835031,36.32952117919922,17541100
2023-07-07,36.45411020674225,37.50824965568455,36.23369936398749,37.02909469604492,11158400
2023-07-10,36.64576467077109,37.383659925492914,36.62659803802149,37.35491180419922,9122300
2023-07-11,37.699907901829924,38.16948131510621,37.33574915208475,38.054481506347656,11554100
2023-07-12,38.90736959684986,39.34819480587135,38.725292082808274,39.022369384765625,11778100
2023-07-13,39.618717475725994,40.62866590114954,39.618717475725994,40.474769592285156,16155700
2023-07-14,40.484390230746165,40.484390230746165,39.34940347251498,39.51292037963867,13132300
2023-07-17,38.53183356171542,38.98390198912017,38.31060780592627,38.91657257080078,8037400
2023-07-18,38.67610934309749,39.31093219428217,38.5318335905244,38.86848068237305,8934200
2023-07-19,38.58953483453809,39.185886235926645,38.24326722577762,39.118553161621094,15002500
2023-07-20,40.15736006644804,40.88836668315954,39.73414609563378,40.29201889038086,17041800
2023-07-21,40.70561587259082,40.70561587259082,38.9550438262775,39.060848236083984,11550700
2023-07-24,39.16664901196447,40.99416721546472,39.12817401757228,40.49400329589844,16669400
2023-07-25,41.340438870692196,42.56199254331,41.24425504448012,42.023353576660156,19515400
2023-07-26,41.58090592597231,42.27344127970026,41.26349633496574,41.7540397644043,12767000
2023-07-27,42.02335362904672,42.64855950773792,41.532810244069175,41.638614654541016,13403200
2023-07-28,42.20610807163697,42.20610807163697,41.36929337129404,41.96564483642578,9641100
2023-07-31,42.408092646124196,42.99482347643613,42.35038015375373,42.94673156738281,10282600
2023-08-01,42.01373291072169,42.40809243366721,41.754032200121856,42.08106231689453,9046100
2023-08-02,41.32120516233657,41.60976033662203,40.59019847620152,40.946083068847656,10714400
2023-08-03,40.907600512801245,41.74441513362701,40.55171598587591,41.40776443481445,8557900
2023-08-04,41.26349627610227,41.51357644838167,40.65752784245475,40.888370513916016,8161900
2023-08-07,41.07112503667694,41.07112503667694,40.513248519133086,40.67676544189453,6637300
2023-08-08,39.58024981528342,41.13845054546242,39.157032174835905,41.061500549316406,10580500
2023-08-09,41.32120132352454,41.71556088121954,40.763328527623756,40.81142044067383,8842900
2023-08-10,40.955699873740336,41.38853076063017,40.59019472981905,40.763328552246094,9092400
2023-08-11,40.080406142494276,40.359344347120675,39.493678991311796,39.839942932128906,8627800
2023-08-14,39.10894014678593,39.65719602559124,38.42602544429901,39.63795852661133,12482600
2023-08-15,38.849239261959525,38.916568673536275,38.089374566533095,38.329837799072266,11486800
2023-08-16,38.08937447775243,38.560684026868856,37.50264727383374,37.521881103515625,9967700
2023-08-17,38.464492585823315,38.81075648920347,38.07975002316491,38.108604431152344,10921000
2023-08-18,37.5795974906413,37.79120633082689,37.050579059355435,37.35837173461914,12635600
2023-08-21,37.56036381254676,37.77197267426913,36.983253404985646,37.25257110595703,8988200
2023-08-22,38.03166567964687,38.12784950484134,37.1371421624629,37.40645980834961,7596600
2023-08-23,37.43531799953933,38.24327468790526,37.33913416463928,37.76234817504883,9647200
2023-08-24,37.33912657395376,37.66615668298118,36.83896266196022,36.935150146484375,8152600
2023-08-25,37.13714220060668,37.27180102368835,36.30033117918654,36.86782455444336,8446600
2023-08-28,37.185234070363194,37.68539803350228,36.96400833710167,37.47378921508789,8445700
2023-08-29,37.396842989458754,38.68572606393161,37.2333260831953,38.65686798095703,9229100
2023-08-30,38.56068415551576,39.00313562323,38.34907533653167,38.65686798095703,6655900
2023-08-31,38.724201260549194,38.80115126393052,38.16632841274703,38.38755416870117,8605100
2023-09-01,39.35902418084954,40.22469337451906,39.32055284826943,39.907283782958984,10985300
2023-09-05,39.77261345125503,40.25353987107276,39.17626571805073,39.243595123291016,6392900
2023-09-06,38.59916300889412,38.92619318490915,38.17594532865226,38.86848068237305,7647800
2023-09-07,38.08937835137049,38.3106077761659,37.79120626166713,38.2432746887207,7450800
2023-09-08,38.03166577795148,38.2240370980154,37.67577755162102,37.791202545166016,6337000
2023-09-11,38.849239369464364,39.06084818882128,38.28174599233443,38.57992172241211,6583400
2023-09-12,38.33945471781117,39.01275243838825,38.28174222661517,38.53182601928711,8955000
2023-09-13,38.445262904690445,38.714580551783364,38.089374677685946,38.224037170410156,5233600
2023-09-14,39.46482854951876,39.82071681155007,39.11856087250349,39.12818145751953,7455300
2023-09-15,39.118556976771465,39.416732706546185,38.69534300766538,38.83000183105469,11064400
2023-09-18,38.86847679994112,38.88771429886492,38.15670401647138,38.65686798095703,6683100
2023-09-19,38.666492420999,38.93581009443429,37.1852378787487,37.339134216308594,12864800
2023-09-20,37.55074301524194,38.08937836152221,37.1948547538175,37.21409225463867,7265000
2023-09-21,36.43498980408558,36.48308171647062,35.78092952195139,35.809783935546875,12882000
2023-09-22,36.41575626162298,36.52156068187165,35.684745904911196,35.73284149169922,7816000
2023-09-25,35.34809878363458,35.81940838185475,35.03068552314747,35.78093338012695,6611100
2023-09-26,35.174964904785156,35.87711717421234,34.963356064702566,35.174964904785156,11739900
2023-09-27,35.367343901769324,35.550094695569264,34.665191480311975,35.15573501586914,10358400
2023-09-28,35.61740892960911,36.05986401760931,35.51160453180857,35.905967712402344,10314500
2023-09-29,36.5215528894206,36.762016095341615,35.60779197308527,35.86749267578125,10169400
2023-10-02,35.36733240413333,35.7136000433361,34.80945594782271,35.24229049682617,8687500
2023-10-03,34.722892825220455,35.376953177457374,34.636325905977976,34.953739166259766,11198100
2023-10-04,35.1557274393095,35.1557274393095,34.09769057618842,34.49205017089844,13597300
2023-10-05,34.43433374275659,34.6555594736736,33.69370655533304,34.02073669433594,13218400
2023-10-06,34.126548593176786,35.58856579026758,33.9534147363385,35.27115249633789,12692300
2023-10-09,34.94412231350486,35.74245841980167,34.85755539410611,35.425048828125,7766200
2023-10-10,35.732833867533856,36.3868940811732,35.617408886884085,35.86749267578125,11390300
2023-10-11,36.18490992024607,36.18490992024607,35.357715728314474,35.73284149169922,6235900
2023-10-12,35.70386876056929,35.73284015477074,34.400100760706565,34.83469009399414,11862200
2023-10-13,35.06646752422184,35.13406989085421,34.11037112119561,34.23591995239258,9435300
2023-10-16,34.57392839728408,35.10509137622088,34.313174858376414,34.622215270996094,10920500
2023-10-17,34.216608730789325,35.41413967536057,34.0041420182786,35.230648040771484,11333800
2023-10-18,34.68982276629585,34.998866908717055,34.25523715450171,34.39044189453125,12195000
2023-10-19,34.29386606629984,34.79605775584853,33.637157824331744,34.02345657348633,15584400
2023-10-20,33.66612521182098,33.926878770603814,32.56516819743966,32.719688415527344,16094400
2023-10-23,32.52654173473554,32.825926310590965,31.94709175752523,32.362361907958984,11470800
2023-10-24,32.478254086285176,33.3957195986537,32.25613147744699,33.24119567871094,12380500
2023-10-25,33.163933111497975,33.521260419996175,32.59413912462393,32.68105697631836,10861900
2023-10-26,32.5265400824365,32.990100777467184,32.275442403428464,32.555511474609375,10294400
2023-10-27,33.134964637411905,33.27982528027873,32.37201939253357,32.51688003540039,10565300
2023-10-30,32.91284133522704,33.23153768997356,32.63277227398878,32.874210357666016,11163100
2023-10-31,32.487906991432645,32.75831645827439,32.13057966966995,32.623111724853516,9175200
2023-11-01,32.71003170628627,32.82592464308363,32.14989724797737,32.555511474609375,9698600
2023-11-02,33.134965657584885,33.926882318607866,33.134965657584885,33.81098937988281,9225600
2023-11-03,34.4290698290861,34.75742574758027,33.87859133103008,33.94619369506836,9307300
2023-11-06,34.293865633371794,34.380783495543604,33.95585377162199,34.158660888671875,7805900
2023-11-07,33.4729779494893,33.501949342516895,32.574827925103435,32.89352798461914,12611900
2023-11-08,32.7196960328175,33.10599482594249,32.159557809314116,32.45894241333008,10634700
2023-11-09,32.86454589296178,33.048041167112935,31.956740159345564,32.10160446166992,9730500
2023-11-10,31.956741077545658,32.67139934066637,31.705647121561398,32.52653503417969,9922100
2023-11-13,32.45894624045415,32.767986785013434,32.23682357930553,32.28511047363281,8944500
2023-11-14,33.366742097263455,34.45804325622235,33.366742097263455,33.96550750732422,11724600
2023-11-15,34.2648943443245,35.13407296867202,34.081402716541355,34.767086029052734,14733400
2023-11-16,34.66084966297203,34.86365676300135,34.08139975315894,34.322837829589844,10034700
2023-11-17,34.670512263704346,34.99886822356307,34.25523844141086,34.767086029052734,8961500
2023-11-20,34.921604710802974,35.82941059048076,34.84434643877114,35.39482498168945,12322100
2023-11-21,35.70386628480943,36.24468525401883,35.58797334793348,35.73283767700195,11351800
2023-11-22,35.53968431747625,35.77146649316131,35.269274849220935,35.62660217285156,7624400
2023-11-24,35.481738171819515,35.94529879517693,35.34652976646113,35.578311920166016,3536700
2023-11-27,35.27893326116774,35.41413800491414,34.92160591211609,35.33687973022461,8251400
2023-11-28,35.45277661710823,36.21572204571077,35.21133847013682,35.9453125,11345400
2023-11-29,36.14811230273911,36.29297663506195,35.51071587181403,35.89701461791992,9792300
2023-11-30,35.993590865438016,36.186742074066956,35.66523491598469,36.04187774658203,10439000
2023-12-01,36.54406728136482,38.108584980196994,36.44749352471632,37.896121978759766,18671400
2023-12-04,36.78550585997514,37.2587261157491,36.2157118462323,36.32194519042969,15675100
2023-12-05,36.051539824671174,36.051539824671174,35.29825042736572,35.31756591796875,13057200
2023-12-06,35.607291327915874,35.90667590970607,34.96023896333946,35.00852584838867,9356900
2023-12-07,35.31756374672371,35.587973230435615,34.80571617139675,35.124412536621094,10691600
2023-12-08,35.78112639669497,37.09455027633423,35.62660615697583,36.84345626831055,19549100
2023-12-11,36.244684066262636,36.73721982171247,36.02256147060885,36.57304000854492,8606700
2023-12-12,36.40886762486976,36.47647000075993,35.8970163279186,36.13845443725586,13640500
2023-12-13,36.206055745299885,37.886462702670784,35.86804022615898,37.84783172607422,15442500
2023-12-14,38.91981511066124,40.87063510639252,38.91981511066124,40.532623291015625,29234600
2023-12-15,39.54755706931829,40.522965262641186,39.54755706931829,40.07872009277344,23084700
2023-12-18,40.14632365343871,40.98652714042455,39.92420106189315,39.93385696411133,12242000
2023-12-19,40.590571155920244,41.160365204722815,40.5615997635575,40.735435485839844,16499800
2023-12-20,40.33947576711303,40.899610209761214,39.87591508504297,39.92420196533203,10798700
2023-12-21,40.53262413874964,40.851320473620135,40.39741940977109,40.78371810913086,7032300
2023-12-22,41.07344186433504,41.372826387005915,40.65816810362002,40.92858123779297,6984600
2023-12-26,41.141048158589705,41.604612523172634,41.05413030073701,41.36317443847656,6701000
2023-12-27,41.56598452283049,41.9329677853376,41.314886833690814,41.72050476074219,7172600
2023-12-28,41.4790666325573,41.76879161795213,41.41146425876694,41.546669006347656,5426700
2023-12-29,40.95755558243509,41.450087642710955,40.822350847616335,41.11207580566406,6509700
2024-01-02,40.52296496545036,41.083103058695066,40.329813771777964,40.64851379394531,9620900
2024-01-03,39.56687585276429,40.26221505532576,39.19988891993414,39.95317459106445,13723000
2024-01-04,39.71173653050909,40.15598542179352,39.32543779189374,40.127010345458984,11897500
2024-01-05,39.83728199640676,40.532624824695425,39.69241767916242,39.99180221557617,8420600
2024-01-08,39.85660306191555,40.8030399972809,39.624820858699096,40.75475311279297,9226300
2024-01-09,40.20427872136534,40.48434415425072,40.040098876105,40.271881103515625,9119800
2024-01-10,40.127008608828454,40.223586052342284,39.721394398228696,39.88557052612305,8167500
2024-01-11,40.31205061979491,40.31205061979491,39.352469046589455,39.769256591796875,8279700
2024-01-12,40.07942759759226,40.486524084059674,39.50755651486382,39.68202590942383,7622500
2024-01-16,39.071378454403735,39.071378454403735,37.53023492704371,37.70470428466797,16524400
2024-01-17,36.832360123367145,37.14252707071275,36.44464959044429,37.06498718261719,11757200
2024-01-18,37.21037712134559,37.22976301839737,36.65789199655603,37.03590774536133,10158600
2024-01-19,37.01652110846695,37.62716391220705,36.61911947055266,37.57870101928711,13539600
2024-01-22,36.91959941028257,37.026220005000276,36.318651337079864,36.32834243774414,19429000
2024-01-23,36.97775296319682,37.53023807620553,36.65789121488561,36.997135162353516,18432900
2024-01-24,39.40093559959555,39.730488456006626,38.45104512715987,38.49951171875,27944600
2024-01-25,38.74183600815112,38.89691951229067,37.569013079520644,38.228118896484375,15599800
2024-01-26,38.46074314907071,38.916302526343564,38.19903906196601,38.37350845336914,10135100
2024-01-29,38.51890526031802,39.05200459627154,37.81133281548152,38.99384689331055,8875500
2024-01-30,38.62551734177042,38.906607324725,38.247501563478025,38.7418327331543,10859000
2024-01-31,38.92599163545974,39.5560203719023,38.43166418342965,38.47043228149414,16275400
2024-02-01,38.65460006580369,38.974458165180806,38.29596646978275,38.94538116455078,10854300
2024-02-02,38.30565596377425,39.02291566152598,37.69501315272915,38.86783218383789,14120200
2024-02-05,38.00517984522744,38.02456574198958,36.82266972259077,37.4914665222168,16202100
2024-02-06,37.82101906572691,38.98414697965777,37.73378437974505,38.9356803894043,13060700
2024-02-07,38.8678303473569,38.88721624333716,37.71439726764339,37.995487213134766,9705200
2024-02-08,37.656241855669215,37.70470844729001,36.725740977266256,36.948673248291016,13849300
2024-02-09,36.67728281737048,36.74513161741923,36.11510281984396,36.212032318115234,15822200
2024-02-12,36.32834067304193,36.80328592712722,36.16356608737847,36.53188705444336,12932600
2024-02-13,35.74678000626115,35.97940339535208,35.14582823989836,35.533538818359375,14272300
2024-02-14,35.75646992751036,36.10540869711991,35.42691705593268,36.05694580078125,9269200
2024-02-15,36.21202822735844,37.17160611820873,36.21202822735844,37.07468032836914,10171000
2024-02-16,37.89856026329918,38.52858898353206,37.60777919914624,37.63685989379883,12614300
2024-02-20,37.23945470785374,37.32668939722719,36.83236195576551,36.96805953979492,10516300
2024-02-21,37.28791600059313,37.81132036496522,37.22006721822117,37.665931701660156,11343900
2024-02-22,37.44300527871426,37.8404069361425,37.3266898930168,37.481773376464844,9548500
2024-02-23,37.59808477842603,37.94702350358252,37.40422952028559,37.76285934448242,10291600
2024-02-26,37.18130435746481,37.229767256870694,36.44465497555935,36.86144256591797,10433100
2024-02-27,37.326689794987395,37.54962576824776,36.7354365579133,36.98744583129883,6760200
2024-02-28,36.580352173201305,36.67727796115694,36.14417873243735,36.26049041748047,10166200
2024-02-29,37.00683084142332,37.229763111855775,36.590043297468185,36.64820098876953,16037500
2024-03-01,36.77420602349791,37.17160769466512,36.44465314759228,36.7645149230957,10343200
2024-03-04,36.83235779152918,37.26853118908305,36.48341907348608,37.14252471923828,9192600
2024-03-05,36.84205662945611,37.094069622083786,35.62077455724281,35.97940444946289,13885400
2024-03-06,37.00683133451243,37.569007567988805,36.754818366330504,36.96805953979492,11704200
2024-03-07,38.11180851744538,39.20708788333473,38.043959713118674,38.586753845214844,12895700
2024-03-08,38.761216265795724,38.90660494992816,38.33473391838414,38.62551498413086,7670800
2024-03-11,38.55766745719928,39.420319582795486,38.55766745719928,39.178001403808594,9599800
2024-03-12,39.42032235538006,39.526942953230446,38.57705606849045,39.119850158691406,8841400
2024-03-13,40.27328200743009,42.41537389670605,40.25389610873974,42.07612991333008,26393300
2024-03-14,42.34752145274091,42.483222731885775,41.610875853363396,41.9888916015625,16004500
2024-03-15,42.29906206521078,43.5203477963777,42.163364472299364,43.2392578125,33978700
2024-03-18,43.57850120069654,44.07283236525729,43.00663014016438,43.113250732421875,14482200
2024-03-19,42.33783243260377,43.10355876386565,42.02766546000082,42.96786117553711,13528600
2024-03-20,42.92909792671476,45.03241835953927,42.58015908869272,44.59624481201172,20140800
2024-03-21,44.96456059407411,44.9742553918004,44.072831472318406,44.81917190551758,17023900
2024-03-22,44.68346790624217,44.68346790624217,43.69481305215323,43.714195251464844,14515000
2024-03-25,44.05344193301295,45.06148635927009,43.82081487407604,43.956512451171875,7754800
2024-03-26,44.09221338378389,44.09221338378389,43.2392524376061,43.35556411743164,10490000
2024-03-27,43.559115184042575,44.528387914686455,43.17140831027424,44.47023391723633,10700000
2024-03-28,44.78040336934969,45.739981355113635,44.547776274250474,45.5752067565918,20169000
2024-04-01,46.069522937974874,46.340921765199845,45.76905081503908,45.87567138671875,10376000
2024-04-02,46.37970405208927,47.33928579341774,45.85629952702893,46.8934211730957,22037500
2024-04-03,47.21327768684712,48.22132229662458,47.145428885946934,48.08562469482422,19957500
2024-04-04,48.45394307633114,48.70595234715576,47.358663908652424,47.66883087158203,24836900
2024-04-05,47.78513857444733,48.05653741749552,47.16480470030555,47.94991683959961,14155200
2024-04-08,48.492707671481185,48.72533472561918,47.90145078563364,48.46363067626953,12745900
2024-04-09,49.86907476894025,50.43125094026501,48.95795618121729,49.72368240356445,17624600
2024-04-10,48.444250715919225,49.801234020111394,48.0662349419251,49.35536575317383,16142600
2024-04-11,49.461986858925584,49.76246274014763,48.424865320409666,49.18090057373047,12975700
2024-04-12,50.46412683350033,50.95991993807317,47.955990684196706,48.09209060668945,19983800
2024-04-15,49.2878260920069,49.62807586844394,48.286512719952505,48.626766204833984,15047100
2024-04-16,47.07133710920629,48.228193949323604,46.740810821681364,48.03376388549805,20075200
2024-04-17,49.05451961354994,49.71557963956429,48.082372952757694,48.43234634399414,15795700
2024-04-18,49.40448736309053,49.618360790744234,48.2962408896937,48.76287078857422,15717500
2024-04-19,48.850372307835684,49.657255859342285,47.99488216238848,48.22819900512695,17066700
2024-04-22,46.87690801511944,48.033761079204496,46.468604534095725,47.58657455444336,20147900
2024-04-23,46.128360220813974,47.33382001456125,45.78810666133811,46.6533203125,19439600
2024-04-24,46.88663494625041,47.110228242476666,46.06031173374271,46.896358489990234,11838300
2024-04-25,47.57685755684113,48.27680435862648,46.653321170363064,48.0240478515625,15974700
2024-04-26,48.54899943635959,49.30727629934548,48.16014302489152,49.09340286254883,19037100
2024-04-29,49.82251676927385,51.057143483496596,49.36560664829705,50.9502067565918,22023300
2024-04-30,49.093403216491105,49.77390657702255,48.51011674086128,48.54899978637695,17226600
2024-05-01,48.75315324038199,49.968336484574515,48.004599916946006,48.51983642578125,19247700
2024-05-02,47.99488479442167,48.01432817475327,46.876918238696966,47.42131805419922,24389400
2024-05-03,48.60733306540977,49.14201298744023,47.771286343333486,49.0447998046875,14498100
2024-05-06,49.773909275590725,50.07527236401217,49.13229263423371,49.569759368896484,10952000
2024-05-07,49.57947775984702,50.026664316281575,49.39477123656625,49.958614349365234,13121500
2024-05-08,48.8017562812846,49.29754937716243,48.05320301225751,48.56843948364258,14197700
2024-05-09,48.675379320952544,49.919725765777315,48.31568612207881,49.657249450683594,10234500
2024-05-10,50.23081545764559,50.55162563112757,49.919728827360416,50.153045654296875,14535000
2024-05-13,50.541904732396134,51.03769788008686,50.328031287910484,50.590511322021484,9210500
2024-05-14,50.87243580301647,52.165388914765266,50.87243580301647,51.99040222167969,17714100
2024-05-15,52.311209387246244,52.58340924597441,50.68772265217983,52.11677932739258,17286800
2024-05-16,52.31121129556354,52.544524409143264,50.46413122223951,50.590511322021484,14800500
2024-05-17,51.261289239919904,52.83616567717816,51.086302557063995,52.71950912475586,17946500
2024-05-20,52.49591967858082,53.701383169582634,51.89318978730251,53.331966400146484,15774400
2024-05-21,53.351406452341415,53.41945641767344,52.09733644817413,52.807003021240234,18146900
2024-05-22,50.36692459439581,51.28074120692912,49.19062420516422,49.803077697753906,26299700
2024-05-23,50.44468652734441,50.52246003546999,49.39477012676391,49.77390670776367,16864800
2024-05-24,50.07527174061578,50.629398736586985,49.86140200178939,50.0947151184082,9650000
2024-05-28,51.582099577825495,52.3889793219089,50.823822713275305,52.13622283935547,14922100
2024-05-29,51.26128796048294,51.71819803302984,50.94048152221744,51.300174713134766,11570900
2024-05-30,50.07527271837268,51.19324285837281,49.978059535957534,50.85299301147461,13146600
2024-05-31,51.27101123154291,51.80569109811911,49.78362447226278,51.261287689208984,18379900
2024-06-03,51.669594670551675,51.669594670551675,50.075271088346526,50.590511322021484,10249400
2024-06-04,49.60863828196635,49.62808165838035,47.06161530685037,48.3156852722168,24814600
2024-06-05,48.60733333026082,49.20034339024124,48.27680331527724,49.08368682861328,12639500
2024-06-06,49.25867054005631,49.85168060874339,48.51012085921177,49.82251739501953,11009100
2024-06-07,48.26708754866165,48.41290733587614,47.46992751152999,47.89767074584961,16056400
2024-06-10,48.13097307607852,48.821199930903965,48.02404007285542,48.60732650756836,11051100
2024-06-11,47.547690165354176,48.06292667781875,46.93523676760242,47.96571350097656,10672900
2024-06-12,49.44338380178301,49.841963816942176,47.55741675231894,47.829620361328125,10109900
2024-06-13,47.742123544243235,47.742123544243235,46.28390353963444,46.6533203125,12397800
2024-06-14,46.38111362954653,47.81989015977876,46.060307178322354,46.76997375488281,8370200
2024-06-17,46.04086618257709,46.16724628611487,45.272869434959695,45.94364929199219,11361400
2024-06-18,45.84643114827457,46.5852608945365,45.57423130098514,46.36166763305664,9008900
2024-06-20,47.139394252471654,48.160147527111604,46.87691420325933,47.98516082763672,14675800
2024-06-21,47.72267821506837,48.43234480995542,46.8671881423032,48.179588317871094,18825000
2024-06-24,48.09209236841423,49.30727559010697,47.98515565155409,48.97674560546875,11347400
2024-06-25,48.568439043367505,48.63648900280358,48.09208932731503,48.49066925048828,7944700
2024-06-26,48.47122716461775,48.597607253408775,47.63518054536829,48.09209060668945,8416200
2024-06-27,48.267085627295195,48.305968677270585,46.828305233289285,46.97412872314453,8987900
2024-06-28,47.82961280894257,48.11153620912186,46.993566151001176,47.24632263183594,12546100
2024-07-01,47.7518459015759,48.30596923592156,46.88663591315707,47.061622619628906,6817200
2024-07-02,46.54637654022315,47.431029727447,46.37138986948044,47.35325622558594,8470200
2024-07-03,48.03376386643777,49.735020434457546,48.03376386643777,49.239227294921875,8913700
2024-07-05,49.68641529625465,50.39608189747719,49.60864178510664,50.08499526977539,8300600
2024-07-08,49.68641675957982,49.948896804767024,49.12256991248614,49.70586013793945,9030800
2024-07-09,49.63780427813918,50.35719064986081,49.2392243401732,49.38504409790039,9349900
2024-07-10,49.52114885052972,50.52246241842745,49.336442322687006,50.153045654296875,9197100
2024-07-11,50.20165170753487,50.49329495674952,49.52114832040394,50.07527160644531,8219400
2024-07-12,50.503017097575864,50.522460474776324,49.68641379738157,49.85167694091797,8004100
2024-07-15,49.344675928178056,49.75417352326,48.45742741950964,49.159423828125,9112900
2024-07-16,48.23318240620908,48.91567845745691,47.42393177498018,48.818180084228516,11035800
2024-07-17,48.71092287445208,48.8279253692599,47.16067515182658,47.28742599487305,12056600
2024-07-18,46.712179405013764,46.829178187156614,44.391681863122656,44.77193069458008,17498900
2024-07-19,44.53793670762507,45.14243480312859,44.33318789259841,44.752437591552734,9671000
2024-07-22,44.70368056167734,44.98643102452949,44.3234317347568,44.85968017578125,12381400
2024-07-23,43.87493733809973,44.36243664185639,42.451440263768156,44.138187408447266,18792700
2024-07-24,44.450183426065884,44.61593139198875,43.0169343872833,43.075435638427734,18534000
2024-07-25,42.9194355849844,44.12843167508299,42.18818669007301,43.416683197021484,16904600
2024-07-26,44.30393702909868,44.36243828667535,43.26068877792503,43.87493896484375,10390500
2024-07-29,43.37768958963238,43.68968884580639,43.02668949660549,43.27043914794922,9192600
2024-07-30,42.792682014081144,43.12418164080167,42.402684859854865,42.75368118286133,11608700
2024-07-31,44.859678695057696,45.21067874503678,43.99193063778944,44.274681091308594,13050800
2024-08-01,43.99193810739314,44.3039373782784,42.10044206273567,42.53919219970703,12260100
2024-08-02,42.19793429607972,42.19793429607972,40.58918898718589,40.92068862915039,17152400
2024-08-05,38.9999425975317,39.9554407448523,38.10294570306416,39.84819030761719,26149100
2024-08-06,39.68243926858831,40.82318571608736,39.31193880114821,40.013938903808594,11307900
2024-08-07,40.55019504968497,40.60869630915295,38.50269931952801,38.53194808959961,14519900
2024-08-08,38.99993958203783,40.32593812291897,38.91218956920528,40.013938903808594,10231400
2024-08-09,40.56969365738878,40.61844284510557,39.662944632423056,40.0236930847168,9182000
2024-08-12,40.59894446308079,40.90119539300874,40.17969473289757,40.52094650268555,8945700
2024-08-13,40.50144150229004,41.02794162288197,40.0724397509969,40.842689514160156,7439400
2024-08-14,41.115688240305786,41.115688240305786,40.34544219053492,40.86219024658203,9124700
2024-08-15,42.26618362521795,42.97793580554617,42.13943649771763,42.49043655395508,12988400
2024-08-16,42.21743984358442,42.61718913224456,41.973690186613005,42.353939056396484,8973100
2024-08-19,42.8901939937979,43.289943307777605,42.50019303021168,43.14369201660156,10891900
2024-08-20,43.32893323438257,43.523933683798,42.30518552410686,42.44168472290039,9390400
2024-08-21,42.9291856665369,43.01693568624117,42.38318884999867,42.792686462402344,7041700
2024-08-22,42.50993657409564,42.597686595014586,41.93468726347686,42.217437744140625,7143500
2024-08-23,42.607436448150125,43.69943375888579,42.509934363685375,43.543434143066406,11801100
2024-08-26,44.45993374767353,44.85968301658729,43.83593525174223,44.060184478759766,11046800
2024-08-27,43.84568415299326,44.459930535933104,43.69943288886997,44.09918212890625,6755700
2024-08-28,42.94868959844655,43.2021913291458,42.45144192565136,42.773189544677734,9080100
2024-08-29,42.7829334442469,43.094932653740806,42.392932572717534,42.73418426513672,8612600
2024-08-30,42.79268663866324,43.211936321274464,42.431938209203956,43.172935485839844,7811600
2024-09-03,41.30093769353872,41.33018645880715,39.82868785295858,40.3259391784668,18809000
2024-09-04,40.29669608657111,41.07669426457978,39.974944746022395,40.56969451904297,9787500
2024-09-05,41.037692168555594,41.26194140540486,40.267442364166016,40.36494445800781,7371500
2024-09-06,40.10169612693644,40.36494621276652,38.7366965084082,38.99994659423828,13200100
2024-09-09,39.604443152497346,39.84819280903297,39.1754450959515,39.38994598388672,8663400
2024-09-10,39.28269755038352,39.428945120194996,38.35644806427834,39.399696350097656,9559500
2024-09-11,39.87744359369394,40.37469123528512,39.26319344404942,40.26744079589844,13306400
2024-09-12,40.735437913755646,41.23268925323136,40.55018952964516,40.76469039916992,11414200
2024-09-13,41.08644504864623,41.963945375468846,41.00844708588695,41.59344482421875,10831600
2024-09-16,42.149187650188914,42.59768609885094,41.62268753080774,41.81768798828125,11120200
2024-09-17,41.8371920687141,42.42218977302553,41.759194110490775,42.051692962646484,6921300
2024-09-18,42.09068859678804,43.84568908644077,41.963941454232234,42.821937561035156,11573700
2024-09-19,44.557437020503976,44.70368457975163,43.86518890315469,44.011436462402344,16920500
2024-09-20,43.56293446373345,43.748182844820946,43.25093523278386,43.416683197021484,16304200
2024-09-23,43.874937252708065,44.62568662535112,43.699437206151266,44.011436462402344,15471600
2024-09-24,46.97543013060753,47.75542822166275,46.35143165776335,47.501930236816406,26361600
2024-09-25,47.53118234607744,47.755431580570765,46.93643259752691,47.1021842956543,12454800
2024-09-26,49.812680222362616,51.29467858827164,49.52992972664503,50.612178802490234,32403100
2024-09-27,49.95892863215819,50.75842716631476,49.87117861161298,50.056427001953125,15967700
2024-09-30,48.95467505600071,49.247173869685994,48.20392574530317,48.67192459106445,14992400
2024-10-01,49.28617796765639,49.461678011356135,48.30143102851847,49.12042999267578,9102100
2024-10-02,49.58842786791061,50.163677173013966,49.0911765143627,49.5494270324707,10744200
2024-10-03,48.398929683172504,48.79867895853507,48.04792959371767,48.52568054199219,10383900
2024-10-04,49.34467984394595,49.841927494479634,48.73042968325475,49.28617858886719,11506600
2024-10-07,49.15942380199172,49.91017311190039,48.78892704073098,49.52017593383789,8895500
2024-10-08,47.74567977803451,47.74567977803451,46.84867918560682,47.375179290771484,13040400
2024-10-09,46.819434569102874,47.735931940587854,46.51718365542584,47.6481819152832,6977000
2024-10-10,47.69692796099998,48.58418022470571,47.29717869857154,48.301429748535156,6959900
2024-10-11,48.23318178541387,49.02292826864305,48.135679694115865,48.779178619384766,6415200
2024-10-14,46.721930497056206,47.774930756140755,46.37093413001913,47.638431549072266,13573500
2024-10-15,46.93427080023043,47.08096871541664,46.05406838600182,46.23988723754883,11855000
2024-10-16,46.758230981646825,47.01250961004865,46.28879093098184,46.914710998535156,7360400
2024-10-17,47.19832715671678,47.33525043213158,46.5724071065031,46.89514923095703,8317600
2024-10-18,47.746014419713326,48.019853539692434,47.10053382920673,47.120094299316406,8823000
2024-10-21,47.36459049659971,47.62865122415052,46.63108971921786,46.88536834716797,10150400
2024-10-22,48.90004974120112,49.01740881596224,46.591966796491995,47.46238708496094,14468600
2024-10-23,46.464830097026685,47.061411358243475,46.23011192490151,46.86581039428711,10849200
2024-10-24,46.934273036402985,47.13965236591564,45.623751452099704,45.8095703125,10171700
2024-10-25,45.96604624624772,46.161647189195804,45.49660622163894,45.57484436035156,8528900
2024-10-28,45.8291294002238,45.93671011171,45.5063872657652,45.701988220214844,6446400
2024-10-29,46.44526447885442,46.51372424353419,45.50638077751668,45.545501708984375,8471900
2024-10-30,45.26188765631486,45.33034743174008,44.567507802271656,44.958709716796875,9017100
2024-10-31,44.41102181425678,44.56750181288206,43.73620251970603,44.02960205078125,9481400
2024-11-01,44.59684883458211,45.15430916520602,44.303449249639755,44.58707046508789,7733200
2024-11-04,44.958713745489064,45.70199297275772,44.626193207579284,45.252113342285156,9147800
2024-11-05,45.838905505206654,45.966046678936365,45.39880431212513,45.956268310546875,5991500
2024-11-06,44.283887297183895,46.19099013162382,43.93180631473,45.83890914916992,12911700
2024-11-07,47.17876721874552,48.12742559827384,47.129864186883445,47.511287689208984,12733400
2024-11-08,45.49660987305645,45.86825132140683,44.47948787271751,45.34012985229492,16197400
2024-11-11,44.538162882549834,44.62618311475951,43.73620242498494,43.9122428894043,12737200
2024-11-12,43.01249156112799,43.149411129761305,41.97580896453818,42.64085006713867,18145300
2024-11-13,42.7875436507273,42.904902725837246,42.14206314145601,42.17140197753906,11931900
2024-11-14,42.51370473677427,42.61150334463094,41.77042188626376,42.3181037902832,11905700
2024-11-15,42.543043050957294,42.85600306919178,41.076041566441525,41.760643005371094,12902500
2024-11-18,42.09316674642643,42.68974799319138,41.6237266827699,42.59194564819336,11886900
2024-11-19,42.59194988360227,43.22765213158164,42.181191186098076,43.149410247802734,12764400
2024-11-20,43.03204703547834,43.178748688137766,42.44524788639666,42.7386474609375,8733700
2024-11-21,42.80710341863301,43.13962390165712,42.30832082870802,42.79732131958008,8872100
2024-11-22,42.71908447797426,42.79732261888467,42.415902821349185,42.75820541381836,9109800
2024-11-25,42.885347212526845,43.62863014590576,42.885347212526845,43.403690338134766,13286800
2024-11-26,42.99292716817797,43.11028998553993,42.17140610053479,42.52348709106445,11821000
2024-11-27,42.650623410785066,43.25698297484866,42.55282107414405,42.79732131958008,7050400
2024-11-29,42.66040349107445,43.54060590227881,42.61150418618038,43.22764587402344,6512500
2024-12-02,43.21786195089544,43.413462892995646,41.721521645767545,42.679962158203125,14413000
2024-12-03,43.67752254486587,43.843784647386926,42.59194088680291,42.86578369140625,12218800
2024-12-04,42.963586694351584,43.26676836483264,41.8682265561013,42.09316635131836,18548200
2024-12-05,42.171401717333545,42.396341497730404,41.51614284367022,41.848663330078125,11873600
2024-12-06,42.122505613094454,42.122505613094454,41.10538360909341,41.14450454711914,9471100
2024-12-09,42.78754676667984,43.76554783563252,42.728865359462596,42.76798629760742,18310000
2024-12-10,42.58216389945506,42.758204375701666,41.65306221499302,41.731300354003906,10835500
2024-12-11,41.868227767896144,42.171405716374146,41.467247472507445,42.054046630859375,7339000
2024-12-12,41.6628426871029,41.78998386654052,41.056483088733934,41.1542854309082,10184500
2024-12-13,40.811979810354124,40.87066121131767,40.19583815795854,40.6750602722168,9669300
2024-12-16,40.38166896767354,40.60660878775988,39.6090471525215,39.84376907348633,10232800
2024-12-17,39.26674431831827,39.89266440404994,39.18850244221281,39.726402282714844,11733800
2024-12-18,39.54058837973553,39.7264072626123,37.72150557081078,37.85842514038086,12501000
2024-12-19,37.88776227368867,38.35720232943957,36.841297719111836,37.39876174926758,15766500
2024-12-20,37.144477402128935,38.42566005071885,37.12491693450416,38.00511932373047,22372300
2024-12-23,38.06379733669607,38.47455969893939,37.71172010863035,38.386539459228516,8562500
2024-12-24,38.50390236417682,38.523462833921904,37.9562241344269,38.35720443725586,3962500
2024-12-26,38.1811600591824,38.454999146221404,38.063797252641905,38.327857971191406,6127100
2024-12-27,38.04424025898002,38.31807934417144,37.71171977091427,38.00511932373047,7892500
2024-12-30,37.574800956088424,37.63348236592577,36.90976363182271,37.32052230834961,11047300
2024-12-31,37.28139625648407,37.623698837431924,37.124916249152314,37.242279052734375,9247000
2025-01-02,37.54545547338365,37.926875242893736,36.978216868434096,37.04667663574219,8790300
2025-01-03,37.16403805593069,37.34985690313035,36.37185590165849,36.88041687011719,10153500
2025-01-06,37.97578660070237,38.88532424160891,37.66282279910541,37.72150421142578,18974400
2025-01-07,37.97578422463492,38.30830101464378,37.56502182564958,37.88776397705078,15304600
2025-01-08,37.90731655439982,38.95378104114403,37.46721909557063,38.865760803222656,15589000
2025-01-10,39.609040450960244,39.745959993866286,37.87797823541013,38.12247848510742,11971100
2025-01-13,37.79974672260882,38.728844849726926,37.77040415057191,38.543025970458984,10418100
2025-01-14,38.836421810927554,38.96356299535454,38.18116288114622,38.63104248046875,9801900
2025-01-15,39.710942669541325,39.710942669541325,38.79793431095242,39.298614501953125,10618000
2025-01-16,39.45569100746308,39.67167260691401,38.856839404893385,39.298614501953125,11793800
2025-01-17,39.35751973734983,40.064365887184785,39.141538137122645,39.485145568847656,12045600
2025-01-21,40.01527319167788,40.19198471480836,39.13171932102444,39.56367874145508,16558000
2025-01-22,39.70112239388459,39.76002748650877,38.30706890677205,38.375789642333984,15882700
2025-01-23,37.413696079744724,37.99291639048727,35.7938415892785,37.79656982421875,30475400
2025-01-24,38.022367750090275,38.16962861369609,36.77557133855887,37.119178771972656,19076400
2025-01-27,36.53995780842679,36.53995780842679,35.911651792086175,36.000003814697266,18550500
2025-01-28,36.206172253787685,36.32397870368626,34.8121149074897,35.18517303466797,16842900
2025-01-29,35.322612300774,36.16689991957226,35.28334223827191,35.617130279541016,12599900
2025-01-30,36.00000120918156,36.14726205954051,35.410965297743786,35.970550537109375,11821900
2025-01-31,35.69567221046639,35.970555171889295,35.037911737776554,35.19498825073242,13385200
2025-02-03,34.72375835889449,35.47969024012283,34.252528824816984,35.20480728149414,15940400
2025-02-04,35.37170149300083,36.31416436095312,35.37170149300083,35.813480377197266,14490600
2025-02-05,35.60731784572973,36.33379534249973,35.31279984041758,36.00982666015625,14888300
2025-02-06,36.854110928424056,37.24680031732885,36.10799472300617,36.47123718261719,13748200
2025-02-07,37.78675769602111,38.473965124385025,37.178082909470774,37.521690368652344,21532000
2025-02-10,38.16962951136012,38.19908018677416,37.69839997973832,37.757301330566406,16243400
2025-02-11,37.021008516368084,37.521692522921896,36.765760563320924,36.903202056884766,13957900
2025-02-12,36.981735179017434,37.73766707179394,36.77557295689643,37.26643753051758,10946500
2025-02-13,37.983097500448395,39.61276765534617,37.77693528841297,39.485145568847656,21444700
2025-02-14,39.78947838876631,40.05454568959812,38.56231703954456,38.74884796142578,17559200
2025-02-18,38.75866267098952,38.79793273201869,37.8947400533436,38.58195114135742,12261300
2025-02-19,38.23834970706431,38.24816535039631,37.49223348385365,37.865291595458984,12101200
2025-02-20,38.22853009906469,38.90592558006079,37.88492640942851,38.248165130615234,11471600
2025-02-21,38.23835585420074,38.23835585420074,36.16690649320425,36.30434799194336,16151100
2025-02-24,36.510501249207216,36.75593350651702,36.26506899189741,36.43196487426758,8418400
2025-02-25,36.51049978328988,36.54976984168251,35.36187866279732,36.088356018066406,10618900
2025-02-26,37.83584266777399,38.012554215905745,37.12899647524696,37.256622314453125,16632700
2025-02-27,38.081269042059475,38.14017038562095,36.598856145779834,36.736297607421875,13147000
2025-02-28,36.0392758290146,36.34361321060102,35.56804629123527,36.23562240600586,14779600
2025-03-03,37.40387608338983,37.786753566636456,34.753210589369466,34.88083267211914,18101200
2025-03-04,34.75321660997168,34.969194496271044,33.634042130057466,34.262351989746094,18310700
2025-03-05,35.75457346294878,37.639495358186316,35.685852722783814,37.46278381347656,29191000
2025-03-06,37.305707285160565,38.297252067834805,36.61849613880245,36.991554260253906,18546800
2025-03-07,36.50068850240554,36.96210238115279,35.27352711850271,36.265071868896484,16969400
2025-03-10,34.94955617403088,35.0280963034779,33.35915600272373,33.86965560913086,21433000
2025-03-11,34.124898532696875,35.558225724797246,33.938371370128536,35.22443771362305,18345200
2025-03-12,36.13744849835732,36.55959229903218,35.3716972753894,36.107994079589844,13995800
2025-03-13,36.0589072783765,38.03218475082322,36.0589072783765,36.89337921142578,20682700
2025-03-14,37.394062381310576,38.23835002485543,37.305706610590775,38.140174865722656,15203300
2025-03-17,38.27762060075366,39.25934973522285,38.27762060075366,38.788116455078125,12880700
2025-03-18,39.38697019764092,39.573501122276596,38.562317608986454,39.11208724975586,14569900
2025-03-19,39.072813293465856,40.34906023932048,38.797930372973795,39.68148422241211,17519000
2025-03-20,40.29998265659864,40.771212220223944,39.82875309297332,39.95637893676758,22075600
2025-03-21,39.229896490108544,39.63240529750207,38.493599617193595,39.51459884643555,22336000
2025-03-24,40.73194406943301,41.53696167259852,40.57486755527876,40.84975051879883,21356100
2025-03-25,41.42897244014904,42.479422370632705,41.32098163037975,42.22417068481445,20804700
2025-03-26,42.44996711509087,42.65612932332461,40.59449600598946,40.73194122314453,19408300
2025-03-27,39.94655758682219,39.9661926191344,38.88629205695911,39.24953079223633,18010200
2025-03-28,39.16117591227216,39.53423404471158,37.57077570871398,37.71803283691406,20227400
2025-03-31,36.579226558147916,37.49223496916847,35.66622189212688,37.16826629638672,17462500
2025-04-01,37.36461360819432,37.43333435058594,36.52032592166924,37.43333435058594,13121200
2025-04-02,36.913012601101116,37.52168733849643,36.726485420608604,37.502052307128906,13166400
2025-04-03,35.32261550186389,35.332434890878936,32.809387448960436,32.897743225097656,31999800
2025-04-04,30.580863278206856,30.74775731204618,27.969463835191426,28.61740493774414,44734500
2025-04-07,27.517866864145013,31.071725095172887,27.154626279620253,29.815113067626953,40398800
2025-04-08,31.081544853573302,31.1993531759067,28.116722360263463,28.676307678222656,35158100
2025-04-09,29.383156803144075,33.55550612289223,28.430878230589826,33.1235466003418,38575500
2025-04-10,32.122178048371296,32.2203494625047,29.677670888455758,30.77720832824707,25658400
2025-04-11,31.336794333568733,33.12354294753296,31.268073593127752,32.740665435791016,26250000
2025-04-14,33.44751102242153,34.007096324628215,32.45596625298494,33.133358001708984,19645900
2025-04-15,32.827660563673426,33.34043911732191,32.512105109384784,32.90654754638672,18742000
2025-04-16,32.90655123886886,33.508080066641625,32.38391316437955,32.85724639892578,17261100
2025-04-17,32.886828218829535,33.11363725137264,31.92043907116385,32.44308090209961,16988000
2025-04-21,32.66001923697177,32.837519648182294,31.673907513232255,32.49238204956055,11419900
2025-04-22,32.955852790127885,34.27724268201815,32.837520433729324,33.58696746826172,19264300
2025-04-23,34.9478028359214,35.95363738083613,34.57308303893376,34.70127487182617,21643100
2025-04-24,35.07599951618415,37.28489179800179,34.780166702457066,37.107391357421875,23970900
2025-04-25,36.49600154183604,37.136975812750016,36.29878216160271,36.83127975463867,10958800
2025-04-28,36.535441374020195,37.373638659591045,36.28891342444959,36.72280502319336,13380800
2025-04-29,36.85099737629925,37.02849780346961,36.229749642920986,36.65377426147461,11269600
2025-04-30,34.40544274367504,35.6676647409084,33.97155487255564,35.52960968017578,15777400
2025-05-01,35.53947466317464,36.40725044833109,35.40141959561422,35.904335021972656,11614600
2025-05-02,37.09752343738081,37.46238749779918,36.4959946606175,37.07780075073242,11932200
2025-05-05,37.16655796744131,37.16655796744131,36.65377930305383,36.83127975463867,7701000
2025-05-06,36.673495186197044,37.74835716051768,36.624190350290526,37.39335632324219,9778700
2025-05-07,36.98904818640861,37.245439334794156,36.13113206127949,36.505855560302734,11879300
2025-05-08,36.64392093903649,37.43280976881343,36.328365407125716,36.959476470947266,9814600
2025-05-09,37.30461203243895,37.501831387467426,36.85099773540648,37.33419418334961,7306000
2025-05-12,39.552949218459545,40.026282482734224,38.37947364083422,38.566837310791016,15649500
2025-05-13,38.783777991437745,39.3557208659514,38.5273868228795,38.92183303833008,11879600
2025-05-14,38.54710686676745,38.695025127848595,38.310438401381155,38.51752471923828,10292800
2025-05-15,38.07377357335235,38.19210592480017,37.04821649622423,37.93571853637695,13149000
2025-05-16,37.56099758543099,37.590579734872364,36.47627613977794,37.49197006225586,13552200
2025-05-19,36.8805845870748,38.31044375602813,36.7721116820164,38.261138916015625,11107300
2025-05-20,37.90613701795884,38.15266497303284,37.551139922495466,37.866695404052734,7848000
2025-05-21,37.590585798929055,38.152669299296925,37.31447566168687,37.482112884521484,11012400
2025-05-22,37.156687990261986,37.53141147777704,36.83126933385529,37.17641067504883,9415400
2025-05-23,36.70308399920138,38.527389404013995,36.70308399920138,38.478084564208984,15295500
2025-05-27,38.596417791895,39.4543340611121,38.53725348749824,39.089473724365234,11247800
2025-05-28,38.85280697964597,38.971139344055146,38.162527957442684,38.34988784790039,7689500
2025-05-29,38.823219899112964,38.95141548436785,38.19210895896263,38.48794174194336,8927600
2025-05-30,38.300584209574325,38.389334426091445,37.20599945976927,37.94558334350586,17241200
2025-06-02,39.53322390302476,39.97697498434445,39.04016798194025,39.59239196777344,15316700
2025-06-03,39.1387763946457,39.82905541416504,38.961275967863074,39.6811408996582,11741400
2025-06-04,39.94738866156286,40.62780823318331,39.809333606949465,40.29253005981445,10979300
2025-06-05,41.39696954790671,42.0182209846933,40.903913687981586,41.11099624633789,17270000
2025-06-06,41.42656116186353,41.89003497984815,40.90392303466797,40.90392303466797,8501800
2025-06-09,41.39697514417176,42.30420000517069,41.199752021196495,41.751976013183594,9938400
2025-06-10,41.84072964594245,41.90975718036086,41.32795098903535,41.604061126708984,9460600
2025-06-11,40.815164649124526,41.02224721339875,39.91780310888511,40.4404411315918,13530900
2025-06-12,39.83891960541637,41.101141549412446,39.691001325602656,40.60808563232422,8750100
2025-06-13,39.62197464444192,40.65739134009927,39.53322442700168,40.37141799926758,9722100
2025-06-16,41.041972382190174,41.74211462454576,40.99266754414999,41.327945709228516,10508000
2025-06-17,41.16030471750851,41.249054922495944,40.696831006827715,40.795440673828125,10291600
2025-06-18,40.795445526599224,40.99266864577814,40.57850348104872,40.60808563232422,6185500
2025-06-20,40.667253430479214,40.756003645443066,39.60225085091299,39.66141891479492,13986900
2025-06-23,39.49377904997975,40.48975413033337,39.2965559265883,40.37141799926758,11692400
2025-06-24,40.38127951864449,41.525169071934236,40.233361241919546,41.42655563354492,10817900
2025-06-25,41.20961637564965,41.37725358965594,40.617946990509026,41.0321159362793,7114000
2025-06-26,42.77753424140541,44.27642474458544,42.77753424140541,43.842533111572266,20484500
2025-06-27,43.477672745089876,43.605868342197276,42.935311965860805,43.26072692871094,13661000
2025-06-30,42.994471821558264,43.3198905124503,42.50141593478939,42.74794387817383,10256300
2025-07-01,43.379060490951886,43.75378027302642,42.99447372242583,43.43822479248047,9385700
2025-07-02,44.12850387274697,46.04155944619615,43.803085167055116,45.13433837890625,23271300
2025-07-03,45.124475979931574,45.5682270586692,44.93711608522819,45.16392135620117,7607300
2025-07-07,44.62155577348458,44.9272517639412,43.82280391812758,44.50322341918945,19630200
2025-07-08,45.025870565509614,48.43781693990448,44.22711854812972,45.62739944458008,45175000
2025-07-09,46.09087067565575,46.37684026039438,44.3947570475315,44.95684051513672,24277000
2025-07-10,46.130308178628056,46.860032555950674,45.479474549866985,46.55433654785156,18640600
2025-07-11,45.2625340275318,45.765449400407455,45.02586553565509,45.71614456176758,17122800
2025-07-14,45.193503774545015,45.252668072656235,44.56238908818864,44.996280670166016,11484600
2025-07-15,44.75883596103856,44.95670577242146,42.770211899167705,43.6507453918457,20312200
2025-07-16,43.423194618869154,43.720003127357415,42.95819223195841,43.512237548828125,11377600
2025-07-17,43.403404211851765,44.10585562681775,43.23521411790021,43.98712921142578,11027900
2025-07-18,44.37298048353118,44.46202340772663,43.72989605245265,44.32351303100586,13554700
2025-07-21,45.085325289118074,45.58000737811356,44.70936584472656,44.70936584472656,11250300
2025-07-22,45.12489982380433,45.76798426165274,44.6796851981402,45.3128776550293,15316100
2025-07-23,44.18500465866724,45.58000801826161,44.09596173043249,44.36309051513672,23135900
2025-07-24,44.48180968055078,44.83798136561807,43.67053140861955,44.10585403442383,13223900
2025-07-25,44.09595947132625,44.48181088253406,43.71010806011844,44.41255569458008,16011000
2025-07-28,44.20479427605,44.353200420796654,41.76106341040527,43.32426071166992,26374100
2025-07-29,43.43308618613518,43.48255363709213,42.226060757337585,42.77021026611328,16495800
2025-07-30,42.73063704562933,43.21542714843257,37.932222341782506,38.72371292114258,64894200
2025-07-31,38.486271093270744,40.118719852265436,38.34775692707487,39.81201934814453,26276800
2025-08-01,39.46573386022988,39.75265035876448,38.862221147493166,39.604244232177734,15601200
2025-08-04,39.75265176391607,40.16818289444756,39.3272248783959,39.99009704589844,12727200
2025-08-05,39.94062818153305,40.09892628863411,39.17881736169528,39.604244232177734,11521300
2025-08-06,39.82191333478801,40.23744453191869,39.40638213765733,39.43606185913086,9498400
2025-08-07,40.27701542120813,40.643082890260416,39.792229079787354,40.366058349609375,9660400
2025-08-08,40.93988867852205,41.731379226196246,40.64308019490981,41.42467498779297,11828700
2025-08-11,42.107342047225885,42.117234028689985,40.900316505858825,41.019039154052734,10676300
2025-08-12,41.29606295098716,42.22606393089707,41.2564874775974,41.70170211791992,12573800
2025-08-13,42.19638416554133,42.631703049965225,41.741273770319914,42.28542709350586,13120800
2025-08-14,41.84021039114141,41.949041050413726,41.13776275745157,41.83031463623047,11933400
2025-08-15,42.24584590477417,42.344780800627824,41.790739345248404,41.909461975097656,8885300
2025-08-18,41.69180540082987,41.94904219780485,40.94978227544977,41.30595397949219,8325000
2025-08-19,41.33563539865312,41.5335089950596,40.62329573536472,41.019039154052734,7630500
2025-08-20,40.71233786713038,41.088293541396986,40.583719465868185,40.870635986328125,5526200
2025-08-21,40.67276286886111,41.30595535304784,40.52435672920019,41.276275634765625,6181200
2025-08-22,41.38510426017841,42.96808539259779,41.34552878833674,42.819679260253906,10822100
2025-08-25,42.95819013187353,43.3836170237548,42.88893494241609,43.225318908691406,12596800
2025-08-26,43.067021390427016,43.93766292240295,42.987874218860924,43.878299713134766,11824700
2025-08-27,43.47266324524514,43.59138967113751,43.00766461993767,43.40340805053711,11201800
2025-08-28,43.65074171563171,44.08606432191109,43.44297616670259,43.8980827331543,9253900
2025-08-29,43.85851352038028,44.25425690633456,43.630956450153896,43.92776870727539,7371000
2025-09-02,43.294574659689275,44.471920443985695,42.285426521899225,44.4620246887207,12166300
2025-09-03,44.76872860785258,45.80756022956343,44.63021822817444,45.7185173034668,12237800
2025-09-04,45.2337334919826,45.65916040988444,44.699475905669814,45.58000946044922,8509000
2025-09-05,46.22309306018016,46.51990154242155,45.25351667199183,45.84713363647461,8069200
2025-09-08,46.03511603045225,46.252777366957936,45.016072089766546,46.163734436035156,10436400
2025-09-09,44.837986017656284,45.61958465496599,43.15606609373825,43.423194885253906,24956700
2025-09-10,43.818935419560034,44.98638532018605,43.75957221687376,44.40266036987305,16678900
2025-09-11,44.392767090222605,45.66904771318659,44.32351190362375,45.43159866333008,14919200
2025-09-12,44.719260027985236,45.01606851612375,43.462767113211655,44.24436569213867,16046300
2025-09-15,44.0267046364453,45.26340982286231,43.888194259426555,45.154579162597656,12670200
2025-09-16,45.16447890495784,45.411819964077814,44.333412795349716,44.818199157714844,10043200
2025-09-17,44.62032365247045,45.79766945910601,44.30372741223018,44.61043167114258,8951800
2025-09-18,44.5213921904411,44.95671111095146,44.11575299033764,44.4521369934082,13174400
2025-09-19,44.76872894181364,45.21394357561797,44.23447138124845,44.4620246887207,21120200
2025-09-22,44.353199273775736,44.897348833566134,44.06628274755219,44.6796875,11980600
2025-09-23,44.90724319666832,45.797672541094215,44.6599021314528,44.8775634765625,14308500
2025-09-24,41.38510266359303,41.54340077072802,37.25945234931755,37.269344329833984,91311700
2025-09-25,37.13083255405633,37.13083255405633,34.776148771212036,34.96412658691406,86778600
2025-09-26,35.122429000747786,35.923815359168124,34.914663425124886,35.36977005004883,41515800
2025-09-29,35.96338597656009,37.70466902475304,35.66657748115498,36.725196838378906,40224700
2025-09-30,37.54637112203965,38.9116947376024,36.8043479922528,38.80286407470703,38973100
2025-10-01,38.61488072061787,39.060095333186894,38.4269028949219,38.67424392700195,19117000
2025-10-02,38.95126316064776,39.53498812462436,37.783813232694555,38.456581115722656,23508900
2025-10-03,39.228293429107296,39.920845374337404,38.50605421629583,39.248077392578125,23921600
2025-10-06,39.76254447397589,40.80137986760499,39.13924776674816,39.89116287231445,26706800
2025-10-07,40.27701658866163,40.8706373865847,39.73286702115923,40.25722885131836,19846800
2025-10-08,41.50382356235315,42.57233479723707,41.42467262503797,42.394248962402344,25769000
2025-10-09,44.05638700249652,44.31362381024984,42.097446322307555,42.849365234375,23238000
2025-10-10,43.20553274945506,43.20553274945506,40.306699119203614,40.44520950317383,24243400
2025-10-13,42.829574776093786,43.03734034091517,41.830314875358106,42.32499694824219,15475300
2025-10-14,41.11797761867117,41.978723418176735,40.06925020523198,41.523616790771484,16563400
2025-10-15,42.53638305017526,42.53638305017526,40.97751031044986,41.414390563964844,16028100
2025-10-16,41.722196516233346,41.74205522685067,40.917935780709655,41.40446472167969,15081000
2025-10-17,41.30517467151628,41.692413879901636,40.421482806242764,40.888153076171875,14027500
2025-10-20,41.632835540002944,41.9207811716444,41.12644787226634,41.8909912109375,12617500
2025-10-21,40.908006164041346,41.215806693239344,40.371832368606576,41.01722717285156,12932200
2025-10-22,40.36190612106387,40.908007393871,39.835659770763165,40.49098205566406,12134400
2025-10-23,41.156235756764865,41.95056522840951,40.769000376066955,40.93779373168945,18292600
2025-10-24,40.86829052197803,41.33496074803701,40.17325080741364,41.07680130004883,10605300
2025-10-27,41.43425196410083,41.43425196410083,40.16332475305572,40.8087158203125,14374400
2025-10-28,40.30233212969719,41.652694191508736,40.21296982302843,40.87821960449219,11973800
2025-10-29,41.424324753364054,43.18178092859591,41.25552760156455,41.8909912109375,19707800
2025-10-30,41.46403604929452,42.039927280092485,40.57041681939442,41.43424987792969,11822900
2025-10-31,41.29524370711528,42.21865291868115,40.96758066342208,41.40446472167969,11939500
2025-11-03,41.27538849689514,41.295247209196596,40.14346840934649,40.888153076171875,13717200
2025-11-04,39.68672626139511,39.746298605942066,38.84274809958258,39.140621185302734,14388400
2025-11-05,39.607294121798596,40.38176495506394,39.33920719005396,39.925025939941406,12057600
2025-11-06,39.62714796612557,39.63707542712091,38.266858550069564,38.37607955932617,25307300
2025-11-07,39.64700720597618,39.72643825798585,38.47536983445595,39.52785873413086,17305700
2025-11-10,40.50091650343717,40.957655510392975,40.064032420555975,40.65978240966797,13890600
2025-11-11,40.540629907476166,41.047013749736635,40.16332199721327,40.778926849365234,10730700
2025-11-12,41.1760966172532,41.96049488090432,41.1760966172532,41.51368713378906,12842900
2025-11-13,41.553402819876496,41.593120244408766,39.92502629067414,40.252689361572266,10381700
2025-11-14,39.34913132191368,40.38175765025101,38.60444679766371,39.87537384033203,10358500
2025-11-17,39.70658380052453,39.74629743316342,38.59451875807859,38.72359848022461,17578500
2025-11-18,41.45411210060119,41.513688236040615,39.65693845196292,39.716514587402344,23695200
2025-11-19,40.620062541771524,41.920779674779624,40.481055355642454,40.9576530456543,19873600
2025-11-20,41.6030489219418,41.6030489219418,39.03140455125128,39.34913635253906,15648000
2025-11-21,39.54771922736331,40.01438567465974,38.574661335820224,39.587432861328125,18896900
2025-11-24,39.617223708503474,40.828574793945904,39.617223708503474,40.50091552734375,15241000
2025-11-25,40.94772398855979,41.49382525035564,40.679637088188386,40.778926849365234,11446600
2025-11-26,41.48389593140528,42.18886690413676,41.265457689122506,41.85127639770508,13339400
2025-11-28,42.45695012046539,43.10234496250798,42.02006984730015,42.675392150878906,8848100
2025-12-01,43.09241830072481,43.618660888129234,42.695251653995,42.76475524902344,14614800
2025-12-02,42.87397326438266,43.11227020560641,42.0101402240388,42.665462493896484,11131900
2025-12-03,44.015829330706616,44.770441445087236,43.8172459992395,44.21440887451172,22864300
2025-12-04,43.71795105147203,44.422922045178005,43.35057436190371,44.29384231567383,12392100
2025-12-05,44.94916133591362,45.64420102909816,44.80022290606636,44.87965774536133,20208100
2025-12-08,45.05838397477055,45.39597447865332,44.41298913898645,44.68107604980469,16538400
2025-12-09,43.81724457132368,44.879661004239416,43.618661246327996,44.48249435424805,10310100
2025-12-10,44.56192723543712,46.12080001831055,44.37327138055756,46.12080001831055,17054800
2025-12-11,46.2498799697819,47.97754611799072,46.10094153495002,47.76903533935547,20741000
2025-12-12,48.41442543442889,48.65272616794506,46.478248545629796,47.04420852661133,17034900
2025-12-15,48.474001960598855,48.51371938111953,47.054136372109376,47.1832160949707,15437700
2025-12-16,46.97470971575519,47.3420864208051,46.289597404460274,47.20307922363281,15481500
2025-12-17,47.769032333426395,47.898112049647395,47.03427524223932,47.48108673095703,15613000
2025-12-18,47.729317920923805,47.9576874100596,46.984633322048154,47.580379486083984,15029500
2025-12-19,47.72931860396107,49.28819141690297,47.72931860396107,48.801666259765625,21954800
2025-12-22,49.64564143713448,50.58890938197241,49.556279131041165,50.281105041503906,15316600
2025-12-23,51.244231344047044,51.91941236594886,50.62862645501721,51.53217697143555,14155700
2025-12-24,51.56196372012366,51.62153985366126,50.8669239794991,51.552032470703125,4073900
2025-12-26,52.67402047847849,53.38891886847416,52.266926403655745,52.664093017578125,14848300
2025-12-29,51.2045127551005,51.84990758968767,50.807346120329676,51.115150451660156,15231700
2025-12-30,51.86976610586075,52.00877329121122,50.48961413841685,51.04564666748047,10055700
2025-12-31,50.93642613074276,51.14493691072027,50.300962541671254,50.4300422668457,8776800
2026-01-02,51.36337880968845,51.82011778971855,50.638552918511515,51.56196212768555,11518400
2026-01-05,53.24991279808342,54.064100964672974,52.91232230552227,54.024383544921875,26935100
2026-01-06,55.61304514597928,56.71517897753509,55.27545463710327,55.75205612182617,35253300
2026-01-07,54.838572032151845,55.18609377551354,53.468351344020014,55.106658935546875,20894000
2026-01-08,54.23289434104907,54.23289434104907,52.91232232886598,53.835731506347656,22333100
2026-01-09,55.057016328758486,56.308084808620926,54.1832519913389,56.12936019897461,19272700
2026-01-12,57.340715578350604,58.41306324620523,56.75489686076229,58.29391098022461,20373700
2026-01-13,59.594626037226625,59.66412962942844,58.005963302578095,58.9194450378418,22060100
2026-01-14,59.78327979895888,60.27973620742922,58.701004676987075,59.92228698730469,19747500
2026-01-15,58.70791671579198,60.220905202990124,58.42920960926322,59.68339538574219,18285700
2026-01-16,58.359534231562044,58.57851676461262,57.43382412314478,58.43916320800781,21629900
2026-01-20,58.8273621678076,60.10145993628045,58.08082201949989,59.79288864135742,19583600
2026-01-21,61.2660597704666,61.84338596524875,59.47436420244871,60.300537109375,25719800
2026-01-22,60.499611006842564,61.46513745809828,57.97133131541435,58.578514099121094,25597200
2026-01-23,59.474365767900586,60.52947722211961,58.11068681264456,60.13132095336914,24545800
2026-01-26,63.1274300909373,63.28669562682074,60.81813298001865,60.88780975341797,31620200
2026-01-27,61.21629236782031,62.88854260944093,60.98735384388529,62.57997131347656,20123700
2026-01-28,63.83415738193328,64.37166720423915,61.73389427110034,63.33646774291992,22636500
2026-01-29,69.06989425722418,69.11966663837174,62.81886593272703,64.82954406738281,48277600
2026-01-30,61.4551846802406,61.634350816674484,58.38939141498124,59.9521484375,40774400
2026-02-02,59.60376808060875,60.967447057732585,59.28524457934041,60.479705810546875,21334600
2026-02-03,63.794339757298694,64.66032905323542,62.31121547284985,64.37166595458984,31102700
2026-02-04,64.68024042247525,65.3471477849135,60.698689251966876,61.57463073730469,31834200
2026-02-05,59.67344363571447,60.64892231298611,57.96137700367469,58.94681167602539,22330400
2026-02-06,60.08155395080036,60.72855315817875,59.43455094632228,60.39012145996094,20119100
2026-02-09,61.076938400564764,63.87397304992581,60.99730562907429,63.316558837890625,14752000
2026-02-10,62.95821796828591,63.22697287218191,61.78366118700685,62.968170166015625,11647400
2026-02-11,64.79968015848021,65.1978364034479,62.77904613845279,65.15802001953125,15495800
2026-02-12,65.66566995842422,65.67562595303444,60.96744293664295,61.75379943847656,23459900
2026-02-13,60.86790745219345,63.0577554865233,59.88247279906541,62.55010986328125,14370600
2026-02-17,60.957491306442954,61.29592298145143,58.92690125639208,60.80818176269531,12238400
2026-02-18,62.470474410209356,62.888538844133635,61.26605728362395,62.261444091796875,17244800
2026-02-19,61.146616375245536,62.29131280670461,59.862566388047014,62.28135681152344,13357900
2026-02-20,61.76375686938212,64.09296238551103,61.614451111472405,64.0431900024414,14680000
2026-02-23,63.94365004308409,65.62585627407442,63.58531396146145,65.24761199951172,15631300
2026-02-24,65.09830125852098,68.52242684529907,64.51101907029575,67.56685638427734,20299300
2026-02-25,68.68169527320094,69.428235439214,67.82566194197004,68.50252532958984,16182000
2026-02-26,67.96500751945845,68.28353098246043,65.51635697371856,68.06454467773438,17726800
2026-02-27,68.07450529504676,68.61201509927935,66.56152064158384,67.76593780517578,19425700
2026-03-02,66.85018356552969,68.32335183037904,66.10364343836716,67.97496795654297,15851100
2026-03-03,63.864025545080295,65.3869662487552,60.56928982478183,65.26751708984375,25564300
2026-03-04,66.57146895001831,67.5369953973481,65.46658895299134,65.6258544921875,17438500
2026-03-05,63.854069270079435,64.00337881951452,61.08689118768624,62.370941162109375,23068000
2026-03-06,60.360256488662074,60.917674477878265,58.429207414215746,59.08616256713867,25912800
2026-03-09,56.99584986345735,60.21095275878906,55.24397066271487,60.21095275878906,26344800
2026-03-10,60.698693088816704,62.82882046070291,60.4498463622487,62.112144470214844,16982400
2026-03-11,61.027168811707476,61.485045848937055,59.344962614125706,61.256107330322266,17754700
2026-03-12,60.36025492886493,60.75841116760176,58.62828402368814,58.936851501464844,17564000
2026-03-13,58.77759623372179,58.78755222919046,55.72175872599196,56.11991500854492,21443200
2026-03-16,56.946081926693886,57.991237380871205,56.537973461839904,57.66276168823242,17824100
2026-03-17,57.98128322633159,58.39934387505535,57.264603488977215,57.822021484375,10610300
2026-03-18,56.02037154654534,56.448388202258855,54.78609396033393,55.1942024230957,17258700
2026-03-19,52.23790210109879,53.740938390216414,50.55569967001902,53.372642517089844,27550300
2026-03-20,52.82517958055495,53.67125688028826,51.27237473480616,51.849700927734375,25007300
2026-03-23,54.01964656644162,55.054849835497905,52.994399292585676,54.686553955078125,24888600
2026-03-24,53.97982770668856,56.36875763396679,53.73098099747622,56.21944808959961,17123000
2026-03-25,57.563225231765806,57.88174873036565,56.557882354166615,56.826637268066406,13965000
2026-03-26,55.10461948628967,55.950696833904644,54.64674242280626,55.572452545166016,16016500
2026-03-27,54.90554064010928,56.906266616084245,54.67660211131311,55.980560302734375,12327400
2026-03-30,57.31437974496952,57.88174997638296,53.920106757703564,54.39789581298828,14246700
2026-03-31,56.080096072247535,58.727824978726474,56.00046330051605,58.50883865356445,18882500
2026-04-01,60.46975018345764,61.76375230862203,59.62367289314616,60.91767501831055,23684000
2026-04-02,58.76764209161273,62.251496158873586,58.76764209161273,61.09684753417969,16880000
2026-04-06,60.818132533685365,61.435275089406474,60.12136480480563,60.76836395263672,8511500
2026-04-07,60.44984541889661,60.83804569874868,59.40468994304113,60.479705810546875,18276900
2026-04-08,64.9489921639905,65.56613474681669,63.72466299324472,64.7996826171875,20338000
2026-04-09,64.89922189846645,66.44207460870791,64.35176366794796,66.1434555053711,12664700
2026-04-10,66.92981418526891,68.09442264996916,66.7904606243987,67.48723602294922,15706800
2026-04-13,66.54161438986664,68.23377671818594,66.54161438986664,67.71617126464844,13134100
2026-04-14,68.22381393245819,68.5124770231629,67.25828749663178,67.9550552368164,12330800
2026-04-15,67.79544715649695,69.29181519806127,67.37646593148008,68.53365325927734,15405600
2026-04-16,68.70324516785799,69.34169490244113,67.55602818477473,68.11466979980469,10342700
2026-04-17,69.20203844519439,70.53879027479837,67.62586224327676,70.04000091552734,20218300
2026-04-20,69.37162106600061,70.7981588570401,69.06237411628784,70.01007080078125,12297800
2026-04-21,69.83050369021294,70.54876151734533,67.29665307157184,67.40638732910156,17092800
2026-04-22,69.2219836973014,70.31931871837686,69.00251517090204,70.18963623046875,14213100
2026-04-23,62.11922670475097,65.0421288229164,60.852301286877086,61.331138610839844,38773500
2026-04-24,61.91970658434414,62.29878753738295,59.68513253639658,60.90217590332031,17741600
2026-04-27,61.161549735251214,61.271280192557306,59.22624467655214,60.42333984375,15199300
2026-04-28,59.61529983217012,60.05423688384452,57.72987674881787,58.069053649902344,14754700
2026-04-29,57.83961310305561,57.83961310305561,56.45297930613427,56.79215621948242,11444700
2026-04-30,57.789733080860465,58.198740186338114,56.881936636729066,57.64009475708008,16181400
2026-05-01,57.55031359788781,58.02915091527603,56.363196319704144,56.4130744934082,14899700
2026-05-04,56.06392333529957,56.752251263842666,55.35564337623137,55.435447692871094,14777200
2026-05-05,56.871960707576754,57.849591194328916,56.11380256071473,57.540340423583984,13861100
2026-05-06,60.48319637289372,61.13162023096299,59.864694851986194,60.7425651550293,17655500
2026-05-07,61.480776118730844,62.398546692709175,59.97443015625413,60.4632453918457,18316100
2026-05-08,61.630411098730974,62.12920045059629,60.553028077541484,61.500728607177734,12202700
2026-05-11,62.06934617908189,64.82266544439383,61.989538058714295,64.21414184570312,14852300
2026-05-12,63.45597867577942,66.20929788692945,62.57810839630805,65.8701171875,14477500
2026-05-13,66.66818794157831,68.68329361495164,65.71051327999203,66.99739074707031,17112400
2026-05-14,66.76793880948615,66.76793880948615,64.79272974963955,65.97985076904297,12618300
2026-05-15,62.039415310075405,63.65549547437857,61.2313790333844,62.85742950439453,15462600
2026-05-18,62.1990308971938,63.30634387151275,59.56542371798159,60.353511810302734,14798200
2026-05-19,58.91699788923333,59.78489027056793,58.158835965512935,58.55786895751953,12142700
2026-05-20,59.046681771071086,60.91215667646554,58.667604605721614,60.72261428833008,12015900
2026-05-21,60.353511281518465,62.95719229443786,59.61530136995337,62.15913009643555,10184500
2026-05-22,62.558158855609484,62.558158855609484,61.36106366423981,61.83990478515625,7856200
2026-05-26,62.88735908255933,64.81268618373872,62.88735908255933,64.20416259765625,11372000
2026-05-27,63.86498434950053,64.2340912045271,62.71777113991454,63.47593307495117,8262700
2026-05-28,63.07689934763518,65.90004502728279,62.32871533920219,65.71051025390625,10288100
2026-05-29,65.27157487169715,66.63826043536643,64.32387814778062,65.55089569091797,11376700
2026-06-01,65.10198902384036,67.31661498725096,64.32387884446293,66.87767791748047,10051200
2026-06-02,67.70566471861265,71.91544016645913,67.55602640113153,71.54634094238281,18969700
2026-06-03,71.47651257216994,71.47651257216994,69.11224840602107,70.46895599365234,13873000
2026-06-04,69.75070196502027,71.69598502690647,68.88281335347679,69.5212631225586,11648600
2026-06-05,67.3265834908981,67.3265834908981,62.21898167623129,63.21656036376953,18101000
2026-06-08,64.4535586703151,65.5608716062001,63.545762230118854,63.755252838134766,12694000
2026-06-09,65.01219955828323,66.2691508031202,61.70023870577851,64.09442901611328,15696300
2026-06-10,63.04697457806288,64.62314694464756,61.580532671851095,61.9296875,14778100
2026-06-11,62.877384015865694,66.43873965754972,62.1890560853208,66.17936706542969,14895400
2026-06-12,67.04726288216412,68.75312152978589,66.66818571966643,68.2443618774414,12609400
2026-06-15,71.01762839149454,71.7059525026201,69.08232332424471,69.96018981933594,16652600
2026-06-16,70.40910746692421,71.34682628273988,69.48135895838588,69.98014831542969,9007500
2026-06-17,69.96019304695422,72.10498882183789,68.67331558202402,68.89278411865234,16490300
2026-06-18,69.780623936783,70.44900742054514,67.85529682643305,68.51370239257812,17963700
2026-06-22,68.33413948508806,69.74072907517663,67.9949663876014,69.04241943359375,12958900
2026-06-23,65.27157683822058,65.73046214232615,63.54576608589765,64.24407196044922,16705900
2026-06-24,62.55815804063333,62.6379661615666,60.90217758587445,61.69026565551758,18531800
2026-06-25,63.07690073472692,63.595642115303114,61.56058065430283,62.64794158935547,14175100
2026-06-26,61.90973489763597,62.84745749666802,61.49074986881862,62.298789978027344,24660500
2026-06-29,61.76009722904323,62.19903048753408,60.36348552540576,61.47079849243164,12286700
2026-06-30,62.827506540090354,63.13675730937334,61.90973595583496,62.73772430419922,13931700
2026-07-01,61.55060718011923,62.89733691669807,60.38343811035156,60.38343811035156,15526400
2026-07-02,61.17152344716799,62.109246022513794,59.29607449101578,60.82237243652344,13553500
2026-07-06,61.62043476744329,61.91970760669496,60.383435544952924,60.852298736572266,16343700
2026-07-07,59.954476371603995,60.30363118837164,58.01917512736101,59.186344146728516,18273700
2026-07-08,57.77975621940467,58.72745674126554,55.86440695057745,57.360774993896484,21829900
2026-07-09,59.53549772887018,60.9420835580266,58.278546422966535,60.38343811035156,16381700
2026-07-10,60.223823349513054,61.909733740307196,59.98440659934507,61.37104034423828,11865700
2026-07-13,60.612879035811616,61.849878275728884,59.4756399473574,59.82479476928711,12722800
2026-07-14,61.79002131932367,62.76764795720349,61.05181523614083,61.79999923706055,11627900
2026-07-15,62.630001068115234,62.880001068115234,59.369998931884766,60.970001220703125,14260800
2026-07-16,59.54999923706055,59.970001220703125,57.54999923706055,58.560001373291016,15386900
2026-07-17,56.70000076293945,59.36000061035156,56.0,58.380001068115234,20412700
2026-07-20,59.02000045776367,59.34000015258789,58.52000045776367,58.790000915527344,9953800
2026-07-21,61.09000015258789,62.66999816894531,60.470001220703125,62.560001373291016,15873500
2026-07-22,62.939998626708984,65.08000183105469,62.619998931884766,65.0,17461600
2026-07-23,62.63999938964844,65.43000030517578,61.970001220703125,63.5,18914100
2026-07-24,62.560001373291016,62.9900016784668,61.04999923706055,62.599998474121094,11938900
2026-07-27,63.529998779296875,63.529998779296875,61.18000030517578,62.720001220703125,9601600
2026-07-28,61.459999084472656,62.56999969482422,59.93000030517578,61.63999938964844,13592000
2026-07-29,60.79999923706055,61.560001373291016,58.189998626708984,59.9900016784668,22668800
2026-07-30,61.75,63.63999938964844,61.7400016784668,63.439998626708984,14850400
2026-07-31,62.599998474121094,63.650001525878906,60.970001220703125,62.630001068115234,10789600
2026-08-03,62.06999969482422,63.75,61.27000045776367,63.63999938964844,8951400
2026-08-04,66.19000244140625,67.8499984741211,65.75,67.30000305175781,16305900
2026-08-05,68.94999694824219,70.55999755859375,68.62000274658203,69.38999938964844,17116400
2026-08-06,68.4800033569336,69.66999816894531,67.94000244140625,68.18000030517578,12634900
2026-08-07,69.97000122070312,70.54000091552734,68.63999938964844,69.62000274658203,11290100
2026-08-10,69.73999786376953,71.22000122070312,68.88999938964844,70.51000213623047,11801000
2026-08-11,70.73999786376953,70.83000183105469,68.27999877929688,68.87000274658203,11952400
2026-08-12,70.08999633789062,70.08999633789062,68.70999908447266,69.22000122070312,8173500
2026-08-13,68.1500015258789,69.0999984741211,66.62999725341797,66.83000183105469,9297000
2026-08-14,66.72000122070312,67.45999908447266,65.56999969482422,66.48999786376953,8200200
2026-08-17,66.62000274658203,68.88999938964844,66.54000091552734,68.37999725341797,9837400
2026-08-18,67.08000183105469,68.02999877929688,65.70999908447266,66.31999969482422,10486800
2026-08-19,68.9000015258789,69.86000061035156,67.26000213623047,69.08999633789062,16696500
2026-08-20,67.81999969482422,71.5199966430664,67.72000122070312,71.22000122070312,17647400
2026-08-21,74.45999908447266,77.33000183105469,74.4000015258789,76.66000366210938,28518300
2026-08-24,78.38999938964844,78.87999725341797,76.11000061035156,77.80000305175781,21435700
2026-08-25,77.12999725341797,79.94999694824219,76.80000305175781,79.91000366210938,15801100
2026-08-26,79.33999633789062,80.23999786376953,78.27999877929688,79.0,18324500
2026-08-27,78.83000183105469,79.83999633789062,78.16999816894531,78.41999816894531,15105400
2026-08-28,78.56999969482422,78.7300033569336,75.9000015258789,76.44999694824219,18058100
2026-08-31,76.94999694824219,77.01000213623047,74.87999725341797,75.73999786376953,14023200
2026-09-01,73.55000305175781,75.5,72.37000274658203,72.47000122070312,12799500
2026-09-02,73.04000091552734,75.63999938964844,72.76000213623047,73.93000030517578,11960300
2026-09-03,75.33999633789062,75.54000091552734,71.44999694824219,72.55999755859375,11280200
2026-09-04,71.72000122070312,73.29000091552734,71.44999694824219,72.7300033569336,7265300
2026-09-08,75.9800033569336,78.63999938964844,75.5,76.62000274658203,16796100
2026-09-09,77.02999877929688,78.12999725341797,75.81999969482422,76.2300033569336,10207400
2026-09-10,70.25,71.5999984741211,68.8499984741211,71.20999908447266,22181400
2026-09-11,71.45999908447266,72.69999694824219,70.93000030517578,71.06999969482422,10762800
2026-09-14,67.31999969482422,70.05999755859375,67.01000213623047,69.33999633789062,11040500
2026-09-15,69.44000244140625,69.77999877929688,68.3499984741211,69.37999725341797,7533700
2026-09-16,70.08999633789062,70.30000305175781,67.80000305175781,69.23999786376953,10931800
2026-09-17,71.44000244140625,71.58000183105469,70.29000091552734,70.8499984741211,11729100
2026-09-18,71.0,71.5999984741211,70.4800033569336,71.54000091552734,14993200
2026-09-21,72.88999938964844,73.27999877929688,70.80999755859375,72.16000366210938,9738400
