Date,Open,High,Low,Close,Volume
2021-09-22,88.81178570410314,91.77300885697908,88.81178570410314,89.9045181274414,70100
2021-09-23,90.55518816883057,93.674909141587,90.55518816883057,92.54046630859375,167900
2021-09-24,91.79805536065942,92.84907800750344,90.80541649681355,91.16410064697266,88800
2021-09-27,91.62286726014709,95.54336898899085,91.3392598277537,94.16702270507812,120300
2021-09-28,94.92612306097486,95.97714582375689,91.71464552699264,94.10031127929688,103700
2021-09-29,94.5590740376176,94.5590740376176,92.36526578368601,93.69155883789062,74600
2021-09-30,90.22151702043568,95.43494585073873,90.22151702043568,90.88883209228516,72800
2021-10-01,91.31424105491445,94.95946607628944,90.45506908295694,93.72492980957031,90000
2021-10-04,93.67489316241776,95.82699177891365,91.03898045184984,91.41434478759766,67200
2021-10-05,92.2568435298343,95.16802066617556,90.505132559556,95.00953674316406,112400
2021-10-06,93.17438802579834,94.98449516811488,89.62091987886885,91.70629119873047,70800
2021-10-07,93.29117839545799,95.76026390544725,92.88244735451438,94.14201354980469,91500
2021-10-08,94.25045084822665,95.00952914762404,91.35595411684795,91.56449127197266,57500
2021-10-11,92.9575305360227,96.05222136183107,91.23917993505721,91.40601348876953,77300
2021-10-12,91.32260344612791,92.38196950619775,90.26323102200848,91.00562286376953,64100
2021-10-13,91.15576222783021,92.90747309646223,88.88687691209579,92.56547546386719,68800
2021-10-14,94.35055160282806,95.48499424339427,92.91581494775616,94.20874786376953,70900
2021-10-15,96.80294409454562,99.52226385064264,96.80294409454562,97.59538269042969,126400
2021-10-18,97.62875784589683,98.55466334785443,95.95211729315615,97.98744201660156,64700
2021-10-19,97.11993487237841,97.43690909214052,92.47372679728964,93.60816955566406,154400
2021-10-20,93.20776790284488,95.78529052775778,92.01493508474942,95.08460235595703,85000
2021-10-21,90.08804862535195,90.08804862535195,82.82261509712283,85.11652374267578,451500
2021-10-22,85.24253993141613,86.08261619933701,83.51198487046655,83.73040008544922,192000
2021-10-25,83.88161401480441,85.79698687891891,81.84022842873011,81.98303985595703,119400
2021-10-26,82.04184751683673,84.39405711007163,82.04184751683673,83.76399993896484,121800
2021-10-27,82.99952415262774,84.52005989595155,81.57139088701216,83.37755584716797,125000
2021-10-28,83.69680022696058,85.24254396591664,83.58759261430049,83.98242950439453,130900
2021-10-29,84.31006557072737,84.62929228612718,81.21858425204685,81.60501861572266,104400
2021-11-01,82.2518832775204,83.54559529142549,80.91615847069411,81.94945526123047,131600
2021-11-02,81.95783981874598,82.80631865606917,79.91645420215156,82.28546905517578,80100
2021-11-03,82.24347075380872,85.41895813081716,81.52940718325117,85.0997314453125,92900
2021-11-04,85.38536444739489,85.38536444739489,83.20956965640504,84.83091735839844,100900
2021-11-05,85.18373374043031,90.32499633126157,85.18373374043031,90.17378234863281,160000
2021-11-08,90.83745411096845,93.14766409108817,90.51822740287236,92.34959411621094,108000
2021-11-09,91.95475583593159,93.03845508869608,89.37572171648046,89.77896118164062,127700
2021-11-10,89.06489392192427,89.77056140550404,85.47777064232216,86.01541900634766,82100
2021-11-11,87.14951293924408,88.48523757943862,86.48585189791481,88.09040069580078,60700
2021-11-12,88.30881356490838,91.35828790202392,88.30881356490838,90.73663330078125,110000
2021-11-15,91.08107893422752,91.72794133142497,87.80477979365136,89.63614654541016,107100
2021-11-16,89.6949386004063,89.6949386004063,88.09879884912367,88.51883697509766,108300
2021-11-17,87.73756972417856,89.1825019675666,85.90620315674289,86.14982604980469,101700
2021-11-18,85.82219558774412,87.10751126686374,84.07483539227998,85.84739685058594,97100
2021-11-19,85.09973497798964,86.80508890611875,84.41926879090197,84.58728790283203,58100
2021-11-22,84.88970230903692,87.82996899986965,84.72168322399712,86.28422546386719,74800
2021-11-23,86.54464591923856,88.74564783536157,86.11621167876974,87.14110565185547,72600
2021-11-24,86.13300783927484,86.9562852978748,85.04930882149796,85.3349380493164,62000
2021-11-26,82.91551172601227,82.91551172601227,78.12708033377983,80.25247192382812,94300
2021-11-29,81.5798087868334,82.47028760056097,78.29510742645982,78.89996337890625,119500
2021-11-30,77.74906752471394,78.48833239366586,74.37195706201183,74.96001434326172,168700
2021-12-01,77.00977552767174,78.7571353761083,75.43043474693413,75.53964233398438,115900
2021-12-02,76.04369588687445,78.89995628940561,74.87599046498673,78.177490234375,67300
2021-12-03,78.05988830359206,78.75715317122697,76.73256621058734,78.3287124633789,76200
2021-12-06,79.35360135503541,80.82373478418276,77.93387044963427,78.93356323242188,105400
2021-12-07,80.3785025246313,81.65541571048479,79.4712185611368,79.65603637695312,72300
2021-12-08,79.98365211479135,81.82342099503859,79.29478990540444,81.63860321044922,80700
2021-12-09,80.56330639671343,81.95782951322084,79.39560102718563,81.42018127441406,108900
2021-12-10,78.07670771623845,81.0841765516849,77.30383250720764,79.92487335205078,127900
2021-12-13,80.73132277485915,80.73132277485915,76.68215568520135,79.0511703491211,121400
2021-12-14,78.44631562187242,80.73132398048367,76.40493013774415,76.69055938720703,188600
2021-12-15,76.47215748633184,78.25312185063049,74.59879060995,77.94229125976562,132600
2021-12-16,78.6983366828598,79.50480904535927,76.27891959536139,76.79136657714844,107500
2021-12-17,76.78297903791224,78.63114442894368,74.985216176497,78.29511260986328,360600
2021-12-20,76.70737525346073,76.99300456682776,73.85112057543662,75.13643646240234,116200
2021-12-21,75.92608310547324,79.14357642430353,75.92608310547324,78.51351928710938,107300
2021-12-22,78.51351510329584,79.89964201311386,78.28669736607252,79.81563568115234,86800
2021-12-23,80.21047949554095,81.21016582893837,79.72323375463671,80.86573791503906,51700
2021-12-27,80.61371045578348,81.88222729779118,79.49640758440763,81.65540313720703,52100
2021-12-28,79.69804377266736,81.8822409498603,79.69804377266736,80.8741455078125,94300
2021-12-29,80.8993447250361,81.51259679293318,78.16069437959929,79.87445068359375,52600
2021-12-30,80.06766225096865,81.26897149854477,78.88315811693788,78.94196319580078,48800
2021-12-31,79.00917220395004,80.2104814723948,78.30350483606372,78.91676330566406,60000
2022-01-03,79.12678684759645,82.47868940949793,79.12678684759645,81.69741821289062,104600
2022-01-04,82.0418508715191,83.83961356051229,80.57171741215632,81.50419616699219,277500
2022-01-05,83.61278740989172,83.67999504753281,81.50419424613227,82.53749084472656,181200
2022-01-06,83.1591493303563,83.89842056018256,82.53749467649881,83.7052001953125,103400
2022-01-07,83.31875379905219,84.847692153769,82.33586623014976,84.17562866210938,113700
2022-01-10,83.25156641656353,84.7049013468183,81.95784804648633,83.8564224243164,179700
2022-01-11,84.0916185149428,85.85577708896523,82.52907641556722,84.16722869873047,187300
2022-01-12,85.89779518956652,86.50265110538261,82.14265338660252,82.67190551757812,114700
2022-01-13,82.63830081279464,85.92299552974735,82.04184746033705,84.9653091430664,160200
2022-01-14,85.35174197705635,89.17409131072657,84.35205564167977,88.88006591796875,169400
2022-01-18,88.49362033843049,89.32530035827789,85.62896394232924,86.72946166992188,97200
2022-01-19,86.79667928543874,88.5104356320321,83.90681488813154,84.12523651123047,92900
2022-01-20,84.55366893631096,86.77987209878455,84.0244168401161,84.2596435546875,140300
2022-01-21,83.01517165653505,85.09774611458958,81.53366488500848,82.80352783203125,145700
2022-01-24,81.55906730195129,83.67550570765512,79.47649268580162,83.04904174804688,124300
2022-01-25,81.64373625160626,84.3951063895211,79.09554240770335,83.47233581542969,93300
2022-01-26,83.97181107102827,85.42792170709907,79.73046675714433,80.49238586425781,118500
2022-01-27,80.7633024244263,82.96439738993871,77.80028823192848,78.62992858886719,92600
2022-01-28,78.66376293221292,81.1865597706374,77.20765261220943,80.90718841552734,63900
2022-01-31,79.90825768016941,81.86384493884371,79.48496994737526,81.05960083007812,109200
2022-02-01,81.19503441029373,83.09982870127064,80.80560411590028,82.03314208984375,155800
2022-02-02,82.74428789450822,82.74428789450822,78.57913796787241,80.04371643066406,154200
2022-02-03,79.67966736750616,81.00879029355944,79.06166457362349,79.3664321899414,78700
2022-02-04,79.18019634086023,80.23841559369727,77.76641696919583,79.59501647949219,66100
2022-02-07,79.33256949363634,80.78868002296811,78.4605979800813,78.76536560058594,71800
2022-02-08,78.88389803603894,82.89666372558648,78.88389803603894,82.5918960571289,74700
2022-02-09,83.09982836662745,83.91253981910869,82.35483802437727,82.90511322021484,48600
2022-02-10,81.71990543887203,85.08081011566404,81.71990543887203,83.32839965820312,81800
2022-02-11,83.01516570191167,85.52949519008268,82.58341698126998,84.12418365478516,106600
2022-02-14,84.65754990666524,85.25015017246851,82.65116364868823,84.5220947265625,105500
2022-02-15,85.00463919736205,87.899925521473,84.55594880895502,87.64595031738281,45500
2022-02-16,87.20571760800304,90.05021094178173,87.20571760800304,89.28829193115234,69400
2022-02-17,88.4840522915373,89.1359189246928,86.48614041781437,87.31578063964844,65800
2022-02-18,86.8163047987017,88.41633169483221,86.29142575607376,88.01844024658203,54900
2022-02-22,88.14543455564173,88.46713088822828,86.15597716283932,86.61312866210938,83200
2022-02-23,87.05333758542821,88.28933671906462,85.96972226053364,87.15492248535156,82700
2022-02-24,81.35589808633397,83.27762794250673,76.26797790883796,80.4077377319336,229300
2022-02-25,80.86488198603533,83.53159587420545,80.4161980429157,82.68502044677734,148900
2022-02-28,80.68709233715899,83.06597339768696,79.64580830206873,81.69451904296875,139600
2022-03-01,81.01727461023296,82.99826468392239,76.83519593708175,77.8680191040039,125300
2022-03-02,78.30822385733802,80.45005856834311,78.20663248498298,79.75586700439453,79300
2022-03-03,79.84899963128237,82.17708221924357,76.88598542842264,82.05009460449219,127300
2022-03-04,81.11886819485623,81.11886819485623,78.02040506902584,80.53472900390625,78300
2022-03-07,80.09449921701169,80.09449921701169,74.93039056192931,75.11663818359375,113700
2022-03-08,74.55789542361308,76.41189762151953,72.84781595283222,74.5071029663086,115300
2022-03-09,75.04043193936255,78.32514168467902,75.04043193936255,76.56427001953125,85200
2022-03-10,76.2341277894561,77.99499995377516,75.76850867217304,77.3431396484375,53700
2022-03-11,77.30080541417257,77.56324820636176,73.59280711766831,73.80445098876953,79200
2022-03-14,74.28698506488429,76.5558072032829,72.65309442276673,74.09226989746094,142900
2022-03-15,73.67745933195819,74.58329479221759,72.00124358176433,73.75365447998047,128400
2022-03-16,74.89654956809882,77.63945289415373,74.89654956809882,76.97065734863281,113200
2022-03-17,76.38649452087914,78.79076534690842,76.38649452087914,78.1135025024414,79100
2022-03-18,77.63942073375469,78.54525605510203,76.18331017034993,77.82566833496094,331800
2022-03-21,77.99500288114245,81.69454034962556,77.99500288114245,81.40670776367188,121700
2022-03-22,82.11781992142974,82.60883524015809,80.4839290192779,80.52626037597656,59400
2022-03-23,80.42465112335414,82.32097793083544,80.03522727192492,81.81303405761719,84100
2022-03-24,82.52417370128009,82.9982538634285,80.1791562016721,82.0416259765625,63100
2022-03-25,81.88923576055319,83.5993151113127,80.89027659757764,81.61833190917969,86300
2022-03-28,80.93261410854745,81.32203805193788,78.29130276053272,78.96855926513672,84600
2022-03-29,78.68071513115316,80.84794596129166,77.4870407868658,80.49238586425781,160400
2022-03-30,80.94108453982325,82.02470015267288,80.17069773011572,80.39927673339844,86400
2022-03-31,79.747396454194,81.40668984620473,79.29871254610376,79.71353912353516,95900
2022-04-01,80.37387733686785,81.18658901450374,78.68918749808283,80.18762969970703,112400
2022-04-04,80.1537445580407,80.1537445580407,77.95265020998116,79.50188446044922,78600
2022-04-05,79.68815098555557,80.27229015835456,77.07223574170698,77.3431396484375,78300
2022-04-06,77.27539441548748,78.17276219063214,75.81928382716109,77.58016204833984,78900
2022-04-07,77.58016590238722,78.14736984659572,76.3780304346702,77.27539825439453,131000
2022-04-08,77.08916375591733,77.82568677368046,75.05738770211019,75.15050506591797,75800
2022-04-11,74.981165191183,76.75897181906883,74.60867003642086,75.18434143066406,65600
2022-04-12,75.99708042046642,77.88494664294869,75.99708042046642,76.90291595458984,79300
2022-04-13,77.49552587199727,81.78766361060005,77.49552587199727,81.31358337402344,114700
2022-04-14,81.00879927442583,85.31786481025574,81.00879927442583,85.07235717773438,141500
2022-04-18,84.79299280398794,87.58668767090913,84.53055004526993,85.95279693603516,173500
2022-04-19,85.95280661643517,87.78141273573256,84.4797671040178,86.7570571899414,121800
2022-04-20,86.63005054276096,87.89991347141289,85.39405140060255,86.4522705078125,117800
2022-04-21,88.42477925245238,89.55072584654032,84.49667074360784,85.24166107177734,193700
2022-04-22,84.45682610467532,85.81325079372884,81.44538678090974,83.16011810302734,208400
2022-04-25,82.02550003828125,82.09374954521935,76.42916413335013,79.74772644042969,171500
2022-04-26,78.86047872916903,80.23396872844782,77.58935645097037,79.16759490966797,147700
2022-04-27,79.95244590525574,85.52318179261069,79.88419641756465,82.375244140625,169500
2022-04-28,82.37525789038278,85.94121285959031,82.14492396676563,85.30992126464844,114000
2022-04-29,84.70422921918086,86.15449540759919,82.10227378325445,82.32408142089844,144400
2022-05-02,81.6415832413681,83.13450670248027,80.71170832401766,82.6653060913086,210600
2022-05-03,82.23876538055609,86.59810287679446,82.23876538055609,86.32511138916016,144200
2022-05-04,86.79431734383738,88.78204019210273,85.30992644609202,88.69673156738281,105100
2022-05-05,87.48533590102878,87.48533590102878,80.19133427569162,82.1534652709961,169500
2022-05-06,81.88900256989034,83.13452680617688,80.43873631755662,81.5818862915039,139400
2022-05-09,79.77330906305049,80.80555832758394,78.58750168015328,79.44912719726562,145700
2022-05-10,80.6434607415758,81.53068462907784,77.18841312637953,79.27850341796875,173700
2022-05-11,80.20839288776214,83.17718129947973,80.02924281676823,80.745849609375,150300
2022-05-12,79.5003093896263,81.15531726309614,77.1030964270879,81.08707427978516,156200
2022-05-13,82.05109474480655,83.27955987661856,80.51551333004153,81.33448791503906,96600
2022-05-16,82.92978598654527,83.63786000018652,81.12121304424782,83.47576904296875,149300
2022-05-17,85.35258610687151,89.12328338623047,85.10518653307226,89.12328338623047,115200
2022-05-18,89.14886487131727,91.63138662489074,85.99240048889499,86.36775970458984,192000
2022-05-19,85.01134064836462,85.93268939050995,82.15345949337988,82.2984848022461,185000
2022-05-20,82.71647608550303,84.4909235209485,79.10787105515503,82.60557556152344,137000
2022-05-23,84.08998460122012,84.65303317538422,82.72502723622702,84.36297607421875,122600
2022-05-24,83.65490179976754,83.65490179976754,80.66052842532775,82.22169494628906,109000
2022-05-25,81.7695599181484,83.91937362322237,81.76102710342929,83.57813262939453,152200
2022-05-26,84.2008849330675,87.39148049452517,84.2008849330675,86.03504943847656,106200
2022-05-27,86.28245809201239,87.47679835021258,85.87297409462596,87.0843734741211,78000
2022-05-31,86.95641368691496,88.52611330685994,84.61039056395738,87.1611557006836,133000
2022-06-01,87.84362077585801,88.50903707343898,84.4482832850508,85.26725769042969,104100
2022-06-02,85.70234668728835,88.71378588643289,85.70234668728835,88.5772933959961,89900
2022-06-03,87.8862752131702,89.26829823657886,84.40563548341365,86.36775970458984,75900
2022-06-06,87.14407850830835,89.26829354584686,86.11182932928556,89.21710968017578,76500
2022-06-07,88.08248125235691,88.97823790244287,86.12035073723031,87.98863983154297,99100
2022-06-08,87.45972725694375,87.47679288580345,83.7487470328678,84.71275329589844,84900
2022-06-09,83.91083498674506,83.91083498674506,79.93538972543489,80.0036392211914,103500
2022-06-10,78.96287961074714,79.05672106689887,77.17137214457844,77.65763854980469,102600
2022-06-13,75.24334935267058,76.75333863199732,74.05754194570784,74.90211486816406,160300
2022-06-14,74.91064089527195,75.14950763698921,72.06982542141377,72.5902099609375,124200
2022-06-15,73.69922809732229,74.33051958636953,72.42811230611612,73.07646942138672,135300
2022-06-16,71.83948990226504,71.83948990226504,64.24690497529983,64.9549789428711,191700
2022-06-17,65.1170746046038,66.34553323626416,63.24878495518189,66.01282501220703,466500
2022-06-21,67.90668046358466,68.42707138473779,65.11704954129391,65.5691909790039,157500
2022-06-22,63.90567488159141,64.26397504343026,61.44874460925308,63.37675094604492,133800
2022-06-23,63.206126613452916,63.206126613452916,59.222154280605125,60.45915222167969,213900
2022-06-24,60.77479236119217,66.00429524015689,60.77479236119217,65.91045379638672,523800
2022-06-27,66.70382676377105,68.74273327706979,65.7995372098571,67.45455169677734,108200
2022-06-28,68.2820659232381,69.3569728191077,68.23088205012125,69.01573181152344,113900
2022-06-29,69.16927634889969,69.16927634889969,66.19195581406734,67.30098724365234,131300
2022-06-30,65.84220986390999,68.05173411568325,65.21091815035074,67.47162628173828,97300
2022-07-01,66.35405138679059,68.5294568404848,65.21942794596562,67.49720764160156,124900
2022-07-05,65.45829324996436,65.7568766170142,62.95017994948721,65.44976043701172,185000
2022-07-06,65.50949775323573,65.50949775323573,62.30184247834505,64.92938995361328,123700
2022-07-07,65.79100385408132,68.36736022995166,65.79100385408132,66.8147201538086,71300
2022-07-08,66.47347259863638,67.08770492076275,62.58334323667449,63.146385192871094,363200
2022-07-11,62.71984730635129,62.80516242915598,61.45726419585469,62.4895133972168,148000
2022-07-12,61.397553677546604,64.93791684449559,61.397553677546604,64.04216003417969,98700
2022-07-13,63.29995974723403,64.69051564633735,62.84781820039573,64.0848159790039,120700
2022-07-14,62.353019583999895,63.658266872886735,61.66201129060085,63.44499206542969,137900
2022-07-15,64.34928968921182,64.5028478455825,62.668682785774905,63.803306579589844,241100
2022-07-18,65.2194313330718,66.64411194573938,61.371958621591446,61.92646789550781,216300
2022-07-19,62.25065441580904,64.51989507648995,61.13309646128846,63.6923942565918,312500
2022-07-20,63.86300544852187,64.46017227399686,62.18239901430336,63.265838623046875,253900
2022-07-21,62.3444876021963,63.11227814086966,60.75772265848138,62.1141471862793,195300
2022-07-22,62.536631875490166,63.32125292857815,60.68286300442257,61.61405944824219,197200
2022-07-25,62.84704464828209,63.804106776180696,61.72615906012376,63.28677749633789,249800
2022-07-26,60.80358579216586,63.38162130233238,57.12191932055415,63.37299728393555,843300
2022-07-27,62.872909238995696,64.68356498201345,62.872909238995696,64.10588073730469,292700
2022-07-28,64.79565272755724,65.51991234029506,62.795308196598015,65.14054107666016,152700
2022-07-29,65.68372777783514,66.42523533563003,64.93359620335968,65.33021545410156,138900
2022-08-01,64.52838268301579,65.08882561806205,62.838436435421194,64.63185119628906,164100
2022-08-02,64.52836225174865,65.65787178486683,62.6659756499097,62.69184112548828,158300
2022-08-03,63.019473074765564,63.045345125105484,61.22606569817719,62.493526458740234,162500
2022-08-04,62.39005629372688,62.907385457088026,60.46730845236792,60.55353546142578,144000
2022-08-05,60.35523652173584,62.709093640490984,59.96724120394703,62.60562515258789,148100
2022-08-08,62.99362878523035,64.52837537827895,62.15727648766576,62.52803039550781,169200
2022-08-09,62.42455344273514,62.42455344273514,61.22607154555641,61.78651428222656,75200
2022-08-10,63.269513894122234,66.33901247868481,62.58836132159337,65.93376922607422,165800
2022-08-11,66.91672501198151,67.80480830710897,65.94242125116979,66.04588317871094,90600
2022-08-12,66.0286183646794,68.26175855365166,65.80443997062508,67.68407440185547,130700
2022-08-15,66.53733259643668,68.30488136039934,65.58027050565474,67.33919525146484,168500
2022-08-16,67.92550491651312,68.24452781282581,67.13226626309618,67.71857452392578,160800
2022-08-17,66.58045200989012,67.25298076502857,66.15796717774913,67.13227081298828,96600
2022-08-18,67.55474724429432,69.84824920424713,67.20124145105089,69.27918243408203,105700
2022-08-19,68.15829789020444,68.15829789020444,66.1751949541116,67.23572540283203,115900
2022-08-22,66.02861673725653,66.1924335866223,62.717698166311855,65.2439956665039,132200
2022-08-23,65.57164612178624,68.02034076192443,65.32160224742884,66.7011489868164,87500
2022-08-24,66.4683484570325,67.09777016942681,65.6578684248537,66.9511947631836,74500
2022-08-25,66.9511882527668,68.71011269123919,66.9511882527668,68.24451446533203,60000
2022-08-26,68.6325322984696,68.6325322984696,65.48543616258473,65.67512512207031,58900
2022-08-29,64.77840423583984,65.39057792654171,63.98516564322881,64.77840423583984,75600
2022-08-30,64.32142587164196,64.45938383279568,61.79512826724416,63.17467498779297,112600
2022-08-31,63.217795258685534,63.217795258685534,61.72615589056389,61.872737884521484,109500
2022-09-01,61.06225288997495,61.06225288997495,59.03604275532107,60.251766204833984,132800
2022-09-02,60.5621514710814,61.85547763807264,59.68269257193406,59.94997787475586,88600
2022-09-06,61.079501814619285,62.053812075182606,59.32920084717812,61.251949310302734,165700
2022-09-07,60.92429089285203,62.821166736207914,59.82064698192413,62.493526458740234,75700
2022-09-08,62.157255220374886,64.7525316872876,61.6313086074458,64.41626739501953,102000
2022-09-09,65.11466593843092,66.933945480011,65.10604849930527,66.61492919921875,119400
2022-09-12,67.52887882361554,72.52974328716121,67.52887882361554,72.3055648803711,190600
2022-09-13,70.14140034081636,72.09863797371807,69.3826512220878,69.87411499023438,195500
2022-09-14,69.21019211302719,69.71890383136487,65.65786041388402,66.80461120605469,197000
2022-09-15,65.85618884228799,67.08054303678134,63.81273700142246,63.959312438964844,211700
2022-09-16,63.41610010884602,63.41610010884602,59.424028851605385,60.04482650756836,607700
2022-09-19,59.027407513654566,62.83840717209769,59.027407513654566,62.484901428222656,149700
2022-09-20,61.38127458321389,61.38127458321389,59.717194310493205,59.906883239746094,98800
2022-09-21,60.12242963702763,60.63113480844945,57.803062438964844,57.803062438964844,145200
2022-09-22,58.3807557037477,58.3807557037477,56.846009354726846,57.13054275512695,94100
2022-09-23,55.89756810862541,55.89756810862541,53.707534633974944,54.578372955322266,146000
2022-09-26,54.42317919393572,55.06122172613652,52.8711880233844,53.500606536865234,127900
2022-09-27,54.01793950950485,55.65615443357789,53.56958591671539,54.009315490722656,116000
2022-09-28,54.38006042273075,54.50939437041216,53.40575367373453,53.67304229736328,145200
2022-09-29,53.923088888749014,54.5438833172007,51.077771498473126,53.88859939575195,140000
2022-09-30,53.94894770365396,54.59561081656888,52.84531037679074,52.89704132080078,135300
2022-10-03,54.38006202889464,57.54439894087903,53.707533374925,57.44093704223633,175800
2022-10-04,58.8980912101715,61.88136377564889,58.8980912101715,61.8382568359375,171800
2022-10-05,61.16570756983998,61.43299287240211,60.363845083956534,60.682861328125,181600
2022-10-06,59.84652419432206,61.16571601295696,59.73443170110605,60.37247085571289,121200
2022-10-07,60.14830015734818,60.14830015734818,57.45817894251951,58.09621810913086,98200
2022-10-10,58.820487695046964,60.389723516489745,58.16520045519879,60.05345916748047,91800
2022-10-11,59.91550250996447,61.22607701854813,58.71702050565357,60.16554641723633,188300
2022-10-12,59.94136142877822,61.04500542301562,56.71666962037569,58.389373779296875,261300
2022-10-13,56.06138182826321,58.3979971618087,54.724948581700836,57.97550582885742,145500
2022-10-14,57.64787221551024,58.75150974753699,56.035522852759506,56.40627670288086,95700
2022-10-17,57.66511073239206,59.40679396856193,57.66511073239206,58.4755973815918,90000
2022-10-18,60.13104705399412,60.950157631986556,58.699769414043466,59.31194305419922,98500
2022-10-19,58.053106140195126,58.975678606619105,56.966710242939676,57.7513313293457,126500
2022-10-20,60.99326728365709,65.78720130642267,60.25175966879546,65.3819580078125,470700
2022-10-21,65.90791268788715,67.78754724026994,65.69235829691755,66.54595184326172,274900
2022-10-24,66.79850792459334,68.6274163982409,66.28467641715973,67.00753021240234,184500
2022-10-25,66.51112809503834,70.98758672432163,66.51112809503834,70.09925842285156,131000
2022-10-26,71.08338024930005,71.96299089819983,69.48961999891556,69.97732543945312,129700
2022-10-27,70.20375720979266,70.83951508638741,68.71450823762642,69.39381408691406,113500
2022-10-28,69.51574657181749,69.7944363459782,67.20784334966459,68.8799819946289,111200
2022-10-31,68.57515887102475,70.73500937669321,68.2964691262115,70.36051940917969,104800
2022-11-01,71.27498725161409,73.3738751790279,71.27498725161409,72.29395294189453,104200
2022-11-02,71.89331751856666,72.44198609399245,68.00906958445147,68.46194458007812,74600
2022-11-03,68.38355267719247,69.35025910173222,67.05977816173004,68.84513854980469,62800
2022-11-04,70.9178916473611,73.97477424893684,70.83080235685338,73.15612030029297,82500
2022-11-07,73.24319966535452,74.45375857947947,71.94555147252363,72.72065734863281,97100
2022-11-08,73.52192850522866,74.81087310788322,72.16331642919272,73.783203125,93500
2022-11-09,73.20838481835465,73.78318619214181,71.90202530827986,72.59004211425781,62700
2022-11-10,75.26372158190144,78.84314704120563,75.03729072573468,78.75605773925781,109400
2022-11-11,80.89847405658526,82.74479753942693,80.70687363498539,81.09878540039062,162300
2022-11-14,80.31498346051957,84.9830419583557,80.14079820642834,82.28323364257812,111500
2022-11-15,83.2237942516735,84.00761115968473,81.92614587559694,82.71867370605469,99800
2022-11-16,81.94358664460123,83.11060477055604,75.22019427169273,82.82320404052734,61600
2022-11-17,80.42819044211164,81.46457100048079,79.21763129243942,79.6966323852539,104100
2022-11-18,81.15975239031211,81.36005709906706,77.05778491054144,77.18841552734375,126600
2022-11-21,75.53371368749048,76.29139798989632,73.15613633309015,75.49016571044922,120000
2022-11-22,76.08237493097586,77.67613505531104,75.54241063273729,77.44098663330078,110600
2022-11-23,77.53678277997453,78.18125154788926,76.80522471550172,77.71096801757812,57900
2022-11-25,78.1203037961839,78.66026817260861,77.96354037364051,78.39028930664062,20300
2022-11-28,76.84879310289912,77.24940932372834,74.51476325301034,74.81087493896484,76000
2022-11-29,75.44660652115417,77.47581969112476,75.44660652115417,75.93431854248047,62700
2022-11-30,76.81393675215382,79.14796601587737,75.06341978772721,78.72993469238281,95900
2022-12-01,78.19867897738216,79.12183754688995,76.57879269668757,77.61517333984375,65800
2022-12-02,76.20430084914081,78.78218268624178,76.01270040103064,78.19867706298828,93100
2022-12-05,78.45123761092358,78.52091170650311,73.0603257273545,73.39997863769531,110000
2022-12-06,73.96608415196854,74.47121148141555,72.23298219830184,72.97325134277344,91300
2022-12-07,72.37231246310863,72.88615063710249,70.00344625541469,70.16020965576172,95000
2022-12-08,71.07467107662677,72.48554182157743,69.6725112560399,70.57825469970703,119000
2022-12-09,70.19503981160587,71.31850962967943,69.59411903969648,69.95118713378906,171900
2022-12-12,69.78572009686361,72.07620794032236,68.70579813495391,71.98040771484375,239600
2022-12-13,74.54958987159415,74.54958987159415,71.69301781394584,72.97325134277344,367900
2022-12-14,72.59876437657348,73.71352360282205,70.83952957400257,72.94712829589844,159300
2022-12-15,71.51883190792105,71.51883190792105,67.60845760944225,67.7216796875,180300
2022-12-16,65.78825442976867,67.58231905601903,65.51827563694103,66.89430236816406,1462600
2022-12-19,67.91327885856656,68.99320085242371,64.42094259827256,65.43119049072266,131900
2022-12-20,65.43119556697103,67.7129727314153,64.95220103273452,66.4327392578125,96900
2022-12-21,67.74781205168946,68.76677098108453,67.19914339228183,67.88715362548828,94600
2022-12-22,67.41685749989195,69.30672250970876,64.83026481679852,66.50240325927734,124100
2022-12-23,66.45016485666066,67.32977558797404,66.25856437435829,67.12947082519531,46900
2022-12-27,67.8174799405657,68.41840080446991,66.42402446345368,66.78981018066406,58400
2022-12-28,67.08591266111736,67.08591266111736,64.54286780538854,64.87380981445312,63500
2022-12-29,65.16121307156024,66.65046213798604,64.93477555930312,66.53724670410156,69500
2022-12-30,65.72731043697854,66.82465441762973,65.1350937888719,66.154052734375,57900
2023-01-03,66.70270615016653,67.93939806852529,65.37893158064695,65.90147399902344,92500
2023-01-04,66.46757993536114,69.13255154360441,65.81440009847887,68.06134033203125,90300
2023-01-05,67.9655192364855,69.7334577227201,66.37175932884557,69.00189971923828,90900
2023-01-06,69.84667539008859,72.82517967834966,69.19349573253356,71.68428802490234,76500
2023-01-09,72.9122678878319,75.14178562627914,72.9122678878319,73.8354263305664,119800
2023-01-10,73.56546105344458,76.2043062525579,72.15459036281004,75.89949035644531,86200
2023-01-11,76.1868956133146,76.36978516193899,75.00246236504259,75.92562103271484,60600
2023-01-12,76.36978896163329,77.71098569609718,75.47275637849243,76.96200561523438,61100
2023-01-13,76.19558187672644,77.72837865520134,75.9081878794081,76.97068786621094,52300
2023-01-17,76.86619122078325,77.34518569486764,76.09108515217581,77.17971801757812,53500
2023-01-18,77.41485300488021,79.94919328266961,76.11720460356032,76.59619903564453,99400
2023-01-19,75.48146443593906,76.42204504657433,74.4276683728065,74.5670166015625,107800
2023-01-20,74.76731057310964,75.53371243156661,72.99066078007978,74.25347900390625,147100
2023-01-23,73.95737582505437,74.81957801423881,73.60030762754985,74.7237777709961,74500
2023-01-24,74.44255017497217,76.12104793188007,73.46708946167496,74.84679412841797,95100
2023-01-25,74.0207245003685,77.69407887137248,73.31768754045433,77.4040756225586,70600
2023-01-26,78.16863272162409,78.56409358457165,76.2704433753142,78.37075805664062,45600
2023-01-27,77.87863945106456,78.54651731552273,76.40226691676659,76.5340805053711,51300
2023-01-30,75.67284957160635,76.5428525781124,75.0840599967314,75.28617858886719,48600
2023-01-31,75.5498392183422,77.51833376358206,75.5498392183422,76.9119644165039,135800
2023-02-01,76.61317399453428,79.73289182584176,74.8731609047946,78.95075988769531,221500
2023-02-02,79.26712657527975,81.62229210299097,78.06318444628023,81.490478515625,118500
2023-02-03,80.34803943333299,83.08987584236435,80.34803943333299,82.5362319946289,111100
2023-02-06,82.67683948705786,83.08108342552455,77.34256673314495,78.35317993164062,113400
2023-02-07,77.78198165225487,79.68896113128078,77.48318850225175,79.18804931640625,82100
2023-02-08,78.60803597461381,79.26713076491407,75.65529077769594,76.24408721923828,98800
2023-02-09,77.59742496470422,77.59742496470422,74.05588352531825,74.6798324584961,79300
2023-02-10,74.1876905940575,74.1876905940575,72.19283377981856,73.72193145751953,94200
2023-02-13,73.48466873295416,75.90134934020138,72.89587236219376,74.9874038696289,55600
2023-02-14,75.09285924015597,78.38833299331657,73.4143680949686,78.22136688232422,87300
2023-02-15,76.78013343119056,79.07378329749002,75.38284931849145,79.01226806640625,153000
2023-02-16,78.08955364218546,80.62926510756603,77.40409611238158,77.8874282836914,90000
2023-02-17,78.28286847012264,79.10014608654349,77.3425603914154,77.4040756225586,128600
2023-02-21,76.49893886199764,77.89621661477125,74.60953243448012,74.76771545410156,102700
2023-02-22,74.5919535623754,76.92954635290558,74.00316381305866,74.75892639160156,168100
2023-02-23,70.68131447862866,70.68131447862866,63.440062730494034,69.2576675415039,332400
2023-02-24,67.35066864880613,68.37007134844502,62.77215971361039,66.085205078125,245600
2023-02-27,66.427959799345,69.21373871107455,66.08523106495626,67.0606918334961,206400
2023-02-28,67.21008757073102,70.83950003000669,66.9376571978552,69.70585632324219,285300
2023-03-01,69.63554944875139,71.95556223268146,69.63554944875139,71.59526062011719,117600
2023-03-02,70.21557149804715,73.03649660342971,70.21557149804715,72.8607406616211,104900
2023-03-03,73.63406305672581,74.40739844925372,72.09617537393201,74.10861206054688,188000
2023-03-06,73.60769533839449,73.60769533839449,70.42646261992846,70.94495391845703,118200
2023-03-07,70.64616698986417,71.49859725156895,69.63555372387749,69.8816146850586,97200
2023-03-08,69.6706976821917,69.93433822513545,68.03614240711852,68.42281341552734,149800
2023-03-09,68.64251144798125,69.09069768791396,65.99734303830047,66.4191665649414,166600
2023-03-10,66.14673580001869,66.25219335717894,62.03398493597324,62.64035415649414,169000
2023-03-13,61.89339638732223,63.74765030735783,60.54884405864388,61.04096603393555,177500
2023-03-14,63.59825031018427,63.85310107867843,60.41701731221327,61.66490173339844,222500
2023-03-15,59.21307524740735,60.99703082963269,56.3130621095976,57.56973648071289,237600
2023-03-16,56.63820633135464,58.26397874976654,55.58365741017907,57.6751823425293,193600
2023-03-17,56.963366692229876,57.235790399218594,53.7206214614885,54.335777282714844,673800
2023-03-20,54.52910255575264,56.13729528338761,54.52910255575264,55.32880401611328,179100
2023-03-21,56.761235193588234,58.84397696376041,56.71729956751203,58.457305908203125,214100
2023-03-22,58.299122805000444,58.949434434543086,55.96153697544736,56.02305221557617,149000
2023-03-23,56.154865889530804,59.072457957828846,56.154865889530804,58.79124450683594,295600
2023-03-24,57.90366626350567,62.34157329108729,57.376391840589555,61.823081970214844,386000
2023-03-27,62.88643274277067,65.14493076500958,61.96370400099564,64.05522918701172,167800
2023-03-28,64.05522584239473,65.36462562930154,63.72128689204492,64.15189361572266,235900
2023-03-29,64.95158629526325,64.95158629526325,62.86884471378029,63.08854293823242,182000
2023-03-30,63.71249873901897,64.23098344155528,62.56128194177728,63.87068176269531,137700
2023-03-31,64.67914929059704,65.74248778310545,64.09914952407293,65.58430480957031,96300
2023-04-03,65.76007228784736,66.19946872429485,64.50339821142128,65.74249267578125,81300
2023-04-04,65.83915027817609,65.83915027817609,62.666707959727624,63.35216522216797,100200
2023-04-05,62.63155059337748,63.22034677736974,61.13760573737227,61.55942916870117,112300
2023-04-06,61.875805304931916,62.41186275364618,60.50488395475179,62.236106872558594,90200
2023-04-10,61.89338890901759,63.86188327699884,61.89338890901759,63.71249008178711,75400
2023-04-11,64.27492585705771,64.93402067241281,63.32582771382815,63.36977005004883,110000
2023-04-12,62.81612676780413,62.81612676780413,59.564588635807965,59.916107177734375,146200
2023-04-13,60.496105149836815,60.50489495688665,58.931854727881834,59.02852249145508,242800
2023-04-14,59.24822283524865,59.336100794887045,57.060030128357354,57.8773078918457,199400
2023-04-17,58.17609800063699,59.213074081593,57.63125059338384,58.87913513183594,199000
2023-04-18,59.38003881462919,59.46791676788555,57.27093441318615,58.74730682373047,168400
2023-04-19,58.36063310246788,59.397602170640965,57.35002004090906,59.133968353271484,124100
2023-04-20,58.48367213785579,59.10761431321802,56.43608300308104,56.98093032836914,107400
2023-04-21,56.38336408733064,56.38336408733064,54.54668316611371,55.75941848754883,145400
2023-04-24,55.02105340389513,55.999602897357214,54.10477823429505,54.24711227416992,144800
2023-04-25,53.56212418273094,53.56212418273094,50.80440111742748,51.026798248291016,223300
2023-04-26,51.293674336336686,52.42345217296379,50.51973326795042,51.72067642211914,264500
2023-04-27,54.24711098110654,58.07234118088594,53.91796415802495,57.191650390625,243700
2023-04-28,57.42294715199138,58.61499262459744,55.85726930724956,58.46376419067383,183100
2023-05-01,58.41927932285529,58.95303110342931,56.026287309249255,56.57783126831055,172800
2023-05-02,56.38212435726745,56.38212435726745,53.490961512947095,55.234554290771484,107700
2023-05-03,55.19897696818975,56.586736531983654,54.30938828733734,54.700809478759766,114800
2023-05-04,54.300486886006254,54.9320939534576,53.268564285131134,54.88761520385742,138000
2023-05-05,56.27537375484519,56.417707796146765,55.40357732768414,56.06187438964844,78300
2023-05-08,56.56004944789154,57.093801294189426,55.67935516863739,56.18642044067383,79600
2023-05-09,55.608185692675335,56.02629344916907,55.08332824707031,55.08332824707031,68300
2023-05-10,56.28427643179383,56.28427643179383,53.624404774060935,54.76308059692383,76200
2023-05-11,53.6688796610516,54.10477615676963,53.28635630729271,53.544334411621094,86000
2023-05-12,53.82011024481332,53.82011024481332,53.04616911379005,53.47317123413086,68500
2023-05-15,54.07809131144076,55.42136859195051,53.85569416348469,54.61184310913086,80900
2023-05-16,54.16704231168799,54.96767330563664,52.877138329664405,52.948307037353516,127400
2023-05-17,53.60660702098931,55.52811824254275,53.037270865493646,55.24345016479492,134700
2023-05-18,55.04773896903328,56.800226058619984,53.286354093815625,56.60451889038086,101800
2023-05-19,57.56528522519601,58.61500018570142,56.889199291511815,57.42295455932617,229500
2023-05-22,56.93367557361258,59.00641882884994,56.93367557361258,58.205787658691406,92400
2023-05-23,57.83215837021235,58.94414415066624,57.156069115330055,57.92111587524414,57000
2023-05-24,57.20055187606961,57.20055187606961,55.46584996770581,55.99070739746094,54900
2023-05-25,55.99959614776064,56.408806038890205,54.825339611947506,55.69713592529297,74900
2023-05-26,55.63487379861395,56.4888780699532,55.43916321386529,56.41770935058594,75000
2023-05-30,56.542254230656305,56.933672004019876,55.56370470698044,55.80389404296875,70600
2023-05-31,55.72383601166429,55.72383601166429,53.108446437182224,53.73115921020508,93800
2023-06-01,54.3271781431333,56.48887881657119,53.65998666104782,55.68824768066406,76100
2023-06-02,57.485225023347034,60.29632182453225,57.36068314660598,59.96717834472656,123000
2023-06-05,59.620217723428574,59.87819920044679,57.02262095672472,58.52602767944336,106000
2023-06-06,58.223577737945696,61.11474101482047,58.223577737945696,60.6788444519043,79000
2023-06-07,61.408315430518265,62.98289144962208,61.408315430518265,62.41355514526367,111200
2023-06-08,62.27120928550744,62.27120928550744,60.51871845254873,61.452789306640625,62400
2023-06-09,61.23928387099543,61.23928387099543,59.264402625176594,60.029449462890625,75000
2023-06-12,60.474247535442274,62.11998540157285,60.118410670246114,61.70187759399414,95600
2023-06-13,62.41353276669735,64.18381199122815,62.04879822188789,62.867218017578125,109500
2023-06-14,63.383187072269145,64.27277566275713,61.710762965479766,62.022117614746094,89300
2023-06-15,61.826414258626706,63.53442292292912,60.919036776660775,63.22306823730469,81700
2023-06-16,63.27644364774783,63.65896707147343,62.04881364898873,63.356510162353516,418200
2023-06-20,63.09852317820564,63.09852317820564,61.7641402040045,62.77827072143555,99300
2023-06-21,62.271199217176424,63.70343734213325,61.91536243567385,63.21416091918945,97500
2023-06-22,62.30678146807065,62.982870651371634,61.2392711596446,61.2481689453125,83600
2023-06-23,59.691393674725056,61.32824022721245,58.899660364056516,60.945716857910156,187700
2023-06-26,60.86565485666356,62.56477246531732,60.72332419945409,60.83007049560547,80800
2023-06-27,61.194811951971595,63.13411573093637,60.65216226242019,62.6181526184082,88500
2023-06-28,62.271203136909016,63.57889948870771,61.87089097440933,62.297889709472656,86700
2023-06-29,62.36015670830745,64.34394218370612,61.80861614471569,63.845767974853516,65100
2023-06-30,64.58412965093017,64.58412965093017,63.17857806346123,63.730125427246094,82000
2023-07-03,63.52551409714899,65.08229387545613,63.52551409714899,64.877685546875,36200
2023-07-05,64.04146633709985,64.69976663278003,62.484686653594295,63.04513168334961,91300
2023-07-06,62.62704487105446,62.7871711060646,59.92269445034045,62.6715202331543,90300
2023-07-07,63.06294113094627,65.34028598526909,63.06294113094627,64.58413696289062,72200
2023-07-10,62.804956964086294,66.22987188908598,62.804956964086294,63.99700927734375,70500
2023-07-11,63.979220876589174,65.39367050961927,63.685654962013786,65.19795989990234,70400
2023-07-12,67.16394346599091,68.2937180717778,65.80287390949117,66.55012512207031,86700
2023-07-13,66.91487735800683,68.19588753080924,66.91487735800683,67.8044662475586,74900
2023-07-14,67.67990239722312,67.67990239722312,65.58047275576925,67.13725280761719,75100
2023-07-17,66.98602869448594,68.5516998466639,66.88817339909696,68.3204116821289,62100
2023-07-18,68.51611364976281,69.53025093725525,67.46639878946677,67.662109375,85100
2023-07-19,68.15138280317025,70.642233583879,67.67990193376279,70.51768493652344,96800
2023-07-20,70.82015708393898,71.16709613463347,69.78823093221568,70.13516998291016,84900
2023-07-21,70.53549227862342,70.75788946447341,69.01429634185236,70.31309509277344,80700
2023-07-24,70.72632116615537,71.9480574325544,69.7111924369111,70.99581909179688,88200
2023-07-25,71.3821102252063,74.2657813944829,71.37312490430122,72.61283874511719,136900
2023-07-26,78.73053885409439,79.42226468377262,73.376431793867,74.6700439453125,232800
2023-07-27,74.63409349041453,74.63409349041453,70.16035699628472,70.93292999267578,127200
2023-07-28,71.77738591658951,72.44215576929138,70.1963051890088,70.88803100585938,80900
2023-07-31,71.12159889031253,73.09795163436128,71.09464977830423,72.94522857666016,86000
2023-08-01,72.0289239494305,73.66390298544353,71.50788494194035,73.48423767089844,67100
2023-08-02,72.13671508580863,72.77453575481628,71.08565192620719,71.72347259521484,69900
2023-08-03,71.45398151176964,72.54995767049557,70.5197068658687,71.28329467773438,68000
2023-08-04,71.46296399767998,72.10078470246414,70.55563849761612,70.94192504882812,43200
2023-08-07,70.98684123126485,71.56178527805993,70.04358811170911,70.16036987304688,51900
2023-08-08,68.84879185783015,69.9807024203121,67.87858280427419,69.60340118408203,47000
2023-08-09,69.33389115094836,70.2232459560126,67.78874503868887,68.34571838378906,56900
2023-08-10,68.92963817486071,69.154223197535,67.9863783381123,68.73200225830078,68100
2023-08-11,68.43556214872054,69.07338291895309,67.94147225793851,68.47149658203125,50600
2023-08-14,67.84264555162012,69.24406085527261,66.48615685106654,69.15422821044922,84600
2023-08-15,68.28282945352636,68.28282945352636,66.53106223518424,67.01616668701172,83300
2023-08-16,66.90837380750683,68.66013426475634,66.90837380750683,67.21380615234375,75300
2023-08-17,67.66298071852115,70.11545237611716,67.66298071852115,68.57928466796875,78500
2023-08-18,67.61805218076731,69.09133616025699,66.86344983268319,68.64216613769531,68900
2023-08-21,68.48945524432412,69.09134838997754,66.75565837618852,67.24974822998047,58900
2023-08-22,67.9324774284336,68.16604090801106,66.5310622820153,67.0880355834961,51500
2023-08-23,67.13296265172153,67.13296265172153,65.93816860327952,66.10884857177734,43100
2023-08-24,65.5339006753687,66.04595420447446,64.57267714340563,65.0038833618164,60000
2023-08-25,65.56086785226242,65.69561339314657,63.961816611258186,65.1296615600586,54900
2023-08-28,65.42611711094972,67.03414685945458,65.18356142364567,66.18970489501953,49200
2023-08-29,66.29749820138524,67.33956909179688,65.5339036785033,67.33956909179688,71800
2023-08-30,66.98024095993593,68.78590662279893,66.98024095993593,68.43555450439453,39600
2023-08-31,68.29182087193422,68.89371403141722,68.07622113704933,68.20198822021484,66000
2023-09-01,69.25303472076553,70.78021699645944,69.25303472076553,70.15137481689453,59300
2023-09-05,69.38779184223391,69.38779184223391,66.64785847429192,67.12397766113281,103700
2023-09-06,67.07006820631122,67.6539837277756,65.69560223854292,66.85446166992188,75600
2023-09-07,66.23462811643896,66.64786379942748,64.68948182556497,66.279541015625,97200
2023-09-08,66.4951428480099,67.41145374883219,66.24360867250331,66.25259399414062,73500
2023-09-11,67.1688921517374,68.10316676012394,66.32445704426219,68.07621765136719,98400
2023-09-12,67.96842333612165,69.41474476357718,66.69277503358734,68.12113952636719,67000
2023-09-13,68.26486559766707,69.17219106182533,67.59111048992202,68.4625015258789,74500
2023-09-14,69.58543177416212,72.44215391324076,69.58543177416212,72.40621948242188,80400
2023-09-15,72.24451661634978,72.71165735444649,68.96557354385557,69.45966339111328,497100
2023-09-18,69.88187766053349,69.88187766053349,67.83366331568462,68.08519744873047,46500
2023-09-19,68.18403067609384,68.37268131811989,67.2317852900385,68.04927825927734,49600
2023-09-20,68.63320011738988,69.40577332174175,67.53722385755152,67.64502716064453,57100
2023-09-21,66.56699538408473,67.2048159880258,65.51593918549695,65.59678649902344,54400
2023-09-22,66.01002991365706,67.95942617795575,65.81239400597873,66.21664428710938,63800
2023-09-25,65.3272910729781,65.83934463940034,64.57268184921381,64.6265869140625,78900
2023-09-26,64.45591127523487,65.74952339508717,63.20721890824099,63.61146926879883,63100
2023-09-27,64.43793780320213,65.31830725508034,63.53061239138436,64.8871078491211,88300
2023-09-28,65.2554329725482,67.22280024575426,64.47387451450109,65.87528991699219,92000
2023-09-29,66.83649688157011,68.794878341388,66.8275115625746,67.60906982421875,87800
2023-10-02,67.55519025728836,67.60909533781333,65.30933942621105,65.58782958984375,105100
2023-10-03,64.73440231557545,66.4771847578462,62.937721646444466,62.955692291259766,91100
2023-10-04,63.0275440871812,63.0275440871812,61.778845054949876,61.82376480102539,83800
2023-10-05,61.8147842536265,62.56939355245269,60.17980543559318,60.305572509765625,85400
2023-10-06,60.332524763284326,61.114076268488674,59.25451252462257,60.4852409362793,62400
2023-10-09,59.79352462355487,61.85072461082964,59.541990451100695,61.38359069824219,45800
2023-10-10,61.70699226355646,63.8001197794365,61.518341638715356,62.88381576538086,50300
2023-10-11,63.20722001195606,64.30319620443626,63.18027090128722,63.99775695800781,65400
2023-10-12,64.42894907407624,64.42894907407624,61.03322480321432,62.46158218383789,65800
2023-10-13,62.79398513611704,63.099417532709104,59.96421196477376,60.26066589355469,79800
2023-10-16,60.9703524648445,62.02140886468251,60.67389855090295,60.7727165222168,70600
2023-10-17,60.26066193474418,63.21620199920209,59.13773669082211,62.87482833862305,78000
2023-10-18,62.515484250025054,62.515484250025054,60.45829145299151,60.503204345703125,55000
2023-10-19,60.476261010874474,62.71312615360298,59.75758612099147,59.784542083740234,75200
2023-10-20,59.865386022513874,59.88335666332933,57.49376861543067,57.70038986206055,86300
2023-10-23,57.60157480072265,58.35617726199468,56.99069977736257,57.0086669921875,72400
2023-10-24,56.96319114683909,58.88197098813113,56.96319114683909,58.472755432128906,114900
2023-10-25,57.74526052037463,57.818012120002344,56.353919132873,56.972293853759766,127400
2023-10-26,55.02622783286685,56.92681992933204,52.54363684027613,52.62548065185547,145500
2023-10-27,52.489073680405944,52.761885214105085,48.80610583401346,49.36082458496094,204600
2023-10-30,50.479354762915825,51.48876056891913,49.32445270866387,51.37054443359375,152100
2023-10-31,51.38873881828054,53.83495784124745,50.60667985475025,51.65245819091797,94900
2023-11-01,51.67063253305532,51.67063253305532,49.36082164525638,51.325069427490234,98900
2023-11-02,52.54364067557451,53.071079381804324,51.21595516325348,52.94376754760742,81100
2023-11-03,54.62610249078725,55.96288354208847,53.35297734964447,53.525760650634766,109700
2023-11-06,53.95317174439143,54.70795050963659,53.116545695230116,54.18051528930664,107300
2023-11-07,53.562126137759854,53.880405627288575,51.725190373513186,52.60728073120117,70500
2023-11-08,52.816448820482734,52.943760638064525,50.633949616550424,52.007102966308594,62600
2023-11-09,52.64366656306514,52.64366656306514,50.52482669505753,51.13410568237305,102900
2023-11-10,51.634262625623734,51.634262625623734,50.50664063320422,50.679420471191406,145800
2023-11-13,50.85219868701112,51.64335666226306,49.64273292170825,50.87948226928711,79300
2023-11-14,52.743699099687646,55.59004107414231,52.32538783593665,55.426353454589844,119200
2023-11-15,55.79010347062995,57.35422813989323,55.42635588709493,56.61763381958008,91800
2023-11-16,55.99925754021113,55.99925754021113,53.598507053831916,53.85313415527344,78100
2023-11-17,55.017131011059924,57.59975349810717,54.63519556832819,55.25356674194336,110900
2023-11-20,55.69916598841457,56.162945272739314,54.79888406485977,55.271759033203125,55800
2023-11-21,54.61700707731853,55.48090965572654,54.07138056207552,54.13503646850586,74000
2023-11-22,54.31692123413086,54.78070402460754,53.88951424466948,54.31692123413086,58900
2023-11-24,53.998634117838606,54.61700877291962,53.65307099435526,54.253257751464844,31000
2023-11-27,53.989538335789085,54.244165437937276,53.09835215073748,53.28022766113281,81500
2023-11-28,53.60760268965637,53.95316581124284,52.33447759053997,52.81644821166992,160800
2023-11-29,53.68035410879274,54.471512104352875,52.370856602500666,52.416324615478516,114700
2023-11-30,52.31628880000423,54.25325652794264,52.30719658571698,53.18019485473633,85000
2023-12-01,53.07106614154039,55.289937408659114,53.07106614154039,54.626094818115234,134000
2023-12-04,54.044108969182425,56.13566893483013,54.044108969182425,55.71735763549805,111300
2023-12-05,55.480914045956844,55.480914045956844,53.134730598616144,53.24385452270508,99400
2023-12-06,53.79856949587172,55.062598889990994,53.09835105020409,53.18019485473633,112400
2023-12-07,53.16201328621956,54.298731001725386,52.92557752774871,53.653076171875,87600
2023-12-08,53.77129208993817,55.08988524309631,53.77129208993817,54.56244659423828,90500
2023-12-11,54.72613075567032,57.45425291310558,54.22597572060453,56.38119125366211,204300
2023-12-12,55.97198165682782,56.11748139095379,54.162328930447806,55.01713943481445,137500
2023-12-13,54.29872577852485,59.5640025628178,54.29872577852485,58.97290802001953,200800
2023-12-14,60.76438387576969,63.65619411448978,60.56432044133393,61.619197845458984,232200
2023-12-15,62.33760893920045,62.67407297855626,60.90079592851186,61.12813949584961,1129900
2023-12-18,61.66465841668283,62.36488039205839,60.19147674532616,61.04628372192383,155200
2023-12-19,61.801064125667175,63.747124179967095,61.801064125667175,63.510684967041016,114800
2023-12-20,63.13784231527072,65.25668557548681,62.2921241478611,62.428531646728516,104400
2023-12-21,63.27424887241408,63.401560686002554,62.610402754725435,63.23787307739258,74200
2023-12-22,63.68347152246698,64.86566070951312,63.64709572339141,64.57466125488281,70400
2023-12-26,64.9474957566916,66.31155688988548,64.86565541892733,65.95690155029297,64600
2023-12-27,66.2569954334681,66.81171417236328,65.82049282624908,66.81171417236328,71000
2023-12-28,66.37521448975478,67.04815632795071,65.90234300424105,66.45706176757812,57900
2023-12-29,66.20244289532243,66.45706655493935,64.20181554209424,64.73834991455078,96100
2024-01-02,63.91081330116607,65.53859384055454,63.6380052225821,63.92900466918945,92700
2024-01-03,62.94687228172578,62.94687228172578,59.90047062937495,60.02778244018555,105800
2024-01-04,59.99140868709458,60.537031743128956,59.200250746161906,59.31847381591797,72900
2024-01-05,58.5727930259675,60.537037605502334,57.48153987024881,58.80013656616211,72000
2024-01-08,58.42728213333937,60.09143829345703,58.00897090704269,60.09143829345703,106100
2024-01-09,58.87288623130435,59.60948408198002,57.999887795295066,58.136295318603516,70500
2024-01-10,57.754348522610734,58.10900734144241,56.96319401380427,57.73616409301758,97700
2024-01-11,57.24509872684741,58.31815694410075,56.381192661621974,57.918033599853516,105500
2024-01-12,59.09114258316607,59.90048512111216,57.75435783928612,58.06354522705078,60800
2024-01-16,57.21781371682863,57.44515722994824,56.09019183438795,56.38119125366211,97400
2024-01-17,55.18991767334751,55.94469990701321,54.38967089351753,54.835262298583984,99800
2024-01-18,55.0989800098023,56.86316461589058,54.1259499446572,55.03532409667969,63700
2024-01-19,55.690075268637514,57.00866502980167,54.60791779451257,56.935916900634766,91400
2024-01-22,57.0268498233674,59.700411937131186,56.89953800251902,59.282100677490234,150200
2024-01-23,59.81862928527229,61.61919311911174,59.81862928527229,60.56431579589844,166100
2024-01-24,61.38313197521836,61.5027308723553,59.0923066650661,60.65632247924805,114500
2024-01-25,61.91673840356077,61.96273473859009,59.87431301567261,61.52113342285156,112100
2024-01-26,62.6435425978635,62.94714789780304,61.659131156132794,62.50554656982422,70500
2024-01-29,62.50554967073372,63.324358900311985,61.34633384380897,63.241554260253906,68100
2024-01-30,62.385935838799924,62.560740152994796,61.787934379108876,62.10073471069336,48800
2024-01-31,62.19273240331433,62.83674421338444,59.70870590209961,59.70870590209961,102500
2024-02-01,60.306716038866384,61.24512404878566,58.96349397618388,60.98752212524414,72600
2024-02-02,59.662707213509144,60.7851216675354,59.01870237224473,60.407920837402344,64700
2024-02-05,58.87149708176644,59.018698680499554,57.07747518438207,58.14468765258789,75900
2024-02-06,57.99749346214832,59.85591256745244,57.96989074603551,59.349910736083984,79200
2024-02-07,59.23030099317564,59.23030099317564,57.47308377137053,58.43909454345703,94500
2024-02-08,58.76109797898344,60.131915829013636,57.62948493961994,59.6627082824707,65500
2024-02-09,59.63511048287387,59.90191450507427,58.42069628958766,59.506309509277344,68900
2024-02-12,59.89270693812407,61.19912070431061,59.89270693812407,60.25151062011719,96600
2024-02-13,57.46387455493731,61.41992385967522,55.85385563170394,56.52546310424805,113500
2024-02-14,57.82268559517601,59.00950053816667,57.16028011152335,58.31949234008789,161200
2024-02-15,58.3930888808795,60.39871278401804,58.36548616929825,60.30671310424805,155500
2024-02-16,59.800715264425634,62.10074277459585,59.800715264425634,60.77592468261719,96600
2024-02-20,59.377503844694616,60.582715867758395,58.32869198876676,60.50911331176758,113100
2024-02-21,60.739106105905755,62.183522690258656,60.573503891560364,60.7943115234375,134100
2024-02-22,62.928744307386204,67.79560260523449,57.80428409147237,64.96196746826172,262800
2024-02-23,65.32076976979135,65.6519742343795,64.14315701531156,65.44036865234375,150500
2024-02-26,64.75037508847585,66.41559985983142,64.1799727304541,66.32359313964844,160700
2024-02-27,67.42759449656069,67.42759449656069,65.14596455233182,65.15516662597656,117200
2024-02-28,64.00517156624751,65.41278741783032,63.91317186061923,64.65837860107422,121000
2024-02-29,65.97397832057764,66.87559205715388,65.21956969165706,66.71918487548828,137500
2024-03-01,67.27119121958066,68.0439969108746,66.15797901047851,67.7035903930664,110100
2024-03-04,67.53799770435187,68.02560231617315,65.56916809082031,65.56916809082031,113100
2024-03-05,64.66757176796634,66.1855912686384,64.3639664640066,66.01998901367188,139300
2024-03-06,67.30800428013437,67.98881041584654,66.02918260566777,66.91239929199219,136600
2024-03-07,67.38159903693756,69.52522620398753,67.38159903693756,69.44242858886719,132800
2024-03-08,70.58322675548031,71.12602973566325,68.57760301435717,69.42401123046875,94000
2024-03-11,68.24640462813817,71.07083763594736,67.63919410245653,70.61083221435547,217300
2024-03-12,71.03403478183925,71.03403478183925,69.36881743879114,70.09562683105469,192500
2024-03-13,70.45443823044972,72.58886329293871,70.36243854189335,71.50325012207031,238100
2024-03-14,71.36525339042967,71.58605406631543,69.09282508459444,70.92364501953125,272500
2024-03-15,70.60162832413896,72.76365234617144,70.60162832413896,72.03684997558594,1008700
2024-03-18,72.69927488604733,73.01208231366165,71.20886137881261,71.91726684570312,150800
2024-03-19,71.33764308119441,72.89246368408203,70.51883397555115,72.89246368408203,188100
2024-03-20,72.5888535926749,75.92849027295738,72.43245344111664,75.51448822021484,159500
2024-03-21,75.90090080038915,76.34250912982516,74.87968811899927,75.49609375,115000
2024-03-22,74.91647845508177,74.99008100242445,73.94126926972973,74.64047241210938,106600
2024-03-25,75.8548948853063,77.94332353115347,75.67089551541163,77.33611297607422,152900
2024-03-26,78.22852336679354,78.83573391183313,76.88530833521841,78.34812927246094,150900
2024-03-27,78.91852638471421,81.3657585155018,78.91852638471421,81.14495086669922,146300
2024-03-28,81.1449725240305,83.36220254343104,81.1449725240305,82.21218872070312,159800
2024-04-01,83.0125837890325,83.0125837890325,81.08055534904715,81.57736206054688,83100
2024-04-02,81.26456349427022,84.15339712364238,80.80455804985904,83.61978912353516,185000
2024-04-03,83.04937759827479,85.42300731179665,83.04937759827479,84.87100219726562,202100
2024-04-04,85.4966124469612,85.82781692950527,82.49737497464582,83.67498779296875,130700
2024-04-05,83.0861843204338,85.63461851124147,82.76418190078111,85.53341674804688,116800
2024-04-08,86.58222579775367,86.81222852125867,84.88020704764186,86.26022338867188,113700
2024-04-09,87.12502733029594,87.91623724682742,85.42300860999018,85.97501373291016,129000
2024-04-10,83.44497919861443,84.9170021370684,81.5313620130503,83.37138366699219,160600
2024-04-11,83.78538551653972,84.13498710300661,82.38697215154656,83.96018981933594,107900
2024-04-12,84.1809985460933,84.7146065602654,81.24616148727306,82.01897430419922,109700
2024-04-15,84.22700203878482,85.00900991236497,81.35656545836427,81.72457122802734,137200
2024-04-16,79.85695966509931,83.50020247666922,79.12094803848582,83.2333984375,280200
2024-04-17,84.59501064174384,85.33102226679016,82.37778772928598,82.76419067382812,195500
2024-04-18,82.95738983154297,83.73020271819242,81.20017247898461,82.95738983154297,140800
2024-04-19,82.19377643109088,83.95100074742321,81.77977430354876,82.33177947998047,133200
2024-04-22,82.33177830655238,83.27019341032555,80.76776249243248,82.63538360595703,108200
2024-04-23,81.77977278083853,82.60778403963212,81.12656584865871,82.46057891845703,173100
2024-04-24,80.9665235095948,82.2007427018228,79.81582647591293,81.04076385498047,204500
2024-04-25,82.1264998304531,83.69479344873125,79.63950497611826,82.11721801757812,670900
2024-04-26,83.67623259331769,88.59454574746964,82.90600493801614,88.08415222167969,470600
2024-04-29,88.01919440494625,89.4668528353439,87.19329002373402,88.29759216308594,155800
2024-04-30,86.84992866468497,87.54591593947175,83.88966760362361,83.97318267822266,179700
2024-05-01,84.56709579847632,87.01697057101117,83.45351893094195,85.23524475097656,215800
2024-05-02,85.67139604398425,87.75935793454057,84.91045021595723,87.5366439819336,139000
2024-05-03,88.92861193961157,89.52252048887752,86.70145133989011,89.18844604492188,156000
2024-05-06,90.12572007113445,92.2971970990594,90.12572007113445,90.74746704101562,175500
2024-05-07,90.58970214516685,92.10231187196533,90.53401835133278,90.7660140991211,111600
2024-05-08,89.30909845403707,90.3020401644693,88.01920241188537,89.07710266113281,92000
2024-05-09,88.79871385108976,91.36922417610255,88.79871385108976,90.54331970214844,90500
2024-05-10,91.1001016706404,91.87032936348169,90.3669941523884,91.58265686035156,98400
2024-05-13,92.47350534574836,93.56852554502372,92.01879566806782,92.97461700439453,90600
2024-05-14,93.66133158749192,94.33876234412527,91.87032397825327,93.26229858398438,113400
2024-05-15,94.60787545670783,94.60787545670783,92.63127397650572,93.9118881225586,87700
2024-05-16,93.3736509147782,93.45716598542445,91.33208409072896,91.51768493652344,111200
2024-05-17,92.23223639724115,94.89555034642159,92.23223639724115,93.70773315429688,168100
2024-05-20,93.19734046445993,95.04402480051205,92.86326599121094,92.86326599121094,100300
2024-05-21,92.79830131071675,94.9790599755289,92.12087059597117,93.19733428955078,161000
2024-05-22,92.0837559240711,92.0837559240711,88.74301147031072,88.78941345214844,121100
2024-05-23,89.26269876725388,89.38333402432737,87.52736778040035,88.56671142578125,139200
2024-05-24,89.32765614414905,89.7174073511314,88.29759432573195,88.7987060546875,100200
2024-05-28,89.90300600947604,90.93306788367204,88.99358647727125,90.88667297363281,138700
2024-05-29,89.2719709700254,91.67545086934524,88.97501666261378,90.86810302734375,121000
2024-05-30,90.91450392194182,92.42711380090654,90.60826780486673,92.32503509521484,86400
2024-05-31,93.1509352535566,93.25301395462333,89.7174008284266,90.75674438476562,139100
2024-06-03,91.9167110149158,91.98166953608747,88.98428159071472,89.09564208984375,87200
2024-06-04,87.70369306300528,87.89856868285294,84.75270624254806,85.43013000488281,107200
2024-06-05,85.27236778393515,85.8291562363771,84.40006139114155,84.72486114501953,201400
2024-06-06,84.67845398904389,88.43678820355085,84.67845398904389,86.61793518066406,143500
2024-06-07,84.55783083844716,85.70852801189069,83.52776893094571,84.46502685546875,104700
2024-06-10,83.73191739054671,85.65284210513235,83.20296731203615,85.44868469238281,116200
2024-06-11,84.09382274932962,85.18884298217053,82.47912721754739,84.48357391357422,124600
2024-06-12,88.04703341989365,88.13055557993665,85.92195128479948,85.96835327148438,127800
2024-06-13,85.44868250654336,86.19106471215659,83.98246756153002,84.94757080078125,109200
2024-06-14,83.37927529600111,84.17734128223354,81.74602315208953,82.77608489990234,136900
2024-06-17,81.82954536262326,82.21001473029649,80.55820603952992,81.9037857055664,153600
2024-06-18,81.59756188727405,83.21225064969751,81.59756188727405,82.50698852539062,94600
2024-06-20,82.63689111629988,83.54631051501697,81.56970922274735,81.61610412597656,93500
2024-06-21,81.31915588412703,82.28425915036162,80.86444615098014,82.24713897705078,336400
2024-06-24,82.37706136283778,83.63911901710242,82.08938885103983,82.71113586425781,85100
2024-06-25,82.12650251023258,82.12650251023258,80.6138926398992,81.34700012207031,128600
2024-06-26,81.30987476209566,81.3191494947328,79.84365989129152,81.05003356933594,109300
2024-06-27,81.65323085493928,81.94091042984081,79.1198409607962,79.75086975097656,109600
2024-06-28,80.94796284673035,81.84810043894763,80.04781817456443,81.56970977783203,486400
2024-07-01,81.88522930140256,83.07304657345256,80.40973952501373,80.9850845336914,109600
2024-07-02,81.09644233149795,81.987305255585,80.84589001032782,81.8945083618164,57800
2024-07-03,82.3492150621406,84.4371769547503,82.3492150621406,84.42790222167969,64500
2024-07-05,84.62278722208346,84.62278722208346,81.05004636695665,81.25420379638672,86600
2024-07-08,81.60683815059691,84.11238975220297,81.60683815059691,83.92679595947266,152900
2024-07-09,83.83399083979462,84.72486085660829,82.21930220922474,82.84104919433594,176500
2024-07-10,83.15656941231111,84.0381505598383,82.59049913275805,83.6948013305664,100800
2024-07-11,86.08898717323179,86.14467097236918,83.96391215145307,84.66917419433594,133600
2024-07-12,87.19329431854041,88.08415727653917,85.43940676373826,86.75714111328125,154500
2024-07-15,86.81282080308377,89.54108627022609,86.81282080308377,88.51102447509766,110800
2024-07-16,88.51102763758817,92.3436024630492,87.68512322531072,92.19512176513672,140500
2024-07-17,91.72184593273158,92.86326825751325,90.53402870105748,91.12793731689453,145600
2024-07-18,90.28347587432944,91.40633456610598,88.09343521071514,89.12349700927734,194000
2024-07-19,88.73374482005907,89.05853748266105,85.87555522926354,86.24674987792969,89800
2024-07-22,86.01475911320941,88.75230653153166,85.05893761623486,88.54814910888672,147500
2024-07-23,88.23263469422787,90.26491286533927,86.29314633701658,90.20923614501953,169900
2024-07-24,89.48540944822285,89.48540944822285,85.44868443190055,86.10755157470703,165600
2024-07-25,79.53859705536247,79.53859705536247,72.06197093113221,73.04450225830078,407400
2024-07-26,73.53109959953615,73.79310796869464,70.48991777044576,72.76378631591797,257700
2024-07-29,72.44562322505645,72.57662740064525,71.06071990049146,71.56602478027344,247700
2024-07-30,73.17550350996825,73.8773146324009,71.77188126510293,73.37201690673828,243500
2024-07-31,74.33583669924695,76.26347563945745,73.13808018730286,73.63402557373047,220200
2024-08-01,73.64338561893223,75.12186959142211,68.72135488397377,70.04075622558594,253900
2024-08-02,67.72945403108793,67.8791771740676,65.06257301469579,65.52108764648438,186600
2024-08-05,62.35825657533644,64.6695556640625,60.50547922349376,64.6695556640625,170400
2024-08-06,64.69763382080082,65.0532155878181,63.13493594736103,63.51858901977539,159000
2024-08-07,64.81926808487854,64.84734652494625,61.89973856668661,62.09624481201172,127900
2024-08-08,63.08814270506605,64.04260987873074,62.49862390193829,63.35015106201172,136500
2024-08-09,63.733809613190076,64.39818996952269,62.4799033297288,63.68701934814453,95800
2024-08-12,63.68702399135045,64.20168838760553,63.07879333656688,63.51858901977539,86800
2024-08-13,63.94902897270435,65.06257162241158,63.53730461670557,64.34204864501953,115400
2024-08-14,64.29524799644695,64.52918501017548,63.16299370670378,63.61215591430664,103000
2024-08-15,65.49300872735775,66.69076517516717,65.081284410418,65.7363052368164,89000
2024-08-16,65.42751085452201,65.93281572705287,64.95028442423622,65.24036407470703,112000
2024-08-19,65.70824007959477,67.13057420956541,64.56662612753286,66.20418548583984,99700
2024-08-20,66.57847682413079,66.97148930139872,65.16549523487754,65.50236511230469,81300
2024-08-21,66.29775371782921,67.7200948762764,65.37136506621415,67.5610122680664,108000
2024-08-22,67.23351103251841,67.23351103251841,66.07318518944861,66.26969146728516,60700
2024-08-23,66.99020868266912,69.63837774165185,66.45683250640687,69.52609252929688,87300
2024-08-26,70.28404725489163,70.92035631086212,69.24536619089288,69.48866271972656,67400
2024-08-27,69.21729214283278,71.28529470793917,69.21729214283278,70.3401870727539,100500
2024-08-28,69.6664553095148,69.6664553095148,68.72135470430916,68.74006652832031,79900
2024-08-29,69.5541535922111,70.69576734435846,68.39382088129913,69.46993255615234,102100
2024-08-30,70.02204101312705,70.02204101312705,69.08629279316553,69.7600326538086,133100
2024-09-03,69.01143181701418,69.45123462645782,65.36201229986919,65.86731719970703,139800
2024-09-04,65.47430752289048,66.87792992636238,64.47305716064822,64.80056762695312,94600
2024-09-05,65.21229375159336,66.02639010913309,64.66019860621647,64.98770904541016,76800
2024-09-06,64.67892510202039,65.89539360918002,63.181722109834745,63.75252914428711,64100
2024-09-09,63.612163135683396,64.20168190709383,62.85420227050781,62.85420227050781,72200
2024-09-10,62.732559943387216,63.1817150797118,61.99331801152782,62.49862289428711,82100
2024-09-11,62.66705652814767,64.14554036055756,61.441228701363165,63.920955657958984,97600
2024-09-12,64.77248755227293,65.01578406824461,63.892882013969626,64.49176025390625,62200
2024-09-13,65.42751894044689,66.20419173712976,64.3420546328262,64.46369934082031,124100
2024-09-16,65.11871619123741,65.60530927096973,64.1361848288418,64.48241424560547,122800
2024-09-17,65.10935892840159,65.9515337033727,64.47304989166695,65.06256866455078,162900
2024-09-18,65.5023719285246,67.65459557613862,64.86606288707982,65.67080688476562,184300
2024-09-19,68.0382545636136,68.80556784488209,66.01704205115695,66.70013427734375,136200
2024-09-20,66.59720150074676,66.59720150074676,65.25908121242173,65.66145324707031,314700
2024-09-23,66.30712129499355,66.70013384498023,65.89538978213557,66.0918960571289,70100
2024-09-24,67.1212200366001,67.96338768654329,66.90599481413531,67.23350524902344,124800
2024-09-25,66.78434850219247,66.9340644948587,65.50237095762698,65.70823669433594,89700
2024-09-26,67.28028415991673,69.02077605068574,67.28028415991673,68.4218978881836,142200
2024-09-27,69.15179004544484,70.22790185095909,68.2254013714628,68.4780502319336,110800
2024-09-30,67.70137527711103,67.93531230788142,66.84984819748647,67.8604507446289,90000
2024-10-01,68.12248354951774,68.81493533781612,67.35517017891858,68.34706115722656,74700
2024-10-02,68.41254929005882,68.41254929005882,67.05571729903285,67.53294372558594,61100
2024-10-03,66.54105820504893,67.32708330323281,65.74567362545069,65.96089172363281,81900
2024-10-04,67.1118526134792,67.66394054706916,66.59718832014008,67.18671417236328,74600
2024-10-07,67.10249702735292,67.65459213216867,66.58783984334272,67.2522201538086,70300
2024-10-08,66.78436116137786,66.78436116137786,65.0438686891669,65.95154571533203,105300
2024-10-09,65.50238358975663,67.92596835576487,65.30587729569055,67.38323974609375,143000
2024-10-10,66.50361369876087,67.94466655399857,66.11996071023162,67.57036590576172,108500
2024-10-11,67.74817207416463,68.58098741290812,66.75627411336599,66.94342803955078,305600
2024-10-14,66.26967668601172,67.9727378532579,66.26967668601172,67.57036590576172,83100
2024-10-15,66.83114054138309,67.68267490423399,66.82178819878831,66.97150421142578,96600
2024-10-16,67.6358785484472,68.30025891172767,67.15864496892183,67.45808410644531,125700
2024-10-17,67.60780209823355,69.39508444556631,67.35515324547755,69.03013610839844,187800
2024-10-18,69.30151504432637,69.6758157826098,68.40319755596181,68.70263671875,151600
2024-10-21,68.9272251521694,68.9272251521694,66.01704728581457,66.16676330566406,95700
2024-10-22,66.32582146211101,67.0463514829815,66.03574184131944,66.9340591430664,88000
2024-10-23,66.41004617941469,66.41004617941469,62.33954322636567,63.20978927612305,479800
2024-10-24,63.26593390874565,63.92095476755383,59.363862210552576,62.985206604003906,564900
2024-10-25,63.66674390205834,66.02371760521397,63.24078010055382,64.68904113769531,289700
2024-10-28,65.47470767529317,72.50777274521727,65.14340727936276,72.00608825683594,372400
2024-10-29,71.93983597849251,73.4164934586515,69.97095452374201,72.42259216308594,404800
2024-10-30,72.30898921586518,73.39755380020101,71.14470398862595,72.6497573852539,252300
2024-10-31,72.60242781205858,72.88640370221854,70.14132991063076,70.29278564453125,176200
2024-11-01,70.98379059035905,71.86410728314644,70.29279358633693,71.56120300292969,120900
2024-11-04,71.51387164736406,73.53954518137982,70.87019921082961,73.23664093017578,152600
2024-11-05,73.18929836584431,74.39144740360781,72.2332540307373,74.2873306274414,145600
2024-11-06,79.4745872867916,81.86942543606798,78.14937832200636,81.59491729736328,283000
2024-11-07,81.59490084371649,81.59490084371649,78.7646388036414,79.06754302978516,136500
2024-11-08,78.44281647690407,80.26024207133946,78.08311269634618,80.04252624511719,90800
2024-11-11,80.68619131416784,80.88497154328799,79.39884649736497,80.05198669433594,98000
2024-11-12,79.02968801275051,79.68282825790119,77.6476868737273,78.7267837524414,166300
2024-11-13,79.1054072140494,79.92893146673615,77.19332563448373,77.42996978759766,125700
2024-11-14,78.31974663173182,79.09593916248907,76.02903297044895,77.01347351074219,109300
2024-11-15,78.28188496778455,79.05807752102034,76.26567933142744,76.32247161865234,117000
2024-11-18,76.37927716701753,76.5875251990506,75.70720856842448,75.82079315185547,76300
2024-11-19,75.37589289640574,76.2088849356255,74.84581230548874,75.79238891601562,110100
2024-11-20,75.9343797501306,76.27514792067083,75.35696741792668,75.95330810546875,60900
2024-11-21,75.49896423837097,77.90327007025007,75.49896423837097,76.84310150146484,98900
2024-11-22,77.05133498120738,78.98235206914066,76.98507490954425,77.28797912597656,97300
2024-11-25,77.56249399768816,80.85657673733957,77.56249399768816,79.30419158935547,154100
2024-11-26,78.64159215561611,78.64159215561611,76.65378257582002,77.3163833618164,66300
2024-11-27,77.38263563056017,78.14936035151801,77.05133527099854,77.29744720458984,60100
2024-11-29,78.24403221674473,78.24403221674473,76.79576382296588,76.93775177001953,50100
2024-12-02,77.51516022627372,79.08648091016269,76.72949988432924,78.77410888671875,76100
2024-12-03,79.3231203314627,79.3231203314627,76.75789144322044,78.52799224853516,55900
2024-12-04,78.68891024878735,79.60709070733397,77.24064920460819,78.21562194824219,60600
2024-12-05,78.46173904385768,78.46173904385768,76.50232563968234,77.2501220703125,53700
2024-12-06,78.00740533729044,78.00740533729044,75.4800395405604,76.1994400024414,56800
2024-12-09,77.10813098476788,80.0709132203562,76.44553023617195,76.6727066040039,68000
2024-12-10,77.02294194259973,77.02294194259973,74.27786830831619,75.00672912597656,89100
2024-12-11,75.62201184206585,75.88705216207485,74.01283434383565,74.94047546386719,99300
2024-12-12,73.93709871633396,73.93709871633396,72.3279213869589,73.27449798583984,124000
2024-12-13,72.53618003880501,73.39756842242255,71.11631479075616,72.18595123291016,92200
2024-12-16,71.75997307642706,72.41311327181768,71.53279670395469,72.24272918701172,70300
2024-12-17,71.39080398176957,72.4982968479335,70.34957118738109,71.16362762451172,107300
2024-12-18,71.4475988134998,71.67477515589627,67.06494490969143,67.65182495117188,118700
2024-12-19,68.16298581272254,68.541617912774,65.3989765376115,65.65455627441406,87100
2024-12-20,64.66065505463472,67.34893676222669,64.66065505463472,66.0521240234375,374200
2024-12-23,65.61668973150037,66.66739033698022,65.31378550787235,66.34555053710938,79800
2024-12-24,66.80937609036023,67.63289308487784,65.92905959077493,66.62952423095703,55800
2024-12-26,66.3644911968536,67.88848021985227,65.7586827031928,67.02709197998047,62900
2024-12-27,66.35502791923233,67.30160465765735,64.71745420596919,65.61669921875,66100
2024-12-30,65.29486330027575,66.51594087605481,64.05484292466426,66.26036834716797,113900
2024-12-31,66.79044589941466,67.68969804712273,66.31715757592832,66.51593780517578,70500
2025-01-02,67.2448058675565,68.34283102270534,65.9195971174334,66.51593780517578,79500
2025-01-03,67.1785454425307,67.22586994154975,65.66402425959505,66.47808074951172,130500
2025-01-06,66.74312122702413,68.5889427951103,66.4686131334973,66.49700927734375,70000
2025-01-07,65.87226843752433,66.33609621565556,64.90676339063211,66.26036834716797,113700
2025-01-08,65.2570057539624,66.62007141113281,64.38614962472208,66.62007141113281,103400
2025-01-10,66.09945565939458,66.8093882162415,65.57883556231721,66.45915222167969,98600
2025-01-13,66.26982069232254,68.22923369651346,65.72080460644355,67.87899780273438,91000
2025-01-14,68.86344514346375,69.42192185066892,67.46250864886116,68.65519714355469,67600
2025-01-15,70.18866192652833,70.18866192652833,69.12849345021085,69.4976577758789,59600
2025-01-16,69.74376382996988,70.86072450128643,69.30833946275241,70.39690399169922,59800
2025-01-17,70.82286357127207,71.23935960182334,69.43139476175452,69.74376678466797,67200
2025-01-21,70.29277902824508,71.56118818214206,68.58893829127253,68.7214584350586,84600
2025-01-22,68.532157241638,69.41247389641454,67.12175992482223,67.25428009033203,79200
2025-01-23,66.68632095077442,69.32727062522933,66.26036435436187,69.31781005859375,104300
2025-01-24,69.52825835083193,69.99700763427268,68.39942833256238,69.29866790771484,86800
2025-01-27,69.1073494835866,69.11691788259687,66.33310495315645,67.00275421142578,101600
2025-01-28,67.05056993906237,68.83948071801976,66.96447625860468,68.39942932128906,96500
2025-01-29,68.34203849704215,69.05951508048462,67.3471367588427,68.06461334228516,68600
2025-01-30,68.9064559758658,68.9064559758658,66.99318491815002,67.66283416748047,79700
2025-01-31,67.24190267897876,67.61498989852677,65.40516447527334,66.9644775390625,128500
2025-02-03,66.38093752506717,67.44280352617172,65.30950312525859,66.18961334228516,108000
2025-02-04,66.63923061974283,67.51933350413925,66.63923061974283,67.0984115600586,71000
2025-02-05,67.0505669722464,67.28972580544496,66.72531446239957,67.11753845214844,54200
2025-02-06,67.72022165969169,68.38030242919922,66.96447880873862,68.38030242919922,82200
2025-02-07,68.67686121257685,68.87775378529135,67.14624592150248,67.63412475585938,118100
2025-02-10,69.92048653012172,71.22151141891005,68.63859843888751,69.26998138427734,110700
2025-02-11,69.5473990478622,70.90582702658314,69.23171487468846,70.75276184082031,93700
2025-02-12,70.22661296084227,70.47533292668716,67.84458539899023,68.70555877685547,126300
2025-02-13,69.0977784666465,69.88221920626115,67.41409811141912,69.1551742553711,89700
2025-02-14,69.39433208907444,69.71002351952919,67.04100990473223,67.2036361694336,99500
2025-02-18,67.37583156847764,68.62902160795636,66.70618970735516,68.2081069946289,89800
2025-02-19,67.32800454817287,68.6672957215218,66.57226161965062,68.26551055908203,154100
2025-02-20,67.8732781424324,73.76615566040824,67.8732781424324,71.59458923339844,184000
2025-02-21,71.73809431631645,72.00595108935094,68.58120153598894,68.74382781982422,118200
2025-02-24,68.63858977612826,69.83438402309913,66.42876434326172,66.42876434326172,130100
2025-02-25,66.9931904822491,68.61947539550803,66.96449258176784,67.79676818847656,110500
2025-02-26,68.4472790736623,69.41347576022649,67.57673718740413,67.74893188476562,65200
2025-02-27,67.36626317087621,68.55249632279157,66.96447805420273,68.2081069946289,137300
2025-02-28,67.77762200984235,68.46640072027895,66.50529507520523,67.6915283203125,79100
2025-03-03,68.10287799786818,68.76295147574554,65.63475685853811,65.64432525634766,87500
2025-03-04,65.54865115531231,66.67748116343456,63.740610922602315,65.73998260498047,141500
2025-03-05,66.5340031005351,67.60543020808078,65.27124451053501,66.00785064697266,118200
2025-03-06,65.75911827780621,65.78781617331505,63.62582532809062,64.56332397460938,198500
2025-03-07,64.31460923719644,66.4096360635114,64.00848616266114,65.76869201660156,80400
2025-03-10,64.9555538743744,64.9555538743744,61.88475470232007,62.65005874633789,165500
2025-03-11,63.56842851593686,65.24254070573181,62.37263409465475,64.86945343017578,144600
2025-03-12,65.9121906017379,65.9121906017379,64.0371858067602,64.0945816040039,93300
2025-03-13,64.21894143539254,66.42877450484525,64.19024353684316,66.17047882080078,124300
2025-03-14,66.48616506481568,67.64369310594553,65.1468739491239,67.2801742553711,95500
2025-03-17,67.38540374517476,68.57162966506694,66.17047263086845,67.34713745117188,130500
2025-03-18,67.43323917665269,67.59587277018782,66.43833730963563,67.1653823852539,88000
2025-03-19,66.81142161606111,68.17941070984577,66.59139953232328,67.36627197265625,102700
2025-03-20,66.5627066666639,67.37584546532922,66.05569096744496,66.14178466796875,72400
2025-03-21,65.73999677983011,65.73999677983011,63.271875286048854,63.40580368041992,287100
2025-03-24,64.44853712708178,65.81652620237591,64.28590354300225,64.46766662597656,101300
2025-03-25,64.42940202174299,65.29037546561493,63.539730679500295,63.6545295715332,94900
2025-03-26,64.65897826071604,64.83117291155017,62.37262041264243,62.54481506347656,114000
2025-03-27,62.181304716895525,62.937047603896026,61.34902924166855,62.095211029052734,131200
2025-03-28,62.1813042848653,62.45872944134676,58.9478754402554,59.39749526977539,123400
2025-03-31,58.163436132467766,59.521860404177765,56.28843147786356,57.991241455078125,186000
2025-04-01,57.88601434419786,57.88601434419786,56.441496298840704,56.986778259277344,211700
2025-04-02,56.43192746823053,57.62772179486534,56.20233335183579,57.197235107421875,185900
2025-04-03,55.293536033049,55.293536033049,50.98867590444921,51.09390640258789,261700
2025-04-04,49.19019558883887,49.26672818038264,44.78010900546149,48.549251556396484,399500
2025-04-07,46.56901708574776,50.539055926195054,45.85154045067474,48.7214469909668,329600
2025-04-08,50.39555999336083,51.35219552300051,47.36302346678004,48.03266906738281,313400
2025-04-09,47.66914765749078,53.523755765610254,46.425518615703126,52.44275665283203,360600
2025-04-10,51.04607069768339,51.50525529827536,48.24312839986749,50.00333786010742,160000
2025-04-11,51.17999838064382,53.51418764725577,50.70168063876865,53.09326934814453,202300
2025-04-14,53.32286148461308,54.48038950102807,52.06009933574489,52.63408279418945,250800
2025-04-15,52.423626503045654,54.279501773468986,51.505257266762435,52.24186706542969,251900
2025-04-16,51.74441677227801,53.19850323851393,51.32349844623932,52.08880615234375,126400
2025-04-17,52.768016656261665,52.968909245418786,51.27566388836235,51.524391174316406,138300
2025-04-21,51.49568863249237,52.34709360914991,50.252059613405294,51.32349395751953,232600
2025-04-22,51.75398003761086,53.9255431002728,51.61048689954921,53.52375793457031,169900
2025-04-23,55.0735033017205,57.34072832677056,54.910877024695566,56.364959716796875,280100
2025-04-24,51.62004914670046,60.40196306367565,51.01737142736225,59.71318435668945,472900
2025-04-25,58.59931827850623,59.684131069929414,55.81948388398577,58.75429153442383,222200
2025-04-28,59.67444072122468,62.57050383614899,58.32811000610734,62.35741424560547,315500
2025-04-29,61.66004034840673,63.238832869123605,60.82705774612846,62.62862777709961,327000
2025-04-30,60.48805064924896,62.725480246693934,59.89721402211933,62.43490219116211,211000
2025-05-01,62.444594478910396,65.07914341629129,61.5825555473022,64.50767517089844,144900
2025-05-02,64.95321962904107,67.29719776572053,64.3623829893082,66.98725128173828,219800
2025-05-05,66.50296665403155,67.49091886963132,65.83464147336507,66.82259368896484,151300
2025-05-06,66.47389516176372,66.55138362953447,64.7885616311384,65.51499938964844,135200
2025-05-07,65.4762570109499,66.04772523981725,63.62626597617483,64.43987274169922,158200
2025-05-08,65.53438066240147,67.21002642675965,65.05008878303892,66.26081848144531,116800
2025-05-09,66.95820037155508,67.35532330590082,64.49799645136174,65.55375671386719,126500
2025-05-12,69.18593468492338,69.8833161383156,67.9074044836067,69.34090423583984,133800
2025-05-13,69.63148722193442,70.49352619333492,68.66290344375788,69.1568832397461,100100
2025-05-14,68.6532105864927,70.07702982009837,68.53698527090513,68.74038696289062,106900
2025-05-15,68.1495489489146,69.57336815409143,67.97520358930709,69.4377670288086,81300
2025-05-16,69.2537461778121,70.42573176482544,68.28516231518536,70.29013061523438,143900
2025-05-19,69.02128214833384,70.503214147586,68.80819253463865,70.46446990966797,103400
2025-05-20,69.9414306939331,70.70661273218327,69.16656813891174,70.11577606201172,57400
2025-05-21,69.15687395643397,69.7380226673875,67.3165635469921,68.27545928955078,138000
2025-05-22,68.02363708207983,68.2270387740481,66.12520651096156,67.59745788574219,111400
2025-05-23,66.08647009571655,68.08175018299828,66.07678218945293,67.65557098388672,104100
2025-05-27,68.89536484868476,70.72598768773406,68.18830279429437,70.70661926269531,93900
2025-05-28,70.12546829002356,71.04561994010002,69.22468506439054,70.745361328125,124000
2025-05-29,71.02624212386846,71.43304549076076,69.73802407233593,70.84220886230469,97200
2025-05-30,70.78409771703329,70.79377823332753,69.59273652891042,70.30948638916016,96200
2025-06-02,71.33619191582105,74.13539825425033,71.29744768054951,73.20555877685547,129200
2025-06-03,73.22492409699083,74.95868975596636,72.14979563030931,74.43565368652344,94900
2025-06-04,75.0071247340971,75.4429844469413,74.18382267029124,74.8908920288086,68300
2025-06-05,75.33643686210664,75.82072869833999,73.87387344756398,75.1427230834961,79800
2025-06-06,76.02413411689513,77.16706320213173,75.56889858612271,75.71418762207031,64900
2025-06-09,76.24691611262189,77.66104754036651,74.76498411607128,76.50843048095703,81200
2025-06-10,76.75057660084713,77.44795810428032,75.96602610433868,76.94429779052734,156200
2025-06-11,77.04115408247647,77.04115408247647,73.92231315546404,75.74324798583984,113800
2025-06-12,74.22256119864255,75.76261301904951,74.22256119864255,75.39454650878906,84400
2025-06-13,74.43566650823921,75.2492807751997,73.51551481757896,73.87388610839844,89900
2025-06-16,75.03618584872213,75.37518869030076,72.88592869684082,73.83514404296875,107800
2025-06-17,73.52518948093372,76.07256185694656,73.46706943609331,74.21288299560547,87600
2025-06-18,73.96104972317826,74.66811166491043,72.37257309360466,72.85686492919922,119200
2025-06-20,73.89325550922776,74.10634511754692,71.48148402991316,72.41132354736328,402300
2025-06-23,72.41131751444213,74.17413950497598,71.77204874274508,74.1644515991211,116800
2025-06-24,75.03617529199263,75.30737752710051,74.16444854364113,74.5228271484375,88300
2025-06-25,74.23225687748875,74.88120620656863,73.37990585077371,74.25163269042969,65000
2025-06-26,74.92962873070437,77.74820319578743,74.71653915395247,77.44794464111328,98900
2025-06-27,77.78695213544918,79.32700401265349,76.37282086469656,78.40684509277344,320700
2025-06-30,78.49402400010587,78.8911394747887,77.35109493756616,77.38983917236328,217100
2025-07-01,77.19611411574739,80.78956596794595,76.9442876867927,79.64663696289062,176100
2025-07-02,80.17936492435312,81.94218712591636,80.17936492435312,81.52569580078125,136700
2025-07-03,81.54506523772395,83.25945515985104,80.11155808968466,82.94950866699219,67300
2025-07-07,80.90580583982651,82.33931315442304,80.24716854226187,80.56680297851562,84500
2025-07-08,80.8767376800182,84.12149154612541,80.8767376800182,83.53065490722656,136000
2025-07-09,84.208666993536,84.61547036314077,83.43379709834952,84.28614807128906,88700
2025-07-10,84.78981677349896,86.85289736473221,84.74138463330796,86.5235824584961,98400
2025-07-11,85.59374206974594,86.83352799211274,84.93510487477522,85.70028686523438,146700
2025-07-14,84.9157331927647,86.14583865878906,83.78249201077304,85.89400482177734,145500
2025-07-15,86.14583061424385,86.2426874995244,84.57672246975504,84.85761260986328,134800
2025-07-16,84.99321358246466,86.15551098326527,83.17227901728859,85.5646743774414,142400
2025-07-17,84.93511093878271,87.98614382286958,84.93511093878271,87.26939392089844,110100
2025-07-18,88.20891773410527,88.4316952377652,86.40735145131532,86.86258697509766,136100
2025-07-21,87.79241826617304,89.69084126467311,87.53090394161255,88.65445709228516,119600
2025-07-22,89.2840457863586,90.53351964647011,88.9644113917402,89.52619171142578,111500
2025-07-23,90.54321320064992,90.62069428532719,88.5285572048876,89.72959899902344,151000
2025-07-24,93.95262147875358,93.95262147875358,84.67358760453867,85.35160064697266,234000
2025-07-25,84.47218869980313,84.90212473879565,80.92523874266118,81.01318359375,185200
2025-07-28,81.10111219800662,82.07823403171754,79.987193903964,80.37804412841797,136000
2025-07-29,81.11089723641987,81.56037245036188,77.6811970166298,77.78868103027344,149100
2025-07-30,77.95478474029055,79.07847642708661,75.85397114408028,76.0787124633789,165900
2025-07-31,74.74005818693335,75.7953517148373,73.3525467640499,75.54129791259766,267800
2025-08-01,73.82156556771855,74.40783724089793,72.03343062789997,72.16045379638672,124000
2025-08-04,72.94215615152346,72.94215615152346,70.84134243657255,71.2517318725586,139500
2025-08-05,71.70120628149607,72.53176590605187,70.72408432775879,72.07251739501953,148900
2025-08-06,73.05940381584011,73.05940381584011,71.32990127064426,71.45692443847656,121800
2025-08-07,72.30702617611286,72.83467293738529,70.3136964518111,71.90640258789062,144700
2025-08-08,72.31680375395693,73.62614369992647,72.08228909853145,72.23863220214844,89100
2025-08-11,71.85753972824072,72.47312379273053,69.80558539176016,70.78270721435547,88900
2025-08-12,71.95526550324752,73.33301114024563,71.32013469445087,73.01055908203125,79300
2025-08-13,73.7922461685953,75.55106865540391,73.39163004678541,75.052734375,136700
2025-08-14,74.27103128297138,74.84752957578522,72.67831795261536,73.81178283691406,84800
2025-08-15,74.22218237663895,74.22218237663895,72.87375677030707,73.57728576660156,107900
2025-08-18,72.96168736192921,73.4991073658733,72.11159611640619,72.74671936035156,65700
2025-08-19,72.41450468829998,73.20597104265467,72.27770821853123,73.18643188476562,47400
2025-08-20,73.06917753561272,73.39162956521999,72.03343066398205,72.89329528808594,50800
2025-08-21,72.6978771404953,74.5641762544387,72.30702685571082,74.04630279541016,93200
2025-08-22,74.09516152463847,78.53129620794587,73.78248278926588,77.74959564208984,183900
2025-08-25,77.47599748591834,78.46289270680161,76.64544534966349,76.78224182128906,67800
2025-08-26,76.58681312375249,78.03295684015912,76.58681312375249,77.49553680419922,82600
2025-08-27,76.8213338919646,77.31966074167225,76.23505473138044,76.89949798583984,57700
2025-08-28,77.48577156617264,77.67141966246199,75.94191713686914,76.70407104492188,82500
2025-08-29,76.70406983653776,76.90926454279253,75.75626039227866,76.08848571777344,64100
2025-09-02,74.7693636297147,75.12112810597118,73.49910964754268,74.75959777832031,91300
2025-09-03,74.22217921705963,74.40783476508105,72.82489459080293,73.87041473388672,76600
2025-09-04,73.63590510823335,74.28080166931598,72.70764230877333,74.10491943359375,92100
2025-09-05,74.2514961131024,75.82466307483762,74.09516047505521,75.6487808227539,70500
2025-09-08,75.38495342568478,75.38495342568478,73.46002215758323,74.92570495605469,77900
2025-09-09,74.83775909609417,75.32632002228833,72.21907968834768,72.79557800292969,100300
2025-09-10,72.79558288142404,74.44692130817836,72.44381839460242,73.79224395751953,82700
2025-09-11,73.46002288759082,75.766031109823,73.41116381188361,75.59992218017578,98100
2025-09-12,74.91593312521132,75.5510638413583,74.31012232768362,74.77913665771484,57600
2025-09-15,75.16022050077886,76.21551402256273,74.74983106059037,75.59015655517578,73400
2025-09-16,75.81488904943633,76.08848945941216,74.8768528654945,75.71717834472656,72700
2025-09-17,75.28724064582407,77.72027193657271,74.98432780656242,75.12112426757812,70700
2025-09-18,75.83442956146234,77.35873730586214,74.32966097449278,77.05583190917969,92300
2025-09-19,77.19262976740822,77.30988707864846,75.24815928214373,75.43380737304688,275400
2025-09-22,75.12113554101285,75.67809477440203,73.56751516281902,74.03652954101562,81000
2025-09-23,73.98768153590363,74.76937468944008,71.73053202509223,72.23863220214844,183000
2025-09-24,72.50244173657947,73.21574400114027,71.40806998362936,72.47312927246094,80700
2025-09-25,72.14090549457919,73.15711307822542,71.69143035361316,72.31678771972656,83200
2025-09-26,72.55130323712179,76.35230694500869,72.06274227256205,75.92237091064453,106100
2025-09-29,76.1080348535429,76.2057455662576,73.94859604669531,74.3980712890625,110300
2025-09-30,74.00721084630466,75.67808840586282,73.83132860556967,75.39472961425781,121400
2025-10-01,75.2872412412997,77.00697032334153,75.2872412412997,76.54772186279297,64800
2025-10-02,76.77246796672425,78.09158105075313,75.83443183019597,77.56393432617188,74000
2025-10-03,77.9254749044914,78.97099508463984,76.37185459444088,76.56727600097656,77200
2025-10-06,77.39783139468885,77.58348695704856,74.79869079589844,74.79869079589844,61700
2025-10-07,74.4078398604333,76.60636430339184,73.78248239304635,75.59015655517578,71900
2025-10-08,77.29033738580793,80.5050691894238,76.99720530166204,80.1826171875,110400
2025-10-09,81.09135644648434,81.63854986111224,75.78558344267807,75.79535675048828,136800
2025-10-10,75.57060151086105,76.63566822093804,74.71073695283648,74.92570495605469,126000
2025-10-13,76.78224376349708,79.63543803649999,76.27413618045072,78.06227111816406,104700
2025-10-14,76.26437075508505,78.51174675467077,76.18619921035629,78.01341247558594,100100
2025-10-15,78.0134109419363,78.78533815754781,77.49553751427447,78.16975402832031,95200
2025-10-16,78.16975077310433,78.65831171543623,76.45978747494267,77.73981475830078,108700
2025-10-17,76.65520866071026,78.08181316869214,75.59014938766094,76.28390502929688,99700
2025-10-20,77.46622504928963,78.48243274623964,77.46622504928963,78.16975402832031,81400
2025-10-21,77.25125953830708,78.52152106440319,76.29368419511985,77.92547607421875,107600
2025-10-22,77.68119140779368,78.31632213668874,75.47289381626484,76.1177978515625,155900
2025-10-23,85.14640129621316,95.33778295474481,83.85660069357816,90.98959350585938,925900
2025-10-24,90.73342157896985,96.16225605186169,90.07329313139124,94.37892150878906,637500
2025-10-27,93.748338126576,94.06362387654652,90.59547310986568,91.70883178710938,294000
2025-10-28,92.00441873581866,92.98968775961328,90.94033390304511,92.20147705078125,306000
2025-10-29,92.20147484311158,94.55626715223714,90.64474801870885,91.26546478271484,190100
2025-10-30,90.37872643448246,90.52651076721004,86.63470132059852,87.32438659667969,209500
2025-10-31,88.0436405498922,90.28019792597226,86.59529388248522,89.19640350341797,185900
2025-11-03,90.39842296134658,92.52660742614681,89.46242049879415,91.93544006347656,187600
2025-11-04,89.78756487484549,91.73840088078445,87.67908973140986,89.90579986572266,172000
2025-11-05,89.15699601195804,91.54135287354536,89.03876853447873,91.19650268554688,133700
2025-11-06,92.13250600264023,93.17688873388695,90.25063861044417,90.3688735961914,127300
2025-11-07,89.5609577596017,93.5217360159245,89.55110296438272,93.13748168945312,171000
2025-11-10,95.06860366723674,96.19180972542729,93.13747733004938,93.88628387451172,152500
2025-11-11,93.22615457650245,94.5562662101232,91.24576180106374,91.83692169189453,130900
2025-11-12,92.64484906809882,94.66465366008889,92.64484906809882,93.6892318725586,130200
2025-11-13,93.7582039124582,94.38877548632627,90.69401664709646,92.20147705078125,159000
2025-11-14,90.37872523755033,91.14723382557894,88.25054067038896,89.87623596191406,154500
2025-11-17,89.81712701124306,91.39355593176604,87.69879712569374,90.15211486816406,149600
2025-11-18,87.9352577122647,90.04373275801063,86.703671469796,88.41803741455078,99300
2025-11-19,88.36877980406994,89.76785999247431,87.53129513299126,88.74317932128906,118000
2025-11-20,90.38857782931836,91.02900419599789,87.61011949239118,88.29981231689453,121400
2025-11-21,88.32936311923702,90.6545984491348,87.27512564045327,90.44769287109375,192200
2025-11-24,89.96490160992465,92.74335963060392,89.65947065379844,91.70883178710938,111900
2025-11-25,92.10295160957561,95.01934701662981,92.10295160957561,93.76805114746094,150700
2025-11-26,93.97495463424586,95.40359919627929,93.53158659048034,94.39862060546875,179400
2025-11-28,94.19171811361826,95.08831654240349,93.88628711862849,94.63509368896484,65300
2025-12-01,95.07846486314266,95.86668312269666,94.19172120039599,95.12773132324219,137800
2025-12-02,95.21639385089793,98.2411693259672,92.82218992315863,96.85194396972656,193300
2025-12-03,97.90617753030654,104.59615455246607,97.90617753030654,102.556640625,284200
2025-12-04,101.64035956232206,104.9015977366422,100.28068345232265,104.6848373413086,287800
2025-12-05,104.68483562345213,104.68483562345213,101.87682035954195,103.07884979248047,160500
2025-12-08,103.22662172672675,104.40894894420352,100.16244229268769,100.6944808959961,186000
2025-12-09,99.32496822726394,103.22663267296167,98.94071390801382,102.36945343017578,159500
2025-12-10,102.22166132986591,106.22185116538063,102.22166132986591,104.8621826171875,254400
2025-12-11,104.79321063379497,108.61605161821296,104.79321063379497,107.91651153564453,185400
2025-12-12,108.31062214226417,109.30574594319613,106.7538953085302,107.18741607666016,175800
2025-12-15,107.52240790480961,108.57664547963286,104.5666007772297,108.29092407226562,201100
2025-12-16,107.00020857623079,110.78364532766847,106.67506801223895,110.14321899414062,280400
2025-12-17,110.14322755961736,111.84773879975488,107.95592907467235,109.44368743896484,219600
2025-12-18,109.46338294359403,111.87729647175556,108.79339973180707,110.6949691772461,250800
2025-12-19,110.6949659142314,113.63107071619135,110.47820554077727,112.43889617919922,609100
2025-12-22,114.20252695124428,116.33070396226215,113.50297938576968,114.35031127929688,183800
2025-12-23,114.5375215083648,115.98586814435282,114.18282406620423,114.9217758178711,169200
2025-12-24,115.02030718276926,115.8479370964226,114.21238685970636,115.13854217529297,76900
2025-12-26,115.56219497501051,116.52775432752607,114.54736916864996,115.81836700439453,104400
2025-12-29,114.49811145833594,116.5868844785791,113.40446224911024,116.14350891113281,179100
2025-12-30,117.1090765835667,117.37509591208601,115.82822384786583,116.37012481689453,174600
2025-12-31,116.73467579549819,116.73467579549819,113.1384423999527,113.16799926757812,135700
2026-01-02,114.59663386499054,118.65594481145467,113.46358053966479,118.52786254882812,191100
2026-01-05,119.21755217695903,122.439378585333,118.88256431619497,119.08946990966797,227000
2026-01-06,119.79885723961601,121.5624896978499,118.55742367934458,120.52796173095703,306400
2026-01-07,119.10916807485636,121.18808625340947,117.53273918796928,120.99103546142578,191200
2026-01-08,119.2372490326289,122.64628632927294,117.25686378875322,120.79397583007812,201500
2026-01-09,121.00087752839507,122.83347837954736,120.39986286661902,121.25704956054688,153700
2026-01-12,121.58218718597169,125.36561626031374,121.22748977062646,124.9518051147461,150300
2026-01-13,124.5084503926452,125.74003668375981,122.17336007856967,124.52815246582031,146000
2026-01-14,124.38035416631843,126.70559708189434,124.10448005411617,125.7794418334961,121800
2026-01-15,125.23753149162853,130.5875344455038,124.00594535668372,129.2869873046875,152800
2026-01-16,128.3115743807927,128.8436280462399,124.19315728238644,126.35089874267578,162300
2026-01-20,124.4493289494749,127.5233635165289,123.29656598682966,125.7104721069336,113000
2026-01-21,127.53322336429797,131.22798216061835,127.13910673894992,131.19842529296875,173100
2026-01-22,132.20338033235925,133.48423297258887,129.13920833427198,129.2771453857422,143600
2026-01-23,129.04919593341225,129.04919593341225,124.50011144860022,126.27415466308594,140500
2026-01-26,127.80042338338257,127.80042338338257,122.23052984024902,122.41883087158203,152400
2026-01-27,121.4376592963317,123.87572779927496,118.75181951185301,121.91338348388672,123900
2026-01-28,123.88564495763275,124.32172484752512,121.46739474841826,122.21070861816406,153300
2026-01-29,124.2622488305622,128.84106477784047,122.52784988162972,125.78852081298828,226700
2026-01-30,121.8241841045627,124.35145424670483,117.7706494944389,121.52686309814453,229500
2026-02-02,120.80335707282849,132.54772105516,119.41583647983376,130.6943817138672,287700
2026-02-03,133.31084430640416,138.47440405833302,131.2097488448074,137.6220703125,225300
2026-02-04,138.98978095865755,141.7449963484533,136.37331687904003,136.76974487304688,220600
2026-02-05,134.08389938300903,135.76875618712884,128.4941799047735,129.84205627441406,279300
2026-02-06,131.81433343567554,137.72120796395038,131.81433343567554,137.27520751953125,298600
2026-02-09,139.23755306845413,143.63795827018214,138.0482388338025,141.170166015625,210900
2026-02-10,140.24845010063217,141.79455559330458,137.6815432653844,138.90057373046875,136400
2026-02-11,141.69544354755442,144.33173364703387,138.4744168454656,143.41993713378906,169300
2026-02-12,145.37236264974723,148.66277260908612,137.27519878303679,138.82130432128906,206800
2026-02-13,131.35841404777528,139.1879955036859,128.88070126858054,139.15826416015625,201500
2026-02-17,137.11663848110086,140.0601626278427,132.53781474019164,139.3168487548828,216800
2026-02-18,141.00168661159938,145.66968913601337,137.3148486938059,138.137451171875,359600
2026-02-19,121.91338866992392,133.29104972902945,118.9302201961508,125.91737365722656,490800
2026-02-20,123.4000158077565,128.00856332967948,118.95995094887444,127.86981201171875,345000
2026-02-23,124.56949300977203,125.81825483539791,115.95696076891781,124.70824432373047,415700
2026-02-24,125.0749395664374,129.4951858714482,125.0749395664374,127.32470703125,246600
2026-02-25,129.61411867723737,131.12057238575238,127.29498298466487,130.94216918945312,204800
2026-02-26,129.6240195974838,130.32769670519124,126.99765000956269,129.89161682128906,229800
2026-02-27,128.91044452981205,130.51599753152917,127.02737379078698,128.9798126220703,199900
2026-03-02,127.95899733618755,134.1433737787786,126.37326269502799,133.75685119628906,192100
2026-03-03,131.42780263380678,133.74693826041587,124.88664214177898,131.3980712890625,166200
2026-03-04,133.37033104493378,135.5110633977974,129.06901015703747,129.5942840576172,263900
2026-03-05,127.3048800336327,128.5833883010935,123.98474640970835,124.71814727783203,184100
2026-03-06,121.23944593042775,123.26126050570811,118.652713132744,121.59623718261719,237600
2026-03-09,118.49413278390219,123.8559068336651,117.4534979600429,122.4584732055664,174300
2026-03-10,121.97284957320807,127.09676556489747,121.7548096295558,123.97483825683594,181400
2026-03-11,123.96492899782947,126.62103742988734,122.23053003260384,126.41291046142578,158300
2026-03-12,123.92528769693651,126.61112753812932,119.32665321944438,119.92130279541016,210400
2026-03-13,121.62597115232936,123.8856440907234,115.68937320468818,116.52188110351562,209100
2026-03-16,117.82019671645459,120.32764842955044,116.64081056165932,117.54269409179688,208000
2026-03-17,119.53477785722818,121.88365233198205,118.38511547962999,118.4842300415039,178800
2026-03-18,117.91931134989434,117.91931134989434,114.13336647965302,114.64872741699219,264900
2026-03-19,111.81422259496766,112.79539474358934,107.9688150631908,110.9718017578125,303400
2026-03-20,110.60510021761658,112.32958624568131,104.5099250885052,106.08575439453125,782700
2026-03-23,110.15911434087788,114.21264891626485,110.01045005825299,110.39697265625,210900
2026-03-24,109.17794229638682,113.08281259353475,108.53373544520839,112.94406127929688,248200
2026-03-25,115.16408810947493,117.71117656962258,114.06398301954934,117.16608428955078,234300
2026-03-26,113.82612132940822,115.69927154879726,113.2909344722429,113.845947265625,142300
2026-03-27,112.14128542831848,114.7775679764424,111.69529257719803,113.53871154785156,113800
2026-03-30,117.12643840672898,120.1096067000352,113.42968762559329,113.61799621582031,246400
2026-03-31,116.32366229903775,121.03131658028909,115.0352486290909,119.4356689453125,175700
2026-04-01,121.9629325860208,130.44661880321075,121.4773029938557,129.84205627441406,374900
2026-04-02,125.06503956149703,131.81432712470706,124.89654933656873,130.44662475585938,280900
2026-04-06,129.6735701067436,130.18893859014398,126.64085213787388,129.2275848388672,143800
2026-04-07,129.50510182260211,132.18102884948348,128.65276794204996,130.8034210205078,209800
2026-04-08,138.16717907429216,138.7519156608293,133.59827610369308,136.4525909423828,283700
2026-04-09,136.23457075849527,142.57750964078022,135.45160502478186,140.7737274169922,193400
2026-04-10,142.02250555155152,143.2316306489015,140.90257448857344,141.3981170654297,105600
2026-04-13,140.7439848834668,142.14141845703125,137.90948098768186,142.14141845703125,141900
2026-04-14,142.31982356916134,142.31982356916134,140.3277328793474,141.1899871826172,148500
2026-04-15,140.991754544328,141.11069503445748,136.57152366575897,136.79946899414062,199800
2026-04-16,139.90158539161837,145.52103645724586,138.71228621926895,142.77572631835938,324700
2026-04-17,142.96402610769957,147.32479451179464,138.89066572946066,147.02748107910156,258700
2026-04-20,146.48238623448276,150.85307531696114,143.945210704074,150.65484619140625,350900
2026-04-21,151.69548769102613,155.9670621848629,149.80251146185552,151.85406494140625,339200
2026-04-22,155.35258603858696,163.94529185355006,153.55872446633134,161.57659912109375,471900
2026-04-23,167.13659463376231,175.65001221575773,159.3565703646423,163.37046813964844,674100
2026-04-24,166.12866470115995,180.696293741566,165.98926220672348,177.1016845703125,452700
2026-04-27,177.37053929030182,179.11307808359626,171.9338115699809,174.1941375732422,529400
2026-04-28,172.55116407976604,173.42741702458815,168.89681310303945,172.06326293945312,248400
2026-04-29,171.5853100970725,174.25387645493373,170.2410598297844,171.78445434570312,257300
2026-04-30,165.73037521711626,170.09170567874529,161.4487054937969,169.70335388183594,325200
2026-05-01,169.82285683456792,173.95515707928334,167.7815940462967,172.97933959960938,252900
2026-05-04,171.53551722633233,171.7944032256359,165.23250386820717,168.69766235351562,426700
2026-05-05,172.0632595672522,176.66355704994362,170.51986504922806,175.16995239257812,196400
2026-05-06,179.70054669395526,182.2197585335933,176.24534022101648,179.6507568359375,190400
2026-05-07,182.09031857478104,182.21976917444027,174.9708090807043,175.408935546875,268600
2026-05-08,178.8442257615747,179.8897520808263,174.26383197901183,179.5611572265625,134500
2026-05-11,181.65219103337168,182.219768095842,177.71903514327346,179.6208953857422,261300
2026-05-12,178.00780645392976,178.00780645392976,171.56539051430542,175.6080780029297,239000
2026-05-13,174.7616961905661,180.97509701305503,174.7616961905661,178.655029296875,212800
2026-05-14,180.44735046416787,181.21407174148675,175.5084912666569,177.08175659179688,139000
2026-05-15,172.33210431974894,172.83992440893346,166.7659263521075,168.56820678710938,193700
2026-05-18,168.56821418482062,173.32784831639407,164.4558330451582,165.69053649902344,183200
2026-05-19,163.20119516365514,165.44160213615413,156.86831084697542,162.30503845214844,286000
2026-05-20,164.88398515637994,168.23962712206682,161.5084394023818,168.2296600341797,209200
2026-05-21,165.71045047398454,170.32071488492826,165.65070872076197,168.6578369140625,185500
2026-05-22,170.03195263454543,177.23113818807607,170.02200073967776,174.7218780517578,203700
2026-05-26,177.8584345787882,185.56543994368153,177.8584345787882,184.75889587402344,227800
2026-05-27,183.17567166838072,186.4715566645102,178.61519721182802,186.23257446289062,205700
2026-05-28,186.23257727921484,189.05051310845118,182.66783915157163,183.17567443847656,305400
2026-05-29,183.1756823171044,184.6294490120418,179.65076680852303,181.26385498046875,344800
2026-06-01,181.17423937541176,186.62091883221532,179.48149049272885,182.62802124023438,207000
2026-06-02,184.69916021746863,193.60103134844545,180.71621440372718,189.52847290039062,205900
2026-06-03,189.33927344611,189.6180784271227,184.21123698062854,185.5355682373047,202300
2026-06-04,182.8271684483804,188.98081235769325,181.4231764207764,186.05335998535156,236500
2026-06-05,180.48717862543955,182.19984648908837,174.95088654264868,176.14576721191406,175900
2026-06-08,181.08462763331153,181.2240301256589,174.462986456213,177.40040588378906,198200
2026-06-09,180.94522166336003,183.86272205203414,171.77448264086948,179.49143981933594,168000
2026-06-10,178.27664880176908,181.22403540346338,172.51134139368148,174.0945587158203,230800
2026-06-11,177.98788149716933,186.95946099128324,175.5981202147,186.89971923828125,304700
2026-06-12,189.4687316462795,191.69918677762917,187.86559534425092,189.81724548339844,141200
2026-06-15,192.49577899351402,194.38767218268245,180.06897708142924,182.31935119628906,274300
2026-06-16,183.71336694095876,185.20697155023484,179.74037321054092,180.94522094726562,180300
2026-06-17,179.51136333831124,183.86272669852764,175.99641493724144,179.67068481445312,240000
2026-06-18,180.38760798237962,182.91677172666493,176.03622962818793,181.9708251953125,383400
2026-06-22,182.22971235192531,184.5696989598858,180.37764204772063,184.24110412597656,213200
2026-06-23,177.08175453471065,181.3036822642848,175.24960323826073,178.34634399414062,202100
2026-06-24,175.57820200160296,176.91248513693117,169.59383168122608,174.12442016601562,400000
2026-06-25,178.0575883336367,181.4829087482863,172.4316686208222,180.95516967773438,474600
2026-06-26,177.13154625292424,187.12873294831735,176.3548730822778,186.37197875976562,1274700
2026-06-29,183.2453702058891,187.34779935061184,180.915350654395,186.36203002929688,283500
2026-06-30,191.7190767219818,195.12450852631144,189.8172317754616,194.79591369628906,309100
2026-07-01,191.748964585976,191.8385772148939,182.16001825474243,183.9523468017578,259200
2026-07-02,185.44595646485425,188.7617605691036,168.4686474528119,175.51846313476562,306700
2026-07-06,177.649342247507,181.9110930033796,176.554026083914,178.1671142578125,193600
2026-07-07,175.02059438699007,176.7033913638388,167.54260416634736,170.10165405273438,271700
2026-07-08,168.46864583709782,172.51133323545687,164.45582931557536,168.169921875,259700
2026-07-09,165.0333590332689,165.59096899514967,161.3889601047502,162.2652130126953,267000
2026-07-10,160.7218213625139,163.09166374228164,156.96789075432932,159.2082977294922,256900
2026-07-13,158.12295078076767,160.97075762618815,156.10160700938778,157.60516357421875,231700
2026-07-14,162.64358323496052,165.49139000458663,159.9949207106353,160.47288513183594,250900
2026-07-15,159.66634517475768,163.56963021936934,158.0134190280969,162.0561065673828,301200
2026-07-16,159.7858312342475,162.14572178662604,157.38610271490822,159.72608947753906,147700
2026-07-17,155.3946167597978,159.2779977512391,155.10585989534505,157.10728454589844,196900
2026-07-20,158.67060240892752,160.33348038407001,154.46859355917323,156.2708740234375,202300
2026-07-21,160.3932233373891,165.21258393306158,157.8142696724766,163.669189453125,248300
2026-07-22,162.66350163794036,168.16992280672778,161.95652209684965,163.61941528320312,244400
2026-07-23,170.94801967805807,185.7048405760759,168.29937237311003,179.8300018310547,504600
2026-07-24,176.72999572753906,179.0,162.8800048828125,163.1699981689453,319600
2026-07-27,163.60000610351562,165.0,157.30999755859375,161.88999938964844,359400
2026-07-28,158.9499969482422,163.5,158.0,162.16000366210938,327800
2026-07-29,162.58999633789062,162.58999633789062,150.7100067138672,151.44000244140625,403600
2026-07-30,157.99000549316406,160.17999267578125,155.02000427246094,159.72000122070312,300200
2026-07-31,161.05999755859375,163.11000061035156,156.02000427246094,159.67999267578125,202600
2026-08-03,157.52999877929688,164.05999755859375,155.02000427246094,163.8800048828125,240100
2026-08-04,170.75,176.8699951171875,168.3000030517578,174.61000061035156,232700
2026-08-05,177.16000366210938,181.3699951171875,177.0,178.0500030517578,257300
2026-08-06,176.16000366210938,178.82000732421875,170.6999969482422,170.97999572753906,190500
2026-08-07,171.82000732421875,186.6199951171875,171.82000732421875,184.75,373200
2026-08-10,186.77999877929688,188.14999389648438,183.07000732421875,187.10000610351562,221800
2026-08-11,189.02999877929688,194.61000061035156,188.07000732421875,193.38999938964844,229000
2026-08-12,195.9499969482422,199.88999938964844,188.75,189.49000549316406,243000
2026-08-13,187.52000427246094,189.0500030517578,181.9600067138672,182.75,183000
2026-08-14,182.10000610351562,185.3300018310547,180.2899932861328,181.72999572753906,153800
2026-08-17,182.97000122070312,186.32000732421875,181.42999267578125,185.5,150600
2026-08-18,176.94000244140625,180.6300048828125,157.3300018310547,161.24000549316406,477200
2026-08-19,163.66000366210938,164.8000030517578,154.5500030517578,156.9499969482422,335300
2026-08-20,153.00999450683594,155.52999877929688,148.0,151.14999389648438,205500
2026-08-21,154.8300018310547,157.08999633789062,151.94000244140625,154.16000366210938,217400
2026-08-24,154.3000030517578,157.1999969482422,150.92999267578125,152.5,196900
2026-08-25,154.0500030517578,155.1199951171875,152.27000427246094,153.8000030517578,129600
2026-08-26,153.49000549316406,157.35000610351562,152.5,155.5,200500
2026-08-27,156.57000732421875,159.58999633789062,155.7899932861328,156.75,229600
2026-08-28,158.11000061035156,159.4499969482422,154.4499969482422,156.3800048828125,231500
2026-08-31,163.24000549316406,169.47000122070312,156.5,158.77999877929688,362800
2026-09-01,155.16000366210938,164.1999969482422,154.0,163.30999755859375,289800
2026-09-02,164.69000244140625,167.1999969482422,162.22999572753906,162.58999633789062,252100
2026-09-03,165.6300048828125,165.6300048828125,160.22999572753906,160.77000427246094,150400
2026-09-04,160.80999755859375,164.4199981689453,160.80999755859375,164.19000244140625,116900
2026-09-08,165.38999938964844,170.11000061035156,165.38999938964844,167.8000030517578,189100
2026-09-09,167.8000030517578,173.1199951171875,165.02000427246094,167.41000366210938,181700
2026-09-10,163.14999389648438,164.17999267578125,157.3300018310547,158.4199981689453,223200
2026-09-11,160.8699951171875,160.8699951171875,155.88999938964844,157.1999969482422,157800
2026-09-14,152.42999267578125,154.5,148.42999267578125,149.05999755859375,160100
2026-09-15,150.02999877929688,150.60000610351562,147.66000366210938,149.97000122070312,142900
2026-09-16,152.97999572753906,155.30999755859375,149.77999877929688,152.3800048828125,161700
2026-09-17,157.36000061035156,158.58999633789062,154.16000366210938,155.0800018310547,165100
2026-09-18,155.77000427246094,155.8300018310547,148.66000366210938,150.1300048828125,658500
2026-09-21,152.5500030517578,152.75,148.63999938964844,150.94000244140625,151400
