Date,Open,High,Low,Close,Volume
2021-09-22,286.0435345039486,289.0528477598576,285.6883937282851,286.0341796875,1334000
2021-09-23,288.6603716031698,291.44539796472566,288.36130262727374,290.0622253417969,1066900
2021-09-24,288.0529130307456,290.7631579413461,287.66973624547484,289.9594421386719,926200
2021-09-27,290.1743356237896,291.8565770286714,288.28651640756584,288.97808837890625,1021600
2021-09-28,285.5482452311242,285.66974377508046,278.71654752501723,280.3052978515625,2278000
2021-09-29,280.0623065162253,280.84734105860053,278.80063265424326,279.5669860839844,1197700
2021-09-30,279.70717483473027,280.80060463546346,274.1090869136671,274.1838684082031,2084800
2021-10-01,276.2025067181376,279.00621347931025,273.41748106789197,278.3613586425781,1597400
2021-10-04,277.08103534741133,278.47353407076434,272.8941558396498,275.3707580566406,1495200
2021-10-05,275.5389747924589,280.0529591827115,274.9969373037576,278.3426818847656,1359900
2021-10-06,274.61377899051496,276.8567391105861,271.277360481987,276.6791687011719,2050200
2021-10-07,278.05295600618814,282.5949761344204,277.9875578525958,279.5856628417969,1375800
2021-10-08,280.0435366016214,280.6603554351668,276.3426521211252,276.8099365234375,909400
2021-10-11,276.2212613038295,278.66982796324675,275.41754550847963,275.5483703613281,748800
2021-10-12,276.3707872194263,277.6511423778902,274.95957869138584,276.45489501953125,1063900
2021-10-13,279.2212148177862,282.36138199416735,278.38010828652256,281.29595947265625,1430000
2021-10-14,284.43611502661196,288.9127090602538,283.77257894271315,288.56689453125,1126400
2021-10-15,288.32388508096807,289.28648998931817,286.5201452741835,288.071533203125,1230500
2021-10-18,287.17438942966606,288.34260079458767,285.7631809741894,287.8192443847656,1010600
2021-10-19,287.88471131169484,290.64167340585465,286.88471539853674,290.3519592285156,984800
2021-10-20,290.7911407073609,291.5855300671491,289.9126435594703,290.8565673828125,745300
2021-10-21,290.8098795024638,291.21173737062213,288.2304596588694,290.9407043457031,856900
2021-10-22,292.5575211319847,294.3799137774836,292.37995072005805,293.5948791503906,1214800
2021-10-25,294.454616862169,296.98729048090433,293.4172305992412,295.9592590332031,1225400
2021-10-26,297.0434528588118,298.23034540241986,295.9593492309112,296.04345703125,1069800
2021-10-27,298.5948383224699,300.3892236089529,296.03412802188035,298.0995178222656,1536000
2021-10-28,295.74439868748607,297.61353685957755,294.96869037442843,297.15557861328125,1565000
2021-10-29,296.85655805241953,301.6041567781794,296.11824043920234,298.3144836425781,1890800
2021-11-01,300.3891675579734,303.09941183678524,299.51067045424537,301.8377380371094,1367700
2021-11-02,305.7255976125438,307.23024019013377,304.6882110693131,306.1368103027344,2012300
2021-11-03,308.3050476862127,308.55737110322656,304.01534995145585,306.921875,1856300
2021-11-04,307.84700036953245,309.9310993545128,306.8563595836839,309.8096008300781,1628200
2021-11-05,309.7909672908185,310.8470063882536,309.0246138042254,310.267578125,1693200
2021-11-08,313.38906582143744,315.7909154225544,313.1367424141526,315.44512939453125,1448700
2021-11-09,317.7348044076604,317.90301999618356,315.4450987654403,316.4637756347656,1813000
2021-11-10,315.575919030562,316.4824520791345,313.5572466176341,314.5946044921875,1540100
2021-11-11,315.49189739972184,315.6788226713889,313.67885916435324,313.6975402832031,924900
2021-11-12,315.67878758782086,315.67878758782086,313.6040427943823,314.968505859375,1044100
2021-11-15,314.69748581760575,314.69748581760575,310.9872450844184,312.15545654296875,1274900
2021-11-16,312.0993290498597,313.37968401691006,311.08997855792546,311.1834411621094,1604300
2021-11-17,312.4638391260308,312.5479469251353,309.4078083420882,309.7909851074219,1304600
2021-11-18,309.7722705155696,310.05265836221844,307.6321277796485,309.3423767089844,1762900
2021-11-19,310.1087123021768,311.43578439560065,308.8470383671502,310.4544982910156,2067000
2021-11-22,310.9965072550917,312.4918233178624,308.1647644042969,308.1647644042969,955500
2021-11-23,307.454495670422,309.7722083545635,307.04328306114905,308.6413879394531,986800
2021-11-24,304.0340265187316,306.81902418399443,303.5854230831577,305.8377380371094,1327400
2021-11-26,302.0339374364688,303.2395391722802,298.25830002570996,299.5947265625,1319000
2021-11-29,300.463943700138,301.538692382467,297.7723803254397,299.753662109375,1857200
2021-11-30,299.3985380076461,299.7910695720025,295.1369052670179,297.3238220214844,3243900
2021-12-01,300.650903967631,304.49196944588084,297.41727420588415,297.4640197753906,2459500
2021-12-02,300.0613667052469,304.4591434003072,299.4987459194582,303.8121337890625,2183900
2021-12-03,304.9186453552787,306.62525148215315,298.42983342843206,300.7178039550781,2566700
2021-12-06,304.89991966950186,306.0907781511375,303.3058318987942,304.77801513671875,1672900
2021-12-07,310.05717660256835,311.8012696293649,309.4289105002628,310.04779052734375,1797500
2021-12-08,313.09537982922416,313.2172843782145,310.22604435334085,312.42962646484375,1370100
2021-12-09,310.4228713620952,313.18907372919074,309.90715229789686,311.42620849609375,1086500
2021-12-10,312.22326542540804,313.9767446568024,312.0544877554106,313.1890869140625,1116600
2021-12-13,312.8890774659978,314.59568387080395,310.76991288455775,313.3673095703125,1016800
2021-12-14,314.3049381421587,315.12072548515795,312.2701342064687,313.6579284667969,1631400
2021-12-15,315.2427238179843,320.13747794867703,313.7705402857356,320.090576171875,1445100
2021-12-16,319.65917694316494,321.9190179547603,317.4837247723237,318.82464599609375,1449500
2021-12-17,317.0617243693646,317.86812555991645,312.36387942080125,313.0296325683594,2791400
2021-12-20,309.77582935116106,310.0665401172246,306.6345849164406,309.73834228515625,1621800
2021-12-21,309.81344280237846,313.19852593086085,309.04452846541585,312.1483154296875,1051900
2021-12-22,311.4450942412496,314.6332419283962,310.78869826914837,314.455078125,923400
2021-12-23,314.4549972325161,319.4153955986337,314.3330927019631,318.0369873046875,1151900
2021-12-27,320.5312005008227,322.4440999351077,319.4435031098078,322.02215576171875,1094400
2021-12-28,321.9846834711499,323.4568667787029,321.5252235483945,322.369140625,926400
2021-12-29,322.7253806119577,324.9101897877084,322.5190872833222,323.87872314453125,802100
2021-12-30,323.7475330286698,324.6477092915423,322.34099509839325,322.8754577636719,925300
2021-12-31,322.30346740529,325.35096614073484,322.2190785665465,324.8446044921875,817800
2022-01-03,324.8352818259663,324.99467344419253,317.27745782572373,317.5400390625,1514700
2022-01-04,317.83996785028023,324.094384025863,317.192958293631,323.3254699707031,1919900
2022-01-05,326.0260806012623,330.236307837514,324.7414473493333,324.8258361816406,1654900
2022-01-06,323.2036693549184,323.9725836572194,316.65859755654543,316.94927978515625,1649400
2022-01-07,316.9585704166511,317.11799061296426,312.5326639971985,315.3269958496094,1441000
2022-01-10,312.64522711483517,314.6424867043883,310.04780239351476,314.52996826171875,1415600
2022-01-11,313.3672005382561,315.50513653119225,310.37596163981254,315.4676208496094,1571700
2022-01-12,317.2305699548561,320.61565286691285,316.1709734439244,320.02490234375,1274400
2022-01-13,317.2023573704896,318.7589290766645,312.05443892846284,312.63580322265625,1446200
2022-01-14,308.64127599832983,310.13220265079565,304.90928063724306,308.1536865234375,1850700
2022-01-18,302.7150688801931,303.6246311840446,298.61735978274714,301.1491394042969,2207400
2022-01-19,305.08739623794617,306.45644689611663,301.80547487420193,302.11492919921875,1442400
2022-01-20,303.6433623993607,307.1878362220112,301.23348763045726,301.6366882324219,1611700
2022-01-21,300.7178016347026,301.95553318566215,295.8417923429955,296.42315673828125,1921800
2022-01-24,294.2476951647395,297.0420272182868,285.1802308744823,296.4606628417969,2877700
2022-01-25,291.03141237461824,296.51691537262377,287.21499971045205,294.05078125,1941600
2022-01-26,297.3421077722306,297.9422157089942,286.7086850401697,289.68115234375,2092900
2022-01-27,291.3690444760878,294.4915462344453,288.1527391787411,291.9504089355469,2151600
2022-01-28,288.20896048257515,295.3448105197627,286.38986457491376,295.3166809082031,1898400
2022-01-31,290.740769249652,299.0299628111553,290.26253718892116,298.82366943359375,2381400
2022-02-01,300.47398267072185,302.01178244466297,296.2449832142355,301.383544921875,1875800
2022-02-02,300.37081311538714,304.29038673653264,300.0613874007071,302.2087097167969,1730400
2022-02-03,299.18932145262,299.6112655816298,291.60339842843496,292.3722839355469,1556300
2022-02-04,282.6296668690323,285.4427420500326,278.972674856948,279.41339111328125,3291600
2022-02-07,278.22250389802014,280.9699624023258,277.0972909969171,277.9974670410156,2533400
2022-02-08,278.04438342044176,280.9700060968758,276.54409931899033,280.0979309082031,1993000
2022-02-09,283.90489450072437,285.96782760572677,282.94845930626616,285.19891357421875,1880800
2022-02-10,290.3937060728432,297.10758118196446,288.14325201666435,289.6060485839844,2497900
2022-02-11,287.8526617338636,289.84056392783543,275.221951048566,276.3659362792969,2209700
2022-02-14,275.88767698020376,277.41611916197166,272.23068475712597,275.221923828125,1774400
2022-02-15,281.8420547560975,283.7643116603668,280.294868879968,283.08917236328125,1697600
2022-02-16,282.53589189648335,286.2491431218941,280.47295865121043,284.89886474609375,1805400
2022-02-17,283.15478058912475,283.7924041150866,279.43214317467124,280.3417053222656,2055900
2022-02-18,281.1294307846512,286.23986353208704,280.02296111394713,283.9893798828125,2871400
2022-02-22,273.05586748171345,276.684730220642,271.68681683070395,275.29693603515625,3590700
2022-02-23,277.416181832574,278.60704036180755,272.5401720228847,272.9527587890625,3391600
2022-02-24,259.5063309397852,268.0862093289382,259.5063309397852,267.4767150878906,4444500
2022-02-25,269.75519389634593,279.1039831097433,269.6801911368216,278.9539489746094,2888900
2022-02-28,270.0177381575006,276.35654424515616,270.0177381575006,274.96875,3233300
2022-03-01,273.8060690840385,274.8656656422873,263.0694840382457,264.9542541503906,3439200
2022-03-02,266.4170119339383,273.83415812661116,264.84169644595954,272.1181945800781,2964500
2022-03-03,272.47448125682956,273.66536820346835,267.87043952180665,269.50201416015625,3092200
2022-03-04,261.0159018209246,263.9977837914163,259.1499041094209,263.8946228027344,3849600
2022-03-07,263.3413728853564,263.6977003630942,253.0548922569409,254.1051025390625,3732000
2022-03-08,256.45878881845124,261.2222520854978,250.84202230824224,254.5271453857422,3117300
2022-03-09,266.60453667855325,277.83806601174257,264.372825639128,274.52801513671875,4117600
2022-03-10,264.11551525403553,271.3082089297808,263.7577581343162,266.8833923339844,2525900
2022-03-11,271.4683582111527,272.55102493015175,263.9178761966379,264.3227233886719,2007300
2022-03-14,271.7601359899967,275.5071335413176,267.9378347544781,268.6533203125,2541100
2022-03-15,273.181745164212,277.33353240617794,270.51741400774466,276.88165283203125,3413500
2022-03-16,285.3359297060047,290.25974557400076,281.09938575535074,286.7010498046875,3535700
2022-03-17,285.15705553097223,291.93550803566905,284.45096493271836,291.2576599121094,2265300
2022-03-18,286.87051671844307,294.27036206984815,286.87051671844307,293.41363525390625,3242700
2022-03-21,293.29119039271006,294.1667357976636,290.2691308199584,292.5097961425781,1556300
2022-03-22,293.6395343108172,295.0517154909567,291.48359633115246,293.8560791015625,1721900
2022-03-23,289.72304943819864,292.5285927465635,288.9793214524504,289.3088073730469,1854000
2022-03-24,291.568380317107,299.50483241165693,291.568380317107,299.42010498046875,2115900
2022-03-25,301.8678875215491,302.15031228829264,297.26416270731545,300.0791015625,1813500
2022-03-28,300.67215945338154,303.80721736341656,300.36149227490307,303.750732421875,1722500
2022-03-29,308.5428271584481,309.7384637727429,301.9620420841334,307.23419189453125,2514200
2022-03-30,305.5960320129288,307.4224554172465,303.58130628059627,306.5563049316406,1526700
2022-03-31,304.5886665749683,305.8596354510829,300.5310013993535,300.72869873046875,2311300
2022-04-01,302.103268397335,303.99557190484995,301.6136937990316,303.8355407714844,1477700
2022-04-04,301.61366985083134,303.12942601467546,300.4933370826122,302.62103271484375,1301800
2022-04-05,302.0467628594354,306.01030604937813,301.8961554584055,302.9317321777344,1376900
2022-04-06,297.51837538784025,298.36570723642683,293.8561331274379,296.60516357421875,2257600
2022-04-07,298.23383747768116,300.79459385472575,295.95550584663783,299.4294738769531,1471400
2022-04-08,298.91170993686967,302.6398605421383,298.56337647813956,299.2129821777344,1357200
2022-04-11,299.2412438332353,300.71933392448886,298.2150621322419,298.58221435546875,1235700
2022-04-12,296.47330379743534,299.0152125407461,294.5715769245082,295.6165771484375,1827900
2022-04-13,295.6166604086115,300.72875053873145,295.17417572309483,300.5592956542969,1208900
2022-04-14,300.2861903427991,301.9243400064537,298.0831912064004,299.8719482421875,1785300
2022-04-18,299.8437049703758,301.17115868958865,297.2076450015908,298.9493408203125,915800
2022-04-19,296.64286398743985,300.474590297822,296.1438943037693,299.5237121582031,1944600
2022-04-20,301.1899682037655,308.67451006350063,301.1899682037655,307.2623291015625,1957100
2022-04-21,311.8002416107811,312.8546657949886,304.63575968448947,305.3795166015625,1475000
2022-04-22,303.7696080641668,303.7696080641668,290.93758304038835,291.5871887207031,2339100
2022-04-25,293.07466378636946,295.77666131592474,288.5745141234232,295.607177734375,2293300
2022-04-26,293.3947907635688,295.1929429416065,285.75958251953125,285.75958251953125,2500300
2022-04-27,286.55042197326605,291.90729888876524,285.7031189048027,289.0641174316406,2610900
2022-04-28,287.61424538344056,297.98905986560436,285.2794287275472,296.7369384765625,3304900
2022-04-29,295.17410424382365,300.22970818820187,292.7639840347006,293.6960144042969,2534900
2022-05-02,296.1437869483804,297.1699684265344,288.9322453978278,294.9481506347656,2195400
2022-05-03,295.7295837670936,298.1491279160932,293.6584018002325,295.62603759765625,1771900
2022-05-04,296.3792382159245,303.99560037210847,293.8655712196457,303.3742370605469,1730100
2022-05-05,300.21088848507543,300.9640402739203,291.3141357334871,294.3079528808594,1769500
2022-05-06,287.5954463823219,291.68135426239314,286.0043864469954,290.5892639160156,2273000
2022-05-09,285.9384888932678,287.7084274983738,282.26682302677335,282.6904602050781,2027000
2022-05-10,288.27323184398864,288.69686891360953,280.6380248168822,281.8525085449219,2524900
2022-05-11,280.6286234639534,288.7722243549828,279.98844157598285,282.8598937988281,1759200
2022-05-12,279.15060364054847,284.6298454375857,278.9717250379217,283.69781494140625,2455200
2022-05-13,285.5336593049348,292.96171818346676,284.8746298565507,290.69281005859375,1845400
2022-05-16,289.3559421320603,293.3853647919395,287.077610420824,291.3235778808594,1598800
2022-05-17,298.3656631221163,300.2297239592276,296.49214981867624,300.1073303222656,1396600
2022-05-18,296.20035371269995,297.77259506950134,290.82465758740864,291.916748046875,1737200
2022-05-19,290.41034318674144,295.7107342902212,289.9207974049273,292.5097961425781,1957800
2022-05-20,297.03826559906673,298.2056597773121,289.33714732481434,296.7275695800781,2372000
2022-05-23,301.19003950281717,304.58867536492556,300.0697067093311,301.6607666015625,1981100
2022-05-24,302.20674376698275,302.8092881372864,297.20762516388857,301.7265930175781,1707700
2022-05-25,300.0979419813998,301.30300217602127,294.94818649552275,297.3583068847656,2260100
2022-05-26,298.95877769054647,302.9128969283594,298.6104442242011,301.5760192871094,2651600
2022-05-27,304.9464239616529,310.5009978241056,304.4286069290871,310.33154296875,1879000
2022-05-31,305.4548401134288,308.655778787996,303.99556880072237,305.6713562011719,2510400
2022-06-01,304.5887068364565,306.0950394542634,299.1941633843207,300.898193359375,1853800
2022-06-02,305.7172532907139,315.0340844694083,305.1408411900401,314.8262023925781,2282400
2022-06-03,312.09534200171026,315.18519732025214,311.651231710991,313.61663818359375,1332800
2022-06-06,317.8499324853482,319.37122901863887,314.99627593567703,317.0278625488281,1728400
2022-06-07,313.27656383804776,317.6137124285738,312.95529677613456,317.26409912109375,1726100
2022-06-08,312.70010912405604,315.36477119014376,309.2606401725527,310.49847412109375,1917000
2022-06-09,306.3881457131273,308.60869779476394,301.03993283182217,301.1344299316406,1666100
2022-06-10,295.2381308384905,296.03185443913384,290.90095402183823,293.7640686035156,2007900
2022-06-13,285.95902553862516,287.7260082331534,283.237671487316,284.7306213378906,2039600
2022-06-14,282.77476437886526,283.57791761751383,277.0674799526091,279.33526611328125,2420300
2022-06-15,283.0959459394488,286.1574548898794,277.8611197459026,283.4644470214844,1979500
2022-06-16,273.87366940681966,275.5461555788763,271.97438443231425,273.7602844238281,2986900
2022-06-17,269.338092941804,276.3965963895403,268.0435663450413,274.6673889160156,5565600
2022-06-21,277.2281297656061,284.0503761784169,276.7084101434081,282.3211975097656,3779400
2022-06-22,277.41712696883036,284.3244417484536,277.1808986142975,281.962158203125,2768900
2022-06-23,280.60145052277045,283.27557135811713,276.85960186191886,280.4786071777344,2812400
2022-06-24,281.1211269974561,287.8394458081114,281.0738640369845,286.5260314941406,23958800
2022-06-27,283.1148970492327,284.22988773866246,279.21240079976525,279.94000244140625,2714300
2022-06-28,279.93058824037246,282.5291000299455,276.094242232502,277.2375793457031,2535500
2022-06-29,275.09260317390226,276.2359401491811,272.7397783741104,275.357177734375,1951200
2022-06-30,268.4687300237607,273.6374063090918,266.93797527495593,271.6908874511719,2926900
2022-07-01,267.9017878508979,270.3680263693689,265.4544660523114,269.7160339355469,3307600
2022-07-05,257.1865280965974,258.4054744843233,252.13123552519298,255.721923828125,4332700
2022-07-06,254.75802134455648,260.3046857754184,254.7013288622921,259.18023681640625,3484100
2022-07-07,259.6810368232521,261.04171405579154,258.5187832764903,258.7928161621094,2338000
2022-07-08,259.6244044147057,261.1551594463906,256.98808806209973,258.6038818359375,1711900
2022-07-11,256.014848989629,262.8465835219207,255.835313129638,261.523681640625,2251700
2022-07-12,259.81331817547016,262.3551369197294,258.06522303677144,258.4715576171875,2146600
2022-07-13,255.25886026531995,260.67319433093087,254.46510781810008,259.59600830078125,2423300
2022-07-14,253.06672805151752,254.2951040065493,250.51545019233433,254.19117736816406,2473800
2022-07-15,260.0967941814374,261.7220458984375,258.20696794476106,261.7220458984375,2370100
2022-07-18,264.3490188032728,265.1332843463793,261.05125096949706,261.8638916015625,2244100
2022-07-19,265.35055657677606,270.6420767592594,264.85918321145647,270.00897216796875,2097500
2022-07-20,268.73332622953575,270.05619903044106,266.39938931647043,267.5427551269531,1997000
2022-07-21,266.9380190569268,271.416899069363,266.5506011264151,271.2184753417969,1544800
2022-07-22,271.3602203568572,272.79650716466557,268.8750935278955,269.8105773925781,1203700
2022-07-25,271.114560264865,272.38074073643133,268.89400804976185,272.2200927734375,1460700
2022-07-26,268.8561589883393,271.80428363905514,268.6860815284433,270.8310241699219,1448500
2022-07-27,270.4247635185677,274.71467835367497,269.4042409160117,274.4501037597656,3179200
2022-07-28,270.66101753004347,280.94168073076474,270.66101753004347,280.5731506347656,1941300
2022-07-29,282.65193387651385,286.45047514729623,282.29286219110554,285.36383056640625,1711400
2022-08-01,283.88034665782885,285.63790070567165,282.04721222049,283.5401916503906,1247900
2022-08-02,281.99041812909024,284.05978018824095,279.52420870423026,281.24395751953125,1428100
2022-08-03,283.36062319943255,284.7307302704651,279.4959310148337,283.53070068359375,1297100
2022-08-04,284.81579964456745,287.36704843247065,284.81579964456745,285.5906066894531,1451100
2022-08-05,283.5780169343832,285.430068419783,282.90713632827624,285.3355712890625,1113100
2022-08-08,288.82221187723684,289.0111772413368,284.12599147418126,284.4000244140625,1081700
2022-08-09,284.0881999764094,286.0630654666547,283.25667159389184,284.10711669921875,884200
2022-08-10,291.052185680211,294.13261228064783,289.5497769863841,292.3561706542969,1246500
2022-08-11,292.2049831277209,292.97036060287536,288.7749431942315,289.0206298828125,1165400
2022-08-12,289.1246406310986,294.4067035904139,288.73722263904517,294.3877868652344,1149000
2022-08-15,292.77194307555476,295.2192651429611,291.2223002073656,295.0113830566406,1263500
2022-08-16,292.2522352690664,296.2114242032474,292.2144306638084,295.08697509765625,938400
2022-08-17,291.46792856133214,293.07429259634034,290.0883633116494,292.412841796875,912200
2022-08-18,292.47895148964204,293.96247198145056,291.1466205546222,293.0837097167969,1113600
2022-08-19,291.5057328840342,291.53407912761463,286.52605051864936,287.01739501953125,1154000
2022-08-22,280.0817216900444,281.14001984743015,278.2296999146193,279.4958801269531,1966500
2022-08-23,277.2847801837838,280.2045584072593,276.1130682487846,277.97454833984375,1461600
2022-08-24,278.00294611329696,278.721089480467,275.91469570290684,276.9824523925781,1439300
2022-08-25,278.14468490833485,281.1495313315392,276.7840361892106,280.7526550292969,1332400
2022-08-26,280.61082255446297,280.84705081102175,270.2734717405356,270.4813537597656,1782500
2022-08-29,270.5758943233124,272.91926054972623,269.97113604781094,271.6719970703125,1456100
2022-08-30,273.55244043604387,274.0532434049723,267.07977761525456,268.9696044921875,1674300
2022-08-31,269.23408373499683,270.0089194008344,266.7584160169662,267.2781066894531,2947800
2022-09-01,263.6156685826813,265.29513050071114,259.31743327836335,264.8586730957031,3096300
2022-09-02,268.57808977601826,271.18739435191884,262.3537146314599,263.5018005371094,2400600
2022-09-06,262.2207760758524,264.88703668514927,259.7727875206926,262.7711181640625,2738500
2022-09-07,263.40688050193927,271.4720028044785,263.1602023335134,271.2063293457031,1313700
2022-09-08,265.35202128202525,269.574332733437,265.20970138253693,269.38458251953125,1510300
2022-09-09,271.70926694703746,273.32230331455366,270.49475532597813,272.3450012207031,1679400
2022-09-12,277.924114302535,280.07796592321574,275.8746209524394,279.4422607421875,1752700
2022-09-13,273.8631200388831,276.66217480056395,270.3619054580743,270.9691467285156,1752500
2022-09-14,270.9976334020673,272.7529896625111,268.7678870521356,271.9085388183594,1325300
2022-09-15,270.37137410339056,272.95221437747375,268.1890295361136,268.4262390136719,1382600
2022-09-16,265.99728168196367,269.38464080385774,264.2703893112441,268.8627624511719,3278300
2022-09-19,266.16801061890516,270.7129524953547,265.78848123113744,270.5516662597656,1144000
2022-09-20,266.19650158392125,268.2744592161732,264.7637758281425,267.1263732910156,1589700
2022-09-21,267.4678961624764,269.185290230727,262.23029307589474,262.3821105957031,1428600
2022-09-22,262.44859362256534,263.2645803943412,259.317410884241,260.04803466796875,1537400
2022-09-23,256.01549498981547,256.7365922327524,252.2675730309232,255.3797607421875,1947200
2022-09-26,252.61860118812,255.77824771014818,249.51591158162205,250.7304229736328,2174000
2022-09-27,254.3170500170339,255.38924159861264,249.04151301131313,251.63185119628906,1947400
2022-09-28,252.80838536498277,258.92840171651613,251.39462608743295,257.56207275390625,1880200
2022-09-29,254.65856214633132,256.65109813526425,251.65073392087055,255.8161163330078,1463900
2022-09-30,256.30960656588735,260.11445610786467,255.57898279386927,255.79722595214844,2625100
2022-10-03,258.58678090805466,263.1411910549791,257.4007335826854,261.7084655761719,3081000
2022-10-04,269.0999741788425,272.4778646370585,268.3883455654002,271.8041687011719,2425100
2022-10-05,268.9196865159206,271.67131100463905,266.92712086676636,269.270751953125,1861400
2022-10-06,266.0542052119352,267.8095615394028,263.14126521044085,264.5550537109375,2182300
2022-10-07,262.3347214332931,262.82810673287895,257.9605635167055,259.2225341796875,1587900
2022-10-10,259.8867089295022,260.7406572939639,256.3475619050554,257.922607421875,1207900
2022-10-11,256.47093356604177,260.9779146591071,255.18052761523376,257.1351318359375,1092900
2022-10-12,257.21096865239934,259.81080422362345,256.1672701133427,257.69488525390625,1437300
2022-10-13,253.32076564951342,268.5401054790266,252.59963954341293,268.0087585449219,2124500
2022-10-14,271.07359419027154,272.8763810223562,260.9020472835292,261.25311279296875,1640000
2022-10-17,266.86061958871665,269.1852836796261,266.2248855497551,266.5475158691406,1508200
2022-10-18,273.42665248806145,274.05286007119867,268.31240189462324,270.0962219238281,1692800
2022-10-19,269.4699744592242,271.4625399207685,267.40151470336485,269.38458251953125,1186500
2022-10-20,269.8590484950682,273.4646217059237,267.0979261390945,267.79058837890625,1345100
2022-10-21,266.11108824511103,273.9579967679681,265.23817353054363,273.5689697265625,1610500
2022-10-24,278.3226253312192,279.7933415390781,262.4865464603678,263.89080810546875,4454300
2022-10-25,264.0995348285304,273.49302414830765,263.87182300092485,273.43609619140625,2999600
2022-10-26,276.78547355381306,281.4253044125421,275.3812121061676,279.7553405761719,2597200
2022-10-27,278.9583564006783,281.5296991291425,277.24096203321386,278.2562255859375,2338500
2022-10-28,280.90352507429304,287.4979618544414,279.5941527395859,286.3593444824219,2249300
2022-10-31,285.2965804412583,287.2701795414541,281.9187197435524,282.136962890625,2016100
2022-11-01,288.4656870784767,288.4656870784767,281.29247489224355,282.9150085449219,1891500
2022-11-02,286.8716793933439,286.8716793933439,278.84451796657953,279.2809753417969,2587800
2022-11-03,275.1535340001042,282.9624814948699,275.1061036805918,282.37420654296875,2396100
2022-11-04,290.4772745894323,294.1777369392076,287.52637339921944,293.12451171875,2948000
2022-11-07,295.1740273669987,297.8877192644097,293.589484028969,297.45123291015625,1575900
2022-11-08,298.59932647637487,302.2143968950067,297.6409908422733,298.6087951660156,1520000
2022-11-09,299.54814515173285,302.55594516498496,297.29937494138983,298.35260009765625,1165500
2022-11-10,313.11649560763226,313.23984916314174,307.9358489698696,311.56988525390625,2683400
2022-11-11,316.1244013499689,317.1586314003995,312.6326551481245,313.3253173828125,2133700
2022-11-14,315.9630009271617,320.7356541072416,314.9572351326009,315.0900573730469,1908500
2022-11-15,321.6751103328996,321.8933535392077,313.0691700209987,315.5456237792969,1865500
2022-11-16,318.6577041562008,318.9518415769746,316.25714552316174,316.6556701660156,1418500
2022-11-17,312.8413144450631,314.39742239333026,311.2188098550882,313.4390869140625,1520600
2022-11-18,317.0636706595633,318.52488910805766,314.05584182779836,317.7752990722656,1257400
2022-11-21,315.6215290574808,318.7337169616404,315.6215290574808,317.26300048828125,1065700
2022-11-22,318.95190733731033,322.86111550243686,317.1491208187434,322.3772277832031,1010400
2022-11-23,323.3070411315356,325.9258431987792,322.9370093799068,325.3185729980469,954500
2022-11-25,325.69811163482444,326.9505556746011,324.9769855541689,326.79876708984375,458500
2022-11-28,327.0740044810008,327.2827500411232,319.56869092073913,320.42266845703125,2881100
2022-11-29,317.633014387437,318.3351452331326,314.0748719295406,314.9857482910156,1888300
2022-11-30,315.1280057448657,319.8342331287328,311.5983279679073,319.26495361328125,3115200
2022-12-01,321.15023688213523,321.9500382876304,316.97982100848265,321.1216735839844,1420000
2022-12-02,318.34142032841675,322.74987383881415,317.6558720429966,321.2073974609375,1200800
2022-12-05,319.1317176610745,320.207621368576,316.6656267637387,318.2652587890625,2145000
2022-12-06,318.893629137539,319.58867903466745,313.7234400386275,315.63726806640625,1242100
2022-12-07,316.18006675468087,317.9510496186815,313.8091964255084,315.5421142578125,1849300
2022-12-08,315.4373802445597,319.15075470785865,315.07555905580426,318.6175537109375,966900
2022-12-09,318.7032266042566,319.7696285411797,316.284760674773,316.3133239746094,1262900
2022-12-12,319.94104118941846,320.69324690537235,317.65588979606423,319.9696044921875,1246900
2022-12-13,329.4910359440532,330.9668838183201,324.1685283605622,326.0633239746094,1969400
2022-12-14,326.6345923659968,328.9292741668565,323.73055052099653,325.6443786621094,1824800
2022-12-15,320.3028334858143,320.68368717411846,312.8760848634245,314.9707946777344,1882800
2022-12-16,311.885886872623,314.15200587118716,308.5152716790748,313.8568420410156,3857600
2022-12-19,313.2569397283175,314.6851628577779,310.590934842901,311.4002380371094,1254700
2022-12-20,312.3333794818096,315.08510354746653,310.7242456348407,313.1903076171875,1312900
2022-12-21,310.4576558991699,314.51381935327726,310.4576558991699,312.9427795410156,1723800
2022-12-22,310.71467453256986,312.1524283773679,307.59162793828835,311.9810485839844,1202200
2022-12-23,310.57187370995996,313.8377369635277,310.0005786459139,313.5711364746094,636600
2022-12-27,314.83751685217084,316.199082624183,312.58092890871467,313.2093505859375,682800
2022-12-28,313.1045775582197,314.64705381555484,310.0005634727407,310.3147888183594,908900
2022-12-29,313.6188094095921,315.06606527733373,312.67619129668543,313.9710998535156,872300
2022-12-30,310.55286689801954,311.3050726122235,307.74401621739844,310.5718994140625,1238000
2023-01-03,302.4690924839602,306.59188359933523,299.40317248567595,303.1165466308594,2374200
2023-01-04,303.4688538036266,304.9256402434354,299.9935166427519,301.6121520996094,2088900
2023-01-05,290.66241333783944,293.2236955786194,287.71077571368824,290.87188720703125,3133700
2023-01-06,293.0904544603173,301.96448836725443,292.8524172571737,301.0313720703125,2538900
2023-01-09,306.8490064471908,309.515040722535,304.8018921843242,306.5157775878906,2471300
2023-01-10,306.9632415317883,307.7725447025666,304.0877337844012,306.6204528808594,1613400
2023-01-11,310.47670526318325,313.93301047207444,309.4103031280796,313.8473205566406,1928000
2023-01-12,312.50477931953134,313.84731274245894,310.2386603102186,313.1712951660156,1277500
2023-01-13,314.2091488617768,318.70329300172733,314.2091488617768,318.1224670410156,1882800
2023-01-17,319.43639409966545,320.2171630954878,314.03772663372484,314.2091064453125,1714700
2023-01-18,317.5416330094177,317.9701116034053,308.6675989902508,308.8199462890625,2945700
2023-01-19,308.49620749470097,309.9339614637605,306.0777414357117,309.0103759765625,2703600
2023-01-20,308.9913256153523,313.09508471837853,307.3631592638699,312.8951416015625,1792700
2023-01-23,310.25767482419906,312.84752057668385,308.75326353282196,310.8670349121094,1931100
2023-01-24,309.9815290796521,313.11410644507754,308.2486114683723,312.9046325683594,1625900
2023-01-25,309.1913079084614,311.6002433474792,308.4866979973515,310.7432861328125,1887200
2023-01-26,310.78132566661475,313.761555706484,309.1817228459876,313.7425231933594,1587100
2023-01-27,308.74374146358997,311.92391458015896,308.58186340216724,309.1626892089844,1819800
2023-01-30,308.8771007657147,312.8190112028185,308.6676268431061,309.4769592285156,2163800
2023-01-31,311.1241208369668,315.4087900190083,310.8289570623413,315.1040954589844,2330300
2023-02-01,314.90416742262806,317.7796461949949,310.40049336200246,315.2373962402344,1879500
2023-02-02,315.8562842205359,318.5032563228053,311.45733302024536,316.16094970703125,2524000
2023-02-03,309.6101450330631,313.15213866686724,307.96291764349047,308.1152648925781,2663000
2023-02-06,306.95378421820965,308.2201295409127,304.53531774075617,307.4107971191406,2322900
2023-02-07,303.6402219098621,321.2740348539574,303.6211893960231,320.9883728027344,5990100
2023-02-08,324.30188801332963,330.0814382195049,317.4940298854324,318.2557373046875,3429500
2023-02-09,320.1314960308197,321.8167890795605,315.27553095510416,316.6561584472656,2655700
2023-02-10,315.3325957581496,316.71322297970937,312.4856804771893,316.1514587402344,2515900
2023-02-13,317.12264986546506,319.8743736094769,316.2371585309876,318.0747985839844,1782700
2023-02-14,317.43684244929943,319.23638823177265,314.5708658040507,318.01763916015625,2175000
2023-02-15,316.1133738172523,316.78939126980094,313.4283074634928,316.6180114746094,2493000
2023-02-16,310.0863173149722,312.07630485112,307.8963576064688,308.0201416015625,3209100
2023-02-17,305.5254666276217,307.9058382772918,303.9544271502936,306.13482666015625,3231600
2023-02-21,307.4868817743174,312.65704187622765,306.715643706398,309.02935791015625,3245700
2023-02-22,312.1714042428303,315.98952916045425,309.4958691883023,314.2375793457031,3595100
2023-02-23,315.85631970318997,318.34141402785673,310.7908813087994,316.0086669921875,3836400
2023-02-24,307.6297170270298,331.54768749102124,307.17267519482294,331.0240173339844,14737800
2023-02-27,329.68147799315744,331.6524327198148,327.729584836612,327.9961853027344,3708600
2023-02-28,327.98669872876883,334.3470457473706,327.72962901305056,331.7000732421875,3274400
2023-03-01,333.34727697058565,339.1363284774377,332.3475033673639,333.2996520996094,3474000
2023-03-02,333.6234265614589,337.42249091343416,332.8235960120458,334.9183349609375,2266600
2023-03-03,338.03187275469577,345.3824630061149,336.4227388808097,345.0397033691406,2940200
2023-03-06,342.7735719213384,343.4210261389992,339.32679787507124,340.9168701171875,3846400
2023-03-07,338.9649524406995,340.03135438348403,333.6900402694902,337.1939697265625,2218100
2023-03-08,336.108495280438,338.69834093894076,333.6329028181927,337.9175720214844,2222800
2023-03-09,335.24202004497414,336.3941117938356,327.73908391399937,329.3672790527344,2489100
2023-03-10,329.624354455107,330.7669444961001,323.83527419807393,325.1968688964844,1534100
2023-03-13,323.7393569843312,325.5456749409231,319.2952816539064,320.00250244140625,2228900
2023-03-14,325.84190777122035,331.0505731146797,324.2363114357997,327.2754821777344,2580100
2023-03-15,314.5262897653972,317.95730832354616,309.7572448433182,316.2752380371094,3395300
2023-03-16,314.01976110735427,324.5613123886051,313.5896770382143,323.309326171875,1750100
2023-03-17,320.929588603025,321.99044908300147,315.3004335919759,315.854736328125,5702300
2023-03-20,317.70882899694044,324.50398847624007,317.25010374342014,323.8063049316406,2305000
2023-03-21,328.0783643572342,328.9098330593451,324.0070026670046,326.18603515625,1792600
2023-03-22,325.9375743493566,329.3590267019589,323.69163466517097,324.1312561035156,1434200
2023-03-23,324.9913752423175,330.79258123803663,324.5135170054277,326.2146911621094,2082100
2023-03-24,324.4753310428831,330.15228961002924,322.98441557738556,329.4832763671875,1793800
2023-03-27,332.4268719385506,334.4912231690091,329.789114115871,331.7292175292969,1475900
2023-03-28,331.5093549175889,332.6084229838652,329.3016522875246,331.9872131347656,1396600
2023-03-29,336.03945930873243,337.2245675831783,332.95251372835804,334.24273681640625,1132600
2023-03-30,334.93086770299783,336.1255133587138,332.9907643247612,335.97259521484375,1120700
2023-03-31,334.8544303495365,339.881509146944,334.54859402864065,339.6999206542969,1513500
2023-04-03,337.79795966403,343.09260730751095,337.79795966403,342.2420349121094,1878500
2023-04-04,341.43931734322405,345.4246391795827,340.72252990268345,341.95538330078125,2299100
2023-04-05,339.0499995019104,340.7416072301893,337.64509506108436,339.8623352050781,2199800
2023-04-06,336.65118846791876,341.39153486434964,336.42182580610745,340.7894287109375,1627700
2023-04-10,339.4132280567025,342.85378469394294,338.9640400606177,342.6817626953125,1311500
2023-04-11,343.31245258555793,344.8798123435153,341.22899779574186,342.3854064941406,975100
2023-04-12,344.71736306515686,346.7817140634476,342.0987093680074,343.43670654296875,1613700
2023-04-13,342.3854823343132,348.01466727879733,341.40109537310366,345.9311828613281,1667600
2023-04-14,344.9850347044172,346.6288684823192,341.8311814771918,343.74261474609375,1078300
2023-04-17,343.8859929728255,346.3517292470752,343.58972312655175,346.303955078125,1421500
2023-04-18,347.9381522293312,349.63932645993134,345.75911974107765,348.7122802734375,1085000
2023-04-19,346.46632485955854,349.3143704453573,345.57751554065476,349.1327819824219,1163200
2023-04-20,346.95381657608306,351.23543769619965,346.7053209122702,351.08251953125,1095500
2023-04-21,348.721860258045,350.89132633187717,348.234435483219,349.9929504394531,1677800
2023-04-24,351.1016147087968,352.7263446509439,349.9356392501888,351.7132873535156,1237600
2023-04-25,350.53769839691574,353.28060009858314,348.8460906835581,350.8052978515625,1735800
2023-04-26,348.807877521125,349.916512241633,346.23699761599505,348.8365478515625,2055500
2023-04-27,349.4004388563613,351.6081419358072,343.8955017407783,349.4482421875,1898600
2023-04-28,349.4386032559939,354.1311744311064,348.7409197617036,353.0894470214844,1878900
2023-05-01,354.3796736641991,357.0365644210137,353.68201927149914,355.82281494140625,1018000
2023-05-02,354.0356621571459,355.25897824720664,351.07293484282746,353.65338134765625,1124600
2023-05-03,353.1468507268939,354.81935477939317,347.2691702951858,347.4029846191406,1418900
2023-05-04,346.5810845070353,349.03725402177275,341.63045031442823,344.8225402832031,1545800
2023-05-05,348.0910588989044,351.1875709732709,347.4793863495146,350.1458435058594,1113600
2023-05-08,351.70367430225065,352.3440171945496,348.8842989423338,349.47686767578125,1261700
2023-05-09,348.8365079590879,351.2257991094926,346.66704209433505,348.5498046875,1015500
2023-05-10,353.46221869764963,353.78715883697976,347.88083733485325,352.5638427734375,1304300
2023-05-11,352.11465525516576,353.29019715734773,348.8556581925701,350.7862243652344,1336700
2023-05-12,350.6237100116435,354.3414612210306,350.22232541202953,353.93048095703125,1189400
2023-05-15,354.65676872406726,354.87659397936164,349.27608112983495,352.4681701660156,1378800
2023-05-16,351.02514581798425,351.7514705754182,348.416029092057,349.6966857910156,1065300
2023-05-17,350.87224492480516,350.87224492480516,347.8904137577464,348.84613037109375,1296300
2023-05-18,347.6610345243651,352.3918435981726,346.17968538650814,351.88531494140625,1116100
2023-05-19,353.2041337752011,355.9087984829506,352.60202774793163,355.0390930175781,1140900
2023-05-22,356.00439176909157,356.5491571671115,350.09807087330915,350.16497802734375,1207900
2023-05-23,347.88080193096926,347.8903684290263,338.03693376257047,338.26629638671875,2157000
2023-05-24,335.7623229681919,340.7415976953129,335.50426085055216,339.1455383300781,1801200
2023-05-25,340.3784325934319,343.2169118230492,339.222023771337,340.7989501953125,1994800
2023-05-26,341.3055271892487,344.6601019816877,339.0882575496264,340.4358215332031,1805800
2023-05-30,340.4262418732659,340.96144080026505,335.07422343712074,339.193359375,1801900
2023-05-31,338.4287732091301,341.5826553209188,336.8327429051462,337.99871826171875,2958100
2023-06-01,340.77547976536806,342.74177557729763,338.8091839534385,340.9768981933594,1239500
2023-06-02,343.0007449237521,346.8758173978991,342.5307295991457,345.7535705566406,1337700
2023-06-05,346.9909255066405,352.2280093111311,345.5233899081198,347.998046875,1724500
2023-06-06,347.5185218482015,349.8589100446557,343.1830635075927,345.0534362792969,1638000
2023-06-07,343.9791756202473,348.75587546125075,343.8065312248541,347.4993591308594,1441000
2023-06-08,347.3171122712179,347.8830217461495,344.68895408538367,347.422607421875,1056300
2023-06-09,347.69115245472307,347.69115245472307,344.1038492193469,346.03179931640625,1121600
2023-06-12,347.6720165609118,347.6720165609118,343.9504144494801,347.2308044433594,1021400
2023-06-13,349.36013978333506,358.08860434373446,348.4009652802861,358.021484375,2065900
2023-06-14,359.920620206194,361.08124239518173,356.74575503943515,359.0285949707031,1553200
2023-06-15,360.0453315214327,363.0475524244223,357.7624915017147,361.0716552734375,1228600
2023-06-16,361.36901458775816,361.6088082271661,358.0694517677702,359.9686279296875,4372200
2023-06-20,359.11492781040675,359.57534210932124,352.8227454169899,353.6284484863281,1721700
2023-06-21,352.170616815896,356.87056739795094,350.5879842783876,355.51812744140625,1542700
2023-06-22,353.24480258270285,358.0886223581052,350.66462069796523,357.42681884765625,1197500
2023-06-23,354.53007928660423,355.9880432821949,352.1992922420953,355.4604797363281,2070500
2023-06-26,354.8753524328976,356.8128741688053,354.37656301470076,355.5755310058594,1089700
2023-06-27,356.4484553463405,361.04290981425675,356.29498389981444,360.40985107421875,1320000
2023-06-28,358.93266964835624,360.5057298270467,357.1486191874179,359.6616516113281,1094000
2023-06-29,358.242104802073,365.08102424637974,358.1749848279004,363.70941162109375,1350600
2023-06-30,364.8891569018044,367.9201224026754,364.50546370471886,365.5221862792969,1642800
2023-07-03,366.4142940861919,366.7404099338277,362.7214660644531,362.7214660644531,1118700
2023-07-05,355.96888620646274,358.7696890229488,350.7605749585151,352.2472839355469,2926700
2023-07-06,347.5856991482041,350.02201084872024,343.7393996029888,349.6479187011719,2129900
2023-07-07,348.2091342785835,354.7890868857041,347.2211856670281,349.62872314453125,1336800
2023-07-10,349.0436352220669,353.6860368284802,349.0436352220669,352.54461669921875,1292100
2023-07-11,354.7123052294351,356.5347308517631,348.4392960557935,351.8635559082031,1162000
2023-07-12,355.24944414512765,359.62327739120633,351.0482552786274,359.3067626953125,1557000
2023-07-13,360.74552286808375,362.6638718019511,358.38596187549786,361.7430725097656,1281100
2023-07-14,361.7431136362394,363.99715047244894,361.1292278572021,363.1242980957031,886400
2023-07-17,363.057157493523,367.90097711833954,363.0475563813695,366.5101623535156,1152100
2023-07-18,361.5033170083195,368.8505684406126,361.5033170083195,368.5820007324219,1099400
2023-07-19,366.7787130882445,368.1982724672281,359.0285675394164,359.4122314453125,1607100
2023-07-20,360.75507809052544,366.12646071226794,359.45061492599046,366.0209655761719,1085100
2023-07-21,364.85086381589116,369.67551121076343,363.3545536799813,368.8410339355469,1195700
2023-07-24,369.2821745105042,370.2413489897523,366.13608338943783,368.9848327636719,1467500
2023-07-25,369.8097644869126,375.62236036524064,369.17673499430674,375.0756530761719,1328400
2023-07-26,371.39242906394105,372.62017142152075,364.0930948961929,372.3611755371094,1825500
2023-07-27,372.3611082927995,372.8598977450348,367.5652360008844,368.9272766113281,2336400
2023-07-28,370.86483154108504,373.2627679008123,369.4836178561474,372.8407287597656,1445400
2023-07-31,372.6584849465031,375.0084742983781,370.1934286039924,374.7207336425781,1615200
2023-08-01,373.92455130800397,377.5982057182111,372.6488622126012,372.7735595703125,1468600
2023-08-02,369.876907796095,371.3252708216729,367.7091638142397,368.1120300292969,1538900
2023-08-03,366.31830379130344,368.8313360713344,363.6325978703567,365.2056579589844,1926000
2023-08-04,368.6299590962427,368.7066801784154,362.1171558997489,362.39532470703125,1648900
2023-08-07,365.44546373170914,370.21256189666195,365.1193479328443,369.2533874511719,1112000
2023-08-08,368.2270792597152,368.6491183752195,363.4599808942221,366.1936340332031,946800
2023-08-09,367.5652510819368,368.19830976304553,363.8053034429479,364.06427001953125,853400
2023-08-10,365.7332625802666,370.79770328782985,365.19612714701645,366.7116394042969,825000
2023-08-11,366.7211842508063,367.6036376957223,365.004282922047,366.2320251464844,692600
2023-08-14,365.550997075008,367.68996684980544,363.54632578702206,366.5677490234375,1060700
2023-08-15,363.5271410810131,365.2152975938688,362.31857182552017,363.8916320800781,709700
2023-08-16,363.29695778350623,366.01140884952156,361.9636911237964,362.3761291503906,1143800
2023-08-17,363.9491774394678,365.63733393947615,360.0645323930655,360.9949035644531,1229800
2023-08-18,359.2684145038054,362.44327989957264,358.539432484147,359.786376953125,1254700
2023-08-21,360.8605943998112,363.06668381395724,358.2228647964419,362.0787353515625,947100
2023-08-22,363.14354999111,364.84127868500315,361.9637545634756,362.1747741699219,913200
2023-08-23,362.1747045192356,364.2273520482531,360.39065395739436,362.9036865234375,929200
2023-08-24,361.9924136032079,365.20565370551094,361.72384594140925,362.5103759765625,820300
2023-08-25,363.93002118972106,367.6228197954462,362.4816582500965,366.01141357421875,1022100
2023-08-28,366.78825536980224,368.28456497239245,365.19602248054804,366.47174072265625,772000
2023-08-29,365.5125834313643,371.1908792976662,363.86280234757146,371.0566101074219,1060100
2023-08-30,371.1046502345737,372.35159478883776,369.56996500638724,371.2868957519531,780100
2023-08-31,371.83366678333726,373.28202994365023,370.24143327272236,371.2389831542969,1193100
2023-09-01,374.4964562734452,376.28643279286104,372.9855679566907,374.2655029296875,970000
2023-09-05,375.2855326616237,375.2855326616237,367.08636707130063,367.230712890625,1092500
2023-09-06,366.02782086721254,369.3767617038018,365.21945482498654,368.85711669921875,775400
2023-09-07,369.60776959968763,372.8508668347551,367.72155267083406,372.0617370605469,986400
2023-09-08,371.9269765363155,374.823614006145,370.6085396763723,372.2445373535156,1064000
2023-09-11,373.96720622238735,376.7580003513029,372.88938471343516,374.68896484375,862000
2023-09-12,372.80273313413613,374.91987388547295,372.41777175350217,373.3127746582031,1047900
2023-09-13,372.3889671302189,374.04420150117244,369.9157631047205,370.6471252441406,1207500
2023-09-14,372.6968805174241,376.20943304638286,371.1186503697379,375.1219787597656,1231500
2023-09-15,375.02572695470434,378.6056502761474,371.47467279841703,373.3800964355469,2820400
2023-09-18,373.0721813191655,374.7177825266008,370.5989484013679,372.93743896484375,652000
2023-09-19,373.4378248547912,375.68973715087986,371.0319632609105,375.1026916503906,1458800
2023-09-20,374.0151926162421,374.07293093809045,364.3821439211738,364.55535888671875,1747300
2023-09-21,362.93871199003274,363.27550915674686,358.30020326094655,358.4156799316406,1362200
2023-09-22,356.8951070316288,361.81270324741206,356.71228857516104,358.90643310546875,1017300
2023-09-25,357.203145050949,362.7077586240063,355.1052403811322,362.39019775390625,1558100
2023-09-26,359.6378469345976,361.13910238942617,355.0763422348054,357.2223815917969,1769500
2023-09-27,357.44368519943464,359.83994347515795,356.0771721705056,358.0018615722656,1254900
2023-09-28,358.65622246922726,362.4863646688879,357.41478967348854,359.42608642578125,1065500
2023-09-29,361.6972776465046,362.67885871204504,357.94413902128434,358.3290710449219,1474100
2023-10-02,356.9721755834122,357.4533479741411,352.69936240426523,356.2696533203125,1298400
2023-10-03,354.7202252125958,362.9290234707424,353.9214627487748,358.7909240722656,1747600
2023-10-04,360.042016669165,365.57549853062693,358.7236091680783,364.3533020019531,1897900
2023-10-05,364.01655056123315,366.65336589443916,353.28638263151873,355.9328308105469,1821900
2023-10-06,355.33611321619696,360.92733303221917,353.20933985833284,359.4742126464844,1571300
2023-10-09,356.44287663628165,360.36923019048345,355.3361567082634,359.6571044921875,846100
2023-10-10,362.1880225194172,367.29809968831375,360.9658553725736,364.69012451171875,1335500
2023-10-11,366.0182322460116,367.221163293792,363.12156488505775,364.4111328125,931400
2023-10-12,366.37427803222914,367.0382982890774,361.20649119118343,363.48724365234375,888400
2023-10-13,365.40233368846833,368.0583853759731,361.9763885369941,363.6604919433594,1214200
2023-10-16,364.22826318132365,369.8483531765441,363.7759599596457,364.9596252441406,1182400
2023-10-17,363.4101643610819,367.9331659662861,362.3034740411077,366.7398681640625,920300
2023-10-18,364.85369844017396,365.35410703971246,356.9528578103922,357.4147644042969,1486600
2023-10-19,356.490901077026,359.52228039660275,354.9607768370191,356.20220947265625,1249200
2023-10-20,356.0675546719152,357.7805271385726,352.16043736742216,352.5646057128906,1334100
2023-10-23,351.2558460082793,354.7491622716396,347.42570319697813,351.6696472167969,1648700
2023-10-24,352.72823334859817,355.5094238778589,351.29434901490623,353.4307556152344,1590000
2023-10-25,353.97925140644514,355.5863800380636,348.68635535716413,350.6591796875,1492900
2023-10-26,356.924092925353,360.19605951794176,352.33368922833944,356.37554931640625,2168400
2023-10-27,354.0081327449792,362.38054398543045,354.0081327449792,356.5776062011719,1945300
2023-10-30,361.9089623318375,365.1328228075904,359.61857734843517,364.603515625,1478000
2023-10-31,363.96838001575367,369.6077352177461,362.51525949227243,367.7696533203125,2020700
2023-11-01,367.8755096275023,372.93745230881945,366.7110807265302,372.5236511230469,1564900
2023-11-02,372.87970638555527,376.9600385627316,372.8508372189594,374.98724365234375,1586700
2023-11-03,375.4106955626932,380.2993940059261,373.9960475952289,377.7299499511719,1339300
2023-11-06,377.7684101770151,378.7115185804637,375.5453962110002,378.20147705078125,1464000
2023-11-07,375.2758980407597,376.2382426562688,370.61815362590704,374.6407470703125,2647400
2023-11-08,376.67132002788316,379.2888986301004,374.48680826214223,377.48931884765625,1631400
2023-11-09,379.4813998408064,379.53916754590404,375.6801556242839,376.257568359375,1305400
2023-11-10,376.76755664141166,385.29391599244144,376.76755664141166,384.78387451171875,1378100
2023-11-13,381.4349032342993,386.81443555717397,380.1261286350844,384.697265625,1420000
2023-11-14,384.5241386965185,391.46263684065866,384.5241386965185,388.5563659667969,1350500
2023-11-15,388.75841236331866,390.83708056106394,386.95883236805116,387.5843505859375,1139900
2023-11-16,387.99812589967996,393.5604770450976,387.1705235613473,393.011962890625,1228100
2023-11-17,395.60060324745007,395.60060324745007,391.19307792382307,392.5211181640625,1542500
2023-11-20,392.20359497344646,394.67682805370043,390.904453042911,392.896484375,1678500
2023-11-21,395.5621788615476,399.3441865333678,393.99355228117463,396.3994140625,1225300
2023-11-22,395.27346275401493,396.97683171222184,392.74249142956205,396.1203308105469,1111000
2023-11-24,397.1308139344897,400.5182568224008,396.3609205269436,398.6224365234375,711300
2023-11-27,398.2471649699431,398.41077652009403,394.5613970368081,397.2559509277344,1301200
2023-11-28,396.4956244270514,398.23746587554996,394.5805386233902,395.2638244628906,1134300
2023-11-29,397.0345770806212,399.6521559524464,395.4755832982163,395.8990173339844,1405900
2023-11-30,395.00397264628555,400.3353701741686,394.3592181839111,398.1893310546875,4023900
2023-12-01,398.14598659901054,400.6557933977962,395.75198395213374,397.4219970703125,2107300
2023-12-04,394.81558442240697,396.9778901766496,391.9389223706898,392.5374450683594,2092400
2023-12-05,391.91961888873163,392.50844949590424,388.203133852256,389.96002197265625,2207000
2023-12-06,389.96007444922066,390.15315011055435,384.6218594105734,386.427001953125,2263700
2023-12-07,385.5581454275679,387.48878382867184,383.5985486288156,384.8244934082031,1914100
2023-12-08,384.1970544113671,387.6722095390898,383.6757737774074,387.3536376953125,1483700
2023-12-11,386.127718130719,394.1302233375562,386.0022219088534,394.0819396972656,1653400
2023-12-12,410.9267733292219,419.1512831229902,405.7236881851574,411.9210510253906,6829000
2023-12-13,391.86166280898834,399.8062501141143,390.63571807909335,394.5645446777344,3359600
2023-12-14,392.6726093504642,396.8620918512879,391.75554417181917,395.5106506347656,2220500
2023-12-15,393.2807894589943,396.6497448165989,390.8578282815523,393.2518310546875,4241100
2023-12-18,397.61499147973836,398.667185922626,393.6282182808452,394.912109375,1717600
2023-12-19,397.7115561935858,399.88352464367216,395.88708855509367,397.7984313964844,1344600
2023-12-20,396.49522343368886,397.50882633223347,391.86170276927504,392.2671203613281,1578500
2023-12-21,393.8695813021751,395.2017266872633,392.5084775156375,394.94110107421875,1534000
2023-12-22,396.3503862420046,397.98177796215276,394.58386515964906,396.49517822265625,838900
2023-12-26,396.36972789882805,397.45091021764495,395.4237338762715,395.71331787109375,619300
2023-12-27,393.8502470847033,397.08407240726433,393.8502470847033,396.94891357421875,850900
2023-12-28,396.29252048358677,396.6496839015899,395.018291971354,395.5588684082031,814400
2023-12-29,394.54530211248664,397.82738181267894,393.81165002379174,396.4662780761719,975900
2024-01-02,395.56850287088497,397.45088710538425,392.5953326798485,395.37542724609375,1571900
2024-01-03,391.8230996434579,395.64575583912665,391.2342690083747,394.53564453125,1536300
2024-01-04,393.5027946138008,397.3737051813285,393.4448483502346,394.4198303222656,1517800
2024-01-05,394.86384758079487,396.25390972847345,392.16096532653484,394.9314270019531,1400100
2024-01-08,393.7151393103965,395.7712742569162,390.33652155656466,394.1302490234375,1142300
2024-01-09,393.34836497931184,393.63794901950166,390.4041230943993,392.58575439453125,1256200
2024-01-10,390.40407772050565,392.00651129480786,389.99866011135873,391.8038024902344,1170600
2024-01-11,392.6725196949687,392.88489108473397,387.71079462020225,391.8809509277344,1110500
2024-01-12,394.5646234475407,395.35619238827263,391.43699816657215,394.7384033203125,849100
2024-01-16,393.34832014159076,396.36974481386136,391.9196369680184,392.5470886230469,1464700
2024-01-17,390.44268895056933,393.2034879409844,389.9117751321684,392.64361572265625,1369100
2024-01-18,392.9428339140838,394.21706233710927,389.7379670776999,393.7054443359375,1232200
2024-01-19,393.00083857788803,393.8503243831686,390.240039169937,393.2518310546875,2265900
2024-01-22,387.94250965652174,393.1938487975973,387.48880842509476,392.3733215332031,2105400
2024-01-23,391.23424366988604,394.02400095927504,388.2224523496189,393.74407958984375,1293900
2024-01-24,392.95251853578554,394.2267470301593,387.0930235529418,387.3633117675781,1594800
2024-01-25,386.82275834968146,389.60288269944283,386.5138490976618,389.4773864746094,1550900
2024-01-26,390.3847818359018,391.2632259344292,387.7398163795757,390.0276184082031,1146600
2024-01-29,390.7419497888556,391.7941443034426,388.3093557288276,391.54315185546875,1400400
2024-01-30,391.9678520883924,396.3021553586408,391.34040049589186,393.7054443359375,1647600
2024-01-31,395.2596555024732,396.3697668707148,389.3422431330775,390.79022216796875,1782000
2024-02-01,394.1108961241084,395.78090910197517,391.2535592728282,394.47772216796875,1893600
2024-02-02,392.9042528538415,394.7480162612057,390.2206663647329,392.9718322753906,2218600
2024-02-05,383.0773020178862,388.0390572895986,382.3340167727929,386.7358703613281,3487800
2024-02-06,400.5013848156104,406.39947228001324,397.0937790118503,401.14813232421875,3227000
2024-02-07,404.53635866188915,409.2664172528293,400.8970861141018,402.3740234375,1985600
2024-02-08,404.75836179009974,404.75836179009974,399.0243629176746,399.6421813964844,1488900
2024-02-09,399.4587503153342,405.2796241245511,397.99147568331324,404.87420654296875,1351500
2024-02-12,405.7816066622407,406.389762534496,403.61930085796143,405.0576171875,1272100
2024-02-13,404.39159408712214,405.1541751611497,399.8545813693992,401.8141784667969,1313300
2024-02-14,404.3433192015205,406.25466215661424,402.17135062222684,403.8896179199219,1345200
2024-02-15,405.67545624736516,414.3536677642942,405.1348797688882,413.82275390625,1721600
2024-02-16,417.2785861863763,419.69188456928333,415.71477354772594,416.6607971191406,1460800
2024-02-20,420.48338226761337,424.1612460232955,419.1319412939985,420.8405456542969,1869200
2024-02-21,422.57821304251536,424.49918914461404,419.55675872808087,424.21923828125,1230900
2024-02-22,426.4491137314074,432.2989465682795,423.51456415184424,431.5267028808594,1386900
2024-02-23,432.75262640900235,432.9843230711231,429.8663311556092,432.0382995605469,1164900
2024-02-26,432.0383791210809,432.51137623386865,429.09416652477796,429.5092468261719,1286000
2024-02-27,428.1770369029486,429.51884490343457,426.5359822688248,429.3740234375,1086300
2024-02-28,428.7078934555775,436.063650465571,428.1383586657588,435.5520324707031,1562400
2024-02-29,436.9517988282991,437.3958374816786,429.66364950375976,433.254638671875,3684200
2024-03-01,432.4630448976825,435.33004438709116,431.4977256010358,433.6310729980469,1656100
2024-03-04,433.63112484577147,440.8227662493504,433.16779038187434,439.7995300292969,2291800
2024-03-05,440.5427597702779,446.98145239818473,440.5427597702779,444.97357177734375,4102900
2024-03-06,443.0622433130286,448.97962561444,443.0622433130286,447.5316467285156,2599800
2024-03-07,448.8734610280585,451.54738480349204,445.62033979816687,449.1534118652344,2514000
2024-03-08,450.11873700453606,450.11873700453606,445.9582132489001,446.5084228515625,2469200
2024-03-11,457.54202620068787,457.54202620068787,450.5627574563078,453.1980895996094,4251500
2024-03-12,451.1805596579033,456.79869507055486,450.6979000529508,455.1190490722656,3259400
2024-03-13,455.0028824045864,462.5062282271054,455.0028824045864,459.7760009765625,3240000
2024-03-14,460.78288783862894,461.8188407570193,458.0332781603924,458.8562316894531,3551300
2024-03-15,457.5685175047103,458.7593816865367,451.53681479946863,453.32794189453125,33347400
2024-03-18,453.72492892471496,460.83132021145866,450.74293743552334,451.2754211425781,3026400
2024-03-19,452.13706761997616,453.3279317752197,450.06516195015104,451.87567138671875,1883100
2024-03-20,451.4496900406457,453.3763461088208,449.3584314550524,451.93377685546875,2146400
2024-03-21,449.8618700101749,453.7055204923614,448.5935649221326,451.4593505859375,2723800
2024-03-22,449.5810672495986,454.2767149991238,447.7705873911754,453.33758544921875,1687400
2024-03-25,452.34041467883895,453.3666764112124,449.66827542582695,452.040283203125,1391000
2024-03-26,450.1426974402549,453.43448222067235,450.1426974402549,452.66961669921875,1265300
2024-03-27,448.2353460779984,452.3597751912365,446.27964598462376,451.3916015625,1590600
2024-03-28,448.87434674472263,451.0817814488125,447.88679072821236,449.5423889160156,1784900
2024-04-01,451.1108417558272,451.701413511762,447.1122797749303,448.65167236328125,1027300
2024-04-02,447.65444423661324,449.44557139202857,446.17313973921557,446.6572265625,1451100
2024-04-03,446.1537706712462,449.5617311465086,445.53412537775455,447.7512512207031,1449200
2024-04-04,448.57425315758815,452.07903728185795,441.45817043621093,442.7071228027344,2258500
2024-04-05,442.9588596389946,450.96567575352566,442.03911227069875,449.9103698730469,1575900
2024-04-08,448.13850567016186,448.3515050421919,444.86607420275175,446.9767150878906,1744300
2024-04-09,446.0085727251727,447.121966524342,439.2119747257963,443.3654479980469,1472300
2024-04-10,438.9989903933127,439.38625396113247,435.03916353569633,436.1525573730469,1838200
2024-04-11,437.2078220866719,441.4581183806703,434.0128610193581,438.5826416015625,1681800
2024-04-12,435.88152918651986,437.2563490174743,430.0240893677456,433.170654296875,1976700
2024-04-15,435.60071630103954,439.4637198400165,429.70451257290546,430.5952453613281,1712000
2024-04-16,432.5218761519769,432.6380522596672,428.76535775631584,431.5924377441406,1577300
2024-04-17,431.3988315474014,434.8164835843953,429.8497772382356,432.5703430175781,1216800
2024-04-18,436.61725721656484,436.8302565941458,431.34069918567656,432.22174072265625,1070300
2024-04-19,437.5854747069127,437.5854747069127,429.95626111303415,432.0959167480469,1831200
2024-04-22,429.26885836313454,434.69063697382785,427.6713776728693,432.7445983886719,1345900
2024-04-23,432.35736810914443,433.83867279727303,429.95628651982014,430.8954162597656,1509900
2024-04-24,423.2952245533729,430.45970418404437,419.5871321999754,430.178955078125,1969100
2024-04-25,428.43619317259544,431.0793178750722,425.12505583389907,429.7044982910156,1442700
2024-04-26,425.47361837883864,431.5053513430075,425.47361837883864,429.0752258300781,1583800
2024-04-29,431.582794217175,433.8676995905812,428.203877344653,430.90509033203125,1260300
2024-04-30,429.53026245801635,430.55652423151224,426.23847773852117,426.9258728027344,2172700
2024-05-01,428.69762254186327,435.09723624264063,427.9134042421439,428.53302001953125,1824100
2024-05-02,412.2677339526068,412.2677339526068,400.44631174698975,406.2650451660156,5267300
2024-05-03,404.77404005020804,412.2192980299653,404.77404005020804,410.1183776855469,2657400
2024-05-06,413.39082474826796,414.9398790600141,409.973172705581,413.0422668457031,1533500
2024-05-07,416.03388811843473,424.00196784193696,413.8458357753925,416.3146667480469,1556400
2024-05-08,416.3244126153618,417.15702787597445,413.3424208555109,414.09759521484375,1344800
2024-05-09,416.1113274536487,417.22472115130535,414.6493759062652,416.1790771484375,1740100
2024-05-10,416.79876219009964,420.9909411532125,416.76971816204355,420.5649719238281,1234500
2024-05-13,421.22334456781533,423.2468240832045,419.90661295354477,420.94256591796875,1269800
2024-05-14,420.6714320118536,421.5621647301854,416.4405180789835,418.35748291015625,1288100
2024-05-15,420.4584848822213,421.50409950675925,415.85965968003757,417.1086120605469,1745200
2024-05-16,417.98967015570304,418.86102063484674,414.23315122049127,416.01458740234375,1839700
2024-05-17,416.6148000774471,419.6742323504666,416.12102206218157,418.75445556640625,1150700
2024-05-20,418.95781943343445,419.1998628605118,417.3119123107816,418.84161376953125,1499200
2024-05-21,417.74760932407605,423.25652018071577,417.74760932407605,421.1943054199219,1228300
2024-05-22,421.3394730049167,422.88855668027225,418.541437107681,420.95220947265625,1655000
2024-05-23,422.0656705687932,423.0531971656122,417.94124090349817,418.54150390625,1674800
2024-05-24,419.49030192004255,423.59534897637343,419.19017043505517,421.7074279785156,1157400
2024-05-28,417.2731364465558,419.51930632217005,413.5456916696755,416.2372131347656,1696500
2024-05-29,412.0353618270648,414.7268836068651,410.36044018862884,412.61627197265625,1465600
2024-05-30,412.2968336838585,416.82788014207836,411.7159234733973,416.4212341308594,1375900
2024-05-31,416.42120349032666,422.1140699505842,413.92332817935574,421.6590270996094,3621600
2024-06-03,420.32294063629257,422.6852572610892,416.37277542878877,420.5068664550781,1809000
2024-06-04,418.92367679606025,421.6335621327022,416.3206479029675,418.7585754394531,2157400
2024-06-05,419.34133992377804,423.05164479728984,417.0005464190079,422.5854187011719,2116800
2024-06-06,423.4984433087596,423.4984433087596,419.55504004921795,421.3907775878906,1282600
2024-06-07,421.54618176967244,425.6061341040721,419.19566588907406,421.2450866699219,1492000
2024-06-10,420.3029186823664,421.63357043222317,418.8168582377645,419.5938720703125,1406100
2024-06-11,415.5533285444204,423.2653107607146,414.3489482301261,422.97393798828125,1582400
2024-06-12,425.0330591416485,427.8691863163164,421.44902576862324,421.7015686035156,1914800
2024-06-13,418.6226200208919,428.18975543220387,418.0107075042586,427.1698913574219,1650000
2024-06-14,424.86792984481355,425.5769764619144,421.6432660985488,424.4017333984375,1396100
2024-06-17,423.82868031554136,430.5499660825659,422.5174730778174,427.97607421875,1939000
2024-06-18,426.98531569838894,428.09259153557133,422.73112493974446,427.383544921875,1384500
2024-06-20,426.47054030762416,432.43422675359,425.8877947484297,429.9186096191406,1626100
2024-06-21,430.6665448210313,431.22990512653115,427.3641910908385,430.03521728515625,4042800
2024-06-24,431.96802924709164,433.6580804041152,429.4427192803488,430.41400146484375,1440900
2024-06-25,431.22988043588657,432.28857447353005,427.6846767043773,428.5005798339844,1385500
2024-06-26,427.1504276788216,428.0148829491289,423.81893729166904,425.8294982910156,1634400
2024-06-27,428.014908638546,428.85019704134965,424.98448349882153,427.57781982421875,1236500
2024-06-28,427.48072082759626,429.55927898138356,425.53815641075454,426.2083435058594,2470200
2024-07-01,426.5385475254784,428.12174216247564,413.18341804810495,416.62176513671875,2462900
2024-07-02,415.7087628641041,418.1369682546654,412.435546740216,417.7387390136719,1886400
2024-07-03,417.2822331163228,421.21594361395927,417.16568400075056,420.50689697265625,865100
2024-07-05,419.99215049152974,423.4304978677433,416.87434284864463,423.20709228515625,1499400
2024-07-08,424.09092628116093,425.3535812089236,421.84726690508535,423.2264709472656,1502200
2024-07-09,421.73067965777943,423.09046860499757,418.3797447153705,418.81683349609375,1052100
2024-07-10,420.67201269435685,423.527584688036,417.952434434272,422.4591979980469,1554000
2024-07-11,422.6048398439586,425.5381010610354,421.14791672082924,422.40087890625,1368400
2024-07-12,425.0233340958491,431.6669001578321,424.11032654300686,428.0440368652344,1843900
2024-07-15,428.044055015674,428.4714215326231,424.9650775605427,425.5964050292969,1271500
2024-07-16,425.47984894272525,435.13439571903564,425.47984894272525,432.9295959472656,1173300
2024-07-17,434.26027973670466,438.7864583684561,433.90091006348246,436.38739013671875,1896500
2024-07-18,432.7450717994772,438.39791157314045,432.7450717994772,433.230712890625,1458700
2024-07-19,432.57991233880165,432.8033178968626,429.2290068149542,431.97772216796875,1503800
2024-07-22,435.0178213409079,435.8239724226104,431.68633093105126,433.2889404296875,1096700
2024-07-23,435.02762752481254,435.73664460729657,432.230329861427,434.5614013671875,1060700
2024-07-24,435.59084323861566,436.6592593754671,429.91855986981057,431.01611328125,1700700
2024-07-25,432.2010796477962,435.52284752422327,429.28723361666914,430.30706787109375,1777300
2024-07-26,431.3658228023727,439.74799248171945,430.7247730277881,438.42706298828125,1307400
2024-07-29,438.50473139542527,440.20447507245166,436.16393797469334,437.0380859375,1015200
2024-07-30,439.5731332002482,443.6136701653235,437.6985659204529,437.90252685546875,1755600
2024-07-31,440.5444678141065,445.02206445969597,439.5246037350333,440.4764709472656,1874000
2024-08-01,442.97265585375544,446.2750092250035,436.98955427186695,440.321044921875,2244000
2024-08-02,436.69812406889173,444.64323405257426,430.9675656948423,440.9620666503906,2714600
2024-08-05,440.95238181100285,442.5841583799688,428.5588415076572,430.7636413574219,2281700
2024-08-06,431.3171765088991,438.2618364242802,430.8606728132523,432.86151123046875,1598200
2024-08-07,436.4165014917583,438.04824838516384,428.64624431419446,429.17071533203125,1619300
2024-08-08,429.53008606534655,434.9789643210479,428.26740157324184,434.6875915527344,1491300
2024-08-09,434.1436956913434,435.28980148704096,429.46210872646304,434.1825256347656,1108500
2024-08-12,434.1825306009592,435.5229046938118,432.31768549530386,433.9494323730469,853000
2024-08-13,435.6297249591556,437.3391612238248,432.94897699611215,436.7855529785156,1174800
2024-08-14,438.6893096097412,439.00981968456284,436.25138187146956,438.22308349609375,906700
2024-08-15,439.0680793786,443.6622545700346,438.42705925065894,443.0406494140625,1105000
2024-08-16,443.04067657584176,444.26447199084487,439.32064915380283,443.7011413574219,1115400
2024-08-19,444.0798707561465,445.57565345637965,443.0600364303192,445.4105224609375,1013700
2024-08-20,445.4494154947219,447.73193447855425,443.4777139131942,444.91522216796875,1115600
2024-08-21,446.7412060596973,448.8585938873585,445.2260083810794,448.489501953125,853700
2024-08-22,448.57692449260065,451.31594714671303,446.70235714100687,448.4506530761719,1179100
2024-08-23,451.1605184083104,453.04480798242935,448.28553180043696,452.3648986816406,1308000
2024-08-26,452.26781241827325,456.26948993782923,451.7141745059872,455.0068054199219,1216200
2024-08-27,459.13472972346483,459.21244888655167,455.16218969445674,458.7753601074219,1293400
2024-08-28,459.26104736328125,461.9806551627433,457.34762034582457,459.26104736328125,1327200
2024-08-29,460.1254874381699,462.8936177555549,456.8134118659949,459.1542053222656,944700
2024-08-30,461.3978483352228,466.01143822274713,457.9303641900853,464.5156555175781,1385600
2024-09-03,460.32951351193293,464.87510734360814,459.2999566947035,460.43634033203125,2104000
2024-09-04,463.89445463443445,465.2290195304746,459.3744677662033,459.91998291015625,1310300
2024-09-05,458.176281039308,459.2770622588395,451.11377718380203,453.4809265136719,1882200
2024-09-06,452.3412256340864,455.57537264046437,444.3727797118183,445.0351867675781,2012100
2024-09-09,448.1719281323124,453.49071627118764,447.63613409483634,451.10406494140625,2076200
2024-09-10,450.0227661618618,453.5881166561207,448.9219848951216,451.7275085449219,1247100
2024-09-11,451.8833412043314,453.80239510710265,441.7717795099498,453.0815124511719,1585400
2024-09-12,454.3674061442155,455.3512955265314,450.45138013912975,455.2538757324219,1916900
2024-09-13,453.47123730579034,459.57907519601105,452.9744171416601,456.6858825683594,1162700
2024-09-16,462.1604851299026,463.19306948055305,458.2249873033407,462.6280822753906,1307200
2024-09-17,463.2223799940927,464.64464376563325,458.3419657851864,459.46221923828125,1357100
2024-09-18,459.4621703265628,459.4621703265628,452.71139762919694,454.951904296875,1149900
2024-09-19,460.572657740683,460.9136121516045,456.49101516411116,457.03656005859375,1897200
2024-09-20,457.35801119885366,459.9004983333558,454.67913040908405,459.7056884765625,3672700
2024-09-23,462.42355774173853,466.79743009272516,459.8907916966145,465.0147399902344,1148400
2024-09-24,466.5636586409707,468.32684699371197,463.19311793860857,466.95330810546875,1588600
2024-09-25,468.56056978769425,469.1450587725994,463.39764816577895,464.67376708984375,1283800
2024-09-26,466.6123080851183,469.6418643335598,464.17696200951747,469.2229919433594,1092800
2024-09-27,467.2942500701135,470.8595708170981,466.88509881987795,467.1091613769531,1252500
2024-09-30,466.9143307038988,467.18708829981637,461.8877723834062,464.5276794433594,1532600
2024-10-01,464.625029795412,465.5017483849399,461.63444758556017,462.7351989746094,1342100
2024-10-02,461.80012268967414,465.09271577412136,460.43633465336893,463.5340881347656,1024600
2024-10-03,459.7544309322114,460.5240087260459,456.04296536072536,457.6015930175781,1072300
2024-10-04,458.0009790817676,458.65363525504796,452.85752878477797,456.0721740722656,2131000
2024-10-07,452.43867782306575,454.27978429049637,448.8538252357015,451.25994873046875,2019600
2024-10-08,453.4712338001073,457.90355219277046,453.0815546078459,457.2995910644531,1272300
2024-10-09,455.4097043453282,458.4685132066863,454.9518581058365,457.4261779785156,1245500
2024-10-10,459.7057162710211,460.4070972002466,455.6435455291841,457.2801208496094,1249500
2024-10-11,459.8908085114793,462.3358760200745,458.6633844437944,461.7806396484375,1105300
2024-10-14,462.1118091769261,465.7843004829528,461.17664457569015,465.2290344238281,1076800
2024-10-15,465.2290181306735,470.8498158956403,464.85887049923366,468.278076171875,1477100
2024-10-16,466.14468404982335,472.76884283039277,465.94987421201904,471.4635009765625,1210100
2024-10-17,474.32755121488924,474.88278758942215,471.85323099811205,473.4897766113281,1051700
2024-10-18,470.64529385252285,474.6782118239952,469.05744332515434,473.86968994140625,1255200
2024-10-21,472.4084338207339,472.93444715772534,468.6190211362291,470.8595275878906,1065700
2024-10-22,469.32040633750944,470.00231512217783,465.6381643026599,469.48602294921875,1429700
2024-10-23,466.77793738974395,469.76851985834867,464.5276502046288,465.0829162597656,1541400
2024-10-24,465.9791714494725,466.0570894513453,459.423208444893,462.18975830078125,994300
2024-10-25,462.83268764926663,466.27139542669374,460.6993219178065,461.50787353515625,2458400
2024-10-28,463.50485270683254,465.6382184709821,461.459155843194,463.68994140625,1440400
2024-10-29,462.3748316214907,464.00165599183447,460.52397442299593,462.38458251953125,2056600
2024-10-30,461.03046174588286,462.71573185040506,460.1245201846415,461.1571044921875,1794300
2024-10-31,443.1843535569568,451.02615714074204,442.7167563419483,444.3533020019531,3615600
2024-11-01,444.7039469920415,447.4509947883931,441.7717807862112,445.4832458496094,2347400
2024-11-04,446.13599005929393,449.85717677869644,444.48969350854355,446.4671936035156,1616100
2024-11-05,446.4671729938671,448.9414634267796,442.4245040872172,443.1258850097656,1749000
2024-11-06,451.82496826798433,453.6466026760359,446.46720601919714,450.6657409667969,2626900
2024-11-07,452.97437420345136,455.87731745431455,451.60083543685226,453.4322204589844,1925500
2024-11-08,453.295885308108,453.5783938158567,447.33416204767076,447.5971984863281,1496700
2024-11-11,447.59716202497,450.4319085852097,443.57396532327243,444.6357727050781,1981200
2024-11-12,446.4184846007902,448.3862635948838,441.84977219792734,443.80780029296875,1749000
2024-11-13,442.10299162887577,445.70731579376053,439.2000483387879,444.44091796875,1538400
2024-11-14,443.8662278126982,446.0288165996454,441.38218638222554,441.7620849609375,1666700
2024-11-15,439.40464969079414,440.0086107896352,435.3424791636757,437.485595703125,2414000
2024-11-18,434.9820485196099,437.6414572369646,433.7741263334919,436.96929931640625,1750700
2024-11-19,432.3226727181548,433.17019822086087,428.38717441589114,432.5759582519531,2084600
2024-11-20,432.2642381683813,439.23907387487196,430.11140025944417,438.4987487792969,1928700
2024-11-21,440.16445107659746,443.36937480272684,437.9823608002553,443.3011779785156,2072800
2024-11-22,442.1030147041577,445.3761355334972,441.82050621430557,443.0187072753906,1864800
2024-11-25,442.8238422320936,445.18127035470684,441.3041886327829,443.9051513671875,3835600
2024-11-26,441.74256784574607,444.850071905789,439.6092022439399,444.7916259765625,2600000
2024-11-27,444.8695944249359,447.71409212605107,444.8695944249359,445.2982177734375,2069100
2024-11-29,445.1715610813787,449.7208011354754,444.2948423426243,449.068115234375,1351500
2024-12-02,449.06806484362653,449.1167896020808,444.6454977806512,447.80169677734375,1801800
2024-12-03,451.3192649558137,451.3192649558137,446.12112287559523,447.6258544921875,1868300
2024-12-04,445.8280169415219,450.8405090733782,444.8802354875597,448.9254150390625,2188300
2024-12-05,446.785541456904,447.16659220996445,437.74743147524464,438.3043518066406,2303200
2024-12-06,437.7865102440799,440.53213921068436,436.71173179024413,439.1446838378906,2191300
2024-12-09,437.6399757331968,440.4735396442898,431.80672897061817,432.44183349609375,2833900
2024-12-10,434.6207275390625,436.15477067936695,427.23390697040674,434.6207275390625,2326100
2024-12-11,433.13559869179375,435.4415240419007,430.0772925881319,430.4388122558594,1612500
2024-12-12,429.8623387082613,432.2464482461441,427.8690604447741,428.455322265625,1719300
2024-12-13,427.58572662981265,427.7713767170813,422.84684862321524,425.3286437988281,2254200
2024-12-16,425.73899638274827,425.7487768554355,417.6193553044707,418.48895263671875,3691400
2024-12-17,418.4303046812958,423.26692705005365,416.183002666254,420.3454284667969,3320200
2024-12-18,419.09473813274366,421.42019439996113,412.38208424802946,412.5970458984375,3271900
2024-12-19,412.4309675994429,415.8214815542683,409.4312848869191,409.97845458984375,3292000
2024-12-20,409.62674282066473,415.59676722887474,408.6887119941735,414.5903625488281,6680900
2024-12-23,412.753385428912,415.90940652754347,408.1121937171954,412.6556701660156,2084300
2024-12-24,412.5091159260125,416.30024154012176,410.9457611610123,416.0168762207031,824200
2024-12-26,414.40466713415293,416.8278684430051,413.2223929854459,414.60009765625,991500
2024-12-27,413.51554483908336,416.20255074931174,411.8838161301488,413.29083251953125,1444900
2024-12-30,409.5778525680627,410.6331297476135,405.8942225489668,408.0926818847656,1608000
2024-12-31,409.02087579708564,410.486515259031,406.2264042025285,409.07952880859375,1386700
2025-01-02,411.1118759478947,413.0367503328333,404.29175613630525,404.6826171875,2110900
2025-01-03,406.6172752920538,408.415122963407,403.637153354675,404.0279846191406,1995900
2025-01-06,405.9137099896382,408.7961460693204,402.6795347669696,403.4514465332031,2630600
2025-01-07,402.59166872952653,409.4020088280706,401.28236755397836,405.4447937011719,3209100
2025-01-08,407.19374167366374,410.7894667028531,404.711946835253,410.38885498046875,2252300
2025-01-10,406.0896028346408,408.31740347527295,402.2887266131576,404.6630554199219,2642600
2025-01-13,406.26548689071166,412.99764182485416,404.2233661991049,411.7762756347656,2824500
2025-01-14,412.6068598963232,418.0101833739969,411.0825970944904,417.5021057128906,2344300
2025-01-15,423.2962272683909,423.98020429032715,416.6422263770721,418.17626953125,2202300
2025-01-16,418.117684574338,422.8370310380478,417.85385035847196,422.5829772949219,1511600
2025-01-17,429.9208838786554,429.9208838786554,423.599091507063,426.01251220703125,2412200
2025-01-21,429.5985168055889,433.89772028582354,429.3737746681727,432.3245849609375,2281900
2025-01-22,435.4610473916056,438.4118574963513,432.3343378860182,432.46136474609375,2643900
2025-01-23,432.5785925492521,432.9889847089019,430.34104134181473,430.73187255859375,1811300
2025-01-24,432.7251823238507,433.21372883534934,428.98292916591663,429.1881103515625,1547800
2025-01-27,428.2989563979138,431.2888586926512,425.0256887744949,429.422607421875,2833400
2025-01-28,429.9209518294429,430.3215635673239,425.2699792631817,425.5338134765625,2158400
2025-01-29,425.25039432308273,428.9633356007135,424.53710573587284,428.2793884277344,2631100
2025-01-30,428.94383392880826,439.36942952736007,428.94383392880826,436.15478515625,2545900
2025-01-31,434.2396861021147,437.9037848683322,428.59208972985857,435.9007263183594,2816500
2025-02-03,434.8356830991756,444.3916511498006,430.3703610713444,443.8053894042969,2701200
2025-02-04,445.495797336875,448.3195806806793,442.4570225157708,444.38189697265625,2503800
2025-02-05,443.0139831000137,444.64574161437315,440.5810309463742,443.30712890625,2696500
2025-02-06,439.72119256407353,450.9382317286838,439.69188096474977,450.1272277832031,2423300
2025-02-07,446.08207913843205,447.66496514303947,442.13461478103727,444.6261901855469,1668100
2025-02-10,444.40144976000573,450.5571237927663,443.01396456629925,450.3030700683594,1876700
2025-02-11,449.70708598785177,451.94463746992477,448.7983965881437,450.18585205078125,1587700
2025-02-12,446.844200294061,449.5996098484927,444.13763346467056,448.0557861328125,1695200
2025-02-13,447.07869380929026,452.0032511330821,446.90282421664034,450.4887390136719,2265300
2025-02-14,450.4887395904601,453.4688912894622,446.238408670078,446.5315246582031,1705500
2025-02-18,444.4503092823951,455.35467125935804,439.7407136419077,455.15924072265625,2808500
2025-02-19,450.26398536147514,454.9735805890697,449.5800083614969,451.4853515625,1883800
2025-02-20,449.1696880783506,451.54401703904193,447.899449219228,451.31927490234375,1335400
2025-02-21,452.960771922563,454.51437607436446,447.0395905698353,447.50860595703125,1939600
2025-02-24,448.4955352209036,453.56665104241875,445.5740064329942,448.0265197753906,2108300
2025-02-25,448.7691043619561,458.246889669967,448.7691043619561,456.78125,2342100
2025-02-26,455.67704853593824,456.80072927014453,450.70364905664917,450.97723388671875,1576100
2025-02-27,452.92169132055625,457.5042598128149,449.34552741167255,449.7363586425781,2071000
2025-02-28,454.41666272578857,457.611746199978,450.0783672860837,456.3512878417969,2332900
2025-03-03,458.354379097988,461.4126852714452,450.420387898261,451.6612854003906,3072900
2025-03-04,457.865815580454,458.5302317072787,449.34556287286483,450.7818908691406,5027000
2025-03-05,451.3485386016109,459.64407801201884,450.00014556154764,457.5237731933594,2385700
2025-03-06,455.999547565159,459.38028109242805,452.7360604302731,455.481689453125,3712100
2025-03-07,455.49147283524246,459.23372603577127,452.8044669914162,458.0318908691406,1824000
2025-03-10,455.3155234662135,460.38663814232757,447.52809164604577,451.4755554199219,3129200
2025-03-11,451.07502322515325,451.3192964999225,440.78623408461397,443.6686706542969,2845700
2025-03-12,442.9260466221616,444.5284935316652,438.538908384323,440.8350830078125,2652600
2025-03-13,440.6095694890182,446.403455558561,438.7076835067461,444.3545227050781,2213400
2025-03-14,445.62897296631394,449.00138752808556,443.95257878292693,446.5505065917969,1911900
2025-03-17,443.4526117154509,453.19731719978955,443.4526117154509,451.2660217285156,1890200
2025-03-18,454.991334238668,455.6677797825094,448.73671110952415,451.65814208984375,2023000
2025-03-19,449.98174620685916,452.5012590249776,445.9622954314371,450.7170104980469,4051400
2025-03-20,447.14852482040584,450.97192316624,446.28583982790116,448.7563171386719,2298100
2025-03-21,444.8251065449247,449.6190443370816,440.5507842672227,449.3249206542969,4969900
2025-03-24,448.138681394448,452.8247646393343,446.07993538420504,450.0699768066406,2049500
2025-03-25,449.92290412970806,449.9719097793875,446.04071725055263,448.4621887207031,2002500
2025-03-26,448.46223015594205,454.00121539054754,448.00146331806263,452.364013671875,1597900
2025-03-27,452.91299620569333,457.4814419849292,450.4032964523421,455.59918212890625,1493300
2025-03-28,457.36376594121043,457.4323977838185,449.77584856997055,450.08953857421875,1334700
2025-03-31,449.8542976442527,458.84414224908096,449.4033439206525,456.4913024902344,2373300
2025-04-01,452.9228210188359,458.3245724623169,451.7267898618505,457.9128112792969,1544600
2025-04-02,453.80513513762935,461.06955025448474,453.31495892125304,460.5107421875,1527700
2025-04-03,457.39321650692415,462.7361490909868,455.85405604798734,458.0402526855469,2445200
2025-04-04,455.23643069403494,460.76563264642306,428.53164062249414,429.3551330566406,4430700
2025-04-07,420.6594079105825,432.8844035406706,409.6206303079807,417.49285888671875,4159300
2025-04-08,422.2965787209555,424.55137710996826,400.62097317418164,405.2090148925781,3780800
2025-04-09,406.02272769166746,439.5213503101812,404.85610601659687,437.2077331542969,4103300
2025-04-10,431.7177744495251,435.7960439561245,418.7085090875026,423.39459228515625,4239000
2025-04-11,428.7277094848991,440.79584487470737,424.20826946119945,433.1490783691406,3343000
2025-04-14,434.3843326530295,439.32531702741363,433.07066405341556,437.2665710449219,1897800
2025-04-15,440.54095774810463,445.5799834967451,439.1390609819506,442.1095275878906,2321000
2025-04-16,441.65855643999157,445.8936559470319,436.5018933923607,439.18804931640625,1828900
2025-04-17,442.49183058533947,446.21718753558395,440.8546588843839,443.2369079589844,1730200
2025-04-21,441.6879541160454,443.58002696253436,431.61971638031196,435.12939453125,1303400
2025-04-22,439.4821742477733,446.31523149329803,438.5606406225017,445.677978515625,1458600
2025-04-23,445.46231728271493,448.8151055551514,436.7469705578662,439.4037170410156,1973400
2025-04-24,438.29593958458815,442.2663847712886,433.3843943851319,440.69781494140625,2114500
2025-04-25,439.1194463482116,440.52134305576374,434.3941407486512,439.5899963378906,1866600
2025-04-28,439.83506849223755,442.0310780637581,435.4431091851542,439.1978454589844,1644900
2025-04-29,440.0213388433177,443.4623851159871,437.99200232774456,441.7271423339844,1214000
2025-04-30,440.5409584112396,446.32503165604953,436.17840813043387,444.32513427734375,2670400
2025-05-01,428.8453624531918,441.75658699389857,424.63964221931644,439.24688720703125,2540400
2025-05-02,444.78588156084504,448.1582961019629,443.2270949670894,446.0113220214844,1548600
2025-05-05,444.0996291813042,446.54069703947414,441.2958357285605,443.5996398925781,1462100
2025-05-06,443.96238573482964,444.61923502483785,437.4724574549047,438.26654052734375,1441300
2025-05-07,439.1684584261296,445.2956608229057,436.1587694285178,440.82525634765625,1573900
2025-05-08,441.0899533682939,449.0014045101752,440.6978183872524,444.32513427734375,1626400
2025-05-09,446.08972665910915,446.08972665910915,441.70755047719,443.76629638671875,1058900
2025-05-12,447.5015014047388,449.0014395146952,443.4820502202463,445.4917907714844,1944900
2025-05-13,445.3740837717434,447.0014723474319,441.2468085408958,441.8154296875,1666300
2025-05-14,438.4429866733078,439.85469643275485,430.9334841778539,437.2077331542969,1941300
2025-05-15,437.2077472516628,446.06032794806674,437.2077472516628,445.295654296875,2279500
2025-05-16,446.8053910514889,449.3542831953971,443.0800342170447,448.77587890625,1850500
2025-05-19,448.775883876955,452.57965577664385,446.35441237903837,451.28558349609375,1640500
2025-05-20,452.2953752771963,452.63850460562793,448.8641418288427,450.8150634765625,1329700
2025-05-21,447.746537685425,450.0699680261498,444.87411240840987,446.5505065917969,1867600
2025-05-22,447.11910832344205,450.089574891384,444.71726290016454,449.98175048828125,1654400
2025-05-23,444.658462694245,451.4228885360473,444.658462694245,449.88372802734375,1627000
2025-05-27,454.1580652320239,458.93237666294203,453.4228009274353,458.75592041015625,3330800
2025-05-28,456.9520659291478,457.87359962522396,453.020872950422,453.4228210449219,2692900
2025-05-29,454.8345238947145,455.8246595092038,452.0797359475639,454.9619445800781,1306800
2025-05-30,457.383365742314,459.8832821244789,451.56988362926836,458.39312744140625,4344700
2025-06-02,456.0305392011066,457.18734785311887,452.2561764764411,455.44232177734375,1865400
2025-06-03,453.22670504310446,463.00081943906736,452.9227981996557,462.54986572265625,2606600
2025-06-04,463.3563766829512,467.6246725513097,461.22221374207123,465.9429016113281,2092600
2025-06-05,466.1690465869063,467.0345129101394,461.5761864452291,462.4908447265625,1679000
2025-06-06,465.5789630337052,467.3787464515514,463.4644891389867,464.9003601074219,1352700
2025-06-09,464.36932373046875,468.0770290039169,460.36655672922467,464.36932373046875,1616000
2025-06-10,464.58572654871466,468.13607184683457,463.9464410953454,467.7033386230469,1859600
2025-06-11,465.9232033732039,466.70016023218477,459.6682909755117,460.7992858886719,2734200
2025-06-12,460.68131262703366,464.3496706159308,458.75367190021313,462.7564392089844,1572800
2025-06-13,462.8646325624329,465.0774606069064,457.4456529470117,458.2816162109375,1415800
2025-06-16,459.09787963063474,461.8024471754328,457.1997721569562,458.891357421875,1586500
2025-06-17,457.3865820284576,457.8783215244746,452.5970441393956,453.28546142578125,1272700
2025-06-18,453.2854926127523,454.79021437355635,450.69893788359917,451.1218566894531,1223200
2025-06-20,454.8492680329788,455.5868774044851,447.8567455975321,448.32879638671875,4365000
2025-06-23,449.7548191233692,452.4593866141133,445.4668647081122,452.1545104980469,1611000
2025-06-24,453.25597282545925,456.26541623674336,451.30870356721545,455.5081481933594,1470600
2025-06-25,454.1017981805998,456.1572658189273,452.13484005625975,452.5970764160156,1608900
2025-06-26,453.2068641863152,458.7340121471696,450.9350297755499,456.7867126464844,1983000
2025-06-27,456.865355852679,459.6485882946946,454.2197948675506,456.12774658203125,2643200
2025-06-30,458.49796246616773,462.274518559475,455.8917188743214,461.4287109375,1856200
2025-07-01,462.0286210762502,469.94561524814804,461.2221610698855,468.8736267089844,1856300
2025-07-02,468.1655321203005,470.81109317236724,466.60180402856946,469.2867126464844,1423100
2025-07-03,468.7457880590989,469.3260371069563,466.1690777059903,467.72296142578125,952700
2025-07-07,464.56601035169007,465.8740543416031,460.0616893504929,461.8319396972656,2099500
2025-07-08,460.641904867614,463.99557190323526,459.8059417039634,462.18597412109375,1627200
2025-07-09,464.60537249248284,468.5884509043619,459.83549278026913,463.48419189453125,1522500
2025-07-10,464.2414453836933,464.4184644042224,461.3008227023812,462.56951904296875,2238500
2025-07-11,461.2614966242428,461.86140440941176,456.80633794289895,461.0647888183594,1326400
2025-07-14,460.6910546721869,462.23512388497534,458.5962396277562,461.0352783203125,1133000
2025-07-15,460.4353710280782,461.5073595234144,452.4691852224219,452.9510803222656,1263700
2025-07-16,452.8920800291214,454.8983855952166,448.4664245239508,452.0758056640625,1438000
2025-07-17,451.26937605740034,454.48534180281945,449.51878451804873,453.6690673828125,1515000
2025-07-18,456.22611445875,457.7799981639382,453.4133487469093,457.3276062011719,2267600
2025-07-21,457.32764096454997,468.36227803068493,456.55068404619664,462.6580810546875,1797700
2025-07-22,462.65804314943165,468.50975551318294,461.16316579547276,464.2217712402344,1405300
2025-07-23,465.64782919421833,466.36577970891875,461.9401239631026,462.2253112792969,1193900
2025-07-24,458.93068158986915,464.35947517998073,454.8000575448849,463.7005310058594,1383200
2025-07-25,464.63487600568135,465.83472172784474,460.828816628565,465.07745361328125,1212100
2025-07-28,461.0057873951158,463.56283883188024,458.3110645034828,459.7370910644531,1283700
2025-07-29,462.1367979718349,463.87757509280607,459.5305845011533,463.72021484375,1386100
2025-07-30,463.61203589574205,464.53650863916556,457.5734899047967,458.5274658203125,1301600
2025-07-31,450.8366246906025,459.8747993562581,450.8366246906025,452.65606689453125,2228600
2025-08-01,450.7579551767482,454.86892055634587,441.8968290426977,451.82012939453125,2219300
2025-08-04,452.2626601674701,460.75008914560823,452.2626601674701,459.6781005859375,1684900
2025-08-05,460.20921552443616,463.2580067574501,458.2717604839783,462.07781982421875,1691000
2025-08-06,463.9758916550495,465.55930850194363,460.2190245667716,463.6907043457031,1275900
2025-08-07,465.5101535879514,467.92953380641995,459.7666391913846,461.6745910644531,1090400
2025-08-08,461.2516618746495,465.56914919287095,460.9467857785334,464.61517333984375,939300
2025-08-11,463.31699284504805,465.6084858572435,458.42910069862677,462.60888671875,1069200
2025-08-12,462.72686523158455,466.6411224203005,462.17611939773667,465.4117736816406,1347700
2025-08-13,466.729670346595,468.283554074274,460.75994517705107,467.77215576171875,1797800
2025-08-14,467.8508426304961,470.69311168679707,464.8118957587153,469.7391357421875,1545400
2025-08-15,472.9354218726508,474.6958578187338,470.6734019945767,472.14862060546875,1951300
2025-08-18,472.4928161245583,473.1025683119099,469.27685054930146,470.60455322265625,1218100
2025-08-19,470.56521536567203,474.8433551732263,468.67692241141833,471.99127197265625,1512400
2025-08-20,474.8138795133554,478.3445658541312,472.56170398758144,474.3909606933594,1160900
2025-08-21,473.44679139738093,474.93185431299787,472.11908872563185,472.7681884765625,1263500
2025-08-22,476.0629018405652,477.7053251817414,471.76510287554004,473.71240234375,1782500
2025-08-25,473.95821105367907,476.00383415987636,468.804760704491,469.9554443359375,1151800
2025-08-26,468.4212599245806,474.12542658940237,467.16240790135237,473.958251953125,1699500
2025-08-27,472.22730886040415,475.82684582015764,471.46019639445007,474.73516845703125,2259600
2025-08-28,474.58761719299224,475.03019474215347,471.2142914734463,474.18438720703125,2579200
2025-08-29,474.21393209737397,475.3351126467454,469.11951770372343,470.3882141113281,2058200
2025-09-02,469.28673367469816,469.28673367469816,464.6938730882264,466.3067932128906,1262500
2025-09-03,464.0152514621884,466.3952839859218,462.23515677016667,463.9857482910156,1617900
2025-09-04,464.4592857173418,466.6002252439847,462.33803755922514,466.0674743652344,1660600
2025-09-05,464.8440896631854,468.69188577055746,460.34512342854595,463.23590087890625,1066200
2025-09-08,463.3740444456827,468.711640276349,460.3550020880976,468.27752685546875,1677200
2025-09-09,466.7877302618068,468.1689865605571,464.084412212172,467.10345458984375,2966100
2025-09-10,466.6002544399231,468.5734862571735,463.2062933055222,466.37335205078125,1551500
2025-09-11,466.58056338117234,477.95624434492777,466.1563257389948,477.11761474609375,1907400
2025-09-12,472.7468897103712,477.4431911430698,472.7271682311794,475.5883483886719,2069700
2025-09-15,474.93718435265095,476.83147008970974,469.15559930773605,470.34942626953125,1130700
2025-09-16,470.0632721658796,472.0365039254176,464.59741176140363,465.1597900390625,1470500
2025-09-17,467.55730769730945,474.9372060795783,465.6926191486781,473.4375305175781,1698800
2025-09-18,472.4805460903919,473.51648083664946,464.99210422729465,469.62921142578125,1650900
2025-09-19,471.11898357192507,474.4438744470525,467.65595201386327,472.5989074707031,3742100
2025-09-22,470.5961023588037,472.2733314642408,467.9421029560956,471.36566162109375,1562700
2025-09-23,472.0168340303392,476.5059247302169,468.2972724872852,473.5164794921875,1462900
2025-09-24,473.18100048305234,475.29234289166635,466.9850537199102,467.7842102050781,1579400
2025-09-25,467.78422541308356,469.9745140274888,463.6207048977414,467.43890380859375,1536700
2025-09-26,466.4029782367924,468.80044781718414,464.41987050259854,468.06048583984375,1476400
2025-09-29,468.3860320040988,470.32966656994364,465.0907384459545,470.11260986328125,1859600
2025-09-30,467.3600198625773,472.3720159869896,466.89630912966044,468.6426086425781,2171200
2025-10-01,466.4522933218739,468.72149799087987,454.63262325752623,460.56219482421875,2286100
2025-10-02,457.22739741466785,463.9955981173463,456.7538410544735,463.1964416503906,1677500
2025-10-03,460.7693427795542,463.14709069101235,456.803157735264,460.4832458496094,1250700
2025-10-06,460.48328196617257,464.27188367334185,458.8750931195368,462.2789001464844,1539000
2025-10-07,461.834916634134,464.27185915277477,459.65450388875917,464.07452392578125,1283300
2025-10-08,464.0152996010152,465.3768342961592,461.27250873294486,461.5684814453125,1208500
2025-10-09,461.5882647873865,463.7094829962885,451.38665977456355,452.0279541015625,1499900
2025-10-10,451.9392118755259,456.8426947466827,446.8581453452444,447.74609375,2038900
2025-10-13,450.4493741756588,453.64600020775475,448.91025570767715,450.5283203125,1287400
2025-10-14,447.18366749389185,455.8856271686125,447.00608385378615,453.1033630371094,1664800
2025-10-15,452.8863065602159,455.3528463711465,444.75660097830996,445.378173828125,1838000
2025-10-16,445.9898727968725,446.41411041998145,435.0483057617455,438.29425048828125,3033700
2025-10-17,438.2547923839665,445.2893384201391,436.96232797089164,444.8552551269531,2365300
2025-10-20,446.3055771037995,449.14703585989713,443.691050855699,445.51629638671875,1895900
2025-10-21,444.51983255658774,446.39442706835274,442.3788926697653,444.0561218261719,1766100
2025-10-22,444.30274043154833,448.9891661193283,441.7572845691498,443.89825439453125,1856800
2025-10-23,446.5226618583561,446.6114837955502,442.65514394900475,444.0561218261719,1527000
2025-10-24,443.52332947383564,444.3718047133551,439.6261845429641,440.03070068359375,1593300
2025-10-27,441.65859530480617,444.1251350195757,438.3139831083249,438.8664855957031,2337600
2025-10-28,439.50781057483056,441.2343884956744,436.07437621295156,436.79461669921875,2110300
2025-10-29,432.917190250497,433.5584845504268,425.44850081555757,426.2279357910156,4087200
2025-10-30,426.6620491414861,429.36536701644644,422.8734176681026,424.1560363769531,3635300
2025-10-31,419.3117855490399,420.7029176741923,408.9227206314489,412.7014465332031,4072800
2025-11-03,416.5985593108527,416.5985593108527,403.52589877593545,406.663330078125,4908100
2025-11-04,410.5999835226959,415.68104977161164,408.4590136091428,412.3462829589844,3483500
2025-11-05,410.7183479687578,414.1715036736359,409.4456050069754,412.63238525390625,3076400
2025-11-06,410.7775351921533,413.8754934554137,408.0544656785004,409.7613220214844,3443900
2025-11-07,411.41886523468,417.16097748644887,408.4590172833514,414.88189697265625,2563300
2025-11-10,414.8917479175498,416.51968839872103,410.35333842195365,415.0397644042969,2624200
2025-11-11,420.0418731204971,422.66627521184097,416.2927444809373,420.939697265625,2477700
2025-11-12,422.27160716215474,425.78395737374524,419.21309183611726,423.21875,2592700
2025-11-13,421.4823467920825,423.2582434622584,415.2863998170934,422.903076171875,2873300
2025-11-14,422.90309209802496,424.34354301181946,417.40763381153545,417.7233581542969,2469700
2025-11-17,415.96710147694745,417.7134308324007,411.9713192569095,412.2574462890625,2249300
2025-11-18,413.1257121972056,413.76700655004265,408.1136862541112,409.16937255859375,2586700
2025-11-19,409.1792293980205,410.50129111144764,405.2327657367591,407.6697082519531,2635300
2025-11-20,409.05096782864916,410.3829053469515,402.7464776262781,403.04248046875,2723600
2025-11-21,401.9276038779622,410.84662034893984,400.98046101219035,407.2158508300781,3100100
2025-11-24,404.7493252732356,406.93961392762054,401.26657210887566,402.2137451171875,4038300
2025-11-25,406.1601763092288,407.344097310659,400.6548427870016,402.39129638671875,3580000
2025-11-26,402.0460029491099,404.9959750290788,401.5822922444107,402.4406433105469,2591500
2025-11-28,402.3617072974272,406.0713626416396,401.0297697982435,404.8282470703125,1160800
2025-12-01,404.5322550184753,406.06152778391737,401.27643447510525,401.6908264160156,2074800
2025-12-02,402.5393210464232,405.81489333603145,398.85923259070694,403.3187561035156,2139800
2025-12-03,404.35851426276133,407.01237591318187,402.04133384679545,405.1606140136719,1957500
2025-12-04,403.6355998555599,404.7447047234211,398.0109897300579,399.79345703125,2859800
2025-12-05,400.0211909448005,400.66484709411856,395.04023702682076,395.67401123046875,3183600
2025-12-08,394.87191962340904,395.52548795180985,383.99896870186143,385.5833740234375,4569900
2025-12-09,387.39547161214847,392.96066858164056,386.2963092488567,386.5735778808594,3574700
2025-12-10,385.82103500380646,390.5049263779532,385.20708510182914,388.8511962890625,5121700
2025-12-11,391.3862061240649,400.3479823092577,391.0198186410712,399.36761474609375,3272500
2025-12-12,402.78399908588034,413.94410048620165,402.78399908588034,412.18145751953125,4726400
2025-12-15,413.3598455025676,417.4000804245838,406.00229889970143,412.92413330078125,4798100
2025-12-16,414.44913121821685,420.3114216850431,410.85452061828977,419.3805847167969,3960500
2025-12-17,418.8755531825924,420.27180865293644,416.6771980067341,418.22198486328125,4766000
2025-12-18,417.41987478563,420.34112292844554,414.389713702311,414.9046325683594,3370800
2025-12-19,413.9539891092562,419.26174203894755,413.122183172069,417.3208312988281,6048500
2025-12-22,417.4495860609629,421.14322765708965,416.4296302621421,419.3805847167969,2354200
2025-12-23,419.46970384101627,421.1828161743999,418.87554808341935,420.955078125,1656600
2025-12-24,420.4698382178072,422.4701616082199,420.00444995015624,420.75701904296875,830100
2025-12-26,421.25212739534453,421.84628313390255,419.28154057880965,420.6282653808594,1328200
2025-12-29,419.7172385052499,423.13358100080075,419.61820751552045,422.3810119628906,2240300
2025-12-30,419.86578477540695,425.27253854227814,419.27162903596684,424.1832580566406,1501800
2025-12-31,422.9454640812,424.8170502065997,422.12357026455436,422.2325134277344,1569200
2026-01-02,422.12357146230926,426.60940065653034,417.9645113185204,424.92596435546875,2202400
2026-01-05,421.4600857056331,429.7583815578942,419.93512319599427,428.8770751953125,2617800
2026-01-06,429.83762401049796,434.71954697773987,429.23355607819263,432.8974914550781,2359400
2026-01-07,432.6499322643091,434.7393442983219,428.66913997324156,429.9069519042969,2322200
2026-01-08,429.21374218926053,438.11607545108865,428.19378642139816,435.4028015136719,2801600
2026-01-09,433.55108855080243,440.71057384153823,432.9074323526893,439.7500305175781,1787900
2026-01-12,438.06660090390216,441.6315053290426,435.1057644188637,439.3044128417969,2284900
2026-01-13,439.64108670508205,440.3342734667098,435.7989136789529,438.5815124511719,1790300
2026-01-14,437.521909264095,440.0272392099898,433.6302361066406,435.6899719238281,2542000
2026-01-15,437.4724447115122,439.6707999199125,433.47182807045573,435.7494201660156,2336600
2026-01-16,435.1750869652696,436.23466130519665,431.41215051957226,434.6799621582031,3297000
2026-01-20,430.08521054539176,430.66945417894203,424.98543118472435,428.9266052246094,2958400
2026-01-21,429.2434595932368,436.6505368639247,428.80774738790126,435.0661315917969,2633300
2026-01-22,435.56130700467367,442.9287666898606,435.56130700467367,441.29486083984375,2214000
2026-01-23,438.9181965931959,447.5729981254446,438.74987109454673,447.1669921875,1639000
2026-01-26,448.2166687890023,451.1378868955606,447.74133811504527,450.59326171875,1945500
2026-01-27,450.59323094311804,452.5440236763001,448.02848835218606,448.61273193359375,1929100
2026-01-28,448.2661434254905,449.0682431154473,444.6220324612403,447.09765625,2281300
2026-01-29,448.49391969970867,451.5934055737701,443.7902344170958,450.56353759765625,2717200
2026-01-30,448.2166637918353,452.9104370422575,447.18679578641974,452.51434326171875,2816700
2026-02-02,454.87114855245767,457.86169139127753,453.5343055815215,455.6732482910156,2191500
2026-02-03,453.920472237673,462.2583559102538,453.81152908080196,459.0499572753906,2912200
2026-02-04,461.66424116591116,472.67581149181154,461.0899097151078,468.7148132324219,3420300
2026-02-05,466.47683831279267,469.75456173383225,454.78199415808314,455.2077941894531,3453400
2026-02-06,451.45476093197834,453.5243788519237,440.6610469495766,443.86944580078125,3132800
2026-02-09,443.8001206052099,453.0391349121859,439.69056110704304,451.89044189453125,3610600
2026-02-10,449.89018920651256,459.63424129067664,449.75153976193224,456.01983642578125,2567800
2026-02-11,453.96011585018493,463.10013051675446,450.84083566123195,462.95159912109375,2392600
2026-02-12,465.33808376178575,472.893662474791,464.90237154037817,468.2493896484375,3757600
2026-02-13,469.5466370242057,483.77651805897085,468.7346251497332,476.3100280761719,4412900
2026-02-17,474.45829035574445,479.0530327337422,473.34921565140087,477.5181579589844,2249500
2026-02-18,478.12215543217087,483.50911515956165,477.89441738672207,480.54827880859375,2451000
2026-02-19,480.1720154238438,485.76691950830633,477.49835968915437,485.3312072753906,3072600
2026-02-20,483.47940995535157,493.49084819232377,483.2417597439156,491.6687927246094,3202400
2026-02-23,488.7376253066393,495.68919609008043,487.96523191070315,493.3323974609375,2159200
2026-02-24,493.00560788102155,499.57096698534275,489.7477087426916,499.08575439453125,2761700
2026-02-25,501.9079800230948,504.6509603403413,495.51097652474124,503.3141174316406,3483400
2026-02-26,501.94758770592125,505.67090530705894,492.59962993112026,493.6492919921875,1945600
2026-02-27,493.411630923654,504.56185049371294,493.411630923654,503.1259765625,3239500
2026-03-02,503.04678744878765,505.0767870030439,494.6494601176798,504.37371826171875,3071800
2026-03-03,495.1247791082818,498.7391839517686,486.7967766972783,496.78839111328125,3815300
2026-03-04,497.313205037094,499.0758479811929,492.49069468992553,494.3226623535156,2907000
2026-03-05,490.75775588167994,492.4114858765211,483.78639080081956,485.28167724609375,3784900
2026-03-06,483.24177295838064,483.5388357307989,475.01280174220307,480.0135498046875,2195600
2026-03-09,477.9538184221458,481.7959912460101,474.1611459843558,478.9044494628906,2279400
2026-03-10,476.10206329695563,478.33012466133414,470.002122779633,473.27984619140625,2505600
2026-03-11,474.09457836529987,478.9332871087071,468.11326364634544,478.45635986328125,2007400
2026-03-12,477.3038428964562,489.64403605401844,474.4622006402476,487.25946044921875,2908500
2026-03-13,494.800723964522,496.79782092678505,489.45528157305955,490.7469482421875,2648800
2026-03-16,491.1145566269798,495.2776413661086,487.7364052054655,494.2145080566406,2217600
2026-03-17,494.21449827291246,497.1256678303068,490.06135907620063,490.8760681152344,2471000
2026-03-18,488.28286244437845,491.29339571356314,485.24252311595535,485.4313049316406,2200800
2026-03-19,485.54058137939137,488.62067221253346,480.35411484610137,486.65338134765625,2744500
2026-03-20,489.733492490525,492.6248016287928,481.2284862986181,485.0140075683594,6334100
2026-03-23,485.7194334187015,487.11046374547647,474.26350607302004,474.9788818359375,2794300
2026-03-24,470.8853489203527,483.71241551867666,470.39850650470703,476.75738525390625,3181800
2026-03-25,480.0460997584384,489.2466205653697,478.8538270955375,489.17706298828125,2086000
2026-03-26,488.0940723811509,497.09586597735915,487.99470874485996,492.30682373046875,3051700
2026-03-27,494.4132015318968,495.05905000980357,483.30503221324665,487.96490478515625,2154100
2026-03-30,492.6645458476711,500.3945640348596,491.67097008930995,496.0526428222656,2458600
2026-03-31,492.9526673810611,497.06605505383027,488.7498312114383,492.5751037597656,2761300
2026-04-01,489.6540103278735,491.2635981977925,485.3518103333117,490.6575012207031,2472400
2026-04-02,496.78785189101814,499.4705184198393,491.1940158272814,499.37115478515625,2127700
2026-04-06,500.42434563610925,500.42434563610925,494.0753822961599,496.2612609863281,1488700
2026-04-07,496.5792033810364,497.27468817222285,487.04087067763584,491.41259765625,1703800
2026-04-08,484.86496478082046,497.65227979972303,479.6685527056375,497.2648010253906,2544000
2026-04-09,496.25132324424106,503.921729056046,494.333729371671,500.066650390625,1919000
2026-04-10,502.69963266497774,503.0771659572336,496.51959065809325,499.9176025390625,1153000
2026-04-13,500.3746427212746,505.95856361417975,499.5599336932633,505.6008605957031,2247600
2026-04-14,499.27182150395686,500.14617302788554,491.48219115131405,496.44012451171875,1956500
2026-04-15,493.28053136829016,496.43017969393446,487.73639227705127,494.7410888671875,1553000
2026-04-16,493.60841180371943,497.4932965565847,491.8696542717517,496.01287841796875,1630800
2026-04-17,493.36994899650455,494.7609489173599,484.86494339867596,489.0677795410156,3012400
2026-04-20,491.47225284115785,498.13913782582097,489.3559315812053,494.94976806640625,1717500
2026-04-21,492.3863319410542,494.8007136885129,489.157210817585,491.6610107421875,1544400
2026-04-22,493.2705889997601,498.00996454707035,490.76678912375473,491.4424133300781,1554600
2026-04-23,495.84395453787647,504.99480881702164,494.9000757899375,504.79608154296875,1716400
2026-04-24,503.9614979999335,507.36945557821394,498.53658284251503,507.0216979980469,1486800
2026-04-27,507.0018292228111,509.6646352599736,503.2659747240499,507.46881103515625,1773700
2026-04-28,509.70436158733503,512.3174706706986,505.7300585730089,507.01177978515625,2743200
2026-04-29,504.93519019397394,505.73003863689564,500.22562068901334,501.46759033203125,1440000
2026-04-30,498.75516273025215,504.3887202168863,496.45005972773913,497.9205627441406,3036800
2026-05-01,500.1262493382349,517.9311695288734,498.7750009418078,504.656982421875,2578300
2026-05-04,500.34486661323734,503.0473938864598,489.34600602222895,490.3793029785156,2406600
2026-05-05,491.4126253968342,499.9772434902238,487.24954058841456,497.0760192871094,1902800
2026-05-06,494.33372850441464,501.9246615863529,493.8766921616276,498.6458435058594,2289300
2026-05-07,497.71190177173895,500.503847251767,490.3395865593857,490.6773986816406,1937600
2026-05-08,490.8264212818088,494.38340913100325,489.09760917694325,489.9918212890625,1686200
2026-05-11,490.73697703837485,502.9579460051418,490.6773649221681,501.1595764160156,1769200
2026-05-12,500.95094711457193,502.53072887842706,493.5487958361734,500.63299560546875,1430400
2026-05-13,500.9707986620243,512.4366708091278,500.4442047502535,509.9626770019531,2359000
2026-05-14,510.7475822344687,511.4828185578987,505.02460675636115,508.3630065917969,1969000
2026-05-15,513.4501324349624,513.6885808993967,500.89132106833733,502.85858154296875,2157300
2026-05-18,503.16664603612946,510.8271065996069,501.40799754803095,507.5780944824219,1881300
2026-05-19,505.4419023401763,507.09124169454657,501.5570175879016,502.8188781738281,2104800
2026-05-20,497.08592333577553,509.0982805399335,496.75805668783363,503.3752746582031,2049700
2026-05-21,506.1870451066954,513.2116625917904,502.5008879137558,511.2046203613281,1655700
2026-05-22,513.6985438640003,517.8814588800935,511.67161056114276,514.2549438476562,1454000
2026-05-26,514.5231851809529,515.7453246080688,509.3963609211498,511.66168212890625,2099100
2026-05-27,509.6844572171833,512.5261298861609,504.428463450928,504.6072998046875,1594800
2026-05-28,504.5774967129606,504.9848664021583,495.37697572058124,498.7551574707031,2266400
2026-05-29,496.78786380388004,499.3016091818667,492.1478518144809,494.4927062988281,4481400
2026-06-01,492.96259293253723,495.1385262094193,485.73930828301957,494.2145080566406,2507300
2026-06-02,490.2998243664786,496.57923035548305,487.2892910703412,492.7241516113281,3010900
2026-06-03,494.9497679624024,508.9194713029834,492.95270126638883,504.30926513671875,2283600
2026-06-04,506.9405284519506,510.47886379651055,502.85401058946985,505.78436279296875,2995800
2026-06-05,510.6084542298107,515.9209762466251,505.35576325498266,506.2328796386719,2886200
2026-06-08,505.4654122638564,508.5950897783501,498.3089870415825,500.27252197265625,1890500
2026-06-09,506.28270712839884,515.3827435041866,504.6978994082536,513.8976440429688,2956600
2026-06-10,520.5357688027952,521.1736826698502,503.3124898186063,507.4887390136719,2572100
2026-06-11,512.3328468582199,516.8878540050525,510.31945765579485,513.7481689453125,2259500
2026-06-12,516.6984274783723,524.0940550266687,515.4923772834626,521.8514404296875,2191200
2026-06-15,517.3662477319796,524.1439157140059,516.0705269292835,519.768310546875,2860700
2026-06-16,518.8513470741339,521.9212545268226,511.8843003049816,516.4691772460938,2490600
2026-06-17,512.3427658239119,517.8944291987782,509.7313402189107,514.15673828125,2090800
2026-06-18,514.3561259178759,517.1370070675579,509.48219247568045,510.4689636230469,5193700
2026-06-22,506.30264447436775,516.2897439547207,505.4554284242169,515.0139770507812,1926100
2026-06-23,522.1604367549074,522.1604367549074,507.06017074725173,510.5785827636719,2215800
2026-06-24,513.070383497435,520.9743471039853,512.7115797464138,514.0371704101562,2564900
2026-06-25,513.5986272356848,526.2071301187268,512.1135276381743,520.5657348632812,2281900
2026-06-26,519.2899039567254,523.2767746205006,516.6585547182774,517.9144287109375,3318300
2026-06-29,517.4160489534535,517.9742083904171,505.1165571031923,509.38250732421875,2314400
2026-06-30,510.6782144650765,520.8746768713547,509.89082946233526,517.2366333007812,2581100
2026-07-01,523.5857621041682,537.1810058611987,515.3030406158631,531.7987060546875,3087500
2026-07-02,533.6924909496997,545.4238166102659,531.2106736738973,544.8457641601562,2275600
2026-07-06,541.9352974568301,542.3240319449898,529.4564337083576,538.745849609375,2296700
2026-07-07,545.1945741629814,546.4006244123242,533.6027431006223,536.4633178710938,2098200
2026-07-08,534.3602646377861,535.2872047572888,524.4728425282736,525.93798828125,1619200
2026-07-09,524.273458080138,526.1074452331359,517.3064117833277,523.8348999023438,1870500
2026-07-10,523.3465472521763,530.9614847489717,521.7617394108593,528.051025390625,1858100
2026-07-13,529.1773121569677,530.7023193461937,519.7682952062082,522.33984375,1628800
2026-07-14,522.6787702012291,529.8750425740515,519.2899057911216,520.8248291015625,2153600
2026-07-15,516.9376548435043,519.3995182299442,511.7148641087848,512.46240234375,1529700
2026-07-16,511.55531886516474,520.4460226074686,508.993777812612,519.0307006835938,2046100
2026-07-17,520.4660123872942,525.7287107518002,510.02043093842065,511.535400390625,2780800
2026-07-20,511.89426990703817,514.8046684237195,509.2629206994435,510.3692626953125,1583600
2026-07-21,510.21975985395073,511.14673038732093,501.2094237651396,503.372314453125,1777100
2026-07-22,505.18633283856025,509.2828276649843,503.442076999907,507.0003662109375,1636600
2026-07-23,502.21611067809675,509.2429882664492,500.4519314116125,504.6580810546875,1808400
2026-07-24,503.7909427522851,511.23639431420503,503.2327833078901,510.5985412597656,1327200
2026-07-27,511.64509030585253,513.3095917541024,504.8075913831045,505.35577392578125,1656100
2026-07-28,510.37922208531285,520.2865976619229,508.31600931164803,509.5021057128906,2339600
2026-07-29,510.100140127621,511.9640276195344,503.48195097666667,509.4921569824219,2030200
2026-07-30,508.74461511079676,513.0903197008794,500.9701995141047,506.970458984375,2360800
2026-07-31,473.42095008250567,482.3615084258519,465.3475312090726,476.8097839355469,5221600
2026-08-03,481.484383350478,483.4080410383497,474.8462404152027,478.8829345703125,2806200
2026-08-04,480.4079292708197,484.00609579599035,476.92939441399375,483.04925537109375,2974700
2026-08-05,488.82021133383535,493.1061153174656,487.1158327335589,489.43817138671875,2209600
2026-08-06,496.2955901989137,497.54148720627194,487.74376652406636,488.5012512207031,2062400
2026-08-07,484.982839903327,491.4216575460485,484.60411276323225,488.3717041015625,1731300
2026-08-10,487.6839889681735,490.96316814610947,485.42142042865254,490.84356689453125,1877600
2026-08-11,489.42822707556576,494.3320607165257,488.3717088351391,488.9198913574219,1332200
2026-08-12,486.24869902112204,488.7305161716649,477.17856255794885,477.8563232421875,2336900
2026-08-13,478.2848955514806,481.70366005540797,474.18840079343147,476.63037109375,2197600
2026-08-14,477.517443295321,481.90299476169395,475.56388526726005,481.15545654296875,1365100
2026-08-17,480.41790907649147,480.7866897415697,471.49727390904116,472.7730712890625,1745800
2026-08-18,480.08900856603776,481.89306509683234,476.1419847328062,477.1387023925781,2401000
2026-08-19,476.9194016297793,482.38142510752033,476.4310197322435,479.5507507324219,2847100
2026-08-20,479.6703583737173,488.19228192435463,477.79652436668766,479.7102355957031,1811400
2026-08-21,484.7536382523147,490.1558309160162,480.88636887886724,485.9696350097656,2048400
2026-08-24,486.83676192407427,489.87673853044356,483.40805084141465,488.4215393066406,2184100
2026-08-25,487.59426529122504,489.00958725877786,483.5276404227528,485.600830078125,1785600
2026-08-26,486.94639434190157,492.87687650933117,486.4081887129817,488.7205505371094,1843200
2026-08-27,482.97945845535946,485.09249491686325,479.42116929575167,483.75689697265625,1899800
2026-08-28,485.401488279744,487.99296021441114,485.10248515618594,487.90325927734375,1240800
2026-08-31,487.4447328291122,490.87344382560974,484.8532913885983,487.9729919433594,2109600
2026-09-01,486.8965714558708,487.3550530574604,480.57738521234626,485.16229248046875,1641100
2026-09-02,486.3882422581635,489.3684487520701,483.9263484157584,485.85003662109375,1154200
2026-09-03,487.8999938964844,491.9800109863281,480.04998779296875,482.19000244140625,1829300
2026-09-04,479.25,482.9599914550781,476.4800109863281,477.57000732421875,2273700
2026-09-08,474.010009765625,474.010009765625,466.0,468.3800048828125,2580500
2026-09-09,468.3800048828125,468.3800048828125,463.3699951171875,466.6499938964844,2095700
2026-09-10,465.4100036621094,467.1300048828125,460.20001220703125,461.6199951171875,2149000
2026-09-11,462.8299865722656,467.6600036621094,460.69000244140625,466.2200012207031,1631000
2026-09-14,467.8800048828125,467.8800048828125,461.3500061035156,464.4100036621094,1439300
2026-09-15,462.19000244140625,464.0400085449219,459.5799865722656,462.9599914550781,1641800
2026-09-16,462.8599853515625,466.239990234375,459.7699890136719,462.0899963378906,1338200
2026-09-17,461.32000732421875,462.9599914550781,455.70001220703125,458.4800109863281,2189000
2026-09-18,458.3800048828125,461.70001220703125,454.19000244140625,460.3999938964844,4475400
2026-09-21,460.8699951171875,461.42999267578125,456.4100036621094,457.5,2016600
