Date,Open,High,Low,Close,Volume
2021-09-22,329.41137837409633,333.84819672367195,328.67354807453387,333.401611328125,3238800
2021-09-23,335.6637000315025,344.44996345857015,335.13945919239376,343.7509460449219,4783200
2021-09-24,343.71204092190527,349.4400836035415,342.4790648539374,347.7216796875,3306200
2021-09-27,346.6439697223691,352.0225178807886,344.80906810009753,346.37213134765625,4158000
2021-09-28,345.13923352022067,345.62466141546713,338.8772018202746,340.94512939453125,3266900
2021-09-29,342.5276154838993,346.77025037952166,342.13927910874276,342.89654541015625,2808800
2021-09-30,344.4013894841901,345.62467731750763,337.27531120948464,337.5471496582031,4393300
2021-10-01,339.63440819211024,352.5953366326799,337.0422402808936,349.6827697753906,5227300
2021-10-04,349.4400580897518,350.13907532506687,329.45014432098907,334.16851806640625,7901500
2021-10-05,337.4305950428528,338.4111687527386,332.93552854028337,333.2073669433594,4724100
2021-10-06,330.1006590024411,338.7121443982691,329.2268651620623,338.5276794433594,3712000
2021-10-07,339.25676535060205,347.90829297513324,339.25676535060205,344.0296936035156,3209200
2021-10-08,346.06132798754123,350.3093232503305,344.32129221741565,345.05035400390625,2336700
2021-10-11,344.06858276446997,344.97261229096205,337.2153839371887,337.4584045410156,2769800
2021-10-12,338.9165961942368,340.2289136514423,334.9991044608173,335.6990051269531,3042900
2021-10-13,336.58353490445154,339.7428027410998,327.57234163153566,332.79241943359375,3755700
2021-10-14,334.24078209996566,336.1557854612926,331.3148048171996,334.9601135253906,4083800
2021-10-15,339.2567035803634,346.6542352269707,338.03187045840065,346.061279296875,4053600
2021-10-18,344.0783478583869,349.8914124702723,340.4524987561885,348.43328857421875,3280900
2021-10-19,348.3943112405058,352.1757258533344,347.62635787117154,351.99102783203125,2835400
2021-10-20,351.6021721159907,352.37009575702996,346.0612912604692,346.8097839355469,2796200
2021-10-21,344.700494706146,346.4308005415635,337.57511265994253,346.2655334472656,2516300
2021-10-22,346.722335212986,351.5438851635893,344.99202976802917,348.65679931640625,2774400
2021-10-25,352.34101297458113,354.12964120623593,348.77348682921865,350.7856750488281,2447900
2021-10-26,353.23533029436857,357.09449886066426,346.84874139012976,347.3445129394531,3320100
2021-10-27,338.28467431630196,341.3175666498831,324.4810924061207,326.3475036621094,9652700
2021-10-28,334.5616173063201,340.7051556137679,319.6887385804468,323.73260498046875,9505100
2021-10-29,321.9925345581682,328.70962687360543,321.8661591114955,326.1530456542969,5843700
2021-11-01,325.89066249320535,331.38292275870236,323.58683168382163,324.7241516113281,5126200
2021-11-02,325.7739732513679,326.3960905494021,317.57932589524864,319.30963134765625,5375300
2021-11-03,319.32906376259155,320.3788996864812,314.31311509156285,320.23309326171875,3952500
2021-11-04,321.8273475022447,329.17628853459564,320.13590384739393,326.06561279296875,4819500
2021-11-05,332.87997331422224,340.3844522945164,331.48017197427873,339.0527038574219,7201500
2021-11-08,338.29435989328374,343.29084732932546,337.954125166049,339.90802001953125,3862200
2021-11-09,340.22881410185744,340.42324243329784,330.16775609458284,335.0281677246094,4247800
2021-11-10,340.32605167214354,349.5802653725203,339.7427963033096,347.9471740722656,6337100
2021-11-11,348.3749760190296,349.59980961996354,342.72717833900117,344.44775390625,4472200
2021-11-12,346.1196038735956,353.68240259878564,345.99322843448635,353.3518981933594,4724200
2021-11-15,354.94619811820775,360.76896246931193,350.59125808607786,351.2716979980469,4693200
2021-11-16,354.5864843580155,360.7106212426544,351.8938268048981,359.2427673339844,4969000
2021-11-17,349.54138046618004,357.7263274236842,341.41478574571744,349.1428527832031,11727300
2021-11-18,350.65939033811355,352.3605350014417,334.96023156976963,338.4986267089844,6533700
2021-11-19,336.3405473167537,336.9723950129852,329.66234524225007,330.2358703613281,6954800
2021-11-22,330.31363565600225,331.94675687118917,310.83312288826374,312.3301086425781,11378200
2021-11-23,315.88793326907233,320.4858943538225,312.70923404915874,319.8151550292969,7116200
2021-11-24,317.8223622807411,330.8579615582767,315.9462206454208,330.5080261230469,6414400
2021-11-26,312.6023056258729,317.7446308232512,310.0943456014614,315.1200256347656,6613900
2021-11-29,320.79694794916503,322.5564148605011,309.36524851876237,313.99237060546875,6362200
2021-11-30,309.1222667353664,311.8052242037996,301.45252078347886,306.1282653808594,10237600
2021-12-01,311.8246276030262,313.03000042719475,297.45724923509266,297.72943115234375,8008800
2021-12-02,300.9470228110501,313.20499877380087,300.3637673678593,311.2608337402344,6717600
2021-12-03,311.29964239191486,313.6812560165795,305.2338580185506,313.117431640625,4732900
2021-12-06,315.683717100309,327.35843465296034,313.010490858505,324.024169921875,6055000
2021-12-07,327.88338428321106,332.86047113022914,327.88338428321106,330.0317077636719,4939500
2021-12-08,329.7595827907911,334.42556728729267,324.77279443161154,332.7827453613281,4226900
2021-12-09,330.5566153433542,336.85572011007014,329.54567098490446,334.9018249511719,3389600
2021-12-10,337.3125080290478,340.4717750350836,335.20307669831067,340.1510009765625,3405900
2021-12-13,339.4414537244403,339.7719581787136,330.82878828265876,335.6697692871094,4358300
2021-12-14,335.67948486095366,338.48878743169166,328.42772915691336,331.0426330566406,4518500
2021-12-15,330.50799629260115,336.9140153667535,326.16278703707155,336.68072509765625,4918700
2021-12-16,341.8814105158822,343.89359864731983,335.4850913637232,343.0673522949219,5369900
2021-12-17,339.4414603256322,342.94096294717014,334.5129953696997,339.55810546875,5898200
2021-12-20,331.7133950480256,333.93947209310835,326.84328230318476,327.6112060546875,5013900
2021-12-21,330.8287699096718,342.1729838768619,329.8955791691026,340.9481506347656,3105100
2021-12-22,336.9042789317482,348.6081584236853,336.9042789317482,347.5,3456400
2021-12-23,347.55837937958336,352.3507389024267,345.0892815656742,350.51348876953125,2627000
2021-12-27,349.949724892048,350.9995610138576,345.672567520933,350.2510681152344,2677100
2021-12-28,348.773511965087,353.97415962337925,348.40411584371816,350.70794677734375,1920100
2021-12-29,351.6799852207258,353.01173342181664,350.1343776954422,351.20367431640625,1535200
2021-12-30,351.89383054412406,354.4698429837716,349.0844981547116,350.9120178222656,1558000
2021-12-31,347.9568871880237,353.2352872005534,346.8195377917421,349.28863525390625,1984000
2022-01-03,349.74558011502205,361.9257729714853,349.22064724494436,360.5940246582031,4708200
2022-01-04,361.60493021652195,371.7243117768136,361.27442575332566,364.9100341796875,6854500
2022-01-05,363.5588230612992,371.82152358541964,362.11042975653396,363.46160888671875,5976600
2022-01-06,358.86738987454794,364.25005882351434,356.7357333209064,360.1424865722656,4781100
2022-01-07,356.62872186163156,361.8848501521683,354.40943666977984,359.8018493652344,4551200
2022-01-10,361.02822784001836,361.02822784001836,339.47806695474054,354.2147216796875,6009300
2022-01-11,353.8447728676875,358.25408267577393,346.6029881928202,356.53125,4131200
2022-01-12,359.1106871096967,362.20595828454026,357.29051248243695,357.52410888671875,5783100
2022-01-13,358.78938127540493,367.6177430814914,358.07884913809414,359.6751403808594,3892900
2022-01-14,354.61382698107724,364.79514429965553,354.4483430355486,362.2254943847656,4029900
2022-01-18,360.9115058222934,362.22554537152814,355.47043689013316,356.5411071777344,4933900
2022-01-19,352.7546801292387,359.46110137483674,350.1266016192306,351.11944580078125,4464800
2022-01-20,352.19016789924353,363.1307337526232,352.03445673454553,354.3023681640625,5043200
2022-01-21,352.84229442725865,358.3223050217089,344.6758060994435,345.6199645996094,4867100
2022-01-24,333.4432703054148,340.7726551455424,321.78243031309347,340.11077880859375,7472800
2022-01-25,334.17331284321483,337.79420619397496,324.5078739576769,329.73480224609375,6994400
2022-01-26,334.2122471708407,345.31826746099375,332.15847568922436,335.4776306152344,7438600
2022-01-27,339.779811586918,350.0487567332593,325.4227804946485,341.1911926269531,8416100
2022-01-28,349.48424025124945,372.5722973107475,345.9120323896784,372.3192443847656,8813400
2022-01-31,368.59122118169626,376.251544322723,366.2649108763283,376.0860900878906,6345200
2022-02-01,375.48254234457596,384.96303851585213,372.2315306154579,381.61468505859375,5841100
2022-02-02,378.9185967175589,389.2653984460479,372.55282619695055,386.1798400878906,6115000
2022-02-03,378.1885587280321,382.47132836186034,376.193156830721,379.67779541015625,4209200
2022-02-04,377.2443839948155,377.80891858997205,366.3817046663543,372.0174560546875,6045400
2022-02-07,372.01751378120105,372.21216759736006,363.3643451748152,366.1092224121094,4767500
2022-02-08,367.48158451510557,369.6521538257657,360.6680785729938,364.3960266113281,5825300
2022-02-09,375.32687955874485,378.100956012646,370.4600891850696,371.2095642089844,5492800
2022-02-10,361.816648331989,369.8760516373802,360.6875494519208,364.41552734375,3995000
2022-02-11,367.79307298898937,370.7520898947073,357.8453818428561,359.9186096191406,4345600
2022-02-14,358.993891902719,367.2382350572595,356.98877687049793,364.1916198730469,3678400
2022-02-15,364.60046721271857,372.8642977529832,363.4519117737738,371.37506103515625,5800400
2022-02-16,369.83715246485673,374.74288583303115,366.74188069277835,372.72802734375,3424800
2022-02-17,368.51337566123067,371.1317112772859,362.254690325179,363.7439270019531,3972500
2022-02-18,364.53235211947066,364.8243476681249,359.1691394744427,360.0938415527344,4083800
2022-02-22,355.2757619305796,364.34746796704644,354.10772014652747,358.4781188964844,3897900
2022-02-23,362.0600589690738,363.60769497726824,350.5355011869348,351.606201171875,3802500
2022-02-24,336.72345780258877,360.6680697546095,332.21680565834146,359.5389709472656,7425000
2022-02-25,357.4365694559356,362.66349779944113,352.0636433355648,359.2567443847656,3817900
2022-02-28,352.5405575548863,355.6260859655352,346.184530621596,351.2070617675781,4952400
2022-03-01,348.31615962412155,351.9467658842543,332.1292116388921,335.3023681640625,5894200
2022-03-02,333.82289110367833,339.0401060511323,329.666662642518,334.92279052734375,4997900
2022-03-03,338.36847695406465,340.1886518262756,331.62311253191876,331.9053649902344,3975900
2022-03-04,327.92434034299083,329.8029143606171,315.3680267022342,321.94793701171875,4670900
2022-03-07,320.7993729427303,321.0135129285414,303.79480450640796,304.583251953125,6874300
2022-03-08,303.09395182689326,316.07854355175135,297.4679142571177,305.9555969238281,5048200
2022-03-09,314.54066642048986,320.6728403189535,312.5550075644084,319.38800048828125,4015900
2022-03-10,313.36289832429105,317.4315279134193,311.2312417821649,315.9422912597656,3771300
2022-03-11,321.2373494625313,322.1523083871216,315.3972012823529,316.136962890625,2987700
2022-03-14,320.3321459968927,327.9048705748481,318.541170717003,319.8357238769531,4122700
2022-03-15,323.56367015626506,329.3648753527274,322.385885622761,326.0749206542969,3738900
2022-03-16,332.87867402952605,341.59023951710907,327.71014571911167,335.49700927734375,4340800
2022-03-17,332.499125032574,337.6384544907745,330.69840664928023,337.2101745605469,3244200
2022-03-18,337.4632406623579,343.34230177245587,333.3653819714735,340.7629089355469,6790800
2022-03-21,336.80129621786307,340.67527142657184,333.36534395422757,336.3730163574219,6053800
2022-03-22,337.5411604180806,344.5006657104764,336.30500617936445,340.2178955078125,4669900
2022-03-23,334.25115771012275,337.49245674115974,332.6451228239347,333.06365966796875,2527800
2022-03-24,333.1318150135999,340.14000532667046,331.62312181646155,340.04266357421875,2482700
2022-03-25,341.07438693360837,342.17428624758145,336.44119325865256,339.7214050292969,2173800
2022-03-28,339.2250222761801,341.22039438960485,334.3776885111933,341.1522521972656,3134600
2022-03-29,349.1629828789621,360.8822215139069,347.58614767199936,357.7577209472656,5512400
2022-03-30,354.3120656028995,358.4682936926432,350.0390095978837,352.5892028808594,2614200
2022-03-31,350.00007349410896,354.4191273450585,347.83921744144055,347.85870361328125,4095700
2022-04-01,349.6496514455183,358.08867812202226,348.6276374580288,354.2731018066406,3806800
2022-04-04,354.54572082691817,359.90893396107566,353.4750208766506,357.1348571777344,3027200
2022-04-05,353.6306682921737,357.8355816921805,352.2874295917943,353.6404113769531,2215900
2022-04-06,346.9729251986753,347.5764024020382,340.26647436398093,344.1307067871094,3864500
2022-04-07,342.29825286922227,343.9747533107584,337.06407101129804,340.70947265625,2848500
2022-04-08,338.5163829210474,346.8891583961833,336.9081192144197,343.3606872558594,2235100
2022-04-11,341.7719731837341,342.61020863386466,337.0738687314799,338.58465576171875,1809200
2022-04-12,341.1481414017647,345.5148483201799,335.7677585658438,337.0543518066406,4038500
2022-04-13,335.69953420599654,347.9711170907711,334.1984739995377,346.1581726074219,3048500
2022-04-14,348.1465272336769,353.7706167769527,347.84436984611773,348.7703552246094,3358900
2022-04-18,345.0372236992977,351.63602255772287,344.28670849015185,347.7761535644531,1871400
2022-04-19,347.7858554002214,355.4470822750639,347.06458038435625,354.66729736328125,2999300
2022-04-20,357.3867991837619,362.4845378720051,354.6673527930837,356.05145263671875,3377300
2022-04-21,360.1355032679086,365.7303235838742,354.2677358674968,355.22296142578125,3605300
2022-04-22,351.38254195146004,352.9420820673856,341.7426571051212,342.2982482910156,2968800
2022-04-25,340.4463165201845,346.080132658469,338.3701818458319,345.63177490234375,3380400
2022-04-26,339.14028753026133,341.20666606840257,334.89054037523033,335.4071350097656,3116400
2022-04-27,347.97114001218443,364.28776042016284,346.99643093652,352.4255676269531,5702300
2022-04-28,359.79430384545293,372.30956265037224,359.4629063863377,369.24896240234375,6843300
2022-04-29,362.64043735877146,367.5822186617989,352.600947503686,354.1897277832031,4741800
2022-05-02,353.8193422146306,355.70052331387024,341.72320080248545,349.9595031738281,3903800
2022-05-03,352.44500145223253,354.24821893735043,344.5011295537468,348.7411193847656,2686900
2022-05-04,350.28115645642333,359.9015291943874,344.7155765877177,359.1997375488281,3346600
2022-05-05,352.9420802912398,358.4686628093142,340.20262849152687,344.432861328125,3424800
2022-05-06,337.4930112969197,342.37631319562803,332.16135156039144,338.34100341796875,3635200
2022-05-09,332.3757355146872,333.7305951661553,316.6731893846097,319.69476318359375,5777400
2022-05-10,323.90552998573656,325.2408764928252,314.87971555690945,317.10205078125,5003500
2022-05-11,317.2482359633569,322.62861791620765,310.49348126546926,317.62835693359375,4263900
2022-05-12,313.63210361236946,317.34574251549594,304.85972262940777,313.1155090332031,3891500
2022-05-13,319.38291593439317,326.7517137058532,317.84285903354476,324.3831481933594,3536000
2022-05-16,320.23090202004147,325.11417386510317,316.80966392388564,321.39080810546875,2062300
2022-05-17,331.5082727578553,332.551218555296,324.1199914243859,330.2898864746094,2802300
2022-05-18,325.1824192576769,332.9606079640388,325.1239390960001,327.4047546386719,4521400
2022-05-19,321.6539549897416,327.70688926846395,316.22481897411495,323.81781005859375,4380700
2022-05-20,327.20986251848745,331.02094899019136,319.40243297164096,327.6777038574219,3428700
2022-05-23,330.455570294596,342.41523826386293,330.38733352990613,339.6178283691406,3420800
2022-05-24,335.1926582625446,335.2998619636985,327.4827072856911,332.0735778808594,2561500
2022-05-25,331.9664340536784,338.94535523881206,330.6310872580522,336.0407409667969,3033400
2022-05-26,339.19877060976546,344.31599344224037,337.25910899762334,341.0409851074219,2817400
2022-05-27,344.4523970987957,348.7411103675389,343.20474113402855,348.7313537597656,2658700
2022-05-31,344.1599239240792,351.8406339671779,342.2592596264327,348.81903076171875,3873800
2022-06-01,349.1407540021163,355.2229282655173,345.8754731058747,348.0295715332031,2190000
2022-06-02,351.3728460679326,355.8175168317011,348.71190947329677,353.8973388671875,2484200
2022-06-03,350.3883756121151,351.82119892392257,346.7721840778,348.7703552246094,2076600
2022-06-06,352.84468287107575,358.99509471494116,349.4624412128403,351.03173828125,2196100
2022-06-07,347.90288470637233,355.26195568310345,347.3180533429735,354.8135681152344,2158800
2022-06-08,355.76880708043547,357.8351855293619,351.8504873657218,353.16632080078125,1709600
2022-06-09,350.66127800057643,353.04929692147135,340.11492072546423,340.17340087890625,2250600
2022-06-10,332.6974162487445,335.602059832804,326.13764359049435,326.2838439941406,3300500
2022-06-13,313.85626348160395,322.5311666783731,309.879464287112,311.6534118652344,4825100
2022-06-14,312.00435267179455,315.8057117717474,311.575478337876,313.9927673339844,2788400
2022-06-15,319.1294236014157,322.2679872435313,311.35123638075873,317.1605224609375,2357800
2022-06-16,308.09579369902826,308.44670444037473,297.36423706429,300.9706726074219,4528500
2022-06-17,299.23562774232397,306.19506346028675,295.97034702790666,302.8323059082031,6235300
2022-06-21,308.0566958010808,312.13100107889557,306.91630319431835,309.37255859375,3193700
2022-06-22,305.542022931397,310.9711590495491,303.4853715307398,308.15423583984375,2671500
2022-06-23,310.8347329018545,311.8874354107169,305.6103062885019,308.7488708496094,2387600
2022-06-24,311.1466399680784,322.4435148630939,311.1466399680784,322.141357421875,4318900
2022-06-27,323.5741195567949,323.5741195567949,318.84677537202083,320.5135192871094,2810800
2022-06-28,324.28567149418626,328.623108366305,310.074398699178,310.2401123046875,3394200
2022-06-29,311.03930763467093,317.86226916326115,310.3570293292629,314.4313049316406,3779500
2022-06-30,307.32571996781127,310.2401199547724,301.85761703750006,307.5011901855469,3411500
2022-07-01,306.15606590951944,310.87365333082226,303.4366197988253,310.19134521484375,2287700
2022-07-05,305.16182377063274,312.2089792359992,301.63338260741347,311.185546875,2112100
2022-07-06,310.9321786720865,314.2071867149317,307.73513426303145,312.0726013183594,2219200
2022-07-07,314.679053372342,317.129302724923,311.91638210819565,316.3581237792969,2202100
2022-07-08,315.09876521463815,317.24642347262915,311.75039647766164,315.3721008300781,1662100
2022-07-11,311.7796561080652,318.4568797081789,311.55511873840493,316.4751892089844,2073800
2022-07-12,312.5899479435913,319.56979329364685,312.5899479435913,315.1768798828125,2761500
2022-07-13,308.4312748008881,317.19755654373785,306.34218658880206,315.6746826171875,2442600
2022-07-14,308.6363121038001,319.7845325265387,307.88464659650174,317.29522705078125,2743900
2022-07-15,325.69056488441703,327.58440081575264,321.9126645835749,324.6557922363281,3387400
2022-07-18,327.51607610024064,329.47825348134546,321.9419658292031,323.1329345703125,2468500
2022-07-19,323.88464659472316,333.8712145167126,323.88464659472316,332.2799987792969,2689800
2022-07-20,332.28002892707497,335.14029697190296,328.2873616670406,333.1488342285156,2563600
2022-07-21,333.7345245082042,338.96698823123694,331.9675994103428,338.66436767578125,2230800
2022-07-22,340.57770069482507,342.73510094073066,332.299488693078,335.6966857910156,2253000
2022-07-25,336.2531688648122,337.31722666617026,332.01642120508905,336.01885986328125,2180100
2022-07-26,334.4958401618868,336.42873218056195,331.2255552469499,333.158447265625,2254200
2022-07-27,334.84743425922017,340.6167981447584,323.35750472651375,335.1012268066406,4580300
2022-07-28,339.71856880053326,344.8534049771279,332.5141874886654,344.06268310546875,3635500
2022-07-29,345.7027550370164,348.3092002272459,341.6319756321869,345.370849609375,3176800
2022-08-01,339.5331667261548,346.3958726988707,337.4343362116804,342.1982116699219,2289400
2022-08-02,338.82040452469323,342.79355648205376,335.7942001260558,340.7044982910156,2878800
2022-08-03,341.6710358000064,347.9968417019897,340.2457878208187,345.7027587890625,2921200
2022-08-04,346.2299403740781,350.07615288885705,341.329382116605,347.59661865234375,2339500
2022-08-05,342.06150100620135,349.3146816323792,342.06150100620135,349.0023193359375,1848700
2022-08-08,350.45685713490934,350.45685713490934,341.5636626088546,343.7796325683594,2477600
2022-08-09,342.06149441912703,342.7643617074469,337.13168162988495,338.2933654785156,2467400
2022-08-10,345.9077886858117,346.1127829868212,342.69607227701505,344.97064208984375,2443700
2022-08-11,347.3818216880808,347.3818216880808,342.01270552533254,342.2372131347656,2609400
2022-08-12,346.29823309284916,346.99135865341964,341.92486284047476,345.83941650390625,2514200
2022-08-15,343.94558555264393,353.3366833191755,342.4715392993163,351.38427734375,2526300
2022-08-16,345.8394260697051,351.4330799843424,344.69728524291276,350.700927734375,2448700
2022-08-17,345.08770740088875,348.46536091958626,343.3793524137556,346.8741455078125,2439900
2022-08-18,345.88819975704473,350.96443668455396,345.1560476220951,348.8558349609375,1934900
2022-08-19,348.14326503423314,348.27991795659835,345.1463148087923,345.84918212890625,1740700
2022-08-22,341.671044700818,342.6472476856775,336.08716243576777,337.28790283203125,2312400
2022-08-23,334.53495471486883,336.9949751548139,331.2939541255667,332.7778015136719,2240700
2022-08-24,332.0847321327872,334.14453597130193,330.29829373622744,331.62591552734375,2218400
2022-08-25,331.90898436154583,336.91690998044015,329.2927677523843,336.4678649902344,2228500
2022-08-26,336.838763257178,337.4147491239095,323.8064797476397,324.0602722167969,1925000
2022-08-29,322.137205575429,324.89010507544367,319.9700338102993,321.512451171875,2308200
2022-08-30,323.1231224767676,325.04624315869097,317.82234849361225,320.009033203125,2618900
2022-08-31,320.4776685388728,323.298879517779,316.56308525258385,316.65093994140625,3129000
2022-09-01,316.10427513308565,317.8614285280849,311.6137356008822,317.510009765625,2493200
2022-09-02,321.57099845880174,321.82482074413474,312.9023120050227,314.8840026855469,1936800
2022-09-06,314.82544086781115,319.2085824337934,312.9316048247093,316.3678283691406,2043400
2022-09-07,316.3678651038029,321.3660496460821,314.3861741429935,320.7998352050781,1998300
2022-09-08,316.8070990476827,322.43003680751355,315.782098006247,322.21527099609375,2114000
2022-09-09,322.6741224317936,328.99989830483713,322.2933889920684,327.8577575683594,1815700
2022-09-12,330.0445354804026,331.4014722248309,327.945704563969,330.36669921875,2097800
2022-09-13,322.1470096918441,324.8803663423852,316.8559760002251,317.6955261230469,2316900
2022-09-14,319.2573562652805,320.66309061107006,315.65516572811276,318.0956726074219,2657900
2022-09-15,315.8894657671284,318.18354834381563,307.6698547366308,309.417236328125,2486800
2022-09-16,305.4051177033687,308.11896088010644,301.75409818705344,307.630859375,3650900
2022-09-19,304.5264572061279,307.94316680226046,302.8669006286118,306.55694580078125,2369700
2022-09-20,303.7553200252202,306.8889232204891,302.0762497234799,305.8150939941406,2769600
2022-09-21,306.9962998835985,307.48440133545347,296.98044855830267,297.2537841796875,2366300
2022-09-22,295.7406852957917,295.86756665012894,289.53201925901215,291.2598876953125,3176500
2022-09-23,286.15438498002294,287.56011965790105,283.33314406121116,286.5936584472656,3245900
2022-09-26,283.14766799632594,288.3117902035794,282.23980635701054,283.20623779296875,3635600
2022-09-27,288.43865157077465,290.81081729938836,278.02255425929536,279.66259765625,4073300
2022-09-28,278.32518052867647,286.0079219902233,274.9865834616516,283.2745361328125,5611400
2022-09-29,281.48809588685094,285.1195716563939,278.0713859345359,279.9456787109375,3439700
2022-09-30,280.0335681090443,283.8407835038434,277.57354736328125,277.57354736328125,3804200
2022-10-03,280.9999950793961,285.783383064825,278.1397278915569,283.5674133300781,5285200
2022-10-04,289.14154917998525,296.7364068089469,288.9365549055824,294.10064697265625,3949200
2022-10-05,290.8889243071724,299.3037877702347,290.17628553035473,296.9609069824219,2845200
2022-10-06,295.8560376169526,298.27115033588893,292.21870246615407,292.58050537109375,2494400
2022-10-07,290.06754685931446,290.58576786602686,286.47908943740947,288.41510009765625,2210800
2022-10-10,290.43917262648057,290.6444976423607,283.10583795089536,285.2960510253906,1783500
2022-10-11,283.3894205249786,283.9370037266378,278.0996671332876,279.69342041015625,3554900
2022-10-12,280.1724843430931,281.10135543291443,276.9164672664404,277.08270263671875,2646800
2022-10-13,271.1182824386464,288.86494715716265,270.7173898782237,287.4276123046875,3322800
2022-10-14,289.28533916575236,291.98401556905463,281.44357158380376,282.2746887207031,3106300
2022-10-17,288.85514189554,292.09158415064593,284.8657916083045,288.48358154296875,3417600
2022-10-18,296.4329649892308,296.95118612796193,289.9600496602019,293.7049560546875,3096000
2022-10-19,288.89425087833513,292.9813851910132,288.23915639336724,291.1431579589844,1914300
2022-10-20,291.13331833960393,296.0026621643475,289.0408596800071,289.69598388671875,2463800
2022-10-21,287.9653164603568,295.98307559883796,286.9777514468019,295.650634765625,3599600
2022-10-24,297.75294302078424,300.1778431801952,293.8222862398979,298.8089599609375,3184100
2022-10-25,299.1119989173931,305.16444565462905,299.06309212562087,304.4897766113281,3012400
2022-10-26,305.3502630566012,317.2400456797946,305.3502630566012,312.4098205566406,5278000
2022-10-27,309.1537444319312,315.9004045592942,307.0808604929149,312.2728576660156,4725800
2022-10-28,312.21427110099387,324.42670800212267,310.75739152149487,322.14849853515625,3644400
2022-10-31,321.57160246598767,322.1191557061374,316.58492917802596,320.88714599609375,3157900
2022-11-01,324.8373818604954,326.22583963659883,319.82137635528403,325.78582763671875,3660400
2022-11-02,324.0552134917151,325.6000896767534,312.52720196163625,312.7129821777344,3074900
2022-11-03,308.1174135790588,309.73074138968195,301.74231145102857,302.2996520996094,2860900
2022-11-04,306.8658330267146,315.9493986787276,306.27916027969417,311.295166015625,3414000
2022-11-07,315.2845000978026,318.56003223601823,310.64981249768795,317.9049377441406,2742100
2022-11-08,318.9804830325086,322.08002214857356,315.0987037222887,318.5111389160156,2387500
2022-11-09,315.1182535730787,316.4969239628593,308.1466925232164,308.6258239746094,3001200
2022-11-10,323.8204825657428,329.9022623875674,321.8453819206229,329.775146484375,3255000
2022-11-11,331.4667107099346,335.0160492891879,328.88536271069086,331.7502746582031,3734700
2022-11-14,329.25693048165226,336.8542840922562,328.5529291787279,331.8284912109375,2348900
2022-11-15,338.8880689496659,343.41518580399713,331.9458392737536,335.87652587890625,2983600
2022-11-16,335.534324252124,337.4605482330963,332.5423257613941,335.1432189941406,2579600
2022-11-17,331.4667643470046,334.3218894288362,329.51120821516383,333.6863098144531,2004500
2022-11-18,337.97865251395007,340.8826535551561,333.7448582482464,336.05242919921875,2737700
2022-11-21,335.37787474232607,336.60009731791763,330.11742400267303,330.7334289550781,1965100
2022-11-22,332.27824516937227,337.6462660429937,330.0587001150212,337.29425048828125,2510700
2022-11-23,336.9715274818192,343.00439907255327,336.5021834520501,340.8924255371094,1937300
2022-11-25,341.205342493726,343.59112278112815,340.3448932308057,343.48358154296875,944400
2022-11-28,338.97604742107035,342.4471769947548,335.6027314482055,336.9324951171875,2226200
2022-11-29,336.01337762596415,337.0596071661386,333.1778276141521,335.50494384765625,1724200
2022-11-30,335.2311627459492,348.48004150390625,333.8916117822185,348.48004150390625,4252300
2022-12-01,350.0346732673355,353.5448920707768,346.18222625800087,352.7822265625,3374700
2022-12-02,349.5066691768952,354.23910991298544,348.14754377952045,352.05865478515625,2015500
2022-12-05,348.08897499450865,350.924525283603,346.5734309998219,348.1769714355469,2202500
2022-12-06,345.95735982718713,347.1111305079803,336.6978025606232,339.80712890625,2353300
2022-12-07,339.1715765806043,340.12002226406804,333.8817949686478,339.6995849609375,2454300
2022-12-08,342.22231955310525,344.3441110636785,339.50409775137445,343.3663330078125,1998600
2022-12-09,340.6577487805927,344.9306326063186,339.6408516054139,341.07818603515625,2301100
2022-12-12,342.52537405977347,350.4747131679939,341.3422711547802,350.2107238769531,2427100
2022-12-13,361.0347104035779,361.0542850592447,347.83470845537465,349.21337890625,3072200
2022-12-14,349.06669240030294,354.0533654024754,345.9084592030643,349.56536865234375,2587200
2022-12-15,343.6107279766176,345.9378143489253,334.9476001342819,338.55560302734375,2774900
2022-12-16,337.1085249717329,340.5014159727967,335.74942900915033,338.1547546386719,5947100
2022-12-19,337.6852867535613,338.1644181097027,331.99464330843574,333.6764221191406,2457300
2022-12-20,333.78398239985864,336.717315620477,333.05064909470406,335.3288879394531,1895900
2022-12-21,336.00362381021415,339.8756160766706,334.76182673589403,338.008056640625,2087000
2022-12-22,336.5414361906266,337.92010684960695,328.9538688212888,333.9307556152344,2276100
2022-12-23,331.48623824518495,336.88359111153824,330.1858068250802,335.9644775390625,1914500
2022-12-27,336.45337031131595,339.20092373295415,334.2142506387958,338.46759033203125,1637700
2022-12-28,338.8488893243675,341.7431331366325,334.18489989627454,334.35113525390625,1854100
2022-12-29,336.72713936023797,341.94846947684545,335.90580955037507,340.4720153808594,1459800
2022-12-30,337.65605556640514,340.16895212799835,335.984063581275,340.00274658203125,1617600
2023-01-03,342.1831965117249,346.778765262196,336.2969834189116,339.0934143066406,2933600
2023-01-04,343.5813577210793,349.04713207824165,341.9191235143999,347.2577819824219,2661000
2023-01-05,348.2062819840555,349.61428463216583,343.46405291503225,343.95294189453125,2608500
2023-01-06,349.93686364463656,361.11142053633847,347.98793709329806,360.0830993652344,4432800
2023-01-09,363.96135629771237,367.2618109904248,361.934063927963,363.3149719238281,3913500
2023-01-10,361.1995115683728,364.01028362280186,359.63252198858396,363.3541259765625,3485900
2023-01-11,364.93094268596946,370.1215945663456,363.59902077386505,370.06280517578125,3370200
2023-01-12,370.06273054533096,373.26527223691824,369.1421552257608,371.9725036621094,3291200
2023-01-13,367.32058817191177,370.0726010837207,366.58606451457104,367.7710876464844,4261000
2023-01-17,367.2618408203125,370.52311281614504,366.2628993729055,367.2618408203125,2814500
2023-01-18,366.7818962554854,368.05505845510845,360.8959046374524,361.3072509765625,2747100
2023-01-19,357.07636818341274,363.1484112646326,356.09700350374777,360.3474426269531,3111200
2023-01-20,362.5902358531209,368.84836130041634,361.7773463427141,368.515380859375,3863400
2023-01-23,368.96589383018795,373.51016095479247,368.5937304154161,370.7581481933594,2743900
2023-01-24,381.95227128320147,381.95227128320147,367.47726076187996,372.1684265136719,2756200
2023-01-25,367.35972075685726,374.66577336467765,367.35972075685726,374.4992980957031,3501900
2023-01-26,375.4981983201466,376.18373563199617,365.30300888248905,369.45550537109375,3718400
2023-01-27,368.42722955292015,372.6678657911723,365.6752169825584,366.3117980957031,3405600
2023-01-30,361.8361342841438,366.0278147065419,361.77737478333137,363.4618835449219,2688600
2023-01-31,362.3551781226985,364.793816834334,359.44646342836097,362.9526062011719,3137400
2023-02-01,360.9644689046752,369.00504504056056,359.42685909188174,366.3607482910156,2951900
2023-02-02,371.68857277514337,372.61898142705155,365.107239156164,367.2030944824219,2761600
2023-02-03,363.14843500776874,370.41533455665126,362.8448343282498,366.19427490234375,2739600
2023-02-06,362.36499733542934,366.60563401846036,361.43458876551176,365.2737121582031,2068300
2023-02-07,363.8438235827974,369.28908943742675,361.22890643648105,367.320556640625,2309100
2023-02-08,365.4695796115237,368.0355106338677,362.50210543019455,362.707763671875,2193600
2023-02-09,365.5968515444922,366.8406639131187,361.63043623690805,362.77630615234375,2287600
2023-02-10,362.0124185578778,362.60981673895424,355.43108591473214,359.2603759765625,2270700
2023-02-13,360.95467865076915,363.48145650443456,359.4954347018755,363.1778259277344,2286400
2023-02-14,361.9536727312723,365.70465709909445,360.14187154581407,362.3258361816406,1841400
2023-02-15,358.72176960992107,362.1691232524897,357.4779869630721,362.012451171875,2203300
2023-02-16,357.37017413385485,365.38137023101586,357.37017413385485,359.9654846191406,2792700
2023-02-17,356.54757144084044,359.13310903843694,352.3754675391933,353.67803955078125,2718900
2023-02-21,349.3981642433777,354.3047611271343,347.8605544723413,348.6146545410156,2730900
2023-02-22,348.02704779984026,350.35794071760927,345.92141953716214,347.6451110839844,2109300
2023-02-23,350.3579915873052,350.3579915873052,344.403466114933,348.193603515625,1975500
2023-02-24,343.58075545698654,346.6951282495362,342.37612603141207,345.8332824707031,2016100
2023-02-27,348.3012942317851,350.64196044392276,347.4982079632524,348.14459228515625,2200800
2023-02-28,347.48839027345053,350.41668119147835,345.95078050607015,347.95849609375,2732900
2023-03-01,346.695187839794,347.97815351676104,342.18032982454355,346.20550537109375,1968100
2023-03-02,346.3327570681048,349.26104807050706,344.4327870854283,348.23272705078125,2526000
2023-03-03,350.7301169539574,354.2264564586533,349.7213724067365,354.0403747558594,2174900
2023-03-06,354.3537973627117,360.92532714063157,353.8053554374875,359.35833740234375,2789400
2023-03-07,359.5933916010047,361.5325148028554,352.1306066188883,352.5125732421875,1660800
2023-03-08,351.2100220117685,354.2362857641908,349.90747988410624,351.6213684082031,1634400
2023-03-09,351.83681049379686,356.508369911085,346.6070059577579,347.1260681152344,2414700
2023-03-10,345.1379784188357,345.7647563957649,338.10614580503403,339.94732666015625,3176400
2023-03-13,336.539131440675,342.6405550243359,333.1896906696991,337.5968322753906,3308200
2023-03-14,343.7570386688032,348.761578361379,341.36738620839736,345.53948974609375,3413300
2023-03-15,338.9092292129076,341.2107428244746,336.54898598317646,340.8973388671875,3082600
2023-03-16,339.4674414438677,341.4947338679099,333.25827184631004,340.8189697265625,3768100
2023-03-17,343.02246266012975,344.6775912806945,339.7024022085639,342.44464111328125,8426800
2023-03-20,340.81895612272655,346.53844306422207,340.17257175733204,342.1117248535156,3864200
2023-03-21,347.0574720338995,348.8497262137997,343.5905125466192,347.25335693359375,3766800
2023-03-22,347.2925509586969,352.57134178322707,343.78643798828125,343.78643798828125,2596400
2023-03-23,345.13791815264966,352.43416724845724,344.57967309953466,347.0574645996094,2598100
2023-03-24,343.21841064889463,345.1477605258941,339.16382597717137,344.3740539550781,2971500
2023-03-27,348.232746153725,350.504879643524,346.9693572038513,347.3023376464844,2420300
2023-03-28,348.2229093665479,348.55588977707555,345.51985323800346,347.0182800292969,1695900
2023-03-29,350.0053642860521,352.600674785863,348.4775577319054,352.1109924316406,2327000
2023-03-30,353.5017476073057,355.10789038802545,350.8476473967793,351.84661865234375,2480500
2023-03-31,353.67799925797067,356.14598768445643,352.9434756906765,355.91094970703125,3376600
2023-04-03,355.12744286431484,359.09388809274316,354.28520351311477,358.9078063964844,2978000
2023-04-04,359.23095975593293,361.50309303143973,355.8815492214436,356.39080810546875,2198700
2023-04-05,356.5380555258314,358.1565368664852,354.7037447427059,356.8421325683594,2239600
2023-04-06,354.3113318285257,355.12549662878024,349.1714188620241,354.5663757324219,2357600
2023-04-10,352.839999991246,354.0367007805705,350.7506754223265,353.2618103027344,1559100
2023-04-11,356.47913613936004,358.2153205300289,354.26228979312344,357.1755676269531,3033800
2023-04-12,359.0883780408212,361.56026877317385,354.1348378522889,354.8705139160156,2268800
2023-04-13,356.8714776494858,362.68821451401675,356.4496973226888,362.5901184082031,2611700
2023-04-14,362.9334642544535,366.2587338766988,362.0604477690626,365.3170471191406,2254600
2023-04-17,366.2292944191727,366.95518173564056,361.3542437032382,365.6407775878906,2432700
2023-04-18,366.80804133771665,366.80804133771665,362.8942249206965,365.20916748046875,2087800
2023-04-19,365.8663357844329,367.0041847896724,364.07129972647107,365.6799621582031,1795300
2023-04-20,364.35582481569054,368.02438634985685,362.6294288303256,367.8380126953125,2124800
2023-04-21,368.5442381765882,370.22157102033543,366.1312293567566,368.0733947753906,3537800
2023-04-24,367.9851124125068,370.4275769766133,366.48433463841485,367.5731506347656,1886300
2023-04-25,366.3665962487054,367.4259563677824,361.28553524410245,361.49151611328125,2245000
2023-04-26,362.5803716330131,365.1110838208425,359.09815405014047,359.75537109375,2594200
2023-04-27,359.57874003048437,367.8183338590429,354.1053246381066,366.5333557128906,3859900
2023-04-28,365.415152033328,374.6356180630481,364.4146435058951,372.77191162109375,3107300
2023-05-01,373.22310563137614,375.1554822840064,371.722327921903,372.6051330566406,1745100
2023-05-02,370.5550557209453,371.60462724642014,363.85551333149516,368.8482971191406,2478700
2023-05-03,369.476113175328,372.3010838302207,367.180777745208,367.7398986816406,1970900
2023-05-04,367.3474988032163,369.65262260641725,365.032586343647,368.9365539550781,2814900
2023-05-05,373.3015940618879,377.79410859352373,371.01607739717315,377.3134765625,2683100
2023-05-08,376.675895451718,380.0599867751706,376.44045879806384,378.1472473144531,1719600
2023-05-09,376.5483617892741,378.7946339449104,375.3909055442571,375.6263122558594,2036400
2023-05-10,378.61800808907634,379.37332109844874,370.4372964623189,375.2339172363281,1940800
2023-05-11,374.9102019371483,378.3531743854144,372.0165616461311,376.06768798828125,1901200
2023-05-12,377.1466867501398,377.666563180399,371.5653566170239,374.62579345703125,2044000
2023-05-15,374.57671464922777,376.3325360767403,373.26231070991054,376.0873107910156,1957400
2023-05-16,375.2928172286898,376.2737184603723,370.1136599227951,372.9778747558594,2762700
2023-05-17,374.9004508592477,380.1188224962689,371.88907698894195,379.6087646484375,3260300
2023-05-18,379.71660894007647,384.5328369140625,378.4414494890453,384.5328369140625,3729500
2023-05-19,384.5133038022193,384.7094960331539,377.78433535435164,378.20611572265625,3369100
2023-05-22,377.63718033549003,379.97173020932667,376.84265268057686,377.18597412109375,1808800
2023-05-23,374.2334389582899,374.73370818136675,363.3650661391608,366.6118469238281,3979000
2023-05-24,362.3155070237684,362.5509137557655,358.5978827290768,361.4621276855469,2655700
2023-05-25,360.8833927735035,363.9045555383977,357.9406889395658,362.97271728515625,3752200
2023-05-26,363.9143385094555,368.5049488567224,362.9824704126963,367.219970703125,2691300
2023-05-30,369.09360649353846,369.4369279973665,359.2061327786622,360.4812927246094,3430100
2023-05-31,358.0290072506631,358.71565019736653,351.01556830105596,358.0486145019531,10695300
2023-06-01,360.14773773114075,364.0026727931447,359.0589216832889,363.79669189453125,3389700
2023-06-02,367.43575421472843,368.64227339268905,365.04235303982045,366.5921936035156,2501500
2023-06-05,365.63093247627353,365.67996556374663,361.4915280996761,363.4435119628906,2316200
2023-06-06,365.82711940442744,373.1152082335228,364.7088776528084,372.7032165527344,2758700
2023-06-07,372.0460188932334,373.23290094552806,361.2266800185354,364.2969055175781,3714500
2023-06-08,362.3056116401889,362.7077846785971,358.8626691755427,360.5694274902344,2594700
2023-06-09,363.38473470551185,365.003216075078,360.7363188102407,362.1684265136719,2201800
2023-06-12,363.5906929242986,368.7894577672268,362.8746242088746,368.1420593261719,2407500
2023-06-13,368.14201324529546,369.97629363131904,362.7470568465307,364.2870788574219,2444100
2023-06-14,365.8074731237008,370.85910825864494,364.9148494498014,367.6025390625,2775400
2023-06-15,366.14099249449134,372.32068822372025,363.4435141035271,371.8008117675781,2558100
2023-06-16,374.3216793484118,375.58705023346374,368.9757859579787,369.3387145996094,5886900
2023-06-20,367.84783690380965,372.2618931235401,366.61189158317006,367.46527099609375,3961700
2023-06-21,366.81778947823256,371.1632043682117,366.52353110407046,368.9561767578125,2301300
2023-06-22,367.94587625351386,371.2515388154382,366.80805707577304,370.5845031738281,1933300
2023-06-23,367.8183515702956,373.8410695166205,366.09195583779507,372.55609130859375,3739700
2023-06-26,370.83952270605397,372.73265492669304,368.1812887108456,370.2117614746094,3327800
2023-06-27,373.0759418488404,375.52819473731523,371.77135648345194,374.4982604980469,2197300
2023-06-28,373.90973539507206,374.11571626786673,371.43787511734774,372.96807861328125,2012400
2023-06-29,373.57629763097816,380.59955512408175,373.232976160047,380.26605224609375,2524600
2023-06-30,380.6878136903502,387.6227933056654,380.6878136903502,385.7884826660156,4407100
2023-07-03,383.86589553885284,386.77917347876553,381.2566945947954,386.43585205078125,1304600
2023-07-05,381.38424358417706,387.7012505418642,379.73633653471074,387.1911926269531,2781800
2023-07-06,386.86698204627737,387.2402683555705,382.84929778208095,386.189208984375,2156600
2023-07-07,383.75307906076785,385.51143999922976,381.5330265902412,381.8080749511719,2654400
2023-07-10,381.61157212307205,386.47403670573266,381.1498806597792,385.22650146484375,2148600
2023-07-11,386.66066510964,391.4150887323014,385.4032971266057,390.7667541503906,2106200
2023-07-12,391.9455596844128,396.0418460173072,391.6606785780151,393.6056823730469,2273400
2023-07-13,395.8748287119397,396.1105758407877,393.37972834556797,393.47796630859375,2354900
2023-07-14,395.01040508571975,396.3561783195227,393.22257598214804,395.3935241699219,1978500
2023-07-17,394.84343983519653,396.8571833535797,394.0280976460611,395.0890197753906,2344500
2023-07-18,393.34050520885904,394.8336205040502,388.222597496577,391.1204528808594,2676200
2023-07-19,390.9633000577525,392.78059777473106,389.30317711403933,391.228515625,1809700
2023-07-20,390.11846892242795,392.6528406157555,388.55655418323926,391.0221862792969,2570700
2023-07-21,391.62144039865973,394.41122498017114,390.39354067204266,390.4622802734375,1868100
2023-07-24,390.45248441517975,397.75111332546516,389.59784100869456,397.63323974609375,3029800
2023-07-25,396.2383169184757,397.70196376836645,393.91022388303173,394.1852722167969,2490500
2023-07-26,392.122354277761,396.1793392658399,388.75300504217637,395.2952575683594,2572300
2023-07-27,398.0261158040372,398.0261158040372,386.9848521309273,387.5251159667969,3563300
2023-07-28,390.92395835709084,390.96325954083994,382.00450823930186,386.0123596191406,4501000
2023-07-31,387.0045347723656,389.07721517145137,385.53105506487555,387.3090515136719,3578300
2023-08-01,386.8179030048758,390.27565802821283,385.4229956503689,390.04974365234375,2344200
2023-08-02,386.9160983429329,387.24025066207525,382.69210553574544,383.12432861328125,2410600
2023-08-03,380.7078383136867,386.4838832159241,379.58800939195754,386.0614929199219,2190500
2023-08-04,384.68619938472074,389.0870023877014,383.1734486463987,384.4308166503906,2215800
2023-08-07,386.05160782662426,390.71762598737865,386.05160782662426,389.8531799316406,1559800
2023-08-08,389.175407529683,389.37188345885994,383.23238539730323,386.23828125,1747000
2023-08-09,386.89645204458753,389.77467176753606,384.94164528604915,386.7098388671875,1806100
2023-08-10,389.4504995085728,393.5467862648435,388.7137596585834,390.1184997558594,2154500
2023-08-11,388.75301843779954,389.6567657455318,385.86499614263545,387.99664306640625,1464600
2023-08-14,389.4407039879204,392.17155188389563,387.6332091414422,391.53302001953125,1638500
2023-08-15,390.4622742057241,390.4622742057241,386.6312331138168,387.4760437011719,1753200
2023-08-16,386.4839107035856,392.1420824352237,386.16956116782313,387.3974609375,2002000
2023-08-17,389.1361291570586,389.204868750788,384.0771588651249,385.6783447265625,2118600
2023-08-18,382.9279011799756,386.87681587611536,381.95538421946276,385.2363586425781,2001800
2023-08-21,386.257910721847,388.0064385429087,384.1066282369767,386.24810791015625,1869400
2023-08-22,388.0163370759505,391.7196720832962,386.71966769150293,390.8061218261719,2422500
2023-08-23,392.2108164073185,394.8139878640722,391.31690179046666,393.96917724609375,1943200
2023-08-24,394.48977566417636,396.8571698041824,390.4720915771349,390.63909912109375,1970000
2023-08-25,393.5663682308337,397.4661785044058,391.9455467773578,395.76678466796875,2154600
2023-08-28,396.85717632709594,400.58997936074695,396.0221985496157,400.2363586425781,1901300
2023-08-29,400.2166941781023,404.9023482240497,399.4013520622013,404.37188720703125,2188800
2023-08-30,407.44659338468927,410.3935526974609,406.20886088035866,406.59197998046875,2516600
2023-08-31,406.8866711889011,408.9299131366134,404.49964129764055,405.3444519042969,2535100
2023-09-01,406.52317138217506,409.1459781091241,405.1970338231114,408.22259521484375,1841700
2023-09-05,406.0418457435365,408.0555890964283,402.456384906964,404.22454833984375,2045600
2023-09-06,403.5173164624459,406.07135387613283,401.6607476740256,405.8748779296875,2292100
2023-09-07,404.6371529317201,408.77271056601444,404.4505097863654,407.2893981933594,2502700
2023-09-08,407.6626984398473,408.9691705240366,406.54283952938226,407.5055236816406,1868900
2023-09-11,409.4800507557933,410.2069578789646,407.3091322000897,409.3228759765625,1544700
2023-09-12,408.5959282535289,410.2658539081298,407.9082924099738,408.9102478027344,1997600
2023-09-13,408.81208189659486,411.0124688576845,407.63328603714024,408.93975830078125,2142200
2023-09-14,410.90427927469307,411.19899314335686,400.57028780974474,406.031982421875,3557700
2023-09-15,404.5781377424962,410.9042783909431,403.87089640646104,406.9848327636719,4755500
2023-09-18,406.5624962651985,410.5016079911248,405.73735128608035,409.7550354003906,1808000
2023-09-19,409.587977003945,409.7255161390652,403.8315984673779,406.2186279296875,1730900
2023-09-20,406.4544103540712,408.49765211211684,402.8296482728432,403.2618713378906,1580000
2023-09-21,401.1204174235726,401.5428076942913,394.99075216917913,396.22845458984375,2450700
2023-09-22,397.2403202625021,399.6568185885248,394.4603384271563,395.1086730957031,1885000
2023-09-25,393.5172717163762,396.1007772838166,392.77069916298166,395.37384033203125,1846500
2023-09-26,392.9278998491179,393.76287763190123,386.6508622595788,388.38958740234375,2940400
2023-09-27,389.20489771413787,390.01040709964155,384.5585445069184,388.4878234863281,1987500
2023-09-28,388.83167817598473,394.25410328451875,388.3798194096151,392.37786865234375,2216200
2023-09-29,394.92197839200344,395.06932034789276,387.27953250702853,388.9101867675781,3032300
2023-10-02,386.6410683542285,389.3522505405918,385.5114066117421,388.8512878417969,2856800
2023-10-03,387.5251479719381,390.8257279986753,382.09292086108474,384.1459655761719,2527900
2023-10-04,385.0693254945776,387.4956563721973,381.7097789032509,386.7982177734375,1813400
2023-10-05,384.04371746901785,388.303314480743,383.66004301569404,387.7917785644531,2116600
2023-10-06,386.8375828233346,394.481261293026,384.15195145866994,391.5005187988281,2484000
2023-10-09,388.047550997891,390.05439665276106,383.24687669719,388.322998046875,2475100
2023-10-10,389.1100417552934,396.1733152283197,387.4475122858695,393.86151123046875,2713800
2023-10-11,396.69468899793253,398.5441321530519,390.9004235815526,393.31060791015625,2055600
2023-10-12,397.23573421793947,398.7507080751393,390.86109361111124,393.3991394042969,1779000
2023-10-13,392.32691990554,395.60280405109546,388.65754418668047,391.5596008300781,2235600
2023-10-16,393.73355346183826,397.85544180513597,392.2972961220977,394.63861083984375,2202100
2023-10-17,393.1433899202431,397.0488240181865,391.97273238676416,395.2387390136719,2176000
2023-10-18,392.6219532078866,394.8452236872432,386.17844366126894,386.81787109375,1951400
2023-10-19,387.4475268985342,388.4115766716508,379.2332596286119,381.5647277832031,3472800
2023-10-20,381.56472556878936,383.6502577452404,377.92489130545795,378.1609802246094,2652500
2023-10-23,376.0951066767259,381.55487300347806,374.80640464253423,377.4330139160156,1771800
2023-10-24,379.23327880695365,383.0993851834098,377.6297714238659,380.620361328125,2003300
2023-10-25,377.75761406903734,382.31235260460824,376.0262153976813,380.0300598144531,3504500
2023-10-26,364.9886434314264,369.445002005521,357.13838648532146,358.6631774902344,6920100
2023-10-27,360.5322334854951,362.3029902294958,353.9214743551408,358.1614074707031,3624900
2023-10-30,360.5617028015014,367.1626441439016,358.7909762842349,366.3658142089844,3386400
2023-10-31,367.2512823112049,371.5403913324334,367.04467447541174,370.2320251464844,2978800
2023-11-01,372.51428884467634,374.21614645467844,368.9432939428536,371.6781005859375,2354700
2023-11-02,374.1177405869862,376.8132189088004,372.33716677992714,376.4689025878906,2816000
2023-11-03,378.7413425489755,382.12542343996245,377.49199879816894,379.7742614746094,2269100
2023-11-06,380.8071983009934,381.9384975696024,377.9641645526911,379.8824768066406,2020500
2023-11-07,379.72509160688503,383.25672810500396,378.0527152052069,382.5484313964844,2324200
2023-11-08,380.81703693001316,385.00779500298023,380.7088395254701,383.3649597167969,2838400
2023-11-09,384.6044601019074,385.0865149690621,380.9744431493548,381.6532287597656,2657100
2023-11-10,383.69939753755193,388.6672911671382,380.4530253452647,387.9688415527344,2807000
2023-11-13,387.9394226074219,389.1986136298465,386.631026375886,387.9394226074219,1614600
2023-11-14,390.7233996586711,395.150247261489,390.30039698177967,391.1857604980469,2733900
2023-11-15,391.00863874548713,392.7892125733102,388.342701526055,390.3790283203125,2434600
2023-11-16,391.53986374499397,393.44832904218697,389.11983247856745,390.6446533203125,3060600
2023-11-17,393.467980318083,394.5992796016464,391.4414706389413,393.7926025390625,2365500
2023-11-20,394.2057885321247,398.6129712485307,391.78578736328546,397.8259582519531,2768300
2023-11-21,399.124468687606,403.67920651988834,399.0949575794227,402.3019714355469,2567500
2023-11-22,405.55819408721106,406.13859927724883,403.48247923465834,403.6595458984375,1967900
2023-11-24,405.7844339618719,406.2566417511372,403.8563046932875,405.7942810058594,1053500
2023-11-27,404.3186230801897,406.0106632876129,401.6133281569038,402.3216247558594,2665900
2023-11-28,402.42989271514267,403.96456063323586,400.83623259338634,402.3610534667969,2645000
2023-11-29,404.32858609837564,405.38116924503373,402.7644369148375,403.1579284667969,2151400
2023-11-30,403.43331617456266,407.42731338096763,402.1347672248953,407.1026611328125,3203500
2023-12-01,406.177949025091,409.8276297309984,404.8794001413022,407.6240234375,2171400
2023-12-04,407.10269136869425,408.1061292777255,401.3969892276271,401.59375,3097900
2023-12-05,400.47226853037637,402.4003980137248,397.7473089536526,402.0462646484375,2755600
2023-12-06,404.74175088708154,407.09291324926903,400.5411751866511,403.7088317871094,2224200
2023-12-07,405.37131623975415,406.84693194473607,403.325112316818,406.4337463378906,2363000
2023-12-08,405.5189221361502,406.9453628365973,402.5775374060284,405.45989990234375,1959300
2023-12-11,405.75495063850144,409.40466167367913,405.6762643456397,408.9521179199219,2236000
2023-12-12,410.2211779154133,414.1561532431391,407.95857911056265,413.91021728515625,2736500
2023-12-13,415.0021414552701,419.43883556163047,412.3362041864256,417.77630615234375,3694200
2023-12-14,418.100957793922,418.92729897494297,409.1390362558717,411.75579833984375,3989700
2023-12-15,405.9123678144578,412.4444411510989,404.90895993169954,411.7656555175781,5566600
2023-12-18,412.70999631131446,418.17960892203337,412.70999631131446,417.53033447265625,2686900
2023-12-19,417.15656783715394,419.74381896766135,415.6514409465994,418.5534973144531,2256200
2023-12-20,418.1697381608777,420.6586083982584,412.4246788388222,412.63128662109375,3058300
2023-12-21,414.9332559313605,417.0089406895452,413.7724155705747,416.5564270019531,2213600
2023-12-22,417.84520753859726,420.2258809063615,416.08429761052486,417.2057800292969,1759000
2023-12-26,418.091111394595,418.79940812534613,416.07444863057697,416.7827453613281,1258200
2023-12-27,416.12360971557297,418.1009442764132,416.0842515592317,417.46148681640625,1324100
2023-12-28,416.8811444979027,421.39652542668125,416.79261114888527,419.38970947265625,1505000
2023-12-29,419.7438187635853,421.386684202735,417.3729924822211,419.57659912109375,1706100
2024-01-02,417.1959262232706,417.3828399567038,412.7395677785096,415.0317077636719,2463700
2024-01-03,414.3528920272177,414.4906005452103,410.71302803365774,411.9623718261719,3093700
2024-01-04,411.69676219370916,416.5663057981395,411.4803373663683,412.94610595703125,2042600
2024-01-05,413.65442020622845,415.8875378424715,410.21131691162964,412.6018371582031,2415900
2024-01-08,413.2718799712805,415.87304151644577,410.40466969766993,415.7745361328125,2125400
2024-01-09,412.9368459366434,417.46920571715333,412.38508353576,416.3853759765625,2439300
2024-01-10,419.7353472403385,423.15431946403857,417.9125468782355,421.9719543457031,2709300
2024-01-11,423.67652711792755,425.44021224309944,419.50872161942016,420.44476318359375,2320600
2024-01-12,423.6272705220686,424.7701853799476,421.4103584820343,422.7897644042969,1892400
2024-01-16,421.1541903625771,423.41052268793584,420.2477063927402,422.0508117675781,2398000
2024-01-17,419.22298729455815,424.0509228637224,419.22298729455815,421.13446044921875,2690400
2024-01-18,422.33658729738926,424.8786335062516,421.1640846079442,424.385986328125,2075700
2024-01-19,426.18903633800124,430.64258580654126,423.0262500624234,430.3568420410156,2400200
2024-01-22,432.5244763497223,434.45564464108213,430.8297690539756,433.28314208984375,2715500
2024-01-23,433.7954519676615,434.1206158812104,431.4208894175532,432.30767822265625,2328600
2024-01-24,432.08111344567135,434.44581378075077,429.35185902615336,432.2486267089844,2725700
2024-01-25,429.5883024890132,432.17963123475914,428.0709408912344,430.37652587890625,2977800
2024-01-26,426.18898467813244,433.42107040538883,424.3366568812267,432.0810546875,2725400
2024-01-29,429.3714911365103,434.4753077079607,428.2778290435389,434.10089111328125,2314200
2024-01-30,434.4162069028154,439.6579792649736,433.57870081879355,438.64312744140625,2663600
2024-01-31,443.38241453050534,455.2059455846521,440.0521151392469,442.6237487792969,4740500
2024-02-01,448.30886030038084,454.3585811119603,447.37281878432447,454.1418151855469,3292700
2024-02-02,455.4128582089517,457.01889268743474,451.7574248697265,453.80682373046875,2050300
2024-02-05,452.7525583829238,454.58519120610043,448.8310765475851,450.0429992675781,2438800
2024-02-06,448.66363036118844,453.78717311808634,448.66363036118844,453.7280578613281,2201900
2024-02-07,454.4276219801049,455.4424740097446,452.8610074917562,455.1173400878906,2544300
2024-02-08,453.235367998325,453.9743387070179,450.7228796162871,451.5209655761719,2081300
2024-02-09,451.32386063276977,452.24017702588617,449.65871102267596,451.1465148925781,2155400
2024-02-12,452.42741445957233,452.6441804011384,449.37299621706677,451.9643249511719,1794500
2024-02-13,450.04296727020716,455.0876685261914,449.3335542767849,453.68853759765625,2407700
2024-02-14,455.20596882075625,458.60524619985824,452.68361780595444,458.34906005859375,2202700
2024-02-15,458.9796516131851,465.1672988985446,458.3884990610785,464.3495178222656,2354100
2024-02-16,467.1970050007654,467.1970050007654,460.2014095537429,461.2458190917969,2237200
2024-02-20,446.14120582752565,449.14637120638514,443.50062456379857,445.1066589355469,5044200
2024-02-21,446.64367672414244,452.8411851803001,445.3529438278438,452.29925537109375,2895800
2024-02-22,455.01877691013266,465.55157581394553,454.7921483870859,464.6253967285156,2572800
2024-02-23,466.7634771559989,468.18230334618363,464.92095156671496,466.4580383300781,1764100
2024-02-26,466.0442089084495,468.0936078442037,465.0589145978608,467.5320129394531,2066900
2024-02-27,467.5713617449657,468.01475617306806,463.0390323717981,467.7684326171875,2011100
2024-02-28,467.1970267629697,472.0939407971059,466.7043795968345,471.8081970214844,1931900
2024-02-29,470.9706334203599,471.3549125961294,465.1081208303926,467.7782897949219,3072500
2024-03-01,467.9261117216554,470.47802030731816,466.9309548734411,469.6208190917969,1748300
2024-03-04,468.6749609499691,469.62083507492986,458.92052315762464,461.60052490234375,3212400
2024-03-05,460.4969567531756,462.339452141422,457.7873976366266,460.6447448730469,2015100
2024-03-06,460.2900858523509,466.65507857037915,460.2900858523509,464.664794921875,1917100
2024-03-07,466.2412589023447,466.31020664871085,459.03876022024264,460.66448974609375,2178100
2024-03-08,460.23098307179356,464.68450257522704,460.23098307179356,462.3592224121094,1596900
2024-03-11,462.10299994763693,462.4675540065246,457.8563841659884,462.2606506347656,1774500
2024-03-12,463.610552508625,467.3940792305325,461.8173095627133,465.9161376953125,1853900
2024-03-13,467.2561637425998,469.1577746757865,465.8274748668616,468.6158447265625,2103900
2024-03-14,473.94625614191625,474.91185538634795,470.16272961597343,472.4289245605469,2757700
2024-03-15,466.37920734464547,471.4239094252569,466.1230212007907,468.83258056640625,4179300
2024-03-18,471.6012716432606,473.7492059709548,469.6405155666779,471.84759521484375,2072300
2024-03-19,474.5373802840063,477.48340027337537,472.4584239879238,476.88238525390625,2049500
2024-03-20,477.1977411219186,481.26701137938556,476.52774821649433,480.863037109375,1691100
2024-03-21,481.34582562348754,482.7942094546032,476.291261027782,481.4542236328125,2580300
2024-03-22,481.1290077655229,481.70049523929737,474.37973649061564,474.586669921875,2277800
2024-03-25,474.5177543211858,475.2271674400119,467.4334856982186,469.0395202636719,2600300
2024-03-26,470.6947835262635,472.9412532765754,465.36433787587004,469.7882995605469,2515100
2024-03-27,473.4339670053876,475.06955934460905,467.76852411198286,470.9214782714844,2309400
2024-03-28,470.88200890214307,475.3355283737259,470.26126867372415,474.4881896972656,2214500
2024-04-01,473.5915513017638,476.1730174992802,470.31050451729044,471.3647766113281,1648200
2024-04-02,469.95582311498816,473.34523790990437,469.295662704222,472.379638671875,3265100
2024-04-03,473.37474757938656,476.19267455673423,470.19223649046404,470.399169921875,2265000
2024-04-04,472.91170826361804,474.8724343064389,462.1030285466722,462.8616943359375,2552600
2024-04-05,467.0294469848933,472.26135673865105,465.5810633199733,470.13311767578125,2462700
2024-04-08,470.0443736801815,473.2806142167869,467.9526612749963,472.4617004394531,1961800
2024-04-09,471.59344884724584,472.501188463253,461.5887111708113,465.8609619140625,2217200
2024-04-10,463.8975172435517,468.06121980462507,462.5951200192283,462.9108581542969,2710500
2024-04-11,462.0326878105704,464.0750792223102,457.99725600469134,462.0622863769531,2299900
2024-04-12,459.78307994480105,463.25610867887383,455.94496209911654,459.1713562011719,2486300
2024-04-15,463.9665444005623,464.7164149177252,452.3141033695289,453.6559753417969,2070500
2024-04-16,453.86307720876795,457.1979889850591,452.8764183452706,453.68548583984375,1787200
2024-04-17,456.5961922479032,457.2276684853366,452.0378323092915,454.0210266113281,1735000
2024-04-18,454.3564601355337,455.7476529101139,447.7458329276041,448.63385009765625,1998900
2024-04-19,452.7679425749671,453.72497285584683,446.55197308860505,449.31463623046875,2548800
2024-04-22,451.3964883838772,454.59325387938526,449.05811139287096,450.656494140625,2157400
2024-04-23,452.3634417640187,456.80340738773003,451.2090374532584,456.6455383300781,2029100
2024-04-24,459.082529200692,461.9043592089878,454.2084318132356,456.3297424316406,4043100
2024-04-25,454.79060263654014,457.8097767728012,450.6269004450939,455.9449768066406,2006500
2024-04-26,456.7343077525022,458.6188299998439,454.7905883757523,456.2508544921875,1963300
2024-04-29,454.80047419420225,455.4319202913571,449.6007620381069,451.0018310546875,2120700
2024-04-30,450.17303400165207,451.6135476756132,444.86480389337777,445.1805419921875,2698800
2024-05-01,439.85261295625304,442.9902117654979,432.5316193257224,436.1723937988281,4979100
2024-05-02,437.0899169881759,438.727774466441,432.2059431176076,435.21527099609375,3866500
2024-05-03,438.97447430442713,439.31981098831704,431.07132580900924,437.6622009277344,3711500
2024-05-06,441.2635044148843,444.48986842473414,439.6157706773456,443.37493896484375,2536200
2024-05-07,445.7330719186568,447.2525050733782,441.5594935796536,447.0157165527344,2345300
2024-05-08,447.9432252377431,449.0384023706628,443.9176694137181,448.70294189453125,2332400
2024-05-09,447.4992090738337,449.94613440675386,447.4992090738337,449.413330078125,1970100
2024-05-10,451.2287293995697,452.4620531008581,448.91010492950113,450.8834228515625,1729900
2024-05-13,450.83407133812244,452.60019930733586,449.4330324768575,451.65301513671875,2069300
2024-05-14,451.81090616119343,452.8567623007668,443.3058802200401,448.1405334472656,2991000
2024-05-15,446.7493464753365,452.4818329775592,446.7493464753365,451.88983154296875,2437800
2024-05-16,453.8631289233513,458.7273504481324,452.69887855827153,452.7481994628906,2412200
2024-05-17,454.3071686309112,455.53061620952826,451.9983599718937,454.1295471191406,1985900
2024-05-20,453.3500575442806,456.0534933863713,452.6593842467457,453.52764892578125,1397200
2024-05-21,451.801001619141,454.24792664521294,449.5514204264644,452.9751281738281,2166000
2024-05-22,452.7777880406743,456.3297662977287,449.0975694123505,450.4295349121094,1713700
2024-05-23,450.42955605356775,451.939143119865,444.43068257932157,445.1903991699219,2084600
2024-05-24,446.4730398337967,448.38716055733215,444.31225437898536,445.1607666015625,2162100
2024-05-28,443.99652614670447,444.61812610098053,436.49791212747186,439.14215087890625,2670800
2024-05-29,436.21180369789374,438.6291303345249,435.90594181135754,436.5670166015625,1876900
2024-05-30,436.310452847682,438.2640484397797,434.7910197198258,436.2019348144531,2189900
2024-05-31,436.7840805639238,441.3720389490301,433.39984737824125,441.10565185546875,3917100
2024-06-03,437.5635443261891,439.063255167,432.04812412734447,437.27740478515625,2123800
2024-06-04,437.4450805150016,438.9448213310448,435.4323180152181,438.8362731933594,2096600
2024-06-05,440.8391969147339,441.5989435598529,436.4091079640734,440.7010803222656,2157000
2024-06-06,442.50665470856694,443.77945316157263,438.6981656846506,442.6941223144531,1887100
2024-06-07,443.45387672875336,446.9565039539732,441.2930912213326,443.7893371582031,1664700
2024-06-10,442.4376780088736,444.1643313992899,438.4416906676428,443.256591796875,1954500
2024-06-11,441.8653745660943,443.25656740593047,439.1717845855038,443.04937744140625,1777300
2024-06-12,445.4667227497455,446.4632581103736,435.7086795724563,437.0899963378906,2738900
2024-06-13,437.0899145233497,439.21122524217606,433.45901681656915,439.063232421875,2916600
2024-06-14,437.42538265446154,439.0237653627386,435.3139481232937,438.69818115234375,2161500
2024-06-17,436.52755869367064,443.34537638035584,435.7875644020536,442.13177490234375,2351900
2024-06-18,441.0958043994504,445.18058742980577,440.7406215848693,444.1051025390625,2636500
2024-06-20,445.04241587060733,448.4168029730484,442.3784244681305,446.47308349609375,3006800
2024-06-21,446.1572830722579,449.22577774785043,444.25303865303835,448.78179931640625,5007800
2024-06-24,448.86073107637475,456.89214906352424,448.86073107637475,450.8636474609375,2597100
2024-06-25,452.3634288219505,454.16900154200715,447.74584182146197,449.5711669921875,2299400
2024-06-26,446.7098465971936,448.61409117396215,445.3680048572247,446.34478759765625,2451400
2024-06-27,442.5856551055574,442.7139255990969,436.10329795247213,436.8432922363281,3313800
2024-06-28,438.7080899135284,442.31923550203703,432.86705514926575,435.2745056152344,4105000
2024-07-01,434.9192338708436,436.5669674930264,429.7392746125545,431.77178955078125,3149700
2024-07-02,429.19664267515316,438.82644364959674,429.19664267515316,438.7178955078125,2061300
2024-07-03,439.37897549021255,443.29601276758206,438.3528417404299,442.2008056640625,3192400
2024-07-05,441.145093914978,443.94723199044887,438.35286217535673,443.49334716796875,2220700
2024-07-08,443.2861645063634,444.5984077579358,439.0632650937001,440.2867126464844,1802700
2024-07-09,441.3439920735664,442.2629368530073,437.5298616186606,439.41717529296875,1608400
2024-07-10,429.44700377236586,432.2137590575658,423.9530566174511,428.4885559082031,4760900
2024-07-11,426.868059273831,432.56950374674176,425.00049704008654,431.2355651855469,4032600
2024-07-12,432.20385500337335,436.97649340093284,432.1248186399438,434.88165283203125,2645600
2024-07-15,435.09904867916595,439.1207060018252,433.5279408393277,438.7254638671875,1727700
2024-07-16,441.6306031084051,441.84799083663034,434.4766199423421,438.2611083984375,2846600
2024-07-17,437.14447045717833,446.1561239180232,436.8085131309236,445.8004150390625,2925000
2024-07-18,443.4190161842051,450.0196530207791,442.1641141697045,443.3893737792969,3339900
2024-07-19,445.8597356525817,445.8794872068736,438.3006198172842,438.419189453125,2121700
2024-07-22,440.1187696399251,443.51790668135226,437.9844256728631,442.61871337890625,2111700
2024-07-23,442.7273538534297,443.40915937370426,435.86979554446737,436.4725646972656,2385500
2024-07-24,428.8442270510571,430.6821164068569,423.76527403506566,427.3126525878906,3764800
2024-07-25,428.7850214755893,432.5003642857273,424.45704876698073,424.49658203125,2384300
2024-07-26,427.14467467354496,435.54369786448103,426.97668094150833,432.9745788574219,2039600
2024-07-29,433.5872549501323,437.6583366616137,430.2474330549794,436.05755615234375,2248600
2024-07-30,438.4981849282374,443.39928388954394,437.74723391960254,442.1344909667969,2266900
2024-07-31,456.51164694035464,468.36909231542876,452.10463818603074,458.2013244628906,4313600
2024-08-01,459.93053385951055,461.9463080106052,453.7350295255367,456.9167785644531,2590100
2024-08-02,454.75282822637973,461.2052540343054,453.16193850398815,456.53143310546875,3808100
2024-08-05,449.59483427159927,455.8199814533419,434.36789351865247,436.749267578125,4496700
2024-08-06,437.9547268481975,450.0394502499301,436.85789751868225,442.974365234375,2758900
2024-08-07,445.17792982830434,451.4920343284966,443.70563992574364,444.4961242675781,2059800
2024-08-08,446.86755868988894,450.84968268359927,445.67194145292996,450.1678771972656,1585400
2024-08-09,450.16788114649296,453.349630058949,448.07307071128116,451.3536376953125,1760200
2024-08-12,452.3318886007226,453.0136941252239,448.49800657597405,450.276611328125,1760000
2024-08-13,452.697537084243,454.1797178235688,449.4861454823704,453.90301513671875,1816100
2024-08-14,453.8042705006282,455.0690636459686,450.6521634152402,454.6935729980469,1654100
2024-08-15,459.57480654946403,463.42847009923827,458.4878680725939,463.14190673828125,2130500
2024-08-16,462.4403856742856,464.6735476136943,460.5036779725663,463.3099365234375,1921900
2024-08-19,463.4284875553204,464.56482003324277,459.9898175594356,461.4324951171875,1690800
2024-08-20,462.5688285150139,464.09054244297704,459.9799577751948,463.54705810546875,1763300
2024-08-21,462.9739621365085,463.5174163197024,459.0016986450109,462.44036865234375,2105900
2024-08-22,463.9126646899086,465.3158090100396,461.1558303206706,463.2506408691406,1538200
2024-08-23,464.71299487464165,464.75252813259146,456.41278985256037,460.89886474609375,1986300
2024-08-26,462.5391909348103,464.94031640282583,461.4522524034936,463.0727844238281,1434400
2024-08-27,465.48379626415635,469.85130218358836,462.65778608191107,469.34735107421875,1635900
2024-08-28,469.3571570320251,470.750410316767,463.2999745806792,466.1951599121094,1445300
2024-08-29,468.8334983436553,476.1950075575976,468.8334983436553,475.0882873535156,1893400
2024-08-30,476.1159334028215,479.9695969600241,473.9519472985766,477.5981140136719,2982100
2024-09-03,476.73848735783463,480.9083569735953,474.33736183788204,476.39263916015625,2063700
2024-09-04,476.3629681645427,480.39451635231677,475.46377496655896,477.4005126953125,2156300
2024-09-05,477.400543797406,478.40841583249016,467.48966642138004,471.6891784667969,2293500
2024-09-06,471.44212728823055,474.7325852307221,469.0706442701092,470.4638977050781,2116200
2024-09-09,474.791848581837,483.3983687568392,473.8729038540498,481.3035583496094,2343600
2024-09-10,481.31348024680625,482.52884910870654,476.60012637149697,482.2225341796875,2234100
2024-09-11,480.74033173272926,483.2995599798324,472.16345379837685,482.380615234375,2480000
2024-09-12,481.1652714809735,487.02481858887944,477.2621835904216,486.2639465332031,2299100
2024-09-13,487.24219366438683,490.9476453042675,485.61180097384783,487.49908447265625,2204700
2024-09-16,489.4160807657225,492.4002240309109,487.52879711177053,491.7974548339844,1589200
2024-09-17,492.67685996523545,495.77954248227354,491.9357696313994,495.0384521484375,2202800
2024-09-18,495.3250421164713,495.8388539197037,488.17105935933455,488.88250732421875,2193800
2024-09-19,494.06024233312485,495.1768233056048,480.4735856689639,487.1532897949219,3517200
2024-09-20,483.8331859514038,487.66709823029385,481.9458722200927,486.886474609375,3470200
2024-09-23,487.3014921058532,491.7776766058061,485.46357236045185,491.2342224121094,2191300
2024-09-24,486.8271652945779,487.390401175823,478.66531106364124,481.6197814941406,4143700
2024-09-25,479.0013020535838,484.080225730491,477.79579384034173,483.6355895996094,3483200
2024-09-26,485.1671477739225,487.76590941878123,483.1909068461265,485.4339294433594,3073700
2024-09-27,485.19680768665137,490.10776777560466,484.5644262475641,487.77581787109375,2177200
2024-09-30,485.9378759457727,489.10973416155343,484.2877015184098,487.9338684082031,2862400
2024-10-01,491.35273554842365,492.11357736312783,487.2520119664017,490.4831848144531,3748100
2024-10-02,487.0840997055719,490.01881866436156,483.86281737129923,489.682861328125,1736500
2024-10-03,489.66312350275166,491.1848375838797,487.1434281776443,489.09002685546875,1382200
2024-10-04,489.67294448431403,493.1214750410724,486.6196560577361,491.78753662109375,1935600
2024-10-07,491.42198886633287,492.60774561007486,484.9201687964371,485.463623046875,1990500
2024-10-08,486.649294263351,491.6195386411994,485.6908162745393,491.1551208496094,1750100
2024-10-09,493.1142445605112,495.4591988932975,490.3537145583696,494.66766357421875,1707500
2024-10-10,494.7171167757279,495.4295106316904,490.60106674073745,492.7580261230469,1491000
2024-10-11,491.26400023581397,497.6062772869061,491.22441441189227,496.9532470703125,1919900
2024-10-14,499.0310457943014,503.4142624873033,496.74545508344477,501.3067626953125,2127000
2024-10-15,500.2777531728058,504.49275284572644,498.674874478917,501.8707580566406,2885900
2024-10-16,501.0000549020583,509.9544532743212,500.6537468642116,508.63848876953125,2956700
2024-10-17,510.83493253837975,511.577008146486,506.1153425410724,508.3316955566406,2227400
2024-10-18,509.1034610612276,512.5269251978347,507.16420864268565,510.8844909667969,2604600
2024-10-21,511.5275723346214,513.3382538119829,508.50981013253266,509.5685119628906,2217500
2024-10-22,505.7493114438287,509.1133818587614,505.106185219599,507.5995788574219,1855800
2024-10-23,507.24333058773595,509.28156270524346,506.49138109850173,508.3020324707031,1759700
2024-10-24,506.49141978368937,507.916237807967,504.07719763960114,505.2249450683594,1911900
2024-10-25,507.0850349698638,509.2914539434798,500.27772274236366,501.99932861328125,1582200
2024-10-28,502.03892323658476,505.4623572243857,500.79225663705984,502.8403625488281,2186400
2024-10-29,502.1774523946824,505.98678018011225,500.35689705358425,500.9307556152344,2066300
2024-10-30,507.104830079545,510.99329919708043,501.6431340291342,508.262451171875,3121000
2024-10-31,515.7426441146044,522.3224065601398,493.75741211116053,494.3114929199219,5523300
2024-11-01,495.1524691313103,505.1556347161671,493.2626461260959,502.71173095703125,3753700
2024-11-04,503.76057291984785,504.6114718885823,497.7151138982995,500.2381591796875,2165100
2024-11-05,500.23816160408103,502.78101490785286,498.2889748973769,500.2183837890625,2132900
2024-11-06,515.3567347814144,517.474138676165,510.48873493679764,515.6239013671875,3673700
2024-11-07,518.4535700126668,518.4931860268655,511.13179382751315,512.4081420898438,2382300
2024-11-08,514.8422932793932,523.2524852058551,514.0408538761297,519.215576171875,2215600
2024-11-11,523.2622590886056,528.387581452443,522.9357892794986,524.5188598632812,2213400
2024-11-12,523.5095897838581,525.2906195836782,521.7286203743066,523.578857421875,2577600
2024-11-13,524.4100103372588,524.8948234146333,510.96357349182733,516.3659057617188,2681500
2024-11-14,515.119257877261,516.8408638214261,512.1806671222774,514.901611328125,2480400
2024-11-15,513.0513092683735,517.8599446544963,512.5268801912744,516.3757934570312,2408100
2024-11-18,513.1107329369607,517.9589245151138,511.5375059118556,516.1185913085938,2493400
2024-11-19,513.298749547353,517.127855415401,511.3000729582462,513.9715576171875,2716000
2024-11-20,516.0196678106414,516.9793900354333,505.6008962834573,507.1246032714844,2409400
2024-11-21,507.80735543098814,514.6245723720333,506.17479484618804,509.6575927734375,3077300
2024-11-22,511.468280819285,516.197805902717,510.7262050719893,515.3567504882812,3130400
2024-11-25,516.1284558995642,522.6686012818542,515.5150115442362,521.0360107421875,4503900
2024-11-26,522.3222898623113,525.0432336597959,519.5122704233743,522.8961181640625,2326800
2024-11-27,523.4602326117204,527.9819548537951,521.0163587460471,526.7550659179688,2086300
2024-11-29,527.3783496743246,530.1091978171584,524.429854987776,527.30908203125,1760600
2024-12-02,527.2991464371131,529.1691915172763,520.6699254016306,525.7457275390625,2355100
2024-12-03,529.0208941870017,529.1693335088526,520.4029588796733,520.62060546875,2319400
2024-12-04,518.1072520772823,520.719372420805,512.6950165081593,515.6336669921875,2630000
2024-12-05,519.0570945221846,521.896765502261,516.6527769531789,519.225341796875,2538600
2024-12-06,517.4048062476218,525.389547292286,516.9793567989067,522.9852294921875,2122700
2024-12-09,523.4304631612067,525.9733161240028,516.3658889741638,517.2959594726562,2942000
2024-12-10,516.9893312781725,524.0637503645786,514.7234880571904,523.420654296875,2003200
2024-12-11,523.5987276596575,530.2279493961247,521.6990307563748,528.8031616210938,2181100
2024-12-12,530.623677730039,531.0788392302882,526.3493144785953,526.78466796875,1860400
2024-12-13,528.5260636056712,529.0306847233868,523.3216299143443,523.4107055664062,1608200
2024-12-16,526.3789331283443,529.3472353828275,523.4106308738612,524.706787109375,2923000
2024-12-17,523.8065004962939,526.1613587723393,519.3243344900341,525.3994750976562,4055800
2024-12-18,524.7167717592037,531.4548164968761,514.2188889993689,514.4662475585938,3190300
2024-12-19,518.6217450713386,523.6282791417512,516.6824929083399,517.7510986328125,3050500
2024-12-20,517.3454742917805,526.458185348405,513.9319140985647,522.4509887695312,7317100
2024-12-23,520.2741601238042,523.8064471783227,515.6238076826901,523.37109375,2270300
2024-12-24,523.6778461721735,530.0794563098691,522.2530585417195,530.0498046875,955000
2024-12-26,527.9918357059596,532.0188405947175,527.2893156053204,530.4852294921875,1109600
2024-12-27,527.9720411731007,531.8803188756459,525.1917331064803,526.5769653320312,1541800
2024-12-30,521.4318230146501,522.9852419543347,515.821748014072,519.9971313476562,2101600
2024-12-31,522.0947622278899,523.598721637089,520.0070704203081,521.0064086914062,1942600
2025-01-02,523.5986683710574,524.9541883463496,512.1904634573763,516.8804321289062,2818800
2025-01-03,517.0091831875067,518.9187843222131,512.2103901396213,515.8515014648438,1627500
2025-01-06,515.4655208101585,515.8514146527712,505.61079454835846,506.52105712890625,2920800
2025-01-07,508.2526131384197,510.8746382367926,505.68007787302207,505.9967041015625,2211800
2025-01-08,506.62989888543524,511.9827720731523,506.12530794340165,510.9438781738281,2456700
2025-01-10,507.4558924060654,509.08097071762677,498.7756639137491,500.0737609863281,2815500
2025-01-13,496.4371605107583,501.5402510229707,495.36700987737447,500.3115539550781,2885500
2025-01-14,502.4518415881045,504.75071932828655,499.61787345813366,504.3840637207031,2704800
2025-01-15,510.8744921925154,518.999823404044,509.05122324347997,517.5927124023438,3024800
2025-01-16,518.8510973015635,522.3192208596585,515.9774850188605,518.37548828125,3275600
2025-01-17,519.802423417628,523.3200798242236,516.2649298069445,519.9213256835938,2374800
2025-01-21,522.8542902099642,525.1531679807327,522.1111208630066,523.2506713867188,2706900
2025-01-22,523.1912011565629,525.4702416415037,520.8824048687775,522.378662109375,2037600
2025-01-23,524.2316560198944,529.4833740837847,523.8650306395374,529.3545532226562,2196500
2025-01-24,528.1357183622608,531.1777652172884,527.3034026339384,528.6311645507812,2472900
2025-01-27,528.7203986323882,542.999131908068,526.8178416256733,542.65234375,3074600
2025-01-28,541.5623998053759,546.5267812244869,537.7177318212026,542.3749389648438,2727800
2025-01-29,542.018224355141,545.5953319423476,541.5227780805933,543.8018188476562,2549000
2025-01-30,549.9453658744889,571.6855508653472,549.4796754055153,560.8551025390625,6005200
2025-01-31,558.6850632449605,560.3893694571774,549.5886765931333,550.3714599609375,4505100
2025-02-03,547.6067911001672,559.8542066636601,546.0510827728103,558.8137817382812,3195500
2025-02-04,565.6807695337325,566.790564401911,552.5019101146498,554.0179443359375,2638900
2025-02-05,556.2374958218252,561.7072419240587,554.7016245008807,561.1325073242188,2404700
2025-02-06,560.9739800377241,564.561006076074,559.3984343401174,561.9945678710938,1738400
2025-02-07,562.8863926292101,564.8582590327745,556.6636191618702,557.624755859375,2008300
2025-02-10,560.101978194683,562.1036003714987,555.8906851255501,560.3397827148438,2357700
2025-02-11,559.8443438883921,561.271231507538,554.1268748101244,559.5570068359375,1847800
2025-02-12,556.8915080152441,559.6065438100771,554.344907012548,559.4578857421875,1722200
2025-02-13,560.4487882842874,562.2225246118401,556.3563973152415,561.15234375,1709500
2025-02-14,560.8551318669568,564.0556956210829,558.9922489350861,559.6165161132812,1927400
2025-02-18,559.7551632058002,563.4511726513746,556.4059419223039,563.4313354492188,2064100
2025-02-19,562.3215156643404,565.502302025408,561.4891999207811,563.3223266601562,2459100
2025-02-20,562.975666638495,563.3224548640231,553.9485888997236,558.1500244140625,2181900
2025-02-21,556.3168383018992,559.6561416044381,551.5110332700896,552.4325561523438,2256100
2025-02-24,553.3441195357625,556.3465529928427,551.7190412384507,553.908935546875,1752500
2025-02-25,557.3175817509107,560.8847705696435,547.6563798476242,558.8931274414062,3609500
2025-02-26,557.4663107230201,561.5190277069609,554.503490959906,556.1583251953125,2028000
2025-02-27,560.4191338038302,569.4659880602252,558.8634251677462,559.6759643554688,2436500
2025-02-28,562.1332677227648,571.1801205158821,558.8633347747251,571.0612182617188,3205400
2025-03-03,572.0719224271587,576.9272588673517,564.8086642491966,569.683837890625,3092600
2025-03-04,565.2646223522266,567.9796584378878,546.9826415281588,550.0147705078125,3318100
2025-03-05,547.547394922644,555.8807742419125,546.2988606951877,553.2152709960938,2795400
2025-03-06,543.504575582985,550.6191769903495,539.7292773039409,544.8125610351562,3133200
2025-03-07,542.0875999103446,545.3674518638876,531.395890963373,541.7903442382812,3161300
2025-03-10,533.2488588227102,543.5640238284916,527.1746825520754,532.2282104492188,3893400
2025-03-11,532.3074907831756,533.1497252602719,517.4936350417954,521.0112915039062,4582600
2025-03-12,525.6783501030969,527.8583255341163,514.5308103210059,519.86181640625,2810800
2025-03-13,519.7230313394729,523.7163564921111,512.9948941362327,515.0955810546875,2375800
2025-03-14,517.8403967801175,523.597479791192,516.2054604411951,522.8345336914062,2369500
2025-03-17,518.48450658802,528.621317626233,516.7306074894796,527.1448974609375,2544800
2025-03-18,527.4917100352873,527.7394331461865,520.7238977113229,525.3612670898438,2363300
2025-03-19,526.7287271667411,532.7236146240033,524.7568607920695,531.2075805664062,2804300
2025-03-20,528.7402238496625,535.5674878193468,527.6997988007594,531.4949340820312,2598600
2025-03-21,530.563495130877,533.149710101838,525.9261253790323,530.8112182617188,5973400
2025-03-24,534.4379035733385,540.4923033683998,533.3380272942272,538.7185668945312,2758700
2025-03-25,540.9777289726987,542.1965072963319,537.0636918165574,540.1948852539062,2138200
2025-03-26,542.1569207272908,546.0115069518718,540.1552985838707,544.0693359375,2681600
2025-03-27,544.0694171397208,556.7132166248043,542.8109641612189,552.4920043945312,2901200
2025-03-28,549.182290346572,553.5026272916257,535.1711173960067,535.6863403320312,2656400
2025-03-31,527.3133246949282,546.4078424691913,526.1837532123807,543.1279907226562,4741800
2025-04-01,541.8200173518177,546.1304360975007,539.0455303941742,543.5144653320312,2714900
2025-04-02,537.9158611261507,544.5251573156064,536.7169199678651,542.3947143554688,2994600
2025-04-03,523.6074116593837,535.0720454428194,522.2003612066496,525.718017578125,3443500
2025-04-04,514.8875978166375,516.1361321446935,483.8429465764878,485.3094482421875,6125100
2025-04-07,474.1420896508562,497.62625540340076,461.34966308084,481.09814453125,6009400
2025-04-08,496.4371653754202,500.965551566598,467.3643817145267,475.5491638183594,3555400
2025-04-09,466.56723931210115,514.6025214314972,466.4580828094906,511.54571533203125,4698400
2025-04-10,503.0105728787694,504.79702645406775,480.48165569458195,495.5770263671875,4105300
2025-04-11,494.5052263054735,512.0221832434282,492.17292935757104,505.90863037109375,3736200
2025-04-14,511.9824817010835,519.4755739988415,504.6680256832153,508.59820556640625,3005500
2025-04-15,509.53115194713166,517.3616485622669,509.5112832787753,513.4811401367188,2210700
2025-04-16,512.1611339040501,517.7883889087478,506.0277124696586,509.5608825683594,2501000
2025-04-17,507.0995318671381,520.0313072813717,505.29323997936706,513.4314575195312,3329800
2025-04-21,513.1040213074192,513.7491473051049,499.74546087731466,505.4819030761719,3345600
2025-04-22,511.7343630674999,524.8150333693611,508.8859957869273,523.3561401367188,2384000
2025-04-23,533.6877205431982,539.8410110594351,523.6439870956522,526.0159912109375,3051800
2025-04-24,524.7058641675447,532.0004513048476,521.311653798472,531.4248657226562,2209100
2025-04-25,531.4249593852759,532.8739185046827,525.8869915937406,529.4598388671875,2006100
2025-04-28,531.9905917748232,533.7075353843751,526.5022359040977,530.462158203125,1735400
2025-04-29,530.3133729818055,536.4070574279676,529.3903279248891,535.6130981445312,2041500
2025-04-30,534.4717792335433,544.932330183157,525.5594094508399,543.929931640625,3783500
2025-05-01,545.855280479447,548.6639709746074,535.6626543126108,542.5106811523438,2839900
2025-05-02,551.4428854818585,558.1420187977196,550.8076938590456,555.174560546875,2632600
2025-05-05,553.606425575804,560.2956242606595,551.6611740330181,556.8914794921875,2130900
2025-05-06,552.2864321409236,561.4766598841377,551.909290916997,554.7775268554688,2341700
2025-05-07,555.0554611735913,562.9554372759952,554.2813100373141,562.062255859375,2493700
2025-05-08,565.1587108248776,569.5453853174997,562.7271615918476,562.8462524414062,2004300
2025-05-09,563.1737626675488,565.2877160353322,560.3452036524578,564.3547973632812,1528000
2025-05-12,575.6291749451362,576.4131997729029,562.1614299105854,573.9122314453125,3000300
2025-05-13,573.6442818882186,578.4676431459769,571.4608486310425,572.2449340820312,2370200
2025-05-14,573.912286518263,574.2794934225356,567.9674357123733,568.9598999023438,2237500
2025-05-15,569.803429362712,578.6462580079765,569.3270659697612,577.8126220703125,2034200
2025-05-16,576.0559622971118,579.8868593978913,576.0559622971118,578.884521484375,2225900
2025-05-19,576.6415697526702,584.0155715009575,576.1056003157153,581.9909057617188,1875500
2025-05-20,576.8599211968963,579.5891979327447,572.5029885241637,576.7308959960938,1964300
2025-05-21,572.1159428529523,574.6367801505099,562.8264317688013,565.248046875,2505300
2025-05-22,564.3745568992596,568.8406449412979,562.6576135471608,565.8434448242188,1869900
2025-05-23,560.2360624751768,563.2730002651605,558.2710028978942,559.3329467773438,1948800
2025-05-27,562.5484870267147,570.2301491764042,562.2209569251204,570.22021484375,2655200
2025-05-28,570.2500879698558,574.4779950869603,568.6224321695722,571.5799560546875,1702900
2025-05-29,571.5403190791297,574.2199846782822,568.6224717512013,573.426025390625,1347800
2025-05-30,572.4334706585914,581.1869506835938,572.1654859684705,581.1869506835938,4581100
2025-06-02,576.1254816907124,577.4355417346413,570.4486154088955,576.8400268554688,2089100
2025-06-03,575.5002000350343,578.1401886797319,569.118662617517,577.5843505859375,2116900
2025-06-04,579.7677651378049,582.4275617889148,577.8324479316213,579.7280883789062,1530200
2025-06-05,581.891698308519,582.2688395606656,578.2394372234447,581.0282592773438,1480000
2025-06-06,583.4796059258559,586.7051146021525,581.6237027027419,585.6729736328125,1528600
2025-06-09,584.3033763076618,585.5538909192855,575.6292487003146,579.9266357421875,1936000
2025-06-10,580.2441258799043,585.4247590985364,578.7653035754464,585.0972290039062,2133700
2025-06-11,585.8715120479809,590.2284447083714,583.1719777486968,586.288330078125,2238100
2025-06-12,584.9881887593812,586.2188347229389,580.1548927644866,584.83935546875,1984000
2025-06-13,568.5430212970122,570.9050909150279,548.346399262312,557.794677734375,5905400
2025-06-16,559.650569620386,570.6668976758727,558.4000550743156,564.3845825195312,3108200
2025-06-17,560.464355570673,566.9848526525774,559.7498104207036,565.1587524414062,2246600
2025-06-18,566.5779757864246,566.7764807444247,530.1346583201572,534.6702270507812,6966800
2025-06-20,532.8838547917655,534.2832633912284,523.3562216441976,528.9536743164062,8202800
2025-06-23,527.4153129191492,539.0370906121472,523.5943499450648,538.262939453125,3681100
2025-06-24,552.9812144543353,559.8689186591021,548.3265547753548,553.32861328125,4503200
2025-06-25,551.8100681912687,554.2713599027326,544.4856779077495,545.5575561523438,2889200
2025-06-26,541.4189799246863,544.773452917785,537.9850322658066,541.6968383789062,3764100
2025-06-27,542.6496161174991,552.5047773755759,541.4387784146619,546.1728515625,3837500
2025-06-30,548.3363979982241,558.3900638609315,547.7409437870389,557.7052612304688,5054600
2025-07-01,555.1050500804404,562.0423647273404,552.842202765034,560.3551635742188,3827000
2025-07-02,558.6977953769654,561.7247990513679,553.1896312194121,557.2885131835938,2502300
2025-07-03,556.5540488036924,565.3670743098952,556.5143114714399,564.9502563476562,1528700
2025-07-07,566.3694919690284,566.448906061027,556.1272548085457,560.861328125,2478300
2025-07-08,560.3253646343152,562.3499694687358,556.1966803060251,558.2014770507812,3083800
2025-07-09,558.5195044434666,561.9183072195976,555.7865353380938,561.6102294921875,2454300
2025-07-10,562.1470264383948,562.5544606718796,557.5357468049294,560.0302124023438,2577200
2025-07-11,556.3530808191358,557.3468878884443,542.469564519168,546.7727661132812,3221400
2025-07-14,547.0908015733919,555.6077355906428,544.3975625301548,549.59521484375,2500900
2025-07-15,549.6846296770426,551.4237920993652,545.252288838456,546.95166015625,2449100
2025-07-16,548.9988736642716,552.0797119140625,546.0969740618175,552.0797119140625,2424200
2025-07-17,549.555410986381,553.9281863320101,547.1007366530904,552.1691284179688,2722000
2025-07-18,551.8213617135509,552.9045775270578,547.4684815920997,549.2374267578125,2579600
2025-07-21,549.9728291156594,554.6238386902708,548.62120546905,551.215087890625,2194400
2025-07-22,552.3678180213863,556.7405927025044,551.8013408019806,555.299560546875,2010400
2025-07-23,553.5604521956205,559.0064951986553,551.0659868960482,558.6090087890625,2180400
2025-07-24,558.5195433812112,564.323403047849,558.4201869424086,560.01025390625,1874700
2025-07-25,560.8648476571979,566.4302026927926,560.357996432934,564.700927734375,1513300
2025-07-28,563.8562827981941,568.1098059495282,562.7133804649353,564.7606811523438,2492400
2025-07-29,566.4998883527628,569.4514663140268,559.513395348686,559.8314208984375,2393800
2025-07-30,556.8599371146387,562.1072069458328,551.7716497268025,555.6474609375,2833200
2025-07-31,565.0488229745937,575.8514996328507,559.0263553037661,562.9617919921875,4568300
2025-08-01,560.3680535050502,561.3718083752091,552.6561007499132,556.4226684570312,3316700
2025-08-04,560.7952942311857,566.3904321349584,559.0164016518407,566.2811279296875,2984700
2025-08-05,566.0724353093209,568.2886661363298,558.6487262347946,562.5344848632812,2883200
2025-08-06,565.4662601709854,566.8277709684766,560.4773294006005,565.6054077148438,2245200
2025-08-07,569.421555735635,570.3458496045612,550.4299189215478,557.7443237304688,2979600
2025-08-08,560.2587572514583,572.5918767751461,559.2053241430463,570.7633056640625,2907700
2025-08-11,571.4390831202404,573.0192631001111,565.9135180645299,570.037841796875,2116600
2025-08-12,571.6179525940688,574.7385214026348,566.9272122623809,570.6241455078125,2593800
2025-08-13,573.7546896469557,576.6764850471556,570.4850253555575,574.3211669921875,2352900
2025-08-14,573.8937510105762,580.7808875209512,571.9359801591833,580.1448364257812,2642300
2025-08-15,581.3770850923654,585.9088425088501,577.5111613705275,578.0975341796875,2263800
2025-08-18,578.4155948578908,581.8640761833339,577.0938145060522,580.5224609375,1812000
2025-08-19,580.7907480250229,586.9126333854488,580.6019222603338,581.8839721679688,2334500
2025-08-20,582.2814287297359,590.2021020077158,582.2814287297359,589.009521484375,2884600
2025-08-21,585.3920424668759,588.5424542709624,580.3137033498183,588.2542114257812,2349200
2025-08-22,591.6133037447481,598.0432666718583,589.4070812874597,595.2506713867188,2388900
2025-08-25,594.1176904596882,595.3301058484158,589.1883860487944,589.5362548828125,1984300
2025-08-26,589.4071560660909,592.3090559332991,582.6591667592795,587.9462280273438,4774600
2025-08-27,587.5487176262346,590.9375731492249,586.1673111990464,587.0020751953125,1480900
2025-08-28,587.1611022463748,589.8543412512339,586.0678780715909,586.8231811523438,2159800
2025-08-29,588.3337901050431,593.1338952752119,586.6045754946789,591.6033935546875,2111200
2025-09-02,591.9313663827048,591.9313663827048,582.3709471540129,588.20458984375,2284500
2025-09-03,588.1648635926515,590.3214079812351,585.3126421137333,589.6058959960938,1959400
2025-09-04,589.3574111239441,592.1996846672379,585.6405218859821,591.9512329101562,1653700
2025-09-05,591.7822580826584,594.873044123978,575.4441283249992,580.6019287109375,2432100
2025-09-08,579.011830628436,586.1374098484714,577.1037381686823,582.9671630859375,1948200
2025-09-09,579.9261277146024,587.5188279195293,579.6876237344966,580.38330078125,2266000
2025-09-10,578.5249005287882,578.5249005287882,567.4638232544596,575.7919311523438,2535200
2025-09-11,577.2826837935211,586.3163565318348,576.4180764530798,585.0840454101562,2407000
2025-09-12,582.8081760121677,585.5610407959563,576.4080565442517,576.8154907226562,2242800
2025-09-15,579.1211756070526,582.8678476784686,577.8988123188909,579.3497924804688,2222600
2025-09-16,574.4304392358306,584.467866467331,573.2577541618837,582.788330078125,2537000
2025-09-17,584.0703733023404,595.1811290348074,583.8020259839013,594.9227294921875,2930800
2025-09-18,592.3885688901374,597.8942385338261,582.2517240693951,582.420654296875,3294600
2025-09-19,584.9746371243326,585.2230888597379,577.9086843271268,580.542236328125,6745300
2025-09-22,577.3720192344217,583.712512698235,576.547203103924,580.8702392578125,3241700
2025-09-23,581.8242975166619,583.2255386426833,564.7308056540379,566.4401245117188,3223000
2025-09-24,567.7421496313607,568.1197405250474,561.4513336996112,565.2874145507812,2867200
2025-09-25,561.500938228612,568.8451862969674,561.0736085102357,563.7866821289062,2700600
2025-09-26,563.1109508007358,566.1321024228857,560.5668071565125,561.6301879882812,2106500
2025-09-29,562.4947594679476,565.7942059719551,559.0263827587069,564.6215209960938,2615600
2025-09-30,562.3059932485342,567.0961507530052,560.1593966000717,565.2874145507812,2379200
2025-10-01,562.1767493021757,571.9060982174842,561.510915580997,570.2166748046875,3685100
2025-10-02,569.1830898674027,576.2491040617024,567.2352668784392,573.754638671875,2483500
2025-10-03,572.8601620917236,579.6080897893914,572.8601620917236,576.8552856445312,2331600
2025-10-06,575.6428458497551,577.5410513086227,565.7346185443572,575.2254638671875,2573500
2025-10-07,575.4042511725569,582.4503688298119,575.3247296360206,576.2490234375,2120700
2025-10-08,577.7199002651006,579.4590625384197,572.5123612204228,572.8701171875,1934700
2025-10-09,574.4224964544785,576.5719875620148,559.764412647517,561.79443359375,2579800
2025-10-10,564.8096493021154,566.6406342177349,553.9727890017548,554.7589111328125,3553900
2025-10-13,555.2764380544013,562.2422715066966,550.3108036399389,556.5103759765625,2996500
2025-10-14,553.2862078404471,567.0287998898718,553.2862078404471,565.1480102539062,2627300
2025-10-15,561.5456448521279,565.9142318802948,556.6695981484564,560.0629272460938,2262400
2025-10-16,560.0529654974874,561.8939721044451,544.7182083101683,547.196044921875,3210600
2025-10-17,549.7933430432181,560.053018557162,549.3157053100937,558.23193359375,2756700
2025-10-20,558.9584137819801,564.6504659123256,551.0869876435563,563.5956420898438,2046400
2025-10-21,559.4161552105777,573.1687091660846,558.0329857509781,569.238037109375,2722400
2025-10-22,568.2626825372498,573.6164275195174,565.8047678055275,568.5711669921875,1820500
2025-10-23,571.5565686543443,574.1737366408021,568.8796959537838,570.969482421875,2187500
2025-10-24,574.422577829301,577.985121451038,570.2829088219405,570.8699951171875,1839600
2025-10-27,572.9098693718147,572.9098693718147,563.7149797248437,569.5662841796875,2981000
2025-10-28,570.2829120182606,571.188443740265,562.6901478779579,563.1677856445312,2916000
2025-10-29,558.8887464714337,564.043456134609,548.5394835091379,551.8731689453125,3763400
2025-10-30,548.867891417752,560.1724298796559,542.9768033194325,550.9775390625,4284700
2025-10-31,546.2109314853558,551.7238693744919,540.8771077438181,549.2957763671875,3567100
2025-11-03,547.3154773877577,548.3105964375536,537.7225151707859,541.4144287109375,3175500
2025-11-04,542.1707370026397,551.325844544919,539.8321707583509,550.0520629882812,2653900
2025-11-05,550.3008294917252,553.6145929035926,546.6885425151054,550.6093139648438,2198500
2025-11-06,547.4946231337942,552.2911045191695,545.1859395165234,550.5795288085938,2593600
2025-11-07,551.0969639267937,555.943189247448,547.9822361802867,549.27587890625,2510400
2025-11-10,549.5843737031495,551.9925447785074,545.9024211000758,550.2610473632812,1978300
2025-11-11,550.3008322250772,555.8038697012063,545.335197905418,555.6246948242188,1832400
2025-11-12,557.2666845890766,563.1478116252612,555.6844185280861,558.4906616210938,1761500
2025-11-13,557.1472983848284,560.849112361469,552.1517809609468,552.8583374023438,2031300
2025-11-14,553.3260210503371,554.2813572837772,541.3945523592623,543.0663452148438,2567800
2025-11-17,543.3349774607054,546.6387798502179,533.5927842540615,534.2296142578125,2557900
2025-11-18,530.9556748128015,533.3837675273035,522.1389353220306,525.0048828125,3594700
2025-11-19,525.5721271388395,528.4081920100978,522.417556160054,527.7713012695312,2723100
2025-11-20,530.6870343156545,535.8318437095389,524.6068712907897,525.303466796875,3240300
2025-11-21,529.940707789294,541.7527667396079,529.0749590245094,537.7623901367188,3807500
2025-11-24,540.7874733962273,541.3845205031037,532.4981150951704,535.2247314453125,5941000
2025-11-25,538.8569608585108,547.7135446208898,536.3691632552859,543.8026733398438,3132600
2025-11-26,545.8029244583963,545.9919995237891,541.5139634103039,542.270263671875,2185300
2025-11-28,545.4545855985988,548.7086441840225,542.7577912270257,547.8428955078125,1254800
2025-12-01,544.967011014713,547.0965803582449,540.7377550530218,541.3148803710938,2227000
2025-12-02,544.6088525497205,552.0423636508575,538.3992578635833,543.2454833984375,3076000
2025-12-03,544.6485356459596,552.3607078574091,543.8325307815693,551.0272216796875,2687900
2025-12-04,554.3111466258719,556.2715018344536,536.9263867114723,539.6629638671875,2878800
2025-12-05,539.0658990991774,547.7532679489686,538.6081225245587,542.8572998046875,2126700
2025-12-08,544.0515016117612,544.6585704413859,534.7670838594769,537.8021850585938,2453800
2025-12-09,536.0806417205541,539.2550741352643,533.3042205105431,534.92626953125,1965300
2025-12-10,535.4636580002698,542.2901603824865,534.8765110126291,536.2298583984375,3023400
2025-12-11,540.1207514081906,562.3715973557839,540.001341988863,560.6201782226562,3659900
2025-12-12,563.237318687656,570.9097075620409,563.1278701814565,569.1383666992188,3515400
2025-12-15,570.083808267288,570.5017412633576,564.3916956975079,566.3521118164062,2714000
2025-12-16,567.9144127106773,568.2129362565336,559.7345031307638,563.2572631835938,2748700
2025-12-17,562.7597044410878,568.9692371521011,560.8092493768368,562.7098999023438,3287100
2025-12-18,562.2422951485886,566.3521419172389,560.2918398345215,563.4464111328125,2259000
2025-12-19,563.4562755156959,570.1435070697106,562.4412953929074,569.4369506835938,7262100
2025-12-22,569.4369808372912,576.6217722933915,568.2130037851974,572.8900756835938,2500200
2025-12-23,573.0791493232122,578.880649907402,572.9398180731846,573.536865234375,1794700
2025-12-24,574.4324910053595,579.44786932127,574.1837112344606,576.6217651367188,1058900
2025-12-26,576.9202882510689,578.363223068573,575.8555035440072,576.77099609375,972300
2025-12-29,576.7709995642584,579.1493487633917,574.5916863303316,575.079345703125,1274900
2025-12-30,573.2682589175706,574.9599736258616,571.4471738603528,574.6016845703125,1512800
2025-12-31,573.7458357978392,575.1588878393545,567.8348262241313,568.0935668945312,1736500
2026-01-02,567.9244282745939,568.093581510651,556.7591606871052,560.3814086914062,3901900
2026-01-05,556.8885329541652,573.4473289706722,555.7242606406251,565.7948608398438,2865000
2026-01-06,566.2227689497513,578.5323873805928,565.1679451312857,577.5074462890625,4056100
2026-01-07,576.4426255704404,582.4233007170747,574.8006548600157,577.0894165039062,3653900
2026-01-08,574.6912061846187,586.7918269798138,570.7007691185073,577.2387084960938,3390200
2026-01-09,576.1523691287855,579.3415453427215,573.3917903628915,573.591064453125,2221100
2026-01-12,562.120106759135,565.9570455300814,554.0076558867856,564.3624877929688,3486400
2026-01-13,557.0572814407279,557.0572814407279,531.8927836337781,543.14453125,8721600
2026-01-14,542.6562323956907,546.73240973965,536.3277588837174,544.9683837890625,3943700
2026-01-15,546.6626181083366,548.0179982702301,537.174835318124,540.8125,4005600
2026-01-16,538.4106684117223,542.1878739163757,536.8559532047293,537.6632080078125,3496200
2026-01-20,528.8032378022939,534.5935613265553,526.7203491035959,529.9393920898438,4098700
2026-01-21,531.7134338323525,535.5803003865619,522.9930627577661,525.7835693359375,4937700
2026-01-22,528.1256167859415,531.3845636789412,522.036320502706,531.0556640625,5114900
2026-01-23,529.6105320222558,530.338101486175,518.3986263630635,522.963134765625,5002900
2026-01-26,524.9264563020073,528.5939876454976,520.8802068628081,525.57421875,4839700
2026-01-27,525.8633011938227,527.3183184262399,517.7906928354904,518.6477661132812,3850800
2026-01-28,520.1925821531595,522.0562451688579,516.5150746480979,519.6045532226562,5483000
2026-01-29,529.9892229172449,542.3970767083056,518.3487812058779,541.8887939453125,5488300
2026-01-30,539.1780293529827,541.9187172403714,533.417572522911,536.9655151367188,4306900
2026-02-02,539.1580691255213,555.2334539655158,539.1182264733111,553.4893798828125,4603300
2026-02-03,552.4529858895477,558.2133824513234,547.1709445222494,548.8551635742188,5706700
2026-02-04,547.8684856797382,554.715217630343,539.1780425275945,551.6456909179688,4448000
2026-02-05,552.9711783428334,560.0172456637108,548.0878069042582,550.021240234375,4621600
2026-02-06,551.197190637133,554.9045647012864,537.9721063106256,546.8818359375,3779700
2026-02-09,541.8689013086442,544.7092262559487,532.3910945092823,533.5172729492188,4110300
2026-02-10,534.4540758400947,545.1477219257376,533.1883569109134,538.5601196289062,2222700
2026-02-11,536.3277416398079,538.8690946680849,531.3047691497292,535.6400756835938,3691000
2026-02-12,538.101695399235,541.1613071423488,525.3650023426062,525.6739501953125,3466200
2026-02-13,527.268516598842,532.1818155384664,514.2726940027525,516.604736328125,4017700
2026-02-17,513.2560717953911,524.0792823221843,513.2560717953911,520.16259765625,3178000
2026-02-18,520.7207386007042,528.9627542546749,517.6412359991667,526.192138671875,3575900
2026-02-19,523.0328715148239,524.7470788343395,514.3025251351302,518.498291015625,3009400
2026-02-20,518.4883271895454,525.7137772080447,516.8339750532887,524.62744140625,2838500
2026-02-23,518.7075550778931,520.9499361269833,488.34076180188265,494.350341796875,6312300
2026-02-24,492.0681055128485,497.55945748018934,489.59652266539183,496.3136901855469,5292900
2026-02-25,501.1173704894406,508.8112304304583,500.7187310425245,507.6651306152344,4139100
2026-02-26,509.2198444052808,518.139550275927,507.2864111578843,513.0269165039062,4843600
2026-02-27,507.7448671996763,517.0034185248245,505.03407626933733,515.4586791992188,5121100
2026-03-02,507.7548587103437,524.3783407828515,505.62209037395337,519.23583984375,3827000
2026-03-03,511.8707999525178,525.0161384264902,511.2628801324818,522.5445556640625,4199700
2026-03-04,522.3850834207832,524.3783111000616,518.5182776851857,521.1492919921875,3154700
2026-03-05,519.3354191739762,523.5411609786337,511.01371839834417,522.8833618164062,3879300
2026-03-06,517.8804195850827,520.7805390342954,510.46561033742245,520.5712890625,2872900
2026-03-09,514.5218774535628,519.1262288038114,507.3860878678932,515.9669189453125,3546600
2026-03-10,515.1995410262484,517.5714868513976,509.2696764633758,512.97705078125,2759800
2026-03-11,511.3426359996665,513.5650653540313,501.01770100498106,502.2933654785156,2873200
2026-03-12,498.30693132130415,503.907896363077,494.60950240688766,495.62603759765625,2702500
2026-03-13,494.8785300315983,500.1605708344527,493.7224544114146,496.3036804199219,2809300
2026-03-16,496.9315876099652,506.85785293189724,496.9315876099652,506.77813720703125,3450300
2026-03-17,508.8211514150458,515.209479786216,504.78487778600623,504.8645935058594,2834300
2026-03-18,502.04420627088837,502.04420627088837,486.26782305708804,486.8159484863281,3458700
2026-03-19,488.8590025913474,495.39678685156525,485.6598807284206,489.4769287109375,3284500
2026-03-20,490.8024045256165,497.52954774720575,489.3473568781192,494.6393737792969,5762900
2026-03-23,504.3363910086009,505.32305933210245,498.68560791015625,498.68560791015625,2985900
2026-03-24,493.9617018913069,501.02769041919385,491.56980432631326,497.24053955078125,2278900
2026-03-25,499.5925631005439,504.5357592579778,492.8853409715531,501.0575866699219,2422000
2026-03-26,498.815204734244,503.09065622624695,497.36012662392193,499.05438232421875,3995400
2026-03-27,497.7587678351186,498.3567117756297,478.8729244151722,482.6002502441406,3963300
2026-03-30,486.3774239634718,493.8620032165539,485.35091298215303,492.32720947265625,3629500
2026-03-31,498.30692367166904,499.7121528461321,488.9188078474288,497.96807861328125,4417600
2026-04-01,500.52935948805333,501.2967411645667,484.0054856598396,489.98516845703125,4607100
2026-04-02,486.47711747628966,498.1873300695899,486.0983993516747,491.7691345214844,2926000
2026-04-06,492.0780619262817,500.2104341538506,489.5167571703568,499.80181884765625,2466000
2026-04-07,496.6026882726865,500.89809122547007,493.99156503893755,496.59271240234375,3593200
2026-04-08,506.27982655193006,510.0868986888052,504.14705835305307,505.4028015136719,3874900
2026-04-09,503.61575911399495,505.82208253363325,496.9269900902095,502.7272644042969,3301800
2026-04-10,501.16990038575426,503.54592235112034,494.84051397652684,497.82550048828125,2842200
2026-04-13,495.3995738401377,508.0184050537669,494.1716212678326,507.7288818359375,3318100
2026-04-14,507.14987048048,513.1198435517446,505.8420651809317,512.3012084960938,2744600
2026-04-15,515.136449065474,521.5656738515961,512.3411471873799,519.08984375,2910800
2026-04-16,517.1630848653601,521.3560072472516,516.1447723784948,517.6721801757812,2967400
2026-04-17,520.6272897989797,526.5872699856476,517.8718988035894,520.4276123046875,3617200
2026-04-20,519.8885076004997,523.6022528591566,513.6788852082232,515.785400390625,2503500
2026-04-21,516.064911169074,522.2345616371073,509.3162447353658,510.4942626953125,3444900
2026-04-22,511.21305114125954,512.9301434498145,504.8736718600815,509.3062438964844,2288500
2026-04-23,506.5209156502675,508.7970988705705,497.5359770754125,501.5392761230469,2724000
2026-04-24,498.16490223776395,504.7638254971912,494.80054695099955,503.3262634277344,2406900
2026-04-27,499.92196456641676,508.19806892942654,499.92196456641676,505.58245849609375,2531300
2026-04-28,511.3927337208119,516.1347844483354,506.391108362079,506.7704772949219,3892500
2026-04-29,529.1030571189795,533.3160266750201,520.0183102540465,524.3510131835938,5876700
2026-04-30,503.6557115813454,513.2895865328657,498.1249743249343,502.078369140625,5975100
2026-05-01,505.15319847888844,508.14817791651035,491.32637064856624,494.6308288574219,4531800
2026-05-04,494.17160409255035,506.44104497528815,493.05348331752737,503.8952941894531,4419900
2026-05-05,500.1915096501422,503.0367461806949,492.4345239523147,496.24810791015625,4216700
2026-05-06,498.30470057373964,499.9019985900837,488.9104446142212,491.06683349609375,4363300
2026-05-07,491.87548387368145,502.67735356194936,491.87548387368145,500.1016845703125,4964100
2026-05-08,499.293029934125,499.57256013132996,490.9070935514707,494.65081787109375,4143400
2026-05-11,494.1716032465931,500.82046120080076,491.1866168469714,496.9768981933594,3959400
2026-05-12,499.77219023432,505.4626631941628,498.9136441099993,498.9735412597656,3296000
2026-05-13,494.780561947057,497.76557877805425,489.49943691241896,489.81890869140625,3322800
2026-05-14,490.4578405207208,493.67245306164295,487.19332384152165,489.1200866699219,2584900
2026-05-15,492.6741146043095,501.43941982177057,491.50605922521294,493.3729553222656,3416500
2026-05-18,490.6674856541354,505.38283909887537,490.12841127571545,504.9435729980469,4076600
2026-05-19,506.71060128060833,512.0416916577155,497.6657655319323,498.86376953125,3378300
2026-05-20,492.67413208821813,498.8637686293235,489.97863832788033,497.20654296875,3615700
2026-05-21,495.1699375037718,500.5409388779497,489.2498687484,498.78387451171875,2474600
2026-05-22,498.27471141173817,503.4161171218902,496.48772896060603,497.7056884765625,1959300
2026-05-26,495.1699228818507,496.01850646396144,491.23651420228333,492.1849365234375,1947300
2026-05-27,492.1849463213105,498.5143325313906,491.68578308266217,494.2115478515625,2834900
2026-05-28,492.5143885364638,493.75230363884305,485.5360960977515,492.9237060546875,3924100
2026-05-29,493.6724391086357,499.2730359779371,492.0152135134834,493.1533203125,5693100
2026-06-01,493.42287710421857,496.2980623249602,487.83224256016626,494.42120361328125,4653400
2026-06-02,492.2348508236484,493.1632871362614,476.8805847167969,476.8805847167969,5028300
2026-06-03,476.55114553381765,481.1534159268022,463.74259988972767,470.7608337402344,5227200
2026-06-04,478.7574354671122,487.73238060723077,476.6609438045407,480.9537658691406,4020600
2026-06-05,483.1900102096055,493.17327488335764,483.1900102096055,490.2581481933594,4230700
2026-06-08,485.9454109853297,488.70077137462897,482.89053436976525,484.85723876953125,3091900
2026-06-09,483.08021272690826,494.5909157677438,481.19336106478517,494.41119384765625,3309600
2026-06-10,496.6374789814424,497.96523980462445,485.68583619433036,488.2615051269531,3239900
2026-06-11,487.8422271630025,490.64752216777816,483.5793840107489,485.6958312988281,3801000
2026-06-12,488.0618689257409,491.5460186952328,483.72913552972176,489.1600341796875,3984200
2026-06-15,489.67912836315963,492.72401187789814,485.8455584148294,489.81890869140625,3888500
2026-06-16,491.03684439628216,500.66072622012945,488.69080155788726,500.4909973144531,4006000
2026-06-17,502.08831487366655,503.7954750413868,491.5759385594402,492.1649475097656,2927100
2026-06-18,493.94198330363315,495.1599428322381,488.0918047338876,488.9703369140625,6674700
2026-06-22,487.34307291781533,494.8305217449699,482.33148480411586,483.2798767089844,3955600
2026-06-23,488.0119117407287,490.7373539539883,483.60931884727944,487.2532043457031,3936400
2026-06-24,487.26318724492586,497.60586568121545,485.4063145692071,493.5826110839844,3609700
2026-06-25,495.1699448677483,503.95520589654103,487.83223898658815,488.101806640625,3722000
2026-06-26,487.7623444657277,503.51593530405756,487.7623444657277,498.18487548828125,9200900
2026-06-29,501.6590438592268,514.5873836437933,501.6590438592268,508.787109375,4812000
2026-06-30,511.04334170419196,513.1398334985577,506.2913281656718,512.740478515625,4696300
2026-07-01,516.3843571068327,529.5223063997895,512.5607497358377,521.565673828125,4412800
2026-07-02,528.843437305195,538.7268932800773,525.1895894023713,538.4873046875,3900200
2026-07-06,539.8350536753044,540.9831535061015,521.8052797960069,532.2078247070312,3578000
2026-07-07,532.9466632684534,542.7402441213551,529.1130625706223,530.7303466796875,3516600
2026-07-08,530.2211631552688,530.730319410298,516.344461617261,518.989990234375,2723800
2026-07-09,518.030029296875,523.22998046875,515.1099853515625,523.2000122070312,2843700
2026-07-10,527.260009765625,528.9400024414062,519.6500244140625,526.739990234375,1616900
2026-07-13,530.7100219726562,539.9299926757812,530.7100219726562,537.7000122070312,2871500
2026-07-14,534.989990234375,543.4600219726562,532.0599975585938,538.02001953125,3323800
2026-07-15,538.5399780273438,541.239990234375,529.0800170898438,535.2100219726562,3128500
2026-07-16,541.5,551.6799926757812,539.6900024414062,551.5399780273438,2925400
2026-07-17,550.5,551.719970703125,540.22998046875,543.5999755859375,3221600
2026-07-20,540.0,547.9099731445312,538.010009765625,547.4400024414062,2572500
2026-07-21,543.760009765625,544.3400268554688,536.8499755859375,538.2999877929688,2935700
2026-07-22,538.9400024414062,540.0,530.72998046875,531.97998046875,2313200
2026-07-23,527.97998046875,530.8800048828125,523.6099853515625,530.2899780273438,2071700
2026-07-24,531.4600219726562,540.0,529.6900024414062,539.6599731445312,2551600
2026-07-27,543.1799926757812,553.8900146484375,542.02001953125,551.7100219726562,2365000
2026-07-28,561.030029296875,564.6099853515625,557.4299926757812,562.75,3126100
2026-07-29,555.0599975585938,569.989990234375,554.9199829101562,563.3200073242188,3524200
2026-07-30,577.3599853515625,582.6199951171875,567.6300048828125,577.3499755859375,5302500
2026-07-31,567.6799926757812,575.4199829101562,563.4199829101562,573.0999755859375,4577700
2026-08-03,580.0,583.7100219726562,570.780029296875,570.969970703125,3508300
2026-08-04,566.989990234375,573.3499755859375,564.0,571.0999755859375,3207100
2026-08-05,575.739990234375,578.260009765625,568.5999755859375,570.47998046875,2431700
2026-08-06,573.2100219726562,576.3599853515625,566.3699951171875,575.9500122070312,3017000
2026-08-07,572.5700073242188,572.989990234375,561.6199951171875,562.9500122070312,3018500
2026-08-10,561.1099853515625,566.77001953125,559.3599853515625,563.1699829101562,2644100
2026-08-11,562.7100219726562,567.6300048828125,560.0,561.4400024414062,2465000
2026-08-12,557.5599975585938,563.5499877929688,556.0599975585938,559.72998046875,3095200
2026-08-13,565.6099853515625,568.280029296875,557.7000122070312,567.0399780273438,1982600
2026-08-14,567.9500122070312,570.6699829101562,564.4400024414062,569.2899780273438,2473300
2026-08-17,565.239990234375,569.27001953125,561.260009765625,562.260009765625,3019000
2026-08-18,563.8699951171875,578.5,563.1799926757812,574.3099975585938,3907600
2026-08-19,571.5,582.9299926757812,570.3300170898438,573.719970703125,3053200
2026-08-20,572.0700073242188,579.6099853515625,571.7999877929688,573.8499755859375,2612700
2026-08-21,574.5499877929688,582.280029296875,573.0399780273438,580.6300048828125,2200300
2026-08-24,585.0,599.989990234375,584.219970703125,599.8599853515625,3122300
2026-08-25,596.8699951171875,601.22998046875,595.3499755859375,599.3699951171875,3370900
2026-08-26,599.3699951171875,600.489990234375,594.7100219726562,598.469970703125,3110900
2026-08-27,593.760009765625,594.010009765625,588.1099853515625,591.72998046875,3193800
2026-08-28,593.9500122070312,598.02001953125,592.0800170898438,595.2999877929688,1885300
2026-08-31,593.5399780273438,595.1799926757812,588.3800048828125,589.3099975585938,3151800
2026-09-01,589.6500244140625,592.6400146484375,580.8800048828125,581.0999755859375,3310300
2026-09-02,584.0,590.7100219726562,583.7000122070312,588.1400146484375,2290400
2026-09-03,590.6900024414062,592.969970703125,583.8099975585938,585.7100219726562,2238400
2026-09-04,580.72998046875,584.5,578.7100219726562,579.2100219726562,1774100
2026-09-08,572.6699829101562,575.6699829101562,567.010009765625,570.8900146484375,2705400
2026-09-09,569.0,570.8400268554688,565.72998046875,567.5,1825000
2026-09-10,565.0,568.72998046875,563.1699829101562,565.3699951171875,1880100
2026-09-11,568.8800048828125,572.6799926757812,564.25,569.1900024414062,2049300
2026-09-14,575.97998046875,578.9000244140625,565.9600219726562,574.4199829101562,2506300
2026-09-15,571.47998046875,574.0,567.3099975585938,573.27001953125,2127800
2026-09-16,571.5900268554688,573.0399780273438,565.3200073242188,567.75,2385300
2026-09-17,568.0700073242188,569.8599853515625,564.0700073242188,565.72998046875,2070600
2026-09-18,564.9500122070312,568.4299926757812,561.9000244140625,565.239990234375,5439800
2026-09-21,567.1099853515625,569.3900146484375,562.3599853515625,567.6500244140625,2572400
