Date,Open,High,Low,Close,Volume
2021-09-22,343.9358922217958,346.5211170358192,337.4579277519435,339.9540100097656,43692900
2021-09-23,342.0836035508044,346.3527429943944,339.7460070496701,342.67791748046875,21806300
2021-09-24,339.9837519281476,350.98836964938835,339.12201025317967,349.6115417480469,18801900
2021-09-27,346.49139286640155,351.7807293117022,343.787281160632,350.2256164550781,15205800
2021-09-28,344.6688680837668,346.28340938318667,335.7047360096457,337.4183044433594,21710300
2021-09-29,339.8945780567784,341.9548623163684,335.6650978296947,336.3881530761719,14452200
2021-09-30,337.2201990425168,339.54788065926175,334.94200076178834,336.1702575683594,16547100
2021-10-01,338.36917783747884,341.7468312581869,335.4273828428636,339.75592041015625,14905300
2021-10-04,332.34692388422474,332.7530379615921,319.6386516394734,323.1351623535156,42885000
2021-10-05,325.46275660805287,332.0001486217559,323.06573201413227,329.80120849609375,35377900
2021-10-06,326.61179751747477,331.20779305855666,322.70917327497307,330.4748229980469,26443000
2021-10-07,333.8029318269269,335.6254723970714,325.859027239439,326.09674072265625,28307500
2021-10-08,328.36499407346145,330.2370480375856,325.5915393696402,326.9188232421875,15946100
2021-10-11,324.52182973320663,327.3249686608532,322.2238319594093,322.3625183105469,14708200
2021-10-12,319.96542480174827,321.30262344592575,314.35911739076505,320.6983947753906,31658700
2021-10-13,323.86812160601477,323.89783579467144,319.5990118766299,321.461181640625,14761500
2021-10-14,325.2449295184117,327.38444185299204,323.9969033276233,325.413330078125,14302200
2021-10-15,325.5619028584259,325.9482175533189,319.450452750126,321.6791076660156,21596400
2021-10-18,325.82932780455684,332.7034918007029,324.39307157962,332.15869140625,21585000
2021-10-19,336.4278165275038,339.2111563186814,334.0803049809579,336.76458740234375,18786300
2021-10-20,340.1917721794309,340.7167429686975,336.2297193613997,337.5470886230469,13639500
2021-10-21,337.051800174184,339.06254058022586,334.59531677700437,338.6366271972656,16354400
2021-10-22,323.25396996528013,326.5028518621988,318.0636605456688,321.53045654296875,35224500
2021-10-25,317.26132757185974,326.43348836966,316.6868432855544,325.5717468261719,38409000
2021-10-26,325.1458977421455,327.07738049403684,306.6629163795354,312.8139953613281,65654000
2021-10-27,311.2093382958503,316.2213325660443,309.09954038695395,309.2580261230469,29971800
2021-10-28,310.02071235486125,322.4318413639848,305.1870031716,313.9134521484375,50806800
2021-10-29,317.15239653006995,322.9072753067084,316.56799741991904,320.5003356933594,37059400
2021-11-01,322.94695416563655,330.2866611044085,322.9073251710822,326.8495788574219,31518900
2021-11-02,328.2362098869404,331.61386291747607,320.72810425658287,324.9674987792969,28353000
2021-11-03,324.3831744657556,328.99896983664695,320.133894388822,328.4739990234375,20786500
2021-11-04,330.84133865101325,334.0703912747809,329.49422491915584,332.66387939453125,22495300
2021-11-05,337.08157068670914,343.50010760013765,336.41794371921213,337.893798828125,26872800
2021-11-08,341.15252569501473,341.5190106953117,335.13018928713274,335.40753173828125,18342500
2021-11-09,336.7744347191167,338.07200438758383,331.29689879883693,332.1883544921875,17556700
2021-11-10,329.3356718374902,330.0290430584842,322.4219101465956,324.5317077636719,21872600
2021-11-11,326.6910213762146,329.30596010938746,323.8977673207327,324.6307373046875,12376600
2021-11-12,327.04764851838536,338.6168357013204,326.651449275037,337.65606689453125,25414300
2021-11-15,341.0733027181568,350.29497795013197,339.94413341835536,344.26275634765625,25076600
2021-11-16,340.5681320074988,343.36138641858486,337.6362214703641,339.7063903808594,18181100
2021-11-17,340.97419074755265,344.0051581564252,336.87348258239615,337.537109375,13602800
2021-11-18,336.4970949092325,339.21109099610953,332.1190139232791,335.47686767578125,17487200
2021-11-19,338.9536336608704,348.7597084263022,336.6754351335871,342.0242004394531,26488500
2021-11-22,345.7386376225434,350.47328974569933,337.2796762366128,337.7749328613281,27116800
2021-11-23,335.7146531726207,338.1612221428019,330.3361734060821,334.05059814453125,17225000
2021-11-24,332.8124078929449,338.5375725100761,329.65266862595445,337.82440185546875,13566200
2021-11-26,332.6143153952262,334.54582819698936,328.7513200197634,329.9597473144531,14750700
2021-11-29,333.6940422195019,337.4381813076392,332.12901426806184,334.8232116699219,16650900
2021-11-30,331.82188281403944,332.62419599304644,320.3616391886827,321.3818664550781,25390000
2021-12-01,327.15665201766916,327.36465135043227,307.34638567271105,307.6534423828125,30329600
2021-12-02,308.44580182117534,311.615456125547,304.2856645532592,307.4454040527344,24396200
2021-12-03,310.75375904425186,310.77355842882014,296.65874342448325,303.9291076660156,27471000
2021-12-06,305.2069012658568,317.06334796960687,303.4338738015474,314.8544921875,21758300
2021-12-07,318.51930151789117,323.44215278295127,317.95470180201283,319.7475280761719,18794000
2021-12-08,321.9168207655429,329.5932987991828,320.00513736157893,327.424072265625,19937700
2021-12-09,326.4137280700366,332.9412064242333,324.88832927968264,326.6910705566406,16879200
2021-12-10,329.40507435185765,331.8516432168082,323.2737950957278,326.6217346191406,14528000
2021-12-13,327.810377265732,337.8541660579988,326.4632635062332,331.3167724609375,22948700
2021-12-14,324.9378602343936,332.51531079480975,324.5416609791982,330.5738830566406,20461000
2021-12-15,329.3357126631518,338.86444447700785,320.90646618138993,338.4187316894531,24681300
2021-12-16,335.7641498312168,341.192142407616,330.5738405036605,331.72283935546875,22635000
2021-12-17,329.64275402513096,333.91186315124145,327.61221422170854,330.6233825683594,40012600
2021-12-20,326.6514269703458,326.770283712428,319.4702065982761,322.3625183105469,17901800
2021-12-21,323.3134045099848,332.81242209662514,320.6786358743523,331.0295104980469,16116800
2021-12-22,330.6332889806254,331.3365751060085,325.14586770127795,327.3150939941406,16764600
2021-12-23,326.9683491824881,333.4760268837815,325.2448359977262,332.0595703125,13987700
2021-12-27,335.6353354940613,344.5697518559476,334.8033082029195,342.8957824707031,17795000
2021-12-28,343.3415693308542,349.36387583007934,341.92514281693957,342.9354553222656,16637600
2021-12-29,343.6189229149858,346.37254828226514,338.39892945980847,339.68658447265625,10747000
2021-12-30,340.73647791897685,343.93584584665433,339.96387897467827,341.0930480957031,10593300
2021-12-31,339.76588697025056,340.1819158880519,333.0799216897905,333.1591796875,12870500
2022-01-03,335.0905949060386,337.8442203225513,333.9911397916042,335.3283386230469,14537900
2022-01-04,336.72500157879006,339.8351975589481,328.7216373498241,333.3374328613281,15998000
2022-01-05,329.8607141930041,332.5747410741527,320.7678097421682,321.0946960449219,20564500
2022-01-06,319.757468523727,335.95236488514416,319.6584111611982,329.3059997558594,27962800
2022-01-07,329.583303246932,333.80289852139816,325.75993737571036,328.642333984375,14722000
2022-01-10,322.22384601970924,325.2250998004948,312.4375707870831,324.9576721191406,24942400
2022-01-11,323.67988482158984,331.45541906764635,322.1941151017598,331.1978759765625,16226800
2022-01-12,332.00021818670064,333.17893135223176,326.8990810822945,330.09844970703125,14104900
2022-01-13,331.80211343174307,332.4459409483051,322.6695807714662,323.38275146484375,14797100
2022-01-14,318.73726829056005,329.5734857015152,318.1627536758441,328.7513427734375,16868500
2022-01-18,320.22302736269484,321.134282597393,314.6266337152197,315.13177490234375,22645600
2022-01-19,316.54816014728794,323.9968379334689,316.30053187467416,316.5580749511719,20814700
2022-01-20,320.82724868920974,324.7100740876156,312.98240035758846,313.556884765625,16925000
2022-01-21,311.82347328682636,315.2902696559625,300.1651432361492,300.2939147949219,28710700
2022-01-24,295.01443775641104,306.5935390860729,286.2682198003165,305.78131103515625,38878100
2022-01-25,297.10443625557576,303.3248577294075,294.756894660404,297.3025207519531,25108500
2022-01-26,304.09745777455754,304.592714359199,288.0907613315765,291.83489990234375,28348800
2022-01-27,294.9252995982087,298.8477233305186,291.46841827002106,291.8448181152344,21629900
2022-01-28,292.8154658615873,299.0358866671592,290.2500406644229,298.8476867675781,21871600
2022-01-31,297.82750439466724,310.81314828182417,296.4804209400461,310.2881774902344,21579500
2022-02-01,311.57584315018147,316.6274667326682,309.15898842017714,315.9737243652344,18023800
2022-02-02,324.7100723034734,324.88835744001545,313.86393974283163,319.935791015625,58458300
2022-02-03,242.32901363877835,245.6472384293022,233.5134534665645,235.50437927246094,188119900
2022-02-04,232.74087623430282,240.3083961012587,227.926981717232,234.84075927734375,89342200
2022-02-07,235.4449943726632,236.0393083629009,221.8848656845653,222.77633666992188,88613800
2022-02-08,218.75482835465843,223.62815108596232,214.09940460460425,218.09117126464844,94729700
2022-02-09,222.07303645957367,231.15603987360373,220.10192504169717,229.79904174804688,86563300
2022-02-10,226.10442588791412,232.77057471045967,224.54931309149697,225.9063262939453,49310400
2022-02-11,226.2926387978529,228.2340360899679,216.69456404523424,217.4671630859375,46156900
2022-02-14,217.2294466995102,218.90341641978898,212.74242312862532,215.6347198486328,38184000
2022-02-15,218.37844109115068,219.05198279600086,213.01976118237621,218.90341186523438,42685500
2022-02-16,210.3949235772099,215.39701852481616,210.34539489178158,214.48573303222656,45817500
2022-02-17,211.9896377822518,215.43661946171025,205.19471667420856,205.739501953125,38747500
2022-02-18,207.40357732976162,208.75067600964022,203.2335097258475,204.2042236328125,37128400
2022-02-22,200.4204308146971,205.51166789439114,198.1620620004535,200.16290283203125,39852400
2022-02-23,202.2231896272038,204.9768152650617,196.17115303881118,196.56735229492188,44481400
2022-02-24,189.24745678323796,206.37343912751933,188.41542929090912,205.63055419921875,49957200
2022-02-25,202.99576396471832,209.3152425919104,201.25245117706206,208.4832000732422,37627600
2022-02-28,205.70977460452164,211.12788303037252,204.86784745096298,209.0279998779297,34239800
2022-03-01,207.8790038364015,209.74117351924926,200.30158377848542,201.55953979492188,27094900
2022-03-02,202.8373007560138,207.1658387927905,200.1034896455284,206.13571166992188,29452100
2022-03-03,207.03707195533144,207.09650032870152,199.50916563846303,201.04446411132812,27263500
2022-03-04,200.4501774872017,203.93678863606254,196.90413795686584,198.16209411621094,32130900
2022-03-07,198.88515752892494,198.98421490387696,185.5033283763237,185.6915283203125,38560600
2022-03-08,186.06791687683574,194.83394992103973,184.34441841025128,188.48475646972656,37508100
2022-03-09,193.88305611806507,197.21118102156763,192.08031486806996,196.6168670654297,31894700
2022-03-10,192.99157786113707,194.4179192105227,189.25735418046153,193.3580780029297,24853000
2022-03-11,190.81244953272395,191.72371980233706,184.8990849135122,185.83016967773438,34694500
2022-03-14,185.2556657511156,190.46575926857847,184.05715335189254,184.85946655273438,31010500
2022-03-15,188.98990976643933,190.45586497885327,184.1463011258414,190.20823669433594,31721700
2022-03-16,192.85292076282985,201.79725392342633,192.67463563810253,201.69821166992188,40640300
2022-03-17,199.786505297213,206.0663552283428,199.2021061486321,205.86825561523438,29499700
2022-03-18,204.7390705419784,214.743259669373,204.0457143412949,214.4362030029297,52128000
2022-03-21,212.4650663997924,212.67308080728046,205.6602460327085,209.48362731933594,30142300
2022-03-22,209.3647573623365,217.37802014383146,208.18604430863425,214.59466552734375,31998800
2022-03-23,211.30616498178733,214.74324670557402,210.14726644902805,211.4349365234375,23717300
2022-03-24,212.96031686465494,218.576524337588,212.75230246312537,217.48696899414062,31502300
2022-03-25,218.4180522669138,223.36071839438637,216.8134257783533,219.71563720703125,40039000
2022-03-28,220.0227310707849,221.9146000464947,217.45729005660445,221.4688720703125,26224100
2022-03-29,223.92531364233645,228.69957913548967,223.1526994853717,227.67935180664062,31417900
2022-03-30,226.73837232323098,228.95711214078747,224.5592463821174,225.6884307861328,25588000
2022-03-31,226.28270928938844,226.3223382763028,220.1514309279942,220.25048828125,24192300
2022-04-01,222.4197314591214,225.12382813403363,220.58727608103428,222.71688842773438,19544800
2022-04-04,223.83614968684148,232.12675474400933,223.71729294942983,231.67111206054688,28054800
2022-04-05,231.85931885123034,234.6129441858723,228.82835104504397,229.64056396484375,29727200
2022-04-06,224.75734801249203,226.817617228763,219.3095255537278,221.1815948486328,28995100
2022-04-07,221.8056138662761,223.38054134268012,216.48656281289078,220.8349151611328,21037200
2022-04-08,220.2703080967699,222.9942191227874,217.94259626528822,220.2207794189453,18375700
2022-04-11,216.3478761537915,218.5171023278682,213.178237158944,214.40647888183594,20516600
2022-04-12,218.1506263834152,219.92363831064247,211.1080771278359,212.10848999023438,20128800
2022-04-13,209.81052943973995,214.55508138302287,209.325172493303,212.95045471191406,19231800
2022-04-14,212.85138968765997,212.9504470573422,208.00778054523929,208.18606567382812,18379500
2022-04-18,208.00774747135367,211.35568652904894,206.32387825272494,208.77044677734375,16580800
2022-04-19,208.52285013971436,216.35779832971022,207.01726579292762,215.24842834472656,20089900
2022-04-20,211.58351727354366,212.1283025357954,197.03287649629226,198.51864624023438,43036500
2022-04-21,199.68743751615116,201.04443556217475,183.81941417629605,186.28579711914062,49954100
2022-04-22,188.56401110505266,190.89172339357523,181.53137578000232,182.3634033203125,36426800
2022-04-25,180.99648355626618,185.40426453530642,179.93664222860235,185.21607971191406,29281100
2022-04-26,184.85950672535105,185.414191769238,177.79714187992502,179.23338317871094,31747400
2022-04-27,172.77521210159048,179.49090557558733,167.39673262179144,173.290283203125,71062900
2022-04-28,200.99493488789147,206.5517144935164,191.06998848293978,203.7782745361328,100890600
2022-04-29,202.5203292563053,210.46423399242218,198.0035765082643,198.56817626953125,49193400
2022-05-02,199.26154166414338,209.86994484783412,199.08325654016426,209.12705993652344,49915300
2022-05-03,208.45351141392368,212.86129237421738,206.1158995284373,210.01852416992188,41556300
2022-05-04,208.65159974367043,222.17211400565108,204.99661872779126,221.29055786132812,41375900
2022-05-05,216.6648673463724,218.08129399729938,204.20420921574177,206.30409240722656,41129200
2022-05-06,205.3730078893223,207.39366332672168,199.11297218353045,201.83688354492188,34747200
2022-05-09,197.94412386365676,200.64823536650718,193.7245437206814,194.34857177734375,36303200
2022-05-10,197.61727266187168,201.0345551127532,192.34775057526267,195.77491760253906,34452500
2022-05-11,194.46747016608808,198.7662940874872,186.4839357080517,186.94947814941406,31153400
2022-05-12,185.28541260221448,196.17115904120752,183.02704352241034,189.42576599121094,38262200
2022-05-13,190.75305456413807,197.99370442341797,189.46538424163464,196.73574829101562,24549800
2022-05-16,195.1806178077068,203.4216792963445,194.07123281025147,198.14224243164062,27112600
2022-05-17,200.20251259115315,203.51083799137479,196.47818859658227,200.69776916503906,24872700
2022-05-18,198.1026048761926,199.09311790057356,189.81201569861332,190.41622924804688,23960000
2022-05-19,189.38610768968732,193.4373027695066,187.8012957479595,189.47525024414062,24446900
2022-05-20,193.1203601951297,196.03247142713522,186.08771041560578,191.70391845703125,31465600
2022-05-23,193.33826590922556,195.12119261810062,189.4257419542698,194.36839294433594,25059200
2022-05-24,178.83715605748554,181.93745200535835,174.4392751597391,179.5602264404297,50406300
2022-05-25,178.6885761586534,183.69067086733313,177.61883519746831,182.08604431152344,28030200
2022-05-26,181.14503749919965,191.00063965461956,180.53090911005106,189.81202697753906,23056500
2022-05-27,189.54461520382748,193.47695399634833,187.9994169595787,193.2788543701172,22562700
2022-05-31,193.04110467816804,195.72540192978965,190.18842200692896,191.80296325683594,26131100
2022-06-01,194.6457366037154,197.6370905938,183.24493551616632,186.85040283203125,36623500
2022-06-02,186.66220397387715,199.03371891553118,185.94903328193365,196.97344970703125,31951600
2022-06-03,194.1207580004967,194.74478610572024,187.97957964846339,188.9700927734375,19465000
2022-06-06,192.14966804467795,195.05186457069715,186.6126875701568,192.40719604492188,30574200
2022-06-07,190.10917429233888,194.66554065221433,189.67336121893422,193.79388427734375,18828700
2022-06-08,192.82319349656655,200.11337090024136,192.56566551808388,194.77450561523438,22267200
2022-06-09,192.43688321483836,197.55783411101615,181.93743834436526,182.25440979003906,23501600
2022-06-10,181.30352312640838,181.3629666121128,173.35961842280193,173.90440368652344,27450800
2022-06-13,168.9716409619256,170.94276764532825,162.47387687272146,162.70169067382812,31749300
2022-06-14,164.4549107520517,165.16808148844072,159.82921577082692,162.17672729492188,27244300
2022-06-15,165.6137958596035,170.52674773978174,162.4243423035829,167.743408203125,30008300
2022-06-16,162.16682553319055,163.5139241165005,158.0958155957932,159.34385681152344,26944100
2022-06-17,160.14617551058654,164.32614264789854,158.38306312914585,162.1866455078125,31374200
2022-06-21,164.355851494448,166.16849250243672,154.49034827782717,155.5601043701172,50724900
2022-06-22,156.87748770131634,159.26461306087128,153.96537643332633,154.37149047851562,47267800
2022-06-23,154.78747419782542,158.2344552828571,152.7866336612251,157.2439422607422,40499200
2022-06-24,160.19566740765447,168.63484261818434,159.76975406135583,168.5457000732422,68736000
2022-06-27,169.6947209654169,170.12063436732203,166.41610972665632,167.882080078125,29174600
2022-06-28,168.28817175404518,169.67489917984744,159.08631158986424,159.1556396484375,27744500
2022-06-29,162.01825006288854,164.75206103163413,158.79908218903333,162.38473510742188,28595200
2022-06-30,160.61171649424432,163.662499099928,156.98644950729903,159.7202606201172,35250600
2022-07-01,158.78918333279353,159.09624003489515,153.5295601734828,158.5118408203125,31423900
2022-07-05,156.63977482025155,166.65386502608303,155.53040474542456,166.5944366455078,28618600
2022-07-06,166.60434114363431,169.96218076930026,163.89034425885131,168.15945434570312,23085900
2022-07-07,167.84247614623044,171.08145887850063,166.18832074414408,170.55648803710938,24083400
2022-07-08,168.36740977129617,170.76444962067765,166.55476901405507,169.25888061523438,19249200
2022-07-11,165.4850457717474,165.90105949752098,160.37399408818905,161.3347930908203,21885600
2022-07-12,163.2365684897572,164.33603867968444,160.56218603464612,161.72108459472656,16639700
2022-07-13,158.64059980743468,163.4148656343762,158.09581451752635,161.9390106201172,16555100
2022-07-14,159.69052285116314,161.0475209587845,155.7878988272264,156.55059814453125,23765200
2022-07-15,159.01697389019125,163.41485467893096,158.3038183296143,163.13751220703125,23342800
2022-07-18,165.1680820487272,170.06121985120458,164.0686117525672,165.64352416992188,23574300
2022-07-19,168.7537165962495,174.81566721051857,167.90187470254017,174.11239624023438,25933700
2022-07-20,175.8061782268181,181.8582139641814,175.02366440209127,181.35304260253906,24784300
2022-07-21,178.91641498161522,182.1058688877832,177.17310197111868,181.43231201171875,27195800
2022-07-22,171.42812239814768,173.93411952098813,166.8123273767297,167.66416931152344,42583900
2022-07-25,167.39671204901418,168.95182485355318,163.24645978766063,165.06900024414062,26166300
2022-07-26,164.3657284020219,164.42515676333028,156.45152415049554,157.64013671875,28468400
2022-07-27,161.04751492895957,169.24896186330471,160.4829303435961,167.97120666503906,43846600
2022-07-28,159.53205284150843,159.97778075665616,153.38097436159958,159.19528198242188,73214300
2022-07-29,156.19404038280157,158.62079487799332,153.69794270378827,157.59066772460938,42065400
2022-08-01,155.75818243417817,163.62285873812968,153.75734177288857,158.41275024414062,40596700
2022-08-02,156.8081488726603,160.7008737717732,156.51099187734874,158.67031860351562,27374500
2022-08-03,161.1466023795378,167.9316090449362,160.03723238071788,167.19863891601562,31721900
2022-08-04,166.70337407267044,170.5168408125815,165.2176042772171,168.95184326171875,23938200
2022-08-05,165.40578621011906,169.98195184583187,164.22707321570084,165.52464294433594,25832700
2022-08-08,166.40623279185021,175.82600874276545,165.5444910656688,168.6348876953125,27299100
2022-08-09,167.34721187468983,167.92171137787093,165.01951478738823,166.9311981201172,18655100
2022-08-10,174.32042015858755,178.76781466812753,172.29976480556695,176.6481170654297,30262100
2022-08-11,178.00513869341538,181.36297792874385,174.6968130282163,175.8061981201172,24079100
2022-08-12,179.0947001249764,179.7385428124056,177.21273097656203,178.7876434326172,21274000
2022-08-15,177.26225168545815,179.7187202278223,176.50945196874255,179.17393493652344,15878700
2022-08-16,177.7376808343577,179.27297922912655,175.36044022225494,177.76739501953125,21156700
2022-08-17,175.0830916959517,176.4500046227847,172.51766637115318,173.19122314453125,20118100
2022-08-18,172.68604979429333,174.09257657908827,170.2295815443719,173.00302124023438,18844500
2022-08-19,168.585347613632,170.68524592495336,165.4652370052803,166.36660766601562,26240800
2022-08-22,163.92004384491045,163.92004384491045,160.72067515239857,161.50318908691406,19499700
2022-08-23,160.9385562707186,163.48418206614588,159.17544424932208,159.58155822753906,18111800
2022-08-24,159.07641297171577,163.89030733506195,158.25428526918608,161.71116638183594,20891500
2022-08-25,163.61294922743,167.27785984743534,162.46396549966474,167.17880249023438,15550500
2022-08-26,166.8816594042958,169.29851402619943,160.13626694265787,160.24522399902344,24023600
2022-08-29,159.13582774817965,161.50315329604436,157.50147217285706,157.6599578857422,20052700
2022-08-30,158.82879152817029,160.12636135178465,154.43091067186754,155.66905212402344,19567900
2022-08-31,165.48506265108244,166.24774700244456,160.6018242710214,161.3843231201172,40953000
2022-09-01,162.02813242286422,165.77227067885184,158.828779386987,163.79124450683594,30145700
2022-09-02,165.86143654279775,166.3368786589815,157.7095169310426,158.79908752441406,22634200
2022-09-06,158.58116293213033,160.15607522887,156.1940225896066,157.03594970703125,19339800
2022-09-07,156.26333869682563,159.43299265697226,155.32235428979533,158.86839294433594,16831200
2022-09-08,157.20435757728256,160.69095318036264,156.24355855832258,160.52256774902344,22530800
2022-09-09,161.70126672761162,167.93158759790776,161.47345294209856,167.5452880859375,22086800
2022-09-12,165.80200372255513,169.76405651727683,165.693046666139,167.35711669921875,23220400
2022-09-13,160.0074803380548,160.09663800417164,151.2216339328361,151.67727661132812,44444100
2022-09-14,151.87540587693218,152.08340520576425,147.63601016835642,150.03305053710938,43064200
2022-09-15,148.37885384164315,152.73710509645124,147.2892834709265,148.1312255859375,34606300
2022-09-16,146.64547344444176,147.17044419967905,142.92113436392827,144.90216064453125,40122800
2022-09-19,143.86214293941632,147.17045340764585,143.72347169565916,146.6157684326172,22169500
2022-09-20,144.39701436844177,147.42798236909735,143.8423293897639,144.70407104492188,23217400
2022-09-21,145.00123974971916,148.180794057092,140.6528870162431,140.77174377441406,38338600
2022-09-22,140.2071320244185,143.20838550180179,139.53357525858016,141.465087890625,34418500
2022-09-23,140.078339272026,141.26695178664684,137.57234272307412,139.0779266357422,31710700
2022-09-26,138.7907188219845,140.89061729647256,134.89800880596832,135.0762939453125,30497000
2022-09-27,136.6115645578511,138.0973342037132,132.84761176552766,133.1249542236328,30826500
2022-09-28,133.34287852401653,140.68258476393316,132.99620798185623,140.26657104492188,32658500
2022-09-29,138.03794778125484,138.51338998047325,133.91740841726872,135.11593627929688,38985400
2022-09-30,134.7593224231971,139.65245999644353,134.2145371462914,134.392822265625,33166400
2022-10-03,135.83900333700805,138.295472269546,134.8088760795033,137.29505920410156,27723100
2022-10-04,139.15718736958863,141.03915616677125,138.01808826474223,138.9491729736328,34670700
2022-10-05,136.92854421926995,138.87985634703463,133.50136204701403,137.66151428222656,27979300
2022-10-06,136.41345747443108,140.1080668924418,135.30408770289597,137.7506561279297,36231100
2022-10-07,135.46258692493413,136.97807099162284,131.18357753488152,132.18399047851562,33214800
2022-10-10,132.28303846245487,134.81874978981443,130.61896845760532,132.520751953125,24024000
2022-10-11,130.37135465236003,131.40149693986564,125.78528083107341,127.32057189941406,38481400
2022-10-12,127.10265620923876,128.43983990959,125.05228670905619,126.2904281616211,34605200
2022-10-13,122.35809144800207,129.89589732351547,121.36757827179285,129.053955078125,34325700
2022-10-14,129.75721510733246,130.53971380017276,125.31971312819348,125.55744171142578,23559400
2022-10-17,129.06387702964471,133.5112717641137,128.94500516437571,132.7683868408203,29612200
2022-10-18,135.78944052529357,136.53232536820332,130.15341843217345,131.54014587402344,25445000
2022-10-19,131.62927838527787,135.70028761839077,130.9656364565941,131.96604919433594,30691000
2022-10-20,131.66889301614896,135.4724746302485,130.06426670512602,130.2821807861328,26356300
2022-10-21,125.11171563509441,128.88556838099493,124.2499740167796,128.776611328125,46348600
2022-10-24,126.04278101191225,132.2136728562451,123.3882058325242,128.48934936523438,63563400
2022-10-25,129.63836760198063,137.0375021382594,129.35111032087065,136.20545959472656,38433200
2022-10-26,130.4307801137802,134.26407674548548,127.31066935949349,128.58843994140625,82791500
2022-10-27,97.05048569225889,101.52760198647805,95.465658542467,97.0108642578125,232316600
2022-10-28,98.63530334474642,99.8932517463561,96.58494138382862,98.25890350341797,95928300
2022-10-31,97.28820099802837,98.3777639314206,91.72151447773034,92.27620697021484,121361400
2022-11-01,93.43511047806369,96.56512821044703,92.6625114035202,94.2968521118164,110189600
2022-11-02,93.31624220877565,94.29684810347324,89.62163242073564,89.68106079101562,71821100
2022-11-03,89.225419169264,89.6018114153807,87.57126415586256,88.06652069091797,60664000
2022-11-04,89.49286744595292,90.52300209618889,87.25430546453602,89.92869567871094,55638100
2022-11-07,93.88083882412117,95.96091500917095,92.21677636467815,95.80243682861328,81987300
2022-11-08,95.01002428775018,96.87219393940613,93.89074709277739,95.5548095703125,52088300
2022-11-09,100.75500592946734,103.90483827078354,99.78429964895419,100.50737762451172,107677300
2022-11-10,106.10377075474774,111.68035703751443,103.61758064619659,110.80870819091797,80671000
2022-11-11,108.19375389288676,113.80996159782818,107.77773262965678,111.94779205322266,59961700
2022-11-14,109.93706017775395,115.16696877051291,109.74886780471479,113.13642120361328,53395000
2022-11-15,114.9688636373619,117.6135319944272,113.32461570055189,115.96928405761719,50670500
2022-11-16,113.4137558727234,114.97876846613556,111.59121530091352,112.15580749511719,33287800
2022-11-17,109.36255793503526,111.26434132441942,108.75834432324935,110.39268493652344,35093800
2022-11-18,112.72040524202392,113.23546878120747,109.57057296208852,110.98700714111328,33357700
2022-11-21,110.46202750500028,111.30396976120818,108.15413751811265,108.81777954101562,24351100
2022-11-22,108.81777699621372,110.5610822839359,107.2923858140838,110.3827896118164,29029000
2022-11-23,110.66013027395543,111.60111474319709,109.67952437189093,111.1751937866211,21343100
2022-11-25,110.24411606959775,111.66055016933491,109.96676604108382,110.35307312011719,12007600
2022-11-28,109.72905037394527,110.97709911380093,107.35181719798744,107.7480239868164,23309400
2022-11-29,108.50082032584676,109.88754036186755,107.51030709397708,108.42157745361328,23899200
2022-11-30,108.47109485006094,117.0390349255215,108.34232330682798,116.97959899902344,43348600
2022-12-01,118.06917483203381,120.05020130610832,117.27676877661378,119.29741668701172,36551400
2022-12-02,116.71217299397141,122.86325910257194,116.49425887930981,122.31847381591797,39950500
2022-12-05,120.59497493167788,123.48727149007217,120.19876816382572,121.26852416992188,35474900
2022-12-06,118.7724410925074,119.40636893409481,112.66096892302305,113.03736877441406,43689200
2022-12-07,112.6807890612556,114.78067230778217,111.80913256766372,112.84917449951172,29461100
2022-12-08,115.28582716124802,116.22681164920311,113.50290043384118,114.23588562011719,30619400
2022-12-09,114.20617728304649,116.42492477977007,112.78974307623727,114.80048370361328,26033400
2022-12-12,114.0872998763687,114.62217786056779,112.06665223284395,113.62175750732422,24747100
2022-12-13,120.97137425531437,122.1302804413038,117.51448530728406,119.01016235351562,44701100
2022-12-14,118.25735947363145,122.9622967411699,118.25735947363145,120.43648529052734,36922000
2022-12-15,117.20742229145134,117.50457170081783,112.92840580623972,115.04810333251953,34531000
2022-12-16,119.08940300806752,122.14017786045684,117.692775796295,118.29698944091797,67064000
2022-12-19,115.72165586210446,116.68245484942581,113.24537292860235,113.39395141601562,29769900
2022-12-20,112.18551981754156,116.21690797584208,111.39310628651303,115.97917938232422,28742500
2022-12-21,115.59288768248767,119.1983551342012,114.52313916736466,118.62386322021484,20392800
2022-12-22,116.0881464471389,117.49468096391249,113.29489946695158,116.0089111328125,23618100
2022-12-23,114.92924758831383,117.05885252050899,114.44389822698157,116.92018127441406,17796600
2022-12-27,116.8112133760396,117.47485535748366,114.94905141769915,115.77117156982422,21392300
2022-12-28,115.14714521287178,117.02912157076473,114.41416765178201,114.52312469482422,19612500
2022-12-29,115.29573623838778,119.88180956413302,114.67170809538558,119.1191177368164,22366200
2022-12-30,117.0390450751294,119.27759949927703,116.62302378162738,119.19835662841797,19583800
2023-01-03,121.65483415594089,125.17115913222959,121.11995610687912,123.5566177368164,35528500
2023-01-04,126.171558930905,127.8257215902195,124.65607506131268,126.16165924072266,32397100
2023-01-05,124.93342745855524,127.30076096399502,123.35851509460652,125.73574829101562,25447100
2023-01-06,127.74648766592082,129.09358621249376,124.84428370915916,128.78652954101562,27584500
2023-01-09,129.9157456344479,131.68875803118192,128.05357554198434,128.2417755126953,26649100
2023-01-10,126.0626330628833,132.17410628884218,125.94377629517417,131.72837829589844,28684400
2023-01-11,129.71760465565723,132.58018696370937,129.10347624461448,131.62928771972656,25423000
2023-01-12,132.17408817618485,136.37385460942158,130.51001808612253,135.41307067871094,30757700
2023-01-13,133.68957009095007,136.08661026210743,133.5607985362658,135.6804962158203,22423800
2023-01-17,134.8881103623894,135.4527102668676,132.97642671537093,134.07589721679688,21147600
2023-01-18,134.52159711506673,135.94793856083538,131.54015778330873,131.75807189941406,20215500
2023-01-19,131.2331010465874,136.14603811977713,130.88641537638443,134.85836791992188,28625200
2023-01-20,134.600824433167,138.61240550735874,133.33296887543173,138.0478057861328,28688600
2023-01-23,137.968574295266,142.39616942230165,137.34456126894062,141.91082763671875,27470100
2023-01-24,140.34581759991946,143.6244138707233,140.01894643052984,141.7820587158203,21970200
2023-01-25,139.8802655646775,141.8117631472624,138.97889498812754,140.15760803222656,26622000
2023-01-26,143.03012064584067,146.1106177463191,141.94056503724872,145.90261840820312,25482100
2023-01-27,146.8336650212401,151.7367017645022,145.99172285418197,150.3004608154297,35771900
2023-01-30,147.9925833204571,149.68635245699517,145.55591415743237,145.6648712158203,28040100
2023-01-31,146.54643493035033,148.4581333962686,146.12052147998406,147.5567626953125,29842100
2023-02-01,146.62567993758256,152.1230316759483,145.66488084483964,151.66738891601562,55661000
2023-02-02,181.6402916503079,195.28956054858224,178.45083835513196,186.97915649414062,150475700
2023-02-03,181.7294538486321,194.90328212954861,181.1549543921134,184.7604217529297,76809700
2023-02-06,184.76040319553877,188.8908409163399,183.7599904279974,184.29486083984375,42483800
2023-02-07,183.81943127733751,191.94163604417437,182.6506179068488,189.8021240234375,47080700
2023-02-08,188.1975137730895,189.01964156799266,181.18467828828204,181.68983459472656,36139100
2023-02-09,184.36420525560894,184.87926117745036,175.58825872232373,176.23208618164062,37118800
2023-02-10,174.67702030222054,177.1929173447695,171.70548050766527,172.4978790283203,33433600
2023-02-13,176.52925549200955,179.28288085064838,174.1520299683317,177.72776794433594,31463200
2023-02-14,175.4793303600647,179.7880539134967,174.2114746137919,177.77731323242188,24034600
2023-02-15,174.74633912257323,176.49955174049688,173.66668334839622,175.4793243408203,25308900
2023-02-16,171.11114906980143,174.18174592361305,170.16024978224985,170.80409240722656,25827500
2023-02-17,168.60513037572136,171.53704050153195,168.09005936452726,171.23989868164062,24171300
2023-02-21,172.65634992428673,176.47973140224695,170.2494101525039,170.447509765625,34592600
2023-02-22,169.4470989804623,171.12105357886202,168.0801859392518,169.49661254882812,22433200
2023-02-23,170.36825355773084,172.04222311849063,167.77311406677143,170.40786743164062,20017800
2023-02-24,167.04014620363478,169.10041548269487,166.0694474951461,168.77354431152344,19791300
2023-02-27,170.24942260395335,171.47764936355122,167.4561679783528,167.93161010742188,19277000
2023-02-28,170.2692116810981,175.86562028503738,170.23949749445683,173.28038024902344,46051100
2023-03-01,172.93369415041172,176.16277682159105,171.40831048855307,171.77479553222656,30998400
2023-03-02,170.74468531466525,173.34972498292606,169.80368560042976,172.87428283691406,17352000
2023-03-03,177.22261864549824,184.84956720739845,175.37036381141684,183.49256896972656,45877700
2023-03-06,186.21648632576435,187.8607419068596,182.8883612847426,183.14588928222656,33209400
2023-03-07,187.20699216600795,188.55409070361563,182.26432592649948,182.75958251953125,36701500
2023-03-08,181.135111312452,183.50243682806348,179.61962759945547,183.21519470214844,19432400
2023-03-09,184.5821653813318,187.13767647639995,178.58955670260283,179.96636962890625,26582800
2023-03-10,179.29277653353364,183.0171155818211,177.10375097626599,177.8070068359375,25665000
2023-03-13,176.2717266691827,182.03650533781763,173.16151598547867,179.18382263183594,24728000
2023-03-14,185.80045991237515,192.4765240355097,184.79013225971568,192.1793670654297,41642600
2023-03-15,191.11949657533418,195.9036765857476,189.0295133630918,195.87396240234375,42123600
2023-03-16,196.3791341234496,203.80798284096073,194.2297223748668,202.98585510253906,50447100
2023-03-17,198.6573250385186,199.98460909958362,193.5759874843718,193.75428771972656,50141100
2023-03-20,196.5970220436436,197.46867834689291,191.80294260383127,195.93338012695312,25186300
2023-03-21,201.27228408516245,201.61896975916017,196.07208965939063,200.24215698242188,31827000
2023-03-22,200.57894241263747,205.40273732700874,197.77578797165586,197.91445922851562,28477800
2023-03-23,200.91571470022444,205.90791020988812,200.23225810308912,202.34205627441406,27389700
2023-03-24,203.23350571619807,205.61074663533552,201.61897936179483,204.05563354492188,27716400
2023-03-27,202.86702282345124,203.9070647921286,199.44975502411125,200.91571044921875,18527200
2023-03-28,198.251213288919,199.12286975176147,196.02255856245037,198.77618408203125,19127300
2023-03-29,201.62887406975602,203.7683863098871,200.61854632624423,203.4019012451172,18851100
2023-03-30,201.45057529819331,206.11588391012782,200.8958903358771,205.86825561523438,22608300
2023-03-31,205.2739730343044,210.15719614163547,204.80843059390966,209.92938232421875,25440300
2023-04-03,206.8587634951746,211.46465873061032,206.22483568104965,211.04864501953125,17924600
2023-04-04,211.36561426806776,214.18858297541266,210.5236719900085,212.68299865722656,21026400
2023-04-05,212.11839275844684,213.14853493585227,207.948340708809,209.47372436523438,19396600
2023-04-06,207.264845615093,214.8818930167549,206.67053176843456,214.04986572265625,26104400
2023-04-10,212.6730936421114,213.6140781496592,208.6615122004268,212.71270751953125,16106100
2023-04-11,213.43578481904638,213.97067042272036,211.38543030904896,211.82125854492188,16710100
2023-04-12,212.80181491226134,214.78284096457585,210.56326091419643,211.96978759765625,18972200
2023-04-13,213.6834014078192,219.0519809623616,213.64378753129026,218.25958251953125,23310400
2023-04-14,215.81302535535528,220.00289204684645,215.4861541788514,219.38877868652344,21591200
2023-04-17,217.70489195515188,218.8836050942685,215.07013830104484,216.78372192382812,15481900
2023-04-18,217.82377806032105,218.3487488872562,214.15888196347908,215.82293701171875,12281000
2023-04-19,211.4448312978703,215.26821244369054,210.90994576347447,213.65367126464844,15898100
2023-04-20,211.45474392608833,214.69372617224192,210.75148805046584,211.04864501953125,16475400
2023-04-21,208.21576298804675,211.38540184850598,207.5917349057892,210.87033081054688,17717200
2023-04-24,211.6528421074743,211.89057070393048,208.7110319642467,210.7712860107422,15750900
2023-04-25,208.81999116886178,209.25580426247976,205.164995198567,205.5810089111328,19198200
2023-04-26,210.4840335422296,212.07876023621668,206.8983809602588,207.41343688964844,41992700
2023-04-27,237.61419826423133,239.3971249518999,234.5238020816266,236.29681396484375,71196500
2023-04-28,236.74257602698668,238.14910308525202,233.51350814229582,238.0401611328125,39554000
2023-05-01,236.35623322246266,241.68519858513287,234.21673639378213,240.8729705810547,29143900
2023-05-02,240.872991990808,242.59649039463295,236.72275439118064,236.9703826904297,24350100
2023-05-03,237.198211584198,239.45658060790274,230.54196126779468,234.78135681152344,34463900
2023-05-04,233.8205539721338,235.94025170983895,230.72024268176773,231.30465698242188,17889400
2023-05-05,230.03680003341762,232.4536396404436,227.66947399710847,230.57167053222656,27000500
2023-05-08,229.2245363242287,233.38468825855355,228.08545232205495,231.05699157714844,16400500
2023-05-09,229.2641829841622,233.64224934379664,228.88778314634615,231.1560516357422,16865600
2023-05-10,233.92947145171752,234.50397084974261,228.5311782078663,230.86878967285156,19119000
2023-05-11,230.8391040931478,235.9501558283162,230.09621919375817,233.5531005859375,20449000
2023-05-12,234.49411540744742,234.7120295345079,229.25429178044698,231.59190368652344,16161400
2023-05-15,234.67238089355857,237.9806912888239,233.09746856404405,236.59397888183594,20653200
2023-05-16,233.5530981976764,237.36658002116022,233.2856705187338,236.5543670654297,18163800
2023-05-17,236.18786299635764,241.5267283923973,235.88080633108018,240.18954467773438,21193100
2023-05-18,239.01081275421058,244.7458769218774,238.90185570924135,244.50816345214844,22943300
2023-05-19,245.1223028350806,246.3307301483114,241.10082166096547,243.30966186523438,21733600
2023-05-22,243.0818364959485,251.16442745149178,242.79457921773178,245.9642333984375,27738500
2023-05-23,244.46855902132273,249.22302537588197,244.31007328289664,244.39923095703125,17748100
2023-05-24,242.95305502748263,247.22216412415852,242.62618388667047,246.8457794189453,17724300
2023-05-25,250.9960568619732,253.19499753303285,246.80618995696838,250.2928009033203,22371400
2023-05-26,250.53048653396436,259.82150481978033,250.31258754347328,259.5540771484375,25727200
2023-05-30,262.7335915408227,266.10132992966425,258.8111682516101,260.02947998046875,23816500
2023-05-31,257.5334252903245,262.4859911612923,255.99814196154975,262.2086486816406,25473700
2023-06-01,263.37746823928745,271.40063164371105,263.36758366183034,270.0238037109375,25609500
2023-06-02,270.0733475104856,272.7378305824592,268.547948635199,270.0238037109375,19416900
2023-06-05,267.73571315185546,272.95573720381407,267.0027430368973,268.8153991699219,20742900
2023-06-06,267.5772290847876,273.94622119971035,267.13148608899905,268.54791259765625,19419000
2023-06-07,269.09272209655296,271.6482327358904,260.30684502086973,261.0992736816406,26163600
2023-06-08,258.14752282316664,265.1108288024694,256.4240396785275,262.0699462890625,20899400
2023-06-09,259.9898635615084,265.4079708897878,259.2172646293249,262.4364318847656,16949800
2023-06-12,264.6354110376893,269.171947954945,262.8128402447696,268.47857666015625,15442500
2023-06-13,272.27222616113585,273.1042534778633,266.53714726119927,268.7460021972656,16164000
2023-06-14,269.31060381633694,272.3811700449063,265.77446502375466,270.7567443847656,19175100
2023-06-15,269.7167512998058,281.2958538430646,268.8451250138782,279.1563415527344,25973500
2023-06-16,282.0486532733958,285.11925045209955,277.47248680831274,278.334228515625,43127700
2023-06-20,276.0857492571568,282.0981412801928,273.5995515049551,281.6325988769531,20701600
2023-06-21,280.84019379390065,281.3057361861481,275.7192274791785,278.9681396484375,20556200
2023-06-22,276.4323742223265,282.55376796708003,275.1546341264743,282.1773681640625,17563100
2023-06-23,278.83936902793914,286.92196003172836,276.30365775946365,285.9908752441406,51092000
2023-06-26,285.96120927629374,287.04086517414805,274.9665053132772,275.8282470703125,24232700
2023-06-27,279.33461780939916,286.6049805652143,277.98750423234264,284.3267822265625,26108300
2023-06-28,282.1179537188452,286.80306142426997,281.36515407566424,282.58349609375,16722100
2023-06-29,281.80107911232034,283.8514492273828,278.02722525141695,278.8592529296875,15395700
2023-06-30,282.0585061064805,286.3077853315308,281.7217352964709,284.2574462890625,19694900
2023-07-03,283.98012096094413,286.65448822329904,282.14766566033023,283.3065490722656,8629300
2023-07-05,284.92114205478475,295.2918174186482,283.6433714457861,291.577392578125,33865500
2023-07-06,293.08296585588556,295.2917909504346,288.546398462907,289.2199401855469,47600500
2023-07-07,289.4081137823945,293.38999583822175,285.9215185105822,287.7737731933594,25586000
2023-07-10,292.74613185046593,295.3016725520576,284.3267705799385,291.3099060058594,37058300
2023-07-11,291.1118073434285,297.3322286864774,289.13078105292806,295.4601745605469,27585900
2023-07-12,298.8873730534734,306.5143371662796,297.2530322373194,306.4053649902344,36677100
2023-07-13,310.64476690096654,313.23990683187645,307.346371012215,310.436767578125,30281000
2023-07-14,308.8320696823939,311.8927513533535,304.44407393509255,305.93975830078125,23054100
2023-07-17,304.62242007959725,308.7528429530063,301.81925096071205,307.6731872558594,25323100
2023-07-18,307.9307466175745,311.2192576767141,304.70166393183575,309.0896301269531,20731900
2023-07-19,310.0603749824738,315.65676904382303,307.5741769433904,313.0121154785156,21763700
2023-07-20,310.5258695800201,312.54652485071404,299.35288256310554,299.6500244140625,23836900
2023-07-21,301.68066581774514,302.5622070027216,288.43750683315267,291.4684753417969,42139300
2023-07-24,292.97405158113065,294.69753522025536,285.5650004837604,288.8435974121094,24915700
2023-07-25,292.3895928295883,295.47007436056373,289.0911669582438,291.6764221191406,19585600
2023-07-26,298.3326271404568,298.9071114075561,289.13075246700043,295.73748779296875,47256900
2023-07-27,322.03562278580097,322.26345168695195,306.9005834250766,308.7528381347656,64229200
2023-07-28,313.8737635700454,323.1053519640015,311.26870954941944,322.3921813964844,39220300
2023-07-31,320.6192542634525,322.5705666843366,314.5771170545168,315.5775451660156,25799600
2023-08-01,314.5275623433994,321.06495535004046,311.6748795602786,319.64849853515625,22817900
2023-08-02,314.98315110429724,315.36946570474277,307.70287411335016,311.3281555175781,20461100
2023-08-03,306.9896983435493,312.952606173041,306.9896983435493,310.2187805175781,15180200
2023-08-04,311.9720477871673,315.3893306240948,307.25722522644406,307.7821960449219,17612800
2023-08-07,310.25848880920694,314.0620562166698,307.51474764905635,313.556884765625,16236500
2023-08-08,311.417355003948,314.8742667487999,307.1680447624097,309.674072265625,15183500
2023-08-09,309.9117634243524,310.65464829695816,299.9769176038269,302.31451416015625,19955800
2023-08-10,305.0186185367651,309.376870304108,300.9872228050464,302.8394775390625,14358900
2023-08-11,299.6995818732655,301.8291791770591,297.51052596850735,298.7784118652344,14046300
2023-08-14,298.12471234526174,303.30507770476817,295.42060007770175,303.2852783203125,15641900
2023-08-15,303.23570161733716,304.3153572927318,297.1836507245468,299.08544921875,11623600
2023-08-16,297.35210620428677,298.2237325209698,291.48825413928256,291.4981689453125,18547700
2023-08-17,290.2698831562681,293.24142277661446,282.2467503637845,282.3854064941406,23950100
2023-08-18,276.3829293262973,282.97975163755564,271.7770484529784,280.5628967285156,35347900
2023-08-21,280.7609582172239,287.74406367825986,279.17613116684316,287.1497497558594,20181500
2023-08-22,289.77460388443,290.1212895252961,284.0296398257357,284.87158203125,12980200
2023-08-23,285.76301218379916,294.5785721986234,284.94089966053144,291.44854736328125,18287000
2023-08-24,295.6681615402102,296.6190456561809,283.9206906363901,284.0296325683594,18360900
2023-08-25,283.4154708564751,285.65403976198775,273.41128416989005,282.79144287109375,23701400
2023-08-28,285.267778333845,288.6850606863605,283.08863738034796,287.50634765625,14239300
2023-08-29,285.84223276234485,296.3119625927343,285.44603360168765,295.1629638671875,20844500
2023-08-30,294.3508150946284,295.46018502009133,290.6462752451663,292.3004455566406,17717000
2023-08-31,292.9937739942702,298.24351176009026,292.85511787360633,293.08294677734375,17229900
2023-09-01,296.5298613960656,298.8773722858389,291.6763539148055,293.5682373046875,12842300
2023-09-05,294.2022097056467,298.53077763296955,292.7065553799555,297.3025207519531,14956000
2023-09-06,298.84776069179367,300.4226732188703,292.8551672896935,296.3318786621094,15418100
2023-09-07,295.1729212525541,304.1370532463478,289.4477564051673,295.8365783691406,33748700
2023-09-08,296.38133397968693,302.3541268237912,293.9644795730716,295.06396484375,17548000
2023-09-11,298.55053238142307,306.1081515452189,298.4217608525943,304.6421813964844,19489300
2023-09-12,303.42386653428804,305.7317789995425,297.3817607686702,298.7981872558594,13480400
2023-09-13,299.49158710418004,304.2658684685133,298.4614750356122,302.1659851074219,13210900
2023-09-14,303.83002007216135,309.901871040026,302.13625090393964,308.7627868652344,19343100
2023-09-15,308.6537849214161,309.0400995553301,295.91580045562455,297.46099853515625,28131100
2023-09-18,295.36112560839774,300.7198055041135,294.97481096128314,299.67974853515625,14234200
2023-09-19,299.6104472113349,303.2654433814144,296.965763635269,302.1758728027344,15924400
2023-09-20,302.15602272979146,305.1374769686172,296.58934369250954,296.82708740234375,19379500
2023-09-21,292.8948158372956,297.41155438990586,290.4878453729148,292.9245300292969,21319600
2023-09-22,296.4606204353007,302.4829582643257,295.4403929391033,296.2427062988281,25369600
2023-09-25,292.8353085025185,298.0949306651933,290.91371066299604,297.9760437011719,18987000
2023-09-26,294.83612439556174,297.4510631848924,293.20178387372255,296.123779296875,19417200
2023-09-27,297.59965635345964,298.4415682589567,284.0692445363034,294.91534423828125,36429800
2023-09-28,296.10405010181194,303.4239277142585,293.88530996944394,301.076416015625,22167100
2023-09-29,304.4639309233832,307.6930134021515,296.51999626993165,297.3619384765625,25373700
2023-10-02,299.8679604038395,304.2658414874116,298.7685052469787,303.9092712402344,16265600
2023-10-03,301.3735636535198,303.8597312943576,296.7973973883534,298.0850524902344,17362300
2023-10-04,295.8960087559188,303.988484388807,295.6681798457942,302.6809997558594,16880500
2023-10-05,301.7400433121273,303.3050408800176,296.6587057199005,301.8985290527344,19130000
2023-10-06,298.58029150078266,313.30921745867073,298.0553207313564,312.43756103515625,21803900
2023-10-09,309.53538959856286,317.2910950199957,308.8618478455321,315.33978271484375,22503700
2023-10-10,316.09257649227783,321.58002823941933,315.1416922572277,318.7867736816406,19038000
2023-10-11,319.94568629892933,325.72036509705856,319.8862579237082,324.7100524902344,22036300
2023-10-12,324.8882833156422,327.40419494907735,319.6286613911856,321.084716796875,20530500
2023-10-13,320.4607853315286,321.96635475277066,309.40665263485096,311.70465087890625,21341000
2023-10-16,315.6171041939002,318.7669285522604,312.5266779743875,318.103271484375,16536100
2023-10-17,315.1614456136918,321.32243820141,314.28978926383166,320.9262390136719,16387800
2023-10-18,318.34109493205693,322.84791851064756,312.5663852669678,313.9630126953125,16851000
2023-10-19,316.8453110454278,318.8362518972235,308.7924353214848,309.8423767089844,18709200
2023-10-20,311.1598313367638,312.30880004872955,303.562581788038,305.7218933105469,22312300
2023-10-23,306.56384258485366,314.34926200984773,304.34510263783415,311.03106689453125,17796800
2023-10-24,313.77475084323476,315.32986372560464,307.68310108632807,309.5848693847656,19525500
2023-10-25,307.0591530371017,307.9308096628595,296.00501990039766,296.6884765625,42192500
2023-10-26,292.2013778048575,292.2013778048575,276.74936669566614,285.6144714355469,66684100
2023-10-27,291.6863840110866,296.47055022110374,290.19069917026724,293.9150390625,29596300
2023-10-30,296.2525874507026,306.4647760586199,296.2129584591002,299.7887268066406,28435100
2023-10-31,300.4326125575218,300.79909767368974,294.0437891293987,298.4119567871094,19434200
2023-11-01,298.9864087498311,309.77308153694946,298.9864087498311,308.89154052734375,20434600
2023-11-02,314.2897989524733,315.79539823157603,305.4048951115766,307.9208068847656,21631800
2023-11-03,309.58484755265545,312.5563867589637,308.0693637665607,311.61541748046875,16764300
2023-11-06,312.9823619745799,315.3100437389214,311.4668780353655,312.8040466308594,12887700
2023-11-07,314.05209733695966,317.9547215713767,312.13049940516805,315.79541015625,14055600
2023-11-08,315.12188145653226,318.2815907296366,311.8927987771791,316.7463073730469,13609700
2023-11-09,316.38974813109803,321.10457053448357,315.7756045390507,317.5090026855469,16103100
2023-11-10,316.9047830675175,325.977887247324,316.4293258682565,325.6510009765625,19096200
2023-11-13,323.1054525246119,329.1772736991196,322.6101958715871,326.06707763671875,16908900
2023-11-14,331.36630927529507,334.8925340074316,330.16776648525604,333.1195068359375,17179400
2023-11-15,334.72409920099284,335.1896415873834,326.88913661151844,329.5536193847656,14531200
2023-11-16,326.24534172097447,331.4059072485677,323.2837168000129,331.0196228027344,18932600
2023-11-17,327.12685991086505,332.31713878402064,326.22548937949347,331.86151123046875,14494400
2023-11-20,331.7129876237155,338.6267505714548,331.0196162766744,336.7447814941406,16960500
2023-11-21,335.1203413394719,336.6754544281111,332.7134013481026,333.7831726074219,12027900
2023-11-22,335.9919365414085,339.66676186673806,335.36790845868984,338.25030517578125,10702700
2023-11-24,336.90323967530475,338.61680806424386,333.57509980107073,335.0212707519531,5467500
2023-11-27,332.9907511166265,336.67546177051526,331.02955414521375,331.5248107910156,15684500
2023-11-28,330.23711290551626,336.16039304775114,330.23711290551626,335.7740783691406,12637200
2023-11-29,336.46742652070037,336.67542582587174,327.6419504073812,329.0484924316406,16024500
2023-11-30,328.7414398329136,330.33615157241326,319.34144902768867,324.04638671875,23146400
2023-12-01,322.39223719208394,323.75911997400175,317.7170138243553,321.7384948730469,15276400
2023-12-04,314.2799272235099,317.8160362113912,310.684359636547,316.9840087890625,19037100
2023-12-05,315.9539338697333,318.8264163082386,312.3979948564166,315.2704772949219,16952100
2023-12-06,318.8758951493905,319.1928666161261,314.0323015033506,314.43841552734375,11294300
2023-12-07,314.75539531827485,325.1260706090225,314.75539531827485,323.4917297363281,15905100
2023-12-08,320.02493037303856,330.0093211121521,319.93578780566185,329.5932922363281,14087400
2023-12-11,326.2749699248917,326.760341840704,316.96415394827267,322.1940612792969,25802500
2023-12-12,321.5205548068525,331.2969141609772,321.48092581942666,331.0492858886719,18485500
2023-12-13,330.7620787841603,335.159959985422,329.4843384695178,331.56439208984375,16353300
2023-12-14,330.68284960650686,331.5247919020128,325.5222841151389,330.0093078613281,19607300
2023-12-15,328.84044929344446,335.44718527009553,328.0777650539946,331.74267578125,31776900
2023-12-18,334.2783985919012,344.26275813769166,333.8227407652726,341.35064697265625,18993900
2023-12-19,342.3014817091466,350.24541560448836,341.84585417640506,347.0361328125,17729400
2023-12-20,345.3423720826299,351.59250706862775,344.49054536109236,345.9664001464844,16369900
2023-12-21,349.6313189131401,353.02877153303433,345.8970652443387,350.73077392578125,15289600
2023-12-22,352.2066716923512,353.81132847401494,347.8880486334318,350.0374755859375,11772800
2023-12-26,351.6222919010442,353.5934338402026,350.0969232474257,351.46380615234375,9898600
2023-12-27,352.69202016724523,355.5942164057382,351.9392205096738,354.435302734375,13207900
2023-12-28,356.28756718459863,358.46667782509195,354.4154829527875,354.920654296875,11798800
2023-12-29,355.5843620184723,356.58479013043086,348.48239854275886,350.6020812988281,14987100
2024-01-02,347.9871019247918,349.80964257100067,336.78440013969424,343.00482177734375,19042200
2024-01-03,341.7072282507653,344.6490534368862,339.92428649150503,341.2020568847656,15451100
2024-01-04,341.2317950845528,344.84716219440776,340.14222452633334,343.8269348144531,12099900
2024-01-05,343.698147524061,350.14639779000544,342.97509227203875,348.6111145019531,13920700
2024-01-08,351.3351132618569,355.5745093829013,348.710228582919,355.2575378417969,13890200
2024-01-09,353.0188657252304,357.21866185917946,351.9887236288209,354.0390930175781,13463900
2024-01-10,356.75316996886426,369.4020132685552,355.673483927434,366.9554443359375,22117200
2024-01-11,368.59967889024267,369.24350641928106,359.48694543472374,366.16302490234375,17205400
2024-01-12,366.64834726660075,373.4828818820827,366.03423395673144,370.937255859375,19310000
2024-01-16,370.1052786047655,372.04667615700424,363.7462003164905,363.9739990234375,15306900
2024-01-17,362.82499649979053,365.04376676616084,355.207947081641,364.8753662109375,12724800
2024-01-18,367.96580155681795,373.27496893007947,367.4309461020875,372.5617980957031,16354300
2024-01-19,375.4044605245251,380.71359616917596,374.38423325253865,379.812255859375,21670800
2024-01-22,384.269591046486,386.6468165757997,377.5439982518997,378.1581115722656,17680500
2024-01-23,380.97120072030714,384.6955402068536,378.45528860579554,381.54571533203125,15506100
2024-01-24,386.30012845970674,392.3917782859589,384.130902243188,386.9934997558594,15698500
2024-01-25,386.4685271599293,391.73803411902367,382.0013032021332,389.449951171875,15091100
2024-01-26,390.6088476761586,393.02570206239767,387.87502184266094,390.4008483886719,13163700
2024-01-29,391.2428130904452,399.1074905960132,389.3707587945504,397.2156066894531,18742400
2024-01-30,399.76118908237476,402.50489956057874,395.77933719609035,396.2646789550781,18614700
2024-01-31,385.30958233456727,394.22419992071406,383.4276135564371,386.43878173828125,20180800
2024-02-01,390.20282350467215,396.70058852899905,389.32125213180177,391.03485107421875,29727100
2024-02-02,455.2399032679539,481.34981845992024,448.71242446996234,470.48388671875,84707600
2024-02-05,465.4223405229384,467.4231662759054,454.8634663362417,455.0516662597656,40832400
2024-02-06,459.5980884903725,462.6884845937317,448.70244415116105,450.4061279296875,21655200
2024-02-07,453.65502691303504,467.0467539432998,451.8522857085582,465.13507080078125,23066000
2024-02-08,463.8771134195453,466.125567328599,460.6183167781978,465.5411682128906,18815100
2024-02-09,468.46320816531784,469.0971208651362,463.0351852005723,463.6690979003906,18413100
2024-02-12,463.74843467901616,474.60445222506354,462.1536925118854,464.4516906738281,19382000
2024-02-13,452.5357455389772,463.4512199796858,450.77263331174294,455.7549133300781,20916600
2024-02-14,463.49090861887265,469.6122739200717,461.6683676664802,468.7901611328125,16858400
2024-02-15,470.7711197184282,483.98456238203323,467.7401516981144,479.4381103515625,24212300
2024-02-16,473.57427917224476,474.41622148697894,464.7587172235318,468.8297424316406,23324600
2024-02-20,465.2637958298,471.6625017346089,462.1337709323117,467.2745361328125,18015500
2024-02-21,462.56466468971513,465.0435750042367,457.8944061299946,464.0817565917969,12921800
2024-02-22,476.1887860535732,485.8565370914584,472.0440549223284,482.02911376953125,21625800
2024-02-23,483.93285419215795,490.18962133661523,478.2809568930841,479.94677734375,18374300
2024-02-26,479.39150323604184,482.0389927339429,476.54571907149233,477.67608642578125,12101400
2024-02-27,475.9309188957888,483.15939896135274,475.8714274741891,482.9412536621094,10809600
2024-02-28,480.9086028715477,486.9075537517673,478.67758357987555,479.9368591308594,12715500
2024-02-29,484.31961542606984,487.55212436899194,478.5387792521956,485.995361328125,17732000
2024-03-01,487.95858173941457,499.99618411790584,487.70079565716713,498.0626220703125,16273600
2024-03-04,498.75678705078013,500.1648215135749,492.23230800183285,493.98736572265625,12324100
2024-03-05,490.82423949307776,491.3993333683272,483.77423312340585,486.0845642089844,15325300
2024-03-06,493.4320464792398,498.7269951265134,490.12022602615707,491.905029296875,11757900
2024-03-07,499.03442216949475,515.4646177288657,497.1504562686892,507.8692626953125,18586400
2024-03-08,509.85239454589475,519.153271512866,495.13758556088726,501.6819152832031,18597100
2024-03-11,492.81727073389857,493.12465317642193,471.9844998292028,479.5104675292969,20428300
2024-03-12,489.0989380927609,498.0725814687902,480.64089717663427,495.5341796875,15448200
2024-03-13,491.2109910430132,496.7538311485223,486.88775550593095,491.38946533203125,12090700
2024-03-14,496.0398777918056,497.1206790545212,484.0419458530124,487.68096923828125,12620000
2024-03-15,484.88481920558576,487.6810072523442,477.2398374350197,480.0162353515625,29153600
2024-03-18,487.7602691724572,493.22379670069625,482.7032865306879,492.7875061035156,11755300
2024-03-19,484.0518124346977,492.44043542335413,477.2199219323297,492.0537109375,10903100
2024-03-20,495.2863180890123,503.9129387363596,490.9928584158345,501.2555236816406,11711100
2024-03-21,510.3680064960542,510.6951790916387,501.7413862690446,503.47662353515625,9712500
2024-03-22,502.72293669923016,505.6678829234357,500.08537288730446,505.2811584472656,8120600
2024-03-25,501.52320214819645,502.94113151352633,496.0200033738787,498.77655029296875,8380600
2024-03-26,500.86876848865074,505.69768071582547,491.0324395022289,491.70672607421875,11205400
2024-03-27,495.08795895460764,495.6730084213494,483.95271311983527,489.69384765625,9989700
2024-03-28,488.6824689802338,488.7320653435036,481.0573382938965,481.48370361328125,15212800
2024-04-01,483.09006246690836,493.2337442810698,477.715771498576,487.2050476074219,9247000
2024-04-02,481.00777417070816,493.332909265965,480.56155820012424,493.17425537109375,11081000
2024-04-03,494.7210963352136,502.96099203818045,494.5426220498389,502.4652099609375,12099200
2024-04-04,512.0635272481567,525.52898497876,506.2727964033806,506.6099548339844,26476300
2024-04-05,512.4998457681293,526.2231206005386,510.0705014315204,522.8914794921875,19263300
2024-04-08,524.8151697273947,527.0064880471994,514.5128023616097,514.8697509765625,13260600
2024-04-09,517.824544305965,521.43385245963,502.4652247831383,512.53955078125,10863800
2024-04-10,504.9936097019228,518.1516523500891,501.533030959177,515.4447021484375,11418500
2024-04-11,516.7140095804983,519.4408111507805,512.9262270458913,518.7467041015625,10369500
2024-04-12,513.3822903046207,515.8017090235353,505.0333076335905,507.5816345214844,11984500
2024-04-15,512.3610473179065,514.1558366997424,493.08506624605076,496.01019287109375,13512900
2024-04-16,493.90796246555647,500.51178277733743,492.9163983994056,495.5440673828125,9847900
2024-04-17,498.85594255975616,498.91543398945294,483.0305867975253,490.00128173828125,12193700
2024-04-18,495.603616816953,507.8891115594583,494.83019796523104,497.56689453125,14808700
2024-04-19,498.5584497090397,498.5584497090397,471.71683077897825,477.01177978515625,25215400
2024-04-22,485.58872439001084,487.8594144279897,469.4063926109347,477.6661376953125,17271100
2024-04-23,487.105885875578,494.55254228233423,484.8451208370342,491.91497802734375,15079200
2024-04-24,503.77411726177144,505.6977542772844,480.492178386885,489.3369445800781,37772700
2024-04-25,417.8451523852135,442.00956736114136,411.0033653826209,437.6566162109375,82890700
2024-04-26,437.7358663608283,442.67386632862065,428.3160076852522,439.5504455566406,32691400
2024-04-29,435.8519473125852,436.05027225208164,424.94474136330103,428.9704895019531,21502600
2024-04-30,427.4137498355732,435.91146256099836,426.09498272228876,426.54119873046875,18429500
2024-05-01,424.9844158145951,446.16421228489577,423.5069646018028,435.4850769042969,20344900
2024-05-02,435.1380323323762,440.2148362231705,428.6333735647788,437.9540710449219,15221300
2024-05-03,442.1681779544759,450.33868682815734,440.1057379124643,448.1473083496094,16489100
2024-05-06,451.73678292958675,462.22754860054084,449.5156889129606,461.7515869140625,15094600
2024-05-07,462.35644613209337,467.5522324842238,457.4184458765815,464.28997802734375,13406800
2024-05-08,459.5899205981187,471.5680005756244,459.09413859100096,468.6131591796875,11683900
2024-05-09,466.03516319188105,472.063860073605,463.68516093400353,471.4094543457031,9437700
2024-05-10,473.06527653898524,473.47182142000685,465.638471683095,472.18280029296875,10750000
2024-05-13,468.7619551033428,469.35689964941986,458.94547600354974,464.06195068359375,14668800
2024-05-14,459.46103273015086,468.5536884567925,456.19877850637766,467.8695068359375,10478600
2024-05-15,470.9731552567984,478.4297068407501,467.2250439452183,477.4778137207031,13100500
2024-05-16,470.99297269630273,473.66028268880433,468.76195335195183,469.2379150390625,16608200
2024-05-17,466.85810994406603,468.81149242333555,464.4684671019377,467.92901611328125,10807300
2024-05-20,465.9856007107736,469.2081843110967,463.1001453020371,464.88494873046875,11745100
2024-05-21,463.1794035523118,466.72921986870585,458.37031176062374,460.7104187011719,11742200
2024-05-22,463.92309944416763,469.72375559146025,461.72182588991785,463.8338623046875,10078600
2024-05-23,468.8908189064393,470.3583143530477,457.6464860643533,461.8507080078125,11747900
2024-05-24,463.67520537274993,475.8020453603676,462.3663334820232,474.185791015625,12024300
2024-05-28,472.5595789065606,476.8034718056562,470.8342671527631,475.8714294433594,10175800
2024-05-29,470.6558247918724,475.8020449513252,469.7039317176782,470.35833740234375,9226200
2024-05-30,467.6910675787074,467.7505590058323,460.78975943086266,463.1100158691406,10719600
2024-05-31,461.87056636236576,465.1625665842414,450.6262325959668,462.8918762207031,16919800
2024-06-03,466.8878695866924,475.55416062005787,464.289976419623,473.4619445800781,11279400
2024-06-04,472.97608133022067,474.850152026394,469.23789552237054,472.9661560058594,7088700
2024-06-05,480.3632472989971,492.4603113379377,479.8277942044124,490.88372802734375,15690500
2024-06-06,488.82127726310006,498.578264303058,486.74891194078435,489.5946960449219,10667300
2024-06-07,491.7266096698663,494.7013022917452,486.035040803249,488.8014831542969,9380700
2024-06-10,489.69381687687314,498.4195988452389,489.24763120164346,498.360107421875,11220900
2024-06-11,495.9406647826644,503.31790352578537,494.0665942565687,503.1889953613281,9673700
2024-06-12,509.65400371296886,509.67385436074,500.2143247147282,504.5474548339844,11983200
2024-06-13,501.4439380644331,505.0631414503461,497.1306276137635,499.8475341796875,9954600
2024-06-14,498.9045621902086,503.3710310196468,497.01872585359297,500.4033203125,10243300
2024-06-17,497.931886688797,506.94421496041383,492.31405778392946,502.85491943359375,11266600
2024-06-18,500.8003564878036,502.22962900145706,491.3314336573948,495.76812744140625,13060400
2024-06-20,498.2594224008629,499.91699197437805,493.06838205584694,497.961669921875,11801200
2024-06-21,499.6986415235137,499.6986415235137,488.72105562366477,491.0932312011719,22359200
2024-06-24,495.4802914334782,504.0161854748307,490.6068739936716,495.19244384765625,13525300
2024-06-25,493.346237261071,506.9044538855146,491.80779914771927,506.7952880859375,12063200
2024-06-26,502.8747485708084,509.981400272624,500.9194265921651,509.2965393066406,8882300
2024-06-27,510.41810706315476,518.983806151596,510.0707392924352,515.6885375976562,10121200
2024-06-28,513.2965366235018,517.9912721514697,500.08568679012643,500.4628601074219,15855100
2024-07-01,501.1874411086425,502.8052699262197,489.495219499114,500.91943359375,10328200
2024-07-02,497.0286264912654,506.6960397707235,495.72839030116006,505.7034912109375,7739500
2024-07-03,502.5968492374037,507.4702666873242,502.24945115588804,506.16009521484375,6005600
2024-07-05,507.7878251400153,536.839709201403,507.7878251400153,535.8868408203125,21354100
2024-07-08,538.3088568718698,538.7654511622429,522.7258880349199,525.3759765625,14917500
2024-07-09,529.7728386645047,533.4750257204164,524.2542706278135,526.05078125,8753200
2024-07-10,526.8349073851964,534.864653095514,524.4230212922265,530.7058715820312,10983300
2024-07-11,526.9341302866773,531.4700845678773,504.5819168746461,508.8796691894531,16458300
2024-07-12,494.0509955659597,504.3040091670601,490.54730025689014,495.1527099609375,19750500
2024-07-15,494.91451741675417,502.9045215977184,489.69370204409415,492.4629211425781,12539200
2024-07-16,497.763178825129,500.19493528441564,482.1702470484684,486.14044189453125,14075800
2024-07-17,475.5995237576505,475.5995237576505,455.6989062469381,458.5475158691406,28076600
2024-07-18,471.46058788071537,475.66898427757206,461.07853794252924,472.30426025390625,19267200
2024-07-19,472.51270275883394,483.0833397083784,472.1653046770745,473.2372741699219,15149400
2024-07-22,482.9542608770849,488.39343784394794,480.2942380286201,483.7681579589844,12023100
2024-07-23,486.190008830993,491.5299252139767,484.08581061840755,485.048583984375,9455500
2024-07-24,468.7905996133861,472.75085860449957,457.1479943071747,457.8328552246094,17649700
2024-07-25,459.8081045556057,460.0959218597221,439.35166080505405,450.031494140625,18240500
2024-07-26,460.74109645533247,466.26956942740514,455.9967151095471,462.22991943359375,14222400
2024-07-29,466.37877897303207,470.4283642629491,461.5549766335291,462.2398376464844,11339600
2024-07-30,463.5201941518572,469.2075085091914,453.2969557331021,459.73858642578125,11390400
2024-07-31,467.510231847281,472.94940909347116,463.2720602190507,471.2918395996094,24285800
2024-08-01,517.1178818271846,523.2418904517718,488.43322994893407,494.03118896484375,43083100
2024-08-02,485.35626279901464,497.4157221663531,472.6020072993278,484.502685546875,24044700
2024-08-05,447.98678179800794,479.8773706801631,447.4408619363931,472.18511962890625,21396200
2024-08-06,475.4307707292885,498.8152128955983,475.0833726675883,490.4083251953125,20955000
2024-08-07,499.38102483958687,506.34870570534366,483.23223834539203,485.27691650390625,20105300
2024-08-08,493.79296042361847,506.1601082979019,491.03367634883847,505.83258056640625,16156800
2024-08-09,503.92679928247577,514.4776251589293,501.9317973598436,513.911865234375,13696600
2024-08-12,513.0087224748454,514.1601129276078,505.3065649209693,512.1055297851562,9767400
2024-08-13,516.1352153449899,527.539589246569,514.2890894590672,524.6016235351562,13743800
2024-08-14,524.1253233123563,530.0210656796481,519.2320649381794,522.8350219726562,11444200
2024-08-15,527.8274136979614,535.7479929533919,522.7753751004825,533.326171875,13482100
2024-08-16,527.9366493658493,529.6834840963852,520.7505462768639,523.489990234375,14776700
2024-08-19,522.9440446978144,527.6983303979816,518.8646847355589,525.3361206054688,9879700
2024-08-20,524.4129774397121,527.1326112260084,521.9614117153488,522.8050537109375,7944400
2024-08-21,523.2220385463697,535.3807593570484,523.0036463443084,531.1723022460938,13423300
2024-08-22,532.9985366846043,540.1746428486678,524.6512305773567,527.96630859375,15708300
2024-08-23,532.9191905977204,535.8472211565822,521.1475784483675,524.065673828125,11323900
2024-08-26,523.6686342288824,524.0656779139919,511.11293037707617,517.2369384765625,9584000
2024-08-27,515.1128936339496,520.1054425639422,511.47025694740495,515.2319946289062,6282700
2024-08-28,513.8126435479745,517.2072035545497,508.63156866482615,512.9293212890625,9106100
2024-08-29,515.1822916979731,523.271586281881,511.8374080676586,514.3584594726562,8317400
2024-08-30,517.4650951669857,519.638778632655,511.3609587247378,517.4254150390625,9157500
2024-09-03,515.768004663175,521.5743901420311,504.83009895006825,507.94671630859375,12459100
2024-09-04,502.29906006825604,512.7406903683525,500.31396293624425,508.9193420410156,8335200
2024-09-05,507.9069828183979,517.7431433118987,507.34122283337155,513.0086669921875,8640900
2024-09-06,517.9912573945675,520.6711506746612,494.53732962004705,496.5422668457031,14744500
2024-09-09,502.38841224885664,507.51987164271463,498.33879692389087,501.02862548828125,11047800
2024-09-10,504.3735094853591,510.3486412627666,496.3040843725479,501.02862548828125,9899000
2024-09-11,503.2320220392899,509.29647880320783,491.90704007884835,508.0160827636719,10782500
2024-09-12,513.1972540929083,522.7853077289221,511.38087314788646,521.6835327148438,11970500
2024-09-13,516.4627996748932,523.6488423260053,513.256826288116,520.7108764648438,10321400
2024-09-16,521.1280781833137,530.6258921990976,514.0345668006345,529.811279296875,9527600
2024-09-17,534.1031857464366,538.5739157408703,527.1189435314178,532.83154296875,11690800
2024-09-18,533.5765858893919,540.6602129973364,530.427222425668,534.4508666992188,10323500
2024-09-19,546.4225929866443,558.4140924402213,542.9652476206857,555.46337890625,15647000
2024-09-20,556.3574747764472,560.8282044844723,552.6815293333295,557.6986694335938,22066800
2024-09-23,565.7956267309795,570.2464666906967,558.7517177086277,560.7387084960938,12830700
2024-09-24,562.9939567645471,564.0570041016949,550.5852091241051,559.665771484375,12993000
2024-09-25,560.3810423744214,573.127604746704,560.0531719288753,564.6133422851562,16543400
2024-09-26,571.985117409489,573.6442984744751,558.692143405245,564.146484375,14400800
2024-09-27,566.3917847848174,567.1270224226568,560.8381786570521,563.6696166992188,9398400
2024-09-30,564.0074544097776,570.9420341726083,561.1262929647693,568.7166137695312,12792300
2024-10-01,574.2205248608127,579.2476097981382,566.3917752628688,572.7203369140625,15259300
2024-10-02,571.120821172756,572.2534206208919,565.6367671257508,569.0841674804688,6524700
2024-10-03,566.4414622307997,579.5654984827303,565.0306550145035,578.9793701171875,11581000
2024-10-04,579.9331186133475,592.9677749426188,577.6480910523544,592.063720703125,14169500
2024-10-07,594.3288394544564,599.0281143286868,580.2410807650159,580.976318359375,12014200
2024-10-08,585.8543108605434,589.6991332469273,582.1584764027994,589.0335083007812,7857400
2024-10-09,590.1263511004084,590.5237735346293,577.8268726105156,586.6690063476562,9529700
2024-10-10,583.7481954431626,586.3908669609253,578.7310549757989,580.0325317382812,7740400
2024-10-11,581.0259788888972,587.3644849060782,578.9197733211103,586.1126708984375,8587100
2024-10-14,590.3548605756521,596.1966189040863,586.1226207270662,586.57958984375,8252000
2024-10-15,586.3212552667085,586.7683403523099,576.3664719698222,582.4566040039062,9564200
2024-10-16,577.6182680312427,578.29383764797,570.2962115533834,573.0382080078125,11268400
2024-10-17,579.5357020915219,581.1649885002893,571.4585794512815,573.1773071289062,8701200
2024-10-18,577.3202260516767,580.171553360977,571.5083014783453,572.7203369140625,7694300
2024-10-21,572.2832200812247,573.4853107818262,565.4081878247276,571.4188232421875,8171900
2024-10-22,570.5545479175654,579.7344979019468,568.3986795136873,578.224365234375,8544500
2024-10-23,576.1975114570174,581.1948225417647,558.8411755209275,560.0234375,14248400
2024-10-24,563.440995790269,565.1796125697439,557.8675016960774,564.0867919921875,7184700
2024-10-25,570.196870939945,577.5089833424685,568.001224032485,569.5213012695312,11337900
2024-10-28,578.2143411299127,579.9529581350283,570.3855922786825,574.3992919921875,10925100
2024-10-29,576.3764201586791,589.808437655434,571.6573166845064,589.4210205078125,13019100
2024-10-30,597.0709039376753,597.2895044786918,585.5463804363292,587.9506225585938,26864900
2024-10-31,581.1948579404038,586.0630100655928,559.3479019568509,563.88818359375,26838400
2024-11-01,563.9180324207553,569.9386134322048,558.9008916842407,563.470947265625,15303200
2024-11-04,560.4307574700293,564.990928253136,554.2611895517762,557.0330200195312,12064600
2024-11-05,563.6099673972353,569.7497621186542,562.9840604007563,568.7066040039062,9775400
2024-11-06,559.0896053301655,569.2729344365789,551.5588922903491,568.3291015625,18305400
2024-11-07,573.1375924498267,590.9310688981116,571.4685274060897,587.8512573242188,14653700
2024-11-08,587.6922943773905,589.2421449005798,580.7179973421144,585.5066528320312,9415700
2024-11-11,582.5459618099937,583.1818134340144,572.7600561464711,579.376708984375,10209100
2024-11-12,584.7118264421407,595.759491677715,576.6049297500081,581.0160522460938,16287700
2024-11-13,578.820364505682,581.8306847991486,571.4287559968451,576.2273559570312,10757600
2024-11-14,573.2469511766315,576.9825042694199,569.2829135040491,573.4058837890625,11053700
2024-11-15,567.5044802644791,568.8457355956763,547.9127777703728,550.4760131835938,17712900
2024-11-18,553.4166660972182,556.2581090791501,546.5119214490906,550.7938842773438,14327300
2024-11-19,548.2704247761557,557.7781842079576,547.0186107150561,557.4404296875,9522400
2024-11-20,559.2684336557853,562.6661714032467,550.5952370485202,561.8416137695312,9797300
2024-11-21,565.8155982322771,566.2924566863295,545.4787130366308,559.4274291992188,11154700
2024-11-22,559.8842784262988,560.1624862236818,550.9825991203222,555.5029907226562,9164000
2024-11-25,558.443833778889,568.8656532094762,552.771012901533,561.4342651367188,13599800
2024-11-26,562.3184529672033,573.7436512165369,561.5236686948803,569.8093872070312,10356600
2024-11-27,571.1506111385543,571.2399917712731,560.4307564746592,565.4976196289062,7200200
2024-11-29,565.2989471775757,574.6974365649559,563.2126308545018,570.5843505859375,7130500
2024-12-02,573.7436354149476,590.6330584488074,571.8261964294463,588.9739379882812,12522400
2024-12-03,591.1297938679786,610.2049186716846,587.4041859234326,609.6585083007812,14907200
2024-12-04,608.9729851561366,613.7616404411217,601.1640649329522,609.7876586914062,14697000
2024-12-05,613.0661894209172,615.8678538672092,603.1014009485657,604.9691772460938,8081200
2024-12-06,606.1315803733008,625.6935091963624,604.5718457996734,619.7127075195312,16935500
2024-12-09,619.8617567502653,622.325667068147,602.2272098793702,609.5791015625,11426000
2024-12-10,613.542942511859,621.5207387142331,608.7542879870825,615.29150390625,10938900
2024-12-11,619.3153171410429,634.2475843876938,617.4873192834924,628.5647583007812,10837200
2024-12-12,627.392354257623,632.518763915665,623.1302807591452,626.6869506835938,7474700
2024-12-13,623.1402509971973,626.9751899127812,612.877485604871,616.31494140625,8453300
2024-12-16,626.3871249494445,627.5504959861296,615.0521770037514,620.6798706054688,10885600
2024-12-17,622.5988864607522,628.7635395126289,613.023802249935,615.9072875976562,12897800
2024-12-18,617.458323440846,623.78203663293,592.9190852764012,593.7841186523438,17075500
2024-12-19,606.9088253882965,608.0323856033268,591.606583397376,592.17333984375,14958100
2024-12-20,587.2118506480338,599.6703586208927,576.6921729829667,581.9122314453125,48989400
2024-12-23,586.2374121284414,597.6619341779531,582.9065418782488,596.428955078125,10205800
2024-12-24,599.2825325250086,604.5224960315429,595.8622098247831,604.2838745117188,4726100
2024-12-26,602.0269150360548,602.8422458407565,595.5242346449422,599.9090576171875,6081400
2024-12-27,595.9914781565597,598.4175650201639,586.4362995119768,596.3892211914062,8084200
2024-12-30,585.3922526209689,593.5355460021086,582.2403486947754,587.8680419921875,7025900
2024-12-31,588.8922329910956,590.5824891387454,580.5202095603594,582.1707763671875,6019500
2025-01-02,586.3567230754558,601.4600950104973,584.467595428158,595.8224487304688,12682300
2025-01-03,601.3110261522648,606.0239839301581,593.008610304721,601.1817626953125,11436800
2025-01-06,608.3406081985297,627.3913075598525,602.1660034255553,626.6058349609375,14560800
2025-01-07,628.0973881957177,628.4950705588813,604.761207491555,614.3661499023438,12071500
2025-01-08,609.9018300248794,612.9244711861403,599.3522922838432,607.237060546875,10085800
2025-01-10,606.5510096456386,626.3175775740942,593.9333786707956,612.3477172851562,19256600
2025-01-13,603.637691182537,605.4970217383852,595.0370584485016,604.8607177734375,10785000
2025-01-14,601.619200037685,602.0367877207286,585.1933967179181,590.8609008789062,13598000
2025-01-15,606.7298993735042,618.9100357195088,603.0410362328,613.6004638671875,15524300
2025-01-16,608.0125311778029,612.7354412728062,606.2327616419763,607.8136596679688,8355300
2025-01-17,620.4909670416874,621.4057031954426,600.2271914060634,609.2753295898438,17280600
2025-01-21,614.3064567694454,617.9555093172025,605.5367510281436,612.9442749023438,11674000
2025-01-22,619.7452202875946,630.0859318995294,615.897296296924,619.944091796875,12274000
2025-01-23,623.7820662654243,632.9693595822604,617.6075215774163,632.8202514648438,9910200
2025-01-24,632.7705234115529,648.2815295995391,630.5830582601542,643.7972412109375,19065300
2025-01-27,623.0363031971424,660.0838116699604,621.5349053194199,656.1165771484375,28399200
2025-01-28,662.2017426693867,678.6872024447362,655.7089547113195,670.4842529296875,20950100
2025-01-29,671.1504043086316,677.1658883876141,661.8735972833647,672.6318969726562,21377800
2025-01-30,692.8459111464791,706.7362084668212,672.244049664603,683.0819091796875,29322900
2025-01-31,687.0591393102349,701.2775724581132,681.6700672504257,685.24951171875,19303900
2025-02-03,672.0551542315792,699.9849793278047,671.3989450157673,693.4822998046875,21415700
2025-02-04,698.493525085138,703.6738334316884,687.6656180103822,700.1738891601562,13826300
2025-02-05,699.537618378519,714.0444378165666,695.0235319996654,700.85009765625,17778200
2025-02-06,701.8542433261019,714.8000073270438,699.487812042337,707.9293823242188,13080700
2025-02-07,712.7120338232911,720.8752335408053,707.6908464181525,710.445068359375,16427100
2025-02-10,714.4618902748606,717.0868483333172,707.273143990759,713.3085327148438,12904300
2025-02-11,709.2518608628535,719.5328566627956,705.990537952229,715.6948852539062,12998000
2025-02-12,711.2205129173935,722.9532034161431,708.5358993293338,721.2430419921875,12016500
2025-02-13,717.4050792825848,724.8424002660025,713.9448849935358,724.4049072265625,12569100
2025-02-14,721.9987138789817,736.6844367741571,721.4816601081104,732.4686279296875,16901200
2025-02-18,731.8024756909897,732.7967725329612,702.4110634697961,712.284423828125,21938700
2025-02-19,700.0844219380573,702.9679072184475,691.4241347921043,699.75634765625,17535500
2025-02-20,693.3034063210538,701.6057615774716,689.6841508587038,690.8773193359375,12587400
2025-02-21,692.6073286354539,699.8557309488359,678.4683956288643,679.651611328125,15660400
2025-02-24,682.3660927463782,683.3504369488164,658.6719810754673,664.319580078125,15677000
2025-02-25,662.1718483496754,664.1903000980276,638.1993657059429,653.7501831054688,20579700
2025-02-26,655.8879297289508,679.1146891675552,654.2473156807622,669.8577880859375,14488700
2025-02-27,678.5578477009615,684.7224998566809,653.8197390305947,654.4859008789062,12500000
2025-02-28,654.2870702842284,665.8109973539985,638.9351246579868,664.38916015625,17534200
2025-03-03,669.8379661322937,677.3648013727483,647.1282576387357,651.314208984375,10843800
2025-03-04,641.8285608669278,646.0443697452546,620.0932465782156,636.3499755859375,21495200
2025-03-05,637.3442702985346,655.7387617190071,634.0232921722067,652.7260131835938,13770000
2025-03-06,644.3043610495913,646.849758566996,620.5505946552596,624.3488159179688,13446500
2025-03-07,621.8034116028319,631.1696708677619,597.1846120700849,622.0917358398438,21375700
2025-03-10,604.6021195261419,606.6304633422532,583.5230132390974,594.57958984375,21999900
2025-03-11,591.6563759772822,611.4230037979147,589.9462143877115,602.255615234375,17401500
2025-03-12,626.3076684168919,629.7180996475525,605.8748176968612,616.026611328125,15747000
2025-03-13,616.7126625470211,616.9612367761815,583.1650942894606,587.2715454101562,16480300
2025-03-14,599.8953822688998,605.926179590697,591.914068126194,604.6722412109375,12364500
2025-03-17,604.5329526398591,610.1457299210977,595.1185141446371,601.9852905273438,15473900
2025-03-18,597.1586575199055,597.3577059716481,571.8909842088232,579.5538940429688,20297700
2025-03-19,581.4646380049574,589.4658748756802,572.0004528394173,581.2456665039062,20537500
2025-03-20,579.9519523821848,607.2597338403973,576.7176126648797,583.1763305664062,24336500
2025-03-21,580.6088175439797,594.6607765252672,578.1507482091648,593.3770141601562,25015900
2025-03-24,612.006672291682,619.5402027280085,609.2500611361127,615.8679809570312,15741300
2025-03-25,623.7399580748611,630.8256453980655,618.1868283737851,623.2921142578125,15312500
2025-03-26,621.8788954221347,623.7299181762457,603.6869509824072,608.035888671875,12609800
2025-03-27,599.099230390641,611.2902031020785,597.2083613471389,599.6764526367188,10436500
2025-03-28,597.4173079437737,598.8503715033947,571.1544577963756,573.9608764648438,17602800
2025-03-31,560.7847448534282,575.9115149817139,550.6338819554302,573.582763671875,21124700
2025-04-01,568.0894064880564,587.0674633156228,567.2534273427501,583.1763305664062,12836600
2025-04-02,572.1397763325173,589.8042481703526,570.5972571371435,581.1163330078125,13470800
2025-04-03,543.588036975163,549.8975147269518,527.74476370987,529.0584106445312,34777500
2025-04-04,504.17885089088094,515.5040213149615,491.8187135649183,502.2979736328125,38589800
2025-04-07,482.7625534125592,536.7710426730624,479.5779604532095,513.762451171875,36606100
2025-04-08,540.6323266100003,544.7921778120626,500.4369329768723,507.9903869628906,28034200
2025-04-09,506.8159855035096,585.0571672577425,499.6904835291074,582.9473876953125,39216600
2025-04-10,572.7169643692248,578.4989661784922,532.7206193644059,543.6576538085938,28173500
2025-04-11,532.9297054758875,544.7624292142713,526.0430658483261,540.9508666992188,17642300
2025-04-14,553.4900382546571,555.082364985388,525.7344743683024,528.9190063476562,14130900
2025-04-15,529.5459559702749,535.3478804936883,515.0063704096068,519.0070190429688,15558700
2025-04-16,506.05972448726374,510.89629171463736,493.24178266268706,499.88958740234375,18735100
2025-04-17,502.8154217219696,504.85553152235843,495.6103178269469,499.0635986328125,14593500
2025-04-21,488.96252020860095,491.1220774583302,477.48807856000866,482.3246765136719,16166000
2025-04-22,489.4999349601827,504.4376194641432,484.01647500393796,497.8694152832031,17399400
2025-04-23,525.9832698458712,532.7604529479869,514.0311311645399,517.7630615234375,18173900
2025-04-24,516.2304339699675,531.3273797107081,515.0063802713869,530.5809936523438,13910000
2025-04-25,544.1651677352489,547.2104203356789,533.6660162993873,544.6329345703125,17098900
2025-04-28,552.9626595605006,555.7989025202155,537.9851902333166,547.091064453125,15179000
2025-04-29,543.3690382317375,553.8881127992523,541.498092361692,551.7683715820312,11835000
2025-04-30,535.8057152188378,546.454108106064,526.9485760464694,546.3546142578125,29244000
2025-05-01,589.2271342412649,590.0929373673761,567.7510984695718,569.452880859375,31159000
2025-05-02,580.648651110168,601.4280468079027,575.5433648810915,594.143310546875,24739300
2025-05-05,588.3712467109232,600.3035253266,585.2165379911165,596.3825073242188,13887700
2025-05-06,589.6749204940905,593.1580557272168,583.7535784495642,584.4800415039062,10600700
2025-05-07,587.5153323507782,600.1740725426264,583.8431102074584,593.9342651367188,13139100
2025-05-08,603.3686118483918,608.3544812296859,593.7452230797331,595.1285400390625,14622800
2025-05-09,600.8108772950322,604.0452168000427,588.8587998697692,589.635009765625,10427300
2025-05-12,627.8798127435248,637.3042118996283,618.0375151607053,636.3488159179688,21965100
2025-05-13,642.4293923602365,657.735287467703,639.7324895847986,652.868896484375,18570800
2025-05-14,658.0239835535567,659.4769096738539,651.1572068855135,656.182861328125,12348200
2025-05-15,651.1273776640966,654.1427460084102,635.5030160453498,640.7774658203125,14341800
2025-05-16,634.8860406989016,637.3540714948545,623.1329490749869,637.2545776367188,18519000
2025-05-19,625.2226924068445,639.9016175369694,624.7748486444951,637.343994140625,9592400
2025-05-20,632.9453765445664,636.2692486398543,629.2134460315281,634.0300903320312,6743500
2025-05-21,628.7456601662759,643.4942563973034,627.1334710926182,632.4378051757812,11464600
2025-05-22,630.9948087661452,640.1504905814367,627.670936619393,633.502685546875,8228400
2025-05-23,620.993199465317,629.4024945229537,619.6497288590488,624.0384521484375,8454100
2025-05-27,632.3482375434634,639.9813232293817,629.7010815324659,639.2249755859375,9508400
2025-05-28,639.5036236726668,647.7437558554283,639.4538767446285,640.4789428710938,9042900
2025-05-29,648.5100063761854,650.1719423650428,636.4185276452218,641.9417724609375,8858800
2025-05-30,639.4041707781589,646.280848830421,629.7310348911244,644.3701171875,16241000
2025-06-02,641.2850258933295,670.0159111420195,641.1556474381308,667.6672973632812,15766300
2025-06-03,668.2145283609456,672.3246321880731,661.825481113341,663.6366577148438,11585000
2025-06-04,666.0948360662192,685.6799991447359,665.3484500003867,684.6350708007812,14031900
2025-06-05,688.3272230223918,691.034148340669,678.9625916503563,681.3211669921875,13083100
2025-06-06,692.8154651620004,699.4234846834818,688.5361970003321,694.3480834960938,11728000
2025-06-09,695.0944598989832,701.7920116440988,690.5962202918921,690.7156372070312,12773200
2025-06-10,697.9704528283436,699.8413987256182,688.2276487579279,699.0154418945312,10850100
2025-06-11,700.3191821519877,705.454291870014,688.6556236044764,690.7952880859375,9582500
2025-06-12,689.959273477418,692.0292678599332,683.6896426147513,690.0189819335938,7322700
2025-06-13,684.6351288995007,691.2232256070356,677.728566821259,679.57958984375,9274400
2025-06-16,696.4957433738915,704.2840574478909,690.6993236168908,699.2744140625,13720300
2025-06-17,699.1549233609281,703.108804504359,693.238994654824,694.4042358398438,10066100
2025-06-18,695.3504012919498,698.746615248436,692.083726120881,692.9501953125,10068300
2025-06-20,697.9099861113372,698.9756568880543,675.9194553649784,679.5845336914062,22538600
2025-06-23,680.9191522618789,696.2168868594199,675.9991705997772,695.6990356445312,11080100
2025-06-24,702.0332271284436,710.2995766217482,699.2644647708578,709.3135986328125,13823200
2025-06-25,710.429070970547,713.6758686004573,702.5212476934295,705.807861328125,9320400
2025-06-26,711.4648967683559,725.2687117209913,708.1683136455351,723.1473999023438,13964800
2025-06-27,723.5755683841301,732.4494310569042,722.9182092007885,730.65673828125,18775700
2025-06-30,741.5324738401788,744.8689334249254,731.2742298621163,735.0986938476562,15402100
2025-07-01,733.8935137744854,734.7599829001077,712.4706816395186,716.3050537109375,13431200
2025-07-02,712.4309775067843,717.3808062594098,709.9112017361177,710.6781005859375,9336700
2025-07-03,723.6651827300041,726.0754187289656,711.524583891452,716.0960083007812,8601700
2025-07-07,714.691699254539,724.053627417977,710.6183091744663,715.4386596679688,9457100
2025-07-08,718.6456443931926,719.9801796297307,711.9130314453001,717.749267578125,7770700
2025-07-09,719.7908939937631,734.5409296194899,719.7908939937631,729.8101806640625,11418000
2025-07-10,728.5851937618205,732.8179695463292,716.6836120454662,724.2926635742188,9913600
2025-07-11,719.5718173438482,722.2210100216284,706.8237059553837,714.60205078125,10873900
2025-07-14,714.6916780207232,725.0495530943306,713.6459456305495,717.9982299804688,8939400
2025-07-15,720.9662434931772,721.5338799362771,706.9432890972288,707.510986328125,11529500
2025-07-16,710.4787858939072,711.076329845546,696.435955940308,700.0611572265625,13067600
2025-07-17,701.5352245721698,703.0391144882735,694.2847001730921,698.5672607421875,11803300
2025-07-18,699.3441029750284,701.8539091420688,688.846842328649,701.4256591796875,12779800
2025-07-21,703.935467146971,714.094140720639,702.8997039450122,710.0804443359375,9404400
2025-07-22,713.2873743640687,713.6956859389659,698.567246668549,701.9534912109375,8921100
2025-07-23,703.5071874060967,711.7337206370244,702.0730210705864,710.68798828125,8771600
2025-07-24,714.1438962383025,720.6872763494622,711.1062695692692,711.9030151367188,10920800
2025-07-25,714.0144322760385,717.7293565775856,709.0148187890661,709.7916259765625,8271700
2025-07-28,712.3014741673994,721.8027888995285,709.7916676847334,714.7216186523438,8715700
2025-07-29,717.0819056919643,721.5337600116644,697.07330188235,697.1629638671875,13267000
2025-07-30,705.220260506502,705.6285721008213,688.3986981647392,692.3924560546875,27077300
2025-07-31,772.0582355802883,781.5695186158251,762.4075053559926,770.3053588867188,38831100
2025-08-01,757.6469231660217,762.8955845641383,742.2894337714881,746.9703979492188,19028700
2025-08-04,756.9199199436857,773.701607011529,755.3363370487518,773.2235717773438,15801700
2025-08-05,773.3032507518016,779.956171055707,759.9077481452855,760.3659057617188,11640300
2025-08-06,766.8793418933351,770.5046042804465,757.3780275150413,768.8612670898438,9733900
2025-08-07,770.3551486222174,771.8590385394825,756.4716429684601,758.742431640625,9019700
2025-08-08,759.6586872434935,766.7797336678077,755.5056046563325,766.18212890625,7320800
2025-08-11,766.9590117045211,770.3253179934114,761.5709034876361,762.7660522460938,7612000
2025-08-12,769.8671766063835,790.4533879693125,769.2994794144802,786.7982788085938,14563100
2025-08-13,787.9435990951905,792.2361288096716,775.0759183613408,776.91845703125,8811800
2025-08-14,774.7273686839942,784.6171165223105,769.3791373875601,778.9601440429688,8116200
2025-08-15,780.9719672522215,793.0229032247282,777.6554462847165,782.0475463867188,13375400
2025-08-18,771.9487538776341,772.6658066945315,753.4938227994072,764.260009765625,16513700
2025-08-19,764.0110161040656,764.0608013068265,746.3229839925046,748.4343872070312,12286700
2025-08-20,744.5401585722956,747.1595042299738,728.0373083243624,744.6895141601562,11898200
2025-08-21,741.6918632286945,742.4786396352457,730.1388392043501,736.1045532226562,8876300
2025-08-22,736.2339614223348,753.8323905933418,731.4136114592857,751.7308959960938,10612700
2025-08-25,751.7608684647103,755.8044116418879,747.0898736921264,750.2470092773438,6861200
2025-08-26,747.7571485914523,751.8106610061906,744.9087541771366,751.0437622070312,7601800
2025-08-27,749.2511177580294,751.0936566769975,739.8294955044348,744.35107421875,8315400
2025-08-28,740.9847476708056,749.9980580487584,737.7977043404688,748.06591796875,7468000
2025-08-29,742.2595260689985,744.1119731912547,732.3697173104384,735.7061767578125,9070500
2025-09-02,723.0974888358023,733.0171449086611,718.8049588018843,732.1307373046875,9350900
2025-09-03,733.01707286797,737.2498480849385,731.0152094510754,734.0628051757812,7699300
2025-09-04,745.5361519354174,758.0750922868024,742.7972973222718,745.6158447265625,11439100
2025-09-05,749.5697456565401,754.8781610325589,742.0105407637873,749.4004516601562,9663400
2025-09-08,752.9360542535453,763.4034686491748,748.9722040020283,749.2510375976562,13087800
2025-09-09,754.4200531631994,763.1943457772385,750.3765098642984,762.5968017578125,10999000
2025-09-10,762.0290412375358,762.5967384027244,747.9563032651432,748.9323120117188,12478300
2025-09-11,751.5915523569047,754.0315742808393,745.336974982777,747.8567504882812,7923300
2025-09-12,745.6955270108052,754.4997269984316,740.7456986088828,752.5277709960938,8248600
2025-09-15,754.4000905423925,770.9328504065699,748.942319380906,761.600830078125,10533800
2025-09-16,763.8915887913441,778.1933776117163,761.9992645822169,775.8429565429688,11782500
2025-09-17,776.8288247150236,780.1154382240195,763.2042747009343,772.5761108398438,9400900
2025-09-18,777.5858032070112,785.5832886768625,770.2257385562051,777.0878295898438,10955000
2025-09-19,783.2327349405688,787.5949882886124,766.072585123962,775.225341796875,23696800
2025-09-22,779.2068217271558,783.0737097074955,761.8855723964391,762.5732421875,11706900
2025-09-23,766.6494677320859,767.994879580523,748.5309344746781,752.8463134765625,10872600
2025-09-24,754.9391495935897,758.5369308098985,749.9859806746165,758.0884399414062,8828200
2025-09-25,750.9029260320356,754.2117098581863,742.0329887223263,746.3782348632812,10591100
2025-09-26,747.4645893513656,749.3880575951708,734.8573289461095,741.2357177734375,9696300
2025-09-29,746.1888636454856,748.2419580482833,736.65126931649,740.8869018554688,9246800
2025-09-30,739.740790143385,740.4583269528289,723.8446976774693,731.8973999023438,16226800
2025-10-01,719.050911987213,719.4096803677126,707.7991010033351,714.9149780273438,20419600
2025-10-02,720.1372426569798,725.309699629413,715.7122502133443,724.5921020507812,11415300
2025-10-03,727.1633750572937,728.5287386889415,707.7791166979599,708.1578369140625,16154300
2025-10-06,702.8060248479621,714.4565078636942,688.1756596108709,713.2406005859375,21654700
2025-10-07,715.2937017364883,716.0710941262779,703.3641957962709,710.66943359375,12062900
2025-10-08,711.0380954481734,717.2171476536749,705.4171476518181,715.4132690429688,10790600
2025-10-09,715.8518398810967,731.0303344726562,710.0315555923428,731.0303344726562,12717200
2025-10-10,728.4490335307075,732.784364410351,702.1283419878271,702.9156494140625,16980100
2025-10-13,710.5996089558437,717.5061741064447,705.2477676379041,713.280517578125,9251800
2025-10-14,705.3873404797914,713.1310322093289,696.9658939978091,706.25439453125,8829800
2025-10-15,714.6358727912688,721.4527759491865,707.1114088212217,715.1242065429688,10246800
2025-10-16,715.1242355877501,723.0373960268438,701.5004654735715,709.6627807617188,9017000
2025-10-17,704.6896976037913,716.1109175681677,703.732921033597,714.4963989257812,12232400
2025-10-20,718.7519023248905,731.289390620618,717.7453070615727,729.6947631835938,8900200
2025-10-21,733.5318410857864,736.0034377690635,726.2863984755653,730.7911376953125,7647300
2025-10-22,731.3492269695964,738.0962989037338,721.5823690736463,730.9306030273438,8734500
2025-10-23,732.2163225390138,739.9002195728755,730.6216949207216,731.5186767578125,9856000
2025-10-24,734.2991309259364,738.704232141329,728.6782441600997,735.8638305664062,9151300
2025-10-27,747.1953964386955,753.1950643156673,745.4812403760276,748.28173828125,11321100
2025-10-28,750.0856376808406,755.8361508831443,742.9996885933356,748.899658203125,12193800
2025-10-29,752.1984498261967,756.5935143682193,739.9998387891849,749.1288452148438,26818600
2025-10-30,666.8878512529341,678.6579231468259,647.9719749420648,664.2168579101562,88440100
2025-10-31,672.22980228556,672.6085225469975,643.3876326547638,646.158203125,56953200
2025-11-03,653.7822211413385,657.1009802410895,634.0292205141047,635.5540771484375,33003600
2025-11-04,625.9168776495994,639.5705767203505,623.8937717318939,625.1993408203125,27356600
2025-11-05,630.1724007040705,640.0588479681868,624.4218873891514,633.8001098632812,20219900
2025-11-06,633.7004019945108,633.8499192315176,615.9107705740217,616.8475952148438,23628800
2025-11-07,614.4058914069517,620.0268394880455,599.1676024999227,619.6082763671875,29946800
2025-11-10,628.9566105977867,632.8533659763596,616.0204484619443,629.6243286132812,19245000
2025-11-11,625.8770169082796,627.4317408228605,617.2961380110504,624.9601440429688,13302200
2025-11-12,626.0065923024907,626.8636704474237,605.7154345004715,606.9512329101562,24493300
2025-11-13,610.9974896015757,615.5620236854409,600.9615245048305,607.8282470703125,20973800
2025-11-14,599.7556041676178,611.6054241702889,593.1879159768617,607.3997192382812,20724100
2025-11-17,606.9810562524968,609.6221219886945,593.3872138938384,599.974853515625,16501300
2025-11-18,589.5999948667346,601.619222033871,581.8064849239344,595.66943359375,25500600
2025-11-19,591.7128101062766,593.3174134864839,579.2849960343485,588.3243408203125,24744700
2025-11-20,601.4597887996167,604.6688739678727,581.3778841958236,587.1583251953125,20603000
2025-11-21,586.5104667718139,596.097939714081,579.8928999224906,592.2410278320312,21052600
2025-11-24,596.6959057641074,614.6151629725317,595.609624740878,610.9774780273438,23554900
2025-11-25,621.8904932046078,634.8963639496133,616.209750572071,634.0691528320312,25213000
2025-11-26,635.5342418532664,636.2019598341516,629.4947305871518,631.468017578125,15209500
2025-11-28,633.9296546389559,645.8591590880771,633.3515983825566,645.759521484375,11033200
2025-12-01,637.3878853503733,643.1383983949365,635.6039586340122,638.7034301757812,13029900
2025-12-02,640.1684965318557,645.6797698761368,635.9129124654792,644.912353515625,11640900
2025-12-03,642.2314810232181,646.6564735939825,635.3946865356451,637.437744140625,11134300
2025-12-04,673.7146932031604,673.8143308084973,657.8186021075292,659.2936401367188,29874600
2025-12-05,661.7553548965755,672.4092198957593,660.1508120837719,671.1434936523438,21207900
2025-12-08,667.0772284693074,674.4223082782987,662.8216443414645,664.5457763671875,13161000
2025-12-09,661.5260500954003,662.2336109084633,651.1313175008097,654.7390747070312,12997100
2025-12-10,647.7528057448357,652.297387877758,641.2249606939789,647.9321899414062,16910900
2025-12-11,641.1153404903109,653.0648594704357,638.6337676515359,650.5035400390625,13056700
2025-12-12,647.603240055161,708.5963563082138,636.4510671197735,642.0520629882812,14016900
2025-12-15,644.0420011784053,651.3232442601446,637.0599755890928,645.8473510742188,15549100
2025-12-16,641.8476117575357,660.8386986647098,641.5483942773906,655.4625854492188,14309100
2025-12-17,653.9265104909302,659.5320745885969,647.5329968709444,647.8322143554688,15598500
2025-12-18,655.3429055936973,668.838131561853,654.7743619360156,662.7438354492188,20260300
2025-12-19,664.7088117261414,669.2770686745317,656.4899793714928,657.0784912109375,49977100
2025-12-22,659.9510307809619,671.850389464676,654.9638698467097,659.8013916015625,15659400
2025-12-23,658.3550860644432,664.2898196014329,656.5597203493141,663.2325439453125,8486800
2025-12-24,660.8288080412273,666.4642636433252,660.499638357634,665.8358764648438,5627500
2025-12-26,666.3445631389869,667.2322924211887,659.6218797502219,661.5867919921875,7133800
2025-12-29,656.3204105957403,658.5546491157273,652.7097106878265,656.9986572265625,8506500
2025-12-30,656.9986226731097,670.4938487731155,656.1508296487782,664.239990234375,9187500
2025-12-31,663.0430880640301,663.2924461264837,657.7467252526537,658.3950805664062,7940400
2026-01-02,661.0283027009447,662.6840744459444,641.8476986467276,648.7399291992188,13726500
2026-01-05,649.338336889516,662.8335627039321,646.0866982239037,657.0983276367188,12213700
2026-01-06,657.8764143393763,663.8111485640529,650.2261258196658,658.9237060546875,11074400
2026-01-07,653.9565196013041,657.4575166710536,643.1543108814861,647.0243530273438,12846300
2026-01-08,644.2215925344583,645.438430744762,634.0876460583936,644.401123046875,11921700
2026-01-09,643.7826283039087,653.2682180705046,641.1992521727667,651.383056640625,11634900
2026-01-12,650.8544758921091,652.2907198459545,639.5834431006995,640.321533203125,14797200
2026-01-13,640.6208286715078,640.6208286715078,622.4974409136,629.4695434570312,18030400
2026-01-14,624.8913007155408,626.836305766559,613.2412994138377,613.9395141601562,15527900
2026-01-15,616.8918824768537,622.567274451088,612.6527953870184,619.2059326171875,13076100
2026-01-16,622.5772500418334,627.4646923832119,618.4878021974878,618.6573486328125,17012500
2026-01-20,606.3190803349536,609.8300611005736,598.4593098618273,602.5687255859375,15169600
2026-01-21,605.1820479992876,616.6824713366042,598.5391758430108,611.3861083984375,14494700
2026-01-22,627.7339506004921,658.8738165275513,624.9411525277235,645.967041015625,21394700
2026-01-23,643.1144139511335,664.7786132883346,642.7952283244125,657.0684814453125,22797700
2026-01-26,663.4221291072672,673.546090976127,659.5919624126628,670.633544921875,16327400
2026-01-27,672.8577784094987,675.082032614818,662.9532236229811,671.2418823242188,13297400
2026-01-28,672.768020673078,675.9398477720257,664.3895658196245,667.0128173828125,25709600
2026-01-29,735.536439340887,742.0895763731422,710.7203206800697,736.4141845703125,59852900
2026-01-30,725.6319102189462,730.2899014488934,711.7576553956329,714.66015625,23744600
2026-02-02,712.7650416713351,719.4478497361232,701.7135364812315,704.5960693359375,14365200
2026-02-03,705.5536352374374,715.1589125312489,684.6474336745422,689.9238891601562,13760700
2026-02-04,685.9640881387202,687.0613001828912,665.7461770525908,667.272216796875,16882800
2026-02-05,661.8760941724082,679.7500626324993,651.8219602792932,668.4890747070312,17131800
2026-02-06,663.7811558190369,670.2644652243433,644.8399277739295,659.7615356445312,18159300
2026-02-09,661.4770916291903,681.5554070660584,657.0884263930592,675.4810180664062,14837500
2026-02-10,675.8600805746455,678.9022976953746,668.0701369952135,668.9977416992188,10455800
2026-02-11,672.2693241407737,677.5258114827353,655.4126950742984,666.9729614257812,14323800
2026-02-12,668.2496249159107,674.2641703314905,643.6230822268304,648.1414184570312,14960100
2026-02-13,643.4435284294337,649.7572916993954,632.9405983581432,638.1272583007812,12336400
2026-02-17,637.8578591323172,640.9498744421038,627.1853229648948,637.6483764648438,12674700
2026-02-18,632.1725042393389,643.3437568439427,626.5370489428796,641.5682983398438,14649200
2026-02-19,636.9302530675583,645.5281132997313,635.0849670695593,643.1243286132812,10035700
2026-02-20,638.0474161403351,661.6466355641227,637.1397796110642,653.9763793945312,14183500
2026-02-23,650.8643633551039,656.0111474209717,634.3668572540702,635.6136474609375,8605900
2026-02-24,631.4543872367445,639.4637360573605,627.364878734925,637.6583862304688,10135600
2026-02-25,640.8801577475739,652.200989167557,640.4911445683953,652.011474609375,11330700
2026-02-26,648.8795031075816,659.3026817342861,645.837347084645,655.3229370117188,10637700
2026-02-27,641.7977899641362,647.7723993687464,636.4814590544522,646.515625,15703000
2026-03-02,635.5239222579676,658.2454587293388,632.8707791900337,651.8818359375,9816100
2026-03-03,646.6252847330551,657.3476806461185,637.199599354082,653.3978881835938,12263800
2026-03-04,656.2705097002453,671.0424780902056,655.9812154011644,666.015380859375,10810100
2026-03-05,660.2303336051802,668.9778340733714,648.6401755256248,658.8738403320312,13341400
2026-03-06,646.2363343546218,647.8022493056128,634.4765699796501,643.2041015625,13159400
2026-03-09,633.1501152642575,646.0867831911829,625.1706567300553,645.7277221679688,13489700
2026-03-10,651.881802754218,658.6044862124207,647.3335142418318,652.3905029296875,9859300
2026-03-11,653.0786868976891,657.4274764783338,646.695096760678,653.1784057617188,8977200
2026-03-12,647.084125187776,651.8219280311547,635.2645782351397,636.541259765625,11617500
2026-03-13,622.2879460132801,627.554356001348,607.9847424867846,612.1340942382812,18957600
2026-03-16,630.9168848948667,633.6621719731276,622.0321132511823,626.3746948242188,15134900
2026-03-17,626.9137783313067,635.4591062750881,620.634579694285,621.5928955078125,10348800
2026-03-18,615.2837809831337,621.5829648535273,613.5567043186309,614.6248779296875,11726300
2026-03-19,611.1009505532863,611.9494694911245,601.2278849458298,605.6602783203125,13247700
2026-03-20,602.4957192983555,602.9249750667714,586.2435901825164,592.642578125,21214900
2026-03-23,604.7517959610541,607.5969482872343,597.9834469761715,603.0247802734375,13638000
2026-03-24,598.0732713770465,599.9700396349708,589.9871770786485,591.9038696289062,10739700
2026-03-25,597.7138608396341,602.6354044215132,592.3830467312241,593.8704833984375,12585000
2026-03-26,581.4916747262954,582.0008103985165,542.4187412024525,546.6015625,35780100
2026-03-27,539.1743295527585,542.6683311056884,519.368366299545,524.8189697265625,30133000
2026-03-30,535.4607543945312,538.6253045735799,527.6341638126921,535.4607543945312,22795200
2026-03-31,549.0374119135495,572.7067990959439,545.8329522821889,571.1494750976562,32898300
2026-04-01,579.1357866530213,591.5344843799961,572.8366030750008,578.2373046875,23608100
2026-04-02,565.0699110449033,577.5085793033603,558.7408105198895,573.4755249023438,13518500
2026-04-06,576.6999432469056,581.7911783704857,571.0196924702504,572.0379638671875,9515700
2026-04-07,571.4988503418972,574.2441373249518,563.7921103124964,574.064453125,9580800
2026-04-08,604.9614419693103,628.8704088339113,590.8157434643455,611.3704223632812,32036600
2026-04-09,625.8955000086161,636.4074834525468,621.9323328485281,627.3131103515625,19012900
2026-04-10,633.3826022362973,637.4856047359222,623.2600266965629,628.780517578125,13294800
2026-04-13,628.4212176827168,633.9117922613585,623.3299819911093,633.442626953125,9538900
2026-04-14,642.117619704398,665.1181727259973,638.2742422102883,661.3546142578125,17818000
2026-04-15,665.856909197143,677.3372007350248,663.081644256971,670.4290771484375,14952600
2026-04-16,674.831464225754,676.4187660594131,666.605595861725,675.7099609375,9544800
2026-04-17,677.4369744478516,690.3348757077041,673.9729506648888,687.3699340820312,16283500
2026-04-20,680.192296240317,682.2088539380842,666.8552067290691,669.7601928710938,12534000
2026-04-21,669.8500580611455,675.0411586256739,666.1863646700106,667.6937866210938,8660100
2026-04-22,673.2042912464699,677.2174214115423,668.6022063234784,673.5636596679688,9215600
2026-04-23,662.562575853328,668.412518474367,651.9308032468797,658.0203857421875,11667000
2026-04-24,659.1883568751083,679.5034568571632,652.719481738207,673.8731689453125,13348300
2026-04-27,669.8500343121515,681.330325511242,669.6903353309991,677.4569702148438,12805200
2026-04-28,673.0844464119266,677.0176962940845,664.489217253305,670.189453125,10606800
2026-04-29,667.7636045616339,673.0944797535534,662.6723692427279,667.9732666015625,18947500
2026-04-30,618.2586017744245,619.7859479396749,598.9717055442339,610.8612670898438,52765000
2026-05-01,613.6365485572411,617.8193701850194,605.0712358749745,607.7067260742188,21404000
2026-05-04,606.8981537761392,612.9477660987843,601.7170456287333,609.3638916015625,16203900
2026-05-05,612.2588828439087,613.2970785161436,599.3310648754198,603.9232177734375,17171300
2026-05-06,600.0199080772063,618.8875416216711,597.0749516023062,611.8296508789062,19915500
2026-05-07,613.6664238202088,623.9088493168618,612.4884534922683,615.7528686523438,12307400
2026-05-08,614.1456663784968,615.7129829832094,605.0213161255829,608.585205078125,13557000
2026-05-11,603.533915527778,603.8732987260729,597.0550476209405,597.8336791992188,15940600
2026-05-12,593.8006394881057,602.7153284632744,591.5844123107358,601.9666137695312,11351600
2026-05-13,597.8037594995824,618.837657653709,595.6374345129168,615.5732421875,14634400
2026-05-14,614.944289073115,622.6610217742586,613.9460028895547,617.3701171875,10651200
2026-05-15,612.9377892034477,620.135455286475,608.2658166797805,613.1773681640625,13272600
2026-05-18,608.0660990208263,614.5350350972873,602.6554048207697,610.1625366210938,13772400
2026-05-19,607.8764543920544,612.8778783201094,599.5208032426234,601.5772705078125,11749900
2026-05-20,599.7304526335664,606.9580352784536,596.7854960328639,604.0230712890625,11329700
2026-05-21,598.9716935873996,608.5552163125774,593.7905860006466,606.3390502929688,13476100
2026-05-22,606.838246230648,613.7563625825306,605.9098473363839,609.2141723632812,11688600
2026-05-26,607.8464888599174,613.4168818935308,604.2626146519137,611.2905883789062,12234200
2026-05-27,608.3556581766634,637.4057633477772,607.9563193089997,634.1713256835938,23143600
2026-05-28,638.4040398455469,641.8980416273442,628.2315007921775,634.2012329101562,16772400
2026-05-29,632.4143189973911,633.4126052152244,622.281689514161,631.426025390625,19806500
2026-06-01,629.3196151062037,634.6604216515384,598.5025264432778,599.4408569335938,29138800
2026-06-02,602.2061447656582,607.8364934375654,595.6573898697867,596.6057739257812,18252000
2026-06-03,601.9666135784172,623.0803923074952,599.2413115918356,621.912353515625,23020100
2026-06-04,622.601105447702,641.2990464500883,621.3632403719068,626.4944458007812,21469200
2026-06-05,622.3915867034917,628.0718380797523,581.9110292634388,591.9837646484375,30091600
2026-06-08,590.9854370177134,590.9854370177134,578.2273099921849,584.3867797851562,19512400
2026-06-09,589.9871222602228,596.6057643945405,580.0142532419713,583.588134765625,16977400
2026-06-10,579.7347558037309,590.3066340250939,569.6221111934292,570.00146484375,17064000
2026-06-11,564.8602908302337,571.1893911411966,556.0553993401948,567.455810546875,17628000
2026-06-12,571.9680395129554,575.0826873049916,559.938704060897,566.0082397460938,14326400
2026-06-15,579.4427159724761,600.795858737961,578.8431525395191,593.011962890625,17653300
2026-06-16,593.1818700134238,605.3322537623429,591.5331468141493,599.7366943359375,11344400
2026-06-17,591.5331725816898,593.3417428489197,565.7435277503374,567.1324462890625,20478300
2026-06-18,572.3682769745303,579.7624046842873,562.6559105294999,576.7647705078125,28824600
2026-06-22,571.5689356803741,575.3559250048318,559.3685422933314,563.4053344726562,15405500
2026-06-23,561.8066012038755,571.7487666818112,560.5775907162,561.7566528320312,13103300
2026-06-24,561.4469285838474,568.591253761232,555.1119012433646,557.230224609375,13963600
2026-06-25,555.1118879211193,555.9013039685537,539.7540133926082,542.44189453125,16968600
2026-06-26,542.9115767800729,556.4108722579447,539.9738926737891,549.8161010742188,18867700
2026-06-29,559.5583857816937,570.4498144711828,557.5599629753306,562.1563110351562,15011400
2026-06-30,560.4976417791106,565.0939897966132,550.9951316644288,562.8457641601562,18111100
2026-07-01,607.4305787144307,627.784571153574,594.6306830487989,612.4266357421875,45536300
2026-07-02,607.4206544757068,609.5189740900589,579.9622828274885,582.4403686523438,21705900
2026-07-06,594.3709360150443,603.1040338931904,581.301233826573,599.8165893554688,17674100
2026-07-07,607.1109147253509,624.8768626804635,603.1839600389557,615.0946044921875,18560800
2026-07-08,613.9055418180343,615.5142576272189,597.5384532703483,602.6444091796875,13606500
2026-07-09,583.529455055522,632.77062206454,576.6149292518581,630.9819946289062,26579700
2026-07-10,659.8193113874754,677.3254544051542,657.491131647921,668.6823120117188,40608900
2026-07-13,660.858454671636,676.0864269737083,653.6841239854351,656.2120971679688,19840700
2026-07-14,651.4858277274717,665.9743929146624,648.5381419230179,660.5186767578125,16748200
2026-07-15,663.0767089741589,685.5390243545221,656.1421789132482,680.7727661132812,19003400
2026-07-16,676.7459348014426,681.3622866487058,659.6393793096187,664.0159301757812,15816000
2026-07-17,647.1892801723585,651.68573177941,625.5063791142821,645.5006103515625,22267900
2026-07-20,646.1900645769782,652.784835830389,635.5084916103011,645.3406982421875,10225200
2026-07-21,653.664124760039,655.3627963853286,642.6928027946103,643.3023071289062,9140500
2026-07-22,647.189254956408,648.4882176170956,623.5079318845419,626.6754150390625,11019600
2026-07-23,607.9301851876114,614.1653155952538,596.7490071058414,605.6220092773438,15494800
2026-07-24,604.8226548171024,609.4989569016461,593.9812354037057,594.7206420898438,11503500
2026-07-27,606.7411202287035,610.7779733376527,592.6622656813121,593.4016723632812,11195300
2026-07-28,596.3493616660036,600.5260580457825,586.5370982909723,592.9420166015625,12009300
2026-07-29,592.7821833537371,599.4968549179539,581.7608519604674,585.148193359375,22371100
2026-07-30,525.58522592167,539.4542858116451,524.0764068649972,538.60498046875,42271500
2026-07-31,543.171288392182,557.8897136701136,539.7939490076644,556.27099609375,24261500
2026-08-03,561.7966164985271,597.0488245114987,558.9188827428958,589.7745361328125,25938100
2026-08-04,581.0414552494501,592.32253050782,577.794018053301,587.4763793945312,17959200
2026-08-05,599.9865089938204,600.5260612032997,579.6625219517506,588.3057250976562,14897200
2026-08-06,586.487189429669,594.8405827519979,585.5379263278069,589.4348754882812,11811500
2026-08-07,585.1781899072663,598.2678350979388,585.1581861630435,591.633056640625,11250300
2026-08-10,598.657568915248,607.7304260788247,591.5631919202813,594.4508666992188,14967300
2026-08-11,597.5284100969216,611.9470231090784,592.9320621063698,598.6475219726562,13146900
2026-08-12,600.5960026412422,604.023290419805,577.7540447074138,578.3934936523438,16186900
2026-08-13,580.2520897369063,595.380104391766,578.9331233348041,594.5007934570312,11164200
2026-08-14,596.5092089028919,601.3853654698224,588.8252707092146,589.3848266601562,8758000
2026-08-17,589.2849441761664,589.774548021712,564.3046582848494,568.5213012695312,17225600
2026-08-18,557.0403796583744,560.2178647510921,542.7816737373303,543.2412719726562,27094900
2026-08-19,540.9131223962278,553.6330639150415,536.8463247077087,545.5994262695312,16971700
2026-08-20,546.5187091013889,549.5562899225255,538.8847190657524,545.3995971679688,13872200
2026-08-21,546.4587335768297,553.4332095869578,542.8015857242297,549.4663696289062,13848000
2026-08-24,549.7661710202622,560.9772946036173,545.8692218355393,558.5792236328125,12990600
2026-08-25,563.4353464162,570.3498724402046,560.9573215839381,569.6004638671875,9769100
2026-08-26,589.8444773654404,592.8721171723366,561.4369046651577,575.6856689453125,31416300
2026-08-27,576.0253592943615,587.926001033879,567.1723610665189,570.6495971679688,15221400
2026-08-28,571.0992793335739,588.7253835559844,570.5497252457161,577.564208984375,16042400
2026-08-31,577.1744781551006,578.2236379136884,568.6911832402849,571.888671875,13383800
2026-09-01,557.9096596695957,584.4887194481862,555.6614340241316,578.083740234375,15796900
2026-09-02,578.3335366296732,599.9065373056851,576.5449702025707,592.3824462890625,16552700
2026-09-03,604.0133041368691,618.9715308723809,603.8733999005765,610.1984252929688,19737100
2026-09-04,611.8670721034152,616.9730886717387,604.7926993516937,616.2836303710938,15966200
2026-09-08,615.7241045276966,624.3072966603136,609.2591747857786,612.9962158203125,18909700
2026-09-09,648.1284941622514,657.3411939542544,638.056426220049,653.1744995117188,35900700
2026-09-10,653.1945472302951,662.9768054946985,641.6336632885306,643.8718872070312,21531900
2026-09-11,652.9947023490145,663.716221985592,645.6904688887529,647.51904296875,16925000
2026-09-14,657.311302577125,668.072768706455,648.708045415434,665.0751342773438,19332300
2026-09-15,658.7801108800835,678.3346866933342,655.6825797136325,669.7114868164062,19502800
2026-09-16,679.3738238485387,684.7695900234191,671.3801323225093,672.779052734375,17217800
2026-09-17,681.9018750257407,682.6612854975235,666.5239959332205,681.77197265625,15928000
2026-09-18,688.0769980771287,689.6058209010791,660.278927643704,665.2250366210938,27596400
2026-09-21,680.2999877929688,753.0,679.5999755859375,741.25,48572800
