Date,Open,High,Low,Close,Volume
2021-09-22,125.84123579135954,126.99220880309052,125.58157332902859,126.21319580078125,2656077
2021-09-23,126.43071131081325,128.325590811635,126.32544520818833,127.39920043945312,2615054
2021-09-24,127.3781938667851,127.77821541719933,126.76059583961754,127.05535125732422,2483972
2021-09-27,126.90796163219721,128.5431790834046,126.89392444146665,127.58169555664062,2454312
2021-09-28,127.60275936026576,128.32562349768506,126.16406248889,126.36055755615234,2739318
2021-09-29,126.26933545475532,127.30099224819286,125.74297916375716,126.94306945800781,2003061
2021-09-30,127.53259385694226,127.77120051334948,123.07610544415739,123.11119842529297,3869778
2021-10-01,123.69367891835323,124.50777188069848,122.26900662850792,123.99545288085938,2893483
2021-10-04,122.21988313147868,124.29021502826548,121.9602207238061,123.54629516601562,3600080
2021-10-05,123.64455965241635,125.34995027058027,123.21645094518452,124.83763122558594,2258407
2021-10-06,123.96035880401057,125.30782653870736,123.1813588227595,125.20256042480469,2460890
2021-10-07,126.32549054701883,126.87288984631665,124.71132861230187,124.78150177001953,3442208
2021-10-08,124.62005861658353,124.99201853346669,124.06564084638735,124.18494415283203,2953522
2021-10-11,124.9358649231554,125.34290494958786,123.65857047691136,123.71470642089844,3218556
2021-10-12,123.72877327264072,124.14284479995459,122.907661621307,123.18839263916016,2578456
2021-10-13,123.2445162461254,125.20256334861645,122.84448195017492,124.33934020996094,2428478
2021-10-14,124.9218099333505,126.60614416600212,124.88671696857622,126.54999542236328,2725923
2021-10-15,126.80974350359567,128.4309241399179,126.80272490660325,127.68700408935547,2584317
2021-10-18,126.87989416248443,127.67294425133875,125.86227462501948,127.53258514404297,2096947
2021-10-19,128.03785885211224,128.32559560230794,127.47640973262814,127.94661712646484,1667344
2021-10-20,128.14313753534057,128.5572090232258,127.75714042733303,128.02383422851562,2139046
2021-10-21,128.32563546387576,128.45195739251133,126.69043056510041,127.81331634521484,1986556
2021-10-22,128.12911895063465,128.6344194388403,126.87287992228069,126.88691711425781,3146556
2021-10-25,126.67638066880747,128.3958085526839,125.93947934495857,128.0098114013672,3235300
2021-10-26,127.07637880410348,129.00635139764486,125.74294831708201,127.84135437011719,3750178
2021-10-27,127.91859086698668,127.96770823285496,124.97800397418474,125.09030151367188,3141892
2021-10-28,125.09732234626225,126.33250564910081,125.09030374991882,126.23424530029297,2326100
2021-10-29,126.12194245809486,126.9641098601003,125.00606264565285,125.39907836914062,3061162
2021-11-01,125.29379940417355,126.14299820893365,124.57796671841031,126.03070068359375,2404558
2021-11-02,126.31843618219429,127.7992443633925,126.05174239694195,127.70801544189453,2646748
2021-11-03,127.58172036939662,128.16422547503583,126.31145682248037,127.8905258178711,2372146
2021-11-04,128.05892427876495,128.4028098091024,126.49389290522357,126.75355529785156,2453474
2021-11-05,127.81328920160648,129.0063606929567,126.99217762836727,127.58870697021484,2169903
2021-11-08,128.1922738140479,128.73266722950063,126.51495761291208,127.40624237060547,2219656
2021-11-09,127.28692447565655,128.1290917773949,126.64126501226617,127.25885009765625,2131750
2021-11-10,127.25885860746993,128.31858960192082,126.32546232246845,128.02383422851562,2048270
2021-11-11,128.43790505254168,128.4589480296861,125.98157613311427,126.47283935546875,2376093
2021-11-12,126.99220523769407,130.74687259464562,126.52900348426584,128.89410400390625,5268021
2021-11-15,129.19586480645017,129.86258017466918,128.36071594723214,128.64845275878906,1750226
2021-11-16,128.64845544105964,129.27307205529428,128.22035951268728,128.69056701660156,2362100
2021-11-17,128.6905351526747,129.04143924665945,127.46938941791397,128.6694793701172,2692316
2021-11-18,128.84636066777384,129.15059047894977,126.42664777947945,126.4832534790039,3029229
2021-11-19,126.95729287599875,127.92658805027236,126.02336335354792,126.8087158203125,2969190
2021-11-22,126.82288238217764,128.9666557442034,126.49033675552374,127.11296081542969,2836792
2021-11-23,127.78510860975774,128.287445564849,126.39837196981937,126.97146606445312,2325263
2021-11-24,126.62478554442717,126.99977257100814,125.61302297931945,125.67670440673828,1780246
2021-11-26,123.47629540471317,125.11065586243352,122.68386725755322,124.1838150024414,2287111
2021-11-29,124.85597670043202,125.11067656710964,123.8017728418312,124.68617248535156,2780102
2021-11-30,123.60368601717788,124.42440437251037,120.2358911065692,120.30664825439453,6387238
2021-12-01,122.08249165864669,123.5682882369338,120.77358792242832,120.79481506347656,3893698
2021-12-02,121.36792242333401,122.2452464566119,120.18635558027604,120.46229553222656,4027052
2021-12-03,120.20754659297643,122.3371810618962,119.69813404082109,122.11077117919922,3610604
2021-12-06,123.47630276265114,126.13656421322527,123.10839151695795,125.37245178222656,4088646
2021-12-07,125.30880423112288,126.1790525904209,124.65081440353156,124.91259002685547,2778069
2021-12-08,124.87718954306143,125.11066224213596,123.41262028575446,124.55171966552734,2305888
2021-12-09,124.87013362086752,125.51397194139454,124.26873667206303,124.48099517822266,2103286
2021-12-10,125.89601026762129,125.89601026762129,124.60124525171054,125.30168914794922,1846146
2021-12-13,125.23095948407165,125.49273505556283,123.39847883609045,123.51875305175781,3025760
2021-12-14,123.70975393224687,124.9479130865534,123.28524996932845,123.61778259277344,2783690
2021-12-15,123.87254649221292,124.6791263893635,123.02352521512485,124.3678207397461,2559320
2021-12-16,125.02575234105426,126.60351991154715,123.68853315501475,126.15777587890625,2691000
2021-12-17,125.83942482222429,126.16488182875732,123.34895436542418,123.63904571533203,4799189
2021-12-20,122.54946907556081,123.02350318038714,120.95754962419089,122.14617919921875,2369754
2021-12-21,122.71218770475191,123.10132612168316,121.84901522116739,122.34427642822266,2384944
2021-12-22,122.34428628037122,122.56362050363505,121.37499092860719,122.14617919921875,2418312
2021-12-23,122.39378995145451,124.25456031220533,122.24521290052115,123.794677734375,2339017
2021-12-27,123.92204911685948,125.03993441661352,123.75224489896273,125.01870727539062,1414868
2021-12-28,125.11774328315344,126.29223418889458,125.05407477700571,125.68376159667969,1936204
2021-12-29,125.5705565049962,126.56815453048394,125.39367659830008,126.22854614257812,1461392
2021-12-30,126.55400975037077,126.77334394504354,125.64130731799104,125.68376159667969,1276491
2021-12-31,125.60596017704896,126.18611709042737,124.88428898051761,125.67670440673828,1691862
2022-01-03,126.16487687391563,126.70966807193811,124.410229063519,125.75452423095703,2309117
2022-01-04,126.27807600592362,128.24498211585038,125.95968184468028,127.5162353515625,3016551
2022-01-05,125.32291619506034,128.61287720885844,125.23094484368698,126.99266815185547,3531070
2022-01-06,127.97612703261778,128.25912973839453,125.6130066654056,125.9384765625,2996458
2022-01-07,126.03047134518435,127.7002237728661,125.38663296834937,127.31816101074219,3349039
2022-01-10,126.96440730258595,127.23325864497043,125.07533345533017,125.52106475830078,2772328
2022-01-11,125.9385056743442,127.0351510966429,124.82062019553409,126.63187408447266,2707983
2022-01-12,126.64603729972349,127.36063292097415,126.35594587476977,126.94319152832031,2067286
2022-01-13,127.26862842916674,128.30160526174117,126.66723143995623,128.0751953125,2505261
2022-01-14,127.96201739869404,127.96201739869404,125.70503199292804,126.46208190917969,2734176
2022-01-18,126.0658524446205,126.32762806457819,124.64373708592763,126.1365966796875,2883078
2022-01-19,127.23325835671584,127.96908105698934,125.67671728946183,126.27811431884766,2354446
2022-01-20,126.34882748941754,126.80164730681143,122.62019781254504,122.80415344238281,3369491
2022-01-21,122.68389145088786,124.53759936019243,122.08957022331741,122.15325164794922,4161004
2022-01-24,121.59431106038907,122.54946788669974,119.45052467058152,122.2593765258789,5635193
2022-01-25,122.77586577454103,123.50459968235407,118.87035610867456,122.9315185546875,6041116
2022-01-26,123.30652083534328,123.99281346055763,119.00479651610009,119.78307342529297,5274360
2022-01-27,119.64154368347947,121.77825413871435,119.17458534543125,120.39151763916016,3328229
2022-01-28,119.13923592636439,119.39394875335995,113.58521285613148,115.39645385742188,7441034
2022-01-31,115.11341076315179,117.65341078093084,114.32807123610608,117.4623794555664,6088118
2022-02-01,117.15812794936964,118.83495547702752,116.57089550419204,118.45996856689453,3573528
2022-02-02,118.72178662642314,119.74768764540663,117.30674717627035,117.91520690917969,3816795
2022-02-03,117.63219579688248,117.96472849453288,116.10394503607247,116.30912780761719,3120005
2022-02-04,115.88466432991294,116.55680567380274,113.27390600326801,113.71965026855469,4839614
2022-02-07,113.73375257001092,114.83748627100499,113.21018857008569,114.0309066772461,2919556
2022-02-08,114.21487301541458,115.40350246781618,113.42953339774921,114.90824127197266,2839184
2022-02-09,115.71484252760743,116.21717953046716,114.56865422934607,115.77851104736328,2563746
2022-02-10,114.62527440193787,115.17714147678409,112.50979040430548,113.01920318603516,4345307
2022-02-11,113.31633345125414,114.33515879926419,112.35411381542919,112.87767791748047,4344709
2022-02-14,112.74324187401415,112.91305901436957,109.92025141768755,111.79517364501953,5542742
2022-02-15,112.29749214090695,112.5522048976472,110.54992014446727,111.32112121582031,3989617
2022-02-16,111.08057534873632,111.78809510142746,109.03583603280225,110.11126708984375,5346120
2022-02-17,107.76102806128216,108.2039303817333,106.06799748748587,106.18229675292969,7424409
2022-02-18,105.86796199145051,106.94664446916002,105.18217952236068,105.4536361694336,6002485
2022-02-22,105.86797122486962,106.08942563553128,104.2106612739083,104.8321533203125,5392884
2022-02-23,104.83215250306617,105.2464783579891,102.96053226723907,103.13912200927734,4600534
2022-02-24,101.5103940191761,102.78909880947667,99.8245074368803,102.65337371826172,7304092
2022-02-25,103.16057626049027,108.4111144882885,103.11771158448614,107.5181655883789,8052309
2022-02-28,106.64663605897006,106.88951630507462,104.83216202910907,106.18944549560547,5041499
2022-03-01,106.1394429223047,106.45376430478424,102.9748358709627,103.40345001220703,3963424
2022-03-02,104.01779047016244,105.989421894859,103.52488587316334,105.16790771484375,4466582
2022-03-03,106.09657239176026,107.14667854490727,105.382213400229,105.93941497802734,4549823
2022-03-04,104.41068172375351,105.50365250091863,104.11064861286027,104.81786346435547,3869299
2022-03-07,104.1106535652211,104.1106535652211,101.84613971783861,102.35333251953125,5446584
2022-03-08,103.7534604549962,106.77519757111371,102.33903087029005,103.86775970458984,5507939
2022-03-09,105.62508361011987,106.62518740704012,104.64641214531594,104.72499084472656,3991411
2022-03-10,103.82490657176216,104.26780887998088,102.38905101445853,102.81766510009766,4537624
2022-03-11,102.48907264011282,103.21057585399532,100.60317034856438,100.69603729248047,4962682
2022-03-14,101.0460567687028,103.78919345961572,101.0460567687028,102.49620056152344,4676480
2022-03-15,103.48916424607029,103.92492246334317,101.86042412625201,103.08912658691406,3991411
2022-03-16,103.41058845030528,104.48927111562091,102.03901675523073,103.94635772705078,4561305
2022-03-17,103.80348736284036,105.51794381451383,102.97482906563143,105.503662109375,3332893
2022-03-18,105.06074846077526,106.04656413468055,103.73918562359964,105.95369720458984,9426992
2022-03-21,106.21801352448284,106.96809310312575,105.29649482078878,106.13943481445312,5399820
2022-03-22,106.76092651684988,107.7538863336765,106.08228805736012,107.1109619140625,5085392
2022-03-23,106.93236895235914,106.99666595523708,105.41079054787848,105.49651336669922,3154091
2022-03-24,105.81082297415062,106.60376063869587,105.29648608661039,106.4251708984375,2425608
2022-03-25,106.63233026513616,107.99675110025997,106.37516183780892,107.48241424560547,2688369
2022-03-28,107.10380942506178,107.24667860139502,105.14646651021107,106.77519989013672,3205160
2022-03-29,107.86818879847574,109.2397604997441,107.18240620701668,108.63969421386719,3221067
2022-03-30,108.10391940734009,109.48263514997149,107.70388175555966,108.17535400390625,2864540
2022-03-31,107.47530071376447,108.0467906159909,106.29661338274275,106.353759765625,3819785
2022-04-01,106.88950726866179,107.05380878944104,104.90358776022201,106.93236541748047,2626894
2022-04-04,106.48232992078039,107.16096836551411,104.35353461886164,106.81807708740234,3147633
2022-04-05,106.18944460602245,107.60387443670896,106.08943356002894,106.36803436279297,2569726
2022-04-06,105.246489853225,107.43243166333424,105.04647427424172,107.3681411743164,3235778
2022-04-07,106.7180577772604,107.48956309324203,105.41078325114863,107.11809539794922,2630004
2022-04-08,107.86818755988418,108.33252223349882,106.7109261909101,107.01809692382812,3337438
2022-04-11,107.47529914737969,108.73971581182316,107.1252637058316,107.23956298828125,2964645
2022-04-12,108.11106623191728,108.24679783531413,105.78939941597979,106.13943481445312,3125028
2022-04-13,106.09657556487925,106.56091022693178,105.41793710996787,106.19658660888672,2382552
2022-04-14,106.18944064782958,106.86093497944886,105.16076029763317,105.2822036743164,2787996
2022-04-18,105.33220296374043,105.9608391271339,104.11779530457902,104.42497253417969,2123857
2022-04-19,104.90359860179709,107.5753009142478,104.90359860179709,107.22526550292969,2746016
2022-04-20,107.7324584294268,108.93972201716345,107.53243634393851,107.5752944946289,2367960
2022-04-21,108.56824143659217,109.36832968380648,108.08961861406557,108.41822814941406,2795291
2022-04-22,107.72531085617108,107.86103593373738,105.89654873621662,106.56090545654297,3776250
2022-04-25,106.23231101669047,106.46090957340425,104.21067715949076,106.15373229980469,4104911
2022-04-26,103.87492433102977,104.9964651619412,102.06045027355047,103.02483367919922,5789118
2022-04-27,103.42488088309223,104.35354375623525,102.67480125778205,103.01769256591797,3736663
2022-04-28,103.40344466695024,105.53223355704526,102.9533982123204,105.11076354980469,3035089
2022-04-29,105.22506370627812,106.12515662311034,102.77480931749032,103.02483367919922,4966151
2022-05-02,103.23198994220166,105.367922756333,102.71050893330234,104.23209381103516,4445891
2022-05-03,104.44640595044774,106.33231457787008,104.23924626356454,105.78225708007812,3000405
2022-05-04,106.4394635198717,110.48273071322302,105.63938171117975,110.1755599975586,4418263
2022-05-05,109.4183283525187,109.76121960002399,105.88939832553582,106.76805877685547,3965816
2022-05-06,106.63234322536681,106.98952272645822,104.78929934634108,106.81807708740234,2954479
2022-05-09,106.03943335182241,109.84697144577781,105.68225380940112,108.85401153564453,4979068
2022-05-10,110.011264589227,110.03984103631012,105.82512145400695,106.52519226074219,4189827
2022-05-11,107.14666647090645,107.2466775006529,104.41781829883574,104.58926391601562,3286608
2022-05-12,104.71785446697663,106.88236373018337,104.303528607211,106.86093139648438,3371524
2022-05-13,107.30385544207597,107.40386650125158,105.70369153196806,106.65379333496094,3292947
2022-05-16,106.59660538914358,107.74672241402774,104.51782572296321,107.510986328125,3245585
2022-05-17,108.57540745520156,108.9397310990167,107.5253011963699,108.82543182373047,2519733
2022-05-18,108.28964786079935,108.3753706760672,106.06084814548525,106.38945770263672,3538605
2022-05-19,105.49470510300668,107.44296351050276,103.98660200085608,106.04309844970703,3285053
2022-05-20,106.46161286217087,106.75023884622858,101.80742998223432,103.78455352783203,5017698
2022-05-23,104.32573894221665,105.32872670101725,103.9144357405469,104.1814193725586,3391976
2022-05-24,104.15976468594332,105.50911538672543,101.7424795162071,105.16997528076172,3156005
2022-05-25,104.93908519941519,105.46583618682968,103.58251803621965,105.1988525390625,2244772
2022-05-26,105.88434637921718,107.37801677356929,105.85548114748939,106.10082244873047,2544251
2022-05-27,106.94507105988919,107.89034161354128,106.69973632813075,107.88312530517578,2124933
2022-05-31,106.98836970817544,108.12124453511272,105.29987863828703,107.72438049316406,4956224
2022-06-01,107.753253275071,107.86870764069994,105.06176740834371,105.6534652709961,2882838
2022-06-02,106.44718795354996,107.00280420626959,104.26802079394872,106.92343139648438,2274074
2022-06-03,106.07196243130828,106.41110258389106,104.8597148182651,105.3287353515625,2244055
2022-06-06,105.63182486104554,106.28846297671754,105.09785743026046,105.50193786621094,1884418
2022-06-07,104.94633418923281,106.06477670121595,103.77737750467975,105.97818756103516,2159139
2022-06-08,105.03288360014444,105.7905366440837,104.11647837240197,104.9318618774414,2046834
2022-06-09,104.99681359919302,106.2090678206117,104.00825177067269,104.03711700439453,2593287
2022-06-10,102.46406643895806,102.80320657427033,99.27469537068268,99.32520294189453,7037144
2022-06-13,98.66134049195725,99.82308695959368,97.86038963758662,98.40157318115234,4922736
2022-06-14,98.62528162444478,99.83031954830142,96.98008180347504,97.59342193603516,3199539
2022-06-15,97.96142615082255,98.6252804348442,96.01316773343163,96.92957305908203,3912236
2022-06-16,95.64517681919463,95.64517681919463,94.04327462604189,94.48343658447266,4458927
2022-06-17,94.36076134295101,95.16171240078538,92.88152989863886,93.689697265625,8588356
2022-06-21,94.05047241028501,94.58443970282627,93.2783801195681,93.81234741210938,4459166
2022-06-22,92.91760015096176,94.95245437571283,92.49908716248788,94.0937728881836,3468639
2022-06-23,93.95666607315194,94.57722247237157,92.72276958272174,93.91336822509766,2680236
2022-06-24,94.90915155760604,97.08831867562319,94.69989836642834,96.92957305908203,4376523
2022-06-27,96.98730163856332,97.17491249782323,95.45755611367564,95.8255615234375,2856766
2022-06-28,96.59044680233637,97.10276526773666,93.91338693995743,94.04327392578125,2880327
2022-06-29,93.80513734345936,94.05047866603326,92.94646246712017,93.63917541503906,3374036
2022-06-30,92.87430768685839,93.9566749801512,91.85688058758062,93.37940979003906,3995956
2022-07-01,93.37940094680697,93.6824661305484,91.35898614119866,92.7155532836914,4450077
2022-07-05,91.62598891573671,93.40106937230554,90.6302106289294,93.235107421875,4670739
2022-07-06,93.44436250713555,94.51951356006647,92.33312990844573,93.689697265625,3625794
2022-07-07,93.89895514244385,94.0288355360726,92.05171172183621,93.84122467041016,4125722
2022-07-08,93.67525782318411,93.9205925638012,92.46300356890443,92.88152313232422,2620795
2022-07-11,92.88874526400134,94.17314951661272,92.75885828481272,93.09078216552734,3221067
2022-07-12,93.19901185816933,95.26994094079565,93.1268553580803,93.94945526123047,3155168
2022-07-13,92.36199123989434,93.43714224736678,92.12386621640115,92.62897491455078,2978399
2022-07-14,91.62595878872962,92.75161710826391,90.83222426091848,92.58565521240234,3020498
2022-07-15,93.71133781670427,94.05047797962916,92.54238143351093,93.8989486694336,3155766
2022-07-18,93.9422219335008,94.39681636119377,92.7371842387028,93.01860046386719,3037601
2022-07-19,94.09376528144534,95.4431161520012,93.84843055522322,95.34209442138672,3363989
2022-07-20,95.33487597276927,96.30901171602984,95.14005540833982,95.97708129882812,2398339
2022-07-21,95.99873464722641,96.6842378531218,95.51528149155828,96.6553726196289,1996244
2022-07-22,97.16049135613974,97.37696747599988,96.31624897397822,96.7780532836914,2104960
2022-07-25,96.69146415259218,97.48520553592994,96.53271850961426,96.7780532836914,2815504
2022-07-26,103.55365959018756,105.1339126559938,99.95298497130693,101.56210327148438,15011235
2022-07-27,100.74671842243073,101.17245428728987,99.26748711084943,100.19831848144531,6016239
2022-07-28,100.94875506277207,101.47550604260921,99.79423137509544,101.28789520263672,3700663
2022-07-29,101.57653675974576,103.70518979152021,100.89104011133657,103.35883331298828,4781967
2022-08-01,102.57231183288181,103.95052798099535,102.16101517309035,103.44541931152344,3415656
2022-08-02,102.88979227362462,103.58972802902201,102.19707941012952,102.2836685180664,3226449
2022-08-03,102.39191529308825,103.77013141431752,102.1393642553902,103.53922271728516,3271658
2022-08-04,103.53923470036538,107.03167153522551,103.32998148822665,106.88014221191406,7062260
2022-08-05,106.07916530930633,107.14709978985431,105.631787173287,106.3677978515625,5008130
2022-08-08,106.81518505565954,108.34493041684075,106.49047094897146,107.139892578125,3765606
2022-08-09,107.01723971470852,107.55120705621601,106.2090723937061,106.67809295654297,3628066
2022-08-10,108.15011098755484,108.67686200276468,107.39966757727065,107.78932189941406,3046212
2022-08-11,108.23669061082862,109.27575993309992,107.7820961362793,107.9913558959961,2748767
2022-08-12,108.50367650775082,109.89632519185713,108.23669286375812,109.85302734375,2806773
2022-08-15,109.23968840995073,109.75200677931416,108.58305046292278,109.26854705810547,2796487
2022-08-16,108.5758457239321,109.18196957888397,107.42853820957453,108.42431640625,5253430
2022-08-17,107.11102814942632,107.36358576237411,106.12246637442256,106.38224029541016,5832772
2022-08-18,106.3606068315675,106.38947206792247,104.90301774321881,105.84107208251953,6762543
2022-08-19,105.41825222157976,106.17639701533615,104.3976808783456,105.84835052490234,15204987
2022-08-22,104.44869912881282,104.74029377056043,102.80848675224948,103.21672058105469,12179346
2022-08-23,102.78660609785393,103.8217646516561,102.5752054899772,103.33334350585938,18368646
2022-08-24,102.72102016649085,103.21673177640817,101.84624279815854,102.81578826904297,18454878
2022-08-25,102.83765485652775,104.44141551207281,102.52418909974197,104.06963348388672,56637298
2022-08-26,104.71114301813333,104.98086659267717,93.80555418560103,94.14088439941406,45907384
2022-08-29,93.88573205655291,93.88573205655291,91.31971650108405,92.17262268066406,60436750
2022-08-30,92.50066584759588,93.12030028249897,89.68678463647748,91.02082824707031,41236286
2022-08-31,91.01355480474678,92.18721726248414,90.10961593479014,90.64906311035156,37843952
2022-09-01,90.6126088118786,92.13618884223939,90.15334902337925,91.58216094970703,37093222
2022-09-02,91.87375772464605,92.12161688297732,88.31632493121506,88.68081665039062,14735438
2022-09-06,88.469396625406,88.57145509034056,84.54746602397644,84.99943542480469,36757386
2022-09-07,85.02857916902308,88.38919083894682,84.57660986237326,87.87889862060547,44932165
2022-09-08,86.30431806712254,87.32488941697768,85.4076696273477,86.9458236694336,30786714
2022-09-09,88.40378643391529,89.87632712130412,87.38320847739183,89.73782348632812,31359240
2022-09-12,90.62718252129328,92.23094314796032,90.37203969229532,90.57615661621094,22690392
2022-09-13,89.01612817315095,90.83129602056361,87.64563933135014,87.82059478759766,9287538
2022-09-14,87.90807654760835,87.90807654760835,84.78802634843898,85.6773910522461,6781918
2022-09-15,85.88878103658327,86.55944800095563,84.61306038764582,84.86820983886719,4847149
2022-09-16,83.61436153702283,85.51700714368684,83.1842632543606,85.00672149658203,8685113
2022-09-19,84.56933521474323,85.22542153065639,84.03717845741367,85.02859497070312,3815599
2022-09-20,84.05175164004291,85.43682125847045,83.65081481088829,84.94111633300781,4969619
2022-09-21,85.16710465977316,86.04188869374724,83.68727347590075,83.6945571899414,4468017
2022-09-22,83.22072697254268,83.86951634591063,82.68857015405327,83.20614624023438,4398888
2022-09-23,82.9072526098161,83.22800873204739,81.36909859084841,82.36780548095703,4405705
2022-09-26,82.20013609583403,82.96556455682483,81.81377335693206,82.37509155273438,4303088
2022-09-27,83.19885719756319,83.19885719756319,81.22331427782898,81.94500732421875,3975863
2022-09-28,82.74687879021342,83.62165612999067,82.41883895074528,83.30819702148438,4398649
2022-09-29,82.34593131663715,82.66668742691742,81.35451482886788,81.86480712890625,2769697
2022-09-30,81.64611788259568,82.48445009254078,80.47245544939,80.55264282226562,3722909
2022-10-03,81.42012964287659,83.11865836565093,80.8515210629323,82.53546905517578,3487536
2022-10-04,83.64353614094426,84.54747503898466,83.60708430965471,84.28504180908203,3352029
2022-10-05,83.35192510362168,84.63493618834374,82.68126475373927,83.95698547363281,3061880
2022-10-06,83.35922326759875,83.78932157375834,80.34123145538427,81.00460815429688,5176408
2022-10-07,80.45787315555309,80.74217746393441,78.06680614028981,78.3802719116211,5138614
2022-10-10,79.11653853702818,79.54663681797614,78.13970278559297,79.06550598144531,3088550
2022-10-11,79.09466159894295,80.51617625648333,78.69371815615338,79.34251403808594,3462898
2022-10-12,79.14570791728757,79.96945273619735,78.91242951486531,79.42272186279297,3290196
2022-10-13,78.36569650160712,83.70914249421459,78.0522373607838,83.29362487792969,5708149
2022-10-14,83.29361799103964,83.94970433516384,82.26574960697148,82.83435821533203,4137323
2022-10-17,84.05904496483873,84.35792999476304,82.5865042152895,83.00202178955078,3592186
2022-10-18,84.37250462850747,84.8536354574565,83.43211406551455,84.52558898925781,3066544
2022-10-19,83.90594122205349,84.32874906419832,82.55003332987333,83.2498550415039,3084006
2022-10-20,83.08949166480294,84.30689611404615,82.29490176711829,82.45527648925781,3758908
2022-10-21,82.48445981254244,85.24730260066448,82.41156279695562,85.15253448486328,3997630
2022-10-24,85.67738550831204,86.85104777677171,85.42952640680423,86.2970199584961,4059344
2022-10-25,82.74687256654299,86.45739559372447,82.48443938434829,86.3844985961914,5997581
2022-10-26,87.17910564134938,89.87634164272025,87.17910564134938,89.44624328613281,5535088
2022-10-27,90.02212116474075,90.7219429570204,88.95780774701667,89.51911926269531,4444934
2022-10-28,89.65034168812588,92.34028676646189,89.30772114703247,92.28926086425781,4559870
2022-10-31,91.92479483261215,92.17993771828355,91.38534759372017,91.69880676269531,5174135
2022-11-01,92.41320254090446,92.6537713264715,90.80944167883007,91.34159851074219,2549633
2022-11-02,91.15205382210581,92.44235541896035,89.40978281324851,89.56287384033203,3063793
2022-11-03,88.92136491284555,90.5980225683082,88.29444005192022,89.55558013916016,2400252
2022-11-04,90.72924217507502,91.39261886061838,89.78156119572735,91.00625610351562,2775438
2022-11-07,90.85317274449147,91.23223848865145,89.8836206582741,90.88961791992188,2289503
2022-11-08,91.38533449426025,92.31843480413406,90.42307272101736,91.37804412841797,2182461
2022-11-09,91.33430261303943,91.61860692762261,90.18980164060385,90.26998901367188,2131750
2022-11-10,93.06199339825534,94.22836547404327,92.48610105219015,94.14817810058594,3779001
2022-11-11,94.46892373983287,97.31195327969243,94.14816762988274,96.94017791748047,4101443
2022-11-14,96.62672495185578,97.6181415697228,95.45306248544422,95.51866912841797,3127899
2022-11-15,96.60483210596452,97.30466053005031,94.60012822327262,95.65715789794922,3008060
2022-11-16,95.82483154193012,95.82483154193012,93.60872019585618,93.84928894042969,3837127
2022-11-17,93.03800885440133,93.82715805970143,91.94648166359377,93.77552795410156,2689804
2022-11-18,94.40243831746986,94.65319296356708,92.85364259885253,93.4879150390625,3798616
2022-11-21,93.39941128532922,94.31393454691404,93.09702653167719,94.12955474853516,2575586
2022-11-22,94.51306013632825,94.89657119800691,93.90092162152949,94.8449478149414,2101492
2022-11-23,94.83756973670616,95.22845651910019,93.84192018487748,94.40243530273438,2810241
2022-11-25,95.05143628119197,95.7447077442731,94.78593020905882,95.16944122314453,1055350
2022-11-28,94.4835518706664,94.83018423608813,91.54085116994627,91.92436218261719,3317106
2022-11-29,91.51135271721591,93.17814651996342,91.45972933822837,93.02326965332031,2228268
2022-11-30,92.85364332397965,93.11178043221913,89.50531067386157,92.9052734375,6973398
2022-12-01,93.88615997785413,95.0440687676957,92.41849746385338,92.92001342773438,3156005
2022-12-02,92.01287268308872,93.84929489167686,91.62936163508657,93.65753936767578,2178992
2022-12-05,92.24151269747573,92.52914602267211,91.65149458481417,91.91700744628906,2563148
2022-12-06,92.30050230666835,92.72826774966167,90.94346886298702,91.88011932373047,2295722
2022-12-07,91.69573421237044,93.89354022430335,91.52610588294591,93.1855239868164,3230994
2022-12-08,93.664917879027,95.4644614904029,92.52176043120573,92.92739868164062,4527219
2022-12-09,93.50264529153135,94.05578461119018,92.6839999059979,92.75038146972656,2792540
2022-12-12,92.98639231680849,93.58378606174516,91.59985603821735,93.55428314208984,4637849
2022-12-13,95.47182736591492,95.89221030397258,93.2740214613154,93.8787841796875,3895252
2022-12-14,93.29615151798943,94.74906261640643,92.07186785475659,92.99376678466797,3702457
2022-12-15,92.03499234081553,92.24887505333854,89.79293864307932,90.25757598876953,3990454
2022-12-16,89.468430179842,89.82981404832167,88.50965926069061,89.74868774414062,9089361
2022-12-19,89.48317080319403,91.28272092697786,89.3577968617715,90.07318878173828,2918360
2022-12-20,89.96994602278765,90.22070066520105,89.01854410613076,89.09967041015625,3471988
2022-12-21,89.85192085972751,91.33433464916988,89.6159177310642,91.0540771484375,3083408
2022-12-22,90.13956406757568,90.34607103406603,87.91225527251027,89.6749267578125,2617326
2022-12-23,89.08491951139047,89.23980311976239,86.87973763907628,88.60553741455078,3120723
2022-12-27,88.60553640974322,89.11442142234593,87.8827686778073,88.66453552246094,2166195
2022-12-28,88.76040436960972,89.23979314253356,87.21161556681596,87.2411117553711,2345356
2022-12-29,87.6688734418088,89.13653588703893,87.39599164871777,88.92265319824219,2464717
2022-12-30,88.24414331404006,88.5244008470778,87.40337071492687,88.44326782226562,2506816
2023-01-03,89.62332633597553,90.44934768382302,88.77517779397667,90.32396697998047,3124909
2023-01-04,90.9729609686551,92.40374481629306,90.50094792921408,92.30049133300781,3312561
2023-01-05,91.60723219870911,91.87273828781316,90.31657367325073,90.68533325195312,3117494
2023-01-06,91.93910436197355,93.76078162163753,91.26796683809309,93.4583969116211,2890732
2023-01-09,93.66492390079488,95.47921908950946,93.00853096535943,93.51004028320312,3434075
2023-01-10,93.71652519953273,94.54254628984492,93.44364341245672,94.49829864501953,1971128
2023-01-11,95.08832244837807,95.28007797058538,94.12217583696186,95.22845458984375,2408146
2023-01-12,95.58246634700663,95.74471895513965,94.24755337087709,95.39808654785156,2200042
2023-01-13,94.71218874058553,95.58984006552636,94.54993613586734,95.51608276367188,2025306
2023-01-17,95.70045925079086,95.80371274013704,93.21502669527413,93.36990356445312,4199036
2023-01-18,93.55427586353001,93.80503047204965,90.16906509463472,90.53044891357422,5093166
2023-01-19,89.97732294443624,90.19119893799665,87.26324930525195,87.34437561035156,5955721
2023-01-20,87.43287846348262,89.02592184767627,86.11272364855908,88.98167419433594,5230706
2023-01-23,88.95215640396444,91.3785963623527,88.80465527790994,90.4345703125,4080991
2023-01-24,85.58171947262626,88.50229367669762,84.44593762451774,84.814697265625,12290694
2023-01-25,84.44592706963456,85.72920992191598,83.15526848707836,83.28802490234375,7167867
2023-01-26,83.71578211360782,84.15091654363887,82.42512355411982,83.74528503417969,5532218
2023-01-27,83.87802387443296,85.38994068340202,83.67889264567626,84.99905395507812,4920942
2023-01-30,84.42379635695231,85.55220228575182,83.0151328784447,83.0298843383789,7059868
2023-01-31,83.45027194156934,84.8736801147461,82.882381126383,84.8736801147461,6065155
2023-02-01,84.48279000264974,86.09795349806565,83.81902150918141,85.44893646240234,3708557
2023-02-02,85.61857819030332,89.1291699704299,85.1908194952959,88.71615600585938,5880971
2023-02-03,87.71313990064436,87.93439836614421,86.13485463755603,86.65111541748047,3208150
2023-02-06,86.13485747315752,86.48148991479471,85.46371305341623,85.92097473144531,2974811
2023-02-07,85.41945544158527,86.44460799532601,84.64506427544596,86.21598052978516,2610509
2023-02-08,85.67757393275282,86.0610782022073,84.82204991388993,84.99905395507812,3003993
2023-02-09,85.86933533777524,86.13484816830601,82.94138576847116,83.28802490234375,4307872
2023-02-10,83.50928150164957,84.23942500407493,83.11839469296653,83.9886703491211,2720302
2023-02-13,84.35004253524393,85.2719414487863,83.92965959172798,85.02118682861328,2688130
2023-02-14,84.65981349058943,84.87368948886896,83.30277327621393,84.23204803466797,2944911
2023-02-15,83.81904021187373,84.68193338920975,83.48715252624504,84.6598129272461,3022651
2023-02-16,84.06944284034644,84.69715959036907,82.76916902019353,83.69580078125,3223340
2023-02-17,83.66591878444231,84.47299010752678,82.7094001633852,84.43562316894531,3381929
2023-02-21,83.69581693904725,83.99473200778779,81.58847831917834,81.64078521728516,4651364
2023-02-22,81.85002206371668,82.48521228903154,81.08779106582509,81.40912628173828,3175380
2023-02-23,81.97705337110521,82.41795595763469,80.71414634897211,81.38670349121094,3520785
2023-02-24,80.7888750193225,81.11021023128302,79.78004269519847,80.55722045898438,3424028
2023-02-27,81.34934306867962,82.71687080634975,80.85613354903434,80.908447265625,4252976
2023-02-28,80.7963507894824,81.39418090522106,80.14621377753927,80.51238250732422,4043078
2023-03-01,82.97842749639462,83.94241957291567,82.00695521284717,82.3581771850586,5877981
2023-03-02,82.01441663163878,82.38058532689338,80.49742814056462,82.12651062011719,9076803
2023-03-03,82.78412693163762,83.68833865429617,81.90980194095508,83.142822265625,3636797
2023-03-06,83.24743953156467,83.41184041657637,81.96211236346284,82.14893341064453,3373677
2023-03-07,82.20124075612925,82.20871414356039,79.98928172733157,80.02664184570312,4033869
2023-03-08,80.28819781724138,80.53479914933854,79.34661917645698,80.0789566040039,4107901
2023-03-09,80.45260559158008,81.12516279524795,78.7786893799713,78.8534164428711,4142585
2023-03-10,78.8683621153594,79.95939494726686,77.52324772685002,77.76238250732422,4417904
2023-03-13,77.47092808650643,78.22568560653383,76.76847745553775,77.34388732910156,5036476
2023-03-14,78.15843477099025,78.59185712915793,75.75217459279357,76.80584716796875,5707312
2023-03-15,75.7148144760527,76.83574071638853,74.93016338030405,76.80584716796875,5850473
2023-03-16,76.0585698976709,78.03887446541107,75.83438190178165,77.87447357177734,4356550
2023-03-17,77.97907677867879,78.06128403312174,76.2005402848914,76.98519134521484,13617297
2023-03-20,77.27663117051372,78.05380882594389,77.13465046280888,77.94918823242188,3255392
2023-03-21,78.64418252849222,78.82353022365153,77.24676109275109,77.93426513671875,3137826
2023-03-22,77.95667859669204,78.12855288820124,75.84933313168702,75.87922668457031,3355378
2023-03-23,75.96890996838046,76.91796220255611,75.29635267639264,75.47570037841797,3800051
2023-03-24,75.00489706160262,75.72976794336059,74.84796955609697,75.58030700683594,4249268
2023-03-27,76.38736664010912,76.43220696383938,75.1767665435843,75.84185028076172,3345690
2023-03-28,75.9165993292738,76.84323135042487,75.70735808094024,76.0286865234375,2945509
2023-03-29,76.8282753689914,77.14960377299418,76.14824480276627,77.11224365234375,3853034
2023-03-30,77.53071116687781,77.65775192887806,76.61902612791278,76.80584716796875,2810241
2023-03-31,77.3438932305101,78.60680705773484,76.97772452280934,78.5470199584961,4319354
2023-04-03,78.57691604187997,79.09253887673594,77.85205199050955,78.14349365234375,4804691
2023-04-04,78.39010238703801,78.39010238703801,76.27529031570556,76.40979766845703,4154067
2023-04-05,76.4919812655883,76.79836966411574,75.98383188239416,76.4396743774414,3171792
2023-04-06,76.48450722276203,76.82078916522204,75.86426386310706,75.89415740966797,2893363
2023-04-10,75.92406400209626,77.06740371032426,75.5130549413946,76.79090881347656,3444719
2023-04-11,77.44103955654175,78.30041772914893,77.20191161869185,78.13601684570312,3530592
2023-04-12,78.46482314785318,78.57691714533037,77.48588435913051,77.99403381347656,3258861
2023-04-13,78.34525785752744,79.54091810420934,77.78480149272417,79.32420349121094,4108499
2023-04-14,79.21210407089808,80.04906209503841,78.47229326468404,79.04022979736328,3341146
2023-04-17,79.3316821789785,80.03412614298605,79.16728127065143,79.79499816894531,2911184
2023-04-18,80.13125470955197,80.18356841651597,79.11494912372694,79.41386413574219,2286872
2023-04-19,78.9879272696604,79.46618317950121,78.80857959877397,79.27188873291016,2293928
2023-04-20,78.80856173086609,78.90570211335289,77.7997227873787,78.2630386352539,4419579
2023-04-21,78.44986735019184,78.55448794788632,77.76237030646196,78.07622528076172,7644593
2023-04-24,78.50219305483775,78.69648750613544,77.9865633744601,78.5096664428711,4229056
2023-04-25,78.97297942098368,80.18357959241148,77.83710630827917,77.99403381347656,6065394
2023-04-26,77.71754121640961,78.6142864039046,76.79838268378536,76.91047668457031,3795386
2023-04-27,77.03004385988315,78.7562669195635,77.03004385988315,78.71143341064453,2862148
2023-04-28,78.69648686490092,79.51849817280919,78.57691947612628,79.37651062011719,4764505
2023-05-01,79.46618245921637,79.8323511855226,78.88330594351093,79.10001373291016,2738003
2023-05-02,78.84593770959114,78.98792525638152,76.71617905801052,76.95530700683594,3602352
2023-05-03,77.3438996567968,78.16591097057092,76.72365618214947,76.84322357177734,2459096
2023-05-04,76.63397074086687,76.95529910218198,75.29632994977983,76.10340118408203,3543987
2023-05-05,76.82080165592052,77.3289511173782,76.26033847947528,77.23180389404297,2324785
2023-05-08,77.3887281638953,77.66522302226093,75.96141355076169,76.47704315185547,2504424
2023-05-09,75.82691580071359,76.03615020354567,75.02731785338746,75.32623291015625,3733194
2023-05-10,75.7671162390252,75.99877758603184,74.42948231952957,75.40094757080078,3281944
2023-05-11,75.10204570245311,75.47568782264618,74.57894946169665,75.31128692626953,3317704
2023-05-12,75.63261885296558,75.6774523596664,74.18288394404453,74.93016815185547,2937496
2023-05-15,74.78071135322341,75.34864787627387,74.18288128092269,75.09456634521484,2878772
2023-05-16,74.72839746129279,74.75829101047073,73.23382910293988,73.24130249023438,4476748
2023-05-17,73.54768678267469,74.96005462025668,73.23382499028413,74.86290740966797,4279288
2023-05-18,74.68083255137458,75.74293460232424,74.39254780786587,75.59120178222656,3485503
2023-05-19,76.05398419357698,76.22089101164859,74.85533004886346,75.1284408569336,3229080
2023-05-22,75.01463311871808,77.41194801619066,74.58979644713447,77.1615982055664,5008011
2023-05-23,77.16158542643606,78.01885253727026,76.36500728079606,76.39535522460938,4324975
2023-05-24,76.20569874891673,76.3953595636573,73.56562131531744,73.58079528808594,4942590
2023-05-25,73.24700579639507,73.74771240277116,72.33663644156078,73.62632751464844,3731042
2023-05-26,73.62632714416932,73.92219891361029,73.11044656406943,73.54287719726562,3333730
2023-05-30,73.53530960058332,73.7401444890144,72.22285722352342,72.87528991699219,3433477
2023-05-31,72.07109777946027,72.655254268955,70.69795690997171,70.78899383544922,7405273
2023-06-01,70.91038947530781,71.75248289442342,70.08347003314766,71.52488708496094,3982082
2023-06-02,72.90561805084947,79.31615223523403,72.86009612249501,77.78369140625,16938828
2023-06-05,76.54708978530186,77.7533306971425,74.27874686622573,74.33185577392578,7070752
2023-06-06,74.39256784250031,75.58363515050034,73.80841121103732,74.56705474853516,5351024
2023-06-07,74.89326871067686,76.7443554759279,74.04358829143403,76.62297058105469,3996075
2023-06-08,76.471235401827,76.88849203359908,75.54569213118548,76.44088745117188,3768476
2023-06-09,76.39537729483902,77.07057078271812,74.49876870723521,75.78845977783203,5398266
2023-06-12,76.12983073833927,77.71540017232023,76.02362677124007,76.82019805908203,4185880
2023-06-13,76.82020968059155,78.24645953482354,76.50158388622563,77.94300079345703,3926827
2023-06-14,78.26164539360971,78.64855413617481,76.75194536769301,77.34368896484375,3888196
2023-06-15,77.30574229516942,78.96717492402833,77.09332048393406,78.75475311279297,3375590
2023-06-16,79.08855442916642,79.57408704044117,78.26922204150954,79.30856323242188,7412210
2023-06-20,77.97335490274732,78.08715280505191,76.68366380312091,77.60920715332031,3284455
2023-06-21,77.13124860115123,77.60160718589796,76.4712291850964,76.97952270507812,3011648
2023-06-22,76.84296897142399,76.85814294652718,75.59120601705021,76.19053649902344,3103500
2023-06-23,78.36785059258199,78.51957651400681,75.46983565183865,76.41055297851562,9342315
2023-06-26,75.86432351286496,76.5395170076506,75.46224774923029,76.17536926269531,4371858
2023-06-27,75.80363100056421,76.03122679178306,74.40014208120584,74.54428100585938,6493562
2023-06-28,74.54428193964523,75.31051234459696,74.1725472191163,74.77946472167969,4539538
2023-06-29,74.42289531181947,75.4546494080999,74.28633646679063,75.2877426147461,4182292
2023-06-30,75.87190602650828,76.1677777824439,75.25740847374513,75.93260192871094,6084052
2023-07-03,76.01605029630143,76.95676753660429,75.803628487863,76.72917175292969,1913002
2023-07-05,76.46364565492524,76.90365631137661,74.77945905815233,74.8249740600586,4716306
2023-07-06,74.34703013100011,74.40772603147887,72.50353060263582,73.06492614746094,6137035
2023-07-07,72.97388905790856,75.09808635399106,72.95871508282241,73.80839538574219,4770126
2023-07-10,73.6794274003194,74.73394257757126,73.49735353456425,73.73253631591797,4506408
2023-07-11,74.9084188300638,77.40435752587148,74.63530807017024,77.32090759277344,7477392
2023-07-12,78.5043932418785,79.10372371316717,77.01745446721515,77.05538940429688,4345307
2023-07-13,77.15401341197679,78.07955665355726,77.00228058589937,78.0340347290039,2980552
2023-07-14,77.95059393779948,78.02645689852434,77.04022456423198,77.60920715332031,2650097
2023-07-17,77.30574049335749,77.47264037439493,76.47123416573642,77.15401458740234,2753312
2023-07-18,77.09331211686113,78.54990976411554,76.88848423800813,78.1478271484375,2978877
2023-07-19,78.02645651128495,78.71682398756758,77.83679564919677,78.50440216064453,2498324
2023-07-20,78.26922375603462,79.45270389746373,77.76851715805898,79.11890411376953,3428095
2023-07-21,79.02786133870589,79.30855910785974,78.30715290835874,79.14924621582031,2992392
2023-07-24,79.30097708980573,80.11272249824849,78.8837204424464,79.10372924804688,3986746
2023-07-25,81.59207573622888,84.09559468201581,81.18240610480962,83.32177734375,10499564
2023-07-26,83.3293707832858,85.77978792923828,83.3293707832858,85.45357513427734,6691620
2023-07-27,83.79213535267814,85.8328895853114,83.79213535267814,84.35353088378906,6713746
2023-07-28,84.86941191394791,85.2790815448539,84.24732740260343,84.87699890136719,3479762
2023-07-31,84.8769993557841,85.17287109941871,84.10318201434492,84.58871459960938,8661312
2023-08-01,84.5887165509844,84.90734926434925,83.70110129960418,83.87559509277344,3414819
2023-08-02,83.07143803478363,83.37489680302248,82.0548577374964,82.62384033203125,3810934
2023-08-03,82.31278126862756,82.57071806483664,81.12171427582176,81.31896209716797,3374514
2023-08-04,81.59967066791032,81.91829648120444,79.7106490629101,80.04444885253906,3487775
2023-08-07,80.41617246473109,80.83342906651221,79.57407919648391,79.83201599121094,3001242
2023-08-08,79.13407504385421,79.20235101108464,77.79886211560293,78.98992919921875,3483350
2023-08-09,78.82303297185942,79.42236349656868,78.45129824505945,78.67889404296875,2565540
2023-08-10,78.9520080742594,80.30238817342524,78.42095349824166,78.82303619384766,2633951
2023-08-11,78.7699404357279,79.4982360005907,78.47406863189359,79.316162109375,1947925
2023-08-14,79.0202730928441,79.13407098067455,78.06438191096234,78.45887756347656,3653062
2023-08-15,77.79886086030602,78.04921068440092,76.56227187019975,76.72917175292969,4000859
2023-08-16,76.44847196022299,77.17676737286136,76.2132961175726,76.4636459350586,3412666
2023-08-17,76.79745066553512,77.92783571722545,76.69883366758432,77.2298812866211,4071304
2023-08-18,76.98349746287897,77.37618545234413,76.675500408001,77.006591796875,3150742
2023-08-21,76.9988858569303,77.075883358673,75.86700361121909,76.37519836425781,2754029
2023-08-22,76.74478991044317,76.7832921732498,75.54361064836108,75.85160064697266,3097879
2023-08-23,76.03640142044733,77.13748890855473,75.22791709300355,76.7293930053711,3904820
2023-08-24,76.43680298709663,77.51478920257556,75.83620976370621,75.84391021728516,2272400
2023-08-25,76.21350876496516,76.54460721217548,75.47432138174813,76.19041442871094,2617566
2023-08-28,81.08753242020579,81.34932674049462,78.99316380597386,80.1712417602539,9135646
2023-08-29,80.8411216201676,82.27330028428007,80.75642367522092,81.2877197265625,6270867
2023-08-30,81.22613027820138,81.50332551708946,79.77855045781189,80.42534637451172,3915584
2023-08-31,81.57261376789234,83.41288121681613,81.22611451704638,82.13470458984375,7781296
2023-09-01,82.61980603913109,83.38979508206332,81.70351542454237,82.35031127929688,4354038
2023-09-05,82.23480493740831,83.35898660182741,81.9114070359087,82.27330017089844,5817583
2023-09-06,82.01921680815181,82.24251588955109,81.11062660276914,81.90371704101562,3210423
2023-09-07,81.75741862140929,82.22711109465116,80.81802664896519,81.580322265625,3476652
2023-09-08,81.6804191629413,81.91911915360338,81.1722314215924,81.80361938476562,3317824
2023-09-11,82.38880559601371,83.32819053167252,82.22711014711054,83.0740966796875,3398314
2023-09-12,82.81229758673935,83.77478382400382,82.44270399578338,82.51200103759766,3823134
2023-09-13,82.49662044062708,82.75071434046592,77.39159190050819,77.80738830566406,9059820
2023-09-14,78.2308726274695,79.7477493814617,77.93057605253351,78.78526306152344,5004184
2023-09-15,78.45416714253692,78.8545625883728,77.49938124521778,77.81507873535156,7178631
2023-09-18,77.8150835238921,78.46187242375761,77.0835896371513,77.7996826171875,5141006
2023-09-19,77.77658873997521,77.96138558628742,76.89880020701133,77.1760025024414,3192483
2023-09-20,77.03738313944405,77.69187240087771,76.2134909539776,76.22119140625,2936300
2023-09-21,75.88239961903226,76.39829479154355,74.9969108412425,75.06620788574219,4252856
2023-09-22,75.14320805034075,75.3049034867821,74.38091952717484,74.71971130371094,4172724
2023-09-25,74.35781808303214,74.61191191513123,72.19414569342216,72.98723602294922,5315263
2023-09-26,72.65616074960668,73.23365260774024,72.0863693449918,72.28656005859375,4159927
2023-09-27,72.47903811754443,72.66383490104775,71.67825439768316,71.96315002441406,3669089
2023-09-28,71.64747809734733,72.25577182473336,71.15468415725712,71.80917358398438,4883866
2023-09-29,72.37896854361509,72.64076289637228,71.8784741736664,72.08637237548828,3640744
2023-10-02,71.33946857740125,71.4780697032008,68.76770701789955,69.46839904785156,9823466
2023-10-03,69.10649613111327,69.25279066321839,67.8822086078984,68.36730194091797,6428620
2023-10-04,68.22101280126054,68.42121051172536,67.22772470133589,67.77442169189453,7799475
2023-10-05,67.75902108777429,67.94381789426028,66.64253277046453,67.62812042236328,5812799
2023-10-06,67.29701996034832,68.69070344420268,66.47313480912372,68.06700897216797,5331888
2023-10-09,67.81291675724908,68.59060623995265,67.72051835464868,68.5675048828125,2822082
2023-10-10,69.29899939220117,70.06128797800969,68.69070580366214,69.79178619384766,4435844
2023-10-11,69.91498641341634,70.05358753173935,69.10650213873966,69.59928894042969,2536955
2023-10-12,69.70710258402873,69.70710258402873,68.11322803831874,68.54441833496094,2796128
2023-10-13,68.68300344516813,69.18349771134508,67.95921714174305,68.28260803222656,2809284
2023-10-16,68.46741000706356,69.40679499242357,68.18251433032454,69.25279998779297,3186862
2023-10-17,68.65990326081612,70.09978246596685,68.59060621538069,69.72248840332031,2535759
2023-10-18,69.08339840230751,69.14499499390746,67.85911784078309,68.06700897216797,3214130
2023-10-19,67.75902594284354,68.38271345293212,67.00443073200388,67.03523254394531,3667295
2023-10-20,66.76572491733161,67.23541732923563,66.51933154710436,66.64252471923828,3056258
2023-10-23,66.21905358718467,66.85814205947182,65.71855922890612,65.91105651855469,4158014
2023-10-24,69.38369511663528,69.9380855201663,68.0824100302238,69.39139556884766,7675928
2023-10-25,68.83699335247515,69.61468276416504,68.29800389084988,68.82929992675781,4618593
2023-10-26,69.11419318559633,69.72248675324518,67.99001147663924,68.25950622558594,4623975
2023-10-27,68.62140046278351,68.71379885516848,66.96592282542328,67.38941955566406,3962109
2023-10-30,67.80523086444029,69.09111535053954,67.58963220342453,68.92941284179688,3161626
2023-10-31,68.89860484610016,70.5078799893179,68.84470167819677,70.03048706054688,5555659
2023-11-01,70.19219381926732,70.33849541546888,68.96791300287579,69.7302017211914,4181934
2023-11-02,70.53099243335679,71.14697955306787,70.09979512619371,71.07768249511719,3144404
2023-11-03,72.00935497906372,73.01034354022444,71.6628627218713,72.27115631103516,3266396
2023-11-06,72.2480689171877,72.31736597682733,71.58587905872926,72.00936889648438,2578217
2023-11-07,71.54736043852274,71.95545630106761,71.27786568954481,71.72445678710938,2636223
2023-11-08,71.91694314353894,71.91694314353894,70.27686651562095,71.08535766601562,4142466
2023-11-09,71.28556946390171,71.77066284505307,70.56947655802672,70.60797882080078,2540543
2023-11-10,70.8389894291523,71.65517429402126,70.57718805324738,71.46267700195312,2864420
2023-11-13,71.3779702282,71.70906159516063,70.77737706483252,71.37026977539062,2551307
2023-11-14,72.37895159328994,73.52623463558935,72.32504842901662,73.12583923339844,3972394
2023-11-15,73.48773830476351,74.84291960954043,73.48773830476351,74.55032348632812,4533079
2023-11-16,74.99612940317073,75.43411222150247,74.22966660761527,74.85535430908203,3661913
2023-11-17,75.28549663961599,75.35589131222703,74.30786421859133,74.56596374511719,9073693
2023-11-20,74.31569558746591,74.49557883466312,73.8777199164455,74.28441619873047,3986627
2023-11-21,74.00285178994159,74.11234749189525,73.31460532598987,73.5101318359375,3239605
2023-11-22,74.2765955449438,74.91009773412891,74.0106743497809,74.58943939208984,2863463
2023-11-24,74.53468992983521,75.06652519760476,74.39391483366325,75.04306030273438,1267640
2023-11-27,75.08215653887977,76.22403618134935,75.03523388865486,75.91901397705078,3939504
2023-11-28,75.80168824398027,77.50668231929637,75.50448770375174,77.04523468017578,5184182
2023-11-29,77.6239990478993,77.78042452972835,76.74021898292251,77.01396179199219,3087594
2023-11-30,77.14689905333296,78.27313516733983,76.84969855040978,77.48320770263672,7190950
2023-12-01,77.30334170762832,78.3748266551813,76.771506481098,78.09326934814453,3329425
2023-12-04,78.47650418500479,81.16694555087811,78.39047337654632,80.90103149414062,6016119
2023-12-05,80.3613619389378,80.5568884191045,79.33680689385675,79.53233337402344,3675786
2023-12-06,79.51669600832486,81.01052042576198,79.48540948549129,80.39265441894531,4285029
2023-12-07,80.59599568830775,81.04961454818488,80.08762541812939,80.77587890625,2831650
2023-12-08,80.84627532958984,82.050720850367,80.55689639575014,80.84627532958984,4119024
2023-12-11,81.10437688665125,81.50325152649607,80.33791413134936,80.68203735351562,4169136
2023-12-12,81.0183322625096,81.1278279523112,80.04070695779534,80.2127685546875,5590463
2023-12-13,79.7747864713335,81.50324549492292,77.98376867664766,81.48760223388672,7142512
2023-12-14,82.10544940821849,84.17803133364681,82.08980614940782,83.71659088134766,6894342
2023-12-15,83.17695825098968,84.09984655968974,82.8719431618393,83.66968536376953,13255507
2023-12-18,83.68530887237357,83.91994349412865,82.63728897734966,82.80152893066406,3616704
2023-12-19,83.19258441889505,83.48978495182514,82.81717472183047,83.0987319946289,3151101
2023-12-20,82.7467879990596,83.11437606966241,81.04961557903931,81.08090209960938,3883890
2023-12-21,81.51104743903157,82.61381867052927,81.4250166531024,82.55907440185547,2624263
2023-12-22,82.80934064641701,84.00596422836364,82.70766660736555,83.16128540039062,2728913
2023-12-26,83.13784348712012,84.92886125024208,83.11437859597935,84.55345153808594,3332176
2023-12-27,84.46742288143308,85.32773801635143,84.21715211249335,85.04618072509766,2922785
2023-12-28,84.9836061655333,86.17240825415466,84.97578453575103,85.78917694091797,3360282
2023-12-29,85.64058385295681,86.00035032197005,85.05400436485729,85.49980163574219,2887622
2024-01-02,84.9523325272783,86.54783106040016,84.81937907386788,86.0316390991211,3321053
2024-01-03,85.42941369562647,85.6092969292913,83.52890015953123,84.30318450927734,3547575
2024-01-04,84.52999289461694,85.51544703012446,84.24061395873136,84.60038757324219,3319976
2024-01-05,84.45177974203465,85.63276032280204,84.11547817277065,84.92886352539062,1991579
2024-01-08,84.6707601856964,85.21823143710074,84.14674668650633,85.14002227783203,2535042
2024-01-09,84.62383912193357,85.4841613720468,83.95905049491124,85.3277359008789,2939768
2024-01-10,85.265179143128,85.3433883188416,84.34229088743778,84.70206451416016,2391761
2024-01-11,84.7020680980062,85.24953948769051,83.84956735073544,85.18697357177734,3212217
2024-01-12,85.578012233626,86.15677005234762,84.38138844497563,84.56127166748047,3490526
2024-01-16,84.2093322017851,84.52217602174238,83.43504785089236,84.18586730957031,3631534
2024-01-17,83.5679972546776,84.2015064946608,82.53562054897513,82.96577453613281,3156842
2024-01-18,83.16130703053123,83.48197248887092,82.38702266118084,83.24734497070312,2981748
2024-01-19,83.48195972217796,84.74897096340173,82.19930522149704,84.27970886230469,3910322
2024-01-22,84.85846478741438,85.57018312148658,83.99814976479568,84.4830551147461,5879656
2024-01-23,78.88318781659513,78.88318781659513,73.60397952522725,75.16036987304688,32544236
2024-01-24,75.58270042758947,75.8955442430598,72.52467122156942,72.92354583740234,11202454
2024-01-25,73.34588315798429,75.30114821596021,73.21292970141779,75.06652069091797,7322988
2024-01-26,75.25422356615312,75.7860516513387,74.91791484504564,75.07433319091797,4449359
2024-01-29,75.08216341328702,75.77823869146538,74.64418771281353,75.37936401367188,4544800
2024-01-30,75.21512194535721,75.48103601104995,74.12799365118444,74.88663482666016,3827798
2024-01-31,75.03524133862474,75.03524133862474,73.64309077150978,73.79169464111328,8260533
2024-02-01,73.82296230449698,75.09779532709145,73.47101747094102,75.01176452636719,3943571
2024-02-02,74.51902200930077,74.6128744212027,73.74473782697908,74.19835662841797,4440030
2024-02-05,73.71347571550982,73.71347571550982,72.40735613542313,72.52467346191406,5354372
2024-02-06,72.53249621021077,73.40063302117892,72.26657502966135,73.33023834228516,4453186
2024-02-07,73.98722348965923,74.07325430675291,73.12690818219674,73.392822265625,4521956
2024-02-08,73.63525549115462,73.81513871849702,72.50902634438957,72.89225769042969,4741303
2024-02-09,72.89225793229897,72.97046710055203,72.25874868274843,72.65762329101562,4388244
2024-02-12,72.82969996684588,74.34698226059217,72.77494854753135,74.01067352294922,4893673
2024-02-13,72.97046595747565,73.510122769364,71.47664160749375,72.46991729736328,5496338
2024-02-14,72.73583017454932,72.92354216359423,72.08668482095793,72.28221130371094,6024132
2024-02-15,72.75133389746779,73.59413263097836,72.44124531233625,73.45101928710938,4559391
2024-02-16,73.03755933180712,73.18862420552192,72.52074508346047,72.55255126953125,5345522
2024-02-20,72.43327717956313,73.53846221554426,71.9721165536508,73.00574493408203,5174614
2024-02-21,72.85469206157433,73.1250301740372,72.33788498994154,72.91830444335938,4061855
2024-02-22,72.79903159069382,73.48281384471694,72.46508838312207,73.33174896240234,5083837
2024-02-23,73.45895899099163,73.89626505285005,73.07731375776447,73.61003112792969,3774217
2024-02-26,73.29197881134148,73.54641376116757,72.70360796557597,73.00574493408203,3914388
2024-02-27,73.14885792849465,73.42714023132538,72.73540661911912,73.38738250732422,2736807
2024-02-28,73.14887506842818,73.6497862329185,72.68771438219405,72.71952056884766,3543030
2024-02-29,73.14887427962493,73.37944736519479,72.64001157395855,73.2442855834961,6169446
2024-03-01,73.18066519247826,73.18066519247826,72.26630273178087,73.03755187988281,4064128
2024-03-04,72.4332900764986,73.02961257406417,71.94033043538016,72.70362091064453,6678703
2024-03-05,72.8864947188886,74.25405929010181,72.80698650057367,73.69749450683594,5251636
2024-03-06,74.33355840169536,74.49257480332362,73.09320435077949,73.56230926513672,3591349
2024-03-07,73.9837179109256,74.18249205593925,73.23633060810324,73.64183044433594,3751613
2024-03-08,74.33356913193145,75.32743992322541,74.08708569326132,74.65955352783203,4925846
2024-03-11,74.72317027719454,75.10481552258926,74.3097188429965,74.77882385253906,4206571
2024-03-12,79.66867777148369,80.18548486034186,77.24362975658383,78.49193572998047,16737302
2024-03-13,79.28701315823572,82.76158485479448,78.87356178389844,82.74568176269531,12935338
2024-03-14,82.18116379442402,83.11938099581921,81.29065587253436,81.99034118652344,8282539
2024-03-15,81.89493693719683,83.91448484235092,81.72001740739677,83.4851303100586,32098966
2024-03-18,83.11142597177816,84.5107965412054,83.02396621807152,83.32610321044922,6622491
2024-03-19,84.11324901587558,85.07531357048194,83.12732982229703,83.73955535888672,6987869
2024-03-20,83.47717679966934,86.74502323344346,83.03987798545307,85.95787811279297,8390299
2024-03-21,86.02943862642829,86.81659103732058,85.70345420173255,85.76705932617188,7886663
2024-03-22,85.55238198772571,85.96583343390768,84.87655124149514,84.90040588378906,5321243
2024-03-25,84.200708392944,84.92424831976672,83.31020050418545,83.35790252685547,6680019
2024-03-26,82.73772979907993,83.22273783035544,81.41786747729365,81.60073852539062,7279693
2024-03-27,81.89494016502472,83.29431096870314,81.8869886174421,83.15914916992188,4641676
2024-03-28,83.17503804999241,84.48694897554378,83.15914221121898,84.33588409423828,5245776
2024-04-01,86.58266480614827,89.71123566128364,83.90102746241737,89.40693664550781,13004800
2024-04-02,88.5320657402564,89.78729991506448,87.39094640136173,88.28482055664062,8912000
2024-04-03,88.76029500953965,90.05356756282939,87.96151286165737,88.61766052246094,6060200
2024-04-04,89.85387846786253,90.9759824620458,85.80289913306706,86.09768676757812,5864200
2024-04-05,85.9930770667375,86.93450095601915,85.14674525378707,86.56363677978516,3514000
2024-04-08,86.72530100191346,88.33238406473534,86.72530100191346,87.41948699951172,3706700
2024-04-09,87.58113731169966,88.62716466241379,87.48604523528209,88.06611633300781,4236600
2024-04-10,87.27685039890845,88.1612206166609,86.12621942829487,88.08514404296875,3494900
2024-04-11,88.28483251219929,88.96950711027887,87.94250246822031,88.608154296875,2993700
2024-04-12,88.20877098082507,88.25631339845951,86.67776438480409,86.82991027832031,3590800
2024-04-15,87.46705578089855,88.22779987394644,86.2974018528147,86.82041931152344,3674800
2024-04-16,86.47805340311626,86.84891756783773,85.74582920246915,86.58265686035156,3037000
2024-04-17,87.22929452497087,87.59064731167139,85.89798371098223,86.4970703125,3421600
2024-04-18,86.91549294938336,87.89495520480251,86.41149837174524,86.99156951904297,3069400
2024-04-19,86.76333564318284,87.86642408508736,86.63020528020273,87.7427978515625,3588500
2024-04-22,87.99955362269586,88.16121088264681,87.20076419724661,88.07563018798828,2992900
2024-04-23,88.41796568776381,89.42595476478148,88.2372856626152,88.43698120117188,3729800
2024-04-24,88.04709876613636,88.65570405229552,86.93450617069665,87.50506591796875,3813400
2024-04-25,87.09616444837489,87.48605142083174,86.20229016077737,86.92500305175781,2954800
2024-04-26,87.01058382189538,87.66673152971278,86.61119271933737,87.32439422607422,4520900
2024-04-29,87.06764704016355,88.07564354550907,87.06764704016355,87.63821411132812,4905000
2024-04-30,91.03304423198102,93.03951114547789,89.17871594676518,91.77477264404297,16731900
2024-05-01,93.28675511705623,94.80825020538055,92.50698843084871,93.61007690429688,11062600
2024-05-02,93.15362037222516,93.5720342224975,91.90789746080951,92.06004333496094,6317100
2024-05-03,92.79226426777305,93.37233535587617,92.08856695282351,92.38336181640625,4818500
2024-05-06,92.32630536043365,92.95392614470938,91.80329529526449,91.85083770751953,4329500
2024-05-07,91.85084905728282,92.41190472968114,90.83334844451922,90.85237121582031,4409000
2024-05-08,90.70972256244329,91.70820758313829,90.34836974084158,91.62261962890625,3489900
2024-05-09,91.3753774432851,92.60208495760325,91.19470465400963,92.5545425415039,2584200
2024-05-10,93.71468932450182,94.77022822990877,93.35332921864912,94.07604217529297,4157900
2024-05-13,94.14258973498363,96.74815028815118,94.14258973498363,94.7416763305664,5578700
2024-05-14,95.02696732005815,96.23465199061454,94.90334833962665,95.16960906982422,2973100
2024-05-15,95.27421963608023,96.68159995916666,95.23618134963718,96.27269744873047,4203300
2024-05-16,96.72915127711335,100.05742521937704,96.60552503030424,99.715087890625,8384500
2024-05-17,100.04790168812461,100.53288072082427,99.54390714171893,100.09545135498047,5396500
2024-05-20,100.05741635295684,100.83718303155844,99.49636073691745,100.04790496826172,3962700
2024-05-21,99.74360457408928,99.88624632230014,97.61351150067199,98.0794677734375,4603000
2024-05-22,97.60399880106466,98.05093955374197,95.99691581932561,96.51042175292969,3807800
2024-05-23,96.15612438355942,96.25187688197688,94.71024485492676,95.2847671508789,3845500
2024-05-24,95.57203562613059,96.25188794008247,95.12199079587204,95.43798065185547,2602000
2024-05-28,95.33265308352969,95.85930285667027,93.6665360005597,94.49002075195312,4360900
2024-05-29,93.64737916426266,93.74313166661085,92.65153706785672,93.41756439208984,4826600
2024-05-30,93.54204793153465,94.05912020362953,92.77601331240577,94.03038787841797,4520300
2024-05-31,93.89634655125538,95.9933609639215,93.28352168913855,95.88803100585938,21754400
2024-06-03,96.10826976858608,96.51043472045149,94.76771262358606,95.524169921875,4508100
2024-06-04,94.79642112462582,95.1794384286431,93.53246913518204,94.42298126220703,4988100
2024-06-05,94.62407434984901,95.41883406665502,93.71441454272288,94.8538818359375,3115400
2024-06-06,94.6049353854937,95.32309023718891,93.99211049648305,94.049560546875,2510000
2024-06-07,95.28477649427032,97.63074581005134,94.22190685508512,96.57745361328125,5636700
2024-06-10,96.16571845120707,97.5158457148469,96.02208602602445,96.38595581054688,3506200
2024-06-11,95.84972185287782,97.16155386286046,95.01666699506639,97.0179214477539,2831500
2024-06-12,98.26272448074792,99.27771420265994,96.48170009352059,96.91259002685547,3704600
2024-06-13,97.68819159979373,98.43507866123818,96.46254202016347,97.22857666015625,5034700
2024-06-14,96.23273584866428,97.11367058272765,95.09326131529996,96.61575317382812,2685000
2024-06-17,95.73481692906296,97.13282393421972,95.67735958265396,96.26145935058594,3490000
2024-06-18,95.82098953109161,97.16154646087938,95.81141208936131,96.49126434326172,3446200
2024-06-20,96.0029335430812,97.99461059132868,95.93590605547837,97.34349060058594,3476600
2024-06-21,97.6020359084285,98.09038327097839,96.66364365347472,98.0425033569336,7865800
2024-06-24,97.84140720178712,99.10535931826591,97.36263735000806,98.61701202392578,2948000
2024-06-25,98.51169433423468,98.79895920323837,96.98920952268274,97.7169418334961,5115700
2024-06-26,97.30517467074476,97.47753208722304,96.29975519038024,97.14238739013672,2356100
2024-06-27,97.63075307200346,99.6224375264999,97.3243406409616,98.78937530517578,4338300
2024-06-28,98.63616491484069,99.55540213501774,97.34348780226196,97.85098266601562,6196500
2024-07-01,98.492538143336,99.0574830827615,95.95505637375821,96.33807373046875,2705600
2024-07-02,96.29018639779606,97.60201836912255,96.19443389236262,97.30518341064453,2291300
2024-07-03,96.98919356781111,97.81267826434483,96.40509378758492,97.30518341064453,1230800
2024-07-05,97.09452637653715,97.34348874235864,96.36679416399255,97.0179214477539,3059600
2024-07-08,97.19985337496064,98.37762307107567,96.34764365811385,96.80725860595703,2338700
2024-07-09,96.56785719544543,97.15195687537432,95.24645531429051,95.45711517333984,2809300
2024-07-10,95.57203346570685,97.50626771729246,94.08785133965448,97.35305786132812,4519500
2024-07-11,98.03291007145401,99.8426594870736,97.47754260770448,98.8468246459961,4581100
2024-07-12,99.38304397473937,100.82893093285858,99.28729146810753,99.62242889404297,3381000
2024-07-15,100.44591926713966,100.541671779173,98.21484994006563,98.35848236083984,3316600
2024-07-16,96.58702442472915,99.28728587000748,96.58702442472915,98.92341613769531,3609000
2024-07-17,98.49252583675485,100.35015503614981,98.32974585476288,100.19694519042969,3567900
2024-07-18,99.79479144229555,101.03958870319704,99.04791162466496,99.60327911376953,3023800
2024-07-19,100.3022899673607,100.3022899673607,98.75107292453882,99.50753021240234,2884900
2024-07-22,99.64157485440114,100.57996693722316,98.05206281488154,100.512939453125,2686600
2024-07-23,100.54166696109489,100.80019946174058,99.74690726895204,100.28313446044922,2172600
2024-07-24,100.12034137442383,100.63741365127427,98.70318681308345,98.865966796875,3252000
2024-07-25,98.35848824199579,100.34059531194066,97.44882105966624,99.00003814697266,4598100
2024-07-26,107.9051494099783,122.59380466712297,107.9051494099783,121.76074981689453,32748900
2024-07-29,122.56507405193986,123.1874689742517,118.85939301118957,119.84566497802734,10816700
2024-07-30,120.50636167064239,122.26823839885449,118.84024475034165,121.36814880371094,6746500
2024-07-31,121.25324375718711,123.1396053499041,120.00844659024419,122.13418579101562,6889900
2024-08-01,122.08630894999698,122.50762874607757,119.14666243063458,121.10004425048828,5563700
2024-08-02,120.4680614091265,122.32569067373512,119.48179673538408,119.9222640991211,4021400
2024-08-05,114.4930148253835,119.99886777283025,114.24405247266924,119.31901550292969,6669700
2024-08-06,118.12210070892286,120.77448252488252,117.5092758711824,119.5871353149414,4334300
2024-08-07,120.06590038847189,121.19579750777356,117.48054616393405,117.6146011352539,3410100
2024-08-08,117.25072614748534,120.401032443814,116.99219365874792,119.81693267822266,2932900
2024-08-09,119.34774225636316,119.34774225636316,118.10293778016414,118.89769744873047,3247700
2024-08-12,118.73492566844715,118.82110073691388,117.3369185493273,118.12210083007812,2585800
2024-08-13,118.18912862946944,120.07548305787601,117.52842388102594,120.02760314941406,3056600
2024-08-14,119.6637300120711,121.64583677518985,119.33816273555016,120.81277465820312,3252800
2024-08-15,121.91395236761836,122.50762960211232,120.81278026908915,121.76074981689453,3359900
2024-08-16,121.35858374039334,121.93310611922438,120.66915396361674,121.65542602539062,3812600
2024-08-19,121.68414306640625,122.42144539820909,121.15749332551286,121.68414306640625,2243600
2024-08-20,121.59796446208891,122.63211639688387,121.49263451064907,122.27781677246094,2792900
2024-08-21,122.41187165964878,124.47059077981193,122.23952152699408,123.74285125732422,3664600
2024-08-22,123.61837247768327,124.24076739484073,122.8523378490235,123.13960266113281,2300400
2024-08-23,123.74286116116288,125.10256588977226,123.37900598169394,125.00682067871094,2618800
2024-08-26,124.76614171183216,126.99960193693839,124.76614171183216,126.93222045898438,3915800
2024-08-27,126.4219820888648,127.6734824263014,126.06577250528692,126.49898529052734,2878500
2024-08-28,126.49899043644986,127.67348762000195,126.25831502489675,126.70116424560547,3274000
2024-08-29,126.73964631824018,128.21257843480296,126.44121120424707,127.9526596069336,2992600
2024-08-30,128.1067182784882,129.9551037221367,127.66386904683512,129.66629028320312,6092800
2024-09-03,128.04892952060445,128.79021383672287,125.35337689773759,125.9695053100586,4024100
2024-09-04,126.29684572934762,127.90455589922723,125.9695306578025,127.22103118896484,3300700
2024-09-05,126.99959423929845,127.99117571938724,125.82509710352439,126.49898529052734,2726000
2024-09-06,125.63255576992215,127.17288416863589,123.24505997261012,123.80342864990234,3562200
2024-09-09,124.56396084257753,126.09465287833848,123.40872184746853,123.66865539550781,3616300
2024-09-10,124.04409824707902,125.30523490337913,123.66864523726709,125.23783874511719,2732500
2024-09-11,124.66985160554734,125.51703367622217,122.3786245445031,125.37261962890625,3283800
2024-09-12,125.4400144464545,127.76975042621739,125.24747707508712,127.10548400878906,3978800
2024-09-13,126.9611002950971,128.39551637472414,126.45086958776294,128.2126007080078,2670100
2024-09-16,128.98274201549214,130.23425689525985,128.83834266729775,129.58924865722656,3069300
2024-09-17,129.0886680402884,129.4159830943233,127.37506018132656,128.58807373046875,3969000
2024-09-18,128.2896034855719,129.27156318136707,126.84555115808595,128.38587951660156,2960900
2024-09-19,129.38708722213298,130.27278560774067,128.34738243663952,128.8479766845703,2691500
2024-09-20,128.04892208013814,129.916565352931,127.81788311998015,129.7432861328125,11579600
2024-09-23,129.67591438651925,131.0140691447456,129.66629265792122,130.5808563232422,2638400
2024-09-24,131.37987208372783,132.79504443377837,131.26435260687762,132.10189819335938,3145300
2024-09-25,132.11155803607346,132.7469447213861,130.96594059458462,131.50506591796875,3579900
2024-09-26,132.4292216268757,135.4713620218911,132.4195998997434,134.23910522460938,4111100
2024-09-27,133.81551424285124,134.09469122638242,131.938249175218,132.17892456054688,2956100
2024-09-30,132.68917597203435,132.8046954743833,130.18614569695228,131.601318359375,3814000
2024-10-01,130.92742979465095,132.21744653328523,129.86845206015292,131.94789123535156,3050500
2024-10-02,132.10190608687392,132.10190608687392,130.32090236749855,130.378662109375,2624900
2024-10-03,129.96469466232202,130.5423214033512,128.84795746415003,129.75289916992188,2504900
2024-10-04,130.7733721252814,130.86001173734093,129.0501428524615,130.22463989257812,2387300
2024-10-07,129.69517183937438,130.22466070267276,128.83836792955037,129.82032775878906,2254200
2024-10-08,129.4641164690511,130.00322705390755,128.32813554948385,129.66629028320312,2882100
2024-10-09,129.56998660560174,130.4845500591149,129.22341349073102,129.9743194580078,2671400
2024-10-10,129.4159695165587,129.47374395208774,127.97191711120726,128.48216247558594,3060100
2024-10-11,128.42440682778167,129.82995783806484,128.1356080561904,129.72406005859375,3103600
2024-10-14,129.38707547261504,130.83112771980788,129.0308806189984,130.69635009765625,2207900
2024-10-15,130.92741400672116,131.841977563689,129.96471243314232,130.66748046875,2465800
2024-10-16,130.5423475532054,131.93826198571668,130.2824139987073,131.26437377929688,2021100
2024-10-17,131.5146590675734,131.5627970829082,130.0802284726918,130.6193389892578,2328500
2024-10-18,130.62900673863118,131.04296145254938,129.28121543427673,130.09951782226562,2791400
2024-10-21,130.23430588861433,130.77341657756222,128.76137322428724,129.8107147216797,5940600
2024-10-22,134.9611431165888,136.06824410912571,125.94063359387141,126.81668090820312,13082300
2024-10-23,126.3257156255118,127.22102113687934,121.2137720550278,123.13917541503906,8116200
2024-10-24,123.26430247761829,124.1307427038399,121.17524917969276,121.75286865234375,5084900
2024-10-25,121.87802722024823,122.30161829589622,119.85635522754492,120.09703063964844,3774600
2024-10-28,121.9261411409411,125.92135366114024,121.35814346133408,125.43036651611328,5239200
2024-10-29,124.19812873315479,125.35338241051485,123.00438079988808,124.44844055175781,2820400
2024-10-30,124.18850825118197,124.62172103970741,122.66743793774927,122.80221557617188,2737200
2024-10-31,122.26310353100752,124.33290610074691,122.23422365810218,123.67827606201172,3408800
2024-11-01,123.67827629754181,123.72641431569595,122.11869705421056,122.47489929199219,3068700
2024-11-04,122.49415290327234,124.00559416313304,120.79980332885548,121.15599822998047,3642900
2024-11-05,120.81905010779263,123.12953540352126,120.17404180224736,121.8010025024414,3943800
2024-11-06,125.82510256727528,129.38709573010252,124.7661395673328,128.9250030517578,4803200
2024-11-07,128.3858817031991,129.77217431154173,127.53869962262078,128.10670471191406,3906400
2024-11-08,128.47254175882603,129.98399051217885,128.23186632852114,129.329345703125,3465700
2024-11-11,129.82031039081346,130.29202475073865,127.82751112364065,128.039306640625,3791300
2024-11-12,127.84676738414738,128.23184212408535,123.67826795533315,125.48815155029297,3144600
2024-11-13,127.08623733436718,128.10671340506656,125.94063472995899,126.54712677001953,2675500
2024-11-14,126.9514770438836,128.33776993576447,126.85521568118602,127.38470458984375,2283900
2024-11-15,125.92325825299517,127.02657419241217,125.53613555304634,125.6135482788086,1928800
2024-11-18,125.60387344682232,126.18457225559222,124.43281769844135,125.9813232421875,2433000
2024-11-19,124.85865421822754,125.1006096083807,123.88115975841144,124.06504821777344,2600500
2024-11-20,123.88115809246989,124.06504654935897,123.01011722285372,123.72630310058594,1700600
2024-11-21,123.6198557478841,124.44250262798431,122.25522375279313,123.2230453491211,2544800
2024-11-22,123.58114541215356,124.34571799654992,122.30362116506205,124.28765106201172,3052400
2024-11-25,125.05223568067966,126.3975071166238,123.44564827723968,126.12651824951172,5074700
2024-11-26,125.80713141781584,128.94286385864484,125.4780608599312,128.671875,3080300
2024-11-27,129.60098773964998,131.1882144962646,128.10086137855927,128.2169952392578,2579600
2024-11-29,128.58476145864196,129.43644908034193,127.79114076246088,129.2332000732422,1618300
2024-12-02,129.23320522536264,129.46548770448217,128.1202163944564,128.61380004882812,3001900
2024-12-03,128.61380144653194,128.94285721968907,126.53299108169092,126.9297866821289,2378400
2024-12-04,126.71687720644294,127.16208164802259,124.81995510736493,126.25232696533203,2503400
2024-12-05,126.61043065754652,131.21725622471251,126.25232661819993,129.03965759277344,4171800
2024-12-06,128.96221561146865,129.90100365325256,127.94600007710851,128.82672119140625,1912300
2024-12-09,128.81704325128356,129.5429093520208,127.04592819335063,127.25885009765625,3442400
2024-12-10,125.93292879845664,126.39749375105517,123.49402186845083,125.59420013427734,3225700
2024-12-11,126.07811088406272,126.46523357677738,125.10060171811442,125.59420013427734,4089500
2024-12-12,125.47807154661629,126.46525376877588,124.62639853310536,125.57485961914062,2915300
2024-12-13,125.5264503339593,125.97165473858686,124.76187781792845,125.73937225341797,2382000
2024-12-16,125.72001972416261,126.01036915723769,124.71349175965935,125.30386352539062,3097800
2024-12-17,124.2779665132556,125.19739401543062,123.54242008118021,123.92955017089844,2693200
2024-12-18,124.08440818201744,125.20706996336524,121.33579112358744,121.49063873291016,3748900
2024-12-19,122.57460383216285,123.62952580362568,121.66484918969572,123.03915405273438,3038100
2024-12-20,122.30361528100168,126.15554840440004,121.70356324536789,125.1199722290039,8351300
2024-12-23,124.36507014867087,125.03286938624474,123.63920398048796,124.82962036132812,2067400
2024-12-24,124.59735592898413,126.16522216796875,123.96826303927625,126.16522216796875,803200
2024-12-26,126.13617711887083,127.17173843847995,125.07156756807265,126.95881652832031,1484900
2024-12-27,125.72969613907831,126.95881882622905,125.05222403439203,125.99099731445312,1842600
2024-12-30,124.9651277006932,125.73938798031237,123.80374466515771,124.97481536865234,2154000
2024-12-31,125.04254953022482,125.865203808943,124.51993235667875,124.93608856201172,2220300
2025-01-02,126.0974699407564,127.3846744426728,124.82962600584676,125.52645874023438,3248900
2025-01-03,125.52645873321647,126.6491353349766,125.1393359998164,125.69098663330078,2273700
2025-01-06,126.61040921134533,127.18142032272979,125.70065468525705,126.09745025634766,3067000
2025-01-07,125.90389609158724,128.52669886901234,125.82646859902215,128.49766540527344,3414500
2025-01-08,127.78148062247391,130.34620187418983,127.42339136749833,130.20103454589844,4676000
2025-01-10,129.52358028709537,129.59132012705732,126.42655379099374,126.9878921508789,4661700
2025-01-13,126.52330421407157,130.3945903258761,125.3715942329642,130.26878356933594,4207200
2025-01-14,130.288130796281,133.2690229072034,130.14296347260975,132.7947998046875,4629000
2025-01-15,133.76263705416605,134.38204232088935,132.70770022970478,133.34646606445312,4114300
2025-01-16,133.58839671142152,135.0110954578843,132.04956411391157,134.70138549804688,4122700
2025-01-17,135.15626864917175,137.10159934550995,135.01110132904995,136.4918670654297,5724500
2025-01-21,140.81804338050168,145.17324059845535,140.33413257850682,142.16331481933594,11368500
2025-01-22,143.1214591609319,147.18630682022317,142.66658183949986,144.32154846191406,7077700
2025-01-23,144.64093945688063,145.618448753259,143.63441146085,144.81515502929688,4439100
2025-01-24,144.10863773831375,145.27003553222397,143.62472691344664,144.62158203125,4858400
2025-01-27,144.2054183201133,147.10888311850485,144.11831792043012,146.6443328857422,4929600
2025-01-28,146.4507550010351,148.037981654419,144.96997453451178,146.52816772460938,4286800
2025-01-29,146.62498991826368,147.86380053284978,145.7926626521086,146.6636962890625,3996100
2025-01-30,147.10887482436087,149.67359601122428,146.94434693386253,149.431640625,3962300
2025-01-31,150.00265945147905,150.0123323500671,147.2346893735342,147.30242919921875,4164200
2025-02-03,144.37963259493284,146.7508075491578,143.38277743586798,145.2119598388672,3556300
2025-02-04,144.65061359002385,147.8444128516977,144.51511916539397,146.79916381835938,3110400
2025-02-05,147.55407548396792,148.67673722400892,145.8894212876156,147.5443878173828,2841400
2025-02-06,147.78634123229583,148.53156792800303,146.69271297098365,147.4185791015625,2760200
2025-02-07,147.59278442619947,147.97990713397397,144.7280261782001,145.0474090576172,3356600
2025-02-10,145.32807673915616,145.7539205524927,143.36340031944923,144.87319946289062,3531400
2025-02-11,144.5054282518131,145.54100436290457,143.78924978105428,145.24098205566406,2187700
2025-02-12,143.9150467105388,145.24097213958382,143.3924296251852,144.07957458496094,2102900
2025-02-13,144.31189812453744,144.9022699679861,142.78273802564118,143.9344482421875,2047000
2025-02-14,143.83715904358067,145.4516712603984,143.69127564353178,144.54714965820312,2388300
2025-02-18,144.11921327212747,145.39332601304724,143.9441531823008,144.9070281982422,2601400
2025-02-19,144.01222863865965,146.23946589394959,144.01222863865965,146.08384704589844,3216900
2025-02-20,145.87960281069937,145.97685345527034,143.98302973369724,144.99453735351562,2231500
2025-02-21,144.9945603058272,145.44194599105865,140.59842384207374,141.0069122314453,4278500
2025-02-24,141.00691201788064,142.3879960486066,139.92733026166525,141.4932098388672,3447500
2025-02-25,141.4445880817542,143.51622170916696,141.3570580289254,142.524169921875,4358800
2025-02-26,140.43307129790998,145.16960689181133,137.87514024463,143.38975524902344,5783400
2025-02-27,144.69306858381788,148.37919981144287,144.14841735826585,146.39511108398438,6576000
2025-02-28,147.34822737563772,151.23860961657863,146.86192959552008,150.8690185546875,8323100
2025-03-03,151.23862266899914,152.06533490279944,147.73727241372137,149.2156219482422,5672700
2025-03-04,146.37565164475538,146.90084678855263,141.62937991883334,141.86280822753906,6787400
2025-03-05,142.73813758387803,144.95565456147094,141.99897020489118,143.56484985351562,3909700
2025-03-06,142.3782926307829,144.07061459483643,141.75583193836673,142.91322326660156,4492400
2025-03-07,140.72486143825802,143.18552714872888,136.92200903457348,142.29074096679688,5891100
2025-03-10,139.53830356163485,145.091816590239,139.1978891369799,143.57456970214844,4966500
2025-03-11,141.73635419700076,145.3933231913675,141.63910354030605,143.4967498779297,5818300
2025-03-12,144.24567000395322,147.09538320330796,143.16608815255645,146.12278747558594,4196600
2025-03-13,146.16166437478157,147.0953626729554,141.9114263868519,142.09622192382812,3295000
2025-03-14,143.86633291828548,146.65767741608332,143.02990014617677,146.28810119628906,4094400
2025-03-17,146.24918521160998,149.7602556712843,145.88932961422984,149.01136779785156,4562100
2025-03-18,148.38892564013304,149.01138626333048,146.37564551846873,146.7841339111328,3038500
2025-03-19,147.04672067033687,149.7505350586035,146.7841157216548,149.01136779785156,2344100
2025-03-20,147.49413377401046,149.43932519781876,146.94948254984538,147.1245574951172,2579000
2025-03-21,145.79205572849682,146.6284884304054,144.0122190694614,146.2394561767578,5538500
2025-03-24,147.54275746100478,149.80890711135902,146.57016180886814,148.95301818847656,3207800
2025-03-25,148.93358610807053,150.75233534027,148.49590616522156,149.29344177246094,4118900
2025-03-26,149.2447981848977,150.19793775796632,147.89289083715636,148.4958953857422,3836700
2025-03-27,148.48616058542493,148.48616058542493,144.06084787231512,144.37208557128906,2825300
2025-03-28,143.8079856580474,144.77086064232057,140.37472438569142,140.87074279785156,2581500
2025-03-31,140.0440286435018,143.69126169703526,138.28361835686772,142.8353729248047,4508600
2025-04-01,141.7071697684567,144.61523582818992,140.228820365588,143.62318420410156,3641300
2025-04-02,141.71689967570032,144.10947634290878,141.60017812173243,143.71070861816406,4411100
2025-04-03,138.92554449617097,140.53033605453663,135.04489775816828,135.91050720214844,6712300
2025-04-04,130.51260857102884,131.60191091599884,122.96526448510544,123.43211364746094,9609100
2025-04-07,121.31186075390627,130.6876749655213,118.63722267088968,125.02717590332031,7174700
2025-04-08,128.6160579098504,130.20137877469787,121.39939233356205,123.6752700805664,5496800
2025-04-09,121.5744395440014,135.41446958631417,120.05719291299303,134.5294189453125,6428100
2025-04-10,132.02984905194,132.06874634498757,125.153591226432,129.32603454589844,4757100
2025-04-11,129.48165343454045,132.7495751547593,128.0519367544053,132.224365234375,3337600
2025-04-14,134.3251714262148,134.5002315009591,130.74601210048576,132.28271484375,3815800
2025-04-15,132.2827457801496,133.70274213900615,131.4365922064054,131.5532989501953,2541700
2025-04-16,129.85123913226076,130.79465809451423,126.31099158051421,126.88483428955078,5635500
2025-04-17,126.7681128280807,129.30658805556712,126.51524330296719,126.64168548583984,4952000
2025-04-21,125.46483163053036,126.28180836776842,121.23404228054069,122.63457489013672,5971800
2025-04-22,129.63724968738262,133.50819052302015,126.78755195143131,132.5939483642578,7943800
2025-04-23,135.56036886727324,138.25444778316484,131.49491186033094,132.3313446044922,4655800
2025-04-24,131.9228812430547,135.92997081112034,131.41712731950386,135.0740966796875,2921100
2025-04-25,135.19079252359379,135.19079252359379,133.34286676348074,133.5568389892578,2141300
2025-04-28,133.5568468448119,134.61697258175096,132.31191071223347,134.15011596679688,2499900
2025-04-29,133.7319100986319,135.40477590675266,133.0899933684066,134.58779907226562,1917200
2025-04-30,133.85835018266903,135.4923038259209,131.1545353392171,135.103271484375,3062800
2025-05-01,134.49051697646317,136.40653147570754,133.8972330730327,134.1209259033203,2236300
2025-05-02,136.163385457863,139.1200695836417,135.47283604459182,138.18638610839844,2734200
2025-05-05,136.76639235512258,137.9821368891871,136.03694563468386,136.94146728515625,2623500
2025-05-06,135.31722202223335,135.8813292154462,133.85832871446473,134.23764038085938,2850000
2025-05-07,134.48081206335686,135.95914684725682,133.92642538891988,134.84066772460938,2555400
2025-05-08,136.16338323003663,138.4587094266825,135.39503924025908,137.252685546875,2899500
2025-05-09,137.38883417194273,138.71156463771726,137.0970673961781,138.69212341308594,2634100
2025-05-12,142.08650082054436,146.68688912047742,141.28898007170375,146.21031188964844,4974800
2025-05-13,146.67714380082603,147.5913860626343,146.0546831945825,146.60906982421875,3455700
2025-05-14,146.61878290524527,146.63823897211844,142.93265220652657,143.8274383544922,3778700
2025-05-15,142.31992036373916,145.09180900573594,141.37650141509056,144.66387939453125,4472100
2025-05-16,145.3349637546428,149.07946301807806,144.86812198870877,148.91412353515625,4204500
2025-05-19,147.78590669734737,150.032600284197,146.96892990951696,149.9158935546875,2613600
2025-05-20,149.0600038690687,150.48972066079006,149.0502832552032,149.9256134033203,2529700
2025-05-21,148.14576297183723,148.97246029429112,145.23769690188277,145.30577087402344,2661800
2025-05-22,145.61701590060267,146.4437281052652,143.6329125456651,145.6753692626953,2862800
2025-05-23,144.1115912269766,145.3235218370043,143.6815508520211,144.27774047851562,2369800
2025-05-27,146.6038707654412,146.6038707654412,143.33949482226012,146.1054229736328,3155300
2025-05-28,146.2617960189929,146.60387769895084,144.83485996084767,145.29421997070312,2297500
2025-05-29,146.47678989398545,146.95570117714772,144.82505078278697,146.2422332763672,2621400
2025-05-30,145.36259720958682,146.06629686965547,144.25819170103804,144.9912109375,5339800
2025-06-02,144.52207664964146,144.9423487922805,140.65174319795526,143.08535766601562,2825700
2025-06-03,142.9973836586451,145.00097246176983,141.92229777614162,144.77618408203125,2343300
2025-06-04,145.5385440153513,145.5776318166475,143.38835702447653,143.486083984375,2346900
2025-06-05,143.7108709854674,143.92589117377486,141.60955495183597,142.9485321044922,3568300
2025-06-06,144.6491317486845,145.0987234497619,142.14709509916196,142.2057342529297,2297100
2025-06-09,142.25461391315307,142.72374208539193,139.43981505308847,140.96449279785156,3401900
2025-06-10,140.97428433892983,142.02005083870603,139.90895156777756,141.7757110595703,3129200
2025-06-11,141.75613915782196,144.69799921679603,141.15018136564382,143.84768676757812,2904400
2025-06-12,143.10491557927128,143.93567676767887,141.21861970172588,141.49227905273438,2069700
2025-06-13,139.8894215964265,141.17952793503815,138.52110982195788,139.09776306152344,2450400
2025-06-16,140.42694847615792,142.09823910076125,140.26079921858246,141.78549194335938,1681300
2025-06-17,140.79835509183977,141.59979674372028,138.75567807177885,138.99024963378906,1739900
2025-06-18,138.91203049302703,140.41715669420265,138.36471187441774,139.28341674804688,2629100
2025-06-20,140.0653127937323,140.7885638064659,138.60905746058978,140.76901245117188,5566700
2025-06-23,141.12087995341227,144.37548754833827,140.1044330505444,144.25820922851562,2904700
2025-06-24,145.27465909794537,146.887295681703,144.65891807967003,146.476806640625,2700500
2025-06-25,146.31066305031166,146.4670440948737,143.78907463168835,144.40481567382812,2378000
2025-06-26,144.3461645566195,147.68873081240767,143.97476333487103,147.34664916992188,2740100
2025-06-27,147.71805944552585,149.40888657767564,147.15118935617664,148.57814025878906,3938200
2025-06-30,148.83223965684843,149.00817204634714,147.58122122627378,148.79315185546875,2302800
2025-07-01,148.55860363179224,152.55599932137235,147.99173348623063,150.32762145996094,3781900
2025-07-02,150.7185498187468,151.930465529646,149.74119074179401,150.48397827148438,2864700
2025-07-03,150.75764827583868,151.49066763536462,146.11519233217427,149.47731018066406,3182900
2025-07-07,149.34046239040416,150.97265017679408,147.53234222413354,148.40219116210938,3877000
2025-07-08,148.29469961430456,151.11926696052018,148.09923076702,150.2592010498047,3252200
2025-07-09,150.88470542832667,153.10329988888137,150.3569231530821,152.44847106933594,2855900
2025-07-10,152.57553706340738,155.8594643944779,152.42893915665664,153.75814819335938,4043400
2025-07-11,152.51689749002793,153.005577062304,151.31474991795756,152.3116455078125,2401300
2025-07-14,152.06729757968355,154.53024666781246,151.4124687774925,154.33477783203125,2961300
2025-07-15,154.33478368463457,154.69640179020874,152.49734374931685,153.04466247558594,3058900
2025-07-16,154.0513149328834,154.10995408451677,151.34404134371385,153.99267578125,3194600
2025-07-17,153.69948053164904,155.85945061786242,153.24012058001068,155.43917846679688,5024200
2025-07-18,158.85993753339375,160.43348624111965,146.8482010601189,149.76072692871094,11701900
2025-07-21,148.8029140571363,150.17121074980676,145.95879566739038,149.36001586914062,5194000
2025-07-22,149.51638556443115,150.57193514406285,146.9166217860605,147.7766876220703,4927800
2025-07-23,148.48038999764913,149.19385795201995,146.40839351537522,147.40530395507812,4976700
2025-07-24,146.60385660009047,147.8646432049924,144.46343790759866,145.91970825195312,4860900
2025-07-25,146.6038578599506,147.9721545679839,145.82196763536774,147.84510803222656,2818000
2025-07-28,147.19028469688308,150.39602131417308,146.75046117639482,148.60745239257812,3970300
2025-07-29,148.94953749236743,149.6337008693498,147.72783848106744,148.3533477783203,3918100
2025-07-30,149.02770936615062,149.0472607236134,143.1831062033401,143.30038452148438,3529500
2025-07-31,142.88012541561267,146.17382072276436,142.26438442672543,145.84152221679688,4390400
2025-08-01,143.18311898896604,143.39813920030838,140.98406084749726,141.14044189453125,4074400
2025-08-04,142.0982331740673,144.82505839032223,141.71706373710015,144.52207946777344,3641300
2025-08-05,145.0987331051174,147.79623875113842,144.64914137412265,146.6918182373047,3743900
2025-08-06,146.86775347713458,147.96239087708065,145.27465340067906,147.40530395507812,2636900
2025-08-07,148.53903051433372,149.02771005996493,146.5843123318089,148.30447387695312,2293900
2025-08-08,148.94950006498146,150.2103014792924,147.99169245652507,149.82913208007812,2376400
2025-08-11,150.26897742532321,152.0868661390013,149.69233907488737,151.7936553955078,3354500
2025-08-12,152.26276605328937,154.87232794703425,152.08684857549957,154.27613830566406,2748200
2025-08-13,154.80390420290905,156.83681288045975,153.0739744542592,156.5729217529297,3132000
2025-08-14,155.9865078247263,156.4458677638687,153.08375030006698,153.10328674316406,6344900
2025-08-15,153.80698687020018,153.80698687020018,148.1774041862481,148.9397430419922,3921100
2025-08-18,148.9104293489385,151.91091395598508,148.7442800956911,149.39910888671875,2585500
2025-08-19,149.37954258798524,152.1943412163142,148.60743555738043,150.8455810546875,2146200
2025-08-20,150.63056642214298,151.8229456119456,149.70207834177273,151.24630737304688,3258200
2025-08-21,150.87492145419424,151.6959144429771,149.68254214364316,150.88470458984375,2236900
2025-08-22,152.22367666633917,155.5076037707299,151.4906573565494,155.12643432617188,1958200
2025-08-25,154.7336756677638,155.05769621147078,152.97612603250593,153.0252227783203,1606300
2025-08-26,152.93684639003166,153.8794529932032,151.77824106798667,153.732177734375,2960600
2025-08-27,153.2117774393663,154.370397798421,152.92704026475994,153.69290161132812,2155000
2025-08-28,154.90058035951753,155.5977181375771,153.7419751575468,154.70420837402344,2982200
2025-08-29,154.74350218540292,155.3719015706521,152.5048284390637,152.7110137939453,3279100
2025-09-02,151.15965450027716,151.68987539469543,148.95043573205615,151.47386169433594,2745100
2025-09-03,150.7178229783711,151.29712567291236,147.70345932733588,149.24501037597656,3964400
2025-09-04,149.44135530654128,152.77973892287935,149.26462501775458,152.70118713378906,2741200
2025-09-05,152.97612119398957,154.7042157235452,151.48366706533258,152.4851837158203,2053300
2025-09-08,151.80768454498187,152.1709734772078,149.2449903612013,151.208740234375,2715500
2025-09-09,151.35603369850156,151.35603369850156,148.80316754545785,150.30543518066406,1669200
2025-09-10,150.38397247046817,152.39681913492794,149.69666299490757,150.7865447998047,2811600
2025-09-11,151.00256211064513,156.60907541517935,150.6196314283547,156.57962036132812,3663900
2025-09-12,156.22612100734722,159.1619324472052,154.94968059948624,155.0085906982422,2865100
2025-09-15,155.13626567785508,155.50938300987332,152.43610915498104,153.820556640625,3219500
2025-09-16,154.05618089519905,154.62567019080385,150.84546044515295,153.66343688964844,2208600
2025-09-17,153.6634414823093,155.66645994204077,150.75708481481044,152.3477325439453,2757300
2025-09-18,152.33789003112602,154.07581285948706,151.51311868222407,152.58335876464844,1795000
2025-09-19,153.08414625839055,154.55695886819097,151.88625747050824,153.7616424560547,6507100
2025-09-22,152.77975696699343,152.88776381697102,150.85527536254483,151.0712890625,2484800
2025-09-23,151.05163897895517,155.273704267854,151.05163897895517,153.4572296142578,2254000
2025-09-24,153.17250109703386,153.66343860055,151.66042017838254,151.79788208007812,1739300
2025-09-25,151.20873700540056,151.20873700540056,149.06825688081676,150.25631713867188,2949300
2025-09-26,151.2283890420392,151.6996848387487,149.60828633112638,150.04031372070312,2104000
2025-09-29,150.7178032176753,151.60148467036223,149.7751966835497,151.28729248046875,2043400
2025-09-30,151.06145965269744,152.40662347401158,149.66718410762104,152.36734008789062,2177100
2025-10-01,151.65057625066345,153.70269120867866,151.46401762134897,153.1724853515625,2297900
2025-10-02,154.40965704028972,156.68761423078172,153.70270584201452,155.9217529296875,2167500
2025-10-03,156.0395685978904,157.4829260038793,154.85150827299154,155.78428649902344,3411600
2025-10-06,155.82355767879764,156.3243235115565,151.82733426635127,153.103759765625,2421400
2025-10-07,153.98744555926373,155.0773273201617,152.36734295132229,152.51463317871094,1696700
2025-10-08,152.88774822097128,153.2608504973782,150.0108469553435,153.1724853515625,2084200
2025-10-09,153.2706932591868,153.76163075843823,148.6264137290673,150.1090545654297,2512200
2025-10-10,150.4625335374753,151.45422191459593,145.76917213798666,146.0539093017578,3504400
2025-10-13,147.84093553979227,149.66720877542542,147.6936452908956,148.361328125,2724800
2025-10-14,146.56447400286734,150.9240010596788,146.56447400286734,149.765380859375,2604800
2025-10-15,150.90436818652734,152.83866309715583,149.94213490042821,150.6883544921875,2381500
2025-10-16,151.67023024971522,151.67023024971522,147.88019220537294,148.6656951904297,4279200
2025-10-17,148.70497933208983,150.2956271652469,148.52824900741953,149.8734130859375,4494000
2025-10-20,150.45270014784694,153.24123649898948,150.25632814678085,151.974609375,4230400
2025-10-21,155.13625950343555,163.79640472541152,150.03051218710917,163.61965942382812,7302200
2025-10-22,164.130220635886,166.11359725249696,162.52975966919226,164.19894409179688,5275800
2025-10-23,164.18912905210908,168.51920114344156,163.68837822512975,168.48974609375,4779100
2025-10-24,168.8825161987667,169.7171160217087,164.70954704850647,165.44595336914062,3612300
2025-10-27,166.8991121362134,167.53733989019827,164.36587278019505,165.34774780273438,2922300
2025-10-28,165.26921257011972,165.4459428844041,163.3349175585906,163.80621337890625,2448100
2025-10-29,164.1204018838079,164.9550016349695,160.64457094153516,161.64608764648438,3163400
2025-10-30,162.01920294428925,166.19217207001515,161.61664554453364,163.43310546875,2143700
2025-10-31,162.49050460344282,164.30696442514355,162.215580792783,163.48219299316406,2096600
2025-11-03,163.0010598032652,163.26617024250885,158.5629956872081,159.25030517578125,3141200
2025-11-04,158.88702309333232,159.28958046546143,156.46179059282878,157.67930603027344,3520900
2025-11-05,157.77750924095284,161.84247147901104,157.23747494969123,161.3417205810547,2656200
2025-11-06,161.2238657532027,162.49049284414306,156.67779486735748,160.88021850585938,5193100
2025-11-07,160.9391430579587,162.28430708228672,159.71179924533115,161.85227966308594,2506400
2025-11-10,162.00939197724588,166.10380935844017,160.9980618198447,164.63099670410156,2754900
2025-11-11,164.63097900656368,167.09547985629308,162.99124955886836,165.61285400390625,2365800
2025-11-12,165.60305116510636,168.66649655706541,165.60305116510636,167.97918701171875,2694300
2025-11-13,167.33113958856347,169.43235153807723,166.18234760974846,167.5275115966797,3878900
2025-11-14,166.56114061039636,166.9851538066515,164.66784194213554,165.2496337890625,2748800
2025-11-17,164.58895500051446,165.4863041617812,162.67593021156355,163.090087890625,2908400
2025-11-18,161.70957031716082,164.27340584521568,161.0390185321241,163.48452758789062,2325700
2025-11-19,163.28731127157593,164.9833942531792,162.27163559669276,164.2635498046875,2219100
2025-11-20,166.38365632047044,167.38947653389948,161.67999821106847,162.32095336914062,3303500
2025-11-21,163.06051562617517,167.02461799112083,162.8731553458681,165.75254821777344,3183500
2025-11-24,165.90046635531965,168.38541249730864,164.3227098760179,167.2021026611328,7138100
2025-11-25,167.9219539356041,169.7659600933013,167.85293517437137,169.15457153320312,2605800
2025-11-26,168.73056775532007,169.9730409465343,168.30653945375656,168.4248809814453,2031600
2025-11-28,168.28681582094694,169.8448462406925,167.64584565425218,169.65748596191406,1596300
2025-12-01,168.30652977084242,169.58845507973604,167.2514169331187,168.10931396484375,2244600
2025-12-02,168.50374918447582,169.53913585733144,167.29084271904986,169.17428588867188,1928500
2025-12-03,169.65748273405723,172.26077039998341,168.77985963958292,170.68301391601562,2883300
2025-12-04,169.50957021215626,169.61804116530243,166.39352428347064,166.91615295410156,2860400
2025-12-05,166.84709909164255,166.9851516475453,163.35633300861582,165.15101623535156,3021400
2025-12-08,163.46480513360083,163.51411284248067,160.03318721068678,161.6799774169922,3254000
2025-12-09,161.1277643680504,163.43523591794025,161.1277643680504,162.7942657470703,2335000
2025-12-10,162.2913703161167,164.41146663249614,161.13764201381423,163.35635375976562,3382000
2025-12-11,164.24382236083378,167.6359882961653,163.9085539954257,166.25546264648438,2525200
2025-12-12,166.12725633629157,167.47820029286174,165.46657516604924,166.55126953125,2423500
2025-12-15,167.2020905238201,167.99096870620576,162.8928647058606,163.39576721191406,2576400
2025-12-16,163.69160827359235,164.6777022993369,160.57554754105544,160.9305419921875,2786500
2025-12-17,159.9345973099837,161.94622256321463,158.7709984999629,159.9148712158203,2638500
2025-12-18,161.09818642518766,161.9462279431715,159.18516148601935,159.5105743408203,2606000
2025-12-19,159.43167402082537,161.66025613710215,159.43167402082537,159.70779418945312,3715700
2025-12-22,159.92473283271536,160.37834273614862,156.8579946472193,157.77505493164062,2334600
2025-12-23,157.75532418868988,158.25824179129185,156.24660147408656,157.92295837402344,1828900
2025-12-24,157.8835083828569,158.44557412951465,156.85797725998304,158.1103057861328,854400
2025-12-26,158.09059088704734,159.92471120788235,157.77503359748448,159.82611083984375,1245700
2025-12-29,159.6190384593981,160.43749832341783,158.58365174806568,159.47113037109375,2185100
2025-12-30,159.23445871250584,159.43167450789903,158.40614334389394,158.92877197265625,1293600
2025-12-31,158.92876999441316,159.0964041707408,157.8144789467405,157.8736572265625,1201700
2026-01-02,157.8736649387988,159.63876668473452,156.84811869085974,159.5697479248047,1961200
2026-01-05,158.74141167939783,162.11385143395088,158.56392197754798,161.2756805419922,2894500
2026-01-06,160.61500194281558,164.21423916777078,159.56974466857,163.89869689941406,2854800
2026-01-07,163.54369579157068,163.56340683800312,159.52043046910464,160.6445770263672,2734400
2026-01-08,159.52043692861488,163.48452413250166,158.81044801668872,162.9421844482422,2526900
2026-01-09,163.1887079580332,163.93813401102153,161.67011471162405,162.9421844482422,2306800
2026-01-12,162.01526287029222,165.93005763243823,160.84180848940588,165.60464477539062,3247700
2026-01-13,165.663804615446,168.03042437702607,165.45671823917203,167.06405639648438,2827900
2026-01-14,167.04433744458083,168.4741859518842,165.79200874921884,167.6261444091797,3121900
2026-01-15,168.129040658295,170.65343909591343,167.56695981026508,168.720703125,2909200
2026-01-16,166.46254816819916,169.04610998149693,164.6777201950979,165.4665985107422,7328100
2026-01-20,157.23268468102387,161.4531657809313,150.94141521710594,153.94898986816406,11902100
2026-01-21,154.93507288861903,156.4339398696745,152.19373297717505,153.7123260498047,6969100
2026-01-22,154.38289103047615,160.2402924352582,154.02789654998625,158.39630126953125,5559600
2026-01-23,157.65671912512082,161.98567133675326,157.65671912512082,160.4177703857422,4461300
2026-01-26,159.74723632938515,160.59527781546691,157.2721456771075,157.30172729492188,3891000
2026-01-27,157.42989894338675,158.68224251942743,155.7239605596023,155.85215759277344,4661100
2026-01-28,155.66479829423884,157.47920762967817,152.96289533738226,153.77149963378906,4323000
2026-01-29,155.29009303026078,156.5424367372069,152.47973390262473,154.2053985595703,4137000
2026-01-30,153.50525724711565,154.55051452101026,149.88629392954059,151.03016662597656,4738200
2026-02-02,151.41474349453043,151.50348834732318,148.45646136196362,151.29640197753906,5393500
2026-02-03,150.87238151208646,154.8956468246675,149.12699092468287,153.51510620117188,5178800
2026-02-04,153.83067802071912,161.54194102592143,153.64331773618633,161.51234436035156,6514900
2026-02-05,160.90096531120017,163.51412358754908,158.9682293875456,162.78440856933594,3514000
2026-02-06,164.65797883922227,170.5745430883157,163.70146641522408,170.24913024902344,7257700
2026-02-09,169.25318262995611,170.19983954120022,166.40337141907278,167.91209411621094,4694500
2026-02-10,167.70501854042584,171.33383734058026,167.08377448796213,171.01828002929688,3215900
2026-02-11,171.58036751390242,172.49742777307358,170.04206317813052,170.4463653564453,2996900
2026-02-12,170.97883365409547,174.94293564503698,170.00259520246513,172.18186950683594,4525600
2026-02-13,172.8455161346013,173.04361685519882,168.9626845772486,170.19093322753906,3178200
2026-02-17,168.38818589906515,169.87396400993924,165.66425936246262,166.03074645996094,4748900
2026-02-18,165.25814765276738,165.6147350138704,160.96919957293167,162.61346435546875,4211100
2026-02-19,162.53421803062525,164.05962536925384,161.97952994898455,163.48512268066406,3373800
2026-02-20,163.4355927655108,167.76415484041942,162.53421708105242,165.47605895996094,2292400
2026-02-23,165.11948104956522,165.8524704031464,162.75214172051858,164.7628936767578,2922000
2026-02-24,163.94075472909844,166.69439567617175,163.93085498256826,164.8817596435547,2468500
2026-02-25,165.67416777521603,166.04067000600264,163.43560074548137,163.97047424316406,2987900
2026-02-26,164.30725389545762,166.56563541995732,162.85119013438327,164.59449768066406,3474100
2026-02-27,163.68321991078056,164.47563791653047,161.32578050005665,163.7525634765625,5367000
2026-03-02,160.7314711585332,162.67287931616104,157.71038614812105,159.9291534423828,3984400
2026-03-03,156.02652739718891,158.12642244075192,155.3529667461238,156.9774169921875,4050400
2026-03-04,157.77972692368647,160.2560238282928,157.26466804969246,159.36456298828125,3865900
2026-03-05,158.05708652477284,159.44380674959044,153.33230778559516,154.72894287109375,4538000
2026-03-06,152.6488502375123,152.65874998425915,150.32112505204694,151.9554901123047,4938100
2026-03-09,150.05369552897795,151.47013013059944,146.3194354937948,150.19236755371094,6235100
2026-03-10,150.9550460140984,155.02607853444752,150.1725428800103,153.7780303955078,5891100
2026-03-11,152.42102897592778,153.9167068364478,151.4602245862992,153.69879150390625,3551100
2026-03-12,151.31164282532094,152.02481755338073,146.8642231928037,147.6863555908203,5683000
2026-03-13,149.7169029075202,150.94515159770526,148.97401384556272,149.52871704101562,4010700
2026-03-16,151.14325880048622,151.30174543454885,146.7255534533406,148.52828979492188,5104700
2026-03-17,150.2121530320947,150.2121530320947,146.59676586551709,147.64671325683594,4412200
2026-03-18,146.4382786419059,146.92363823823612,142.7337484361036,143.70445251464844,4239600
2026-03-19,142.07009316924336,142.60498174350872,139.7819973376276,141.35693359375,4275900
2026-03-20,140.2673681672962,141.9413473610724,138.0188862546188,139.8612518310547,6900600
2026-03-23,142.6743289323768,146.8147055971558,141.82248211425315,145.17044067382812,4924500
2026-03-24,143.65493822439055,146.39867949165227,143.52616594578274,145.27938842773438,3036500
2026-03-25,147.07221706944017,147.75567741265814,145.0812798595536,146.64630126953125,2238500
2026-03-26,145.695400722029,146.002459119246,142.34745759218382,142.6248016357422,2812100
2026-03-27,142.32763835552475,144.80393517397536,141.30740527545242,141.6837921142578,3428000
2026-03-30,142.33753651999768,142.54555210064714,140.41592779197518,141.16873168945312,2483600
2026-03-31,143.04080986471618,143.9124560478115,140.43574083316983,143.85302734375,3384900
2026-04-01,144.63555218058312,145.88360036513646,143.79360519700785,143.8728485107422,2419700
2026-04-02,140.99042535930488,144.78411371943005,140.8022243917456,143.10023498535156,1782800
2026-04-06,142.65451433929007,143.77379024709063,142.14934010470324,143.1299591064453,2151000
2026-04-07,142.46632551121095,143.3280720590834,141.28760568211953,142.9813995361328,2887000
2026-04-08,147.5674752936819,148.81553855916027,145.62606705822975,147.75567626953125,4223600
2026-04-09,146.77506354803288,150.00416439948015,146.27980416484078,149.0730743408203,2825800
2026-04-10,149.78623615792623,150.06358017949177,148.2806435307737,148.894775390625,1826300
2026-04-13,148.50847011794377,151.3413543701172,147.30005113828693,151.3413543701172,2489100
2026-04-14,151.70787005462222,152.69838890045165,150.93526656400473,151.10365295410156,2232900
2026-04-15,150.55884959792326,151.2323950913485,148.6669551630877,149.80606079101562,2837300
2026-04-16,150.05369443544637,151.42060006524807,149.0037318397001,149.1226043701172,2143800
2026-04-17,151.39087736106964,154.89732208969036,150.46970220731842,153.0846710205078,4950500
2026-04-20,152.5597080783974,153.46106868944952,149.58815171208568,149.96453857421875,4672700
2026-04-21,150.33103172284942,156.64063118966627,145.46758113637668,147.06231689453125,7233600
2026-04-22,149.1919186710828,149.47917755204503,143.37757885888374,144.39781188964844,4583000
2026-04-23,144.81384197931203,145.97274713314533,142.22858737026326,143.46673583984375,5138200
2026-04-24,143.04081355246737,144.89307874267888,142.63469724542233,144.6058349609375,5931000
2026-04-27,144.2987660190113,145.8043587694714,143.288447763756,144.38792419433594,2991000
2026-04-28,144.06105955988002,144.68509125282796,142.38708033627643,144.6454620361328,3726200
2026-04-29,144.41764482234038,145.18034853430444,142.01067626634065,142.5059356689453,3757600
2026-04-30,142.63470208027528,145.50720045152295,142.4663157040134,145.1308135986328,5017900
2026-05-01,145.88360432815134,145.9232335431534,140.85176712520288,141.14892578125,2757900
2026-05-04,140.51499312607638,142.88233237859905,140.0494480956788,140.21783447265625,4053300
2026-05-05,141.04986542668,142.92194527915672,140.97063722627564,141.4658966064453,3386100
2026-05-06,143.61531234799054,146.91374144632482,143.11013813586726,145.15060424804688,4910100
2026-05-07,145.0416526859934,145.5468269193626,142.10972566246662,142.38706970214844,2764000
2026-05-08,143.3478766934008,143.92237939004727,141.4460824807695,141.93142700195312,2566000
2026-05-11,142.13944366202432,143.43702083399035,141.5253268604201,141.98095703125,3319300
2026-05-12,142.2582892861378,143.22900848357895,140.67346845211284,141.85218811035156,2798600
2026-05-13,145.61614883699085,148.3400752655651,144.63554499573831,145.70530700683594,7625900
2026-05-14,146.63639259509247,146.65620720251746,143.3082489111964,143.74407958984375,4105600
2026-05-15,143.01111292805874,145.46759538447688,143.01111292805874,144.8336639404297,5276200
2026-05-18,145.21004787551664,151.2423031481555,145.11098995959068,151.0838165283203,5520500
2026-05-19,149.92493109769555,149.92493109769555,146.953374600078,147.9438934326172,4629300
2026-05-20,148.3797236661581,149.4395709542692,146.1510563000199,148.3599090576172,3873100
2026-05-21,147.3594886258157,151.47013567040543,145.92323936409866,150.16265869140625,2834400
2026-05-22,152.23357556040958,152.79114754832975,151.0388088280043,151.7755889892578,3209100
2026-05-26,152.45262043281244,153.91621464181245,151.3872919360852,153.35865783691406,2319100
2026-05-27,154.0356962993744,156.00706212786497,153.9759450505134,154.49368286132812,2877500
2026-05-28,153.2690529477872,153.6175183528859,150.58082397119932,152.18380737304688,3224200
2026-05-29,151.83532645218068,153.74695628017676,151.11846336764674,152.46258544921875,7901700
2026-06-01,149.67478001104183,150.40159401089267,147.75318412527167,150.27215576171875,2691100
2026-06-02,149.5254354072062,152.49245805989025,148.52979389236066,152.23358154296875,3391700
2026-06-03,151.99463657893276,153.17945240672432,150.84963972694058,150.98902893066406,3330500
2026-06-04,152.5820601611976,153.647403860492,151.7656268373701,152.10415649414062,2473200
2026-06-05,152.92057126268975,153.9659978551166,152.02450000762866,153.08982849121094,2488400
2026-06-08,152.1340167970537,155.39971954193416,151.5864109603823,153.179443359375,3054400
2026-06-09,153.607569844727,157.2416552532258,152.99027697448915,155.7083740234375,3434300
2026-06-10,153.68721391222638,162.29950632640052,151.058721107609,156.16636657714844,7862100
2026-06-11,157.78924843367318,158.91432810298303,154.46380972762327,157.22174072265625,4873700
2026-06-12,159.17319117515544,159.29267847797493,155.58889112850542,157.6299591064453,4576700
2026-06-15,160.70649198662173,161.69216731068946,156.5248008857438,157.54034423828125,4426200
2026-06-16,158.9342541514112,162.43890121898352,157.72952127723843,160.925537109375,3430500
2026-06-17,160.79609051855448,163.5838895536175,158.17754870306868,158.53598022460938,3781500
2026-06-18,160.90561681856738,161.51295871633133,159.21302937649378,159.9000244140625,6934500
2026-06-22,160.3281486531853,162.84712041903268,159.82037696018315,162.50860595703125,2642100
2026-06-23,161.3237873485582,163.45445950224953,160.2982778423408,161.13461303710938,2816100
2026-06-24,161.74194833446657,167.6958798713943,160.87574514616972,165.18687438964844,4556000
2026-06-25,166.44138356177325,169.02009133601624,165.89377771203667,167.23789978027344,2381800
2026-06-26,166.43143047834005,167.06864040649822,162.65794082867777,163.29515075683594,6334000
2026-06-29,163.494286366957,164.86826121348784,161.05495270273713,161.72203063964844,5260400
2026-06-30,162.97655579920584,164.52975407254442,160.2086737085572,161.20431518554688,4024600
2026-07-01,161.40344048195035,162.2895607889965,158.526037220438,159.2628173828125,2662100
2026-07-02,160.6567110015096,161.29392094570252,158.9143383987011,159.74072265625,1837600
2026-07-06,159.72079823031027,159.75066625817414,155.36984999226905,158.45632934570312,2180100
2026-07-07,159.1134620184567,159.20306610524426,155.74818896445765,157.32130432128906,1839300
2026-07-08,155.3200632169572,155.8079329873091,152.89069569484982,154.02572631835938,2310900
2026-07-09,155.7581603469574,156.62436359963706,153.92618361362588,154.66294860839844,3829900
2026-07-10,154.85211830126866,157.71957062764827,154.72268004722744,156.8334503173828,1945300
2026-07-13,156.5347459064221,158.70523691858185,156.07674416674925,157.0126495361328,1726400
2026-07-14,158.07799439809207,159.07363583000148,155.2404102402373,155.8975372314453,3579200
2026-07-15,156.96287000095919,162.30947496880756,156.31570912924812,159.830322265625,3287100
2026-07-16,159.18316436176076,162.63804150575112,158.4264671154309,161.06492614746094,3482400
2026-07-17,162.95663438424626,163.51419116577463,159.03380463841506,159.14332580566406,2922700
2026-07-20,159.72080709509405,160.97530991185184,158.31694893844468,158.41651916503906,4063900
2026-07-21,168.35301238103193,175.3922048605782,168.2634082949518,170.01573181152344,11003500
2026-07-22,171.30011781447118,173.88877651902362,168.99022231362918,170.01573181152344,4593800
2026-07-23,170.24473722530075,171.24037867659075,167.58637637343037,168.850830078125,4736800
2026-07-24,169.56770058220468,172.5944592346749,168.7214144268272,171.8676300048828,4101300
2026-07-27,174.39655943524593,178.50854827901392,172.76370807048852,177.4531707763672,4826300
2026-07-28,178.8172095759656,184.09409707996218,178.1999015493925,181.6846466064453,5501400
2026-07-29,180.33057426847583,181.4058688557967,176.77614219775774,177.1743927001953,4822200
2026-07-30,176.83587819125108,177.64234533338535,173.20179298287627,175.30259704589844,2811800
2026-07-31,175.73071530724542,176.3679252253141,174.16755094394472,175.5116729736328,2676800
2026-08-03,177.22418298149498,178.65790913975104,175.36233828024248,176.45753479003906,2749500
2026-08-04,178.38908773975427,180.87819151776995,175.83029695594172,180.65914916992188,2980000
2026-08-05,180.30071690926243,182.58074446863876,180.30071690926243,181.28640747070312,2728600
2026-08-06,181.23661739368558,182.70021158470595,178.677826690007,179.92237854003906,2547000
2026-08-07,179.434501947621,182.74002363608713,178.389075394744,182.10281372070312,2430400
2026-08-10,182.5608208070296,182.70021000533688,180.2210572722823,181.24656677246094,1942500
2026-08-11,181.14701706913718,183.57638476162415,180.96779369902268,182.3318328857422,2335500
2026-08-12,182.96903770195536,183.59628149903818,180.59940613526874,182.97898864746094,2647500
2026-08-13,183.37724262019455,183.8850295039432,179.70333827791703,181.85391235351562,2852800
2026-08-14,181.14701540219846,183.4469448168987,180.56954151402917,181.85391235351562,2644600
2026-08-17,180.90805665176305,182.4313869241406,178.8769546860208,179.424560546875,3873800
2026-08-18,179.81285273915643,180.86823025004108,178.2297712805465,180.1513671875,2318500
2026-08-19,181.21669596173933,182.63050500637576,179.11589188160514,179.87258911132812,2765400
2026-08-20,178.46872946352363,181.1768754160933,177.1246074324919,177.31378173828125,3499900
2026-08-21,177.24410250215672,180.24097792119125,177.24410250215672,178.1800079345703,2587900
2026-08-24,178.8800048828125,180.35000610351562,178.22999572753906,179.00999450683594,2088100
2026-08-25,180.3300018310547,180.8000030517578,178.61000061035156,179.3699951171875,2316900
2026-08-26,180.5,180.6699981689453,178.5399932861328,180.0,2673700
2026-08-27,177.77000427246094,180.0,176.91000366210938,178.8300018310547,2394600
2026-08-28,179.66000366210938,179.83999633789062,173.57000732421875,174.33999633789062,2336400
2026-08-31,173.5,173.64999389648438,171.66000366210938,171.8300018310547,2362500
2026-09-01,171.9600067138672,172.42999267578125,169.52000427246094,170.24000549316406,3340200
2026-09-02,171.0,171.25999450683594,168.0800018310547,168.75,2174500
2026-09-03,169.74000549316406,169.75,165.8000030517578,168.30999755859375,3005800
2026-09-04,167.8699951171875,169.58999633789062,167.5500030517578,168.55999755859375,2175200
2026-09-08,168.1699981689453,168.55999755859375,165.7100067138672,167.52000427246094,2179600
2026-09-09,166.0,166.80999755859375,164.02999877929688,164.39999389648438,3288700
2026-09-10,164.4499969482422,164.4499969482422,161.3000030517578,162.86000061035156,2908600
2026-09-11,164.36000061035156,165.3699951171875,162.5500030517578,164.97000122070312,3285600
2026-09-14,162.47999572753906,163.3800048828125,160.27000427246094,162.02000427246094,3000800
2026-09-15,162.32000732421875,166.25,160.67999267578125,164.6699981689453,4174800
2026-09-16,165.57000732421875,166.2899932861328,161.3699951171875,162.64999389648438,2885700
2026-09-17,164.83999633789062,165.4600067138672,162.8699951171875,164.7100067138672,2401300
2026-09-18,163.8000030517578,166.0500030517578,163.22999572753906,165.88999938964844,4551900
2026-09-21,166.69000244140625,166.77000427246094,164.83999633789062,164.97000122070312,2380900
