Date,Open,High,Low,Close,Volume
2021-09-22,84.79391131635133,86.83210296545096,84.79391131635133,85.96224975585938,9497700
2021-09-23,86.78093644357836,88.68267694513557,86.6444853101196,88.30744934082031,6087900
2021-09-24,88.17100576701446,88.80207604749785,87.67638012534024,87.76166534423828,5529300
2021-09-27,88.56328761243593,90.19213889942321,88.54623447351254,89.62928771972656,8195200
2021-09-28,88.92147033858458,90.35417487598744,86.74683382172151,87.01972961425781,14183500
2021-09-29,86.2010463969182,86.65302946515004,84.52102894983062,84.8962631225586,11543000
2021-09-30,85.4761663137356,85.60408113776576,82.08201867857095,82.9859848022461,12258400
2021-10-01,83.51472530859144,85.20327259695144,82.77278677931443,84.46986389160156,7912700
2021-10-04,84.4698546127062,85.71494200897459,82.69602879897509,82.84953308105469,9482100
2021-10-05,83.76199998705144,85.04972954664673,83.12240011727414,84.59774017333984,8850300
2021-10-06,83.76204269012,84.81951319215484,82.90924242898068,84.51250457763672,6912700
2021-10-07,85.75759186029083,86.06460047367108,84.16285954193471,84.25666809082031,7959600
2021-10-08,84.44428039548224,85.86846180002651,83.90701856434143,85.31414031982422,5301100
2021-10-11,85.34823077271754,85.8599095026901,82.90069228099053,82.96891784667969,7003900
2021-10-12,82.96891721400027,84.18842153941536,82.45723848792952,83.38678741455078,7913300
2021-10-13,83.6767436767072,84.58070965230411,82.44870951638835,84.06050109863281,10170900
2021-10-14,86.3204294079817,86.62743797247407,83.41237786830374,86.14134216308594,14766800
2021-10-15,87.37789913389113,88.02602904404601,86.85769054244886,87.1050033569336,11678100
2021-10-18,86.7809464071422,88.64005102270369,85.74905899069209,86.48246765136719,8924300
2021-10-19,86.60184250507476,87.36935729913286,86.3886425053147,86.77239990234375,6189500
2021-10-20,86.20104714779873,86.91739620413841,85.22032560093909,85.8428726196289,7426900
2021-10-21,85.58701676682745,86.77240836053227,84.91330392115341,85.51879119873047,5931400
2021-10-22,85.91106818503519,87.190268155357,85.76609374992212,86.8150405883789,6761500
2021-10-25,87.24145076353412,87.61667837431835,86.6956592329859,86.90885925292969,3836000
2021-10-26,87.08794846240617,88.67415716724058,86.72124415953913,88.23922729492188,7649500
2021-10-27,87.81281932370167,88.55475117892563,86.84062781893746,86.87474060058594,7542400
2021-10-28,87.4930072735041,88.12844390972948,86.5570267249671,88.01681518554688,6663000
2021-10-29,87.68192766628565,88.71236587005222,87.52736128058403,88.25725555419922,8056900
2021-11-01,89.21040538535566,89.58823574822992,88.17996727925492,89.30486297607422,5432400
2021-11-02,89.24475819608524,90.45552269745711,88.7638879318656,89.87161254882812,7191700
2021-11-03,89.63976083666955,89.93172246603213,87.4844203585898,88.11127471923828,9009000
2021-11-04,87.78497483182778,87.85366590831059,84.29864555919484,85.68974304199219,14823800
2021-11-05,87.01214804096197,87.57030483534282,85.63822815958612,85.7584457397461,8449600
2021-11-08,86.265076177555,87.41573858417995,85.84431464629742,85.93018341064453,7332000
2021-11-09,85.40636518344597,86.1362594198666,84.39309816245166,85.62104034423828,8756900
2021-11-10,84.78810275067538,85.54376353697543,83.91223094544222,83.95516204833984,9191500
2021-11-11,84.18701216752649,85.27755910596105,83.69755306108483,84.90831756591797,6249600
2021-11-12,85.19168883401602,85.77560552527862,84.195599508548,85.74125671386719,7270300
2021-11-15,85.89583338607669,86.55703662011652,85.83572459674276,86.05039978027344,5652200
2021-11-16,85.87008737925872,87.20965864593748,85.44932578548332,86.46259307861328,6448500
2021-11-17,86.30800844340025,86.41104833363275,83.5945111102607,83.87788391113281,9670700
2021-11-18,84.09255908427234,84.37593188514445,82.8560279905514,83.87788391113281,6850200
2021-11-19,82.62418446921667,84.04962426016617,81.53363088416924,83.21669006347656,9923400
2021-11-22,84.40169500261128,86.32518279123038,83.99810461385206,85.2861557006836,10430400
2021-11-23,86.13628094735671,87.69911624645947,86.0246521943378,87.46726989746094,8559200
2021-11-24,87.45007663125479,87.7849759333804,85.96452808073165,86.83181762695312,7146400
2021-11-26,84.19560625694675,84.29006385805764,82.32363846886096,84.09255981445312,11738200
2021-11-29,85.04570870614683,85.52657894851423,82.4009092703947,83.49146270751953,13793400
2021-11-30,82.80449791083808,82.86460668990566,80.61480879226843,81.42198944091797,20586200
2021-12-01,83.27679377480537,84.67647350699505,81.7998275756836,81.7998275756836,11708200
2021-12-02,82.43524468469826,85.65537143019428,81.83415697941818,84.89112854003906,10685800
2021-12-03,85.90443190530019,86.61715516724135,83.16517415842233,84.3330078125,9811800
2021-12-06,85.87007187555456,86.47974859970701,84.83963363359453,85.24321746826172,9624500
2021-12-07,86.18778518945115,88.54062309758964,86.16201866722507,88.01681518554688,10674400
2021-12-08,88.15421439411325,88.58356473138902,86.92627216744997,86.94344329833984,9089700
2021-12-09,86.53125932097869,87.43289760009166,86.08473787743239,86.36811065673828,7749600
2021-12-10,86.6772522496569,86.95203621634238,84.47897396480649,84.52191162109375,10429000
2021-12-13,84.28146322776132,84.32439432593716,83.12221875516525,83.43993377685547,10057100
2021-12-14,83.07929368652546,85.38920069269663,82.92472729668192,84.85680389404297,11105900
2021-12-15,85.11440488896756,85.72408152205952,83.40558599688701,85.38059997558594,7055000
2021-12-16,86.9777897276041,87.08941845374444,85.57811002493932,86.12767791748047,7889900
2021-12-17,85.41494903708004,85.45788013591226,83.13080231496026,83.40558624267578,20851400
2021-12-20,82.10038873764317,82.34082392726339,80.89820623817451,81.89430236816406,11931400
2021-12-21,82.58983112078333,84.59060526434057,82.49537352249583,83.95516204833984,8235100
2021-12-22,83.88646280645342,84.73657455691,83.68895878798088,84.41027069091797,4798400
2021-12-23,85.01995559490464,85.84430745605007,84.81386271609361,85.3033218383789,4482200
2021-12-27,85.62964520308057,86.32519075772046,85.10583718865365,86.21356201171875,4196000
2021-12-28,86.38528600889019,86.72876758683405,85.5094142089312,85.84430694580078,4269700
2021-12-29,85.9129872615313,86.30798870360192,84.7451540626421,84.77950286865234,6923100
2021-12-30,84.89116533956687,85.84432379352815,84.77094774639764,84.83964538574219,3564900
2021-12-31,84.77952875025848,85.19170144548043,83.70615280237465,84.29006958007812,5124800
2022-01-03,85.29474288034683,87.07225308348495,85.2689829073308,86.0332260131836,8481900
2022-01-04,87.58747924619594,89.88879759040557,87.57030811325895,89.52814483642578,8967000
2022-01-05,89.04727111271887,90.1893447589645,87.2182407513282,87.31269836425781,10288800
2022-01-06,89.40790278183363,89.48518268594994,86.40245088515961,88.80680847167969,10059200
2022-01-07,88.88409450252333,89.7599661684832,88.38604661826908,89.34779357910156,6128400
2022-01-10,89.92314073941024,90.24944465558072,88.30019689743523,89.41650390625,8904900
2022-01-11,89.44225914052278,91.09954503700297,88.94421121184321,90.95356750488281,7320200
2022-01-12,91.06521504420644,91.4258677785068,87.88801841213665,88.4891128540039,10855200
2022-01-13,88.81541531896005,89.60541840536119,87.70769060914327,88.05976104736328,6267700
2022-01-14,85.65538948685145,86.27365500053902,83.62885543703821,84.90831756591797,16724900
2022-01-18,82.37515169632154,82.8130908519953,79.80763864705489,80.72644805908203,21803100
2022-01-19,84.16125913353243,84.36734547129342,81.54221932532734,82.20342254638672,19716100
2022-01-20,82.9504918758513,87.55312846080565,82.9504918758513,85.7240982055664,22637600
2022-01-21,84.27286315668549,85.49221624531914,82.7357885373383,84.89112854003906,22568300
2022-01-24,82.45243897165896,84.42745321754192,80.44308246271177,84.22136688232422,19527300
2022-01-25,82.93330502540678,85.72408195875227,81.58514535350682,85.04570770263672,16060700
2022-01-26,85.99885060227085,87.37276999960851,84.92547504945011,86.01602172851562,13344400
2022-01-27,86.9949708054471,87.7849804737538,85.5781198103535,86.85758209228516,17843100
2022-01-28,85.69023491452324,88.12864500563414,84.86878725643663,88.02488708496094,14044800
2022-01-31,87.3072097737768,88.8376986947118,86.7105752569108,88.66476440429688,8467000
2022-02-01,89.02792860309813,90.01366855231791,88.40535461474455,89.88396453857422,7885700
2022-02-02,89.75427428490303,90.18661663387266,88.45724723799415,89.8580322265625,9596300
2022-02-03,89.64184011032313,90.01365470745606,88.31022519494053,88.44857788085938,5986500
2022-02-04,88.32754240755173,90.8091832458891,88.25836604906314,90.02232360839844,7881800
2022-02-07,89.97044891196377,91.81222501432427,89.61592500563404,90.94754028320312,9129000
2022-02-08,91.63064305957703,92.79796614052643,91.06859665852107,91.95922088623047,9249000
2022-02-09,92.46072360525939,94.31979679583108,92.39154725467534,94.01715850830078,11054300
2022-02-10,93.55022116197847,94.88183612626555,92.65094846153708,93.01411437988281,8116200
2022-02-11,92.52125063994767,93.72316168591998,89.77155339443104,90.4200668334961,9755900
2022-02-14,89.95313540590905,90.35953821224327,87.85195162187753,88.6906967163086,11110300
2022-02-15,89.51214461733025,90.22983440039877,88.30159148567226,89.434326171875,6714100
2022-02-16,88.63017542025592,89.09710591655141,87.04780094898015,87.46285247802734,10190700
2022-02-17,86.48576036485952,86.65005256809604,82.91461494639589,83.13943481445312,15620300
2022-02-18,82.36985549583441,83.04430841727914,80.51078231683945,82.5082015991211,16321800
2022-02-22,81.86835874026299,83.67554684128491,81.19390563850321,81.92888641357422,9143700
2022-02-23,82.75031730642662,82.7676146935365,80.48484777453302,80.89125061035156,8722200
2022-02-24,77.6919147339859,79.7066315582769,76.55053125618085,79.3866958618164,18518000
2022-02-25,79.61152227999081,81.88564072933158,79.23105889035931,81.75594329833984,9717400
2022-02-28,79.19646748249954,79.74122305854966,77.75244563545427,78.46148681640625,17955100
2022-03-01,77.821605369882,77.821605369882,74.78656091329121,75.77230072021484,18341800
2022-03-02,76.14412333699066,77.19903959858476,75.24485056640256,76.42082214355469,18007500
2022-03-03,77.54490221164487,78.03777208726262,75.28807525565338,75.9020004272461,12197100
2022-03-04,74.53579588298408,75.14107894752077,73.2906547788016,74.67414855957031,11950700
2022-03-07,73.5241472891676,74.432068965515,72.1320042371797,72.15794372558594,12680900
2022-03-08,72.31356401683362,74.14669757375906,70.87819114439807,72.036865234375,11641200
2022-03-09,74.57039565213897,76.94827822545862,74.44934033980427,75.57343292236328,12994600
2022-03-10,74.1639962435583,75.91931154682361,73.50684068851419,74.2418212890625,11351600
2022-03-11,75.33132945158394,75.88472710253053,73.56737196530904,73.65383911132812,8568100
2022-03-14,74.23317958513658,74.97680894898332,73.0399170835554,73.25608825683594,8280700
2022-03-15,73.88729719895358,74.96815296018472,73.13502581122951,74.64822387695312,8672400
2022-03-16,76.1009001775872,79.85362850464341,76.09225148366195,79.34346771240234,17635900
2022-03-17,77.99455277298165,81.44464927553076,77.75244212656143,81.1593017578125,15156800
2022-03-18,80.83071339951084,82.05856385843293,79.91414330456637,81.98938751220703,16325400
2022-03-21,81.90293836498414,82.0672305740967,79.7325778538957,80.07845306396484,8568700
2022-03-22,80.55404015431506,81.79918179610287,80.3032807674981,81.4706039428711,7565100
2022-03-23,80.77021621646941,81.28037711905036,79.45589153042481,79.87958526611328,7465400
2022-03-24,80.02654833654685,80.50212082494558,79.42126526446829,79.66337585449219,6488300
2022-03-25,79.96605903002772,81.25443762868481,79.54235869731728,79.87958526611328,6592800
2022-03-28,79.7931026770789,79.81040006532739,77.94267795573165,78.91976928710938,8680800
2022-03-29,80.75290741973505,80.75290741973505,78.7295482927283,79.41264343261719,7431600
2022-03-30,79.42992079141558,79.49909713652357,77.61408461295669,78.05506896972656,7289800
2022-03-31,77.57950086579217,77.98590367020996,75.57343292236328,75.57343292236328,8422700
2022-04-01,76.21330653989598,76.5505330345576,74.2850634137047,75.21891784667969,8192300
2022-04-04,74.82980081548857,75.72042483535904,74.19857819917152,75.46966552734375,8098900
2022-04-05,74.83846393984912,75.08057460199525,73.44632103548808,73.74031066894531,11587400
2022-04-06,73.2560852514426,73.3339037040611,71.55265542035322,71.88123321533203,10493200
2022-04-07,71.66506205092008,72.29628475369194,70.3853324519328,71.88123321533203,11902900
2022-04-08,72.22710486708716,73.29931194299155,71.73423490020193,72.68538665771484,6937500
2022-04-11,72.27036102476124,74.20725323297806,71.78613302494065,72.65081787109375,8290400
2022-04-12,72.42597275329247,74.34557332423579,72.23574111516022,72.57296752929688,8057300
2022-04-13,71.70830683840954,72.84969044861984,71.57860280604042,72.74592590332031,8760300
2022-04-14,74.37152810768322,76.00578155774252,73.14367089897121,73.2906723022461,16348400
2022-04-18,72.97072197975429,75.38319244548082,72.91019433066519,74.77791595458984,7897500
2022-04-19,75.23621015665799,77.05204652774856,75.15838511090064,76.87911224365234,12637700
2022-04-20,77.48439822744156,79.1878281800564,77.48439822744156,78.34908294677734,11828400
2022-04-21,79.14458171160513,80.35514149133887,76.70617136253605,76.87911224365234,9563900
2022-04-22,76.19601484665587,76.27383329972355,73.17826062419185,73.27337646484375,11455400
2022-04-25,72.65944562904976,73.7662408576662,71.67370571624949,73.54142761230469,11577600
2022-04-26,72.88426822298366,73.68842519241848,71.14625027026581,71.22407531738281,10062000
2022-04-27,71.23271103815377,72.34815490217866,70.73984110726087,71.0857162475586,9522900
2022-04-28,72.12353508139104,73.12646347868336,71.17293783815724,72.73401641845703,6974600
2022-04-29,72.43748463322305,73.03051994630513,70.03918113458836,70.28337097167969,8097300
2022-05-02,70.28337107821619,71.63514480460165,69.79499140329325,71.47816467285156,8737100
2022-05-03,71.94037712976377,73.96367276934211,71.73107251978632,73.03923797607422,9430500
2022-05-04,73.31833353516683,76.33583523407972,73.20496155920213,76.06548309326172,10495000
2022-05-05,74.78345645245201,75.14102486074009,72.74272159258564,74.0770492553711,8556500
2022-05-06,73.37936945709482,73.75437720001192,71.78340580791226,73.4578628540039,7333600
2022-05-09,71.98399969544586,72.59447436893959,70.39675889068725,70.77176666259766,11161000
2022-05-10,71.52177578086159,72.08864887170608,68.65253176586573,69.9955825805664,9261000
2022-05-11,69.82989490390172,71.56539312065765,68.68743215643549,68.8008041381836,8060000
2022-05-12,68.06822028571173,69.35021700165579,66.93447408918092,68.53915405273438,10315600
2022-05-13,69.41999065716942,71.07700184691214,69.30661869371811,70.23977661132812,7948000
2022-05-16,70.10895761804291,70.57989805326932,68.76590674432495,69.68162536621094,5703600
2022-05-17,71.19908127242364,72.6119022924844,70.92872922032198,72.32410430908203,6507100
2022-05-18,71.42583525028994,71.70491028150879,70.04789937266473,70.3705825805664,5949400
2022-05-19,69.53336608517853,70.79792352126884,69.3327777627764,69.73394775390625,7852800
2022-05-20,70.30955189771103,70.82409390620953,67.64961217369714,69.21941375732422,8705000
2022-05-23,70.45780416026875,72.68168181891998,69.85604581968472,71.78340911865234,7787700
2022-05-24,71.33863047444818,71.70491523064038,69.81243733663996,71.47816467285156,6225700
2022-05-25,70.88513700722112,72.22818791184548,70.6409471434121,71.7136459350586,6747800
2022-05-26,72.6904108360848,74.60905798086348,72.5944781461621,74.12939453125,8573400
2022-05-27,74.62650410930426,75.42012795261479,74.05963088603616,75.39395904541016,6300000
2022-05-31,74.53056836821186,75.71663927338969,74.0683508316026,75.12360382080078,10780700
2022-06-01,75.38523581483784,75.68175019919872,73.00437115698176,74.12939453125,6543900
2022-06-02,74.28636321006896,74.46078262642015,72.96947465949236,74.30380249023438,7468700
2022-06-03,73.4055323759166,74.12066265340387,72.97820013360302,73.36193084716797,5276900
2022-06-06,74.30380548232203,75.24568633736466,73.90263548562044,74.0160140991211,4022400
2022-06-07,73.38810741964097,74.47824565625574,73.15263383447376,74.41719818115234,4514300
2022-06-08,73.69333179889576,74.24275897793154,72.15841556940467,72.55958557128906,6787200
2022-06-09,72.12353906763109,72.28051923113286,70.7717717215037,70.7804946899414,6951700
2022-06-10,69.36768192090446,69.51593913456804,67.10891187679393,67.5013656616211,9671600
2022-06-13,65.4257133662758,66.50713495516702,64.65825867897203,65.56525421142578,10446400
2022-06-14,65.77456783137252,66.95191559541541,64.771639493975,65.37339782714844,7400300
2022-06-15,66.10596997831428,67.32691919684697,64.82396664518073,66.2978286743164,9273300
2022-06-16,64.61466390772826,64.85013746935661,63.21928843508377,64.49256896972656,11068400
2022-06-17,64.370475637314,65.07688968614399,63.36755385780924,63.57685852050781,17285900
2022-06-21,65.4693402159657,65.62632038469405,64.67572305727143,65.08560943603516,8063800
2022-06-22,64.22221160445227,65.32979557784391,63.74254820594808,64.88501739501953,6322600
2022-06-23,64.89374048515447,64.99838947871736,62.99253947589188,64.510009765625,7958000
2022-06-24,65.93155129419537,68.50428121554776,65.42572561632846,67.86763763427734,10795400
2022-06-27,68.37344173830816,68.37344173830816,67.07399938950896,67.53621673583984,5937600
2022-06-28,70.10024145440518,70.83281775375114,68.06822899228985,68.1641616821289,10259100
2022-06-29,68.26880962807785,69.14964310581809,67.59728746329132,68.19032287597656,8534900
2022-06-30,66.777496082657,67.00424665994328,64.99838998773491,66.33271789550781,10182400
2022-07-01,66.07109125507904,67.19611456296755,65.12921034796194,66.93447875976562,6017500
2022-07-05,65.4606239202287,66.3937820589959,64.18734315682424,66.3763427734375,8706900
2022-07-06,66.07107127464583,66.42863300030568,65.1379136174766,65.80071258544922,6895900
2022-07-07,66.53330133862265,67.33564128711991,66.39376048479315,67.1437759399414,6258300
2022-07-08,67.49262740274331,67.6059993662724,66.62923991759176,66.91703796386719,5890500
2022-07-11,66.15829066844871,66.59434583675979,65.65246507632615,66.12340545654297,4918900
2022-07-12,65.5827065631649,67.37925870738133,65.46061162615773,66.22807312011719,6558400
2022-07-13,65.61759784083067,65.84434845350104,64.54490555897107,65.39085388183594,7780100
2022-07-14,64.54490400984201,65.46933906855428,62.835568121244116,65.137939453125,13296200
2022-07-15,66.22806107443265,68.69612826961679,65.983871244832,68.0682144165039,11663900
2022-07-18,69.3327855087556,70.11768629808033,68.39090456156595,68.7746353149414,11596800
2022-07-19,69.64673116626994,71.50432376531715,69.62056892107789,71.20780944824219,9952000
2022-07-20,71.05083672624977,71.74852106753386,70.58861926990137,71.34735107421875,7653400
2022-07-21,71.07701323620053,72.47238885243372,70.8328233350692,72.40261840820312,9053400
2022-07-22,72.47238159397111,72.84738937705703,71.21654699197708,71.88806915283203,6564000
2022-07-25,72.28924358281361,72.54215644294342,71.6177213811193,71.99272918701172,6208200
2022-07-26,71.33864293320836,72.01016510350371,70.31826857179497,70.45780944824219,7121600
2022-07-27,70.98108132617868,72.26308497501493,70.60607350137403,71.95784759521484,7751300
2022-07-28,71.97984150060556,73.13313668370309,71.22271447019789,73.0274887084961,6324800
2022-07-29,73.04510443985149,74.50653124225508,73.04510443985149,74.21601104736328,8597700
2022-08-01,73.65256350524811,74.4272951661931,73.08031539901252,74.03112030029297,5439200
2022-08-02,73.36204319893749,74.47131680279902,73.03630028663672,73.53811645507812,7684700
2022-08-03,74.55054649024106,75.35168845172375,74.05753605240557,74.87628936767578,7043600
2022-08-04,75.00835932984945,75.4045342860523,74.65621276891152,75.14922332763672,5722600
2022-08-05,74.82349290561996,76.33774755169284,74.57698758495994,75.8271255493164,6219300
2022-08-08,76.38173184748008,76.78670563557552,75.66861984263203,75.73905181884766,5719700
2022-08-09,76.10881773611283,76.45216526082956,75.59820264599797,76.02958679199219,4920100
2022-08-10,77.05964097118671,78.93485419894273,77.03323065250248,78.2569580078125,7271700
2022-08-11,79.21656990703718,79.97369028438705,79.0581012892746,79.41024780273438,8808100
2022-08-12,79.78001431243224,80.7748409987964,79.28699709152482,80.69561004638672,6259000
2022-08-15,79.80641171806936,81.25023371811976,79.63913744547074,81.01252746582031,7348900
2022-08-16,80.53711525030837,81.23260910686196,80.41385594756741,80.83644104003906,5953800
2022-08-17,79.57751246624595,80.84526125489738,79.5422964758097,80.42267608642578,5499000
2022-08-18,80.26423063329133,80.99494753283953,80.10576198901299,80.75724792480469,4664800
2022-08-19,79.80643112753884,80.04413072088518,78.93485699624908,79.24298858642578,6264100
2022-08-22,77.85199238847022,78.2305560022897,77.21811780563152,77.87840270996094,6452800
2022-08-23,77.87836790507363,78.57386849948391,77.43817816558072,77.73751068115234,7487700
2022-08-24,77.46460816380885,78.38900953839638,77.30613954864424,78.00164031982422,5262400
2022-08-25,78.41542290177676,79.32221295615656,78.17772332817563,79.15494537353516,4943300
2022-08-26,79.53350551710724,79.66556382649043,76.3465350356398,76.42576599121094,7911500
2022-08-29,75.83589679523128,76.09120768049112,74.8850852329042,75.14039611816406,7505300
2022-08-30,75.8359081011341,75.91514576818932,74.13677498277399,74.33045959472656,8849400
2022-08-31,74.48891549904725,75.65982193200253,74.00470405180619,75.02594757080078,9223100
2022-09-01,74.54174285079988,75.8975283086687,73.41485798108128,75.86231231689453,7830800
2022-09-02,76.90996774595673,78.38020016825564,75.46614563881376,76.06480407714844,9974400
2022-09-06,76.37294151750302,76.45217246909391,73.21238151333274,74.94672393798828,10689300
2022-09-07,74.27763643354011,76.82193318557684,74.27763643354011,76.46977996826172,7592700
2022-09-08,76.17925044412283,77.90479376126915,75.71265030182865,77.86077880859375,8446700
2022-09-09,78.54748453857077,79.07571105980351,78.17772664538431,78.75877380371094,5976200
2022-09-12,79.23416790642563,80.14976354157818,79.10210961656219,79.36622619628906,8030800
2022-09-13,77.48222585043665,78.07207868744992,76.41696712908346,76.6370620727539,7890700
2022-09-14,77.06842490023097,77.570240963908,75.82708653827245,76.7514877319336,8341100
2022-09-15,76.89236183374197,78.75876926577428,76.8131308826663,77.70231628417969,8883100
2022-09-16,76.9451854484173,77.20929532260975,75.34289469796639,76.97159576416016,20988900
2022-09-19,75.81829136638564,78.3713867587696,75.7830753773976,78.1072769165039,6011500
2022-09-20,77.56144933710623,77.86958088521949,76.03839623496178,76.76030731201172,8092300
2022-09-21,77.3853722533091,78.48584681118675,76.02078111483534,76.02958679199219,9707800
2022-09-22,76.51379453107235,76.81312037208622,74.18958619941733,74.62977600097656,8376300
2022-09-23,73.31802725619505,73.6789861912851,70.62406726948285,71.75975799560547,9990500
2022-09-26,71.24032263723555,71.89180844147727,69.55880092832052,70.21908569335938,8496000
2022-09-27,71.04663752409915,71.17869581951663,68.97774661843842,69.97257995605469,6855400
2022-09-28,70.21908464524854,72.09429093193398,70.15745833676866,71.72453308105469,6693500
2022-09-29,71.1346726002751,71.33715614185952,69.57639698558305,70.30711364746094,5892700
2022-09-30,70.22787575531163,71.45160954420913,69.42673383463087,69.55879211425781,8090900
2022-10-03,70.47438008376389,71.29313326910228,68.9513206274901,70.76490020751953,8169200
2022-10-04,72.36720788966848,74.60337311008394,72.01506138679562,73.92548370361328,7875000
2022-10-05,72.21753862506617,73.59092867284447,71.64529053290407,73.16835021972656,5956500
2022-10-06,72.5873038948601,73.23878971177147,71.42520295446255,71.58367156982422,6434800
2022-10-07,71.04664197944084,71.1258796483659,69.00416126142665,69.48837280273438,7180900
2022-10-10,69.93736094086677,70.18386616605393,68.51114350215923,69.03057098388672,5418000
2022-10-11,68.59918570090781,69.03057659682575,67.38426411365742,67.78923797607422,6271100
2022-10-12,67.780427912192,68.49354000176614,67.19938083128524,67.43708038330078,6411600
2022-10-13,66.01087372110793,70.13105103944007,65.7379514431538,69.83171844482422,11811500
2022-10-14,67.99171237029118,69.60280176547775,65.8788002073634,66.2925796508789,13658500
2022-10-17,67.6219487325263,68.8808917138788,67.19937032462155,67.9124755859375,11412400
2022-10-18,70.25429222337127,70.9497861714414,69.00414813188866,69.9373550415039,9767800
2022-10-19,69.68205933913335,70.06942186608778,68.11498444120052,68.3526840209961,7429600
2022-10-20,68.34387035533469,69.14501906725667,67.03210654708971,67.43708038330078,7638100
2022-10-21,67.44589124265467,70.01659842660456,67.10254368738293,69.74368286132812,8149000
2022-10-24,70.01659497438065,71.39879080525779,69.17143128640137,69.92855834960938,8143300
2022-10-25,69.20665631633494,71.02023654713466,69.20665631633494,70.87937927246094,8173600
2022-10-26,70.95860694425687,72.2351616196882,70.94100230452466,71.23152923583984,7733400
2022-10-27,72.19112157485675,72.61370670530471,70.95858888754323,71.03782653808594,6466400
2022-10-28,71.35339149054491,73.15789937724337,70.67781919896923,73.08678436279297,7816100
2022-10-31,72.68678999799654,74.100172524726,72.61568174343087,73.0423583984375,9087400
2022-11-01,74.00237375138381,74.64239536622976,73.77125332782242,74.420166015625,8195600
2022-11-02,74.18014624897017,77.08690962867836,74.15347981497482,74.99795532226562,10907500
2022-11-03,73.83347000252952,75.22906991559249,73.3801270549167,74.33126831054688,6447200
2022-11-04,75.6913071059225,76.22465611301539,74.66905088621915,75.42462921142578,6929700
2022-11-07,76.02021053736901,76.56245067589934,75.6557579420707,76.06465911865234,4599600
2022-11-08,76.10022917389533,76.65136047592726,75.12242126156332,75.806884765625,4850300
2022-11-09,75.45131278206976,75.86021400644644,73.94904686209723,74.18016052246094,5200800
2022-11-10,77.0602436173394,79.09586506692631,76.90912252070218,78.93585968017578,10013900
2022-11-11,79.11364343850211,81.50483325870563,79.11364343850211,80.69591522216797,9119100
2022-11-14,80.242565102004,81.21148852682879,79.81588857770953,79.83366394042969,4873400
2022-11-15,80.95371178829289,81.65595738665016,79.43366376472282,80.44702911376953,7336100
2022-11-16,80.42035747517237,80.42035747517237,79.16698069813978,79.84255981445312,4368600
2022-11-17,78.83807736439114,79.22031207397474,77.78915468101525,79.0691909790039,4967300
2022-11-18,80.24256121706426,80.3314583720643,78.74917989053344,79.29141998291016,5450700
2022-11-21,79.1669865297573,79.71811779443962,78.73141887487239,79.18476867675781,4667100
2022-11-22,79.63809824465024,80.17145405414209,79.38031819380357,79.70921325683594,3804100
2022-11-23,79.75366630374408,80.40257217607117,79.70921772316224,79.94033813476562,4961400
2022-11-25,79.69144745094621,80.9625996231172,79.53144204529177,80.81148529052734,2450100
2022-11-28,80.18035503786034,80.98038213676362,79.73589629201433,79.90479278564453,6147700
2022-11-29,79.68256495439128,81.30928562331745,79.64700744020737,80.96260833740234,5307100
2022-11-30,81.1403665243247,82.89153461414585,79.22919305619754,82.73152923583984,10520600
2022-12-01,82.72265202723824,83.10488678491987,81.81595925282454,82.66931915283203,7310400
2022-12-02,81.6559549305351,82.36709158092248,81.34483518920378,81.86929321289062,5197800
2022-12-05,81.31816104885294,81.53149931100018,79.1936423720869,79.83366394042969,8272500
2022-12-06,79.6647857064418,79.78923360907034,76.81136145576981,77.78916931152344,10424700
2022-12-07,77.17581556870383,78.2514049088306,77.07803410306484,77.584716796875,7066700
2022-12-08,77.94028802907891,78.92698701382045,77.33582384727241,78.83809661865234,6141400
2022-12-09,78.82919517616743,79.7892275942758,78.55363295282027,79.53144073486328,6488300
2022-12-12,79.12255238736218,81.18484081548115,78.47363959704984,80.9981689453125,7496200
2022-12-13,83.25599741414713,84.58937336159805,81.84261538326076,82.4115219116211,10330500
2022-12-14,82.23375508473164,82.38486942336624,79.88701356252854,80.44702911376953,7704600
2022-12-15,79.24698356543885,79.28254107347186,77.26469487948197,78.03805541992188,8795200
2022-12-16,76.91802038084623,77.22025581889255,76.29578092295888,77.21136474609375,17262000
2022-12-19,77.10468967288341,77.37136759283256,75.52241786200153,76.04688262939453,5129600
2022-12-20,76.37577522851015,76.84690032745823,75.68242079746196,75.70020294189453,5206800
2022-12-21,76.8113594106673,78.06472947716996,76.75801975245948,77.22026062011719,5422400
2022-12-22,76.96247446301128,76.96247446301128,75.35352926651787,76.77580261230469,5635200
2022-12-23,76.74022534939357,76.96245465473858,75.86908348840507,76.54466247558594,3316100
2022-12-27,76.76690046814171,76.76690046814171,75.50463949859625,75.6113052368164,7064700
2022-12-28,75.52242349451063,75.74465285040851,74.72239645689788,75.07796478271484,3714900
2022-12-29,75.52242074388407,76.08243625886563,75.16685243101736,75.77131652832031,3461700
2022-12-30,75.29130657018106,75.73576530266595,74.82907247243367,75.57575988769531,4455600
2023-01-03,76.12688302961367,76.98024289104566,75.54020109196101,76.197998046875,5108900
2023-01-04,76.0468885374868,77.64693583578591,75.71798664825057,77.02469635009766,7726800
2023-01-05,76.35800283501946,76.59800753898328,75.40686152792364,76.37577819824219,5339900
2023-01-06,76.83801978926567,78.18917121037678,76.18910712380946,77.83360290527344,5710900
2023-01-09,78.446956621094,79.03364533102327,77.70026929780354,77.90471649169922,5039700
2023-01-10,77.8247288842445,79.05143257772997,77.19359149890322,79.04254150390625,4536600
2023-01-11,79.44255487960218,79.8336739455722,78.98031400813498,79.49588775634766,6122600
2023-01-12,80.02032888662427,81.61149159834704,79.4247559491466,80.47367858886719,7895600
2023-01-13,79.14032260563799,81.76263325556882,78.4647434180952,81.47817993164062,8414600
2023-01-17,85.24719668160827,88.09173020493397,84.44716950882827,86.2961196899414,27914300
2023-01-18,86.04721698846535,87.0694666912189,85.63830896908114,85.85165405273438,14134800
2023-01-19,84.10049061789725,84.42939255550186,82.6159999252302,83.69158935546875,13457100
2023-01-20,83.67379171817576,85.5849654685141,83.4515623700411,85.54940795898438,10785000
2023-01-23,85.22051459985552,86.42055174784362,84.88272164339404,86.34054565429688,8735300
2023-01-24,85.58497618926953,86.056101381226,82.59821283365235,84.9005126953125,4801600
2023-01-25,84.34047318154698,85.2738390836432,83.94935417104176,85.01605224609375,5891000
2023-01-26,85.53162943191796,85.81608271573421,84.72271137931166,85.78052520751953,6085100
2023-01-27,85.70054523060972,86.60723815793857,85.0782988693541,86.10055541992188,7990800
2023-01-30,85.15517159116166,86.57099110885194,85.05660144520834,85.98853302001953,5870100
2023-01-31,86.28424727797203,87.25202320657688,85.80932210095399,87.21617889404297,7182100
2023-02-01,86.87566320371418,88.76640800159586,86.85774446536529,87.98681640625,9815200
2023-02-02,88.60508461704674,89.85064506363328,87.78068617579264,88.90079498291016,11118900
2023-02-03,88.03160780205323,89.77001922072738,87.87927461332075,89.09795379638672,6948600
2023-02-06,88.21979584086027,88.89186134549843,87.87928511302098,88.62303924560547,4737700
2023-02-07,88.5065390253826,89.4474334187783,87.8613619164123,88.90978240966797,5060700
2023-02-08,88.1032779099444,89.5549413826865,87.87029336421013,88.67677307128906,4705200
2023-02-09,88.9097790967682,89.42951134873711,87.57461099263031,87.86135864257812,4983800
2023-02-10,87.4491586235715,88.35420873460498,87.42227709772163,88.2108383178711,5224900
2023-02-13,88.22874808704964,89.39366422388133,87.9599260192752,89.09795379638672,4910300
2023-02-14,88.75745531267295,90.49586013376084,88.68576668343526,90.11054229736328,7679500
2023-02-15,89.16962808527319,90.46895162887566,89.16066530014021,90.35246276855469,6464200
2023-02-16,89.41157378037201,89.82377304458733,88.5423681602779,89.22339630126953,6051800
2023-02-17,88.62301826338903,89.62663147060866,88.08536735429247,89.16963195800781,8133000
2023-02-21,88.22873835303062,88.71262622556232,87.0817479158898,87.47602844238281,6556000
2023-02-22,87.25200584440199,87.8792640974191,86.57994050048273,87.16239166259766,5072400
2023-02-23,87.70900935698394,88.19289724707187,86.65162622751832,87.76277923583984,5916100
2023-02-24,87.05487038927585,87.79862438506018,86.57098249454636,87.54771423339844,5414200
2023-02-27,88.18394942782572,88.2466752617718,86.54410812188856,86.6516342163086,5645000
2023-02-28,87.02798861726501,87.18032179574044,86.25735310231543,86.472412109375,6745300
2023-03-01,85.98853041134515,86.70540293532976,85.36127208031093,86.19463348388672,5429600
2023-03-02,85.53152238272588,86.35592782063921,84.6623235223938,86.09606170654297,4632400
2023-03-03,86.51720975402496,88.21081377744002,86.42759557731793,88.11224365234375,6504000
2023-03-06,88.2108209641511,88.89184227371625,87.9061477790489,88.15705108642578,5215200
2023-03-07,87.81654395249348,88.04952853437129,85.99748806447683,86.07813262939453,5461400
2023-03-08,85.70178407741555,86.47241965965263,85.45088074117152,85.93476867675781,4121300
2023-03-09,85.45087873329699,85.97956691701653,82.23392202506435,82.6192398071289,9162400
2023-03-10,82.23392175734058,83.34507484041342,79.9578662185307,80.69265747070312,16206500
2023-03-13,79.33956089591457,80.80914334564162,77.64595664791692,78.84671020507812,15175400
2023-03-14,82.80743461278004,82.80743461278004,79.85930643517861,80.62097930908203,11089300
2023-03-15,77.89687446341617,77.97751904423087,74.98459054397128,76.51689910888672,14814000
2023-03-16,75.76419270226438,79.10659488889584,74.62615787129545,77.96856689453125,15342400
2023-03-17,77.50257633349383,77.511539119317,75.00249234381953,75.4326171875,19935800
2023-03-20,75.80898180827853,77.34129022228653,75.60288556431318,76.74091339111328,8649800
2023-03-21,79.06177987565448,79.913060015593,78.85567680317719,79.53670501708984,8905600
2023-03-22,79.52774801108532,80.71954576290953,78.37179457171486,78.45244598388672,7299300
2023-03-23,78.81088036959066,79.57256009286586,76.38248445078509,76.92013549804688,9373000
2023-03-24,75.72833787826183,75.72833787826183,73.22825354894034,75.22652435302734,10978700
2023-03-27,77.11724475102007,77.35022928441866,75.59389959121663,75.84480285644531,6626900
2023-03-28,75.77312787126671,76.31974158441982,75.20859542306378,76.05987548828125,5209900
2023-03-29,77.00078718837987,77.37714223913761,76.48105487832164,77.27857208251953,4873500
2023-03-30,78.19256516929156,78.50619429863929,76.57960559464289,77.16206359863281,4113700
2023-03-31,77.78038059299224,78.73919373321975,77.21584121698116,78.67646789550781,6142400
2023-04-03,78.81087690317413,79.1424316720944,77.66388622970378,78.10297393798828,7728400
2023-04-04,77.95958921439993,78.1388039262286,75.50431211201135,76.00611877441406,6222800
2023-04-05,75.11898628414768,75.746244544978,74.5544470127981,75.11002349853516,6045400
2023-04-06,75.18170802086995,75.62975156469324,74.56340574268117,75.44157409667969,3877800
2023-04-10,75.22653231316197,75.59393141807439,74.76056988678465,75.2713394165039,6185800
2023-04-11,75.53118886574296,76.848438107976,75.38781163605108,76.24805450439453,5582100
2023-04-12,76.62442158039434,77.0814211490907,75.97923767564293,76.58857727050781,4641800
2023-04-13,76.51688430522056,76.86635776101325,75.66560421272096,76.78571319580078,5086000
2023-04-14,77.44881896144229,78.31802466165465,77.06350118206784,77.69972229003906,7865900
2023-04-17,77.65491290925989,80.02953830212195,77.30543264364776,80.0116195678711,8876900
2023-04-18,79.86825903965753,81.13174542137509,79.51878553760875,80.51344299316406,10227600
2023-04-19,78.08502521081965,81.2750929301255,77.51153004412649,81.05107116699219,13886200
2023-04-20,80.51344034677977,82.27873337359989,80.39695146212689,81.03317260742188,6776000
2023-04-21,81.07797869669554,81.84860745445849,79.9040997313591,81.65147399902344,6531000
2023-04-24,81.75004009356145,81.97406189857476,80.24461329040791,80.82706451416016,5004400
2023-04-25,80.32526631380883,80.49552509125358,78.75711351364941,78.9094467163086,5806700
2023-04-26,78.99008811501777,80.45967057734903,78.77502910108224,79.24995422363281,6429100
2023-04-27,80.11915613985762,81.50808713386245,79.6531869888425,80.88082885742188,6375800
2023-04-28,80.84919382751892,81.6445844118343,80.58708399857396,81.31919860839844,6374500
2023-05-01,81.51804769600284,81.81631227458308,79.38496601167513,79.47534942626953,7745400
2023-05-02,79.14996628798602,79.14996628798602,77.12534877033862,77.9930419921875,6319100
2023-05-03,78.09246283519126,78.79746312000596,76.43841946185677,76.60111236572266,6546500
2023-05-04,76.07686275807764,76.32993902240453,73.76301474616207,74.66686248779297,10359200
2023-05-05,75.73342170052572,76.8451508341424,75.57976920170272,76.71861267089844,8288000
2023-05-08,77.26091739219332,77.34226038885107,76.21245057430329,76.31187438964844,5825300
2023-05-09,75.92321087448666,76.74571563561624,75.65205379161048,76.25763702392578,4381400
2023-05-10,76.89034409855533,77.02592266892695,74.83861230574847,75.67015075683594,4884900
2023-05-11,74.820530350542,74.85668509514694,73.77207034024835,74.68495178222656,6717800
2023-05-12,75.01937295803268,75.26340884795576,73.81725363997535,74.46802520751953,5208900
2023-05-15,74.72110581489537,75.36283700994079,74.34149134387903,74.97418212890625,5032100
2023-05-16,74.76629283176517,75.0826381898484,73.94378800493715,73.98898315429688,6862900
2023-05-17,74.60361419442168,75.85092194268206,74.56745944719216,75.84188842773438,8216700
2023-05-18,75.65207104372047,76.42034732180115,75.0374541587435,76.3661117553711,5367700
2023-05-19,75.73342567151198,76.30284743596675,74.3234249809689,74.33245849609375,11183600
2023-05-22,74.34149943806591,75.16400444396672,74.03419442211161,74.35957336425781,5520000
2023-05-23,74.1155304894205,75.53457146808056,74.01610666514773,74.6939926147461,5521200
2023-05-24,74.12457848722603,74.32342615612629,72.97668763341572,73.41053771972656,6827800
2023-05-25,73.40149002973024,75.13687641125632,73.19360886617699,75.01937866210938,6962700
2023-05-26,74.99226869028902,76.5016931757088,74.86573052359591,75.83284759521484,7411600
2023-05-30,76.0678391977039,76.43841323443355,75.11879618650248,75.39898681640625,5876800
2023-05-31,75.07360346507068,75.27245110401078,73.32917676320352,73.89860534667969,9559200
2023-06-01,74.6397668849427,74.87476239173988,73.63649508836073,74.17880249023438,6857500
2023-06-02,74.96516364094319,76.53785740454084,74.96516364094319,76.23958587646484,6218500
2023-06-05,76.28476005513895,76.58303150116546,75.21821931440539,75.68821716308594,6631900
2023-06-06,75.56169451100534,77.93881926154046,75.26342300381214,77.6043930053711,6903900
2023-06-07,77.77611725851409,78.64381044519651,77.53207445537102,78.18284606933594,7410800
2023-06-08,78.0924582935456,78.55342264365927,76.98976277545239,78.0111083984375,6795900
2023-06-09,78.39976889883131,78.59861655026513,77.42361835804832,77.92073059082031,6282600
2023-06-12,77.91168670578169,79.21322989652879,77.73996029286698,79.03246307373047,7053500
2023-06-13,79.39401452557742,80.42440771322052,79.16805249849531,79.79170989990234,6089200
2023-06-14,80.08093496031503,80.88535916420454,79.21324166946162,79.52055358886719,5772500
2023-06-15,79.20418642250925,80.74073194010033,78.99630527391463,80.48765563964844,8603200
2023-06-16,81.00284226641283,81.02995659706556,79.48437768755664,79.61994934082031,13153100
2023-06-20,78.7251434610123,78.8245672725213,77.95687419592493,78.3907241821289,7382000
2023-06-21,78.2370785539395,78.88785019964052,78.00208304529075,78.0382308959961,6343100
2023-06-22,77.29708219403415,77.39650603118918,76.248622041963,76.37516021728516,6214600
2023-06-23,75.25437856512714,75.85091459711208,74.65783563732992,75.54360961914062,10026600
2023-06-26,75.5255437418471,76.14016071520221,75.24535304228395,75.55265808105469,6377400
2023-06-27,75.84187654095378,76.70956965102906,75.36283138710355,76.31187438964844,6639900
2023-06-28,76.41131136203028,76.42938528801791,75.59784677632544,75.91419219970703,4781600
2023-06-29,77.13436685904138,77.78513836923436,76.49263575754868,77.04398345947266,9066500
2023-06-30,77.74897982016397,78.17378936271172,77.1885986328125,77.1885986328125,6191700
2023-07-03,78.0382178677466,79.23130361622488,77.58629395543633,78.10149383544922,5839300
2023-07-05,77.68572944779005,77.98400092975447,77.14342205064463,77.65861511230469,6734300
2023-07-06,76.6914878954638,76.75475696847309,75.03744469217709,75.31764221191406,8546800
2023-07-07,75.02843450486442,75.95939696678245,74.92901065982328,75.34477996826172,8217700
2023-07-10,75.39897907255131,76.27571250992234,75.18205753928578,75.38090515136719,6141200
2023-07-11,75.83284741365092,77.2157337290666,75.57977108087066,76.79092407226562,11053100
2023-07-12,78.34553806010572,79.2765003153106,77.36938065053052,77.52303314208984,8602300
2023-07-13,77.93881141139389,78.30938548340119,77.49592095290488,77.92073059082031,6026500
2023-07-14,79.00534273266734,79.01437624605181,77.33321871776886,77.53206634521484,7732700
2023-07-17,77.44169607367662,78.54439172501522,77.44169607367662,78.06535339355469,7911800
2023-07-18,79.12285239038651,83.66016618105985,78.7251570755739,83.09978485107422,21630800
2023-07-19,82.63880906008572,84.83515960766418,82.54842565440258,84.20246887207031,12004300
2023-07-20,84.1572799267444,85.08824217596873,83.93131794796908,84.78093719482422,9541800
2023-07-21,85.20574440667606,85.3232490551432,84.11208919934374,84.97074890136719,6298600
2023-07-24,84.97073999397169,86.22708797871532,84.6905424657644,85.56727600097656,7259800
2023-07-25,85.59439252932401,86.38074267707778,85.33228270921823,85.34131622314453,7760100
2023-07-26,85.32325405901393,86.00114007077123,84.3199822099481,84.54594421386719,7201100
2023-07-27,84.6453584216653,85.60343500267278,83.65112709664461,83.83189392089844,8427800
2023-07-28,84.3427175138803,84.47042602664425,83.09299054229943,83.53085327148438,5798400
2023-07-31,83.83188272933228,84.1055408430355,83.04738360945093,83.521728515625,5242900
2023-08-01,83.19333811568997,83.40314894553002,82.67338001345162,82.95616912841797,4468500
2023-08-02,81.66083996196095,82.22641130873482,80.99493215906897,81.47840118408203,6407400
2023-08-03,81.04052863207086,81.66083014572492,80.7395053807152,81.31419372558594,5137700
2023-08-04,81.50576823989493,82.14431789681797,80.74863407049452,80.99493408203125,6191700
2023-08-07,81.59697283104967,81.8341487725792,81.16824107465884,81.25946044921875,4663300
2023-08-08,80.13744689601674,80.74862439876992,78.68703996026585,80.70301818847656,6921200
2023-08-09,80.70302195129749,81.19561497874423,79.7908141877871,79.87290954589844,5200500
2023-08-10,80.19218468845838,81.1226335085583,79.65397851008863,79.94588470458984,4250100
2023-08-11,79.41680556977158,80.45672186217023,79.38031642412338,80.00061798095703,3922300
2023-08-14,79.32559703137898,79.72697072879484,78.92422333396311,79.66311645507812,3637500
2023-08-15,78.8238847904803,78.87861503519592,78.1944591378761,78.59583282470703,9308700
2023-08-16,78.21269816233442,79.17051917706256,78.07586559457418,78.44075012207031,5746300
2023-08-17,78.99719450547876,79.270859630762,77.72010218681234,78.25830841064453,7611200
2023-08-18,77.50116352424311,78.723525432327,77.27311160463567,77.43730926513672,6650000
2023-08-21,77.55591264623563,77.820453772559,76.31531630425495,76.853515625,5385300
2023-08-22,77.27311515361535,77.32784538976524,75.56728421115348,75.69499969482422,6002300
2023-08-23,75.71323979464404,76.37003045820467,75.60377236418644,76.06900024414062,5878600
2023-08-24,75.86832401047289,77.30961406090788,75.80446974036974,76.1146240234375,5023000
2023-08-25,76.34267157175596,76.76228631670463,75.47607000231567,75.91393280029297,5461400
2023-08-28,76.44300128607749,77.41906316040739,76.41562921143961,76.97207641601562,6439700
2023-08-29,76.9994590334882,78.07585749050449,76.91735671751665,78.03937530517578,6212300
2023-08-30,78.10324434481619,78.4498808477594,77.56503805489497,77.77484893798828,5051800
2023-08-31,78.14882150166065,78.14882150166065,77.31871622504316,77.67447662353516,5581200
2023-09-01,78.4498842645317,78.86037506114789,77.80221745052236,78.22183227539062,4981800
2023-09-05,78.30389303919256,78.69614256551787,77.36432037277388,77.39168548583984,4919400
2023-09-06,76.88086091735632,77.30959963357876,76.03250751025017,76.77140045166016,5384000
2023-09-07,76.61633238096998,77.41907971176283,76.42476957510168,76.47949981689453,5504200
2023-09-08,76.76227147913889,77.4920333885862,76.31529170063814,77.46466827392578,6127600
2023-09-11,77.88430633820285,78.1488474587214,76.03252545416673,76.17848205566406,7780900
2023-09-12,76.02339006592223,78.93333499717743,75.92305361687912,78.03937530517578,8942600
2023-09-13,78.58671397282102,80.09185843796665,78.58671397282102,79.59014129638672,10617400
2023-09-14,80.34726715121938,81.28684010041542,80.20131055815148,81.25035095214844,8109600
2023-09-15,80.4475981075246,80.94019109343478,80.21954618587685,80.64828491210938,17629500
2023-09-18,80.79424276156752,81.23210555800068,79.8637938885875,80.92195129394531,5501900
2023-09-19,80.98581026449435,81.6152358960567,80.21955902571707,80.73951721191406,5769000
2023-09-20,81.03140981629622,81.32331599526611,79.41679832668758,79.48977661132812,5268200
2023-09-21,78.7600068720705,78.91508746523081,77.38257830154143,77.42818450927734,6933900
2023-09-22,77.74747624598508,77.74747624598508,75.72237375420356,75.97779083251953,7420600
2023-09-25,75.3757237241536,75.96866015236945,75.07470045655474,75.74060821533203,4748800
2023-09-26,74.87402035855906,75.50343902875113,74.54562498298344,74.95611572265625,5557000
2023-09-27,75.17504560034808,75.35748437035082,73.97092466379529,74.48176574707031,5708200
2023-09-28,74.32669093412946,75.30275295352364,74.2993188554235,74.97435760498047,5665400
2023-09-29,75.7223696720586,75.79534100507689,73.91619520769,74.50000762939453,6830500
2023-10-02,73.98005035626677,74.31756974392533,72.885403792412,73.35063171386719,6722200
2023-10-03,72.59348939799712,72.83065838569833,70.99712594582991,71.17044067382812,7526800
2023-10-04,71.24343107756661,72.32896063675801,70.79645118361454,72.14651489257812,6848700
2023-10-05,71.59006305345481,72.55700098426888,71.17044138879983,72.20124053955078,5589300
2023-10-06,71.80899391760937,73.69726364817427,71.51708772117976,73.27764892578125,6306400
2023-10-09,72.61173448954906,73.04959726562797,72.0005569759244,72.89452362060547,5125000
2023-10-10,73.20467465387084,73.9891739047483,72.99486380136464,73.09520721435547,6245400
2023-10-11,72.89452205104145,73.16818019055472,71.79986861421064,71.97319030761719,8928700
2023-10-12,71.94583450365107,71.94583450365107,70.50454445301199,70.97888946533203,11654600
2023-10-13,71.33464150288027,72.27422130821327,70.55014230050446,70.96063995361328,6442800
2023-10-16,71.8728454692682,72.22860591525884,71.03361605614117,71.818115234375,7901500
2023-10-17,71.14307920972071,73.55130707016312,71.13396214328954,73.27764892578125,12324800
2023-10-18,69.72003900102658,70.30385140752608,66.95605061659457,68.30611419677734,34732300
2023-10-19,68.29699779201088,69.74740479607873,66.49082335717902,66.5181884765625,17486100
2023-10-20,66.70064550496511,67.50338596777668,65.99824151036015,66.70976257324219,11270600
2023-10-23,66.34487620358018,66.4725847385189,64.98568157380019,65.4052963256836,12847100
2023-10-24,65.45090194990955,65.77017325042965,64.839724466115,65.27758026123047,9265500
2023-10-25,64.99481262624164,65.58774915089104,64.88534517320677,65.13164520263672,8461700
2023-10-26,65.19548227934688,66.30837673305638,65.1316280218189,65.74280548095703,10903200
2023-10-27,65.596864710716,65.68808409667268,64.02786621772637,64.21942901611328,11099100
2023-10-30,64.68111181347736,65.45672772621145,64.09939283427727,65.17971801757812,9769600
2023-10-31,65.34591921303694,65.57675827730387,64.88424108450309,65.39208984375,8949000
2023-11-01,65.71525495696594,66.3985435744167,65.28127644293996,65.51211547851562,9429000
2023-11-02,66.18618448877295,67.89439235415833,66.1584849249821,67.82975769042969,11638000
2023-11-03,68.87314312644959,70.80296145921382,68.82697953817838,70.41515350341797,14951100
2023-11-06,70.8029566320411,70.87682682181817,69.58412667931563,70.10120391845703,8140300
2023-11-07,70.0458143095561,70.33205252799755,69.1870926095818,69.72264099121094,7657700
2023-11-08,69.66722780837931,70.35051652086365,69.3071194263683,70.14737701416016,8075200
2023-11-09,69.8795982181577,70.23970657629806,68.2914244106418,68.50379943847656,9497200
2023-11-10,68.93778001407432,69.61182612186794,68.37453214611033,69.55642700195312,8924000
2023-11-13,69.02088396762672,69.73186522457051,68.8362155240347,69.28865814208984,4868400
2023-11-14,70.80296095070202,72.90821217521601,70.79372541525429,72.30802917480469,12287700
2023-11-15,72.54810253158197,73.90543738833833,72.4834678738626,73.57302856445312,9841600
2023-11-16,73.85003150060639,74.12703413203533,72.9820744239019,73.55455780029297,6757600
2023-11-17,74.17320767771879,74.2747774266333,73.81309931143971,74.12703704833984,6080700
2023-11-20,73.89620861918293,74.05317751020972,73.25909047429184,73.59149932861328,7644600
2023-11-21,73.00978478941326,73.25908789906578,72.22493331721864,72.45577239990234,7394800
2023-11-22,72.75123758978268,72.82510777827166,72.2156892902109,72.47422790527344,4265400
2023-11-24,72.26186275317555,72.86204573005118,72.06795878427404,72.6219711303711,2398000
2023-11-27,72.27109783230496,72.34496803042549,71.64321523758008,71.97562408447266,5237800
2023-11-28,71.43083921645976,71.5139378965427,70.47978341738238,70.98762512207031,9197900
2023-11-29,71.54164171286926,73.43451770235657,71.41236536336376,72.52963256835938,7420700
2023-11-30,72.73275864225702,73.38834768827522,72.21568146813938,73.25907135009766,8480500
2023-12-01,73.01902712775336,74.77340572851918,72.70508228283823,74.69029998779297,9617100
2023-12-04,74.00700060578119,75.23506603862803,73.92389488482564,74.98575592041016,6713800
2023-12-05,74.49638056652407,74.64411389940922,73.48991861735763,74.02546691894531,6103200
2023-12-06,74.58871638716282,75.49360860743259,73.2498526489969,73.32372283935547,7321800
2023-12-07,73.64689647273842,74.3948127809531,73.51762716130995,74.1916732788086,5430400
2023-12-08,74.12704229141832,76.32463478375305,74.00700850905152,75.9737548828125,10343400
2023-12-11,76.05685123961533,76.490822727606,75.67827182360281,76.47235870361328,6378100
2023-12-12,76.58316971429888,77.24798734218072,76.24152536534595,77.19258117675781,7395300
2023-12-13,77.07254786242133,79.51020781617457,76.91557898952149,79.0669937133789,10144600
2023-12-14,80.54437724333985,84.94878391860415,80.52590617139711,84.06236267089844,19849500
2023-12-15,84.0254105985434,84.80102639186794,83.34212901233153,84.56095886230469,16905700
2023-12-18,84.63483980800696,84.6440682986378,83.66531289841797,83.80381774902344,9145500
2023-12-19,83.95155215768793,85.28118746896763,83.74841264683694,84.87490844726562,8114900
2023-12-20,84.45015968500644,85.23501106910977,83.96078201178844,84.1546859741211,10467000
2023-12-21,85.07805205874317,85.55820129746967,84.61637389170217,85.5304946899414,7748000
2023-12-22,85.77980469093171,86.48155747607436,85.16115763892493,85.32736206054688,5800800
2023-12-26,85.51202013686488,85.89059252402053,85.29041661646527,85.7243881225586,2726200
2023-12-27,85.58589540985932,86.5092516851379,85.3181212446706,86.48155212402344,4073200
2023-12-28,86.1583720972259,86.74931955192604,86.09373743951335,86.46308135986328,4089500
2023-12-29,86.32456982578712,86.58310843662086,85.92752637496423,86.10296630859375,4772100
2024-01-02,85.55820323922785,86.9340022357321,85.19808777968521,86.70316314697266,6132200
2024-01-03,86.05679251448865,86.05679251448865,84.27471481863155,84.86566925048828,7487900
2024-01-04,85.0872802734375,86.00140099302322,84.63483768116869,85.0872802734375,8735600
2024-01-05,85.1426638410266,86.7308374360217,85.004159019203,86.09371948242188,6027800
2024-01-08,86.06604599754053,86.63852948032194,85.20732429569343,86.34305572509766,6738400
2024-01-09,85.64129133928613,85.72439001953151,84.6348364181859,85.0041732788086,7594100
2024-01-10,84.51479914627332,84.92107816359294,84.29319561166686,84.46863555908203,6929200
2024-01-11,83.97924711346235,83.97924711346235,82.67731847977865,83.5729751586914,9400700
2024-01-12,84.28395487650943,84.85643827062714,82.57574727353345,82.8250503540039,8303100
2024-01-16,80.09193225691754,81.40310370038111,78.30062562919034,79.38095092773438,20369000
2024-01-17,78.34676261077145,78.61453672148822,77.46957714555793,77.94049072265625,17198500
2024-01-18,78.32832623842441,78.46683110936269,76.89712097981278,77.4696044921875,15016400
2024-01-19,77.47883208068706,79.0300639331821,76.82324289514258,78.79922485351562,14787400
2024-01-22,78.91002975498273,80.11962427212531,78.89156572834717,79.15933990478516,11626500
2024-01-23,79.10392050687373,80.19348105705183,78.66071349524277,80.09191131591797,8555700
2024-01-24,80.62746782125485,81.53236004986269,80.516662534696,80.85830688476562,12480900
2024-01-25,81.38463190233732,81.64317056519164,80.63671547841587,81.2738265991211,8792400
2024-01-26,81.14455555954986,81.71703904714057,80.93218753866867,81.00605773925781,6384400
2024-01-29,80.70132525076936,81.20916688339715,79.15008670749269,80.90446472167969,7440300
2024-01-30,81.10026994983275,82.11658397415512,80.9044594125991,81.69700622558594,6569300
2024-01-31,81.7809269451241,82.75062526667682,81.33337825127406,81.34269714355469,8414700
2024-02-01,81.29609434880437,82.20984389458494,79.85086908434451,80.95110321044922,8365000
2024-02-02,80.6247496570887,81.74362848414407,80.18651986383361,81.37066650390625,7728600
2024-02-05,80.72732077586126,80.72732077586126,79.33803746723807,80.0839614868164,7788700
2024-02-06,79.83221356214969,80.69934718272904,79.83221356214969,80.2797622680664,7335500
2024-02-07,80.42894215004716,80.55015176418915,79.50585969507378,80.18651580810547,4952200
2024-02-08,79.88815462046968,80.40097825123598,79.4033090080111,79.86018371582031,6218200
2024-02-09,79.89748403875114,80.21449712319382,79.5524929348059,80.0839614868164,5664500
2024-02-12,80.05599132810194,81.71566481781122,79.85086186512058,80.99771881103516,7888000
2024-02-13,80.05597722970566,80.05597722970566,77.47322161142088,78.29373931884766,11339400
2024-02-14,78.82522158837153,79.21682850078338,78.03268175696887,78.32172393798828,5973700
2024-02-15,78.74129905681802,80.40097960169386,78.70400925909809,79.87882995605469,7993500
2024-02-16,79.7389611280853,80.92311483820446,79.31938336180681,80.65271759033203,9673900
2024-02-20,80.13058013038774,80.64339664203581,79.34735924025246,79.58045959472656,6626400
2024-02-21,79.26345135665011,79.7016811879477,78.815895518781,79.68302917480469,6444000
2024-02-22,80.13989245897999,80.87649037242706,79.81355341217628,80.0466537475586,6782100
2024-02-23,80.25179262310529,81.35202662010694,80.14922789437693,80.69934844970703,5810100
2024-02-26,80.652724861425,81.43593865939607,79.77626522817869,79.87882995605469,5608100
2024-02-27,80.15856203657816,80.6061107949463,79.36602214532103,79.71100616455078,8066700
2024-02-28,79.65505521441176,80.27043646501922,79.51519357583693,80.23314666748047,5624100
2024-02-29,80.64340136452388,80.78326300813032,79.58046425496892,80.22382354736328,7657100
2024-03-01,80.39166022177416,80.92312880382077,79.35669396510566,80.63408660888672,5523700
2024-03-04,81.939432116545,85.07230137608227,81.6317450622565,83.95342254638672,19876000
2024-03-05,83.16088361398764,84.97906350883554,82.62941509751994,83.10493469238281,13883600
2024-03-06,80.90446583885901,82.00469976848157,78.72264999114508,79.8695068359375,25614600
2024-03-07,80.26112056587674,81.23081895219401,79.85086164106515,80.31706237792969,9145700
2024-03-08,80.76461259797088,82.34969214760102,80.57812804800027,81.15621948242188,9689300
2024-03-11,80.95108992202825,81.35202281183635,80.03733341258484,81.06298065185547,4737200
2024-03-12,81.34270931873267,81.82756210890973,80.74597289517575,81.16555786132812,5110900
2024-03-13,81.53850208606295,84.1399029255105,81.35202464580524,83.31006622314453,10345800
2024-03-14,82.9837342333336,83.35669625936129,82.29375910906074,83.07697296142578,9235300
2024-03-15,82.4988778486659,83.31006250258423,82.2098285814193,82.40563201904297,20363000
2024-03-18,82.38699245822048,82.70400553576832,81.77160408840382,82.01403045654297,5960000
2024-03-19,82.05131764530063,83.06763168794242,81.92078202723026,82.44292449951172,8546400
2024-03-20,82.09793804396546,85.29607481608545,81.96740242989179,85.17485809326172,10811700
2024-03-21,85.7436357290621,87.98140061197739,85.7436357290621,87.08629608154297,13659900
2024-03-22,87.19818401626458,87.51520422124541,85.5385105060286,85.73431396484375,5909300
2024-03-25,85.56647527572312,86.29375435958087,84.83920330552367,84.97906494140625,3670400
2024-03-26,85.24014715785769,85.6970290347122,84.79259840189556,85.10961151123047,4211900
2024-03-27,85.80889614340028,87.21682419080628,85.6970125327838,87.17952728271484,6394500
2024-03-28,87.41263387496414,88.32639040441344,87.13291060110092,87.794921875,6707700
2024-04-01,87.79492940461566,88.05600068866065,86.87184678989506,87.20751190185547,3416000
2024-04-02,86.62009066961383,87.4312753272579,86.28442559967213,86.44293212890625,5245400
2024-04-03,86.66669496225934,87.92544236421706,86.48021755423598,86.71331787109375,4821100
2024-04-04,87.83221658082057,88.33571423371858,85.6504005319213,86.04200744628906,5466100
2024-04-05,86.0140249218084,86.98372318377992,85.41728862423481,86.21915435791016,4654800
2024-04-08,86.71333047016175,87.08629245405537,85.96740650237452,86.90913391113281,4601900
2024-04-09,87.2820994691721,87.77627109476244,86.55482748331022,87.72032928466797,4951600
2024-04-10,86.03267415975981,86.61076558942777,85.01636004699537,85.45458984375,5994200
2024-04-11,85.51985757834692,85.59445139765292,79.26344503563303,80.96973419189453,24631800
2024-04-12,80.0000420059696,80.94176228684107,79.36600877702766,80.36367797851562,12789800
2024-04-15,81.86485392843151,83.10494250770395,79.71100164237748,81.10960388183594,9553900
2024-04-16,84.57812768342934,84.94176364977334,82.05132081647018,83.1142578125,18291600
2024-04-17,84.0373460932586,85.25879691675522,83.60844224945043,83.99073028564453,9544600
2024-04-18,84.53152373071379,84.95110156186912,83.67370894102322,84.15856170654297,6752000
2024-04-19,84.25178615029492,85.4266138374745,84.25178615029492,84.53150939941406,8143000
2024-04-22,84.95109584746741,86.39632092629135,84.57813384838461,85.8648452758789,7294400
2024-04-23,85.9301180776156,87.69235618813647,85.9301180776156,87.42195892333984,6393900
2024-04-24,86.8158995528183,87.71100409091352,86.74130572956238,87.50587463378906,5100900
2024-04-25,86.71332895483886,87.31939127886773,85.45458850564539,86.30307006835938,6770600
2024-04-26,86.2471382579733,87.00238119229391,86.153899531237,86.5548324584961,4606100
2024-04-29,85.94316176838588,87.33586416276117,85.94316176838588,86.67715454101562,4416100
2024-04-30,86.19723891357445,86.41367619129046,85.2091744180802,85.48206329345703,5860000
2024-05-01,85.89611853660934,87.02534440014578,85.3785629644611,86.14078521728516,4713600
2024-05-02,87.08179781983259,87.4393820392713,86.19723869142487,87.18531036376953,4449200
2024-05-03,87.83460460881606,88.85090563227108,87.77814583397854,88.11691284179688,5043500
2024-05-06,88.98265177084544,89.31201378470868,88.17337578935856,89.19908905029297,5105100
2024-05-07,89.321425597345,90.27185577438628,89.12381268161518,90.1401138305664,7418000
2024-05-08,89.80134948067295,90.38478323469937,89.49081181259126,89.99896240234375,4662600
2024-05-09,89.95190342348599,92.46442683507244,89.95190342348599,92.32327270507812,6766700
2024-05-10,92.9160979283178,93.15135238430967,91.8715675693622,92.48323059082031,6118400
2024-05-13,92.92550740970903,93.13253247365427,92.61496981379115,92.74671173095703,5379000
2024-05-14,93.16077970602494,94.27118120585851,92.94434241241952,93.51836395263672,6216600
2024-05-15,94.13943327918433,95.02399241858052,94.09237951157506,94.59111785888672,6938500
2024-05-16,94.24294578221314,94.48761245075728,93.58422893296306,93.7065658569336,4339300
2024-05-17,94.00768195685224,94.3840905219446,93.44307269891183,94.30880737304688,4690800
2024-05-20,94.14885436388245,94.93930604274293,93.518366843575,94.41233825683594,5690200
2024-05-21,94.39349157908923,97.16008616038485,94.24293246699341,95.54153442382812,8337100
2024-05-22,95.30629967861694,96.4731599612952,94.26176914851548,94.79814910888672,5194300
2024-05-23,94.45937261488669,94.62875612118891,92.67144437873685,93.08548736572266,5594500
2024-05-24,93.58422238971605,94.0170969189502,92.98197153955952,93.13253784179688,3550500
2024-05-28,92.62439269832903,93.59363999200579,92.59616330987583,92.85023498535156,5541600
2024-05-29,91.62689865390281,91.93742904744285,90.77998126380385,91.53279113769531,4679600
2024-05-30,91.92803795162295,92.04095550112797,90.8929125518498,91.49517059326172,4548800
2024-05-31,91.58926941344146,92.18210807662349,90.7141225224224,92.06918334960938,7155500
2024-06-03,92.37032184585037,92.37032184585037,90.83645805185566,91.66455841064453,5671200
2024-06-04,90.57297676091841,91.7963029551624,90.02718463244666,90.88351440429688,5409600
2024-06-05,91.12816232627719,91.85275006880369,90.8082197132939,90.95878601074219,4499700
2024-06-06,90.7894164486392,91.70219784426192,90.5823913475752,91.13758850097656,4741200
2024-06-07,90.45064160174965,91.91862720349772,90.2718459063687,91.41047668457031,4018400
2024-06-10,90.92114918309488,91.11876207426536,89.78251842193359,90.7047119140625,4566000
2024-06-11,90.77058548098478,90.77058548098478,89.14262853967479,89.80133819580078,5330000
2024-06-12,91.57985995571885,92.11623986108768,89.96130805056471,90.00836181640625,5435700
2024-06-13,89.86721063131017,89.91426439868742,89.02970526365286,89.59431457519531,3955900
2024-06-14,88.8226648524918,89.88601232546135,88.44625631659426,89.86719512939453,3406600
2024-06-17,89.40611058899925,91.4575298499854,89.09557296623883,91.31637573242188,4874100
2024-06-18,91.29754657542087,91.92803397694878,91.09993369293466,91.81510925292969,4558400
2024-06-20,91.88098788008203,92.24798428952002,91.38224953799437,91.69278717041016,3956800
2024-06-21,91.5798582389737,91.61749981506198,90.2342024062533,90.48828125,10785300
2024-06-24,91.02466123673089,91.89980813832162,90.50709853924305,91.37283325195312,8418200
2024-06-25,91.08111751855478,92.53969086169072,90.97760498189008,92.03154754638672,7439700
2024-06-26,91.63631339975886,91.91862161958989,90.41299453241568,91.17521667480469,6514200
2024-06-27,90.41298961855054,90.6576490710844,89.55665999649443,90.12126922607422,5437800
2024-06-28,91.03406482040602,91.57985689659088,90.48827992361758,91.45752716064453,9058800
2024-07-01,91.76805683598754,93.51835059728094,91.69278086493344,93.31133270263672,7420600
2024-07-02,93.13254557049841,93.91359217452863,92.80319073126789,93.7724380493164,5570900
2024-07-03,94.03590638744801,94.66638657260057,93.63126845769119,94.28997802734375,3112000
2024-07-05,94.19589405849526,94.2053062480965,93.07608759544726,93.71597290039062,3633200
2024-07-08,93.94182159424982,95.29688253029569,93.94182159424982,94.65699005126953,3884400
2024-07-09,94.66639810408178,96.83074211840419,94.08297160829154,96.55784606933594,7113600
2024-07-10,96.46374009280468,97.40475792601679,96.04027776022144,97.35770416259766,5619000
2024-07-11,98.10112033765904,99.07977985771106,97.80940707339059,98.4681167602539,7761000
2024-07-12,98.80688366525244,99.5785180886052,97.83763633609684,97.95055389404297,7060600
2024-07-15,97.80940087339346,100.24663373969219,97.15068404888811,99.05154418945312,10093900
2024-07-16,97.98820181207988,102.67447461372471,96.7460583385375,99.9549331665039,16716400
2024-07-17,98.89156204774144,101.35703139028297,98.36459435108077,100.6512680053711,11412000
2024-07-18,100.2466264324502,101.28174459048131,98.17639011638798,98.6280746459961,9130700
2024-07-19,98.53398139409487,98.54339358312983,95.72975213099521,96.06851196289062,12555900
2024-07-22,96.4260946805797,97.14127021559077,95.93676140632095,96.39786529541016,8931200
2024-07-23,96.4072759797367,98.0258278324379,96.15320431885752,97.39534759521484,7400600
2024-07-24,96.79309458896195,97.86585434104089,95.74856422308568,95.9555892944336,7967400
2024-07-25,96.05909521305074,98.0446432723543,95.84265796807917,97.45179748535156,5582300
2024-07-26,98.67513510036709,99.64438236442155,97.90350072884247,98.0446548461914,6599600
2024-07-29,98.30814772255984,98.40224808296051,96.29436985651674,96.4355239868164,5183400
2024-07-30,97.4518143844814,97.97878930646614,96.7178215489065,97.64002227783203,6225500
2024-07-31,97.87264838596346,99.05000454394035,97.08457624852149,97.99607849121094,5444600
2024-08-01,98.50879153497102,98.73666526538943,96.07811909324045,96.61932373046875,5678100
2024-08-02,93.99875199500511,94.01773845452361,90.23880278448196,91.00788116455078,11120700
2024-08-05,87.96953999513646,88.65316843699351,86.34592606771362,87.41883850097656,9659500
2024-08-06,87.54226342235518,89.09941378388609,86.89661518142955,88.27336883544922,6068300
2024-08-07,89.83051560547415,90.51414397958978,87.3618632220369,87.4568099975586,7215700
2024-08-08,88.76710845472346,90.23880908735187,88.09297681311217,89.84951782226562,6592300
2024-08-09,89.5266893512434,90.31476142005552,89.27032506670199,89.93496704101562,3542600
2024-08-12,90.10586301855814,90.40969703546223,88.8145666357222,90.04888916015625,4196300
2024-08-13,90.93191669288423,91.90988954692259,90.15334149656418,91.82443237304688,5941500
2024-08-14,92.8213886630626,95.50841797941281,92.58401809576833,94.41651916503906,10161700
2024-08-15,95.70782886430756,96.09711288163015,95.09066385521115,95.555908203125,5885100
2024-08-16,95.54640510267066,96.37245734488653,95.38499484370129,96.31549072265625,4159700
2024-08-19,96.39145623971777,96.88519117599456,96.18257618326744,96.6098403930664,4070500
2024-08-20,96.13508536624879,96.49588604176758,95.51792040646053,95.68882751464844,3396900
2024-08-21,95.99266228502402,96.11609962428787,94.9102530064159,95.60337829589844,3576000
2024-08-22,95.66985078178429,95.87873807346995,94.8532953200909,95.47994995117188,2777300
2024-08-23,95.8407467774573,97.3978971877688,95.72680629232164,96.74275207519531,3814800
2024-08-26,97.834669368251,97.84416622075865,96.82822032171818,97.16053771972656,2679000
2024-08-27,97.28397272679992,97.65427030951557,96.88519182910251,96.92317199707031,2537200
2024-08-28,96.74275690322362,97.51183529533913,96.29649903580706,97.03709411621094,2836800
2024-08-29,97.72072708428001,97.72072708428001,96.16357652437476,97.4168930053711,3325600
2024-08-30,97.71122740620571,98.56575568483952,96.94214181387014,98.37586212158203,4951400
2024-09-03,97.6542603179151,98.04355156677207,93.48603329261198,94.25511169433594,6634000
2024-09-04,94.70136125114887,96.2015450027523,94.64439463201646,95.09065246582031,4212500
2024-09-05,95.89772112830441,96.18256874211738,94.11269684780683,94.53046417236328,4462400
2024-09-06,94.66340137802999,95.70783791246077,91.28324603089476,91.71051025390625,9246800
2024-09-09,92.8213958513943,94.01773838754342,92.66947519945292,93.22017669677734,5281500
2024-09-10,93.42906827248216,93.45755158503862,90.09638306783621,91.7389907836914,7798600
2024-09-11,90.66606929422113,92.2327166502545,89.33679253019355,92.1282730102539,6764100
2024-09-12,92.45109032550037,92.7549243591434,90.84646298696155,91.75796508789062,4751200
2024-09-13,91.97635338106726,93.75188065310893,91.95735967836436,93.28663635253906,5354800
2024-09-16,94.14118286237287,95.1286454428968,93.7708853001734,95.03369140625,4467200
2024-09-17,95.59388702625789,95.72681398093837,94.41653089452682,94.79631805419922,4748600
2024-09-18,95.06217508746113,95.9072137958663,94.22662598685348,94.28359985351562,5195900
2024-09-19,96.10660939755495,96.30599983167727,94.49248497603132,95.64136505126953,9091900
2024-09-20,95.77428672835637,97.3504236538662,95.12863844412966,97.29345703125,14513400
2024-09-23,96.55286196133783,97.3504236538662,96.1920540341675,97.29345703125,3962400
2024-09-24,97.57830781065529,97.68275145925756,96.79973249451413,97.39791107177734,4749700
2024-09-25,97.55931230108332,97.61627892450085,96.58134663121318,97.1700210571289,3825100
2024-09-26,97.86315003024885,99.49626090647149,97.7682032396727,99.31585693359375,5183000
2024-09-27,99.62917637964266,99.82856679006524,98.76514402383656,98.85060119628906,3113300
2024-09-30,98.49929600004023,99.12595782203672,97.91062158492575,98.97403717041016,3378600
2024-10-01,98.91706950624021,99.87604868860058,97.85364668798043,99.14494323730469,5437400
2024-10-02,99.53422785171236,100.0754324544889,98.6607059040686,99.23988342285156,3293600
2024-10-03,98.34737572166921,99.41079123286154,97.94859490497208,99.28736114501953,4587200
2024-10-04,102.17379584695951,102.62005370867838,101.23381035260032,102.4301528930664,5608900
2024-10-07,102.24976278456823,103.41762208919896,101.85097466798555,102.20228576660156,4439900
2024-10-08,102.21178088923381,102.74348871037797,101.96491343914155,102.05986022949219,3679400
2024-10-09,101.80348260342356,103.8448707814241,101.80348260342356,103.53153991699219,4445800
2024-10-10,102.9618550749953,103.52204611214965,102.21176324594364,102.62004089355469,4065500
2024-10-11,103.49357838567508,105.84829785189108,103.49357838567508,104.87982177734375,5826200
2024-10-14,105.440027922793,106.75980793566602,104.96528670250844,106.6078872680664,7179300
2024-10-15,109.5987484374791,110.19691971280712,106.3705069843329,106.55091094970703,8925200
2024-10-16,110.97549770162813,115.31463187810995,110.61469700592075,113.47264099121094,21458500
2024-10-17,113.71949737476294,114.27969572567996,112.73204210978027,113.40617370605469,9357200
2024-10-18,113.4916215053205,115.0013021736879,113.09284066611978,114.94432830810547,6852900
2024-10-21,114.28920106987749,114.5930351533664,111.92498463737925,112.30477905273438,7469100
2024-10-22,111.70660670416613,112.61810894619508,111.32681229232678,112.34275817871094,4429600
2024-10-23,111.93448148985652,112.74154009500117,111.27933630446834,112.30477905273438,5661600
2024-10-24,112.4187125631784,113.31122105321695,111.98195154805836,113.14981079101562,5611800
2024-10-25,113.93788192258397,113.93788192258397,110.45328343900572,110.97549438476562,7271700
2024-10-28,112.15286725565761,113.63405752859957,111.57368239375573,113.1118392944336,5994000
2024-10-29,112.883963129378,114.0233391236261,112.81749965044646,113.27325439453125,4622200
2024-10-30,112.61809676863797,113.29222833586948,111.83952156834489,111.96295166015625,5673000
2024-10-31,112.09215559633299,112.83861339347617,110.72366058677734,111.25000762939453,5374600
2024-11-01,111.65193749943722,112.94387156665678,111.29785613878188,111.8241958618164,4372100
2024-11-04,111.97732056704035,112.39839089618289,110.95334230324656,111.14473724365234,4366300
2024-11-05,111.0968819344149,112.82903749487623,111.0968819344149,112.74290466308594,4798400
2024-11-06,123.93966925361366,127.77720539086592,122.16924794913649,125.83451843261719,22798700
2024-11-07,125.11678880306846,125.89194781493552,122.5711937103336,122.91571044921875,7780000
2024-11-08,123.43248471370741,124.90625651923293,122.26496381668301,123.95883178710938,6979300
2024-11-11,124.93496961103983,128.227015497156,124.93496961103983,127.77722930908203,6861300
2024-11-12,127.46140266332584,128.06431057365006,126.04506263847415,126.61924743652344,5683300
2024-11-13,127.71980044293181,128.85860546202164,126.77237576390111,127.04989624023438,6134800
2024-11-14,127.3752730916236,129.1074212715549,126.3034352181188,126.73407745361328,7344200
2024-11-15,127.6336509147224,128.61934866873264,126.83934808918558,128.29397583007812,7281900
2024-11-18,128.89687992710302,129.6816034914585,127.6814995332574,128.02601623535156,6434100
2024-11-19,127.52836447933036,128.32266719876972,126.25556720137295,126.55224609375,7244800
2024-11-20,127.43269242321247,127.90160781154431,125.41344451545477,126.02591705322266,5125600
2024-11-21,127.47098651568,129.7390613475099,127.41356948746903,129.1840057373047,5547400
2024-11-22,128.88731712331895,129.83474182550495,128.19829823377276,128.8968963623047,6334100
2024-11-25,129.61461817818656,130.38021245037976,127.83461770139826,127.91117858886719,8012300
2024-11-26,125.12634939686636,126.12161183121474,123.00183200946162,125.63355255126953,8817300
2024-11-27,125.83451464458294,126.73407222276641,124.954086336523,125.56655883789062,5507800
2024-11-29,126.59054479407602,127.0211870631971,125.76753340314546,125.9493637084961,4068200
2024-12-02,126.60969052814555,127.27958013467048,125.20291505319408,125.3943099975586,5512100
2024-12-03,127.46140186118258,127.46140186118258,124.418168421433,124.82968139648438,4791300
2024-12-04,124.59045043756169,125.55700446003961,124.06410335502453,124.39905548095703,6203700
2024-12-05,124.35119077611127,126.18860846204647,123.85355225622328,124.71485137939453,4991900
2024-12-06,124.90624246041887,124.95409484397828,123.623865752514,124.37033081054688,5013200
2024-12-09,124.90624414535783,125.145491463885,122.81043529866034,123.0496826171875,7753900
2024-12-10,122.14053740077915,123.07839009408265,121.08785066834572,121.336669921875,6551300
2024-12-11,122.25538620081137,122.44678114520536,120.84861072564327,122.10226440429688,8835400
2024-12-12,122.38935679734358,123.28892904490554,121.88215365393053,122.40850067138672,3610500
2024-12-13,122.49463280485105,123.26979181666954,121.26011570746478,121.92044067382812,6091500
2024-12-16,122.24581431565502,123.74828726366461,121.9108695121973,123.48033142089844,5659700
2024-12-17,122.59033549666644,123.16452031669307,121.70989978937833,122.24581146240234,7141400
2024-12-18,122.64775073867607,122.86785418636745,115.11624240850846,115.833984375,7858800
2024-12-19,119.41312025453223,119.56624204273186,115.12581240242498,115.31720733642578,8632400
2024-12-20,115.98710641915468,119.18345464810173,115.34592530629305,118.13076782226562,14884000
2024-12-23,117.8053788600193,119.3078517369606,117.5087145197391,119.0973129272461,5074100
2024-12-24,119.69065552845882,121.74818405366503,119.23129743629102,121.59506225585938,2902800
2024-12-26,121.08785437481785,122.6573162351228,121.04957392685323,122.5233383178711,3013500
2024-12-27,121.58548827150244,122.36064723486135,120.40838827043095,121.3079605102539,3088100
2024-12-30,119.19302350487912,120.7337769042408,118.6858130289176,120.3414077758789,2637900
2024-12-31,120.89646243300294,121.37495709254819,119.81505982963127,120.31269836425781,2970000
2025-01-02,121.06872652672128,121.80560512471162,118.86764806824463,119.41313171386719,5014300
2025-01-03,120.2457113525587,120.58065615941835,118.74323838928893,120.52323913574219,3988400
2025-01-06,122.14054021507275,124.36075507147514,122.14054021507275,123.10710144042969,6665200
2025-01-07,124.07365527028408,124.08323450875658,120.06387512093139,121.42279815673828,7268800
2025-01-08,121.4515273648658,122.4946422985899,120.35098810271447,122.36066436767578,5744500
2025-01-10,120.87731746557843,121.05914777096217,117.98721296059198,118.14032745361328,6873800
2025-01-13,117.18333251929093,118.95376849964153,117.18333251929093,118.65709686279297,5433000
2025-01-14,120.00646025500016,120.00646025500016,118.37000942031254,119.260009765625,8999900
2025-01-15,124.13108430219283,125.78667164613078,122.93484771791739,124.93495178222656,11349500
2025-01-16,126.657529684753,130.29407705531526,126.22687285179462,129.9687042236328,16235700
2025-01-17,130.30365066852497,132.14106814767916,128.74375362735665,131.94009399414062,12481500
2025-01-21,130.57161148958338,131.70085175978073,129.47106512528444,131.39462280273438,11213300
2025-01-22,131.35632905913073,132.42816686609706,129.97827691159569,130.15052795410156,7177500
2025-01-23,130.1218310679181,132.2559130325863,130.1218310679181,131.8731231689453,6911000
2025-01-24,130.600331547205,133.05978646635603,130.600331547205,131.89227294921875,6475500
2025-01-27,129.44236845470166,130.87785241572047,128.3514012284273,130.7725830078125,6460700
2025-01-28,130.21753356862342,132.8683832633183,129.80602059999939,132.58128356933594,5885100
2025-01-29,132.51432058784894,135.39485336411994,132.2367854903101,132.74400329589844,5719800
2025-01-30,133.79666826436096,134.44742856496612,132.91623988324605,133.92108154296875,4545700
2025-01-31,134.04148808481742,134.63876470173332,132.72169374111837,133.3574981689453,5502700
2025-02-03,130.83352575232635,132.9432801589691,129.00315313724914,132.13406372070312,5307000
2025-02-04,132.68316108477447,132.82767346066035,131.2959245943767,131.7583465576172,5997300
2025-02-05,132.43269456380872,134.1185693977995,131.5078653298825,133.8391876220703,5871200
2025-02-06,134.87963168349336,136.2186975578721,134.87000340370062,135.91043090820312,4576600
2025-02-07,136.81597999005666,136.8256082692155,134.6965973017458,134.85072326660156,3529000
2025-02-10,135.1108211664556,135.16862023532966,130.64084521103848,132.27854919433594,5517700
2025-02-11,131.79688096576382,133.14558970987096,130.47708645801006,132.740966796875,5096800
2025-02-12,131.0936350929563,132.24966066562516,130.6312278038213,132.0858917236328,4688900
2025-02-13,132.91438870127712,133.03962983612035,131.35375480408962,131.82579040527344,4699800
2025-02-14,131.45006684198714,134.46537911947672,131.45006684198714,133.85845947265625,5044500
2025-02-18,134.30161841110984,135.6214129496678,133.80066859733992,135.55398559570312,3797000
2025-02-19,134.87960808344977,135.76589475821123,134.15709033449258,135.53469848632812,3623100
2025-02-20,135.11083288865444,135.90079276423373,127.57737333235804,129.41738891601562,8860800
2025-02-21,130.22660107496802,130.63122397823213,126.11307698851816,126.86449432373047,6704100
2025-02-24,127.89527149482781,128.09758293499888,124.17671284419684,125.20751190185547,7784500
2025-02-25,126.22866768547894,126.47913521588565,121.74905612465001,124.85107421875,7458500
2025-02-26,125.63139975249527,127.39434496474074,125.38091750506415,126.2479476928711,5493600
2025-02-27,126.97047197766202,128.0012564572846,124.09002888287878,124.50428009033203,5538700
2025-02-28,125.14008480853641,128.52147772914833,124.2634409954733,128.2324676513672,7424200
2025-03-03,128.44440470551552,129.08022392338756,123.04960638194163,124.39830780029297,5969400
2025-03-04,121.83577285675393,121.93210709618971,114.88033346195243,117.25982666015625,12996500
2025-03-05,117.52955642854324,119.82234348998065,116.99007884934167,119.2154312133789,7291900
2025-03-06,116.37352668535958,118.61814287371725,114.25413690923659,114.99592590332031,8611500
2025-03-07,114.3793838024354,115.1115298558959,111.21956655922082,114.91886138916016,8513500
2025-03-10,111.7494096765503,112.01914845496908,105.2178505283248,107.59734344482422,16765700
2025-03-11,107.61661494634447,109.35066057261635,106.29681314469137,107.93452453613281,13490400
2025-03-12,110.78606521874143,111.36407800209034,108.42584329097033,109.82270812988281,7925500
2025-03-13,109.82270320077282,110.64155521958432,107.1542074183288,107.58771514892578,7435500
2025-03-14,109.81306356106028,111.52783786365427,108.41619883586782,111.11359405517578,6879400
2025-03-17,110.75716062417551,114.92849839240316,110.63191950445116,113.6375961303711,8374900
2025-03-18,113.94587343065554,114.84179580263462,112.98251635755248,113.7821044921875,7234900
2025-03-19,112.93435268337116,116.80704487541807,111.9709956122337,115.45834350585938,8430800
2025-03-20,114.4660928252771,117.34652855916586,114.4660928252771,116.05563354492188,7026000
2025-03-21,114.97666371493578,116.45059884171019,113.96514321118427,115.73771667480469,10989900
2025-03-24,117.82819081497259,120.24621891207946,117.52955250072797,119.71636962890625,6184400
2025-03-25,120.32330958160951,121.43117177478155,119.60079171864928,120.61231231689453,4326300
2025-03-26,121.16140553880463,121.71051872974785,117.15384427767162,117.72222137451172,5084600
2025-03-27,114.57205352113738,115.44870460914456,113.23298781814823,114.63948822021484,8239400
2025-03-28,114.36011766106724,115.05373593207008,110.4296190252719,111.10397338867188,7349400
2025-03-31,109.54333091461945,112.7416760745415,108.06939578201097,112.39486694335938,7616600
2025-04-01,111.73978641520128,112.59717363427666,109.37956449299718,111.49894714355469,6651000
2025-04-02,109.79380898853209,115.94002459164192,109.70710302831033,114.89959716796875,8415300
2025-04-03,106.07525465007537,107.30835060605648,102.96360787223384,103.97513580322266,15186100
2025-04-04,97.81928346823673,99.90013103874419,93.74427959082189,96.17194366455078,18876900
2025-04-07,92.74238798256337,100.51667975377285,90.87348014197387,97.22200012207031,20721400
2025-04-08,101.36444078548438,103.02141626414097,94.66910416416063,96.63435363769531,10710100
2025-04-09,94.60165250895149,109.72636150690958,94.30301419705657,107.60697174072266,16919500
2025-04-10,104.78434568767247,104.88068727492146,99.62075853373372,102.67459869384766,10956700
2025-04-11,99.11981172552571,105.19859269264138,99.11981172552571,104.15817260742188,10573200
2025-04-14,106.43168683452426,107.4143077612849,104.5724074913895,105.11188507080078,8224500
2025-04-15,106.05597710209601,108.0404976790332,106.0270775657527,106.39315795898438,6003800
2025-04-16,105.56466725681507,106.27754941555078,102.74203080755566,103.9076919555664,6520100
2025-04-17,104.54350211856494,106.69179153877927,104.18706471979894,105.1793212890625,5233100
2025-04-21,104.17744272661852,104.3604829390213,100.94056208003134,102.40486907958984,7784500
2025-04-22,104.06182677848746,106.64362400298678,104.01366333520504,106.3353500366211,6571300
2025-04-23,109.10019150928733,112.33707195132422,107.8285604320465,108.19463348388672,9243800
2025-04-24,107.77076437103526,111.65309241426428,107.16384467754072,111.36408233642578,6640700
2025-04-25,111.47005363915486,112.80911947398724,110.75717141445593,111.75906372070312,5013200
2025-04-28,111.63381865774325,113.57980412533541,109.65894100281169,111.58565521240234,4171200
2025-04-29,111.15212550609377,112.20218843431273,110.04427086095521,111.95171356201172,4689800
2025-04-30,109.8396093327304,112.47125321147062,108.79083399401979,112.08281707763672,6502400
2025-05-01,112.19935963440658,114.41343615316451,111.35451152748952,113.38408660888672,7743600
2025-05-02,115.85065104954751,117.02566511593187,115.03493433534115,116.74404907226562,6894400
2025-05-05,115.30682504466489,117.3752443202701,114.96694620394196,116.14196014404297,6540300
2025-05-06,114.40370697975297,115.70496684225955,113.82105651676905,114.90867614746094,5739600
2025-05-07,114.9086919705613,116.53040499529969,114.78244595684875,115.65642547607422,4680600
2025-05-08,116.52068773661865,119.69614530401876,116.52068773661865,118.35604095458984,6449300
2025-05-09,118.94840324913488,119.6670127139285,117.95789811297541,118.18124389648438,4240100
2025-05-12,123.73585275492226,125.46438571696949,122.78419203615151,123.38626098632812,9162100
2025-05-13,124.06603004965726,126.3480821507215,123.5513553206414,125.61006164550781,6086700
2025-05-14,125.61977923079442,127.76588741094818,125.39643343316638,127.2511978149414,6273400
2025-05-15,126.49375056302637,129.18366492104366,126.26069923395542,128.67869567871094,7209300
2025-05-16,128.45532991578722,129.13508754926377,127.9794921635511,128.35821533203125,6303800
2025-05-19,126.53258084060865,128.3096710110088,125.338148529148,127.05696105957031,7703500
2025-05-20,126.11502564773245,126.61999488330657,124.415623913834,125.39643096923828,5220100
2025-05-21,124.38647964857329,124.92058024471709,121.45380136204562,121.67715454101562,6371600
2025-05-22,121.0071110239282,123.3959833525976,121.0071110239282,122.60940551757812,5689200
2025-05-23,120.51185431414943,122.91043957543144,120.2982140612542,122.42489624023438,3361400
2025-05-27,123.85238558577065,125.78484584113544,123.15320204987111,125.47410583496094,5472400
2025-05-28,125.47410915164537,125.67802904473642,123.59019132229335,123.82325744628906,4050900
2025-05-29,124.39619731982808,124.68751144090255,123.26002038601892,124.45446014404297,4337500
2025-05-30,123.92036956209778,124.61955314432444,122.6967982932011,124.3282241821289,6436100
2025-06-02,123.79411718646594,124.75549080063733,122.70649757861786,124.68750762939453,3607900
2025-06-03,124.41560551747175,125.44495490184268,123.45423189605357,124.95941162109375,4145600
2025-06-04,125.11479190861891,125.6780239053718,124.45446014404297,124.45446014404297,3123200
2025-06-05,124.65839297214072,127.26091299226799,123.65817487231762,126.84333801269531,6193300
2025-06-06,128.26111364394453,129.70803794163848,127.0375499220213,128.00863647460938,5004400
2025-06-09,128.40677549599573,129.05740173241912,127.31916325810654,128.13487243652344,4838600
2025-06-10,127.7949962476316,128.63013127556152,127.35799544488309,128.00863647460938,3816900
2025-06-11,128.2125721380463,129.59151343438103,127.6202086753329,127.99893188476562,5810200
2025-06-12,126.8821947308576,128.1834473829129,126.04705955671918,128.1057586669922,4258700
2025-06-13,126.42577515733531,127.28033616329184,125.08567081937741,125.74601745605469,4367500
2025-06-16,126.52288612365078,128.96032334914815,126.52288612365078,127.11524963378906,6240500
2025-06-17,126.08588739451118,127.37743442034791,125.91109890952592,126.32865905761719,4767700
2025-06-18,126.26068377067466,129.11568074299848,126.17327471537074,128.6884002685547,6170400
2025-06-20,129.4944197112098,129.5138307768833,128.09605246713278,128.8729248046875,8904400
2025-06-23,128.2416998905811,130.22272494304647,127.11523582683459,130.1256103515625,5232400
2025-06-24,131.75701712039404,132.72810367871395,131.10639090443232,131.9706573486328,5599900
2025-06-25,132.18432290883774,133.90315059539162,131.4948596181598,133.73806762695312,5736400
2025-06-26,134.0196696583678,136.14635189465866,133.8545866980649,135.70936584472656,6013200
2025-06-27,136.19489664608156,137.7971836207579,135.07815297495634,136.62217712402344,7249300
2025-06-30,137.418492997604,137.74867378363447,135.51517109455634,136.78729248046875,8034400
2025-07-01,136.48624169330498,137.5155912474509,135.43746625579567,136.9912109375,6166700
2025-07-02,137.52527844369558,138.748857033117,136.90378361740102,138.72943115234375,5494500
2025-07-03,139.21499615236914,140.3802972811439,138.54494392848153,139.97244262695312,3974700
2025-07-07,139.943296950669,140.96294089105422,138.3798468601067,139.58399963378906,5991600
2025-07-08,139.45774430408963,139.89473030143566,136.94263361887985,137.04945373535156,6620400
2025-07-09,138.76827928154782,138.80713104622592,136.82610594062984,137.4573211669922,4837000
2025-07-10,137.6612271288247,139.02075722035016,137.23396148388198,138.95277404785156,5622800
2025-07-11,137.75834414110412,138.33128167252548,137.03973473073475,138.16619873046875,3647500
2025-07-14,138.33130180866286,139.88504650464586,137.89431574342004,139.80735778808594,5376100
2025-07-15,139.14699912144675,139.8364771605267,137.4573178390251,137.49615478515625,7392200
2025-07-16,135.46657562040753,135.95211890220108,131.34916325646017,135.74818420410156,10610800
2025-07-17,135.23352923597108,137.59327763483537,135.10729804026408,136.82611083984375,7695800
2025-07-18,137.36018658220968,137.6515155044702,136.14632842079462,136.75811767578125,5572300
2025-07-21,137.15629500778738,138.39928483612852,136.1269306277355,136.40855407714844,5853400
2025-07-22,136.7289867863054,136.8163810180352,134.91304489393792,135.99095153808594,5257200
2025-07-23,136.7095896041674,138.50610599406542,135.88415995094778,138.09825134277344,6612900
2025-07-24,138.35070562427046,139.56456384388565,137.74863668897498,138.3798370361328,3817900
2025-07-25,138.787697313562,139.23440367645276,137.94285669968397,138.87509155273438,3463000
2025-07-28,138.90421248412557,139.00132706539276,137.91371487970287,138.43809509277344,3729300
2025-07-29,139.3509321190075,139.88503273176534,137.99141675708404,139.40919494628906,5158700
2025-07-30,139.6713913469714,141.27367835456445,139.13729073857172,140.74929809570312,5236800
2025-07-31,140.0257110411756,141.49246083892652,138.852314187085,139.3021240234375,5523700
2025-08-01,136.1828231406476,136.47617606149095,133.15153449284884,136.00680541992188,6678500
2025-08-04,137.07263540111225,138.63717431340913,136.6130675756945,138.2264862060547,3851500
2025-08-05,138.51983221233252,139.54655988981338,136.31970786939414,137.346435546875,5331100
2025-08-06,138.02114749145917,138.7056426544086,137.39533485261563,138.16783142089844,3765800
2025-08-07,139.07720846308953,139.54657913042763,137.4833505319732,137.79624938964844,3728600
2025-08-08,138.48071680696737,140.73950884739716,138.1482571387978,140.00613403320312,3943500
2025-08-11,140.38750218483426,140.99375391868136,139.4976705028306,140.6906280517578,4024700
2025-08-12,141.85426378302776,144.94420523118728,141.6098054928555,144.02503967285156,7111600
2025-08-13,144.8659734677316,145.77536604501634,142.16715937748094,144.484619140625,5542000
2025-08-14,143.74146446364443,145.3646709766146,142.92986120715938,145.21798706054688,4188600
2025-08-15,145.335359455162,145.51136227676315,141.25779662867302,141.4240264892578,4986000
2025-08-18,140.915532307343,141.84447079242327,140.63196726600037,141.5706787109375,3548700
2025-08-19,141.28710717072082,141.75646287160012,140.24081861273814,140.8764190673828,4257700
2025-08-20,140.6319702201776,141.50224112329929,137.90380738731824,140.92530822753906,4619300
2025-08-21,140.2310516947435,141.24799157721847,139.73234725305971,140.84707641601562,3269400
2025-08-22,141.609813045786,145.59935942410075,141.46312911152913,144.73887634277344,6759600
2025-08-25,144.69976196230402,145.31580169206524,144.29886166442196,144.3770751953125,2596500
2025-08-26,144.05439731527994,145.7264837680958,143.05700325185856,145.66781616210938,4453800
2025-08-27,145.0810893667769,146.79229725750525,144.74862970036708,146.06871032714844,3329200
2025-08-28,146.51850773503878,147.0563189227243,145.87313430981618,146.85096740722656,3898100
2025-08-29,146.5674148899367,147.40835202234223,145.8242670438424,147.1443328857422,3629400
2025-09-02,145.26688086498993,145.76558528798785,142.43117088388524,145.5504608154297,5330200
2025-09-03,145.51135618942942,146.2349581292489,143.682812878941,145.23756408691406,4338900
2025-09-04,145.7264723291688,147.4083465313294,145.38422476037866,147.19322204589844,3955000
2025-09-05,147.7701297817964,148.49373162997873,143.04719423069483,144.8072967529297,5697300
2025-09-08,145.03220769798736,145.8926906512039,143.985919154155,145.4917755126953,3820800
2025-09-09,145.12998030636967,149.4324547028846,145.06153975117002,148.8457489013672,6673200
2025-09-10,149.51067099651306,151.104543681177,148.06348222522936,150.70362854003906,4945600
2025-09-11,150.967654387204,154.26294721801827,150.6645285081207,153.01132202148438,7399500
2025-09-12,152.58107701680743,153.39268031568747,152.170388887353,152.92332458496094,4341600
2025-09-15,153.8620384254874,154.96697964066294,152.42462262928754,153.1677703857422,4829900
2025-09-16,153.59803823371578,154.0087263802638,151.7792679158316,152.35618591308594,7539500
2025-09-17,153.1677796502539,154.4682994931241,152.1997194879687,153.92071533203125,4604200
2025-09-18,154.39985151484836,156.5902031861962,153.99895125492202,155.7101593017578,4323700
2025-09-19,156.01327489551474,157.5191313122567,154.61496579660167,156.36529541015625,14902000
2025-09-22,155.79815326482225,157.4604665896712,154.33140358044685,157.14756774902344,4421200
2025-09-23,157.0204388566437,160.34506538328657,156.0621666094076,157.19644165039062,5335900
2025-09-24,157.52891857947114,157.89071205235769,154.34117312024728,154.3802947998047,5195200
2025-09-25,153.90115739505413,155.71992763330755,153.15800957963057,155.42657470703125,5351100
2025-09-26,156.02305608929763,158.22318069178144,155.78838568085126,156.5608673095703,5326800
2025-09-29,157.1280179144027,157.74405759956497,156.17951852509435,157.5876007080078,4186000
2025-09-30,157.81248285354567,158.63385907370636,153.36333928018516,155.4363555908203,5547100
2025-10-01,154.38029156667315,154.92787570461704,152.10193869801128,153.4122314453125,5467400
2025-10-02,153.21667031782368,153.52956915009983,150.30273186724762,151.85748291015625,5087400
2025-10-03,153.4513519916377,154.30207699432205,152.6984311945867,154.0967254638672,5182100
2025-10-06,154.4976309255094,155.2114449159558,151.57390456381253,154.58563232421875,4696300
2025-10-07,155.26034298170933,155.7590325059497,151.95526223211968,152.51263427734375,4589700
2025-10-08,153.01131024664068,153.07976572144923,150.60584931863528,152.19970703125,4038600
2025-10-09,152.13127726291273,152.9624264552778,150.42006931795336,152.8059844970703,6092600
2025-10-10,153.3731209636822,154.44872837408835,148.47416779880112,148.4937286376953,5531700
2025-10-13,150.86010473360793,152.17039763921017,149.9507270204894,151.69126892089844,4735800
2025-10-14,151.07521495797496,153.6371329224924,148.51329699345752,151.89659118652344,8023800
2025-10-15,159.31834775204803,163.07323838258478,158.05694955529682,159.0445556640625,13673700
2025-10-16,159.47479442987608,161.09800093372115,155.44612688975104,156.4728546142578,10477500
2025-10-17,157.13777092904417,157.41156299424085,154.35095563960294,155.15277099609375,7965000
2025-10-20,156.64886979487753,159.52370168260387,155.96438956459744,158.379638671875,5741000
2025-10-21,157.8711538741952,158.46763267283546,155.66125639951198,155.7003631591797,4220600
2025-10-22,156.03284499852816,156.19907484579002,153.73493109701144,154.61497497558594,4360200
2025-10-23,155.37766458330395,156.54128829190262,154.3998315401855,155.77857971191406,3735600
2025-10-24,156.96177835047018,161.24467731785623,156.96177835047018,160.2277374267578,5547500
2025-10-27,161.30337344865487,162.9950207300947,161.2446909225878,162.33987426757812,5056000
2025-10-28,162.43763787052825,163.42525889976412,160.73621774111953,161.54782104492188,3601000
2025-10-29,160.66775875680034,162.3398599694983,159.50413494804408,160.3939666748047,4963500
2025-10-30,160.18862779627878,163.29812993497333,159.77792475857456,161.59669494628906,4960500
2025-10-31,160.70145693861468,162.2263133038437,160.26858867569143,161.34091186523438,5323500
2025-11-03,161.63605197436678,161.99021555491922,158.95032024515132,160.99658203125,4719200
2025-11-04,159.69800033214597,164.2234074113226,158.25183355592412,161.3507537841797,5739200
2025-11-05,161.21301271579054,163.2691369371327,159.00934160516837,162.50177001953125,4133000
2025-11-06,161.9016723770955,162.98382799133128,160.0127900103088,160.7703094482422,4292900
2025-11-07,159.57996188217206,159.9636378895589,155.49724025342937,159.72752380371094,6323300
2025-11-10,161.1540011798567,163.36751993975398,161.1540011798567,162.3739013671875,5015400
2025-11-11,162.61982906307864,164.01680338395306,162.10825613907093,163.8003692626953,3237600
2025-11-12,164.803851616373,168.98494253988088,164.803851616373,167.16493225097656,6892900
2025-11-13,166.56480998859908,167.58795586403082,162.4919364333853,162.9248046875,6090900
2025-11-14,161.5376696962334,162.12794734280354,157.34674644201468,161.20318603515625,6691200
2025-11-17,160.60307510779,161.42945179964005,156.18587027193692,156.86468505859375,5727200
2025-11-18,156.06783274030857,159.04870354533898,155.23160851626605,157.23854064941406,4864900
2025-11-19,157.7501131329352,160.26860324279838,157.45497428944512,159.6586456298828,6413600
2025-11-20,161.5376854863172,164.2332649857799,155.9399397988676,156.12686157226562,5258600
2025-11-21,157.1893343785205,157.5139855774408,152.71310483420837,155.60543823242188,9021300
2025-11-24,158.71421645072186,161.79347180821418,156.42199299105903,160.1898956298828,10125700
2025-11-25,160.85885893997562,163.18059472391835,158.0157177267537,162.7477264404297,5561000
2025-11-26,164.27259974901486,166.22050704676363,163.18059657108347,165.217041015625,4844200
2025-11-28,165.2760606818806,167.50925927642456,165.03994661966533,166.90914916992188,2133700
2025-12-01,166.26967168960397,167.0173586804242,165.0104267708771,165.73843383789062,4393500
2025-12-02,166.15161921267074,167.36167180603826,165.95486501225557,166.34837341308594,4338700
2025-12-03,165.8171480417563,171.17877921607487,165.37444730468127,170.9033203125,6223300
2025-12-04,171.4936015310692,173.14635498684257,170.90332386178744,172.05435180664062,4813200
2025-12-05,171.6411694228629,174.4449659325615,171.4739275800626,173.64808654785156,4641600
2025-12-08,174.1203152697777,176.05837517703006,173.2053863486809,173.96290588378906,7271700
2025-12-09,173.91370124101599,177.72094854988723,173.91370124101599,175.9304656982422,4191200
2025-12-10,175.60581584762437,178.3702523395386,174.8679762852394,176.79620361328125,6591200
2025-12-11,177.20938115763914,179.02937629367756,176.58959115939803,177.3667755126953,7598700
2025-12-12,178.2128371214823,178.2128371214823,174.86797055287258,175.51727294921875,4961500
2025-12-15,176.9929547834453,177.96689338175622,174.84829335308027,174.90731811523438,5219000
2025-12-16,175.2418303058862,175.75338829160995,172.83154224849588,173.64808654785156,6840500
2025-12-17,175.16312526821068,176.54041985996273,171.6313366275581,171.9658203125,5796100
2025-12-18,173.68744349578094,174.19901648433617,169.78181137581487,170.15565490722656,7993400
2025-12-19,170.6475421380809,174.81878556123542,170.6475421380809,174.11045837402344,10639400
2025-12-22,174.71056866978245,177.33727573697655,174.53349437849013,176.8453826904297,4574600
2025-12-23,176.91425081392268,177.6520903666081,176.22560356702647,176.589599609375,3514800
2025-12-24,177.23889558864607,179.04905828950018,176.619105583232,178.70472717285156,2648000
2025-12-26,178.90150818191185,179.38355376333567,178.1636686073558,178.92117309570312,2564700
2025-12-29,178.2521934770665,178.75391894911158,176.83553918966453,177.0224609375,2464300
2025-12-30,177.35696247391817,177.45534709156007,175.3697102863552,176.17642211914062,2365500
2025-12-31,176.59944262534046,176.7962118602626,174.52365329254638,174.65155029296875,3098100
2026-01-02,175.6254968205004,179.00972336865595,174.26786721396755,178.95068359375,4509900
2026-01-05,179.2458289735334,185.45351702048987,179.10809951648818,183.5154571533203,6787400
2026-01-06,183.67284747930776,185.75848405566637,182.73825375979814,184.70582580566406,3795600
2026-01-07,184.26313591195768,184.70583664598277,181.3511225081624,181.7938232421875,3532400
2026-01-08,180.92810342899293,183.12194220667942,180.6821569064734,181.68560791015625,3745900
2026-01-09,182.68906892237138,183.88928912030997,182.03976651796842,183.2990264892578,4630900
2026-01-12,181.63642034272772,184.23361487320008,180.9379256532649,183.5449676513672,5635400
2026-01-13,183.9286511951896,183.98767595787072,179.1966275646664,179.79673767089844,6594800
2026-01-14,179.23597303401186,179.39338239612218,176.02882107939186,177.8488311767578,8434000
2026-01-15,178.06528229239154,189.04433865967127,178.06528229239154,188.12940979003906,12957100
2026-01-16,187.4702756456151,189.55589736097167,185.93557174100295,186.02410888671875,8398100
2026-01-20,182.24638125386184,183.67286814533975,178.3407491024634,179.1474609375,11302600
2026-01-21,179.5114473356895,183.39739935194925,179.06874660167736,180.34767150878906,11715800
2026-01-22,181.5380610987941,183.02357281425606,179.30486228540545,180.08206176757812,8966900
2026-01-23,178.92117867485604,178.92117867485604,175.06473884629034,176.09771728515625,8532800
2026-01-26,176.45186991784018,179.48193281140937,175.95997688339165,178.93101501464844,6389800
2026-01-27,179.28517591642625,180.98712158695656,178.2128377087269,179.6983642578125,5138100
2026-01-28,179.48194479867834,180.04269508948144,177.45534776321907,179.38356018066406,5538800
2026-01-29,180.20991782067412,182.02992798123995,176.55024759851656,179.44256591796875,7473400
2026-01-30,178.26543536789356,181.17369836972247,178.02801967433828,180.82748413085938,7434900
2026-02-02,180.63952435809685,183.43898869732035,178.60175546307764,183.1026611328125,6827200
2026-02-03,183.28070054158627,186.64400617247128,176.52439911378264,180.936279296875,7751300
2026-02-04,180.75820887693206,181.66827961012777,176.5738578172018,178.13681030273438,7571900
2026-02-05,176.07926170507253,177.51361222260675,171.3805173618192,173.94256591796875,9571800
2026-02-06,176.959650986948,179.23483539466582,175.5846506643839,178.0181121826172,9139700
2026-02-09,178.04778963687988,181.83646311603255,177.52350990865,180.38232421875,6625900
2026-02-10,179.95697164575293,182.58827226370516,171.6772938250661,175.970458984375,12854500
2026-02-11,177.83016686011447,179.0864518511828,172.41919057550368,174.77349853515625,7777800
2026-02-12,175.51540777826634,176.8607330984377,163.62512225545763,166.24652099609375,14436700
2026-02-13,165.3166643441612,169.63951953572123,161.8247564912253,169.3031768798828,9162400
2026-02-17,170.68807594506097,172.32026533092574,169.0163097325761,169.68896484375,6376900
2026-02-18,171.61793877391642,175.3967107126123,171.5783619464599,174.68447875976562,6343300
2026-02-19,173.2699176966276,174.37782736617783,170.66829221101892,172.48843383789062,7259500
2026-02-20,171.57835498901392,173.53698523285186,169.70874996213757,173.5172119140625,4272600
2026-02-23,172.08288053000146,173.7249567260527,164.81218512076038,165.00013732910156,7795500
2026-02-24,163.68446096510604,168.48213201650447,162.33913573892988,166.9686279296875,7413800
2026-02-25,168.85802838039396,172.16198389589962,167.81935557264353,171.85533142089844,7098500
2026-02-26,172.9929461655883,175.91111090144753,172.5675782710383,175.5747833251953,6901600
2026-02-27,172.12242495898474,172.25102700315827,162.62600926842057,164.71324157714844,12400400
2026-03-02,160.88499914039858,167.76990247524796,160.40028115194346,165.1979522705078,9212600
2026-03-03,160.70695557224286,165.51451355507885,158.22403047547957,164.15928649902344,7495500
2026-03-04,165.77169799804688,167.37421225028714,164.72313854440145,165.77169799804688,5307800
2026-03-05,163.59543886170016,166.15748732606957,158.77797930675902,160.7959747314453,7274900
2026-03-06,157.7887796049384,158.61972693901535,153.67368013822457,158.54058837890625,8046000
2026-03-09,156.21594464590174,160.10354538731005,152.40749756091878,158.71864318847656,7480800
2026-03-10,160.0936460025771,161.7159488181472,158.13501561290843,159.01541137695312,4314600
2026-03-11,158.27350438212432,160.01450749643814,156.14671020464456,159.15390014648438,5463200
2026-03-12,152.70423889160156,154.56395725542248,151.15118809805003,152.70423889160156,11195700
2026-03-13,153.21864095310988,155.54328904421342,152.19975649466124,153.1988525390625,6001900
2026-03-16,154.77170625005255,157.37331665567172,153.1197133024641,154.0198974609375,5498100
2026-03-17,155.60264282894298,158.90659862762,155.60264282894298,156.12692260742188,6528600
2026-03-18,155.32564856339138,158.90658140044437,154.83104391322885,157.21502685546875,9140900
2026-03-19,155.29599281899522,157.89760333861622,154.8409498427943,156.8391571044922,6418300
2026-03-20,156.65120398139442,161.37962379018737,155.55318092404738,159.72764587402344,14621300
2026-03-23,164.4659437496652,166.32566218778305,162.3886131376435,162.54689025878906,10128400
2026-03-24,160.68715856012133,165.31665076555714,160.4794179689942,164.08013916015625,6016200
2026-03-25,165.00011808843186,166.98842339369088,162.23032896531865,163.86251831054688,6444600
2026-03-26,162.87331869954158,164.5351983101601,160.72673615201802,161.46864318847656,6175700
2026-03-27,159.2627148467662,159.49022878447443,155.6323181270836,156.68087768554688,6368400
2026-03-30,158.42187855147822,159.50012826343578,155.52350226968227,156.6610870361328,6261600
2026-03-31,159.7573095131689,163.50640629623734,157.9272661838773,162.794189453125,8081700
2026-04-01,167.08734626087653,167.46323553035847,161.4389545240532,164.3769073486328,7117000
2026-04-02,160.24202591164268,165.197959255416,158.83735046459964,164.0207977294922,5107500
2026-04-06,164.09005441225477,165.8211708022278,163.65479987628532,164.75282287597656,3674800
2026-04-07,163.90210944800245,167.07746319925505,163.50641662778528,166.61253356933594,6036400
2026-04-08,174.9911299601787,179.30408337881448,172.60714687120964,174.12063598632812,7662600
2026-04-09,173.2798073133838,177.06848109446693,172.91380466861978,176.237548828125,5298900
2026-04-10,176.73214227279465,176.73214227279465,172.8148666900626,175.72314453125,4240100
2026-04-13,173.86342795539753,179.2249407604526,173.12152095128985,179.1853790283203,6282900
2026-04-14,180.89670371235155,182.59814495210784,179.78879410288656,181.36163330078125,8803600
2026-04-15,186.4560768514262,192.49024486347278,185.89222027360748,189.5522918701172,9853800
2026-04-16,188.86973738271382,190.43268999541436,184.65571090902003,185.2987060546875,9138100
2026-04-17,187.4551715914685,189.1566128788798,186.1988714921753,186.7825164794922,6846100
2026-04-20,186.8814205543121,190.12602587525458,185.99113821525128,188.6422119140625,4905200
2026-04-21,188.73123746535532,191.05588537968532,186.67369538501003,187.2672119140625,5154900
2026-04-22,189.61164072237642,190.15570888301386,187.77172582408085,188.9884490966797,4492100
2026-04-23,188.6026545204146,189.6907757271636,184.88321777857797,186.6143341064453,3814400
2026-04-24,186.7528204598824,187.01002454274916,185.10084271050724,186.0406036376953,4530600
2026-04-27,185.84275174187505,188.5334023233126,185.72405145256167,188.12782287597656,4163600
2026-04-28,189.24563881037693,190.57117572012473,186.62424006392519,188.30589294433594,4107100
2026-04-29,187.95965532639963,188.454259980787,183.25102445052087,185.061279296875,5107600
2026-04-30,184.5839132392742,189.6858180266641,183.88773334574003,189.5465850830078,5664900
2026-05-01,189.44714639911598,192.44066235036385,187.73656151975916,189.12889099121094,4742700
2026-05-04,188.89019981614604,189.30791383367693,186.0955859015774,186.980712890625,3833000
2026-05-05,188.30343186482295,189.40735564397124,186.9210421932096,188.21392822265625,4807900
2026-05-06,191.11794080576675,193.76338196350255,191.11794080576675,192.29148864746094,6319500
2026-05-07,192.1025273609046,193.18655639048154,188.63162829779915,189.12889099121094,5761900
2026-05-08,189.8350054037188,192.44065698851605,189.4272463644215,192.03289794921875,5873400
2026-05-11,191.30689898156186,192.60972477597238,188.99959286073354,190.05380249023438,5272500
2026-05-12,189.15871833126158,191.3267914830583,185.4292482727775,190.82952880859375,5333300
2026-05-13,189.66594547522143,193.88272345381486,188.56202167558428,192.76885986328125,4463700
2026-05-14,194.5490559106564,196.41876853813852,192.3511632519918,193.46502685546875,4785000
2026-05-15,192.81857999695967,193.36555680006012,190.06374052434742,191.45606994628906,5937700
2026-05-18,191.5654772563961,193.7434903054849,190.09358391681334,191.63510131835938,3770200
2026-05-19,190.50134579318262,191.78427689815405,187.90563385963256,188.54212951660156,6357900
2026-05-20,190.90909641401922,196.98564702255314,189.04932365575573,196.68728637695312,7201100
2026-05-21,196.72706174768393,199.65096877446373,195.82204001553725,199.4122772216797,5817400
2026-05-22,200.02888670479356,201.97814787514264,199.5316240342603,199.92942810058594,3734200
2026-05-26,201.739485514411,202.80361981211533,198.77578886604934,200.6554412841797,5567400
2026-05-27,200.9438496848642,201.4212176030388,195.93143343064727,200.50625610351562,6731500
2026-05-28,198.8255081197203,203.26109790175218,198.58681657026588,202.67431640625,6174800
2026-05-29,202.88318076500525,206.94084620133575,202.60471486817158,206.8612823486328,8255500
2026-06-01,206.47341710283104,210.94878136385503,205.46895192067012,209.85479736328125,6431200
2026-06-02,209.10889395857558,215.84183480559494,209.10889395857558,213.8030548095703,7664400
2026-06-03,211.68473344831463,212.3212290852418,207.64694765362478,208.98956298828125,5957300
2026-06-04,210.84931941991988,217.96018496068095,209.99402698988544,217.07505798339844,5565300
2026-06-05,217.124791987806,217.124791987806,210.0039865022202,210.76976013183594,6171000
2026-06-08,212.10242385267432,214.71801518191774,210.5808012940424,211.07806396484375,4732000
2026-06-09,213.24612210399619,214.06164016891447,204.93188963422506,209.0989532470703,7841100
2026-06-10,207.7961267887196,209.08901276465684,204.70315237697267,205.5286102294922,5362800
2026-06-11,207.64694973266336,211.66484081088794,205.86675595968856,211.4957733154297,4631500
2026-06-12,213.87269020455733,216.42861259022465,211.4957751066843,212.8682098388672,4694300
2026-06-15,217.56236492872551,219.39230314650786,215.66283300128336,216.78663635253906,5862500
2026-06-16,219.30277732183333,221.08298617907408,217.3932904895279,219.62103271484375,5091700
2026-06-17,220.89403588780377,226.8214139136772,220.1481418422381,223.7284393310547,8689700
2026-06-18,227.83581534919364,229.20826522778944,221.66976103671365,221.94822692871094,11933200
2026-06-22,225.46884667114435,226.980514262853,223.75826187109027,225.8467559814453,6870800
2026-06-23,221.29183840998826,226.70205894359503,220.90397411604786,224.79257202148438,6052800
2026-06-24,223.37039712081355,225.25998919406234,218.60661225075364,218.65634155273438,6971000
2026-06-25,221.76921636056173,226.23462553233935,219.6409326888123,219.8298797607422,5257200
2026-06-26,218.49722482804674,218.54695413252455,210.20288672965125,210.8692169189453,9919100
2026-06-29,213.15662491524927,215.81200583887232,210.53107853878186,210.5609130859375,5426400
2026-06-30,209.01940267083782,210.55098029358112,207.0402916506318,207.8955841064453,5599400
2026-07-01,207.81603197792077,212.022870124631,205.58828964330488,210.7001495361328,4690000
2026-07-02,213.53454806820955,214.67824616931503,210.3918442687465,212.75880432128906,3745300
2026-07-06,215.81200870101335,220.92386857659866,215.18545285192943,220.88409423828125,4567700
2026-07-07,220.32713918087728,222.03772399549212,218.61656954151493,220.82440185546875,5413300
2026-07-08,218.7955863917384,219.7006081411468,214.91694343034976,216.87615966796875,4108300
2026-07-09,219.7901066473447,223.21127634627592,218.8055210685031,220.91392517089844,4073100
2026-07-10,222.68417628041843,223.51957393805955,219.64093111668814,221.06309509277344,3617600
2026-07-13,221.2421182163834,222.22668861041552,217.55242245444484,219.87960815429688,4550300
2026-07-14,223.0919331762832,230.83927895414686,222.87313638587088,226.423583984375,9306200
2026-07-15,221.4808027104525,230.9785232797176,220.00890937306926,227.2987823486328,10865600
2026-07-16,226.98052023626562,226.98052023626562,214.60862224411184,217.17449951171875,8313700
2026-07-17,213.22623695121547,217.18445891855833,206.26455924063143,214.32022094726562,7852200
2026-07-20,214.34011484382364,218.5370131750945,209.19842043353034,209.78518676757812,6816500
2026-07-21,212.4902964246674,216.20981163531252,211.08801199620083,215.2152862548828,6999500
2026-07-22,214.34010596129536,218.42760572400908,214.34010596129536,217.3037872314453,3683200
2026-07-23,213.71356269477127,216.07058303774656,212.54996979728017,214.00196838378906,4962100
2026-07-24,215.21528831931275,215.21528831931275,210.05371429258335,213.30580139160156,4091300
2026-07-27,216.82642517119208,218.19885986106763,209.73545443503264,213.38536071777344,4958100
2026-07-28,212.5797948371522,212.5797948371522,206.15515436051822,210.4216766357422,6021000
2026-07-29,210.9288832002707,211.18746951000438,201.82898208659455,202.0179443359375,6722300
2026-07-30,206.36402105925023,209.9940327089863,204.1760682083715,208.91000366210938,6832900
2026-07-31,210.6999969482422,213.4600067138672,208.69000244140625,210.4199981689453,4723000
2026-08-03,211.4600067138672,211.69000244140625,208.00999450683594,211.22999572753906,4982600
2026-08-04,213.6699981689453,218.75999450683594,211.50999450683594,217.0399932861328,8932800
2026-08-05,218.13999938964844,220.1199951171875,217.1199951171875,218.27000427246094,4344100
2026-08-06,219.00999450683594,219.77999877929688,213.5399932861328,213.75,3588000
2026-08-07,213.74000549316406,216.47000122070312,211.80999755859375,216.3300018310547,5225800
2026-08-10,216.3300018310547,217.6199951171875,214.3800048828125,215.3300018310547,3837600
2026-08-11,216.32000732421875,217.2100067138672,213.52000427246094,215.07000732421875,3785000
2026-08-12,218.49000549316406,220.5,216.97999572753906,217.63999938964844,3742600
2026-08-13,219.3000030517578,222.0,217.8800048828125,218.3800048828125,3611200
2026-08-14,217.8000030517578,218.72000122070312,215.3000030517578,217.36000061035156,3405800
2026-08-17,217.36000061035156,220.52999877929688,217.36000061035156,218.2100067138672,3397500
2026-08-18,217.05999755859375,217.6999969482422,215.19000244140625,217.5500030517578,2777900
2026-08-19,218.77999877929688,218.77999877929688,213.55999755859375,214.22999572753906,4910200
2026-08-20,214.2899932861328,215.07000732421875,207.32000732421875,207.4499969482422,4875200
2026-08-21,210.0800018310547,214.57000732421875,209.1300048828125,214.1999969482422,4573000
2026-08-24,214.44000244140625,216.3000030517578,213.22000122070312,214.0800018310547,3444100
2026-08-25,214.86000061035156,217.33999633789062,213.3699951171875,216.77000427246094,3270400
2026-08-26,217.0,217.0,211.85000610351562,214.0800018310547,4126100
2026-08-27,214.02999877929688,216.52000427246094,213.5,214.86000061035156,3923400
2026-08-28,215.39999389648438,216.64999389648438,214.19000244140625,214.77000427246094,3735400
2026-08-31,214.3000030517578,214.5,212.6199951171875,213.32000732421875,4206700
2026-09-01,210.22000122070312,216.25999450683594,208.91000366210938,211.0399932861328,3522800
2026-09-02,211.97000122070312,216.14999389648438,210.60000610351562,211.82000732421875,3615800
2026-09-03,213.1999969482422,217.80999755859375,213.1999969482422,217.14999389648438,3868500
2026-09-04,215.63999938964844,218.22000122070312,214.30999755859375,217.72000122070312,3132000
2026-09-08,217.1999969482422,218.50999450683594,215.22000122070312,216.24000549316406,3455200
2026-09-09,215.00999450683594,217.5399932861328,212.30999755859375,215.35000610351562,4023100
2026-09-10,214.0399932861328,216.27000427246094,212.50999450683594,212.66000366210938,4546800
2026-09-11,215.10000610351562,217.75999450683594,211.24000549316406,214.3800048828125,3928400
2026-09-14,211.66000366210938,212.97000122070312,204.82000732421875,206.5800018310547,7500200
2026-09-15,205.33999633789062,207.13999938964844,200.39999389648438,206.27999877929688,7915300
2026-09-16,207.8699951171875,208.08999633789062,200.6300048828125,202.4199981689453,6999600
2026-09-17,205.0500030517578,205.0500030517578,200.25999450683594,203.52000427246094,4804100
2026-09-18,202.10000610351562,203.0500030517578,200.85000610351562,202.5800018310547,7446500
2026-09-21,205.49000549316406,206.66000366210938,203.17999267578125,206.1199951171875,4040600
