Date,Open,High,Low,Close,Volume
2021-09-22,284.7799171748866,288.12935637243464,282.64932121103874,286.5553894042969,26626300
2021-09-23,286.8144515647207,288.7818804171432,285.54760475520084,287.495849609375,18604600
2021-09-24,286.21945226743645,287.72620170617705,284.971789339243,287.2943420410156,14999000
2021-09-27,284.21363131308823,284.5303284068583,281.14249251178086,282.3229675292969,23571700
2021-09-28,278.1290162051692,279.0695596937094,271.36294908401516,272.1019287109375,43186200
2021-09-29,273.61823631743374,275.22096437346653,271.6124099419833,272.5625305175781,26353700
2021-09-30,274.20372168206217,276.2383391909567,270.2784399241369,270.5663757324219,32343600
2021-10-01,270.7582465838053,278.301717984921,269.96168585473896,277.4571533203125,30086300
2021-10-04,275.8256741827499,276.1615846612485,268.9636285015287,271.70843505859375,31350700
2021-10-05,272.6104927683687,278.70476619683035,272.6104927683687,277.1308288574219,24993000
2021-10-06,274.27081610113123,281.8046798760864,274.01170032174,281.30560302734375,28002600
2021-10-07,283.29225249177205,284.69347521548,282.08301620161416,282.9755554199219,20430500
2021-10-08,284.29037692639525,284.69347521548,281.9294563433223,282.9755554199219,17685700
2021-10-11,281.12340501267863,285.9700173933724,280.96023844326857,282.3806457519531,19298600
2021-10-12,283.44582055374815,283.541799129027,280.5762456707699,281.08489990234375,17974100
2021-10-13,283.03321851694517,285.3077678287941,281.6703926860201,284.3768310546875,23416300
2021-10-14,287.1599008270888,291.056390013878,285.83547291155634,290.5573425292969,27262900
2021-10-15,290.1638722349593,292.18891153668244,288.4171619780037,291.95855712890625,25384800
2021-10-18,291.34439492137415,295.79751392665924,290.4998302940227,294.9145812988281,22729300
2021-10-19,295.9319350570906,296.84365846900545,294.8474384623916,295.8167724609375,17682100
2021-10-20,296.75725195686545,297.2275382211196,293.7820916523756,295.0297546386719,16537100
2021-10-21,294.7994856279611,298.49441277839924,294.0220794692839,298.2449035644531,16918100
2021-10-22,297.89937264623074,298.5615868809637,295.40407560259746,296.7093200683594,17449300
2021-10-25,296.90130185888415,296.9396991618168,294.11809781175907,295.7208557128906,17554500
2021-10-26,298.47520410987,299.8188165343258,296.1718643410095,297.62103271484375,28107300
2021-10-27,303.2738027325777,312.9670535510442,303.2738027325777,310.1550598144531,52588700
2021-10-28,311.2683538472866,311.78661480927093,308.41796248920383,311.2875671386719,26297900
2021-10-29,311.0764222231841,318.62947157711153,310.8556743947785,318.2647705078125,34766000
2021-11-01,318.01525586042806,318.14002510806927,313.2262255270214,316.10540771484375,27073200
2021-11-02,317.00752073679007,320.02107850414706,316.71000761817237,319.7139587402344,26487100
2021-11-03,320.4529410895813,321.41266839400566,317.33382735020217,320.5489196777344,21500100
2021-11-04,319.483574923038,322.98657305209764,316.2396925724103,322.8905944824219,23992200
2021-11-05,324.8772526985791,325.1459751338179,320.951972099872,322.5259094238281,22570100
2021-11-08,323.7160006633111,324.0519110698877,320.97119469393846,323.4184875488281,20897000
2021-11-09,323.5336680917774,325.07884433236194,321.0575844525398,322.42041015625,21307400
2021-11-10,321.0959121845267,321.15349346911216,316.63318689786576,317.47772216796875,25500900
2021-11-11,317.9096735712425,320.3281758647958,317.19948472941286,319.0421447753906,16849800
2021-11-12,320.47213819174647,323.64883306583664,320.34736896230555,323.15936279296875,23831000
2021-11-15,323.9464145492368,324.2727183705063,320.5777617974973,322.5356140136719,16723000
2021-11-16,322.1612942198898,326.95035397533974,321.9981569596239,325.8370666503906,20886800
2021-11-17,325.8850760747881,329.0098960712893,324.9812796361216,326.0581359863281,19053400
2021-11-18,325.1543261152059,329.2598774584323,324.1351564442823,328.12530517578125,22463500
2021-11-19,329.442540350279,331.8077802509148,329.01948549427823,329.8944091796875,21963400
2021-11-22,331.3463268296399,336.2018344650954,326.47160009386823,326.7408142089844,31031100
2021-11-23,324.0679363599428,326.3755197666998,320.7123690134607,324.6736755371094,30427600
2021-11-24,323.32749241749696,325.1350850982955,321.04878247024,324.89471435546875,21661300
2021-11-26,321.4718896050423,324.9139862915625,315.4818391564863,316.98175048828125,24217200
2021-11-29,322.0391233399611,325.97158534962614,321.8468150001387,323.6640319824219,28563500
2021-11-30,322.40448405275345,324.7697239982536,316.31828027928486,317.8566589355469,42885600
2021-12-01,322.2218403334276,326.2119893836903,316.7029366546509,317.3663330078125,33337600
2021-12-02,317.57784067361735,320.6449739601022,315.1741330410827,316.7990417480469,30766000
2021-12-03,319.20276398285586,319.8854381080619,305.7804681645628,310.56866455078125,41779300
2021-12-06,311.472416708919,314.8376070697841,306.9342159628672,313.6261291503906,30032600
2021-12-07,318.86626463105284,322.8660084465521,317.38557246325246,322.0199279785156,31021900
2021-12-08,322.394924443513,322.5776085960502,318.05862588929494,322.0680236816406,24761000
2021-12-09,321.5295293799617,323.5294010834797,319.3277251227278,320.2699890136719,22214200
2021-12-10,322.0776553641923,329.78874012403924,321.89497120742305,329.3464660644531,38095700
2021-12-13,327.5580286364802,330.5482560904691,326.01964993405755,326.32733154296875,28899400
2021-12-14,320.3853706539691,321.75068944249216,311.6262451506804,315.6933288574219,44438700
2021-12-15,315.95294877643335,322.279524033455,312.0012673025278,321.76031494140625,35381100
2021-12-16,322.77946305235776,323.7890378493558,310.57824093079836,312.3858337402344,35034800
2021-12-17,308.5206418429851,312.40504102761383,305.03045417377376,311.3281555175781,47750300
2021-12-20,307.72266611167277,310.36674473714834,305.3382067120296,307.58807373046875,28326500
2021-12-21,310.8379051743816,315.10689283678283,307.4823089268054,314.683837890625,24740600
2021-12-22,315.6548296221217,320.7603015592964,313.20305992289275,320.3661193847656,24831500
2021-12-23,319.9334269282315,323.43323868042853,319.9142078338815,321.7987060546875,19617800
2021-12-27,322.539101111183,329.28873101360773,322.51025779288784,329.2598876953125,19947000
2021-12-28,329.9329216504245,330.567504020854,327.21193737349995,328.1061096191406,15661500
2021-12-29,328.15415682405353,331.0386060056612,326.59655896072684,328.7791442871094,15042000
2021-12-30,328.7406955115323,329.9137060860202,325.76971620596595,326.2504577636719,15994500
2021-12-31,325.4716783285754,326.28891555203285,322.91412956697064,323.36602783203125,18000800
2022-01-03,322.43340214531065,324.9813267976335,317.07793359354395,321.85650634765625,28865100
2022-01-04,321.93336411107276,322.28913749513237,313.55885476913005,316.3375549316406,32674300
2022-01-05,313.308871857317,313.5108044365724,303.8094433864934,304.19403076171875,40054300
2022-01-06,301.0884509560254,306.4247001927171,299.49238536143025,301.79034423828125,39646100
2022-01-07,302.0499018859666,304.30939297872214,298.1462829521569,301.94415283203125,32720000
2022-01-10,297.56942521329626,302.5979928961551,292.9543176051216,302.1653137207031,44289500
2022-01-11,301.30964330202585,304.41521560321814,297.95407595164454,302.8480224609375,29386800
2022-01-12,307.3572996957186,310.95323691547827,304.8670327735876,306.0111999511719,34372200
2022-01-13,308.1264806975711,308.5206922774309,292.2908533568236,293.0600280761719,45366000
2022-01-14,292.5312389014695,298.8481900342401,292.05049734205875,298.2520751953125,39846400
2022-01-18,292.3581471597959,297.8674260520063,290.1178753051929,290.9928283691406,42333200
2022-01-19,294.49261706590465,301.81911235300396,291.04089684223516,291.6466064453125,45933900
2022-01-20,297.16558676731063,299.6462002381442,289.541032877528,289.9833068847656,35380700
2022-01-21,291.0313502433303,292.39663994676283,284.22403280045586,284.62786865234375,57984400
2022-01-24,280.9453743252705,285.6662305381032,265.4173987440913,284.9547424316406,85731500
2022-01-25,280.2915889984612,283.6279370796621,274.1861937797464,277.3782958984375,72848600
2022-01-26,296.1271750879496,296.61754086589866,281.74339590875957,285.2816467285156,90428900
2022-01-27,291.0024967310887,295.4637633356451,286.45467082104994,288.2911071777344,53481300
2022-01-28,288.6661016492175,296.59833777305556,283.10873012038377,296.3868103027344,49743700
2022-01-31,297.0501440748749,300.3480232729952,294.5695018415929,299.001953125,46444500
2022-02-01,298.4539337157057,298.6654611438378,293.37730478266843,296.86749267578125,40950400
2022-02-02,297.7040073654435,302.9825400250582,296.98289506365415,301.386474609375,36636000
2022-02-03,297.5693697082304,299.2423701113963,288.40643772478234,289.6467590332031,43730000
2022-02-04,288.64681946632084,296.9059553802916,288.4160729228112,294.1561279296875,35096500
2022-02-07,294.37731117460294,295.98297161566165,288.3487929994967,289.3583679199219,28533300
2022-02-08,289.64683839050434,293.79082898408933,288.39692186210715,292.829345703125,32421200
2022-02-09,297.9347910965561,299.91544411863055,295.55033156667764,299.2231750488281,31284700
2022-02-10,292.3293418995418,297.2136633368289,289.1179917352157,290.7332763671875,45386200
2022-02-11,291.51201390296524,292.56965100167986,282.88751078774607,283.6759338378906,39175600
2022-02-14,282.45487744042305,285.3297318388345,280.128104788829,283.63751220703125,36359500
2022-02-15,288.4546070123702,289.2141576740427,285.5797520645728,288.8968811035156,27058300
2022-02-16,287.47087375855756,289.8795515618136,282.95219184742473,288.5596008300781,29982100
2022-02-17,285.53430336959343,285.958233038907,279.40664080865434,280.1099853515625,32461600
2022-02-18,282.34519885606585,283.1256081080043,275.8514129414356,277.4122314453125,34264000
2022-02-22,274.58928762159644,280.8903974019096,274.1075520292779,277.2099304199219,41736100
2022-02-23,279.58007749575995,281.04457259903455,269.86830032930663,270.0320739746094,37811200
2022-02-24,262.55549170711595,284.37810398388814,261.60163542289047,283.82891845703125,56989700
2022-02-25,284.35892976880194,286.75796386461934,280.9963949831395,286.44964599609375,32546700
2022-02-28,283.5591579767434,288.2127395416602,282.29701327303695,287.8755187988281,34627500
2022-03-01,285.5729192190914,289.0125191995379,281.47816573841146,284.1759033203125,31217800
2022-03-02,284.57081381078126,290.45763760043087,282.97147763773455,289.2243957519531,31873000
2022-03-03,291.82580808856017,292.05703176941057,283.30869674167064,285.11041259765625,27314500
2022-03-04,283.53986601323993,284.85981647260746,276.6799577495379,279.27166748046875,32356500
2022-03-07,277.9903600081898,279.1079901922431,268.35564745891236,268.7217712402344,43157200
2022-03-08,267.6522494658014,273.5872347405663,260.13718693761393,265.77349853515625,48159500
2022-03-09,273.0862941142346,279.0212805569592,270.52345705468474,277.9614562988281,35204500
2022-03-10,272.681647483681,276.130891339143,270.3307750668401,275.15777587890625,30628000
2022-03-11,277.441127086034,278.9345249185214,269.22271985726513,269.83935546875,27209300
2022-03-14,270.099573663449,274.9747366839514,265.74469344120354,266.342041015625,30660700
2022-03-15,270.1091737905865,277.3063052834026,268.54835505285934,276.6607666015625,34245100
2022-03-16,278.54916547604324,283.80973979385806,272.8550761301039,283.6363220214844,37826300
2022-03-17,282.5764817272433,284.81171260660994,278.7996616158856,284.43597412109375,30816600
2022-03-18,284.5805258339528,290.0048741986634,282.0369767782839,289.4556884765625,43390600
2022-03-21,287.9718985278678,289.17623743354596,284.12762874703543,288.2320251464844,28351200
2022-03-22,288.8486670583763,293.85872928601555,287.85629285362114,292.95306396484375,27599700
2022-03-23,289.53274726035676,292.1533901687108,286.84465430957243,288.54998779296875,25715400
2022-03-24,288.2127385462436,293.08789961459325,287.42268524354915,292.9915466308594,24484500
2022-03-25,294.0803426717011,294.3404693263562,288.3573210468133,292.5869445800781,22566500
2022-03-28,293.21315853638436,299.4468179763362,293.21315853638436,299.3504943847656,29578200
2022-03-29,302.4432514351578,304.2834849768808,297.7607660592807,303.8884582519531,30393400
2022-03-30,302.29866543748443,304.40866924528797,300.198276345619,302.3949890136719,28163600
2022-03-31,302.4335907750661,303.6283150055242,296.643149106342,297.04779052734375,33422100
2022-04-01,298.0691183624966,298.801365976558,294.3790361342476,298.1173095703125,27110500
2022-04-04,298.76276415932574,303.5993787276326,298.39664041936675,303.4645080566406,24289600
2022-04-05,301.826575864707,303.36813547948924,298.5507800600473,299.5238952636719,23156700
2022-04-06,294.04175386251336,295.7856342398464,285.8715081688589,288.5596008300781,40110400
2022-04-07,285.8232966137455,292.5579491702881,285.5246229703635,290.3612365722656,31411200
2022-04-08,289.4652859924413,290.1204393434208,285.4572423231668,286.1220397949219,24361900
2022-04-11,281.13124798929533,281.921271966205,274.5892708132743,274.83978271484375,34569300
2022-04-12,278.6743681898196,280.11957482236716,270.24399616662504,271.75665283203125,30966700
2022-04-13,272.40219747053607,278.0384799408657,271.0244114373308,277.1135559082031,21907200
2022-04-14,277.56643644763085,277.7784013045191,269.1168039398963,269.608154296875,28221600
2022-04-18,268.72171390745734,272.14202437159116,268.1725283526451,270.27288818359375,20778000
2022-04-19,269.1745633932946,275.7165404624221,268.2399952405621,274.8782958984375,22297700
2022-04-20,278.8285578322928,279.1176168323527,274.9457700942281,275.89959716796875,22906700
2022-04-21,278.03846671115735,282.5860513093376,269.82970383090816,270.55230712890625,29454600
2022-04-22,271.39059991716476,272.8550951713469,263.393799558569,264.0200500488281,29405800
2022-04-25,263.30702351755633,270.8413451266627,260.8790575428307,270.4656066894531,35678900
2022-04-26,267.36328244773966,268.19185364215673,260.13724778699,260.3492126464844,46518400
2022-04-27,271.7952455176826,280.34123080111425,268.9626376903315,272.87432861328125,63477700
2022-04-28,274.77226623006675,280.3507709313544,271.1785092154358,279.0500793457031,33646600
2022-04-29,278.0673355494749,279.2909624684129,266.3997165093704,267.3824462890625,37073900
2022-05-02,267.56559909941353,274.53150699101036,266.1300363109666,274.07867431640625,35151100
2022-05-03,273.5872988286567,273.7511018849256,269.9164755719785,271.4869384765625,25978600
2022-05-04,272.2672643508038,280.254447114598,266.62133844584713,279.3873291015625,33599300
2022-05-05,275.1095502622621,275.8899595127689,264.3186620189304,267.2187194824219,43260400
2022-05-06,264.77149224146683,269.0493063035853,261.3607962940362,264.6944274902344,37780300
2022-05-09,260.19503987214216,262.41101195577926,253.70125314465557,254.9152069091797,47726000
2022-05-10,261.7654605643178,263.75020864058513,255.38728670730274,259.65545654296875,39336400
2022-05-11,255.97503719293763,261.4475468907718,249.82808585226212,251.0324249267578,48975900
2022-05-12,248.27691919370875,250.38692367206517,240.88709615996444,246.02239990234375,51033800
2022-05-13,247.94935811246427,253.4315124530301,246.02241541005975,251.58163452148438,34925100
2022-05-16,250.46393914300643,256.10989508341936,246.43663699814542,251.94769287109375,32550900
2022-05-17,256.3892786113193,258.52818561527994,252.87261500014733,257.0733642578125,28828800
2022-05-18,253.98307348210693,254.56250844134237,244.10381205020883,245.368896484375,31356000
2022-05-19,245.19505877898175,248.83582357923467,243.24432488041336,244.46112060546875,32692300
2022-05-20,248.4205560699694,249.67600344933274,237.9908442252686,243.90101623535156,39199300
2022-05-23,246.7306193486093,252.53456328015793,244.7412333555336,251.7136993408203,33175400
2022-05-24,249.04834073920725,252.3703743626756,244.80883629191553,250.71900939941406,29043900
2022-05-25,249.2898136627453,255.50899437779583,248.31443157557405,253.51962280273438,28547900
2022-05-26,253.2781100641193,257.9521680064266,252.46691284814418,256.7836608886719,25002100
2022-05-27,259.27522501006564,263.96858669067194,258.38675406725025,263.87200927734375,26910800
2022-05-31,263.1863868585538,265.3495796777819,259.709805919586,262.54901123046875,37827700
2022-06-01,265.7648261496329,268.16944748829445,260.78173234380733,263.08013916015625,25292200
2022-06-02,255.38343546239255,265.2337143251771,252.63114082746247,265.1661071777344,44008200
2022-06-03,261.0424863281772,264.074846353105,259.20763325124227,260.7624206542969,28059000
2022-06-06,262.732495427998,264.77980709613064,258.0584370323219,259.5359802246094,22400300
2022-06-07,257.49830250093424,263.76578441208926,256.8222901054273,263.1573791503906,22860700
2022-06-08,262.39448666074105,263.6402676057848,260.3664787079768,261.1390686035156,17372300
2022-06-09,258.5992253476871,263.3601943996646,255.55722824112877,255.7117462158203,26439700
2022-06-10,251.64602827171365,251.64602827171365,243.87203349036625,244.31626892089844,31422800
2022-06-13,236.70642597708846,240.48237551040242,233.24916419131782,233.95413208007812,46135800
2022-06-14,235.49930650770008,237.3148557778769,233.2298699199791,236.1077117919922,28651500
2022-06-15,239.79674911112798,246.54710394987805,237.97154789524555,243.1284637451172,33111700
2022-06-16,237.5466256119709,238.9372578860195,234.6881168136664,236.57125854492188,33169200
2022-06-17,236.31050590715876,241.91165700040483,235.6634784930398,239.15936279296875,43084800
2022-06-21,241.67987371090587,246.0159401392919,240.95558733169304,245.0405731201172,29928300
2022-06-22,243.25404571367093,248.35303646082863,241.7861542147066,244.4515380859375,25939900
2022-06-23,246.8078191002136,250.47752474998597,244.93432941875366,249.98500061035156,25861400
2022-06-24,252.83386609569553,258.7923411858124,252.74695527389528,258.5219421386719,33923200
2022-06-27,259.01451757812606,259.1014284270325,254.25354775871855,255.80836486816406,24615100
2022-06-28,254.92949381458487,257.7590321077553,247.53211228973697,247.68663024902344,27295500
2022-06-29,248.7586241058545,252.9884622351122,246.99136317151596,251.33709716796875,20069800
2022-06-30,248.23707094153858,250.6320551562228,244.22935890804,248.0246124267578,31730900
2022-07-01,247.599724121051,250.86381660731956,245.88073757874744,250.68032836914062,22837700
2022-07-05,247.3775600381912,253.96374346725312,246.00624649481796,253.83819580078125,22941000
2022-07-06,254.70738716056056,258.8020102285566,253.4036657301254,257.0830383300781,23824400
2022-07-07,256.0304829734668,259.8354043168909,255.93390553134637,259.1980285644531,20859900
2022-07-08,255.71173945693104,258.9082544536916,254.26316663768768,258.48333740234375,19658800
2022-07-11,256.5422605778031,257.39209474736157,253.19122734678487,255.4413604736328,19455200
2022-07-12,256.76436593684815,256.82230649201273,243.39885616958918,244.9729766845703,35868500
2022-07-13,241.6122686543637,244.8570720526818,239.60357943296265,244.05552673339844,29497400
2022-07-14,241.97924175908412,246.3925521414669,237.50797609226328,245.368896484375,25102800
2022-07-15,246.9526960395664,251.44326589652985,246.03526953214475,247.9184112548828,29774100
2022-07-18,250.84453005870418,251.89715611893087,244.6156697955208,245.53309631347656,20975000
2022-07-19,248.74892353389214,250.81556833510322,244.98263991671732,250.632080078125,25012600
2022-07-20,250.98935133409913,255.78895661231545,250.0333028054799,253.27809143066406,22788300
2022-07-21,250.8832047027095,255.80835899336086,248.2178208456123,255.7600555419922,22404700
2022-07-22,256.14625752229273,256.2331683426446,250.18781200275956,251.43356323242188,21881300
2022-07-25,252.05166965931448,252.53452726402583,248.0053205741304,249.9560546875,21056000
2022-07-26,250.95077295289985,250.97010612123876,241.0135833692988,243.26368713378906,39348000
2022-07-27,252.2061678876976,260.79136010238045,249.97536828625238,259.5262756347656,45994000
2022-07-28,260.50156352764697,268.3141926099581,258.68601501453384,266.9332275390625,33459300
2022-07-29,268.17914544538223,272.33170936707273,267.1458230211277,271.1148986816406,32152800
2022-08-01,268.29499686655436,271.63636311853617,266.38287021128184,268.4784851074219,21539600
2022-08-02,266.53736387741355,268.362579537139,263.04147997964446,265.3978271484375,22754200
2022-08-03,267.2713577584934,273.7802690088794,267.12647689627147,272.78558349609375,23518900
2022-08-04,272.13850053519735,274.0699307149256,270.5644096945988,273.9250793457031,18098700
2022-08-05,269.57935118815436,273.9250689272582,269.1254639343299,273.21044921875,16774600
2022-08-08,274.31141927705306,276.11733164460054,269.74360476800535,270.7093200683594,18739200
2022-08-09,270.05262233660574,273.3746556298809,268.09219211802474,272.62139892578125,23405200
2022-08-10,278.29019759892526,279.87395540358807,277.1023571419585,279.2462463378906,24687800
2022-08-11,280.8782402159332,281.22588350260514,276.6870402559907,277.1795349121094,20065900
2022-08-12,278.5895808890098,281.9019775390625,277.1023709654231,281.9019775390625,22619700
2022-08-15,281.02315975011504,284.09412741241835,280.1636589641089,283.4084777832031,18085700
2022-08-16,281.97918336040345,283.9589172842201,280.46303283251734,282.67449951171875,18102900
2022-08-17,280.4001752678812,283.89382169759233,280.13888939328456,281.92926025390625,18253400
2022-08-18,280.8357814390951,282.5003387388935,279.76154672598557,280.8164367675781,17186200
2022-08-19,279.5873182545467,279.9260419302894,276.35498651754625,276.92596435546875,20570000
2022-08-22,272.9871317684134,273.3548871851572,268.28380815555704,268.7967224121094,25061100
2022-08-23,267.529052734375,269.87102831630875,266.5225685121157,267.529052734375,17527400
2022-08-24,266.5321164638544,268.2934555497755,266.24176929336426,266.8998718261719,18137000
2022-08-25,268.39027578883355,270.0258011315452,265.67085828538086,269.8612976074219,16583400
2022-08-26,270.0838482135881,271.3032415870308,259.34168014145877,259.4481201171875,27549300
2022-08-29,257.28036854850586,258.78039270297364,255.34483826720634,256.68035888671875,20338500
2022-08-30,258.0739373346952,258.4416632715631,252.25765951741022,254.49319458007812,22767100
2022-08-31,256.8351555238569,258.4996828935802,252.9060026363371,253.04150390625,24791800
2022-09-01,250.5253174553684,252.4802216307378,247.1768588698768,252.00599670410156,23263400
2022-09-02,253.2640858923777,256.2060699210947,246.26713504013372,247.80587768554688,22855400
2022-09-06,247.9414053865417,249.51883753175827,243.8187170261839,245.08648681640625,21328200
2022-09-07,246.48975437812405,250.48661397846638,245.0574662441124,249.77047729492188,24126700
2022-09-08,249.20917715444372,252.03503444444726,246.57684037919475,250.1865997314453,20319900
2022-09-09,252.10282364921977,256.68036347856776,251.89960123552532,255.93516540527344,22084700
2022-09-12,257.21261449388913,258.828795252262,256.61260484004885,258.0545654296875,18747700
2022-09-13,250.49629269213037,252.00600375133774,243.47999634028216,243.8671112060547,33353300
2022-09-14,245.3574916342139,246.03492427019088,241.8057953877336,244.0897216796875,23913000
2022-09-15,241.71864109172554,243.2960878234106,236.15399296543862,237.47015380859375,31530900
2022-09-16,236.38627698047728,237.3927608644155,234.25719690326952,236.85081481933594,39791800
2022-09-19,234.65397254260654,237.23790323040416,233.0861980227324,236.6378936767578,26826900
2022-09-20,234.26688762643548,235.66045686379198,231.91521092748422,234.63462829589844,26660300
2022-09-21,236.39592205260465,239.6766442757878,231.19901481038312,231.24740600585938,28625600
2022-09-22,230.20222575018326,235.99914265894625,229.91190810164895,233.21197509765625,31061200
2022-09-23,231.8184307644762,233.35718839815166,227.61833404254136,230.2506561279297,34176000
2022-09-26,229.4087220067833,233.66688257896323,229.26354838030127,229.7958221435547,27694200
2022-09-27,232.24423519066093,234.00557453802256,226.9408872481293,228.78932189941406,27018700
2022-09-28,229.1764146595356,234.5184812999227,227.16346179841986,233.29910278320312,29029700
2022-09-29,231.18940064159077,232.215229269323,226.85381719409244,229.84420776367188,27484200
2022-09-30,230.60872427461211,232.78619560885667,225.22795302914213,225.39247131347656,35694800
2022-10-03,227.82157728205974,233.82171772604818,227.09575348399042,232.97976684570312,28880400
2022-10-04,237.18953820241006,242.28966427196394,237.08308345370094,240.8573760986328,34888400
2022-10-05,238.0605356080036,242.50257374872547,236.23146021082852,241.16705322265625,20347100
2022-10-06,239.9379683013216,242.27028548507374,238.1476119193884,238.834716796875,20239900
2022-10-07,233.13457344372063,233.54104772265964,225.65375442204814,226.68927001953125,37769600
2022-10-10,225.5376480865996,226.99896799750226,219.42136587622,221.86013793945312,29743600
2022-10-11,220.28270418108383,221.6762883943557,216.88585373642715,218.14395141601562,30474000
2022-10-12,218.1342225142281,220.51493088352666,216.74065333491876,218.4729461669922,21903900
2022-10-13,212.76313280674802,228.4893134395643,212.06634085274027,226.68927001953125,42551800
2022-10-14,227.94734744050535,229.59255965182822,220.9794428267959,221.19235229492188,30198600
2022-10-17,228.21834487388986,231.2571263231049,227.5602570081076,229.8732147216797,28142300
2022-10-18,235.39913093949428,236.0668762917367,227.78281141494242,230.81192016601562,26329600
2022-10-19,229.39901697875123,231.88618020226818,226.7376631373762,228.85707092285156,19985700
2022-10-20,228.16997903446602,233.53139112693572,227.29898159472276,228.5377197265625,21811000
2022-10-21,227.17318083073934,235.166915097807,226.9409118947973,234.31527709960938,26299700
2022-10-24,235.90237181871956,239.85085446829365,233.52167838261744,239.27987670898438,24911200
2022-10-25,239.28956155004425,242.94771196115997,237.90566472884615,242.57997131347656,34775500
2022-10-26,223.71824496136685,230.61841449713438,222.64402516459023,223.86341857910156,82543200
2022-10-27,223.592409520333,226.15699552057893,218.50197115457948,219.44070434570312,40424600
2022-10-28,218.94715681380413,228.97320270821285,218.76327910286216,228.2667236328125,40647700
2022-10-31,226.22475535763192,227.3473663725247,223.69888795758465,224.64730834960938,28357300
2022-11-01,227.0376467456196,228.14089811809833,220.00199193356548,220.81491088867188,30592300
2022-11-02,222.06337802281334,223.8440621960301,212.94701812750728,213.00509643554688,38407000
2022-11-03,212.9954026993864,213.3050945982589,207.08235775345725,207.34365844726562,36633900
2022-11-04,210.5372801806807,214.447044310669,206.5500783111964,214.2534942626953,36789100
2022-11-07,214.8341789629505,221.04722910682952,214.1470592473895,220.52462768554688,33498000
2022-11-08,221.32783708020688,224.18274067732156,218.56002878294467,221.4923553466797,28192500
2022-11-09,220.04072724111327,221.26012061364744,217.098728086194,217.27291870117188,27852900
2022-11-10,227.84090847628838,235.4862608906142,227.42477661146236,235.1475372314453,46268000
2022-11-11,235.15723711883936,239.99606241623323,234.1313937515766,239.14442443847656,34620200
2022-11-14,234.18949089813225,236.0475981897714,231.4991049977139,233.763671875,31123300
2022-11-15,237.74116029609917,239.03796188941354,232.29263846364998,234.17010498046875,31390100
2022-11-16,235.62588773747976,236.60609472388734,233.32582505424276,234.59716796875,24093300
2022-11-17,230.76368475624398,236.0722794395261,230.6181168177236,234.54859924316406,23123500
2022-11-18,236.32456307646515,236.5477869566877,231.97676193163215,234.10214233398438,27613500
2022-11-21,234.30595375905,237.45035420758848,234.0730450796648,234.9076690673828,26394700
2022-11-22,236.4022474427257,238.0714956068187,233.60723931445074,237.7997589111328,19665700
2022-11-23,237.87737314142396,240.9538320187203,237.06216314669393,240.2744903564453,19508500
2022-11-25,240.01248322560096,241.36146712631268,239.44959583276983,240.1871795654297,9200800
2022-11-28,238.81877021422886,239.37194317865058,233.69457155598104,234.62623596191406,24778200
2022-11-29,234.27683765009397,235.62582136830417,231.1809796211648,233.23841857910156,17956300
2022-11-30,233.47133933183883,247.79580032500542,232.78228328422537,247.6114044189453,47594200
2022-12-01,246.37890225412923,248.56251016658027,243.51595261951238,247.17471313476562,26041500
2022-12-02,242.44842226131698,248.5042854543991,242.32225350861475,247.49497985839844,21528500
2022-12-05,244.57375787361877,246.3303613663216,240.74031627098933,242.81716918945312,23435300
2022-12-06,243.41887208872768,244.4281775081437,236.58659838862874,237.88705444335938,22463700
2022-12-07,237.60564320065706,238.89639979977625,235.0629579890975,237.15921020507812,20481500
2022-12-08,237.61536472861388,241.4002941181583,235.88788937538192,240.09982299804688,22611800
2022-12-09,237.47946700334126,240.9829448599812,236.95540766792848,238.17822265625,20609700
2022-12-12,240.1483469667902,245.08814984287235,239.87661027319498,245.0590362548828,30665100
2022-12-13,253.96811982675712,256.13232821113195,245.60248135221084,249.33888244628906,42196900
2022-12-14,249.54274040610767,254.84162114511395,246.80594445741409,249.6300811767578,35410900
2022-12-15,246.2333179219407,246.6991500991899,240.04157204816326,241.66229248046875,35560400
2022-12-16,241.21587335248572,242.4678019516118,236.3245836806278,237.4697723388672,86102000
2022-12-19,237.63476384948163,237.97444210459676,231.66624165874438,233.35488891601562,29696400
2022-12-20,232.33586378495446,235.74230142731602,231.38478542376703,234.66505432128906,25150800
2022-12-21,234.55829818550004,238.37232600874938,233.02491849714485,237.21743774414062,23690600
2022-12-22,234.14099458820857,234.84946471293264,226.96905623748663,231.16159057617188,28651700
2022-12-23,229.14295316711923,231.8215067666557,227.0369865095698,231.68563842773438,21207000
2022-12-27,231.65651213728756,231.87972122287346,228.87120393787913,229.96786499023438,16688600
2022-12-28,229.89993593986588,232.64643111207874,227.26019552023155,227.6095733642578,17457100
2022-12-29,228.69647674233894,234.78146686926897,228.69647674233894,233.8983154296875,19770700
2022-12-30,231.18097605137052,232.87933756720665,229.67671003277965,232.74346923828125,21938500
2023-01-03,235.9073132717817,238.4985264103855,230.3949082976441,232.51058959960938,25740000
2023-01-04,225.4259564644858,225.99854338319813,219.2924526600918,222.3397979736328,50623400
2023-01-05,220.49587519530553,220.8355534662342,215.21639405316571,215.7501678466797,39585600
2023-01-06,216.4197883428899,219.09834182718123,212.8774972822173,218.29283142089844,43613600
2023-01-09,219.76801523516428,224.41668242466997,219.72920205241053,220.41824340820312,27369800
2023-01-10,221.03935048334114,224.48460157088834,220.62204584662,222.09719848632812,27033900
2023-01-11,224.4651718383663,228.98766979827053,224.2904903213458,228.81298828125,28669300
2023-01-12,228.3180220940589,232.821105949786,226.6681880812586,231.4721221923828,27269500
2023-01-13,230.00664401224708,232.30670571363828,227.98801852406052,232.17083740234375,21333300
2023-01-17,230.9480815858975,233.80133166035085,230.0940435204723,233.2578582763672,29831300
2023-01-18,234.4418366169308,235.22793302598163,228.57035512507287,228.85179138183594,30028700
2023-01-19,226.8817052615486,228.57036731781892,223.8731729886452,225.08628845214844,28623000
2023-01-20,227.92984354153225,233.63634353931783,227.59016528126836,233.13168334960938,35389800
2023-01-23,233.98573343923675,237.9356299735096,232.578507553011,235.42205810546875,31934000
2023-01-24,235.34442805481387,236.7516391990006,233.3452159013229,234.8979949951172,40234400
2023-01-25,227.56105444486033,236.12080454500452,224.0866898660757,233.5101776123047,66526600
2023-01-26,236.46045082013288,240.9829486422917,234.85914439539755,240.68209838867188,33454500
2023-01-27,241.64289751902396,242.458107545592,239.5466304719591,240.83738708496094,26498900
2023-01-30,237.2950922529375,238.3529402272609,235.0532571701788,235.5482177734375,25867400
2023-01-31,236.26636386768823,240.63357952072695,235.78111768401726,240.49771118164062,26541100
2023-02-01,240.68209268360533,247.65022035562143,238.22674832599188,245.29193115234375,31259900
2023-02-02,251.18288227448434,256.879668654006,249.65920190306966,256.7923278808594,39940400
2023-02-03,251.88160340231477,256.4041014975154,249.51359959938435,250.72671508789062,29077300
2023-02-06,249.84354121530777,250.67815038089995,247.26202813154237,249.19329833984375,22518000
2023-02-07,252.84241675056464,260.83926569165476,252.40568326679633,259.66497802734375,50841400
2023-02-08,265.13846022946933,268.593409822923,258.35470014039424,258.859375,54686000
2023-02-09,265.7207439153009,265.89545501462214,255.04533006072302,255.8411407470703,42375100
2023-02-10,253.81288289399168,256.29734113427406,252.96855922241394,255.33656311035156,25818500
2023-02-13,259.7426206728503,266.49724001770915,259.26705921966635,263.31402587890625,44630900
2023-02-14,264.624192764422,266.85631358119707,261.3342091005598,264.1389465332031,37047900
2023-02-15,261.0547562578646,263.39950469785816,258.9726863891012,262.0276794433594,28922400
2023-02-16,256.8711651698153,259.5175173851741,254.8085727958793,255.0518035888672,29603600
2023-02-17,252.36654467181947,253.04757304733442,249.06832101285343,251.07254028320312,30000100
2023-02-21,247.58946437392655,248.57212619836037,244.77771723097973,245.82847595214844,28397400
2023-02-22,247.21003358389876,247.45326436545926,243.56157186049097,244.69989013671875,22491100
2023-02-23,248.6402152353794,249.88555556651798,243.69776430121092,247.87161254882812,29219100
2023-02-24,243.19189234867713,244.20372595601927,241.38225458242883,242.471923828125,24990900
2023-02-27,245.62418557007777,245.97443849874284,242.63730436651332,243.38645935058594,21190000
2023-02-28,242.32595921726772,244.68043129479227,241.99515408663171,242.66647338867188,22491000
2023-03-01,243.9701913432016,244.13558648881542,239.1347623459425,239.60177612304688,27565300
2023-03-02,239.8742028427946,244.592871158647,238.95965271701235,244.31072998046875,24808200
2023-03-03,245.36148024067188,248.69859936512998,244.58313878749726,248.37753295898438,30760100
2023-03-06,249.48670630896015,253.07679554061426,249.04889380779935,249.914794921875,24109800
2023-03-07,249.36018084473946,250.71255821742662,246.528985881538,247.26840209960938,21473200
2023-03-08,247.16137194826737,247.6478334867659,244.01883456634258,246.83058166503906,17340200
2023-03-09,248.8932070956166,252.53193017156482,244.76800759955387,245.48797607421875,26653400
2023-03-10,244.28153159617614,245.94522176909533,240.89576339451983,241.85894775390625,28333900
2023-03-13,240.70115431743469,250.92658497582,239.07637462103207,247.04461669921875,33339700
2023-03-14,249.79801983882402,254.00105499083594,248.93211882541823,253.7286376953125,33620300
2023-03-15,252.9405940179142,259.26459506275955,252.19142412250247,258.25274658203125,46028000
2023-03-16,258.0289293565625,269.0716125790634,256.15119488258745,268.72137451171875,54768800
2023-03-17,270.72558821466924,275.6582857099673,268.83811504692954,271.8638916015625,69527400
2023-03-20,269.4802097016117,269.96667117719255,262.5432643092286,264.85882568359375,43466600
2023-03-21,267.4371343013886,267.5538803349331,262.2222505034053,266.3669128417969,34558700
2023-03-22,265.9971973475459,273.43034485869043,264.81022985408475,264.9172668457031,34873300
2023-03-23,270.4142935461412,273.4498093699548,267.7484933121212,270.1418762207031,36610900
2023-03-24,269.73317213434575,273.0313954676099,267.826251303453,272.9730224609375,28172000
2023-03-27,272.90492269572303,273.8389205347129,268.0597550905618,268.896484375,26840200
2023-03-28,268.32248351379377,268.6630125541161,264.68373074732534,267.77764892578125,21878600
2023-03-29,271.4066545555062,273.5276497515444,270.87155865821495,272.9147033691406,25087000
2023-03-30,276.53397442659906,276.757727762298,273.8584356014265,276.35882568359375,25053400
2023-03-31,276.0474774481902,281.43744995850153,275.33723290766795,280.49371337890625,32766000
2023-04-03,278.7619010121522,280.46451634607917,276.26151134425334,279.45269775390625,24883300
2023-04-04,279.4527167048261,282.58553031935185,277.9349590223858,279.404052734375,25824300
2023-04-05,278.11008412867955,279.3748723279069,275.25942646851195,276.6409606933594,22064800
2023-04-06,275.5415966022882,284.171421432575,274.39355424617895,283.7044372558594,29770300
2023-04-10,281.3791420104247,281.75859635291374,277.0009871179317,281.5542907714844,23103000
2023-04-11,278.0127931758795,278.2365761916983,274.0140932371224,275.1718444824219,27276600
2023-04-12,277.07875205265157,279.23864232032844,274.32536331001984,275.8139343261719,27403400
2023-04-13,275.91120566345813,282.0503468765026,275.50259466661186,281.9919738769531,24222700
2023-04-14,279.22894208294247,280.66887902365164,276.00856885442937,278.3922424316406,20987900
2023-04-17,282.0795713658837,283.7043659155023,278.41166217437114,280.98016357421875,23836200
2023-04-18,283.67522525510293,283.86008303886325,279.2386978273748,280.5618591308594,20161800
2023-04-19,278.24623650358313,281.22337847869596,276.8355159823551,280.6396484375,17150300
2023-04-20,277.5262765736857,281.20392420443534,277.3608666050033,278.36297607421875,23244400
2023-04-21,277.2928296281938,278.51869257683563,275.3956176560884,278.02252197265625,21676400
2023-04-24,274.4519370721957,277.2345132199959,271.173190218911,274.1405944824219,26611000
2023-04-25,271.94171485112884,273.97512034038175,267.91379941457996,267.96246337890625,45772200
2023-04-26,288.66631890750085,291.45860367890464,284.80381270160626,287.372314453125,64599200
2023-04-27,287.9560271426598,296.9361172975543,287.25552138127716,296.57611083984375,46462600
2023-04-28,295.7783383038111,300.5651029592613,295.097280309873,298.9403381347656,36469600
2023-05-01,298.6582633895383,300.24413310215317,296.8875358766026,297.28643798828125,21294100
2023-05-02,299.42684782678805,300.8083821173536,295.681087639922,297.1404724121094,26404400
2023-05-03,298.31766627691815,300.25377368049993,295.85617210321027,296.15777587890625,22360800
2023-05-04,297.94798558856564,299.42684782678805,295.1848873161754,297.1404724121094,22519900
2023-05-05,297.4420521379096,303.5228215296377,296.03130176252597,302.2385559082031,28197100
2023-05-08,301.7326615616671,301.8007733081372,297.8020437181864,300.292724609375,21318600
2023-05-09,299.6603928357848,301.64516479019926,298.0161499933003,298.6874694824219,21340800
2023-05-10,300.2635487654328,304.52495706862396,299.33928955394174,303.8536376953125,30078000
2023-05-11,301.7035172755466,302.6958883395591,297.96749541594016,301.7132263183594,31680200
2023-05-12,302.14127044452766,302.2385686971637,298.29824184109515,300.60406494140625,19774700
2023-05-15,300.7305724404115,301.50889913783726,299.26144888091557,301.080810546875,16336500
2023-05-16,301.4407550392499,305.2157014683238,301.4407550392499,303.2990417480469,26730300
2023-05-17,304.4983225212711,306.58491370331046,302.986977417283,306.1656494140625,24315000
2023-05-18,306.6824666262682,311.07995152372933,305.8926785291236,310.5729064941406,27276000
2023-05-19,308.8373747474863,310.79723506942764,308.47661095325554,310.3974609375,27546700
2023-05-22,310.6509792014614,314.54141972113337,310.0757031921086,313.1665954589844,24115700
2023-05-23,312.04526511786804,314.66815212283035,307.3845270869392,307.394287109375,30797200
2023-05-24,306.8774578305602,308.60328539686515,304.8103271006574,306.0194091796875,23384900
2023-05-25,315.1751430242443,318.7438294879401,312.0159906409768,317.7882995605469,43301700
2023-05-26,315.935693050292,325.0816668912498,315.7992015223041,324.58441162109375,36630600
2023-05-30,326.86600894737563,327.36326419300417,322.2735022093098,322.9462890625,29503100
2023-05-31,323.9993748636306,327.5583014347169,319.16310540886235,320.1966857910156,45950600
2023-06-01,317.7980879864151,325.2084750715489,316.61828563761367,324.28216552734375,26773900
2023-06-02,325.9104672337744,329.0793797798021,324.25287030723234,327.0317687988281,25873800
2023-06-05,326.8562209549611,330.11288397336966,326.31019540433937,327.5582580566406,21307100
2023-06-06,326.96353250247705,327.0025428376745,323.88240041372416,325.3547058105469,20396200
2023-06-07,323.37532887108034,326.1444673202271,314.45362725824225,315.3116760253906,40717100
2023-06-08,315.85776302496004,318.49041045789704,315.28248697978324,317.14483642578125,23277700
2023-06-09,316.8815191818162,321.7567696311191,316.3160032224107,318.6366271972656,22529000
2023-06-12,320.38188031031484,323.81407497291605,317.04722634427355,323.5703125,24260300
2023-06-13,326.12499527780267,328.5723804542734,322.1468041193806,325.9494934082031,22951300
2023-06-14,325.9981598073163,330.58090595598725,324.50633474294636,328.9233093261719,26003800
2023-06-15,329.0598905688736,341.1114945004108,328.78687775426107,339.4149169921875,38899100
2023-06-16,342.55453717316414,342.70078870657477,333.4183243934552,333.788818359375,46552000
2023-06-20,330.84420359010136,333.54508130008793,327.48026928452794,329.6156311035156,26375400
2023-06-21,327.97762052750534,329.30370423031894,323.78491670401513,325.23773193359375,25117800
2023-06-22,325.7836965611128,331.63399647710884,325.0231587622799,331.2342224121094,23556800
2023-06-23,326.01771828331994,329.5279043913859,325.13044892910204,326.6612548828125,23146900
2023-06-26,325.3937413274087,327.72409574191425,320.2942182667598,320.4014892578125,21520600
2023-06-27,323.58006632131827,327.76303899280276,321.0839407974331,326.22247314453125,24354100
2023-06-28,326.31026905867196,329.5474425224492,325.48147052492266,327.4705810546875,20259500
2023-06-29,326.35897729326905,327.72404134255896,324.3211263632283,326.69049072265625,16997000
2023-06-30,329.3231809112348,334.17894126353815,328.7869152430103,332.0435791015625,26832800
2023-07-03,330.727231395335,332.394558661991,328.1726050055835,329.5571594238281,12508700
2023-07-05,326.7295447808277,333.1258712588089,326.37854101667716,329.71319580078125,18172400
2023-07-06,328.8842999586327,334.43233594271175,327.12922214467216,332.7552490234375,28161200
2023-07-07,330.8539462339244,333.2623207283037,328.5918232764179,328.80633544921875,21214800
2023-07-10,326.25178071727987,326.8660670625544,319.4166697574399,323.5508728027344,32791400
2023-07-11,322.80001130179477,324.5550891855568,318.8413111644658,324.1748352050781,26698200
2023-07-12,328.20182929500714,333.1258197926784,327.29503995487715,328.786865234375,29995300
2023-07-13,331.0879653631058,335.16366709536976,330.5614300476907,334.1106262207031,20567200
2023-07-14,338.9176246633776,342.66181307865304,335.71946186556954,336.6262512207031,28352700
2023-07-17,337.05526407197954,338.33257714303016,333.6621092446477,337.1040344238281,20363900
2023-07-18,337.20153461943244,357.62884439822335,333.63287773911316,350.5207214355469,64738600
2023-07-19,352.72436118966306,353.4166384044317,343.6466474604791,346.22076416015625,39732900
2023-07-20,344.74842283159865,349.03863672095343,336.7530012262202,338.215576171875,33778400
2023-07-21,340.43870595783125,341.56000752112044,331.35123269865875,335.19293212890625,69405400
2023-07-24,337.2210384138867,338.2643490243122,333.76935318489967,336.4994812011719,26678100
2023-07-25,338.4496449197473,343.11041322520174,336.460564028573,342.2231140136719,41637700
2023-07-26,332.92106736693563,336.07048951280683,324.7988843745913,329.3426208496094,58383700
2023-07-27,331.9850338749244,332.8138025679025,320.8401897883476,322.4685363769531,39635300
2023-07-28,325.34498615387326,331.5268003348271,324.8574610945914,329.9277038574219,28484900
2023-07-31,328.51386838696095,329.2744062182313,325.0426629130829,327.538818359375,25446000
2023-08-01,326.8270321220212,330.093455775555,325.374217054016,327.9483337402344,18311900
2023-08-02,325.3059183538415,325.3059183538415,318.2172862001048,319.328857421875,27761300
2023-08-03,317.8663510212776,321.6495503895118,317.81761041591994,318.5098876953125,18253700
2023-08-04,323.5996401737791,326.7783131025437,319.07539331182784,319.6019287109375,23741500
2023-08-07,320.17717126140934,322.8487988022052,319.3483727907042,321.8737487792969,17741500
2023-08-08,318.802307526203,320.54765518196075,314.94111824721926,317.9150085449219,22327600
2023-08-09,318.3245710835293,318.94858760325343,313.03978705069517,314.19036865234375,22373300
2023-08-10,317.88573364435064,320.0698654893564,313.16649605600196,314.8728332519531,20113700
2023-08-11,312.26953644201075,314.3658880842269,311.2457160426732,313.0008239746094,24355500
2023-08-14,313.37138426545255,315.9747515213893,312.0940411840079,315.95526123046875,18836100
2023-08-15,314.9411611661193,316.9790121676308,312.89355014228914,313.82958984375,16966300
2023-08-16,313.4583447502476,316.9955245713373,312.48123017207456,313.0675048828125,20698900
2023-08-17,313.20426358487214,314.50381263909213,308.9733414603899,309.6280212402344,21257200
2023-08-18,307.29273496852556,311.0937247535903,304.4200159024574,309.2372131347656,24755000
2023-08-21,310.65399674996837,315.383227213463,309.7843803763491,314.51361083984375,24040000
2023-08-22,318.0507277854862,318.61744100027846,314.1031773769701,315.0802917480469,16084600
2023-08-23,316.40917150691627,321.66605140677217,316.0573948399172,319.5163879394531,21166400
2023-08-24,325.23254709942444,325.35957674760573,312.6375276630827,312.6473083496094,23281400
2023-08-25,314.11295718549064,317.91391657239774,311.5040487015702,315.5884094238281,21684100
2023-08-28,318.207066953983,318.68584344960186,314.3572339791844,316.29193115234375,14808500
2023-08-29,314.5136087751781,321.45112744073015,314.5136087751781,320.8941650390625,19284600
2023-08-30,321.14822344769897,322.262118428765,318.97902814860515,321.2654724121094,15222100
2023-08-31,321.66608035944125,323.3369376753796,319.30145033255354,320.259033203125,26411000
2023-09-01,323.7277749745022,324.3922056211829,319.3014478601216,321.138427734375,14942000
2023-09-05,321.47064520868975,327.18677054781415,321.13842988312655,325.91650390625,18553900
2023-09-06,325.7503980121673,326.80566842614127,322.62362005663084,325.2618408203125,17535800
2023-09-07,323.7082248346301,325.45723807010125,321.49993683780025,322.35980224609375,18381000
2023-09-08,322.53566438985524,328.4667555070914,321.92007759322064,326.6199951171875,19530100
2023-09-11,329.52203220068384,330.6750497904705,327.75345762157895,330.2060241699219,16583300
2023-09-12,328.13454656577954,329.08234867340195,323.89387388585794,324.1772155761719,17565500
2023-09-13,323.7277558674077,329.1409777651763,323.59097536312447,328.3690490722656,16544400
2023-09-14,331.388322477558,333.05917964974554,328.86738060055865,330.9486389160156,20267000
2023-09-15,329.20933588840836,329.6783316294123,322.10569642980454,322.66265869140625,37679800
2023-09-18,320.2981230556272,322.8386267343985,318.8910757818205,321.529296875,16834200
2023-09-19,318.7054373268487,321.85174708859677,317.0834237409372,321.128662109375,16505900
2023-09-20,321.9690173569062,322.0471733986375,313.17498661327795,313.42901611328125,21436500
2023-09-21,311.9535360525413,317.9041588491349,307.79101939102566,312.21734619140625,35560400
2023-09-22,313.96642687422224,314.09345652566765,308.9147319725734,309.75506591796875,21447900
2023-09-25,309.34461765593346,310.3999178157117,307.7910094721355,310.27288818359375,17836000
2023-09-26,307.9181144910141,308.6509504072707,302.92504360895043,304.9965515136719,26297600
2023-09-27,305.1528159801847,307.1070447852302,302.6025617027996,305.6316223144531,19410100
2023-09-28,303.8728115871533,308.2600757204857,302.3680768122536,306.4621887207031,19683600
2023-09-29,310.4780627905331,312.15870054663463,307.771466967037,308.5238342285156,24147300
2023-10-02,309.0417036720847,314.52333029570326,307.96687199890835,314.43536376953125,20570000
2023-10-03,313.48763043750324,314.03484198855955,304.0877937628594,306.2179260253906,21033500
2023-10-04,306.84323355961436,312.71570064039577,306.8139213204077,311.660400390625,20720100
2023-10-05,311.78742886180316,312.65707498694155,307.6933171593875,312.0512390136719,16965600
2023-10-06,309.30553078090355,321.65627028707706,309.0612521971817,319.77044677734375,25673600
2023-10-09,317.3179038998877,322.7408769349448,315.78382712320234,322.2718811035156,19891200
2023-10-10,323.3857337911902,323.5225441036011,320.1710492794707,320.87457275390625,20557100
2023-10-11,323.63001764409694,325.2031871666955,321.6074137138443,324.8123474121094,20063200
2023-10-12,323.0047438226922,325.99471177384464,321.1970760539996,323.58123779296875,19313100
2023-10-13,324.7732817040409,326.190079660526,318.8910340646987,320.2297058105469,21072400
2023-10-16,323.4737360067268,328.44727494049874,323.03405238313746,325.0273742675781,22158000
2023-10-17,322.0471583622745,325.828586634413,319.9170559493173,324.46063232421875,18338500
2023-10-18,324.8807739787621,327.909834737972,320.7866620472197,322.55523681640625,23153600
2023-10-19,324.54847946828954,329.17024042475526,323.3368673878529,323.73748779296875,25052100
2023-10-20,324.1283854502297,324.32382025517603,318.0018889823848,319.1939697265625,25027700
2023-10-23,318.0214287466955,325.1152889172781,316.96615830256553,321.7833251953125,24374700
2023-10-24,323.7179740081932,324.24562410946174,320.1026687848026,322.9656066894531,31153600
2023-10-25,337.12405114410626,338.27706897512115,329.89340944141463,332.8736267089844,55053800
2023-10-26,332.7465382675552,333.8115893601042,319.45777677753637,320.38604736328125,37828500
2023-10-27,322.8679216685348,329.0139799295623,320.8843805209721,322.2621154785156,29856500
2023-10-30,325.7796837612077,331.6814625082959,324.2358264617481,329.5904235839844,22828100
2023-10-31,331.0952162716641,331.241777466002,327.0304168400943,330.37213134765625,20265300
2023-11-01,332.01371654234873,339.46910432501784,331.8769062105877,338.1499938964844,28158800
2023-11-02,339.29324086548826,340.84684939451466,336.87976677643417,340.3485412597656,24348100
2023-11-03,341.62851616542054,346.27959030223104,339.38113512943426,344.7259521484375,23637700
2023-11-06,345.36113640793855,349.35753118619317,345.2634189928444,348.3706359863281,23828300
2023-11-07,351.17493911544506,354.16490704694723,349.44545721598166,352.2790832519531,25833900
2023-11-08,353.40267618539207,355.54255878691407,352.2985323074461,354.8879089355469,26767800
2023-11-09,354.00856480709007,356.441600143659,352.11296032697913,352.4354248046875,24847300
2023-11-10,353.2171111454846,361.63008249841977,352.8067397541227,361.2099304199219,28042100
2023-11-13,359.7930947254669,360.03737334526807,357.5261819771122,358.288330078125,19986500
2023-11-14,362.51919694143055,363.43768679672274,358.94295491704753,361.7961120605469,27683900
2023-11-15,363.5193564786247,365.3306930182784,359.4365063311856,361.9430236816406,26860100
2023-11-16,363.2060092906745,368.48335928952025,362.44231441681825,368.30712890625,27182300
2023-11-17,365.800587792621,366.54471142393174,359.3287679224242,362.11920166015625,40157000
2023-11-20,363.46060991672704,370.95070053235196,363.24520725093254,369.55059814453125,52465100
2023-11-21,367.8176632886869,368.35615509696635,363.3627506177611,365.2720031738281,28423100
2023-11-22,370.0989155578587,371.8515087359404,367.13225084262217,369.9520568847656,23345300
2023-11-24,369.44291677497637,370.0695536363756,367.29872033158176,369.54083251953125,10176600
2023-11-27,368.9043706026068,372.68370265137486,368.33650717542696,370.69610595703125,22179200
2023-11-28,370.4416329997911,374.994431479148,370.2556020402747,374.7007141113281,20453100
2023-11-29,375.738494499301,376.2671856758015,369.5505906614915,370.9311218261719,28963400
2023-11-30,370.57860354905085,372.14516552640623,367.6217398530599,370.9898376464844,30554400
2023-12-01,368.88479316220673,370.2555237215733,363.5486996979007,366.68182373046875,33040500
2023-12-04,361.3849610271203,361.79616532164505,355.31454343634607,361.42413330078125,32063300
2023-12-05,358.7903292029664,365.28172122334854,357.9776614584204,364.7334289550781,23065000
2023-12-06,365.73209860202707,366.35870548187097,360.33726166675575,361.0911560058594,21182100
2023-12-07,360.5331119373255,363.68580733396766,358.6630319776083,363.1962585449219,23118900
2023-12-08,361.4827646645753,366.63279656543034,360.5330390107442,366.4076232910156,20154400
2023-12-11,360.77793808950827,363.8327181906465,358.44768073859893,363.5389709472656,27708800
2023-12-12,363.09832185609827,366.59370717928465,362.7164594804309,366.5545349121094,24838300
2023-12-13,368.16027437565873,369.7464376106383,363.0200118977458,366.5447692871094,30955500
2023-12-14,365.50693426286074,365.9475401487158,356.5188251808004,358.28118896484375,43277500
2023-12-15,359.1819619943408,364.6159417445296,358.6238691889497,362.9808654785156,78502300
2023-12-18,361.72762335454945,365.2034079122954,360.97369907312446,364.8607177734375,21802900
2023-12-19,363.7249250586426,365.45794677734375,362.1094201402803,365.45794677734375,20603700
2023-12-20,367.161590586535,368.1700598934919,362.785023231556,362.8731384277344,26316700
2023-12-21,364.77259031859234,366.5839268091088,362.3052751851502,365.73211669921875,17708000
2023-12-22,365.8691539017797,367.3378001809741,364.9194281127133,366.7503356933594,17107500
2023-12-26,367.1615944273694,369.0610461329153,365.69294804965995,366.8287048339844,12673100
2023-12-27,365.8790367110042,367.2203958335403,365.0174259193831,366.2510986328125,14905400
2023-12-28,367.5238451750327,368.59105792655595,366.3391454974242,367.43572998046875,14327000
2023-12-29,368.140698335078,369.2764551389083,365.67338313483896,368.17987060546875,18730800
2024-01-02,366.04544293017665,368.04281055620135,359.10364399056556,363.1179504394531,25258600
2024-01-03,361.2968150611858,365.45797986261033,360.8072662610182,362.85357666015625,23083500
2024-01-04,362.9221232500447,365.30132326469203,359.49528162444665,360.2491760253906,20901500
2024-01-05,361.2576105124301,364.2830182415826,358.8392384604967,360.0631103515625,21004600
2024-01-08,361.58077277397365,367.3574731734819,361.296855951119,366.8581237792969,23134000
2024-01-09,364.2341014424794,368.1308907001316,363.4312342532303,367.9350891113281,20830000
2024-01-10,368.50297659226095,376.1399561660862,368.45403366179033,374.7691955566406,25514200
2024-01-11,377.93166039806545,382.5138298348758,372.42913685903,376.5903015136719,27850800
2024-01-12,377.43228480386114,380.55560821170843,376.6098464914054,380.3500061035156,21661200
2024-01-16,385.43155133047776,385.79381264906647,379.5177936668549,382.1123962402344,27202300
2024-01-17,379.8702558603142,381.95570842020396,376.76650366232656,381.3291015625,22234100
2024-01-18,383.53215294829613,385.75469397471676,381.9655906494616,385.63720703125,23392100
2024-01-19,387.48767542805655,390.33685302734375,385.2749052923237,390.33685302734375,29331100
2024-01-22,391.65865857195683,392.24612317895645,385.36306741354116,388.2220458984375,27016900
2024-01-23,387.4778603727062,391.0319893054533,385.69589563777015,390.56201171875,20525900
2024-01-24,393.14689994749176,397.15140596636934,392.07968703700567,394.14556884765625,24867000
2024-01-25,395.8687653294727,398.5025403738,394.1161721859946,396.4072570800781,21021200
2024-01-26,395.9177133168471,397.680107020746,394.0182614789132,395.4869079589844,17803300
2024-01-29,397.57235261817027,401.4104281984527,395.8785030835569,401.1558532714844,24510200
2024-01-30,403.64277019124665,404.41623575131524,397.9542157503529,400.0494689941406,33477600
2024-01-31,398.45356335794276,406.6388350866889,388.907361460185,389.2696228027344,47871100
2024-02-01,393.4307745878308,399.4718199134869,393.40140285508346,395.34002685546875,30657700
2024-02-02,395.36939499914837,404.0246140998081,395.12462060191353,402.62451171875,28256700
2024-02-05,401.3320936868834,402.5657662041655,395.5456233801517,397.1709289550781,25352300
2024-02-06,397.39614463854895,399.4424550677267,394.4882235276778,397.0142822265625,18382600
2024-02-07,398.9235343367266,405.64012962816963,398.88436206584436,405.3953552246094,22340500
2024-02-08,405.3953580956046,406.8738050650789,403.90714046810643,405.4541015625,21225300
2024-02-09,406.5702855474464,412.0238664464446,406.41362634312986,411.7594909667969,22032800
2024-02-12,411.76934525690655,411.94557567988477,406.0807897486926,406.58013916015625,21202900
2024-02-13,396.4758362047706,401.49861232810986,394.95824667886694,397.8269958496094,27824900
2024-02-14,400.27921574475005,402.01541247950905,396.8460370500132,401.6720886230469,20401200
2024-02-15,400.34791702088137,401.3190066322356,396.57141418180584,398.7980651855469,21825500
2024-02-16,400.17130014605374,400.4950166150196,395.737605866878,396.34576416015625,22296500
2024-02-20,395.5414884695145,396.7676239534964,390.41135676290105,395.10009765625,24307900
2024-02-21,392.53001248162076,394.60953289016544,389.6363215762775,394.5016174316406,18518900
2024-02-22,402.3587758261095,404.9483581581281,400.7697091781749,403.7908935546875,27009900
2024-02-23,407.7341476569605,407.92049268532105,401.1620503723916,402.5058898925781,16295900
2024-02-26,403.60448178020243,404.2911294979053,399.5827521513917,399.75933837890625,16193500
2024-02-27,400.2007738907874,400.524490398334,396.13982903252327,399.7005310058594,14835800
2024-02-28,400.38709194736896,401.48570431449235,397.5817089338175,399.9358825683594,13183100
2024-02-29,400.83834831741547,406.29219561123216,398.17027676875426,405.7428894042969,31947300
2024-03-01,403.4180998812608,407.93028353505224,403.03556125394095,407.5673522949219,17823400
2024-03-04,405.54671909934444,409.3820740419509,404.4481066223211,406.99847412109375,17596000
2024-03-05,406.0567462440755,406.3412180011649,392.991071894389,394.9626770019531,26919200
2024-03-06,395.2766257394995,397.4248173487459,390.78407881855424,394.4134216308594,22344100
2024-03-07,398.3664344564578,401.9565620702222,394.56050584072034,401.32879638671875,18718500
2024-03-08,400.1712786506048,402.58433424165736,396.61057729290076,398.4645080566406,18002200
2024-03-11,396.0515271512708,397.93485423983793,393.5992565104688,396.7969970703125,16120800
2024-03-12,399.8378019777306,407.63603426425436,399.02366133031137,407.3515625,22457000
2024-03-13,410.11771230614136,410.1961717884516,403.5946789555971,407.17498779296875,17115900
2024-03-14,412.21687278632703,419.652174073812,410.0098292271171,417.101806640625,34157300
2024-03-15,411.28501994441507,414.53182378938754,404.9091164524236,408.4698181152344,45079900
2024-03-18,406.3412048651448,412.6975005120342,405.8801768330178,409.35260009765625,20106000
2024-03-19,409.8528945727863,413.6196087209555,407.6164248857175,413.36456298828125,19837900
2024-03-20,413.94325853489937,417.8276466076136,412.62884514501485,417.1116027832031,17860100
2024-03-21,421.6237557740876,422.5948752417206,419.004747660182,421.17254638671875,21296200
2024-03-22,421.4962894258474,421.65320840400005,417.93558766825475,420.5545959472656,17648500
2024-03-25,417.1213703760103,419.24995422394994,413.5606690168653,414.78680419921875,18060500
2024-03-26,417.48433323864253,417.8570831519167,413.30568457627095,413.5999450683594,16725600
2024-03-27,416.33666794000516,416.34648660093063,411.0103437373624,413.3841247558594,16705000
2024-03-28,412.9231220201488,413.81575210575176,411.11825446083225,412.6877136230469,21871200
2024-04-01,415.856044584665,419.720825298805,414.15906261710444,416.4642028808594,16316000
2024-04-02,412.08932675524255,414.31600751259526,409.8626759328322,413.3939514160156,17912000
2024-04-03,411.7166269488562,415.17923184367993,411.0888313055727,412.4228820800781,16502300
2024-04-04,416.8761593197056,420.48592418548293,409.5978373618215,409.90191650390625,19370900
2024-04-05,411.99124304246095,418.36714603884514,410.33350586860576,417.3960266113281,16554800
2024-04-08,417.0527692258899,419.12247124179834,415.21844567326013,416.48382568359375,14272400
2024-04-09,418.2985199584035,419.5736887198931,413.5705349702072,418.1415710449219,12496900
2024-04-10,414.12962029851764,415.9344877287147,411.68716854848634,415.17919921875,16216600
2024-04-11,417.69033834286756,421.1725504908495,414.2963744060529,419.7600402832031,17966400
2024-04-12,415.95410040174403,417.06253143112855,411.75581460240056,413.84515380859375,19253800
2024-04-15,418.4554515197094,418.6712525249299,405.5368771254888,405.7428894042969,20273500
2024-04-16,406.65512826574127,410.4119935798852,405.8311689524943,406.6649169921875,16765600
2024-04-17,409.28398181705415,410.88286711080787,402.49608331512337,403.9772644042969,15855500
2024-04-18,402.7903496970384,404.02630364117994,396.23788993068626,396.5517578125,21029900
2024-04-19,396.31635459832717,397.738683518828,390.1758594431205,391.5000915527344,30565800
2024-04-22,392.44175811164087,395.1588931129713,388.1944385754191,393.3049621582031,20286900
2024-04-23,396.52234656320184,400.40676483693346,395.3648819975192,399.7887878417969,15734500
2024-04-24,401.7407592748994,404.5952057239604,399.01383568119996,401.25030517578125,15065300
2024-04-25,386.507271018032,392.25540884693,380.6218216022703,391.421630859375,40586500
2024-04-26,404.30094095620495,405.1150815807432,398.01331587991365,398.5626220703125,29694700
2024-04-29,397.5130370183344,398.562615947593,391.56873588609426,394.5703125,19582100
2024-04-30,393.8248513162942,394.4820730278576,381.74008419354954,381.8970031738281,28781400
2024-05-01,385.11433904555116,394.05042796595137,382.85826224732904,387.3998718261719,23562500
2024-05-02,390.0680115554222,392.29466269624953,387.11546789192266,390.24456787109375,17709400
2024-05-03,394.5997356096934,399.37675358596374,394.18774100881984,398.8961181640625,17446700
2024-05-06,400.9560656726651,406.02734455936377,398.61168058742396,405.6448059082031,16996600
2024-05-07,406.74340224425765,406.75322090554647,401.27973632622934,401.52496337890625,20018200
2024-05-08,400.3773092630151,404.3597941214035,398.9451617518151,402.7020568847656,11792300
2024-05-09,402.73146980472023,404.84041635842834,401.2895336143813,404.44805908203125,14689700
2024-05-10,405.05627644521434,407.4496950958414,403.9380266126503,406.8218994140625,13402300
2024-05-13,410.029454744504,410.3629599472109,402.9767222457907,405.82135009765625,15440200
2024-05-14,404.1537549120692,409.51932355356394,403.6927268958918,408.6070861816406,15109300
2024-05-15,410.660957995032,416.4685861383269,410.0418663164104,415.751220703125,22239500
2024-05-16,414.49335406459187,418.05067177577746,413.0684896947791,413.6973876953125,17530100
2024-05-17,415.2205329091171,415.5939551336606,410.7886480687753,412.9308776855469,15352200
2024-05-20,412.9309055053418,419.37726753163014,412.7147152549324,417.9720458984375,16272100
2024-05-21,419.4362019217813,425.4698558470045,417.4905197677202,421.6079406738281,21453300
2024-05-22,422.6398032435963,424.919622461389,419.7310859592396,423.0623474121094,18073700
2024-05-23,425.4698880093599,426.0889796466093,418.0506847119264,419.6033020019531,17211700
2024-05-24,419.7900340603218,423.59299146281916,417.0581916118114,422.7085876464844,11855300
2024-05-28,422.18776429444347,423.3571529882785,419.210252491479,422.8658142089844,15718000
2024-05-29,418.3159892619867,423.4750461602697,418.3159892619867,421.7357177734375,15517100
2024-05-30,416.9500050085169,416.9500050085169,407.0642728541054,407.4868469238281,28394500
2024-05-31,409.5308058785648,409.5308058785648,397.5028441158069,407.9388732910156,47995300
2024-06-03,408.3319723384426,409.21637607324783,401.83648858598,406.3567810058594,17484700
2024-06-04,405.2856495851976,409.226195718034,402.58328662384173,408.86260986328125,14348900
2024-06-05,410.57248754759564,416.7338647316788,409.0886349128657,416.66510009765625,16988000
2024-06-06,416.66505364933033,417.942522272772,413.294447378338,417.16619873046875,14861300
2024-06-07,418.81714102196315,418.8957420228007,415.67256118761725,416.5078430175781,13621700
2024-06-10,417.3431202309482,420.66454478320344,416.5471539046789,420.45819091796875,13982900
2024-06-11,418.10958577165815,425.3224341996882,417.8835591764401,425.1848449707031,14551100
2024-06-12,427.7791794767063,435.71920053687387,425.7450298401941,433.41973876953125,22366200
2024-06-13,433.21335923548196,435.709368351957,431.7589858154619,433.9306945800781,15960600
2024-06-14,430.68786981308114,435.4636977946633,429.15489539650804,434.903564453125,13582000
2024-06-17,434.9232138540311,443.1285766509554,433.08561180023855,440.60308837890625,20790000
2024-06-18,441.919864030814,442.3424381224516,437.1833815521162,438.6082458496094,17112500
2024-06-20,438.56892206249415,438.79494866589,433.62605582240985,437.9793395996094,19877400
2024-06-21,439.63025801243765,442.774807970896,438.77533339876635,441.9886779785156,34187100
2024-06-24,442.00833058442447,444.9072412251996,438.677069430459,439.9152526855469,15913700
2024-06-25,440.4852168409384,443.60031790530934,439.01120049902784,443.1384582519531,16413400
2024-06-26,441.222219477512,445.7425422004591,440.4262530619795,444.3274841308594,16507000
2024-06-27,444.3471470164623,448.2680510068741,443.9442456044681,445.00555419921875,14806300
2024-06-28,445.22171482768863,447.4916975183524,438.6770788922511,439.2077331542969,28362300
2024-07-01,440.8880538633733,449.44716577540373,437.9400216100097,448.8182678222656,17662800
2024-07-02,445.3494912239479,451.62878536550966,445.26102385148636,451.32415771484375,13979800
2024-07-03,450.2530351597629,453.0339994689676,449.9484075142332,452.788330078125,9932800
2024-07-05,451.6484251718753,460.2370475569388,451.01952711906966,459.4607238769531,16000300
2024-07-08,458.46817132419625,459.598274429734,456.4143789671548,458.1635437011719,12962300
2024-07-09,458.9104170237532,459.23468742094946,450.0663190511327,451.57965087890625,17207200
2024-07-10,453.23044351037123,458.37966317046863,450.91130939599816,458.1733093261719,18196100
2024-07-11,454.9600551032178,456.72886266734906,443.7280281074878,446.823486328125,23111200
2024-07-12,446.459846610387,448.45468069664645,442.8436006787632,445.693359375,16324300
2024-07-15,445.44771219074863,449.3391368001631,443.61011000854984,446.0962829589844,14429400
2024-07-16,446.3517811207802,446.43038212668165,438.92274152217504,441.7331848144531,17175700
2024-07-17,434.92324477920374,437.14410559537976,431.5723108003405,435.8371276855469,21778000
2024-07-18,436.6429302135875,436.9475578488645,426.8751131633182,432.74169921875,20794800
2024-07-19,425.5976003585523,433.4983352820313,424.51664918921864,429.5381164550781,20940400
2024-07-22,434.1371082507153,436.898429671943,431.306992206013,435.2671813964844,15808800
2024-07-23,436.21057880982977,440.6228216077749,435.4244487287082,437.1441345214844,13107100
2024-07-24,432.82024770099764,433.83240416468607,420.1830014763253,421.4703063964844,26805800
2024-07-25,421.3721232816147,422.35480083589914,410.2777152857788,411.15228271484375,29943800
2024-07-26,410.95572197330205,421.49002544679837,410.04180915234855,417.9032287597656,23583800
2024-07-29,424.10397494654256,424.6641083620649,417.3431784161,419.3380126953125,15125800
2024-07-30,420.31086515251326,421.6178131681188,410.1303096009262,415.5940246582031,32687600
2024-07-31,413.2159000993034,414.4737261342931,405.06949500365346,411.1031494140625,42891400
2024-08-01,413.50082759098166,420.0552689925362,405.9341996877239,409.8845520019531,30296400
2024-08-02,405.3446814228584,407.811211842754,397.3358648266263,401.4139709472656,29437900
2024-08-05,382.42860065253456,394.09297731515574,378.9007621776494,388.30499267578125,40709200
2024-08-06,393.07100276300895,398.6427974223072,391.59698650264767,392.687744140625,24946500
2024-08-07,401.5613573427881,402.97638538590667,390.58483621712907,391.5281982421875,20650900
2024-08-08,395.4687471216862,398.82948747665125,393.01205329948556,395.71441650390625,20203000
2024-08-09,397.03114540515713,400.98149772413467,395.29181721770595,398.9866638183594,19276700
2024-08-12,400.0087614532966,401.67932545238415,397.2376032854209,399.7630920410156,16762900
2024-08-13,402.49483997156227,407.7620065253935,402.47519721922214,406.8382873535156,19414300
2024-08-14,407.61463319199424,410.48406481515934,405.3053649551057,409.6389465332031,18267000
2024-08-15,413.2715696251715,414.5611950729744,411.1648649409175,414.4824523925781,20752100
2024-08-16,414.05913029915934,414.787612725286,410.8104315549657,411.9622497558594,22775600
2024-08-19,412.4446299731582,415.19125033166955,409.9835081573214,414.97467041015625,15234000
2024-08-20,415.1419894571752,419.2372692231651,415.08292494421295,418.1937561035156,16387600
2024-08-21,417.48497282390196,419.7689009161739,415.1616884163413,417.5440673828125,16067300
2024-08-22,417.7606371537281,420.1528703345148,408.16226230018384,409.087646484375,19361900
2024-08-23,410.4954277824997,412.73996960606866,405.6814592418378,410.3083801269531,18493800
2024-08-26,409.89487877847426,410.7907306533513,404.94310328054127,407.0596618652344,13152800
2024-08-27,406.4394348780717,407.9161077791715,403.8700384507919,407.4042053222656,13492900
2024-08-28,408.4280692350888,408.5461982686738,400.97578558888256,404.2146301269531,14882700
2024-08-29,408.4871996853421,415.48661644192174,404.21469537079383,406.69549560546875,17045200
2024-08-30,409.1368946584357,410.9974871196902,405.72085639315753,410.6529541015625,24308300
2024-09-03,411.41094371784055,413.3503087826454,400.7001374742272,403.0726623535156,20313600
2024-09-04,399.59758459335677,404.8446830658677,398.0815251485243,402.54107666015625,15135800
2024-09-05,401.2809263113811,406.6757153578755,399.81410753750566,402.0389709472656,14195500
2024-09-06,402.6985921439958,404.2638620080845,394.56703607993364,395.45306396484375,19609500
2024-09-09,400.9068736495872,402.2949499033103,395.89603343829765,399.4105224609375,15295100
2024-09-10,401.8519446669211,409.8554868302287,401.3597203496137,407.7586364746094,19594300
2024-09-11,409.03843011648604,417.39638986900843,403.21048066101315,416.461181640625,19266900
2024-09-12,416.72697057085117,420.7238298297295,413.2223356546228,420.3595886230469,17395700
2024-09-13,419.20778281644255,425.11447510259467,418.84354159900835,423.8937683105469,15874600
2024-09-16,423.90362815097126,426.7880557127787,421.5606353721957,424.6321105957031,13834700
2024-09-17,433.38392095290345,434.9787232569042,425.54768660429113,428.3829040527344,18874200
2024-09-18,428.2351941115192,429.2491750935579,423.71657808226,424.1103515625,18898000
2024-09-19,434.36830593406904,434.63409626466625,430.1056262859268,431.8677978515625,21706600
2024-09-20,430.42066355244185,432.4092391189892,427.4673174405253,428.5009765625,55167100
2024-09-23,427.52644741983266,429.67253871277217,423.6969569973852,426.7684326171875,15128900
2024-09-24,426.26630559260894,426.61086866115505,419.4736152765213,422.4958801269531,17015800
2024-09-25,423.14559476109406,426.3844395741606,421.90520976014716,425.39013671875,13396400
2024-09-26,428.32378449228514,428.5305103087993,422.45647860828996,424.6025695800781,14492000
2024-09-27,424.80927883764434,425.1341637224931,420.8222737453315,421.36370849609375,14896100
2024-09-30,421.5507517579481,423.7264049247719,418.7549211722127,423.6082458496094,16807300
2024-10-01,421.78706729834266,421.81659955830685,412.2969671899716,414.1477355957031,19092900
2024-10-02,416.0082934736332,416.2445815766932,410.22958475813624,410.64306640625,16582300
2024-10-03,411.1353318978847,413.0254566537122,407.84727671300476,410.0622863769531,13686400
2024-10-04,411.7357819472086,413.2223089798081,408.5166457695598,409.5896911621094,19169700
2024-10-07,409.5306729821077,410.6233966552464,402.6395318501973,403.171142578125,20919800
2024-10-08,404.5099947662806,409.19598053892946,401.82246884384335,408.2607421875,19229300
2024-10-09,409.3928021729279,413.84252930935924,407.8570646785986,410.9679260253906,14974300
2024-10-10,408.77260867644156,410.8596349305785,406.72493873590105,409.37310791015625,13848400
2024-10-11,409.6684790592566,410.6430736171545,406.8234080163179,409.8456726074219,14144900
2024-10-14,411.27310627026066,417.4456186019399,411.02699410502277,412.621826171875,16653100
2024-10-15,415.61453317923247,415.9098858066577,408.80216519233556,412.22802734375,18900200
2024-10-16,408.71356498849764,409.8850312589263,404.09649835161355,409.6487731933594,15508900
2024-10-17,415.7917465890575,415.9295838303706,409.127039576057,410.2394714355469,14820000
2024-10-18,410.6529471112624,413.12389293089865,409.78662744422246,411.6570739746094,17145300
2024-10-21,409.6487883889798,412.44461909285747,407.31564977599334,412.2674255371094,14206100
2024-10-22,411.9819473916582,423.88392916296095,411.53896348036403,420.8616943359375,25482200
2024-10-23,424.1595150969288,424.3760949935698,415.95907136722593,417.99688720703125,19654400
2024-10-24,418.7155536346828,419.35546932603506,415.83112614516494,418.1249084472656,13581600
2024-10-25,420.1233311665373,425.7937351729216,419.9362835126177,421.49169921875,16899100
2024-10-28,424.9471252042487,425.2227696357769,419.670464602579,419.9559631347656,14882400
2024-10-29,421.3440208086144,426.43363353122214,419.17822176857095,425.23260498046875,17644100
2024-10-30,430.63720465561414,431.68071778433335,425.38025265537163,425.8035583496094,29749100
2024-10-31,408.90056227484143,409.6881391925744,399.981460227055,400.03070068359375,53971000
2024-11-01,402.6494147801429,409.0384779018434,401.162887472927,403.9882507324219,24230400
2024-11-04,403.42703719981586,404.0374205874987,399.26283871579096,402.1078796386719,19672300
2024-11-05,402.019305938334,408.4477546696806,401.73380740675793,405.0612487792969,17626000
2024-11-06,406.0063586804049,413.91148078515863,404.13588205792996,413.6456604003906,26681800
2024-11-07,414.72850912180576,420.21189508853655,413.3502870767265,418.81396484375,19901800
2024-11-08,418.70569909892066,419.8673412736044,415.22074253188157,415.96893310546875,16891400
2024-11-11,415.9492425000552,418.2036383732599,409.530647967578,411.5093994140625,24503300
2024-11-12,411.7456911405818,417.8394313280264,410.7120319666306,416.45135498046875,19401200
2024-11-13,415.0829505962656,422.65333320998997,411.70626883397995,418.58758544921875,21502200
2024-11-14,418.39068982634956,421.51140536702854,413.4684464166278,420.2513122558594,30246900
2024-11-15,413.2912534776132,416.2248913266483,407.2073678244848,408.54620361328125,28247600
2024-11-18,408.4182293083614,411.8933320342017,405.6913172118432,409.2944030761719,24727000
2024-11-19,406.68554340151616,411.440446924727,405.14980600150676,411.29278564453125,18133500
2024-11-20,410.3870777929387,410.800559418531,404.19488776660336,409.0285339355469,19191700
2024-11-21,413.80284233986384,414.0790385036892,404.71793020151534,407.26287841796875,20780200
2024-11-22,405.7832472742104,411.73135363774225,405.4774597411712,411.3367919921875,24814600
2024-11-25,412.69810354496985,415.36141754143,409.2160446876401,413.1025390625,27691100
2024-11-26,413.891635863064,423.21330950979313,413.161695275106,422.17755126953125,23458900
2024-11-27,419.33668746447955,421.4279216336492,416.28865548862075,417.2454833984375,18332400
2024-11-29,414.384847961252,419.10980447039015,412.1259395107062,417.7090759277344,16271900
2024-12-02,415.84474493949193,427.1195090506518,415.58826631722377,425.126953125,20207200
2024-12-03,424.00241788094525,426.5967051479557,421.93093157664276,425.3439636230469,18302000
2024-12-04,427.1491277367897,433.69896602336337,426.7545660563865,431.4795227050781,26009400
2024-12-05,431.97270407918,438.6211597736825,430.2464705000807,436.6088562011719,21697800
2024-12-06,436.29321828806303,440.04162946603964,435.7704172944161,437.5459899902344,18821000
2024-12-09,436.5891402244184,442.2413029263077,434.51765390142566,439.9626770019531,19144400
2024-12-10,438.35489731377754,443.51385110608015,435.602778974257,437.30926513671875,18469500
2024-12-11,438.01948123467236,444.23394093068583,438.01948123467236,442.89239501953125,19200200
2024-12-12,443.01071967285327,449.96499320791463,443.01071967285327,443.4546203613281,20834800
2024-12-13,442.34983294961415,445.2992167545738,439.5286583553318,441.1957092285156,20177800
2024-12-16,441.19569319284585,446.039014950384,439.23272866925197,445.45703125,23598800
2024-12-17,444.8849272856994,449.1068002031095,443.4644812477741,448.2880554199219,22733500
2024-12-18,445.19070178831043,446.50262602359174,431.08488976149135,431.44989013671875,24444500
2024-12-19,435.6224481744677,437.1612597390131,430.39443838506674,431.09478759765625,22963700
2024-12-20,427.22800034083093,437.7136411325363,422.80886164173944,430.6706237792969,64263700
2024-12-23,430.80871372187636,431.70635881030796,426.9518110200716,429.3389587402344,19152500
2024-12-24,428.74709084992185,433.6298778354008,428.2933464556966,433.363525390625,7164500
2024-12-26,433.1169536147247,434.9517090842379,430.70024449975995,432.1601257324219,8194200
2024-12-27,428.69777768381334,429.30935275325726,420.5598195240772,424.68304443359375,18117700
2024-12-30,420.27376177490316,421.7435167493127,416.17025429217676,419.0604553222656,13158700
2024-12-31,420.313230174155,420.9346790911402,414.94710727917607,415.77569580078125,13246500
2025-01-02,419.7509189849473,420.2835937285398,409.21597020748925,412.8952941894531,16896500
2025-01-03,415.3614253792587,418.2713743539731,413.8423613323132,417.6006164550781,16662900
2025-01-06,422.1874771439142,428.4216545919118,419.7017112464551,422.0395202636719,20573600
2025-01-07,423.1738448521772,424.801430542522,415.0851952170159,416.6338806152344,18139100
2025-01-08,417.7090917280971,421.1714329663283,415.81518360520914,418.7941589355469,15054600
2025-01-10,418.8631994200863,418.9420997125399,409.383695034764,413.2603454589844,20201100
2025-01-13,409.6007014640922,412.8164377086338,406.690782868284,411.52423095703125,17604800
2025-01-14,412.1357932076061,414.03957499111027,405.14208486737954,410.0248718261719,16935900
2025-01-15,413.43787278736687,422.3353628905166,412.58953664498,420.5203552246094,19637800
2025-01-16,422.87788427352234,423.6571336957602,418.6264203199314,418.8138122558594,15300000
2025-01-17,428.1947089431654,428.57942688248704,422.3551241092644,423.20343017578125,26197500
2025-01-21,424.3575582513444,425.0480336398343,419.82002384260585,422.6806335449219,26085700
2025-01-22,431.6175824572203,441.1957044539868,430.0787709144918,440.1402587890625,27803800
2025-01-23,435.9973147591307,440.6828062638951,435.50410512705025,440.6433410644531,18389300
2025-01-24,439.1143639891968,440.5841189283991,435.40541825453283,438.029296875,15549500
2025-01-27,418.2516146753107,429.28964793288844,417.74853125025015,428.6583251953125,35647800
2025-01-28,428.6978201786795,442.29067649663904,425.5215489294809,441.126708984375,23491700
2025-01-29,440.62361853818396,440.81104060450724,434.41903300783486,436.32281494140625,23581400
2025-01-30,413.0827588425547,417.1172097708342,407.54896156269734,409.3540954589844,54586300
2025-01-31,413.2899024984714,414.97667080056476,409.2751693701902,409.4231262207031,34161900
2025-02-03,406.01014380943144,409.7683985075356,403.1100689884043,405.3393859863281,25679100
2025-02-04,407.0853452090854,408.29865167160733,404.1753965052981,406.7696838378906,20532100
2025-02-05,406.74997908357795,408.2098602907994,404.8264495269334,407.6772155761719,16316700
2025-02-06,408.37753095462284,412.5205034548323,408.37753095462284,410.1728210449219,16309800
2025-02-07,410.82388435232116,412.96439718513943,402.5576865372201,404.1852722167969,22886800
2025-02-10,408.0914896331453,409.81772327895646,405.3394016663598,406.6217346191406,20817900
2025-02-11,404.07678288840276,406.88805357704496,403.741373863551,405.8523254394531,18140600
2025-02-12,401.67976029438313,405.17169274595005,398.8783333348811,403.48492431640625,19121700
2025-02-13,401.4726062482461,405.4182829681306,400.8412835235649,404.96453857421875,23891700
2025-02-14,402.25188608897315,403.3566707547541,400.3678218416371,402.8831787109375,22758500
2025-02-18,402.4590098668831,405.0237056562673,400.9793811541372,404.0767517089844,21423100
2025-02-19,402.34070226719325,409.84733856693146,402.1138149948078,409.1371154785156,24114200
2025-02-20,410.4714772753562,414.4448231183109,407.75338500421714,411.3017272949219,23508700
2025-02-21,412.4976421272199,413.1993956224997,403.15730762956775,403.47357177734375,27524800
2025-02-24,403.77011965609864,404.62012670611466,394.6867476536957,399.31243896484375,26443700
2025-02-25,396.4460551720573,397.2565479767241,392.0971142682963,393.2831726074219,29387400
2025-02-26,393.3919357776839,398.9170718958632,389.6755530638089,395.09197998046875,19619000
2025-02-27,396.61407498406965,401.0322110218146,387.61968592381214,387.9754943847656,21127400
2025-02-28,388.10398215130573,393.01631660620876,382.0846478468725,392.38372802734375,32845700
2025-03-03,394.1925506012372,394.1925506012372,381.6794393165997,383.9823913574219,23007700
2025-03-04,378.9514422192701,388.0249203607145,376.5792952112664,384.1009826660156,29342900
2025-03-05,384.822503579622,397.0094560898268,384.2986543499986,396.3669738769531,23433100
2025-03-06,389.7051801734712,397.4838599812305,388.12373889118527,392.284912109375,23304600
2025-03-07,387.76792604607476,390.21913135054257,381.0665954583891,388.7464294433594,22034100
2025-03-10,381.3631423753148,381.91664235119805,372.8431639999478,375.7490539550781,32840100
2025-03-11,374.6025176419591,381.5212976511773,372.53677123025375,376.03570556640625,30380200
2025-03-12,378.5066728711865,380.7503233781215,374.55308456142495,378.82293701171875,24253600
2025-03-13,378.71423026442886,380.8491715851453,373.07049136146827,374.3751525878906,20473000
2025-03-14,375.37347920482887,385.7022417844661,375.1066228255176,384.0516052246094,19952800
2025-03-17,382.2131473268013,388.1533930243756,381.09625384575537,384.18994140625,22474300
2025-03-18,382.57889637930924,382.8754034622388,376.6781641211092,379.070068359375,19486900
2025-03-19,381.0567221702146,385.158563988563,379.54447585576617,383.3201599121094,19185500
2025-03-20,381.2642891356356,387.24410971121733,378.8328407062668,382.3515319824219,18470500
2025-03-21,378.7735544022507,387.19468720298374,378.35841433019584,386.72027587890625,39675900
2025-03-24,390.81219242783766,390.81219242783766,385.2870564688155,388.51910400390625,21004500
2025-03-25,389.34940942223693,391.7610706609813,388.0842623065983,390.57501220703125,15775000
2025-03-26,390.4168571879551,390.72325787798576,384.0614710304359,385.4452209472656,16108400
2025-03-27,385.6033961060126,387.6888996743445,382.9050609496304,386.04815673828125,13766800
2025-03-28,383.5771084434194,384.6149434292676,372.55648752516225,374.40478515625,21632000
2025-03-31,368.2174556076631,372.6948931611048,362.97893300010196,371.0343933105469,35184700
2025-04-01,370.302940607575,378.4078083047587,368.8994337189865,377.7554626464844,19689500
2025-04-02,373.5844861787052,380.61197570359644,372.25014394283687,377.70611572265625,16092600
2025-04-03,370.4413834397649,373.1001742376296,365.06450042697054,368.7808532714844,30198000
2025-04-04,359.90499587925865,370.2436198076782,355.30895597122804,355.6647644042969,49209900
2025-04-07,346.8087713756296,366.6953157485582,340.7894367933375,353.707763671875,50425000
2025-04-08,363.98712785508354,369.3145725706382,346.18608632628985,350.4460754394531,35868900
2025-04-09,349.43791334353114,388.66739600040677,349.00301621371585,385.95916748046875,50199700
2025-04-10,377.62695483918543,379.4456016968333,363.53240398806116,376.9252014160156,38024400
2025-04-11,376.2234920445777,385.52428234575257,374.4937970946495,383.94287109375,23839200
2025-04-14,388.6575350248574,390.07093573374146,379.75206690221165,383.310302734375,19251200
2025-04-15,384.0021985236263,387.3429858222691,379.70266475267175,381.25445556640625,17199900
2025-04-16,376.25312290658945,377.1821883945702,363.7301188576812,367.2982177734375,21967800
2025-04-17,369.41339637295704,369.9767899290697,362.6330071079686,363.5126647949219,21120200
2025-04-21,358.6102367890087,360.25097956592975,351.54320368031085,354.9531555175781,20807300
2025-04-22,359.1637542302739,363.5028019496421,355.68457702509073,362.5638427734375,19485000
2025-04-23,371.6966268435602,375.9764033603888,368.69189108581185,370.0460205078125,20545500
2025-04-24,371.3408006891215,383.9428636514652,370.8367085183124,382.8061828613281,22232300
2025-04-25,382.5097039822226,387.6098369882708,380.13755681192964,387.3034362792969,18973200
2025-04-28,387.4121350910717,388.1830836548117,382.15388522315925,386.6214294433594,16579400
2025-04-29,386.75978890275064,390.5157161336794,385.8504804253008,389.468017578125,14974000
2025-04-30,385.7713871677669,392.0576085897077,379.97939447353656,390.6738586425781,36461100
2025-05-01,426.1078502028247,431.91962985286955,419.9699127886788,420.464111328125,58938100
2025-05-02,426.7305277081965,434.3411969693003,425.00083289098967,430.2294616699219,30757400
2025-05-05,427.84743296236513,434.40051033348516,427.0962415401901,431.1091613769531,20136100
2025-05-06,427.18524232094876,432.65107712392626,426.1671945058241,428.2823486328125,15104200
2025-05-07,428.80620435216304,433.0365428333408,426.1078693467033,428.3218994140625,23295300
2025-05-08,432.84876270467214,438.52218293606853,430.6051120016966,433.08599853515625,23491300
2025-05-09,434.8946881691784,435.6260923106028,430.82249727884243,433.6394348144531,15324200
2025-05-12,440.7658165502587,444.1560114514232,434.67728663767485,444.04730224609375,22821900
2025-05-13,442.5844447017788,445.4409267506546,440.192510488539,443.9286804199219,23618800
2025-05-14,442.940306646518,448.6334536340928,442.940306646518,447.6846008300781,19902800
2025-05-15,446.3576953837484,451.7246558325709,446.0210270484144,448.6946105957031,21992300
2025-05-16,447.6251846388841,449.9125712368337,444.33770477780746,449.8234558105469,23849800
2025-05-19,446.46663650360125,455.0913715701619,446.3874026485213,454.37841796875,21336500
2025-05-20,451.13050930908776,453.8535912700005,449.87295142774695,453.6852722167969,15441800
2025-05-21,450.12049890400635,453.29906971148773,447.3875051898017,448.14007568359375,19216900
2025-05-22,450.49682997275477,455.7449399531106,449.45708954496587,450.4076843261719,18025600
2025-05-23,445.5754438212613,449.2491205375805,444.51591011589574,445.7734680175781,16883500
2025-05-27,452.0117902439012,456.4380371890779,451.6552983634028,456.1805725097656,20974300
2025-05-28,456.7054113344306,457.9926743719098,452.45739496057166,452.8831787109375,17086300
2025-05-29,457.0321797296883,457.2005290082406,450.8532686393741,454.1902770996094,13974800
2025-05-30,455.22010105843367,457.16090743162863,451.081023612945,455.85382080078125,34770500
2025-06-02,452.6653804963421,457.5867035205711,452.41782757710985,457.4480895996094,16626500
2025-06-03,456.9529759669727,459.5968543955761,456.3489311405408,458.43829345703125,15743800
2025-06-04,459.4582001214203,461.1316602074749,458.48778183720145,459.3294677734375,14162700
2025-06-05,460.408765640122,465.0528603462912,459.48787612751937,463.1021423339844,20131700
2025-06-06,465.4885564998141,468.70674412433226,464.1913817517478,465.7757263183594,15285600
2025-06-09,465.10242514198006,468.7958952647425,464.0329796350046,468.12255859375,16469900
2025-06-10,466.5778015728124,468.1720277278758,462.38919566775553,466.3104553222656,15375900
2025-06-11,465.41924870930376,470.81591405576256,465.0627870357861,467.9938049316406,16399200
2025-06-12,470.3703570834046,475.717524509297,468.8850395137374,474.18267822265625,18950600
2025-06-13,471.74673205457395,474.48960742449077,468.13246560456287,470.3109130859375,16814500
2025-06-16,470.5584575569121,475.98482813726486,470.3505215770748,474.45001220703125,15626100
2025-06-17,470.74663593423935,474.0539393845567,469.4395492382731,473.3608093261719,15414100
2025-06-18,473.3211507460615,476.29178558337986,469.81579317674493,475.5392150878906,17526500
2025-06-20,477.50979012623617,478.72773115460745,472.2022397987241,472.72705078125,37576200
2025-06-23,473.52910172023695,482.97572926336846,467.8849134818946,481.24285888671875,24864000
2025-06-24,484.16397269221426,487.0355802812341,482.03499358247046,485.3125915527344,22305600
2025-06-25,487.223778215148,489.71910084538035,484.5997232276066,487.4515075683594,17495100
2025-06-26,488.15453290095326,493.1650012559548,487.9861836300842,492.5807800292969,21578900
2025-06-27,492.6797975508017,494.4126679494895,488.2040517426954,491.0855712890625,34539200
2025-06-30,492.17482524139086,495.85841392483957,490.4815414994746,492.54119873046875,28369000
2025-07-01,491.61036068604886,493.1748817381986,486.1741086010328,487.2336120605469,19945400
2025-07-02,485.1938116448169,488.66946431331223,483.9164603345879,486.2830505371094,16319600
2025-07-03,488.9764203666982,495.2345653483035,488.6100468852986,493.9571838378906,13984800
2025-07-07,492.51147619590915,493.86806132382594,490.38252718836065,492.84814453125,13981600
2025-07-08,492.37280697303856,493.3234318678901,489.2734398258723,491.7588806152344,11846600
2025-07-09,495.40288075164045,501.8194631786975,494.8483646402868,498.58148193359375,18659500
2025-07-10,498.12595942487985,499.502368126141,492.8778497571002,496.57135009765625,16492100
2025-07-11,493.5907782355643,500.0865639242522,492.9273231662245,498.393310546875,16459500
2025-07-14,496.6109349689791,499.0369655948213,496.1257409313552,498.09625244140625,12058800
2025-07-15,498.09622485625505,503.3245408608939,497.8684955298327,500.86883544921875,14927200
2025-07-16,500.2351113436526,501.7600457375481,496.9773367906475,500.6708068847656,15154400
2025-07-17,500.7302212088446,508.34495123446135,500.67081092720053,506.6913146972656,17503100
2025-07-18,509.4440643876484,509.6025320949179,502.4630844244223,505.05743408203125,21209700
2025-07-21,501.75013722027745,507.0775109565722,500.6014880788464,505.0673522949219,14066800
2025-07-22,505.968437121084,506.19619667447284,500.32421875,500.32421875,13868600
2025-07-23,501.78972599996087,501.8293429250601,495.79895793496456,500.9183349609375,16396600
2025-07-24,503.7899711970312,508.6420022469781,502.334358860161,505.87933349609375,16107000
2025-07-25,507.4537578741833,513.216797186473,505.3644257046499,508.6816711425781,19125700
2025-07-28,509.0480107678364,509.9589885432546,505.12675096242896,507.48345947265625,14308000
2025-07-29,510.48381297361453,512.5533213636355,506.55264151082275,507.5527648925781,16469200
2025-07-30,510.12725700630386,510.8996510098357,504.45336427926406,508.2161560058594,26380400
2025-07-31,549.795171976257,550.0130499577134,526.6935786680993,528.2778930664062,51617300
2025-08-01,529.7632164041114,530.5553736121248,515.7616096000787,518.9797973632812,28977600
2025-08-04,523.0991779644736,532.9814718412621,522.960533815094,530.3970336914062,25349000
2025-08-05,531.9219176627233,532.0407382325785,522.0792108748774,522.584228515625,19171600
2025-08-06,525.70337986457,526.4955370830186,518.9006307843745,519.8016967773438,21355700
2025-08-07,521.6435053063135,522.9209170643583,512.4840471895837,515.7418823242188,16079100
2025-08-08,517.4845087014622,519.5243419856868,514.3257315807846,516.9299926757812,15531000
2025-08-11,517.1875615378566,522.4258201385037,514.6327984158801,516.6627807617188,20194400
2025-08-12,518.6233183732385,525.7825288027884,517.5836082950698,524.0595703125,18667000
2025-08-13,526.901545781552,527.4857972911225,514.2862580919234,515.4844360351562,19619200
2025-08-14,517.445017549053,520.8018496782777,515.0487221853349,517.3657836914062,20269100
2025-08-15,517.6529556536844,520.9503168823401,513.9990723038397,515.078369140625,25213300
2025-08-18,516.4844919382945,517.7024328589179,508.9885829187347,512.0383911132812,23760600
2025-08-19,509.9589996924715,510.11740696385556,503.5721224631474,504.7801818847656,21481000
2025-08-20,504.87923949406314,505.9981835608303,499.50239716393804,500.7698669433594,27723000
2025-08-21,499.57962247206007,503.48747238505433,498.6175369804135,500.1251220703125,18443300
2025-08-22,500.13506667774504,506.5621975190336,498.3100856343386,503.09075927734375,24324200
2025-08-25,502.4956130920682,504.0428801746979,500.0060864475961,500.14495849609375,21638600
2025-08-26,500.2440985723917,500.85906441774694,494.44186237473224,497.94305419921875,30835700
2025-08-27,497.9034268047853,503.1502662118434,495.8205578102606,502.604736328125,17277900
2025-08-28,502.9518399416591,506.919197559233,501.3748189208979,505.4810485839844,18015600
2025-08-29,504.5090702372647,505.44140176386463,500.3730863144936,502.5551452636719,20961600
2025-09-02,496.38587753866574,501.87074834041937,492.75574161607386,500.9979248046875,18128000
2025-09-03,499.6787766683557,503.6461342434815,498.22077154875547,501.2260437011719,16345100
2025-09-04,500.1846427841772,504.00323087503085,499.0440334241921,503.82470703125,15509500
2025-09-05,504.9157608525771,507.7920894589463,488.3520284612672,490.9605712890625,31994800
2025-09-08,494.0451682561979,497.10997900607424,490.99031585598385,494.13446044921875,16771000
2025-09-09,497.33805669614713,498.15137232357364,493.63851485593227,494.34271240234375,14410500
2025-09-10,498.8754294126598,499.1233892811019,492.66650462093776,496.2867126464844,21611800
2025-09-11,498.1513494682616,499.06385505423435,493.8170160390995,496.9214782714844,18881600
2025-09-12,502.51544395369297,508.3672905695674,499.73830564164535,505.7389221191406,23624900
2025-09-15,504.63802593930427,511.2634762434591,502.86262476523797,511.1543884277344,17143800
2025-09-16,512.6620043570016,513.0091239663263,504.4495745277025,504.885986328125,19711900
2025-09-17,506.4530503919847,507.1175961354426,501.80132099339164,505.8579406738281,15816600
2025-09-18,507.31595138937655,508.883074673213,503.5172196080818,504.30078125,18913700
2025-09-19,506.39351766303514,515.0621842649809,506.1455578149837,513.703369140625,52474100
2025-09-22,511.38257317258103,513.5149918534414,508.3574141571104,510.2518615722656,20009300
2025-09-23,509.60711582016205,510.3907077578639,503.17008724169204,505.0744323730469,19799600
2025-09-24,506.21501140620444,508.29784998729696,502.7832554652563,505.98687744140625,13533700
2025-09-25,504.15198973027213,505.84805701475193,500.9186136455738,502.8923645019531,15786500
2025-09-26,505.8976246789574,509.74596656687834,502.4856945681329,507.28619384765625,16213100
2025-09-29,507.3258652143003,512.6321819161793,504.7272507672145,510.4005432128906,17617800
2025-09-30,509.05174137547954,513.9315752068396,505.5009689622067,513.7233276367188,19728200
2025-10-01,510.5989067561486,516.2623314762835,507.51430077675985,515.4688720703125,22632300
2025-10-02,513.4157691025699,517.3434144406598,506.51254498360566,511.53125,21222900
2025-10-03,512.8801529316524,516.2425031799986,510.7973143114264,513.1281127929688,15112300
2025-10-06,514.377848960065,526.6965386672223,513.9712214168786,524.256591796875,21388600
2025-10-07,523.9788663400786,525.4765536672338,517.1847899970462,519.7040405273438,14615200
2025-10-08,519.0098207695767,522.6498549115006,518.8213688365025,520.5669555664062,13363400
2025-10-09,518.0773939158137,520.0511445409561,513.1777050939771,518.1369018554688,18343600
2025-10-10,515.3995037763443,519.3073539147757,505.4711804745103,506.7903137207031,24133800
2025-10-13,512.1958293204747,512.1958293204747,507.50444767633473,509.8551025390625,14284200
2025-10-14,506.0662576446326,511.07506506957225,501.87076583985106,509.3789978027344,14684300
2025-10-15,510.7577169104775,512.9694997370561,505.8381709448021,509.24017333984375,14694700
2025-10-16,508.3970827878481,512.6321960787722,503.9833851231019,507.4349670410156,15559600
2025-10-17,504.88595648751925,511.27337462741934,503.1700633614309,509.388916015625,19867800
2025-10-20,510.41049011219013,514.4671401409408,509.2401268135401,512.5726928710938,14665600
2025-10-21,513.2769402267872,514.4572316509175,508.8533142722573,513.4356079101562,15586200
2025-10-22,516.8971212574951,520.9437823737373,513.4851913413816,516.2920532226562,18962700
2025-10-23,518.1964698863214,519.6743010066873,514.3778516149157,516.3119506835938,14023500
2025-10-24,518.5237814648117,521.0628883153897,516.4607987679614,519.3370971679688,15532400
2025-10-27,527.4404441110845,530.2175826339089,524.6930292943027,527.1825561523438,18734700
2025-10-28,545.5116410650497,549.2012543795508,536.356983260493,537.6463623046875,29986700
2025-10-29,540.4929653309738,541.8121286840217,532.3499420595073,537.130615234375,36023000
2025-10-30,526.1509968235328,530.6043464776645,517.8592331602406,521.4695434570312,41023100
2025-10-31,524.5640822050067,525.0004940086545,510.89650476941233,513.5844116210938,34006400
2025-11-03,515.5680732671589,520.6760707602963,510.3907002836433,512.810791015625,22374700
2025-11-04,507.5837474278435,511.34279700787874,503.6957236126803,510.1327819824219,20958700
2025-11-05,509.11117977922714,510.6287232020861,502.4460174356622,503.02130126953125,23024300
2025-11-06,501.53353925537283,501.5732213085109,491.7639146320967,493.04339599609375,27406500
2025-11-07,492.89463000746537,495.30479262227396,489.2248119110569,492.76568603515625,24019800
2025-11-10,495.9594637689902,502.7138887744143,494.7295621277381,501.8708190917969,26101500
2025-11-11,500.68055811559174,505.4414057875519,498.2505695472254,504.5289001464844,17980000
2025-11-12,505.20330782589343,507.4944847122113,495.04688194383186,506.96881103515625,26574900
2025-11-13,506.1455939798088,509.3095642884979,497.1992129195551,499.1828918457031,25273100
2025-11-14,494.16416907736203,507.42505738590404,493.38060745410195,506.0166320800781,28505700
2025-11-17,504.300789978241,507.94082387806293,500.7896697837805,503.3486022949219,19092800
2025-11-18,491.32749949419616,498.8754133867433,482.8076023204449,489.7604064941406,33815100
2025-11-19,486.1005596390223,491.14901921379453,478.88986688506054,483.1448669433594,23245300
2025-11-20,489.6038857855625,490.4584800066478,472.50238827815747,475.4139099121094,26802500
2025-11-21,475.4834301610789,475.9007957312625,465.3179114267742,469.1436462402344,31769200
2025-11-24,472.005536687022,473.89355276873187,465.06952862032074,471.0118408203125,34421000
2025-11-25,471.08136597664605,476.12932719889915,461.9592459889855,473.9829406738281,28019800
2025-11-26,483.24419169180504,485.2315832491155,478.16642081896737,482.4393005371094,25709100
2025-11-28,484.5260924315005,489.5243812398697,483.5820692635899,488.9082946777344,14386700
2025-12-01,485.3607732415945,486.7718042788117,481.59465771305275,483.6714782714844,23964000
2025-12-02,483.6516286444489,490.38888506208144,483.2541563831954,486.91094970703125,19562700
2025-12-03,473.3171775583083,481.18723109312356,472.2042431453193,474.7182922363281,34615100
2025-12-04,476.7355071807625,478.2856702042714,473.4861025034468,477.8086853027344,22318200
2025-12-05,479.4780948278929,480.35255199911325,475.86105782216015,480.11407470703125,22608700
2025-12-08,481.8331998835391,489.1964595164875,481.32640529111774,487.9245300292969,21965900
2025-12-09,486.016607703579,489.01755801519323,485.42038417588924,488.9181823730469,14696100
2025-12-10,480.97857754952304,481.19719183884354,472.084987996716,475.5430603027344,35756200
2025-12-11,473.6252433732215,482.96597801292137,472.86007818396723,480.422119140625,24669200
2025-12-12,476.79512068758515,479.40854546431024,473.3370484252935,475.51324462890625,21248100
2025-12-15,477.0733729131614,477.6894594742654,469.5411415575728,471.82666015625,23727700
2025-12-16,468.9350114671635,474.87732355778707,467.911505956298,473.38677978515625,20705600
2025-12-17,473.903466892556,476.9739832708393,472.0055042784347,473.1184387207031,24527200
2025-12-18,475.17538699144035,486.5134594689822,474.8772903878124,480.92889404296875,28573500
2025-12-19,484.2875529363844,484.77448448182145,479.4482594182398,482.8566589355469,70836100
2025-12-22,483.0554234208069,485.64898536737695,479.6470539215635,481.8630065917969,16963000
2025-12-23,481.9226163967179,484.7546252629152,481.6841087754749,483.78082275390625,14683600
2025-12-24,482.61817584356095,486.0762481946253,481.77352833631136,484.94342041015625,5855900
2025-12-26,483.64171061957336,485.04282544173617,482.8964387136479,484.6354064941406,8842200
2025-12-29,481.80333660098637,485.27135560420123,481.1276307272214,484.02923583984375,10893400
2025-12-30,482.8666136001516,486.5929730105466,482.43933166580535,484.4068603515625,13944500
2025-12-31,484.7645645601486,485.06269150087525,480.25317705215497,480.5711669921875,15601600
2026-01-02,481.3363251826272,481.6046121327098,467.1960229709088,469.95849609375,25571600
2026-01-05,471.071443053882,473.0687813775576,466.5401924921144,469.86907958984375,25250300
2026-01-06,470.8130789419108,475.7219388392127,466.7886229022075,475.493408203125,23037700
2026-01-07,476.73551614076564,486.6128550141313,474.936929133209,480.422119140625,25564200
2026-01-08,478.20615894860083,479.61722033317443,472.8600706717694,475.09588623046875,18162600
2026-01-09,471.0714211959582,476.7951186190047,469.2231615927928,476.2585144042969,18491000
2026-01-12,473.6649886945649,477.95773148860775,472.68120923483104,474.1717529296875,23519900
2026-01-13,471.68751939768345,472.7805908527595,463.01257439213845,467.70281982421875,28545800
2026-01-14,463.51936213123724,465.24841354789686,454.2879494306214,456.4840087890625,28184300
2026-01-15,461.1941211270383,461.3233064418312,453.02593988397814,453.7811584472656,23225800
2026-01-16,454.94376661538865,460.2699922453042,453.6023014516422,456.9609680175781,34246700
2026-01-20,448.37541805572727,453.92022725149957,446.44764578645413,451.65460205078125,26130000
2026-01-21,449.74670883889326,449.8361378186282,435.9144504613163,441.3102111816406,37980500
2026-01-22,444.79810039972057,449.9851935867555,441.89652570286836,448.2959289550781,25349400
2026-01-23,449.02131930234236,468.1301005814363,447.6897705604439,463.0125732421875,38000200
2026-01-26,462.376577380716,471.26022001105116,459.0874468004336,467.31524658203125,29291200
2026-01-27,470.7137518035326,479.8259260665289,470.17714753577707,477.55035400390625,29213900
2026-01-28,480.1637149068934,480.69037244143027,474.9865685400099,478.59368896484375,36875400
2026-01-29,437.2162272399066,439.7104135269112,418.36581575660404,430.76715087890625,128855300
2026-01-30,436.4013853645445,436.8286672682951,423.7615739365565,427.5773620605469,58566800
2026-02-02,427.5277051213245,428.0245530606437,419.58808475506504,420.7010192871094,42219900
2026-02-03,419.34957819955315,419.3893041977899,405.9843574339844,408.6176452636719,61424100
2026-02-04,408.4089957411405,417.15350712085007,406.6600813351222,411.5788879394531,45012400
2026-02-05,404.87141244319446,405.72597626088844,389.84673704915224,391.188232421875,66289200
2026-02-06,396.6535630940219,399.25704122003975,390.4429643868461,398.61114501953125,53515300
2026-02-09,402.297746078297,412.2744602868579,398.34282592261525,410.9925842285156,45480500
2026-02-10,416.97464756162884,421.0090502850332,410.0982892644293,410.6646728515625,44857900
2026-02-11,413.5562839573264,413.83451755028244,398.4819366306212,401.82073974609375,42491000
2026-02-12,402.4467839094351,403.6392309547976,395.5008602319473,399.30670166015625,40802400
2026-02-13,401.90028127287496,402.98340606348665,395.54060384789733,398.7900085449219,34091600
2026-02-17,396.7032617740463,397.9950542597942,392.04282577248057,394.3581237792969,32078800
2026-02-18,395.6201070500213,400.02217209191446,393.8215201082963,397.0808410644531,23223400
2026-02-19,399.07278661262325,402.7976819572589,395.0690225854118,396.8517761230469,28234000
2026-02-20,394.51123443489973,398.5050592846536,393.56508699389525,395.6267395019531,34015200
2026-02-23,393.4057107487328,393.7642431363039,381.55374731391754,382.918212890625,43238300
2026-02-24,382.58959213032324,387.7884945775691,380.16937672197673,387.4299621582031,33884700
2026-02-25,388.95376053046306,399.84960746436826,388.5852587696308,398.9831237792969,43625500
2026-02-26,403.0765245044552,405.8453028142193,397.1306190557743,400.0986022949219,34405900
2026-02-27,389.30236795593413,395.2183958601928,388.30640407164015,391.15484619140625,51367200
2026-03-02,391.2743390590049,399.57073485574693,389.0533591512552,396.9413757324219,35474900
2026-03-03,391.5532542396072,405.05852201627056,391.0851500003899,402.2996826171875,38199200
2026-03-04,399.6504140582061,409.3710312257941,398.69429724653685,403.5645751953125,35808000
2026-03-05,402.78771732924594,409.9486695143622,402.7677785996419,409.0224304199219,39001300
2026-03-06,407.54843921074234,411.38287590243635,406.8612216895844,407.30938720703125,31123900
2026-03-09,403.2857003455267,408.55432729115563,401.8714182880504,407.757568359375,30131900
2026-03-10,408.37506928692744,408.5443965203919,401.30371964643086,404.122314453125,31706400
2026-03-11,403.9330670994013,407.35918518479474,399.96912002302975,403.245849609375,25512100
2026-03-12,402.99687655683135,404.4808530373378,400.08864860368743,400.238037109375,27263900
2026-03-13,399.3815063856616,403.16615688192843,392.65875035547907,393.9534912109375,26848000
2026-03-16,396.4633374914087,399.01300251860397,393.1965772756644,398.33575439453125,27733700
2026-03-17,398.6544268926901,402.7677623283013,396.1446090107731,397.79791259765625,26228300
2026-03-18,395.5271533612366,396.39363710184665,389.42188971563326,390.2087097167969,25908500
2026-03-19,388.52551763585893,390.90585551603124,385.4977789148814,387.4498596191406,25138800
2026-03-20,385.22889118681917,385.43803509853177,378.58579850034175,380.3287353515625,50853200
2026-03-23,382.3505545919761,385.64719283721575,380.1395134056624,381.4541931152344,29680100
2026-03-24,380.8167328036651,380.9263046350485,370.34917314154325,371.2355651855469,42733600
2026-03-25,375.39872248264555,375.5381416220395,368.13813722010167,369.5424499511719,31181200
2026-03-26,369.3233510512375,373.2076042912997,363.71606927386256,364.492919921875,36836600
2026-03-27,360.43931657918756,360.9871149414508,355.07108715320055,355.33001708984375,37883400
2026-03-30,360.4393055378546,363.8853318939423,354.8419936524484,357.51116943359375,44797000
2026-03-31,363.07862179545566,371.3949263066763,361.6046146993887,368.67596435546875,45244400
2026-04-01,371.98254731341393,372.48052926345224,366.7139201659809,367.8791809082031,29417200
2026-04-02,365.7278929006101,372.1319638369453,362.680245817395,371.9526672363281,24099100
2026-04-06,371.98252335059567,372.22157533941066,368.0086373714944,371.375,16146600
2026-04-07,368.8452727581139,370.9467724245638,365.080530373921,370.78741455078125,21443300
2026-04-08,383.426192668859,383.4461010048471,369.9109552686541,372.81915283203125,33064800
2026-04-09,370.9965632857518,371.99252721403565,365.5685477188417,371.56427001953125,30435300
2026-04-10,371.47463812837884,374.12390583360843,368.5365323725683,369.3731384277344,28111100
2026-04-13,372.10205289266787,382.98796126737693,369.5225100750242,382.8186340332031,35745800
2026-04-14,386.3543213772784,393.09698589720546,384.95994763093,391.5233459472656,37504500
2026-04-15,396.3936283702306,412.69755239260473,395.1287651714373,409.5602722167969,45063400
2026-04-16,418.16537187855886,419.12151906860663,410.4765600541581,418.56378173828125,41642400
2026-04-17,423.10539315661504,429.83808848207923,418.99205736838906,421.0835876464844,48568200
2026-04-20,419.4501847919345,421.6213787702164,414.6197538627068,416.38262939453125,27582200
2026-04-21,418.54386715015573,425.4558591722327,415.51615872358184,422.44805908203125,32048500
2026-04-22,424.4698510786937,431.9495495900464,421.9600330275293,431.1726989746094,29378200
2026-04-23,418.19526527607866,421.9500379562064,409.7494810939023,414.07196044921875,38308000
2026-04-24,415.28707116170386,423.23487407473965,414.12178001797366,422.90618896484375,27457400
2026-04-27,420.6752229306716,425.38611256831246,415.3866572294081,423.1053771972656,30867300
2026-04-28,422.8563830057505,428.1847957314844,420.197146128082,427.5174865722656,30438100
2026-04-29,422.866306449911,425.0972860808559,418.59364353468584,422.7467956542969,38288300
2026-04-30,409.15192465494977,412.74737011555624,396.4035989759817,406.1341552734375,70909400
2026-05-01,411.1338775963461,415.4264794885345,408.7834174283456,412.76727294921875,31372400
2026-05-04,409.87897009526375,419.0816663151199,409.14193618030583,411.9505615234375,28066500
2026-05-05,413.6437352165572,415.09783400354706,407.1500311208482,409.7196350097656,25700900
2026-05-06,406.3532485673598,416.73120520087787,403.4748984673602,412.2891845703125,30285900
2026-05-07,418.41437649189606,426.25263786097554,417.06984955189336,419.07171630859375,34942400
2026-05-08,415.70537649227293,416.9403619714099,412.32904436576047,413.44451904296875,33383800
2026-05-11,406.22377045102496,411.02432350049145,403.86334099070683,410.99444580078125,35657900
2026-05-12,412.8071154720842,413.8229876767416,404.9987623844293,406.1241760253906,38594200
2026-05-13,401.57265715241186,404.6700902960666,399.41140211310335,403.57452392578125,29667100
2026-05-14,402.847493220503,410.1777730080913,399.2620170659624,407.7774963378906,27077500
2026-05-15,412.5979239362014,426.4418454559798,411.2434277199191,420.2170715332031,50771200
2026-05-18,414.93848271907115,423.40417602339767,413.9325494355234,421.83056640625,32564100
2026-05-19,428.16486989475214,430.9535870211983,414.808990493047,415.7352600097656,33018700
2026-05-20,412.49835957243755,420.3963455784958,409.63991780241736,419.36053466796875,27864000
2026-05-21,423.9518891931334,425.5388979071037,414.92886694253497,418.3025207519531,31393500
2026-05-22,418.7517174636334,423.60257118762803,415.54772693408205,417.7835388183594,22390300
2026-05-26,415.6475333356961,418.9812539216563,412.24393696715845,415.248291015625,30398000
2026-05-27,410.23773822181624,415.15846763645,408.8104019854481,411.8946228027344,28901500
2026-05-28,412.2040283766931,428.68298564682067,411.89461329838434,426.18768310546875,47250500
2026-05-29,431.7372486144539,449.48383969057267,431.54760317786213,449.3940124511719,79654400
2026-06-01,463.96658383705716,465.4438139523178,457.40892124774234,459.6546936035156,53628900
2026-06-02,446.0403151791343,452.64787129328397,439.6024225764256,440.48077392578125,37036800
2026-06-03,437.62618910935214,439.56254639446627,423.45285793258154,426.53704833984375,39037000
2026-06-04,434.9911260035114,435.33048350032107,425.60879436274143,427.2456970214844,26899500
2026-06-05,427.5351398188391,428.66302140752947,413.6213308264138,415.8870849609375,34782200
2026-06-08,413.3618539280056,416.37616844333525,407.79232157753756,410.9663391113281,32086700
2026-06-09,408.26144336727174,411.20591258759293,397.7312786929967,402.6520080566406,35317300
2026-06-10,397.80110870103243,404.2789346443135,396.41373636313654,396.61334228515625,32576000
2026-06-11,394.46741202742857,396.1043451719433,383.278483574852,389.6065673828125,47224100
2026-06-12,390.6945042817559,391.003919361718,381.55171206615995,390.00579833984375,34865800
2026-06-15,396.05442037645633,400.99513175706005,392.11186050588947,399.0088806152344,32266400
2026-06-16,395.0463355104342,396.094350419825,389.9559121071713,393.0899963378906,31506800
2026-06-17,389.51671695343225,389.6364865987809,376.6110198431126,378.1980285644531,41987800
2026-06-18,377.11008548581106,380.6534028700893,372.5786075934489,378.6871032714844,59714200
2026-06-22,375.0339909424311,380.9129385065033,366.3802985575179,366.6497802734375,45171100
2026-06-23,371.6802994138851,376.51120135394876,369.9735210485466,373.23736572265625,40647600
2026-06-24,370.87185096853153,378.16811350773463,364.09460041679364,364.7733154296875,44509900
2026-06-25,362.0883479855026,363.5456265920902,348.54386902384044,352.1670227050781,66179000
2026-06-26,356.4789138154501,375.90234020580533,354.762144454129,372.2691955566406,186201600
2026-06-29,376.790685328561,379.7850483907747,359.2237492715265,367.8774719238281,51229900
2026-06-30,370.3328407149792,373.44697342275583,366.7595808670141,372.319091796875,44945700
2026-07-01,380.1144231011508,388.09939143880604,374.18561213385976,383.5579528808594,48065800
2026-07-02,383.7575696594082,391.4630649298244,382.97903650468743,389.7562561035156,42128900
2026-07-06,386.31276024010407,388.418780928489,380.5036887115837,386.0133056640625,34224500
2026-07-07,391.75251064257776,394.8267404517197,387.4905448392632,388.109375,29297500
2026-07-08,383.3084264217563,384.58602015004215,380.6134873969759,382.6197204589844,25908300
2026-07-09,373.74643420118315,383.92725049460796,372.64849496928053,383.6377868652344,31083200
2026-07-10,387.07131223677504,391.1736053926777,380.783162110783,384.37640380859375,24644600
2026-07-13,387.02143811329415,392.91034623109437,383.4281962321871,390.2553405761719,28914900
2026-07-14,382.1007052927433,387.46061042423804,377.93852713765,384.20672607421875,27863900
2026-07-15,387.07132248997675,398.2103568181361,385.6739591427675,394.8866271972656,36253700
2026-07-16,397.56157784187184,405.2271399033625,391.31333055964967,400.3463439941406,37047400
2026-07-17,394.1180409920291,397.64143734197864,388.6583483977542,393.08001708984375,33049800
2026-07-20,390.67455694621333,402.4224305318551,388.91785418191677,401.53411865234375,27915800
2026-07-21,398.0606303262699,400.7156358198418,395.57531880381754,397.00262451171875,24126600
2026-07-22,398.8291961465565,400.246541441447,386.2329133568751,389.6065673828125,28142500
2026-07-23,389.23725659651495,391.04385321150613,376.68090752842744,380.8630065917969,30351800
2026-07-24,386.32274187573427,388.29903252889795,379.9347732203772,380.9828186035156,27659400
2026-07-27,389.3470355932277,393.45931979821836,387.2609663085435,388.368896484375,27856200
2026-07-28,392.4212554523594,399.56780545733704,390.5647345556998,392.61090087890625,32367500
2026-07-29,392.6607942930367,400.4960502148319,388.00954678983055,389.8061828613281,47209000
2026-07-30,437.07720086969465,457.8281459885008,431.6274684759506,450.2524108886719,110160700
2026-07-31,449.1544591210436,465.962813447145,448.4857046349594,463.8468017578125,60846000
2026-08-03,475.2353605631651,490.7261876465455,474.10747895013026,486.73370361328125,66762100
2026-08-04,479.99640781848416,498.50158065157444,478.2696778930625,491.884033203125,50455500
2026-08-05,495.42733843271316,497.3038108374591,484.7674131728324,486.5440673828125,33388900
2026-08-06,487.6319998350186,500.61756372489685,487.60205742358346,498.9207458496094,36441500
2026-08-07,498.2719734340298,504.23075699317457,497.79289485093346,499.0505065917969,28846200
2026-08-10,502.4940586092805,512.7647021753171,501.32624359045303,505.109130859375,31206100
2026-08-11,503.3823542433026,504.38047525067043,498.61133704649393,502.86334228515625,23049800
2026-08-12,499.0505227551261,500.557695253814,490.59643643442394,491.5047302246094,29001500
2026-08-13,492.34314786956145,500.3979918654044,492.0836571155829,495.9463806152344,23039000
2026-08-14,495.42733437790497,499.07050046550256,492.991947114923,494.4691467285156,16217600
2026-08-17,489.21906226283284,491.73431632358415,477.51109147171053,479.44744873046875,29635800
2026-08-18,480.6352093836093,483.36006030134655,476.2534434403709,480.72503662109375,24087600
2026-08-19,479.16797047398614,488.3806080919379,478.4592826108848,483.3999938964844,19961900
2026-08-20,483.29998779296875,484.1600036621094,479.5,481.1499938964844,20020800
2026-08-21,479.8800048828125,486.3599853515625,478.5299987792969,483.239990234375,22510800
2026-08-24,483.2099914550781,490.6099853515625,481.8599853515625,487.30999755859375,17230800
2026-08-25,485.44000244140625,492.44000244140625,484.29998779296875,491.7099914550781,19519000
2026-08-26,487.8500061035156,497.3999938964844,487.30999755859375,496.3699951171875,20758900
2026-08-27,494.8800048828125,506.4800109863281,490.0799865722656,505.05999755859375,28688800
2026-08-28,505.3299865722656,517.780029296875,504.8699951171875,513.530029296875,29207300
2026-08-31,510.3800048828125,512.1900024414062,506.3900146484375,507.2900085449219,27208900
2026-09-01,497.5199890136719,505.9700012207031,496.7799987792969,501.0199890136719,21046900
2026-09-02,499.8500061035156,500.2699890136719,493.80999755859375,496.82000732421875,15336100
2026-09-03,501.6600036621094,515.6500244140625,500.79998779296875,510.1199951171875,24125900
2026-09-04,510.0,511.0,499.3599853515625,499.70001220703125,18101800
2026-09-08,493.010009765625,495.19000244140625,490.1499938964844,493.95001220703125,18882300
2026-09-09,493.07000732421875,494.3900146484375,489.79998779296875,491.6499938964844,12889600
2026-09-10,488.32000732421875,494.5199890136719,486.0,492.44000244140625,16038800
2026-09-11,495.6499938964844,498.9700012207031,492.5799865722656,495.6300048828125,14510500
2026-09-14,497.05999755859375,509.95001220703125,495.3399963378906,505.4100036621094,23091900
2026-09-15,500.05999755859375,505.8999938964844,495.5400085449219,497.1199951171875,17794600
2026-09-16,493.0299987792969,495.9700012207031,487.2300109863281,490.29998779296875,16670300
2026-09-17,497.79998779296875,501.4700012207031,493.1700134277344,497.75,17841600
2026-09-18,497.9700012207031,498.6499938964844,491.1000061035156,493.7799987792969,39622300
2026-09-21,494.95001220703125,501.8699951171875,491.3299865722656,501.6099853515625,27873100
