Date,Open,High,Low,Close,Volume
2021-09-22,50.7429536051619,50.9974130362024,50.46603701855437,50.7130126953125,3644611
2021-09-23,50.817769585199414,51.072234800986195,50.683056172557826,50.72795867919922,3899825
2021-09-24,50.56332091387446,50.75791026908113,49.560433234388725,49.740055084228516,4209528
2021-09-27,49.95708909054635,50.25645683644772,49.148796765884434,49.156280517578125,4117061
2021-09-28,48.96170856028143,49.09642497764366,48.580013517601785,48.64737319946289,4416238
2021-09-29,48.841949050289934,49.53797926072458,48.79704359029165,49.43320083618164,4034398
2021-09-30,49.57290151393821,49.6104574076658,48.716644287109375,48.716644287109375,3607253
2021-10-01,49.00957753256288,49.798236558009606,48.8067768784579,49.46023941040039,3023554
2021-10-04,49.30251729046251,50.01606465608677,49.227405485173186,49.948463439941406,3561019
2021-10-05,49.94847089630944,50.001050942016086,49.437724145951506,49.76070022583008,3218498
2021-10-06,49.64051344923786,50.93241762549257,49.37011744505023,50.88734817504883,4103851
2021-10-07,51.04507648652339,51.630937877691515,50.84978935613402,50.93992233276367,3184442
2021-10-08,50.849788612826934,51.13520871567378,50.3916131478111,50.47423553466797,2094444
2021-10-11,50.496770629495494,50.91738726611892,50.339036433836924,50.89485549926758,2593726
2021-10-12,51.000010633830954,51.83373924792252,50.782191722402864,51.525787353515625,3707770
2021-10-13,51.72106210417502,51.893817439642625,50.87982310256844,51.64595031738281,5716558
2021-10-14,51.81870408033727,52.419586528743785,51.375549874174816,52.291900634765625,4535124
2021-10-15,52.637422952863076,52.86275838162336,52.179247419618896,52.32196044921875,4263811
2021-10-18,52.13417705126819,52.90781498679037,51.976442863188204,52.840213775634766,2513539
2021-10-19,52.975407087534265,53.00544943672612,52.569811718051206,52.607364654541016,3519636
2021-10-20,52.7125097298237,53.628860361146614,52.65241912792069,53.598812103271484,2735832
2021-10-21,53.59882662399469,53.929316153224946,53.25332183252988,53.456119537353516,3152347
2021-10-22,53.531243360617715,53.97439181005332,53.51621626730872,53.89176940917969,2530258
2021-10-25,53.91428325992916,56.002356615435446,53.89175149822938,55.48409652709961,7199232
2021-10-26,55.27379498509932,56.032405784938064,55.11606080630422,55.65685272216797,5146790
2021-10-27,55.874681545128546,55.95729802070248,55.05597415343347,55.07099533081055,6688186
2021-10-28,55.26629818977806,55.28883587610588,54.4626176606317,54.94332504272461,9845486
2021-10-29,54.47762118297049,55.07099314895248,53.50869614204309,53.65140914916992,45300982
2021-11-01,53.505225813727705,53.70116035989833,52.28440561072067,53.399723052978516,5556391
2021-11-02,53.62578940489315,54.65821023984759,53.42985491746863,54.25127029418945,4598076
2021-11-03,54.25880123059941,54.7486374080934,54.16083399510061,54.46980667114258,3625519
2021-11-04,54.61300477156387,54.673288663017416,53.414791227478034,53.71622848510742,2901571
2021-11-05,54.19098629146122,54.74864787194612,53.96490983816354,54.08548355102539,3300130
2021-11-08,54.1231729944134,54.13070848147276,53.5429048901164,53.859413146972656,2880415
2021-11-09,54.04028341250676,54.08549634047619,53.3319060067999,53.4750862121582,3382793
2021-11-10,53.47508239110095,53.866951472655494,53.437404953818664,53.61073303222656,2653582
2021-11-11,53.36954978908935,54.58283972602017,53.256511606998565,54.57529830932617,2945328
2021-11-12,54.492402510451264,54.944561176001734,54.42458316070726,54.81645202636719,3001985
2021-11-15,55.50514691007991,55.50514691007991,54.75854626321713,55.326271057128906,7029300
2021-11-16,55.396266893531234,55.56735805069333,54.72743604846014,55.5362548828125,4903200
2021-11-17,55.40403296423187,56.010645532677806,54.089707710416874,55.971763610839844,6557200
2021-11-18,56.09616673626471,56.11950299814194,55.1473664240343,55.24846649169922,4760600
2021-11-19,55.26404396975899,55.544019909009535,54.67298892774432,55.14739227294922,5543500
2021-11-22,55.17072670627056,55.707342351775864,54.84408413060395,54.97629928588867,6528200
2021-11-23,55.06959363370132,55.26402095869921,54.354102501737295,54.361881256103516,4518600
2021-11-24,54.37745278178299,55.01517440441005,53.99637674634144,54.93740463256836,3930900
2021-11-26,54.315233637909536,55.04628253399154,53.801948405997926,54.02748489379883,3720200
2021-11-29,54.45522504362648,54.906298047768445,53.80973056771687,54.28413391113281,5540100
2021-11-30,54.23418786345694,54.23418786345694,52.98545249873807,53.00886535644531,6217100
2021-12-01,53.422500443947584,53.92199451556124,51.432330427047894,51.44793701171875,6009300
2021-12-02,51.93962913351658,53.118119758343596,51.838165495812824,52.69667053222656,5086200
2021-12-03,52.74349994153186,52.9776344208625,52.1581548115474,52.48594665527344,4047600
2021-12-06,52.891785131036414,54.30442214197438,52.84495942445949,53.133731842041016,5604700
2021-12-07,53.3834814710391,53.75809905079989,53.10251530899896,53.375675201416016,6229000
2021-12-08,53.34444631350249,53.92198511668046,53.25859522667952,53.734676361083984,4298400
2021-12-09,53.477130979397224,53.477130979397224,52.556187693244865,52.571800231933594,3697900
2021-12-10,52.923019123282174,52.923019123282174,52.204996966646554,52.244022369384766,3874900
2021-12-13,52.28303533363937,53.43811923081789,52.17377136485163,53.1961784362793,4984500
2021-12-14,53.14934855885224,53.570797861708954,52.4859584533044,52.51717758178711,4766400
2021-12-15,52.29082225395147,52.587394923137566,51.23720239942353,52.4625244140625,6006200
2021-12-16,52.63423346516077,53.071289235800045,52.40009304263928,52.81373596191406,5136800
2021-12-17,52.798135667129515,53.59420248052102,52.72009083514039,52.899593353271484,12326900
2021-12-20,52.400101779760874,52.587410576346706,51.79134372502745,52.49375915527344,3914000
2021-12-21,52.75129554697891,53.74248321308855,52.72788269657976,53.64102554321289,4084300
2021-12-22,53.773697424014614,54.0390509769044,53.430293104333714,53.96100616455078,2989200
2021-12-23,54.04685797797462,54.17953475622015,53.74247903755836,54.02344512939453,2863700
2021-12-27,54.046876344339275,55.37365648653999,54.03907007401397,55.3658561706543,3346100
2021-12-28,55.31901849434116,55.81071224595384,55.20975453941366,55.72486114501953,2663800
2021-12-29,55.80290414647503,56.21654709862681,55.65461480346259,56.115089416503906,1920100
2021-12-30,56.19312902556372,56.357024937355696,55.81070523138245,56.12289047241211,2071500
2021-12-31,56.19103032692474,56.39465106451347,56.00307594028403,56.06572341918945,2309800
2022-01-03,56.17536667970327,56.23801415496057,54.89882802507559,55.760292053222656,3110500
2022-01-04,55.721135650056084,56.76272680752171,55.69764210100916,56.58259963989258,3410700
2022-01-05,56.48080938341223,56.76274400732823,55.517531755871985,55.66633224487305,3237600
2022-01-06,55.885595198939086,56.28500344854938,55.51751367233366,55.92475509643555,2869800
2022-01-07,55.70546803540143,56.02656246498028,55.37654640629247,55.92475509643555,3108900
2022-01-10,55.83078149869582,56.120549239375414,55.251251992298805,56.097049713134766,3275800
2022-01-11,55.98740385827356,56.089217204127074,55.110279493760885,55.83077621459961,3998100
2022-01-12,55.86992148880956,56.53560380877351,55.760280960218935,56.284996032714844,4234500
2022-01-13,56.37896586718144,56.81753392268802,56.003057219558926,56.151851654052734,2390600
2022-01-14,56.03439534040269,56.167529431241725,55.40787283357207,55.995235443115234,2506100
2022-01-18,55.82294133359688,55.94041505024234,54.53857557485237,54.60906219482422,4224000
2022-01-19,54.718712692068245,54.83618045512331,53.69278175334138,53.70061492919922,3281300
2022-01-20,53.82591672553635,54.013871103517076,52.71383888299238,52.72167205810547,3647100
2022-01-21,52.90964326723832,53.43435861741869,52.455420540538384,53.19157791137695,4183100
2022-01-24,52.44756404877462,53.65361594036878,51.4842867803394,53.57530212402344,6464500
2022-01-25,53.089769772272454,54.209675155821024,52.55722722677459,53.974727630615234,4623200
2022-01-26,54.33494795695218,54.89098377176197,52.8391344783716,53.19938278198242,4577500
2022-01-27,53.551791362430436,54.18614688410263,52.85478838580687,53.06624221801758,3257500
2022-01-28,53.03493123909174,54.428937605955426,52.416241878805614,54.421104431152344,3531800
2022-01-31,53.93932689432849,54.575945521306885,53.672108850524126,54.5523681640625,4353700
2022-02-01,54.253705090044875,54.63881591238024,53.955048574232386,54.332298278808594,3264300
2022-02-02,54.22226431069001,55.0317855134737,53.93146892499627,54.858882904052734,3400900
2022-02-03,54.62309901192283,54.64667636863895,53.91574832906003,53.97076416015625,2299800
2022-02-04,53.75854949973152,54.08078329399621,53.231968667473076,53.593502044677734,3705200
2022-02-07,53.52277498196383,54.025778566226236,53.36558861048522,53.47562026977539,2636500
2022-02-08,53.43631871109861,53.55421148350429,52.909737790132105,53.09050750732422,3039200
2022-02-09,53.56992374438392,54.057204985069774,53.49918569560007,53.88429641723633,2224900
2022-02-10,53.279126617161374,54.02577076833027,52.58749828769677,52.84685516357422,3162100
2022-02-11,53.07478869414627,53.617091884403536,52.493191908071275,53.04335021972656,3795300
2022-02-14,52.92543427389517,53.20051930559208,52.32812151019616,52.57176208496094,3771800
2022-02-15,53.04335151773043,53.31843068028943,52.571786382446994,52.697540283203125,3069800
2022-02-16,52.81542798349323,53.16124522027899,52.43817826725069,53.004058837890625,3651400
2022-02-17,52.62679053024116,52.98046880038362,52.31241184442831,52.75254440307617,3543000
2022-02-18,52.74467576496261,53.14550868211751,52.30454926535649,52.3674201965332,3611100
2022-02-22,52.23381575908414,52.414585442134694,51.55004260529425,51.90372085571289,3521000
2022-02-23,52.728962895096466,52.799700950103784,51.25139081536193,51.28282928466797,3725100
2022-02-24,50.826986201019004,51.825138226058094,50.22181208844634,51.667945861816406,5712100
2022-02-25,51.87229921986613,53.01977663457062,51.770128667941016,52.97262191772461,5839700
2022-02-28,52.45751175058424,52.828265052205644,51.676567020182084,52.13408660888672,7089700
2022-03-01,52.268182135962256,52.512718935417354,51.65289211260403,51.92109298706055,5832800
2022-03-02,52.06306646957205,52.52059183143074,51.91318601902183,52.14194869995117,6091100
2022-03-03,52.39439544580367,52.58372009296817,51.60556080427697,52.55216598510742,5489700
2022-03-04,52.15775612855812,52.74149216169282,51.40835950086437,52.709938049316406,4697900
2022-03-07,52.40228183205484,52.47327405605502,51.006047261745344,51.01393127441406,5221300
2022-03-08,50.97448558783061,51.97630271607277,50.61950646554306,51.19535827636719,4348800
2022-03-09,51.82643329327141,52.03153198422069,51.376797790483415,51.40835189819336,3745900
2022-03-10,51.045483271784924,51.24269191030287,50.587957786024084,51.13225555419922,4454700
2022-03-11,51.471464108280195,51.97631783415929,51.41624592008502,51.55034637451172,3451700
2022-03-14,51.80276067170432,52.18140388343208,50.95870798927273,51.17958068847656,3301000
2022-03-15,51.921093560395704,52.1577463496838,51.013932559231925,51.36891174316406,3920800
2022-03-16,51.684442749019496,52.197186466545595,50.88772409914285,51.74755096435547,4870100
2022-03-17,51.400469942240285,52.473279555662536,51.38468987858841,52.449615478515625,3685900
2022-03-18,52.29973228135227,52.812469916433635,52.29973228135227,52.75725173950195,6202100
2022-03-21,52.71781946569793,53.23056317593062,52.25240390712868,52.52061080932617,4196600
2022-03-22,52.749381968621925,53.47510849517885,52.73360190333547,53.20690155029297,5000400
2022-03-23,53.08068197522676,53.262110566444754,52.65471056084944,52.77303695678711,2835000
2022-03-24,52.70203931993508,52.87558390020185,52.347066146357115,52.678375244140625,3150900
2022-03-25,52.867686757978376,53.632857203511286,52.85191271568058,53.60130310058594,2642000
2022-03-28,53.56975944483749,54.20871353149414,53.538205339303424,54.20871353149414,3393400
2022-03-29,54.51634361892773,55.77847740325127,54.484789522028564,55.70748519897461,3769500
2022-03-30,55.604955098276314,55.920490175021875,55.234201834475115,55.439300537109375,2922000
2022-03-31,55.737761450680495,55.94357754280928,54.84323028578295,54.859066009521484,3834800
2022-04-01,54.906538891354344,56.13354728371524,54.88279135491169,56.12562942504883,3288700
2022-04-04,55.94355179048021,56.0939608989638,55.23109553918455,55.8643913269043,3090800
2022-04-05,55.856487025717016,56.57686131008059,55.82482162468984,55.943565368652344,3135600
2022-04-06,55.611077683351,56.83808608364616,55.2310989791417,56.82225036621094,3280800
2022-04-07,56.473929420978635,56.97265178028899,56.03854388328821,56.695587158203125,3550900
2022-04-08,56.75892072945002,57.41596410656674,56.49769178202443,57.123069763183594,2816600
2022-04-11,57.09931123782421,57.2338906688692,56.481851169058096,56.616424560546875,2342100
2022-04-12,56.60059529216445,56.8855777935832,56.315612790745696,56.64809036254883,2302300
2022-04-13,56.79057750349538,57.170556157741224,56.73516457887159,57.14680862426758,2546700
2022-04-14,57.384309062324675,57.85136618750651,57.249735634896524,57.479305267333984,2625300
2022-04-18,57.47928955795484,58.088831764722954,57.40804091378102,57.985923767089844,2544600
2022-04-19,58.08885496885132,58.79339363610027,58.065107424492595,58.67465591430664,3406000
2022-04-20,58.67465669849853,59.6245947228951,58.603408024911516,59.31586456298828,2807700
2022-04-21,59.50584366253623,59.68791821532241,58.99129144594007,59.02295684814453,2734200
2022-04-22,58.912108902839634,59.17334384354866,58.16799336809286,58.21548843383789,3112400
2022-04-25,58.183830969112435,58.310492547760205,56.885579985755264,57.590118408203125,4179100
2022-04-26,57.76427642469996,58.18383234466577,56.925164584768346,56.94099426269531,3676200
2022-04-27,57.13098847717204,57.43971857557041,56.68768495938103,56.72726821899414,2955000
2022-04-28,56.72724737171518,57.65343732653524,56.3710162847846,57.558441162109375,3130100
2022-04-29,57.19862096948658,57.254222773311774,54.990426388797445,55.093685150146484,6374100
2022-05-02,55.26843539036281,55.49878745189173,52.51216155845677,53.520938873291016,4257100
2022-05-03,53.798960020096715,54.5376732455067,53.306482516442465,53.75129699707031,3143500
2022-05-04,53.6480215424029,54.72034529484764,53.22703567412126,54.4741096496582,3296200
2022-05-05,54.855410670585464,55.10165252546941,52.94111401894008,53.298553466796875,3206300
2022-05-06,52.8378399180876,53.107910214262226,51.92438236433482,52.520118713378906,3568400
2022-05-09,52.0276295236308,52.13883313245772,51.07445400221657,51.28097152709961,4524500
2022-05-10,51.757568812419436,52.03557785309569,49.83532491808081,50.439002990722656,5762800
2022-05-11,50.43900179416335,51.328636763365225,50.16099276008228,50.67729568481445,4444100
2022-05-12,50.50256092439289,51.94821431890635,50.351639099973944,51.940269470214844,5584800
2022-05-13,52.265936732269026,53.59244151331659,51.948209475813535,53.54478454589844,5225300
2022-05-16,53.68775946227423,54.30733038575097,53.32237521108158,54.06108856201172,3543200
2022-05-17,54.354974568120014,54.664756926901035,53.83866861677085,54.49795150756836,4711800
2022-05-18,54.28348996720082,54.41058328959267,53.51300942573707,53.66392517089844,5187300
2022-05-19,53.32236332769174,53.86249776563376,52.56776650798475,53.338253021240234,4499300
2022-05-20,53.84660591080666,54.10873127305277,53.13966615939738,54.00546646118164,4085500
2022-05-23,53.93399049886969,54.402633446838294,53.23498941018077,53.393856048583984,6075200
2022-05-24,53.417689590558815,54.42646708439336,52.655147834401475,54.3629264831543,4053100
2022-05-25,54.100789758795834,55.16516884415968,54.037243110676286,54.950706481933594,4227300
2022-05-26,54.871279127521476,55.06191302190256,54.02930114539903,54.06901931762695,4491900
2022-05-27,54.41058396168119,55.101640275400825,54.35498214748374,55.085750579833984,3369600
2022-05-31,54.34996811638665,54.66883098058018,53.648474680603485,54.38185501098633,6709300
2022-06-01,54.389841850759915,54.53332987142413,53.87965749143896,54.270267486572266,2879800
2022-06-02,54.09488860176737,54.58912643270586,53.38542179649698,54.5572395324707,2701500
2022-06-03,54.341997240108114,54.34997048455627,53.60861687776999,53.69630432128906,2821700
2022-06-06,54.03910291141567,54.03910291141567,52.96294558012739,53.393409729003906,4764100
2022-06-07,53.21005930268273,54.294189836442904,53.10643141409013,54.254329681396484,3832200
2022-06-08,53.95139838807082,54.01517218593643,53.313672573022956,53.49702072143555,2979100
2022-06-09,53.377449519117214,53.85574086771092,52.81944395939196,52.835384368896484,4325300
2022-06-10,52.3969572856071,53.186138376913135,52.030260938328595,52.580299377441406,4513600
2022-06-13,51.711393785721235,51.90270908579299,50.17288293594209,50.38811492919922,5406100
2022-06-14,50.46783861462607,50.75481160137012,49.65474088326227,50.05331802368164,4541300
2022-06-15,50.523637073696854,52.444778689132534,50.41203596555653,51.65559768676758,4884500
2022-06-16,50.603348952181996,51.743282758149455,50.45986095092187,51.20121765136719,4708400
2022-06-17,51.18528567472515,52.36507691758965,51.18528567472515,51.71141052246094,15381100
2022-06-21,51.82298804795528,52.80348415305799,51.82298804795528,52.18967819213867,3592900
2022-06-22,51.623702348858025,53.465126413986596,51.623702348858025,52.92306137084961,3427300
2022-06-23,53.44919220928771,54.246346419229035,53.329617861435715,54.19851303100586,4081700
2022-06-24,54.254324883002404,55.30656841602343,54.134756592049634,55.155113220214844,5933800
2022-06-27,55.05147429217075,55.537738904191414,54.65289714014101,55.35439682006836,3798400
2022-06-28,55.72107758789427,56.34285686616185,55.0275512719323,55.10726547241211,2858800
2022-06-29,54.98770626675931,55.37831017068896,54.90798597134928,55.29062271118164,3085800
2022-06-30,54.88901656635019,55.17702238605138,54.3690057194659,54.609012603759766,3766600
2022-07-01,54.54501389385492,56.169043097809784,54.51301256672908,56.12104415893555,2950200
2022-07-05,55.68902218334147,55.889025852695916,54.4650007034727,55.43301773071289,2979500
2022-07-06,55.60102462768555,55.98503438984722,55.22501672196818,55.60102462768555,3031300
2022-07-07,55.69702992209742,55.75303071128661,54.9210146264556,55.033016204833984,3871800
2022-07-08,55.04101754683325,55.4410249240526,54.81700828854274,55.185020446777344,2885900
2022-07-11,55.13701600332838,55.66502867667138,54.90501098961356,55.649024963378906,2836000
2022-07-12,55.27301390948495,55.913028125018926,55.03301315638065,55.48902130126953,2587200
2022-07-13,54.90501731342574,55.39302686337344,54.4250096210459,54.44101333618164,3343100
2022-07-14,53.62499342983018,54.92902151760047,53.488992372709596,54.76101303100586,3969800
2022-07-15,55.48903084006499,56.33704463334088,55.07301969736549,56.24904251098633,3803500
2022-07-18,56.40102897983784,56.5130305349119,55.33700810300731,55.5770149230957,2913500
2022-07-19,55.94502953043749,56.105030032748054,55.43302059869015,56.065032958984375,2528700
2022-07-20,55.953016742348034,56.44102608138742,55.51300632071373,56.201019287109375,1861400
2022-07-21,56.00101696432259,56.48102446043434,55.80101333230715,56.46502685546875,1843200
2022-07-22,56.80106591251677,57.177073945138204,56.553063211694194,57.08106994628906,2224600
2022-07-25,57.201056571517825,57.513061846344925,57.009054733999996,57.289058685302734,2051000
2022-07-26,57.297084771835415,58.08909802719718,57.297084771835415,57.94509506225586,2374700
2022-07-27,57.60105093923713,58.01705584375797,56.96903867566304,57.49705123901367,2529500
2022-07-28,57.78506676099392,58.88908489352375,57.63306200879757,58.83308410644531,2739000
2022-07-29,58.67896489780567,59.54590594919925,58.630803547488775,59.39338684082031,4414900
2022-08-01,59.0963955898795,59.52986620292403,58.91979577075586,59.13652801513672,2613300
2022-08-02,59.08032225307438,59.4495735398977,58.4140617005474,58.438148498535156,2684800
2022-08-03,58.59867726431953,59.01608980494388,57.75581712792903,57.795955657958984,3723800
2022-08-04,58.63881301164877,58.73513568030196,57.820033582419434,58.17323303222656,3074600
2022-08-05,57.87625220147658,58.43013231470289,57.44278160733633,58.40605163574219,2509400
2022-08-08,58.59867896714705,59.26493938961442,58.54248869804017,58.80738830566406,2033200
2022-08-09,58.96794350277231,59.16059502261883,58.83951119763509,59.040191650390625,2577200
2022-08-10,59.60208900610691,59.68235995499634,58.94385742636423,59.505760192871094,3214300
2022-08-11,59.529870120430445,59.85095404074915,59.096399478860334,59.2890510559082,2899800
2022-08-12,59.58604984213652,60.01951428248162,59.369311497681835,59.93924331665039,3283900
2022-08-15,59.88304281068217,60.292432628136694,59.70644304141625,60.00345230102539,3073400
2022-08-16,59.67434795205189,60.059657190024076,59.000064440953764,59.160606384277344,4727900
2022-08-17,58.951893267756034,59.36127699235656,58.63080331028542,59.064273834228516,3280200
2022-08-18,59.14454007456156,59.264949564543166,58.389979653339196,58.590660095214844,2830300
2022-08-19,58.494326252557634,58.79935826132271,58.30166865559874,58.52643585205078,4178100
2022-08-22,58.19735430901375,58.36592522106373,57.57123202874701,57.62742233276367,3956300
2022-08-23,57.55515492802303,57.6274030800693,56.286859043330416,56.68019104003906,4441200
2022-08-24,56.68017729500599,56.969157584549365,56.62398702338813,56.70425796508789,3051600
2022-08-25,56.92903689446953,57.097607762157224,56.61597583672351,57.009307861328125,2575400
2022-08-26,57.00127892186655,57.137740163279666,56.10222826659828,56.1182861328125,3309700
2022-08-29,55.86943790943685,56.74440788510317,55.789166951628935,56.182498931884766,3709700
2022-08-30,56.23066089786457,56.46344481542047,55.243310453127755,55.36371994018555,3989400
2022-08-31,55.587691109185265,55.84548885108269,54.83040755331903,55.00764465332031,5103900
2022-09-01,54.75789878809484,55.17681776764176,54.40342462713662,55.14459228515625,3476400
2022-09-02,55.38627950543402,55.50712352635868,54.427591391515826,54.532325744628906,2563100
2022-09-06,54.78207791599401,55.14460391423758,54.266482380260044,54.58067321777344,3910500
2022-09-07,54.53233760266569,55.15266136360755,54.443719044476346,54.99959182739258,2662100
2022-09-08,54.540375714986716,54.91096567269253,53.31583817088993,53.46084976196289,8201300
2022-09-09,53.49306789286632,53.97643774789963,53.178877179775604,53.80725860595703,4143300
2022-09-12,54.16979279210131,54.645110960895835,53.895885419127815,54.459815979003906,3794600
2022-09-13,53.66225051706081,53.95227367817723,52.977475999128785,53.09832000732422,4210200
2022-09-14,53.17083054370368,53.37223520485408,52.37326980653522,52.695518493652344,4994900
2022-09-15,52.82441086965409,53.12249196160646,51.06010725825137,51.10038757324219,7543300
2022-09-16,51.02787828038904,51.970453567179405,50.842586385575224,51.809326171875,12575400
2022-09-19,51.50320542158305,51.65627494643265,51.0278902501073,51.535430908203125,4448700
2022-09-20,51.116500235375426,51.16483538401377,50.431722588818936,50.82647705078125,4382400
2022-09-21,50.99566117067174,51.4306959898185,50.36727959180953,50.383392333984375,4966400
2022-09-22,50.35115432739258,50.64117746802885,50.04501844858867,50.35115432739258,4300400
2022-09-23,49.94029203200565,50.27865032595812,49.16689593847446,49.79528045654297,4557500
2022-09-26,49.54554184672685,49.706666174687726,48.61907926584501,49.062171936035156,5015900
2022-09-27,49.255515344284305,49.49720028330659,47.86985051987683,47.926246643066406,6882500
2022-09-28,48.29682317775449,48.87686632977733,47.620103606069286,48.63518142700195,8458700
2022-09-29,48.224323862178174,48.27265900529651,46.4116822386641,46.68559265136719,4837900
2022-09-30,47.21796525060968,47.40405350077061,46.667789951699575,47.0885124206543,5621400
2022-10-03,47.61442558689682,48.23741845773245,46.692073547560874,47.913787841796875,4283300
2022-10-04,48.38305558244484,49.41868162660892,48.16460328609148,48.76332473754883,3868000
2022-10-05,48.23741245703601,48.41541127981748,47.2584251045366,48.1565055847168,3357800
2022-10-06,48.18888023611207,48.45587544299152,47.10471124046818,47.347434997558594,3871700
2022-10-07,47.0885227234609,47.50115274472605,46.66780016245353,46.95097732543945,3287300
2022-10-10,47.17750734598856,47.59013723784096,46.37651591470038,46.400787353515625,3157200
2022-10-11,46.441253064954026,47.201788133651185,46.198526283132225,46.97524642944336,3625200
2022-10-12,46.82154320302176,47.04808811046311,46.53836592672111,46.54645538330078,2931400
2022-10-13,45.72926193577784,46.74870271457065,45.20335801159469,46.56261444091797,4441300
2022-10-14,47.12898017360237,47.27461503735983,44.90400686068553,44.936370849609375,4153100
2022-10-17,45.607891910105714,46.692060497594994,45.421803663512634,46.51406478881836,5014200
2022-10-18,47.169418432900315,47.662958302720874,46.942876756156004,47.43641662597656,4069500
2022-10-19,47.03188923030891,47.53351869102655,46.449349800830554,46.78916549682617,3660400
2022-10-20,46.853892722914786,47.19370843586337,46.481716107247195,46.49789810180664,3185100
2022-10-21,46.43316900985963,46.75680272048635,45.85872210557702,46.627349853515625,3781500
2022-10-24,47.15324100541496,47.84096172640517,47.0561521469031,47.74386978149414,4207300
2022-10-25,47.80051425143697,48.989861404070666,47.735786280093876,48.94131851196289,6585800
2022-10-26,48.941307643843594,49.313484137220634,48.71476288084982,49.030303955078125,3814300
2022-10-27,49.35393421699875,49.95265543272857,49.26493482540661,49.46720504760742,3401700
2022-10-28,49.34586571201253,50.494759580313875,49.28113773196178,50.41385269165039,2980500
2022-10-31,49.98980909911404,50.73713656341225,49.965437569638375,50.58279800415039,6662200
2022-11-01,50.769637106451825,51.12705423613746,50.3797266653222,50.53406524658203,3586600
2022-11-02,50.19288791360763,50.73713686162381,49.23435704812536,49.6080207824707,4138300
2022-11-03,49.04751950150922,50.355345519010896,48.69822423849702,50.06291198730469,2826600
2022-11-04,50.290369842364996,51.549456178647986,50.11978461137296,51.18391418457031,3706200
2022-11-07,51.27326626732758,51.42760793295685,50.84274077632476,51.28139114379883,3316300
2022-11-08,51.322018055319795,51.92312890593445,51.053952847186366,51.451988220214844,2999300
2022-11-09,51.4032327185326,52.21554677842715,51.257015939853005,51.37886428833008,2979900
2022-11-10,52.597349398244226,53.51526229951189,52.085593635186946,53.10098648071289,4617900
2022-11-11,53.287802825266986,53.47463779201263,52.52423179837108,52.78417205810547,3558000
2022-11-14,52.65420755951489,52.97913448742156,52.03684701623878,52.053096771240234,3993600
2022-11-15,52.71919520701532,53.11722744775087,51.95561784124582,52.5892219543457,4436700
2022-11-16,52.426748032491055,52.57296480521118,51.73627925048334,51.85812759399414,3569100
2022-11-17,51.35449976018341,52.33739910364346,51.281391365288634,52.3211555480957,3087800
2022-11-18,52.800409782228535,52.96287010257288,52.23991114135179,52.55671310424805,2991800
2022-11-21,52.51610397845705,53.1009710794412,52.48361067312857,53.04410934448242,2831100
2022-11-22,53.1009710794412,53.35278644890659,52.873517942141795,53.04410934448242,3128700
2022-11-23,52.906011637100015,53.11721502455845,52.14244064738229,52.410499572753906,3283300
2022-11-25,52.64608410967731,52.76793248562982,52.4186371132144,52.6785774230957,1691200
2022-11-28,52.44300553295064,52.548610350894734,49.97357258982991,50.15228271484375,7739200
2022-11-29,50.2903680874126,50.81024863918884,49.908579451506455,50.60717010498047,5291900
2022-11-30,50.16513647069183,51.51081284821155,49.83075671358507,51.43741226196289,7034600
2022-12-01,51.714703673520305,52.13063826010836,51.03778991277559,51.22536849975586,3923000
2022-12-02,50.83390909991545,51.56791199573352,50.67079630824997,51.29877853393555,3357300
2022-12-05,50.81758322654722,51.2987641156021,50.36086816047445,50.760494232177734,5078700
2022-12-06,50.85021551077908,51.331396515505794,50.784972263437254,51.14381790161133,5584400
2022-12-07,51.14381303909696,52.049085954388076,51.14381303909696,51.84519577026367,5196200
2022-12-08,51.869673804787745,52.53843351722492,51.861519564395216,52.24483108520508,3862500
2022-12-09,52.30190990180157,52.929895178693315,52.19588924178375,52.562889099121094,4418000
2022-12-12,52.65259739452228,52.93804862052811,52.277440214960656,52.7423095703125,4943900
2022-12-13,53.82699302373134,54.18584163500405,52.5220974676026,52.97880935668945,4250200
2022-12-14,53.06037686269658,53.53340355946366,52.522110039181946,52.73415756225586,4750200
2022-12-15,52.39160900190739,53.02774524763934,52.25296519906495,52.71783447265625,4543800
2022-12-16,52.000157031185246,52.30191366647174,50.882839567792146,51.77180099487305,10962300
2022-12-19,51.771797350455174,52.26928680724115,51.38032855385513,51.82073211669922,3610900
2022-12-20,51.63315213970086,51.877819742179796,51.04594740485752,51.47003936767578,4438400
2022-12-21,52.17957241143661,52.8483350373954,52.13879499928619,52.39161682128906,3845700
2022-12-22,52.163268166880165,52.35900101720048,50.9888617316056,51.74733352661133,3204100
2022-12-23,51.64130519125594,52.530269622802734,51.57606195061602,52.530269622802734,1848300
2022-12-27,52.53028095975103,52.53843208880391,51.89414133729747,52.28561019897461,4073900
2022-12-28,52.22033794660179,52.562871864099996,51.50264694485799,51.56789016723633,3155200
2022-12-29,51.78810220147893,52.358992177798456,51.73101320384698,52.2203483581543,2462900
2022-12-30,52.08035006262864,52.21953516031337,51.36804305913997,51.93297576904297,2374100
2023-01-03,52.28502285725633,52.42420791933033,51.458089185568774,52.235897064208984,4483600
2023-01-04,52.399658879512245,53.39852837634712,52.276845929708166,52.89909362792969,3887200
2023-01-05,52.6125290043443,52.62890114764256,51.67915754994363,51.90021896362305,3783000
2023-01-06,52.194965537354385,52.76808422895837,52.137653668193984,52.465152740478516,4261600
2023-01-09,52.41602413860133,53.103772819239666,52.137653985705654,52.97277069091797,3885800
2023-01-10,52.70260390442587,52.817227674267095,52.24410570179751,52.51428985595703,3121500
2023-01-11,52.94004015117235,54.1026562325353,52.48153882952245,54.03715515136719,5024500
2023-01-12,54.1353892567906,54.71669710938109,53.69326647175174,54.487449645996094,3525800
2023-01-13,54.16814572321671,54.47926642240366,53.881580116055055,54.19270706176758,2148700
2023-01-17,54.24183867782557,55.0605834125852,54.22546653160209,54.76583480834961,3192800
2023-01-18,54.847701606277376,54.93776401627088,53.79970946801753,54.06989669799805,2505400
2023-01-19,53.922521976743,54.503829916025445,53.4476485908979,53.47220993041992,2709300
2023-01-20,53.57865465327533,54.39739934542671,53.087402840763474,54.348270416259766,3038300
2023-01-23,54.35646108901807,55.101521777450984,54.13540276460282,54.798583984375,2676500
2023-01-24,54.74945544798416,55.22432258421296,54.52839090067305,54.93776321411133,1904100
2023-01-25,55.134252956019054,55.134252956019054,54.610256963154406,55.10969161987305,4140100
2023-01-26,55.41264490753395,55.674642977567316,54.962332796604706,55.650081634521484,2294800
2023-01-27,55.55183391601338,56.231393605116736,55.54364471891425,55.92027282714844,3979800
2023-01-30,55.73193871858222,56.04305938459759,55.43719019434665,55.48631286621094,2652000
2023-01-31,55.493714145790236,56.00321001148505,55.140355424490465,55.7402458190918,5001200
2023-02-01,55.567697554088596,55.98679278270478,54.86919296726834,55.79779052734375,3303200
2023-02-02,56.05252782921249,56.57845634527245,55.469076077632295,55.76491165161133,3235300
2023-02-03,55.32937564372127,55.58412049596571,54.54869602527704,55.54302978515625,3637600
2023-02-06,55.058186774733045,55.723813593660395,54.82809386298342,55.658077239990234,2489100
2023-02-07,55.29650864713414,55.7895658675398,54.90205910907198,55.36225128173828,3609200
2023-02-08,55.27185065328979,55.63342256475772,55.00888641333037,55.23897933959961,2520800
2023-02-09,55.41153289907148,55.66627766903897,54.38432815622169,54.425418853759766,2395300
2023-02-10,54.30217706568388,55.05819858635362,54.261086349958426,54.934932708740234,2123500
2023-02-13,55.058191657430534,55.345807822624074,55.033539738922826,55.18145751953125,2237800
2023-02-14,55.082847737474154,55.165022895228944,53.97346743387788,53.99811935424805,3228300
2023-02-15,54.006324805886486,54.59799582024548,53.84196826325285,54.56512451171875,2425900
2023-02-16,54.09672955284008,54.76235643491372,53.84197843103975,54.491172790527344,2447500
2023-02-17,54.48295882538904,54.56513397617882,53.94059154496464,54.33504104614258,2891900
2023-02-21,54.03096990752547,54.27750155561204,53.414647056869285,53.595436096191406,2603800
2023-02-22,54.09673110960014,55.09928429437959,53.759804826049304,53.84197998046875,3501900
2023-02-23,54.27752169445863,54.6637455577417,53.97346671827826,54.30217361450195,3560100
2023-02-24,54.00633515673862,54.113162227754174,53.13526725729517,53.398231506347656,3220400
2023-02-27,53.94881879499277,54.01456143302051,52.97091743040989,53.21744918823242,3981100
2023-02-28,53.20503714242502,53.46079521480243,52.726531683826366,52.7595329284668,5975000
2023-03-01,52.66881186150993,52.66881186150993,51.78604850806584,52.404808044433594,3625700
2023-03-02,52.28929837451955,53.00705844028454,52.10779459922391,52.87505340576172,3244700
2023-03-03,53.12256667067652,53.45257300595055,52.924565387251036,53.2050666809082,3574000
2023-03-06,53.41131440774571,53.53506755764879,52.97405873318862,53.04831314086914,3483800
2023-03-07,53.13905800199701,53.221557992903826,52.52029548150421,52.718299865722656,3548000
2023-03-08,52.65230491170902,53.28756185664148,52.602803021756856,53.246315002441406,2807300
2023-03-09,53.24631427666186,53.37831302038831,52.30580041060427,52.33879852294922,3414300
2023-03-10,52.33055375078904,52.380055643821045,50.50727651095346,50.639278411865234,5725400
2023-03-13,50.639268503086456,52.52854475010925,50.61451598782709,51.80253601074219,6428000
2023-03-14,52.29753820217304,52.82554566157952,51.76128200310139,52.15728759765625,5061000
2023-03-15,51.8437876785893,52.59454895742802,51.24152890740422,52.025291442871094,5503300
2023-03-16,51.67879849313119,51.893303571946035,50.93628890159819,51.50554656982422,4573500
2023-03-17,51.472539821275745,51.472539821275745,50.61452589176245,50.639278411865234,7068400
2023-03-20,50.87025975613019,51.39001840129676,50.6557579367127,51.126014709472656,3943500
2023-03-21,51.38178429985131,51.48903682026831,50.34226979689478,50.54852294921875,4396700
2023-03-22,50.325771541768304,50.58152659570073,48.972751302225895,49.00575256347656,4155200
2023-03-23,49.41824580303785,49.822500131216195,48.7499846019292,48.89848709106445,3559300
2023-03-24,48.807743936928084,50.40001846255645,48.733492679099754,50.358768463134766,3675100
2023-03-27,50.63927359040768,50.713524849299304,50.01226226039549,50.08651351928711,3778500
2023-03-28,49.79776893193693,50.383527215451466,49.707017028006035,50.37527847290039,2410300
2023-03-29,50.82902501279282,51.26628066841286,50.77952312554079,51.183780670166016,3023300
2023-03-30,51.50553115758439,51.8602867880143,51.43952864626117,51.65403366088867,3008000
2023-03-31,51.790714109548965,52.486558758239376,51.749295424754685,52.45342254638672,4142600
2023-04-03,52.14694185393646,52.51971648991464,51.68304417804758,52.08066940307617,5758400
2023-04-04,52.047518918038264,52.180060615354414,51.68302688038634,52.05580139160156,2832400
2023-04-05,52.15521675598354,52.27947600327873,51.749309113567904,51.9481201171875,4001900
2023-04-06,52.163501571804446,52.17178404680686,51.45108863992924,51.83214569091797,3177600
2023-04-10,51.56705117271646,51.90668945564507,51.119721777627106,51.898406982421875,3083000
2023-04-11,51.774146788571535,51.774146788571535,51.119720814753634,51.44279098510742,7405700
2023-04-12,52.1800739368211,52.37060247785191,51.252278658700455,51.293697357177734,4749400
2023-04-13,51.161151542179645,51.161151542179645,50.50672857437075,50.97062301635742,5126000
2023-04-14,51.086595166231625,51.26884121182656,50.10910197997423,50.34104919433594,3728700
2023-04-17,50.54813494209051,51.00374679794795,50.357606462733514,50.99546432495117,2960500
2023-04-18,50.87121505660509,51.15286659421384,50.42388558627758,50.62269973754883,2197000
2023-04-19,50.25820124337634,51.07002269415007,50.22506818909353,51.061737060546875,2290700
2023-04-20,50.896056913292824,51.34338630691625,50.771800855092884,51.30196762084961,3031000
2023-04-21,51.33510786496332,51.87355714619944,51.18599805537955,51.63332748413086,4020800
2023-04-24,51.67475357797073,51.76587660355607,51.053463669027664,51.43452072143555,2647300
2023-04-25,51.268837690358524,51.5919079053272,51.17771467381996,51.393096923828125,3493600
2023-04-26,51.35167505256385,51.54220354805284,50.65583034032243,50.78837203979492,2788900
2023-04-27,50.78837843193046,51.890130854952005,50.75524221288103,51.600196838378906,3183400
2023-04-28,51.72912099898427,52.352964729583356,51.72912099898427,52.2697868347168,3464600
2023-05-01,52.07015997222534,52.311380330558784,51.720808975770204,51.77071762084961,2194100
2023-05-02,51.67920583630854,51.737430986398806,50.87236708072523,51.06367874145508,2620200
2023-05-03,51.18012997508683,51.42135027159328,50.62283119319202,50.71432876586914,3099100
2023-05-04,50.87237167103082,51.72079944280052,50.348342099901565,51.50453186035156,3254900
2023-05-05,51.8206165343184,52.86035604412829,51.79566380145358,52.36128234863281,3226900
2023-05-08,52.120057741478554,52.361278049476866,51.96201849125531,52.2032356262207,2160400
2023-05-09,52.05351574202995,52.09510468414036,51.546122398397515,51.75407028198242,2526900
2023-05-10,52.178290721682295,52.26147179193377,51.496221810787105,51.87884521484375,2665300
2023-05-11,51.62099173029798,51.720805841374265,51.06368966630251,51.40472412109375,2319500
2023-05-12,51.529489511901154,51.65425634628298,51.23004403253182,51.596031188964844,2349900
2023-05-15,51.58771642218222,51.76239190007214,51.24668198643051,51.52117156982422,2449700
2023-05-16,51.40472379417263,51.43799622199759,50.140400094124736,50.148719787597656,3311800
2023-05-17,50.231898283146855,50.52302727053688,49.85759139823591,50.44816589355469,3722300
2023-05-18,50.25685843176686,50.523034723774025,49.80769327664558,49.96573257446289,4197100
2023-05-19,50.16534708195789,50.52301768489779,49.76608753814813,49.882537841796875,3425200
2023-05-22,50.015620730286486,50.398244035401696,49.83262559608679,50.1902961730957,2844500
2023-05-23,50.21524951057075,50.57292009192005,49.890851349121995,49.990665435791016,2700000
2023-05-24,49.82431070991415,49.899172069717984,49.12560574275597,49.15055847167969,3159100
2023-05-25,49.40010798337794,49.40010798337794,48.35205184964671,48.60990524291992,3615000
2023-05-26,48.701398684925756,48.95093553615788,48.42690910048039,48.79289627075195,3448200
2023-05-30,49.28365183660975,49.50823594726207,48.950933930524876,49.009159088134766,4422700
2023-05-31,49.18041156478089,49.93227917569879,49.105224803689104,49.656593322753906,9241100
2023-06-01,49.67331609051452,49.8654593824434,49.188781525395136,49.48952865600586,4558800
2023-06-02,49.78189166777166,50.20794773637881,49.56468730054183,49.87378692626953,4781900
2023-06-05,49.94899155010926,50.61731659644078,49.85709625870896,50.11607360839844,3849900
2023-06-06,50.224677279387905,50.33328110187734,49.72343426098733,50.132781982421875,3669300
2023-06-07,50.28315036426362,51.11020476524394,50.099362976020814,50.95983123779297,3542800
2023-06-08,50.89300645749488,50.9598405649613,50.425180452532494,50.8428840637207,2554200
2023-06-09,50.642378540614864,50.95983413738835,50.56719177261128,50.884647369384766,2605600
2023-06-12,50.86793458332001,51.068433676808446,50.642374298204885,50.93476867675781,4422200
2023-06-13,51.03501754484871,51.40259550487022,50.943122258137066,51.11855697631836,4279900
2023-06-14,51.27729631560977,51.89549587691834,50.901362427340686,51.11021423339844,5399900
2023-06-15,51.0016078061057,51.24387665364008,50.80946453673118,51.151981353759766,4542500
2023-06-16,51.15197570970042,51.50284834445345,51.05172775126747,51.285640716552734,18479700
2023-06-20,51.101862664069955,51.16034410655242,50.266455369746815,50.400123596191406,5309100
2023-06-21,50.34164259471359,50.34164259471359,49.664964719952586,49.79862976074219,5495800
2023-06-22,50.01582445626513,50.157845326864404,49.330790858098865,49.681663513183594,3217500
2023-06-23,49.3976191344587,49.63988475390964,49.08016356716013,49.08851623535156,6096400
2023-06-26,49.26396577999949,50.107725687068985,49.18877900120512,50.082664489746094,3160800
2023-06-27,50.18291699286671,50.400124678678395,49.89887837922326,50.283164978027344,4823300
2023-06-28,50.316563874902286,50.341625065440766,49.94063008270095,50.249732971191406,3648700
2023-06-29,50.024181349405836,50.324928435192255,49.79862103506602,50.30821990966797,3702900
2023-06-30,50.590118107437505,50.74952517332576,49.6588567030012,50.1622428894043,7161500
2023-07-03,50.12867536096572,50.81663349482236,49.96927152034105,50.5062141418457,2347700
2023-07-05,50.33003879574557,51.07672495270353,50.170631728239265,50.866981506347656,4649000
2023-07-06,50.1538412789561,50.28807692826399,49.658846722052544,50.254520416259766,4102900
2023-07-07,49.977657318115234,50.30485651150078,49.78469377330915,49.977657318115234,4710100
2023-07-10,49.90216476661785,50.05318031732486,49.650473248916605,49.76792907714844,4837300
2023-07-11,49.95248639079298,50.78306842062907,49.70918329097022,50.75790023803711,5433900
2023-07-12,51.00959841822575,51.31162945103464,50.58172325536685,50.59850311279297,4271000
2023-07-13,50.674013553671124,51.16900817243942,50.43909873769976,51.13544845581055,4705200
2023-07-14,51.02639389038086,51.07673347806376,50.741142627707546,51.02639389038086,4981700
2023-07-17,50.917325252980824,51.47104790346727,50.75792136283963,51.420711517333984,3229500
2023-07-18,51.52137375840112,51.55493347383319,50.97603958413716,51.16900634765625,4082600
2023-07-19,51.378745420495754,52.125431423302025,51.378745420495754,51.78984069824219,4362500
2023-07-20,52.0163781002259,52.55332084596569,51.57172298899099,52.53654098510742,3250600
2023-07-21,52.59525598032587,52.98957461257121,52.46102032685964,52.64559555053711,3116800
2023-07-24,52.75467230873555,53.23288710844519,52.65399315058436,53.165767669677734,4913400
2023-07-25,53.05670596566154,53.325177332941266,52.897298891042794,52.93085861206055,3284600
2023-07-26,52.93085085038625,53.56008112525987,52.93085085038625,53.48457336425781,3440300
2023-07-27,53.6943132548005,53.845328766864064,52.13382176376398,52.1757698059082,4957900
2023-07-28,52.38551090221373,52.61203416029932,51.286457524620744,51.57170867919922,5075900
2023-07-31,51.70314091401809,51.83793796145085,51.046005709510275,51.36614990234375,9894200
2023-08-01,51.3998519648468,51.64417264240556,51.062860919007726,51.20608139038086,3206500
2023-08-02,50.970176516793984,51.1302469885511,50.68373242103958,50.860652923583984,3554800
2023-08-03,50.624758076481456,50.67530816800086,49.39473477384165,49.5716552734375,6619800
2023-08-04,49.90023096587096,50.75956337885547,49.71488381390904,49.891807556152344,4508100
2023-08-07,49.97605119935902,50.70900992132365,49.90022766165129,50.6416130065918,4059400
2023-08-08,50.30462846855862,50.397302056230615,49.60536967635143,49.70646667480469,4465600
2023-08-09,49.60536586051077,50.38887476933811,49.4200186994244,50.13612747192383,3896100
2023-08-10,50.16982236086689,50.22037245789434,49.32734002663297,49.529537200927734,6938500
2023-08-11,49.411591047950836,49.521111439359714,49.1419969534111,49.386314392089844,5070300
2023-08-14,49.25994865895992,49.386319095038395,48.71233379450695,48.81343078613281,6150100
2023-08-15,48.62809451806203,48.62809451806203,47.88670896346585,48.38377380371094,6157700
2023-08-16,48.43430186653621,48.52697220658714,47.86983713563541,47.91196060180664,5102000
2023-08-17,48.02991910769783,48.54383387411461,47.89512205534386,47.9203987121582,5229500
2023-08-18,47.650792719372596,48.206830823337405,47.62551606886435,47.93723678588867,4842100
2023-08-21,47.869844537020214,47.945668073377654,47.14530923711908,47.372779846191406,4748900
2023-08-22,47.591839729705875,47.70136014510937,47.305395539774004,47.44861602783203,3448300
2023-08-23,47.63395158997595,48.206839830043464,47.60025152554491,48.114166259765625,5834900
2023-08-24,48.13944652931795,48.48486420419282,47.4823112487793,47.4823112487793,5722400
2023-08-25,47.51601037104514,47.566557260038934,47.01894560844188,47.17901611328125,8429000
2023-08-28,47.347511058028005,47.72662877706987,47.11161380294902,47.574981689453125,8568900
2023-08-29,47.600255132784156,47.60867854262274,47.22113741374229,47.574981689453125,4698800
2023-08-30,47.473878877273044,47.68449946362087,47.23798484898431,47.65080261230469,9020900
2023-08-31,47.6643538741442,47.69820717320876,47.38507222793227,47.42738723754883,6971200
2023-09-01,47.64741610177197,47.89284762005395,47.401984583489984,47.56278610229492,3864100
2023-09-05,47.53738376847257,47.54584870356234,46.74185097665548,46.7587776184082,5264600
2023-09-06,46.911126223819565,46.95344122486464,46.34409487884713,46.53874969482422,4915100
2023-09-07,46.53026929394663,46.91957233966672,46.52180758792079,46.61490249633789,5821300
2023-09-08,46.843419665991085,47.17348442255632,46.724936371626576,46.818031311035156,4243300
2023-09-11,46.95342865838756,46.99574364810758,46.58951393562724,46.691070556640625,3698600
2023-09-12,46.67414474487305,46.8434046950547,46.47948999099624,46.67414474487305,3704500
2023-09-13,46.902654212594996,47.004214073898865,46.54720438331291,46.597984313964844,4928400
2023-09-14,46.77570613860037,46.911116049633186,46.58951630027014,46.64875793457031,5902100
2023-09-15,46.50490192188168,46.53875521810655,45.68397724478271,45.7855339050293,18363000
2023-09-18,46.00556722273936,46.03095557524206,45.40468587170843,45.472389221191406,5925300
2023-09-19,45.44700398905574,45.912475444652415,45.43007734341599,45.700897216796875,4394700
2023-09-20,45.91247675108611,46.217149924415935,45.47239363721277,45.53163528442383,3731900
2023-09-21,45.21849147300314,45.3200481012496,44.04211724149843,44.059043884277344,8675400
2023-09-22,44.06751679115074,44.346801625342096,43.6020452959263,43.63589859008789,6976500
2023-09-25,43.5851158914599,43.60204253746984,43.03501119563353,43.322757720947266,5307200
2023-09-26,43.16195174066251,43.331214942193654,42.273323968157804,42.53567886352539,5231400
2023-09-27,42.806502512806134,43.11117240564739,41.79092651805403,42.02789306640625,5416500
2023-09-28,42.137912474034884,42.38334394563926,41.960187571877334,41.99403762817383,5850100
2023-09-29,42.5180719692932,42.98595727058527,42.22032766260813,42.48404312133789,5298500
2023-10-02,42.381968960398005,42.51808113639613,41.480223766179016,41.67588806152344,6159100
2023-10-03,41.52275441453808,41.760949870838076,41.19097799947346,41.5908088684082,6352400
2023-10-04,41.7864721701479,42.18630306094416,41.4036557050419,42.169288635253906,5468700
2023-10-05,42.13525790183257,42.66269533916192,41.939596882889,42.58613204956055,5067200
2023-10-06,42.373456043841514,42.99446794229856,42.007654025615224,42.628665924072266,4249200
2023-10-09,42.45852682953834,43.2581853555626,42.45002123938876,43.00297546386719,3747300
2023-10-10,42.696721877654525,42.892382900877315,41.837514493487504,42.705230712890625,6226300
2023-10-11,43.0965498071253,43.56443511279554,42.994466507473696,43.34325408935547,4027300
2023-10-12,43.22416292189915,43.33475182780875,42.586136523252655,42.77328872680664,4110400
2023-10-13,43.00296990224228,43.173110889757965,42.70522560796689,43.0369987487793,3230800
2023-10-16,43.04551844389168,43.40281495927802,42.48405527271641,43.16461944580078,4545500
2023-10-17,43.0370038636746,43.63249576816828,42.87537169116809,43.36027145385742,6089900
2023-10-18,43.04550581629293,43.21564680965237,42.43300278343628,42.45852279663086,3930800
2023-10-19,42.31390693082653,42.85835553749181,41.98213051879331,42.04167938232422,4883200
2023-10-20,42.04168464368831,42.38196668802401,41.97363018192322,41.98213577270508,4965900
2023-10-23,41.68438457785014,42.177793136657094,41.35261142390662,41.69289016723633,4859100
2023-10-24,41.846017560518725,42.27987726664635,41.80348312241219,42.19480514526367,4002400
2023-10-25,42.04167844339612,42.211819440471636,41.743934132391175,41.92258071899414,3336300
2023-10-26,42.05019591856637,42.72225121026526,42.05019591856637,42.356449127197266,4299200
2023-10-27,42.3564385156633,42.424492964325935,41.52275123723696,41.684383392333984,4107900
2023-10-30,40.40834405993383,41.01234168704139,38.315617967460284,39.3194465637207,36132700
2023-10-31,39.64962988159914,40.65049605504824,39.29034676406185,40.53073501586914,18220500
2023-11-01,40.77026976545275,41.18088056878727,40.39387734487392,41.05256652832031,8149300
2023-11-02,41.822448596695835,42.943075837032126,41.64280703348546,42.79764938354492,9626500
2023-11-03,43.51622036259572,43.943940249329586,43.447786877605054,43.49911117553711,6433100
2023-11-06,43.42213581979464,43.48201962591791,42.985862826931125,43.165504455566406,7734800
2023-11-07,43.49912168678514,43.61888602513557,42.80621739131697,43.37080764770508,5787000
2023-11-08,43.396465157336316,43.93539320086577,43.396465157336316,43.79852294921875,5455100
2023-11-09,43.884055759859926,43.952492501908814,42.64366754779335,42.91740798950195,5464300
2023-11-10,43.12272495393879,43.225376827576895,42.64367743822062,42.82332229614258,5189600
2023-11-13,42.72922229924336,42.77199364023477,42.36138289287781,42.68645095825195,6125100
2023-11-14,43.627433497402876,45.141562463313804,43.53333458930902,44.60263442993164,7029200
2023-11-15,44.66251347013535,45.1843322970719,44.63685131905455,44.88492965698242,5937800
2023-11-16,45.04746287592447,45.57783467516716,44.833602911024855,45.41530227661133,7522900
2023-11-17,45.706147279824194,45.75747484091285,45.11589501190156,45.26131820678711,7215100
2023-11-20,45.1672219094859,45.69759368495418,44.919143578144116,45.52650833129883,4947400
2023-11-21,45.33830851548008,45.8686802674246,45.15866694416329,45.808799743652344,5302100
2023-11-22,46.185199735321135,46.227971075911334,45.41530255172113,45.60350036621094,3993600
2023-11-24,45.560719300664815,46.16808399858409,45.43240529709253,46.116756439208984,2454200
2023-11-27,46.168088102914844,46.484599922423335,45.894347621732805,46.30495834350586,4751900
2023-11-28,46.142424313335795,46.57870046405489,45.9970011052588,46.031219482421875,6855800
2023-11-29,46.36483471508894,46.621465985295046,45.82590676338556,45.91144943237305,5561500
2023-11-30,46.09711759579436,46.50969628130086,45.68453891028785,46.38076400756836,10126200
2023-12-01,46.28621146737529,47.05979850782453,46.20025880905148,46.93086624145508,6197100
2023-12-04,46.767560032248056,47.850578729327474,46.767560032248056,47.73024368286133,7323500
2023-12-05,47.6786860670678,47.76463875770928,47.05981620201726,47.205936431884766,7666100
2023-12-06,47.98810417576532,48.52101788445877,47.0168233733836,47.02541732788086,11296300
2023-12-07,46.93087720927271,47.429411924933596,46.69020708661407,47.008235931396484,6195400
2023-12-08,46.67301524838001,46.905091411535324,46.036957567629415,46.29481887817383,6648000
2023-12-11,46.41515002231728,46.87070507514523,46.22605021372416,46.750370025634766,6461100
2023-12-12,46.793353516079954,46.95666820443263,46.3807747351466,46.827735900878906,5013300
2023-12-13,47.076997384490525,48.899220925431074,46.896494805198266,48.667144775390625,8882400
2023-12-14,49.42353306680153,50.05959389158749,49.38055673730281,49.698585510253906,11549500
2023-12-15,49.535278016653734,49.724374536998454,48.77028814360515,49.24303436279297,20187200
2023-12-18,49.33757913195379,49.41493783460454,48.5553981513223,48.57258605957031,8848800
2023-12-19,48.744497410403,49.303199547706285,48.67573593686879,49.09690856933594,6198200
2023-12-20,49.08831586148711,49.612635635898215,48.71871350506237,48.735904693603516,5402900
2023-12-21,49.122688092086726,49.449310770251444,48.624153564019615,48.959373474121094,5859900
2023-12-22,49.1656703648137,49.552463876693,48.84764160121679,48.89921188354492,5287200
2023-12-26,48.924989208386364,49.629814650142364,48.88201288701766,49.59543228149414,4212000
2023-12-27,49.681385805152445,49.87048555718753,49.49228933200056,49.853294372558594,5619600
2023-12-28,49.818927732493826,50.37762993324053,49.74156901668096,50.351844787597656,5243000
2023-12-29,50.07298176465695,50.176580115140474,49.554986718907166,49.57225036621094,6688600
2024-01-02,49.30461797212933,50.573710037104625,49.21828327428599,50.5650749206543,5815300
2024-01-03,50.193849780591684,50.28018448845819,49.434120818028255,49.83988571166992,5312500
2024-01-04,49.82261056665994,50.280176209682004,49.61541388856058,49.80534362792969,5107000
2024-01-05,49.61541167258213,50.12477481571339,49.3391472519006,50.00390625,3944200
2024-01-08,50.00391250385443,51.41113683686424,49.917581096593594,51.350704193115234,8842900
2024-01-09,51.057171808977955,51.65286970487039,50.85860694145782,51.18667221069336,7605900
2024-01-10,51.454305231245726,51.62697134812888,50.89314446804078,51.03127670288086,6719400
2024-01-11,50.919048788135,51.307546770173865,50.41832061721028,51.16941452026367,6628800
2024-01-12,51.393873229647404,51.523373642268865,50.52191410377075,50.849979400634766,5892800
2024-01-16,50.616866492502275,50.84996519409808,50.245635592923556,50.36650085449219,5809000
2024-01-17,49.81398488164907,50.32334811028981,48.89022495241909,49.390953063964844,6658200
2024-01-18,49.34778171624832,49.52044781175157,48.18229133493209,48.449920654296875,7117800
2024-01-19,48.605328315437106,48.90749485877113,47.85423445590997,48.79526138305664,9218000
2024-01-22,48.89022327340304,49.529083596538435,47.767898502850834,47.98373031616211,45785700
2024-01-23,48.17365037850688,48.424016021967,47.83695334442741,48.337684631347656,12145100
2024-01-24,48.90749614626441,49.08879410103805,47.439838979050975,47.47437286376953,8218600
2024-01-25,48.00099548746226,48.113228956081315,47.38803390859213,47.84559631347656,6945800
2024-01-26,47.983726206158124,48.052790667969376,47.43982916106774,47.457096099853516,5696200
2024-01-29,47.483004383984714,47.560703977437264,46.93047540535882,47.413936614990234,6329600
2024-01-30,47.24126369514927,48.12185780186423,46.973631087422675,47.63839340209961,8151000
2024-01-31,47.86998704423914,47.96539795062462,46.9332323361893,47.17609405517578,12325100
2024-02-01,47.26282258776419,47.922019958496094,46.69036058124315,47.922019958496094,6320800
2024-02-02,47.73989244655646,47.74856466288461,46.516904802198965,47.002628326416016,7480300
2024-02-05,46.438826154291775,46.49954157459825,45.63217464594316,45.6668701171875,9135600
2024-02-06,45.753619739621186,46.777113298969994,45.62351333629557,46.62098693847656,7198800
2024-02-07,46.62097599843409,46.74240684838004,46.22198797468523,46.2827033996582,4686700
2024-02-08,46.20462947406951,46.4214711723848,46.00513550866846,46.10921859741211,4484400
2024-02-09,45.99646898754928,46.1959629919835,45.33727155153804,45.76227951049805,6516500
2024-02-12,45.83166964730444,46.005143698587176,45.5714602247515,45.6842155456543,5069600
2024-02-13,44.877574135565766,44.92961404272457,44.400519594991195,44.68675231933594,9692900
2024-02-14,44.88623867801698,44.88623867801698,44.37449205639135,44.5739860534668,5923100
2024-02-15,44.94695593763385,45.4413548438208,44.85154504192367,45.12042999267578,5127100
2024-02-16,44.66940787123717,45.57147049419156,44.461238301038826,45.38932418823242,5678200
2024-02-20,45.50207810753644,45.66687997715845,45.06839454957195,45.5107536315918,6095700
2024-02-21,45.96178136511217,45.98780131777473,44.83420155484106,45.701568603515625,6522900
2024-02-22,45.68422085920986,45.93575809738914,45.46737909707104,45.814327239990234,5764000
2024-02-23,45.901055890012074,46.33473935069054,45.73625736610146,45.91840362548828,5181800
2024-02-26,45.98778713651057,46.07452249113434,45.25052338724174,45.52808380126953,5120200
2024-02-27,45.79698297822509,45.909741629544264,45.267888509046216,45.37197494506836,5966900
2024-02-28,45.26788078877887,45.36329168448905,44.87756830086252,45.12042999267578,7631100
2024-02-29,45.48391802521171,45.88488698894227,45.22241667169917,45.42290115356445,6753300
2024-03-01,45.327017468377406,45.56236968886825,44.36817804430673,45.53622055053711,8952600
2024-03-04,45.33573173752931,46.06793752115153,45.23113186134617,45.94590377807617,5170600
2024-03-05,45.89360783904408,46.07665846297633,45.38803564894133,45.54493713378906,5979500
2024-03-06,45.850023012761376,45.89360934622737,45.204986509577445,45.466487884521484,4927400
2024-03-07,45.6844034346405,45.84130491496773,45.3444513356549,45.53622055053711,4875600
2024-03-08,45.850023100288524,46.17254467766657,45.797724820302115,46.120243072509766,4968000
2024-03-11,46.10280622362988,46.625812265875005,46.01564021250745,46.27714157104492,4753800
2024-03-12,46.19869702986725,46.23356476906281,45.7977280046301,46.09409713745117,6964600
2024-03-13,46.17253982686663,46.486342774499136,45.49263233193953,45.571083068847656,7512600
2024-03-14,45.48391398739699,45.57979858437916,44.66454226575171,45.030643463134766,9746700
2024-03-15,44.59480753688118,45.59723319885631,44.49020766807756,45.49263000488281,10074800
2024-03-18,45.370599376408165,45.736703930038516,45.327016371853865,45.510066986083984,4781200
2024-03-19,45.54493691544888,45.67568926058526,45.1701170729062,45.4141845703125,5448500
2024-03-20,45.23113250728926,45.754138546014204,45.013214155779735,45.71055221557617,4058200
2024-03-21,45.90232183077515,46.10280631689848,45.5013528585285,45.7541389465332,5075700
2024-03-22,45.99820484129675,46.0679369828807,45.32701593705457,45.396751403808594,5775200
2024-03-25,45.55363992992398,45.83257841284099,45.300857229269134,45.475189208984375,6775300
2024-03-26,45.65825166893046,45.99820374835371,45.544933200732714,45.85001754760742,6484800
2024-03-27,46.19869173692026,46.86988067626953,46.07665798888771,46.86988067626953,9112000
2024-03-28,46.96360182403711,47.4716021148515,46.96360182403711,47.38401412963867,6318200
2024-04-01,47.30517794697353,47.34021313464004,46.7709063701865,46.823455810546875,4855900
2024-04-02,46.394281991500165,46.48186661109954,46.122764324919586,46.30669403076172,5107500
2024-04-03,46.2804299416623,46.39429264620193,46.01767268138146,46.219120025634766,4683600
2024-04-04,46.34173048913096,46.81469546670459,45.93883588207453,46.087730407714844,3923300
2024-04-05,45.71110909001492,46.56069392971094,45.5184222593947,46.42931365966797,4718600
2024-04-08,46.46436362640429,47.00739578914466,46.368018509872584,46.98112106323242,4006900
2024-04-09,47.08621794541648,47.638010514711205,47.033668499576805,47.62925338745117,3401400
2024-04-10,46.429332702065,46.73588567751436,45.2819583498169,45.667335510253906,7578800
2024-04-11,45.94760019687027,46.21035744514296,45.63229016248716,45.754913330078125,5724500
2024-04-12,45.71110841649681,45.80745350095688,45.42207650425562,45.56221389770508,6410600
2024-04-15,45.80746603459891,45.851258355570565,44.9753985715777,45.2381591796875,6251800
2024-04-16,45.12429532960457,45.16808764946731,44.47615763576053,44.493675231933594,7121500
2024-04-17,44.50242603214552,45.1505602440383,44.36228863434661,44.91407775878906,5120700
2024-04-18,45.04546934822701,45.588501483487136,44.782712078981135,45.57098388671875,4961100
2024-04-19,45.711125472754254,46.56071061693922,45.702368344144425,46.45560836791992,6611700
2024-04-22,46.420563241855945,46.753390857222286,46.02642571591417,46.709598541259766,4182400
2024-04-23,46.622016192817874,46.92856912381809,46.51691395360006,46.76215362548828,6650900
2024-04-24,46.569451654944444,47.07745180843808,46.29793732702945,47.007381439208984,5340400
2024-04-25,46.44684531772476,47.21760289703924,46.31546834903461,47.12125778198242,4880800
2024-04-26,47.2000782601182,47.47159596740715,46.86725064168974,47.042423248291016,6861600
2024-04-29,47.29641826556515,47.769383250094215,47.23510836103056,47.567935943603516,6558900
2024-04-30,47.50369109973019,47.63569603137648,47.09007878046168,47.11648178100586,8569700
2024-05-01,46.96688463976923,47.99651456845212,46.940484991375605,47.450897216796875,5867900
2024-05-02,47.89970196076336,48.34851268031074,47.53889228990376,48.322113037109375,5897000
2024-05-03,48.753333138575115,49.06134020963716,48.278119351486275,48.630126953125,9076600
2024-05-06,48.82374004364503,48.99094342568592,48.53333381620288,48.797340393066406,6845100
2024-05-07,48.682932796813425,48.92053970594086,48.27812251771877,48.41892623901367,6362200
2024-05-08,48.20772009568511,48.39252771175049,47.987714066249495,48.216522216796875,6602400
2024-05-09,48.40131822472107,48.45412087131341,47.76769989371308,48.07571029663086,6113300
2024-05-10,48.172522172396675,48.524529808859455,48.0581180959591,48.410125732421875,3859700
2024-05-13,48.79732878340606,48.832530547153006,48.260513635852476,48.36611557006836,3928200
2024-05-14,48.533339159183704,48.753345223627825,48.11972668378039,48.286930084228516,4898900
2024-05-15,48.65653541179427,48.85894056075812,48.38372672039483,48.498130798339844,6024400
2024-05-16,48.445331999027424,48.7709400161548,48.33092791197285,48.56853485107422,4198600
2024-05-17,48.656539365507605,48.656539365507605,48.2957295737708,48.5157356262207,4270900
2024-05-20,48.5245279331941,48.84133714368261,48.295723146188784,48.383724212646484,3913100
2024-05-21,48.38370962282939,48.841322415875126,48.36610874344019,48.47171401977539,3783200
2024-05-22,48.23412498920378,48.40132836958763,47.222095871393016,47.274898529052734,5760100
2024-05-23,47.274899184058874,47.28369794861121,46.007662238873486,46.03406524658203,5576000
2024-05-24,46.3772793096709,46.43007861692931,45.858064860464296,45.9196662902832,4660500
2024-05-28,46.289262884413,46.70287525498798,45.34763743580527,45.38283920288086,6564900
2024-05-29,45.17164128491118,45.17164128491118,44.84602993196314,45.03083419799805,5639700
2024-05-30,45.35643646313195,45.849247740483214,45.35643646313195,45.54124069213867,6217400
2024-05-31,45.62925235906713,46.77328647790748,45.51485163280376,46.69408416748047,9284200
2024-06-03,47.023965249909395,47.16547374917589,46.581761310946554,47.14778518676758,4398700
2024-06-04,47.05049591258053,48.33288790490259,47.05049591258053,48.1383171081543,5815900
2024-06-05,48.05872116711397,48.20906887740697,47.56345157240249,47.78455352783203,4729300
2024-06-06,47.58113407890826,48.085246203238654,47.368878118004766,47.98796081542969,3350700
2024-06-07,47.183151178009716,47.74032899411795,46.98858377101382,47.156620025634766,3968800
2024-06-10,46.94437124916872,47.05934184290097,46.32528506686747,46.61713790893555,4317100
2024-06-11,46.43141015347657,46.732108944658535,46.10418020752058,46.20146560668945,5218000
2024-06-12,47.121242217802255,47.27159328447386,46.53753325785192,46.59944152832031,4344300
2024-06-13,46.643661001867464,47.315809332231595,46.56406417832129,47.06817626953125,4314100
2024-06-14,46.93551455663582,47.280433006516816,46.88244888213586,47.200836181640625,3374700
2024-06-17,46.96205514252322,47.271599912011446,46.70557943194497,46.935523986816406,3624400
2024-06-18,47.12124506062377,47.4042552780526,46.802857722579354,46.96205139160156,3597700
2024-06-20,46.79401449187071,47.06818211228489,46.59060111172388,46.88245391845703,4471000
2024-06-21,46.88245525300945,47.06818345212423,46.679041867072264,47.00627517700195,16269900
2024-06-24,47.006270716341795,47.890678418446086,46.891296770418904,47.43962860107422,4265500
2024-06-25,47.40425012065883,47.51922406327681,46.64366235266021,46.802852630615234,5553500
2024-06-26,46.57292194051763,46.794023925304316,46.369508519363706,46.59061050415039,4776800
2024-06-27,46.59060497981043,46.59944757370405,45.87423341949368,46.369503021240234,6201700
2024-06-28,46.61713111281697,46.74979362316559,46.10417637854773,46.71441650390625,8379400
2024-07-01,46.539310455322266,46.77040561312683,46.05045283604464,46.539310455322266,4417400
2024-07-02,46.53043511481436,46.82375181462765,46.477107271670796,46.60154342651367,4590200
2024-07-03,46.725978991342735,46.957077610816484,46.503770606034614,46.619319915771484,2125700
2024-07-05,46.832625267053054,47.24149116115202,46.557089114581736,47.18815994262695,3378500
2024-07-08,47.14373002765178,47.31260717336409,46.86819041983939,47.250389099121094,5347700
2024-07-09,47.19706287404017,47.24150726661125,46.76153630814494,46.894859313964844,3617300
2024-07-10,47.072616222267484,47.66813636557149,46.94818008831361,47.623695373535156,3279400
2024-07-11,48.112560946241665,49.28582095941502,48.06811994692755,48.88584518432617,5896000
2024-07-12,49.161378044428595,49.79244896354474,49.12582389361433,49.55246353149414,5273800
2024-07-15,49.71245216623436,49.93466051548781,49.454689667349065,49.756893157958984,4621500
2024-07-16,49.89022039293689,50.14797950568246,49.641344731808545,50.103538513183594,5127600
2024-07-17,50.13020786024805,51.321244817067495,50.13020786024805,51.223472595214844,5270200
2024-07-18,50.965710535938484,52.05897528065656,50.894602231909396,51.312355041503906,4518500
2024-07-19,51.25903076840517,51.356803004395815,50.83239105823501,51.179039001464844,3722300
2024-07-22,51.027932313086275,51.250140693371556,50.61906970711276,51.161258697509766,4000800
2024-07-23,50.89459489173148,51.392342776256676,50.779049000294435,51.099029541015625,3275400
2024-07-24,51.09903841403095,51.49901076875497,50.78794466069702,50.89460372924805,4860000
2024-07-25,51.07237580513397,51.71233705660991,50.77017225756267,50.98349380493164,4755000
2024-07-26,51.21458343518275,51.80121338796102,51.02792922080572,51.614559173583984,3138600
2024-07-29,51.712334492473545,51.84566087679708,51.25902749827816,51.73899841308594,2744900
2024-07-30,51.78343429236248,52.0234197260446,51.65011131184827,51.88120651245117,4091500
2024-07-31,51.78343773766392,51.81010504804538,50.97459939579373,51.04570770263672,7681900
2024-08-01,51.46806240480924,51.84309169927766,51.33412604739384,51.79844284057617,5966600
2024-08-02,51.4769910081481,53.075319927925804,51.4769910081481,52.968170166015625,8459400
2024-08-05,50.78943746275606,53.5396372465055,50.78943746275606,52.84315872192383,12166900
2024-08-06,52.57527808702558,54.7807943597709,52.28954315771259,53.96823501586914,9104700
2024-08-07,53.9771732203611,55.00403219266944,53.81644687578598,53.825374603271484,7729800
2024-08-08,53.87895075498774,53.94145506557377,53.18247220489804,53.77180099487305,6671700
2024-08-09,54.021819570927484,54.18254591818232,53.50392280616643,54.08432388305664,3374900
2024-08-12,53.86109294975693,53.91466953397926,53.34319959385921,53.85216522216797,4391100
2024-08-13,54.316485400072885,54.450421751284416,53.67358001432308,53.85216522216797,4228400
2024-08-14,53.91465997681256,53.977164277544034,53.54856189843008,53.71821594238281,4208100
2024-08-15,53.468201033756316,53.521774204551285,53.04852636264067,53.316402435302734,5586400
2024-08-16,53.369985502523974,53.75394250231569,53.24497688049495,53.62000274658203,6572900
2024-08-19,53.611073097169644,54.37898706922364,53.602141963785186,54.34326934814453,2664600
2024-08-20,54.343273608088346,54.495068825229666,53.83430796461625,54.07539749145508,3163600
2024-08-21,54.102171762063975,54.432552117142336,53.745001417061694,54.405765533447266,3305400
2024-08-22,54.40577707853368,54.45935366352181,53.87895258128727,54.021820068359375,3413200
2024-08-23,54.20933345757535,54.72723023141486,54.12897028253921,54.54864501953125,4245700
2024-08-26,54.896874413664065,55.35226679219053,54.816511253114044,55.15582275390625,3406700
2024-08-27,55.012972406464684,55.60230129843442,54.90582262780565,55.49515151977539,3495200
2024-08-28,55.62907585250824,55.72729788095137,54.968315053175175,55.352272033691406,3306900
2024-08-29,55.33440882408678,55.432630844809594,54.45041404381054,54.825443267822266,3680100
2024-08-30,54.95045745720559,55.56657282312096,54.932598596511454,55.45942306518555,5700000
2024-09-03,55.264840046540634,56.14362500530633,55.166200325126674,55.84770584106445,4818200
2024-09-04,55.84770188090836,56.394701445805765,55.84770188090836,56.23329162597656,4034600
2024-09-05,56.672685151342314,56.84306066116319,55.713195355697174,55.892539978027344,4743300
2024-09-06,55.93737983046655,56.1974259622573,55.399345919692266,55.95531463623047,4567200
2024-09-09,55.695254343623695,56.4664337391882,55.64144993670741,56.367794036865234,4479100
2024-09-10,56.50230108521774,56.5830059868952,56.11671480021856,56.322959899902344,2556000
2024-09-11,55.91047050567935,56.22432444513087,55.506949387506694,56.143619537353516,2988400
2024-09-12,56.14361998110952,56.305029797939994,55.551785126302484,55.96427536010742,2788600
2024-09-13,56.33193134039598,56.40367055841527,55.67732636918384,56.23329162597656,3506300
2024-09-16,56.47540560341981,56.69958552567253,56.11671978024394,56.206390380859375,3164100
2024-09-17,56.27812586133033,56.61888029904184,56.02704544444508,56.036014556884766,3639700
2024-09-18,56.08083690154296,56.6995721090947,55.49796787332204,55.76698303222656,4640800
2024-09-19,55.551792702577146,55.68629862113733,54.179809072403984,54.43089294433594,7228500
2024-09-20,54.30533806773412,55.381398808764445,54.197729257060146,55.264827728271484,12378400
2024-09-23,55.596617798305104,56.036011927954235,55.462108483733296,55.883567810058594,4122900
2024-09-24,55.60559061229199,56.40367406921881,55.35451017502456,56.09878921508789,5128700
2024-09-25,56.233290887055674,56.38573501298641,55.865635951323384,56.1705207824707,5233600
2024-09-26,56.036007685558616,56.49333316319425,55.758023386155806,56.02703857421875,4229700
2024-09-27,56.322971372526844,56.735461655916,56.08085661817724,56.2512321472168,4304800
2024-09-30,56.40367334232607,56.93273812883165,56.05394976829206,56.869964599609375,7133400
2024-10-01,57.02664831919329,57.27877829637792,56.51337832490366,56.7294921875,5380900
2024-10-02,56.30627021256031,56.56740679068829,55.83802637988666,56.207218170166016,4326300
2024-10-03,56.099167733466906,56.28826522958209,55.63993046647095,56.18921661376953,3617200
2024-10-04,55.486845928448936,56.342291350046544,55.081634577690764,55.83802795410156,5249000
2024-10-07,55.711958467061855,55.711958467061855,55.34276669617346,55.531864166259766,4015400
2024-10-08,55.6309174763254,55.78399883776436,55.01859890059589,55.38779067993164,4442500
2024-10-09,55.36078376018097,55.756988526111044,55.20770581709896,55.65793991088867,3132800
2024-10-10,55.64892114440955,56.07214219928943,55.081625348402255,55.351768493652344,3184800
2024-10-11,55.585898763527254,55.84703535272816,55.37879150019966,55.60390853881836,2913800
2024-10-14,55.58589125408227,56.126174134785,55.40579696051469,55.928070068359375,3132300
2024-10-15,56.27025503404033,57.395840198119274,56.153193215172394,57.05366134643555,3863200
2024-10-16,57.107690381665954,57.900106777644645,57.08067743544432,57.837074279785156,3616900
2024-10-17,57.485877906053084,57.71999807728918,57.11668615928775,57.59393310546875,3450800
2024-10-18,57.62996315937347,58.32332063082281,57.28778429131091,58.26929473876953,3406700
2024-10-21,58.11621182123216,58.42236767668616,57.404841199997655,57.440860748291016,3301000
2024-10-22,57.251762400859306,57.5849346299688,57.1256939837514,57.35081100463867,2840000
2024-10-23,57.26977407309627,58.00815769556915,57.26977407309627,57.846073150634766,4232900
2024-10-24,57.76502594840374,58.2422729088166,56.990622886970286,57.00863265991211,3841100
2024-10-25,56.918586100636716,56.990625195321876,55.117649953665044,55.207698822021484,5994200
2024-10-28,55.65792960457025,55.92806932381892,55.090633789639014,55.1896858215332,4605000
2024-10-29,55.02760618959509,55.234713440577906,54.38827466242904,54.39727783203125,5174300
2024-10-30,54.49632380467845,54.92854803273449,54.298219745356285,54.460304260253906,4564700
2024-10-31,54.25320546697466,54.38827706205961,53.41576982148004,53.460792541503906,9170600
2024-11-01,53.73576067282659,54.11564833707666,53.20211133638791,53.25638198852539,4615700
2024-11-04,53.355866216527694,54.314623401083246,53.28350536090172,53.62721252441406,4691600
2024-11-05,53.36491114064118,53.37395452267805,52.38806026359096,53.20210266113281,5515400
2024-11-06,52.67751192625713,52.67751192625713,50.65145231548109,51.55594253540039,11418200
2024-11-07,51.800131636784286,51.85440226730671,50.88659499994147,50.99513626098633,7303100
2024-11-08,51.375036224803765,52.198122065531365,51.28458859629316,52.0172233581543,5576600
2024-11-11,52.02627136857456,53.0483461555821,51.990090936209214,52.143856048583984,5228100
2024-11-12,51.917727552986,52.1438500537388,51.537839957536406,51.57402038574219,3675500
2024-11-13,51.96294959914144,52.08957764320763,51.21222126595555,51.46548080444336,3792000
2024-11-14,51.41120988622242,51.41120988622242,50.54290034558358,50.714752197265625,5115100
2024-11-15,50.72380508335306,51.2122271017866,50.60622040745432,51.139869689941406,7984900
2024-11-18,50.7780744671862,51.456442052943814,50.62431280391867,51.347904205322266,4208300
2024-11-19,51.3026853353778,51.85442491037329,50.94088787461988,51.71875,3365100
2024-11-20,51.48357612203761,51.800149735160076,51.221276608755105,51.4473991394043,4131300
2024-11-21,51.30267332516759,52.01721779483382,51.15795506481494,51.9086799621582,2953100
2024-11-22,52.14384269590911,52.351874953204344,51.82726916931241,51.96294403076172,3277800
2024-11-25,52.008167834459805,52.20715671115744,51.709684519413344,51.96294403076172,6793300
2024-11-26,51.90868174647952,52.31570294594847,51.62829204823306,52.23429870605469,3038900
2024-11-27,52.58705417589796,53.174974124550324,52.57801079300057,52.74986267089844,3016100
2024-11-29,52.91267091016872,53.04834580546537,52.27048376652389,52.360931396484375,3486200
2024-12-02,52.31003554210289,52.400897514712916,51.256020715481014,51.51043701171875,5053000
2024-12-03,51.7012613803866,51.73760409583509,50.88348962494914,50.91074752807617,4856200
2024-12-04,51.201502936768286,51.40140344170081,50.828963292406335,51.03794860839844,4011300
2024-12-05,50.85623399024221,51.03795797407834,50.592729361051894,50.938011169433594,3790600
2024-12-06,50.93800182209435,51.21059121399004,50.83805156962809,51.03794860839844,3112200
2024-12-09,50.97435169038076,51.501360926056314,50.67450435703919,51.31963348388672,3946800
2024-12-10,51.11065275777041,51.17425684835371,50.60181656694105,50.68359375,5089600
2024-12-11,50.58363778776958,50.86531549023107,50.12932092544223,50.26561737060547,6634600
2024-12-12,50.129323944248156,50.77445656188669,50.02937714009388,50.10206604003906,3885200
2024-12-13,49.97485877382781,50.43826048461892,49.76587341671316,50.28379440307617,3899100
2024-12-16,49.97485186422529,50.40191079841882,49.53870811844063,49.59322738647461,5671600
2024-12-17,49.43876508961854,50.111155629045896,49.193433546834086,49.53871536254883,4951700
2024-12-18,49.33880948386812,49.81129942636549,47.957685836451766,47.984947204589844,7659400
2024-12-19,48.31205730368078,48.62099293318547,47.01271416335298,47.0308837890625,7959000
2024-12-20,47.24895628757339,48.6664262240192,47.24895628757339,47.96677780151367,14467200
2024-12-23,47.88499952579122,48.221193044222915,47.648752808716104,48.157588958740234,5474900
2024-12-24,48.04856641010051,48.375675201416016,47.85775063772407,48.375675201416016,2585000
2024-12-26,48.25754140462453,48.511957758039706,48.057640860562415,48.221195220947266,7385900
2024-12-27,48.093983408014914,48.59373126422311,47.67601272581625,47.84865188598633,5373900
2024-12-30,47.757776861868344,48.0303662120952,47.43066825513145,47.9122428894043,5695300
2024-12-31,48.12123881546044,48.593728744553566,48.0394616456912,48.53012466430664,5643300
2025-01-02,48.634236224780686,48.716419642339226,47.84893227002079,48.031558990478516,4991100
2025-01-03,48.068067435916454,48.679877863449676,47.97675411043631,48.65248107910156,4074200
2025-01-06,48.58855585196059,48.65247586962846,47.912828955648926,48.150245666503906,6850000
2025-01-07,48.259837772583815,48.92643842719514,47.858054178294154,47.94936752319336,4908500
2025-01-08,47.97676431336778,47.97676431336778,47.438007218348496,47.94936752319336,4727800
2025-01-10,47.49279754416588,47.7028245239361,47.15493396157304,47.18232727050781,5852100
2025-01-13,47.255378363142306,47.967632226687485,47.11840485859242,47.912845611572266,5172700
2025-01-14,47.97676629005657,48.725546895899164,47.89458288290892,48.53378677368164,4294600
2025-01-15,49.656947075114324,49.67521043762152,48.43332965417395,48.55203628540039,4978000
2025-01-16,48.57030288246225,49.885237203507074,48.48811948739694,49.83958053588867,4332000
2025-01-17,49.90349923405326,50.32354613832967,49.72999902500578,49.876102447509766,5345400
2025-01-21,49.976554710756915,50.67054865666043,49.91263467407906,50.46052169799805,5732400
2025-01-22,50.09525223899595,50.17743562024417,49.246025127224215,49.27341842651367,4950000
2025-01-23,49.38301230320966,49.5291157456235,48.88077845424255,49.42866897583008,3785600
2025-01-24,49.355612615592364,49.83044964640803,49.20950918175529,49.620426177978516,3359200
2025-01-27,50.31442307373436,51.2732306824073,50.1409263123478,51.13625717163086,6102700
2025-01-28,50.79838107364465,51.06319112137736,50.12265059483582,50.204833984375,3694700
2025-01-29,50.30529061977469,50.378340600728016,49.20951303842747,49.364749908447266,3510700
2025-01-30,49.94915451788333,50.07699457361322,49.10905724920364,49.60215759277344,4277800
2025-01-31,49.392140683004996,50.2961580991873,49.337350587564,49.894371032714844,6768400
2025-02-03,49.457608640607056,50.23755095392981,49.191509357127764,49.99898147583008,4324200
2025-02-04,49.81545433789983,49.95308933525017,49.41171661163708,49.576881408691406,3700800
2025-02-05,50.09074056622899,50.219201329861676,49.59524604910864,49.94392776489258,4581700
2025-02-06,50.11826003514603,50.19166817594601,49.5677129803174,49.815460205078125,4367300
2025-02-07,49.71453334788808,49.8705204204519,49.43008200932108,49.65947723388672,4544100
2025-02-10,49.59523193214632,49.888857451240526,49.17314568598494,49.51264953613281,3831200
2025-02-11,49.5401810616865,50.0815537876904,49.36583849719679,49.89803695678711,3893200
2025-02-12,49.237382277782515,49.68699837968395,48.907052651943545,49.613590240478516,4310000
2025-02-13,49.659467918465154,50.46693993754787,49.485128840604446,50.393531799316406,4129700
2025-02-14,50.5403543110531,50.86150620470527,49.980629439008084,49.99898147583008,3721300
2025-02-18,49.87051032325654,50.687160097610956,49.76040161784069,50.677982330322266,3811500
2025-02-19,50.51281559022743,51.27440923260102,50.46693725641646,51.08171463012695,4123500
2025-02-20,51.081710574925566,52.02682097780647,51.081710574925566,51.861656188964844,5226100
2025-02-21,52.045177826639424,52.60490260726086,51.96259542457573,52.384681701660156,7387200
2025-02-24,52.06353094241809,52.815946843393576,51.990122805594815,52.586551666259766,5309300
2025-02-25,51.10006795724891,51.80660551675902,49.66864430447383,51.604740142822266,9778000
2025-02-26,51.53133250037494,52.21951803243138,51.29276305605745,51.47627639770508,6078300
2025-02-27,51.44876036549048,52.146123803995934,51.4304083276042,51.90755081176758,5082100
2025-02-28,52.155288911865114,52.531496871720755,51.990124100192624,52.329627990722656,7520400
2025-03-03,52.25403551456607,53.139071258812606,52.20794056229021,53.05609893798828,5859800
2025-03-04,53.194382293433506,53.95956827612186,53.194382293433506,53.24969482421875,8280700
2025-03-05,52.862495141719165,53.71065347110255,52.63201687610596,53.57236862182617,5369000
2025-03-06,53.34188807590243,53.719872274676895,52.3001253751556,52.853275299072266,7126600
2025-03-07,52.98234814724714,54.41131278030034,52.9454707783997,53.91347885131836,6256800
2025-03-10,54.16239100248011,55.67432782266679,53.673778217541994,53.92269515991211,7584000
2025-03-11,53.93191784362176,54.180834809533735,51.83917462664579,52.28169250488281,7482500
2025-03-12,52.0880923380075,52.29091435390942,51.51650717670697,51.96824264526367,7062100
2025-03-13,52.08808976543914,52.963907907336946,51.44274989683974,51.49806594848633,5824100
2025-03-14,51.59947345294572,52.38309812230221,51.49806245687907,52.263248443603516,6367700
2025-03-17,52.502956675343526,52.890158525606,52.3738893919227,52.53061294555664,3837200
2025-03-18,52.539824851772124,52.714987060499325,52.18949691749862,52.51216506958008,3708700
2025-03-19,52.51217882901984,52.57671247634548,51.885277526296456,52.03278350830078,6039800
2025-03-20,52.19871443927541,52.2355918042756,51.71931924473024,52.05120849609375,5079400
2025-03-21,51.87604160160743,51.93135764411102,51.23070183967406,51.44274139404297,10839500
2025-03-24,51.53494850118651,52.05121763455244,51.39666011656652,51.88527297973633,4699400
2025-03-25,51.931363585685226,52.04199216653086,51.17539165225238,51.30446243286133,6720600
2025-03-26,51.44273493899903,52.29089656686595,51.368983741734006,52.14339065551758,4472400
2025-03-27,52.06043345434386,52.48451263282045,51.7193230780385,51.77463912963867,4490600
2025-03-28,52.00510798352048,52.30934093698938,51.60868514423485,52.189491271972656,3504300
2025-03-31,52.318562379245364,53.719870551333294,52.318562379245364,53.48017120361328,8202100
2025-04-01,53.655237694990014,53.90531431613188,52.340020302303536,52.932796478271484,5135800
2025-04-02,53.127297910351345,53.30327617981294,52.49747611105234,52.905006408691406,4765600
2025-04-03,53.26622470506789,53.86826136558957,52.21961212684888,52.84943389892578,9623700
2025-04-04,52.17330535579208,52.78460257671325,51.00628114017665,51.080379486083984,12097500
2025-04-07,48.81116158250606,50.97848841168096,48.60739469490403,49.02418899536133,13272600
2025-04-08,50.05228387529559,50.42276497541303,47.986840347560175,48.41289520263672,12132400
2025-04-09,47.699719756139224,50.35793615907752,46.96801446919267,49.9967155456543,10569200
2025-04-10,49.92261896055021,50.73767956027252,48.72780964067084,50.154170989990234,7982300
2025-04-11,50.01523157049466,51.265610946475796,49.69106018655974,51.145206451416016,6516600
2025-04-14,51.43232988733782,52.46042134820118,51.27487622089369,52.11772537231445,4591800
2025-04-15,52.26592460069298,52.92353151926331,51.99732339737713,52.803123474121094,4991100
2025-04-16,52.79385924326291,53.64596895967271,52.77533465814052,53.034671783447266,4657900
2025-04-17,53.090240996947074,54.29431066126746,52.97909702892445,54.016448974609375,5109600
2025-04-21,53.85899952146525,54.35914918323708,52.942051997344144,53.68301773071289,4414200
2025-04-22,54.01645977869566,54.53513762188284,53.70154886197554,54.20170211791992,4058300
2025-04-23,54.05349459214045,54.33135626055213,53.18285688906032,53.7663688659668,4954500
2025-04-24,53.81269138244768,53.81269138244768,52.756814670873325,52.932796478271484,5522300
2025-04-25,53.03466294514309,53.136546379735535,52.386320239923485,52.69196701049805,3861500
2025-04-28,52.61787788982557,53.136552109934634,52.256653800988445,53.01614761352539,3789800
2025-04-29,53.01614824640334,53.41441444165431,52.63640310220324,53.145816802978516,3691100
2025-04-30,53.31253518029969,53.775639192707146,52.756808245488806,53.590396881103516,7999000
2025-05-01,53.69182060951665,53.85931703876044,53.0776682188581,53.19863510131836,4308500
2025-05-02,53.598776269656376,53.69183183296923,52.84504573020958,53.00323486328125,4292700
2025-05-05,53.00321880355669,53.366126516250546,52.807807504368576,52.9846076965332,4392800
2025-05-06,52.92878376897793,53.55223994942439,52.45420936174588,52.845035552978516,5650200
2025-05-07,52.85434510344875,53.254475118054806,52.649629980648,52.79851531982422,6818500
2025-05-08,52.76128562205057,52.863644943801276,52.29601855933356,52.34254455566406,4858600
2025-05-09,52.30532386064093,52.928783588669596,52.016860545174815,52.75197982788086,3634800
2025-05-12,52.24949583950669,52.29602183875479,51.505065652712354,52.054080963134766,8776900
2025-05-13,51.90520030691686,52.007559644298205,51.011888262017635,51.2352180480957,6642100
2025-05-14,51.22590986541493,51.346880312099245,50.60245362040048,50.751338958740234,6270200
2025-05-15,50.98397869418545,51.551605224609375,50.73273398974994,51.551605224609375,5836500
2025-05-16,51.64464369785781,52.42629250121903,51.458536163780195,52.3332405090332,6484500
2025-05-19,52.202963016966564,52.46351498588816,52.01685903164455,52.34254455566406,4691300
2025-05-20,52.10991676697216,52.43560232688319,52.10991676697216,52.296024322509766,2781400
2025-05-21,52.230888964302785,52.296026078472124,51.337573377668384,51.412017822265625,4534000
2025-05-22,51.39339641606328,51.542281725726774,50.84438117110934,51.34687042236328,4038600
2025-05-23,51.60742453717926,51.8307543012387,51.20729455761466,51.67256164550781,4007100
2025-05-27,51.91450763622874,52.4169969926129,51.69117785015583,52.25880432128906,4487800
2025-05-28,52.25880764794478,52.29602987294415,51.793540484572866,51.970340728759766,3306000
2025-05-29,51.923807711578185,52.45421192223011,51.7004814911491,52.444908142089844,4850700
2025-05-30,52.47282523748407,52.80781813191267,52.21227678613135,52.68684768676758,9971400
2025-06-02,52.452163484760085,52.9103033928851,52.05012343272727,52.90095520019531,4573600
2025-06-03,52.56436683057398,52.65786303053961,52.218423044068054,52.368019104003906,4757800
2025-06-04,52.21842264421642,52.54566647489314,51.9098823333713,52.283870697021484,5147700
2025-06-05,52.36802620355417,52.38672615941274,51.956637874621386,52.19973373413086,4883500
2025-06-06,52.16233272798282,52.52697294294453,51.99403669543867,52.35867691040039,4841600
2025-06-09,52.32126919038507,53.20014913286316,52.22777299366034,53.11600112915039,5659200
2025-06-10,53.14405142709827,53.80788372402147,53.134703233707725,53.620887756347656,4739200
2025-06-11,53.63958651737062,54.18187445490447,53.62088656435379,54.00422668457031,4193800
2025-06-12,54.03228269591784,54.34082302861276,53.77983866008475,54.191226959228516,4266800
2025-06-13,54.060328640318346,54.387568914176214,53.546092395691055,53.892032623291016,4854100
2025-06-16,53.93877921331068,54.284722997871064,53.5086909892453,53.658287048339844,5060600
2025-06-17,53.66763641509373,53.99487666519198,53.37779250311298,53.789180755615234,4274000
2025-06-18,53.873333841646314,54.144477826828556,53.54609356066882,53.8359375,4413000
2025-06-20,53.81723272910824,54.219272790698135,53.42454086043035,53.46194076538086,16937600
2025-06-23,53.49934153787525,54.64936188386788,53.49934153787525,54.574562072753906,5171300
2025-06-24,54.47171500037495,54.61196286516552,54.11642659176787,54.209922790527344,5388600
2025-06-25,53.99488258846047,54.032282497331984,53.340398449815474,53.36845016479492,8468700
2025-06-26,53.648940242740146,53.80788449922937,53.013156083480304,53.48064422607422,6188400
2025-06-27,53.58349302436878,53.901385108959936,53.125353068150055,53.32169723510742,5318600
2025-06-30,53.35909511560376,53.901383060863346,52.882258790161195,53.863983154296875,7304300
2025-07-01,53.956972108012195,54.61452646985977,53.75031482765889,54.295143127441406,5686900
2025-07-02,54.01333598347453,54.33271933088606,53.67516495875845,54.24817657470703,3975000
2025-07-03,54.21999417599789,54.37029200363781,53.91000289083769,54.18241882324219,2942500
2025-07-07,54.191820835014354,54.426661457847736,53.740927269180276,54.04152297973633,4691000
2025-07-08,53.72214040796606,54.15424988393546,53.60002586226805,54.00395202636719,3968800
2025-07-09,53.99455009114388,54.088488480772156,53.468505859375,53.468505859375,5712200
2025-07-10,53.34639510203711,53.693958209792925,53.16791394080793,53.4779052734375,5412800
2025-07-11,53.327603706294376,53.86303998589965,53.158518188168166,53.69395446777344,4629300
2025-07-14,53.65638476015061,55.40359957579076,53.60941735203434,55.14057922363281,13455200
2025-07-15,54.670896562581774,54.89634154906603,53.22427749633789,53.22427749633789,7800400
2025-07-16,53.52487115797607,53.7221364094677,53.17730806010274,53.34639358520508,5292700
2025-07-17,53.30881750748387,53.47790303030162,52.942466735839844,52.942466735839844,4440100
2025-07-18,53.02700776282156,53.37457084463059,52.886101970621155,53.04579544067383,4161900
2025-07-21,53.233670067180896,53.53426935775122,52.90489463225263,52.97064971923828,3718400
2025-07-22,53.07397966906182,54.370300883795124,53.064587621030356,54.332725524902344,5154900
2025-07-23,54.2763618967576,54.567565549937044,54.05091691261767,54.37030029296875,3666100
2025-07-24,54.25756433482994,54.72724548018588,54.13544981707298,54.501800537109375,3995900
2025-07-25,54.5675614265441,54.67089186287651,53.81607223055819,54.38908386230469,4439300
2025-07-28,54.389085294165014,54.389085294165014,53.402751891122456,53.412147521972656,4243400
2025-07-29,53.609412349713416,53.956975437402775,53.31820871315123,53.88182830810547,4392200
2025-07-30,53.90061756562201,54.22939298477472,53.15852038138211,53.34639358520508,3860500
2025-07-31,53.318209472368046,53.49669062583412,52.64187096552883,52.72641372680664,7458500
2025-08-01,53.32955815191437,53.80150114440919,52.782102552313525,53.3956298828125,7981900
2025-08-04,53.386199268856515,54.254572755097115,53.35788023733842,54.22625732421875,5232200
2025-08-05,54.160172266742855,54.34895016100295,53.96195349741839,53.990272521972656,4204400
2025-08-06,54.01859596980106,54.264008348984355,53.69767458208095,53.716552734375,4195500
2025-08-07,53.76374553338319,53.99971703267013,53.11246549158139,53.886451721191406,5058300
2025-08-08,53.952517606038846,54.72650375177102,53.924202181397575,54.21680450439453,4538000
2025-08-11,54.160171795480814,54.669867424717566,54.13185277117296,54.16960906982422,3609400
2025-08-12,54.22625378963273,54.462225299943896,53.810941627075806,54.424468994140625,4143500
2025-08-13,54.49053798585912,54.76426578819377,54.065788568553515,54.64155960083008,4666600
2025-08-14,54.54716599053646,54.764259311342094,54.37726624370789,54.57548141479492,4193700
2025-08-15,54.754820646454384,55.39666336024073,54.57548361784666,55.198448181152344,6242800
2025-08-18,55.19845554297394,55.34003989014249,54.603806325761326,54.622684478759766,4331100
2025-08-19,54.79257419219593,55.71758191540052,54.73594334424064,55.69870376586914,4600200
2025-08-20,55.90636332152419,56.79361480139381,55.830854319294836,56.53876876831055,6768000
2025-08-21,56.397179906060366,56.50100792634109,55.99130869985686,56.23672103881836,4921000
2025-08-22,56.50101705440371,56.72754768012372,55.538252893495255,55.61376190185547,7650000
2025-08-25,55.38723109041156,55.585446287411756,54.858653631105014,54.943603515625,6829000
2025-08-26,55.02855046732709,55.10406307204893,54.48109848565048,54.86809158325195,7617700
2025-08-27,55.12293801314324,55.47217478804598,54.91528196289023,55.26451873779297,5703900
2025-08-28,55.34003456084591,55.34003456084591,54.61324194327452,54.86809158325195,5009800
2025-08-29,54.934160419745695,55.48161237259862,54.905841394146435,55.46273422241211,4370700
2025-09-02,55.01612799848807,55.29111468174302,54.48511960501631,54.75062561035156,5442000
2025-09-03,54.66528164939079,54.98767893664341,54.46615125344173,54.94974899291992,4102200
2025-09-04,55.06353040414503,55.61350368857034,54.93077922989014,55.262657165527344,4320300
2025-09-05,55.42386054139196,56.22037124633789,55.40489557017915,56.22037124633789,5321100
2025-09-08,55.964350640063934,56.191923064609675,55.59454273727824,56.04020690917969,5197800
2025-09-09,55.99279677693013,56.44794524718769,55.78418932214448,56.41001892089844,4083700
2025-09-10,56.44794183648268,56.75137413165369,56.106579600115715,56.37208557128906,4673300
2025-09-11,56.46690728497068,57.13066679272415,56.46690728497068,57.045326232910156,4690700
2025-09-12,56.97895825620505,57.453071736913294,56.92206333632849,57.28239059448242,3910100
2025-09-15,57.44358852714102,57.927182664582396,56.96947506732849,57.10222625732422,6098800
2025-09-16,57.12119006756909,57.415138091664936,56.69448723897996,56.87464904785156,6206300
2025-09-17,57.13066901971287,57.35824506048734,56.609144963719494,56.61862564086914,5236300
2025-09-18,56.362607065283285,56.66603939161385,55.90745857578743,56.0496940612793,6234000
2025-09-19,56.011758744528194,56.60914266222538,55.89797253736626,56.09709930419922,12684300
2025-09-22,56.23933791046321,56.2488185877558,55.67039960854803,56.002281188964844,5909900
2025-09-23,56.059177245651696,56.552255702286644,56.04021227225818,56.466915130615234,4571800
2025-09-24,56.58069740655715,57.17808136658193,56.381570625615076,56.87464904785156,5751300
2025-09-25,57.08325373694834,57.23496987933951,56.410013581162424,56.694480895996094,4799300
2025-09-26,56.7703491311145,57.33928749796564,56.7703491311145,57.197052001953125,5681800
2025-09-29,57.17808151891434,57.415138244628906,56.988435414902966,57.415138244628906,6067500
2025-09-30,57.41513180199032,57.671153471097305,57.17807510287624,57.64270782470703,6684000
2025-10-01,57.62366282113713,57.8522541566161,57.442697254162624,57.58556365966797,5639100
2025-10-02,57.41412135412844,57.44269754204153,56.975991895045375,57.2236328125,4493300
2025-10-03,57.19505348371641,57.85225126958698,57.19505348371641,57.52841567993164,4124200
2025-10-06,57.385543609630766,57.51888703004557,57.05218505859375,57.05218505859375,4976800
2025-10-07,57.10933002831979,57.23315047555775,56.68072358275431,56.795021057128906,4613200
2025-10-08,56.66167710283513,56.718822206147976,56.1568723457791,56.20449447631836,4673500
2025-10-09,56.328314703070966,56.48070770020465,55.64254439930157,55.87113571166992,4040100
2025-10-10,55.96638670858406,56.166405493481825,55.45206255218777,55.49015808105469,4849400
2025-10-13,55.356813312261615,56.07115623633589,55.27109201603926,55.93781280517578,4231700
2025-10-14,55.93781258911619,56.280697772681215,55.77589660428604,56.04258346557617,5303500
2025-10-15,56.05211428904746,56.718835168980135,55.82352655688205,56.633113861083984,5143800
2025-10-16,56.728351468509,57.06171003122869,56.423565458783614,56.471187591552734,4717800
2025-10-17,56.67120258620442,57.137908206170344,56.50928660853075,57.09028244018555,4241100
2025-10-20,57.1569585084305,57.76653420613426,57.1379125605881,57.75700759887695,3687600
2025-10-21,57.81415455015938,58.004646722702994,56.852170713815326,57.17600631713867,5307300
2025-10-22,57.19506028158881,57.671288932781614,57.014094702136596,57.40460205078125,4077400
2025-10-23,57.633185390794935,57.699860739566546,57.033139951874325,57.35697555541992,3455700
2025-10-24,57.509374340614535,57.5665194548188,57.12838995701646,57.137916564941406,3884200
2025-10-27,57.14743135092447,57.53793865315569,56.94741621319684,57.52841567993164,4946500
2025-10-28,57.404591054099775,57.404591054099775,56.34736306964529,56.39498519897461,5791000
2025-10-29,56.23307463684532,56.49023851994097,55.32823955928718,55.58540344238281,7192900
2025-10-30,55.737787256804125,56.042573223530624,55.128215323351135,55.15678787231445,7396400
2025-10-31,54.98455282242424,55.68310310140059,54.745323124814995,55.48215103149414,6794300
2025-11-03,55.20463833495671,55.82663694836459,54.8505794390433,55.69266891479492,7773500
2025-11-04,55.309905333517335,55.4438733800643,53.53960703210869,53.72142028808594,11474000
2025-11-05,54.06591595797607,54.54437539123249,53.683146951228615,53.70228576660156,7875100
2025-11-06,53.884089948917214,54.209442432630375,53.663999099692866,53.903228759765625,6114400
2025-11-07,54.07548011190489,54.44868151248145,53.96065087730355,54.41997146606445,5958500
2025-11-10,54.42953969881907,54.57307532157189,53.61615656846501,53.951080322265625,6427800
2025-11-11,54.23815487282516,54.79316584790895,54.18073843387636,54.69747543334961,5019100
2025-11-12,54.61134687168759,54.735747317850105,54.32427200776672,54.477378845214844,5498000
2025-11-13,54.506089851962415,55.16636611028165,54.11375331963218,54.15203094482422,6716400
2025-11-14,54.391263008948584,54.65919909631729,54.10418810814563,54.35298538208008,5630900
2025-11-17,54.391265693917184,54.61135658374252,54.2190200148616,54.54437255859375,5548000
2025-11-18,54.54436794278513,54.9845496851855,54.238154239345285,54.869720458984375,5440700
2025-11-19,54.850585834096975,54.93670867291217,54.104190331269066,54.26686477661133,4429100
2025-11-20,54.35298637103471,54.573077254000054,53.845820582043075,53.87452697753906,6060300
2025-11-21,54.05633846877464,54.69747223966941,53.884092812340654,54.228580474853516,7221700
2025-11-24,54.448675787041154,54.57307259046376,53.8745223736973,54.056339263916016,10444700
2025-11-25,54.25729703788543,54.582649577985315,54.03720615051721,54.27643585205078,7260000
2025-11-26,54.29557557323071,54.92714184981551,54.238159129775504,54.678340911865234,5129900
2025-11-28,54.71679227363949,55.39942928864084,54.68794959257024,55.38981628417969,3490800
2025-12-01,55.091763844577756,55.37058866422296,54.82255569743669,55.21675491333008,4602100
2025-12-02,55.37059315300734,55.50519723748996,54.861019499555645,55.284061431884766,4730700
2025-12-03,55.51480439117546,56.00514828166243,55.303281627439404,55.851314544677734,6560800
2025-12-04,55.87054915944091,56.36089309327624,55.639796699721636,55.96669387817383,6072600
2025-12-05,55.95708349726975,56.59164820664587,55.8609351063424,56.22629165649414,5419800
2025-12-08,56.21667501584361,56.21667501584361,55.110992431640625,55.110992431640625,8372000
2025-12-09,55.30328671660663,55.572494864181756,54.80332610847716,54.85139846801758,6047300
2025-12-10,54.88985791241353,55.360975839125736,54.466816013006245,54.48604202270508,7983900
2025-12-11,54.78409814866638,55.187914050375085,54.50527331983014,55.01485061645508,5385900
2025-12-12,55.082149879858115,55.68786820036983,55.082149879858115,55.49557876586914,5166000
2025-12-15,55.659025225691565,55.918620362123775,55.41865976614535,55.841705322265625,6600100
2025-12-16,55.870553163407486,55.92823853170689,55.19752908098702,55.22637176513672,5410400
2025-12-17,55.178298662442266,55.64941661412525,54.98600554608827,55.53403854370117,6212400
2025-12-18,55.610955387346834,55.784018819477396,54.42835771291199,54.582191467285156,9714500
2025-12-19,54.63987625878164,55.005229104751265,54.13991567896004,54.15914535522461,14314500
2025-12-22,54.187991192455875,54.56296073224419,53.85147733975118,54.48604202270508,6001600
2025-12-23,54.534122463980765,54.61103751205941,53.70726460793947,53.774566650390625,6825100
2025-12-24,53.98608508144462,54.55334772739477,53.97646840890926,54.48604202270508,2415500
2025-12-26,54.447586546928825,54.649492658723666,54.24567676744803,54.505271911621094,4445800
2025-12-29,54.57257902784862,54.85140387543077,54.53412333703676,54.62065505981445,6390400
2025-12-30,54.73602766840011,54.880248424184366,54.54373454991651,54.83217239379883,4993700
2025-12-31,54.80318714784347,54.822508297829536,54.426433935946555,54.455413818359375,4774400
2026-01-02,54.43609425760632,55.5856787619772,54.02069873361002,55.36349105834961,6203100
2026-01-05,55.35382457687003,56.116993384477695,54.8418270228425,55.8851432800293,6824400
2026-01-06,55.9720844385387,55.9720844385387,54.77420271987187,55.46974563598633,12238100
2026-01-07,55.76922462013958,55.95277002416646,55.06401920239501,55.402130126953125,5629900
2026-01-08,55.3731517995033,56.551716229880874,55.35383064825236,56.31020736694336,5709600
2026-01-09,56.242583436236984,56.67729642793928,56.049375614851144,56.194278717041016,5188100
2026-01-12,56.41647241589277,57.054055672967145,56.31986665867978,56.889827728271484,6354700
2026-01-13,56.947784444913545,57.36317993895045,56.67729204185289,57.2182731628418,5062100
2026-01-14,57.27624012306103,58.27125541229199,57.2472565549823,58.2615966796875,6755200
2026-01-15,58.251932294180136,58.686648949349966,58.10702919921186,58.65766906738281,6752800
2026-01-16,58.41616213537379,59.44981972419243,58.329218801494996,59.333892822265625,7223400
2026-01-20,59.33389179464251,59.84589305645349,58.80257306797758,59.527099609375,7360000
2026-01-21,59.700988688872336,59.75895214117632,58.87986004946241,59.69132995605469,6319000
2026-01-22,59.66234091241107,59.84588998529726,58.725289139514594,58.78324890136719,7229800
2026-01-23,58.85087731283554,58.87986088196369,58.145671882929996,58.67699432373047,5406300
2026-01-26,58.966803343370486,59.05374667919821,58.21329320448595,58.348541259765625,6867100
2026-01-27,58.35819941311551,58.899180573464506,58.18431274318664,58.85087585449219,6180100
2026-01-28,58.85087176823782,59.082721873755574,57.86551895390149,58.02974319458008,5077800
2026-01-29,58.280920388528244,58.715633392333984,58.05872899241194,58.715633392333984,5344200
2026-01-30,58.83207707441039,59.41428317456143,58.608897945966625,59.34635925292969,7304100
2026-02-02,59.22020788271559,59.462794352759914,58.65740919703217,58.73503494262695,5991300
2026-02-03,58.74473858231728,59.812117535504875,58.73503305094566,59.637454986572266,6668800
2026-02-04,59.85093473573383,60.675727260837405,59.433685707295325,60.60780334472656,8623800
2026-02-05,60.71454686090096,61.85955539812169,60.61751374482847,61.48112106323242,8392500
2026-02-06,61.519933572623536,62.00510653864872,60.79217412358577,61.35497283935547,4717600
2026-02-09,61.306451300484625,61.35496785282884,60.70483790794984,61.219120025634766,4743300
2026-02-10,61.345268561345364,62.237985006460114,61.112383918250835,62.005104064941406,5549400
2026-02-11,62.043919533933106,62.703758786393195,61.743114654449236,62.58731460571289,6624500
2026-02-12,62.781383147116465,64.3145316016356,62.781383147116465,62.859012603759766,13316800
2026-02-13,63.09188912167807,64.04283139062265,62.82989897792147,63.71291732788086,5767300
2026-02-17,63.80024895648032,64.76088941541386,63.80024895648032,64.51830291748047,6984500
2026-02-18,64.43097717431976,64.46979190347741,63.09189492941518,63.14041519165039,7854600
2026-02-19,63.27625793784116,63.742027247008224,62.94634387134317,63.55765914916992,5367700
2026-02-20,63.877875544996854,64.40186324538863,63.55765960534321,64.17868041992188,5576800
2026-02-23,64.42125843061103,65.15872332707184,64.2854106079934,64.7026596069336,5348700
2026-02-24,64.62503851003815,64.93554891656993,64.26601524810731,64.54740905761719,6000000
2026-02-25,64.04283236338625,64.27571331727964,63.07248641848646,64.03312683105469,6953600
2026-02-26,64.16897437050176,65.03258166516503,64.13986517679545,64.62503814697266,6314300
2026-02-27,64.88808939286852,66.19364944103854,64.84911667452013,65.2778091430664,13326200
2026-03-02,65.0829657984225,65.97931619705477,64.80041910973219,65.82342529296875,6736300
2026-03-03,64.98552954606345,65.31679399692892,64.45941633382611,64.84912872314453,6168000
2026-03-04,64.72246767704597,64.74195032161272,63.64099878806596,64.30352020263672,7227200
2026-03-05,63.6409994264562,63.86509072429884,62.79335943020816,63.134368896484375,8189500
2026-03-06,62.94925646929679,63.38768663548936,62.588764323051485,63.32923126220703,6236800
2026-03-09,62.54978678952783,63.475372250663575,62.29647151926936,63.27077102661133,7143400
2026-03-10,63.0954076639728,63.865102354767494,62.6959427573767,63.212318420410156,5113700
2026-03-11,62.92975847060233,63.11487704041878,62.48158332082947,63.04667663574219,5318300
2026-03-12,62.89079404287534,63.738426593558174,62.686185392758745,63.35845184326172,6149100
2026-03-13,63.982006281692016,64.12815214492711,62.705681104899455,62.783626556396484,5752200
2026-03-16,63.24154031810926,63.826116277917485,63.14410479706903,63.251277923583984,6842400
2026-03-17,63.3584559580922,63.63125759824921,62.4133878237717,62.4426155090332,6457800
2026-03-18,62.189299793169496,62.34518696522237,61.16628627763893,61.41960525512695,6777100
2026-03-19,61.35141138499366,61.59498534956277,60.91297750544051,61.02989196777344,4695900
2026-03-20,60.698629176402406,60.99091718068074,59.04232552996706,59.383331298828125,10257300
2026-03-23,59.9873904471658,60.182250345097366,59.16898184916796,59.28589630126953,7383700
2026-03-24,59.091040512790265,59.51972931777469,58.80849384474343,58.905921936035156,5404400
2026-03-25,58.94489363149454,59.178726249818595,58.311599899209554,58.516204833984375,5576100
2026-03-26,58.4090355692296,59.091043391426226,58.36032152121062,58.72080993652344,3980800
2026-03-27,58.78900666608465,59.64638798078074,58.506460001964754,59.130008697509766,5341600
2026-03-30,59.68535926622048,60.162765845091734,59.25667045082202,59.578189849853516,5113000
2026-03-31,59.9901956747299,60.29357321591459,59.451948329495565,59.87276077270508,7479500
2026-04-01,59.94126056755272,60.66545050109402,59.70638704680777,60.55780029296875,5998900
2026-04-02,60.89053716787204,61.340707383248855,60.47950942930204,60.8807487487793,6168200
2026-04-06,60.4599345434963,60.900320059997156,60.31314186012131,60.50886917114258,3712000
2026-04-07,60.48929795434733,61.08626085846844,60.38164774326691,60.90032196044922,4609500
2026-04-08,61.242844628956824,61.61472241849946,60.626304897385396,61.44835662841797,8524000
2026-04-09,61.25262750694772,62.28997962576478,60.97861151575327,61.84959411621094,4289200
2026-04-10,61.937673871393095,62.397628771574645,61.70280034517363,62.38784408569336,5577500
2026-04-13,62.01596046566488,62.20190308982833,61.477713163840626,61.9670295715332,5086700
2026-04-14,62.04532060994168,62.49549079905021,61.60493510616689,62.44655990600586,4391000
2026-04-15,62.45634908253019,62.622718610669885,61.89852864869894,62.59335708618164,4907700
2026-04-16,62.62271809303636,63.2686156286172,62.58357188283435,63.258827209472656,4200900
2026-04-17,63.22946394222245,63.87535768867549,62.89672491751139,63.69920349121094,5151200
2026-04-20,63.62092156486212,63.95365313899669,63.42519052151014,63.532840728759766,4092300
2026-04-21,63.51327458339938,63.57199016619916,62.593357298862884,62.632503509521484,6721100
2026-04-22,62.87716236692148,63.06310500285007,61.78109458963125,61.98660659790039,5461600
2026-04-23,62.36826881653574,62.749938750046766,62.23126081982364,62.710792541503906,3660600
2026-04-24,62.71079655724783,62.838016143376876,61.95724879388925,61.97682189941406,4133500
2026-04-27,61.947457516014914,62.358485246693114,61.24284441557627,61.409210205078125,4742700
2026-04-28,61.85938047118038,62.211688888331814,61.3015600550866,62.192115783691406,5219300
2026-04-29,61.8691676630881,62.231260758784614,61.77130214182693,61.93767166137695,4855100
2026-04-30,61.781407475003824,63.157386856106605,61.781407475003824,63.137725830078125,7824200
2026-05-01,63.10823741013179,63.22618106266484,62.62664728463523,62.71510314941406,4658200
2026-05-04,62.312133409221055,62.95098168716992,62.13522169376572,62.36127471923828,4361000
2026-05-05,62.29248284611474,62.70527439381932,62.12539787496619,62.47922134399414,3611700
2026-05-06,62.459560859149285,62.98046927256401,62.459560859149285,62.91167068481445,5081400
2026-05-07,62.50870333188673,62.57750192091296,60.46439543794388,60.72976303100586,13525000
2026-05-08,61.00496019835178,61.60449400112979,60.52337005297548,60.8575325012207,7270800
2026-05-11,60.93615838701192,61.525861645899155,60.916501111816764,61.289981842041016,5683200
2026-05-12,61.545517629479036,61.82071572719398,61.26049651823549,61.457061767578125,5549500
2026-05-13,61.21135130945708,61.3292949578692,60.130227443705245,60.464393615722656,6456300
2026-05-14,60.64130588118268,61.12289599415756,60.464394156224856,60.89684295654297,6052100
2026-05-15,60.90667589027045,60.99513175626637,60.06143178169654,60.071258544921875,5294900
2026-05-18,60.395597407824894,60.670791766476476,60.287484267142645,60.6511344909668,5333300
2026-05-19,60.493877260077724,61.36860535928651,60.326796049775716,61.02461242675781,4300900
2026-05-20,60.975470038617644,61.25066437978331,60.6118160886582,61.17203903198242,4749600
2026-05-21,61.03444195570667,61.289982787945675,60.592166379336426,61.16221237182617,3807500
2026-05-22,61.16220629524088,61.348944770061216,60.51353126520413,60.955810546875,4332500
2026-05-26,61.014786828162016,61.427578355072015,60.808387315465176,61.37843704223633,4932200
2026-05-27,61.35877783021264,61.85019844153951,61.06392621326486,61.122894287109375,4498200
2026-05-28,61.03444213173432,61.34895104213406,60.611820080401806,60.63147735595703,5677800
2026-05-29,60.81015549885985,60.81015549885985,59.83285151297329,60.494258880615234,14701400
2026-06-01,59.94144187689907,60.119134195963774,58.7666977935508,58.786441802978516,7512600
2026-06-02,58.94439030051687,59.29977493977916,58.71733984005147,59.14182662963867,5252500
2026-06-03,59.112210083473215,59.88220759322945,58.954261779785156,58.954261779785156,5730100
2026-06-04,59.70451463783519,59.852592818478705,58.746950938785496,58.9838752746582,5964100
2026-06-05,58.95426402327095,60.69169542995706,58.73708368526591,60.05990219116211,6835100
2026-06-08,59.93156478061552,60.17835923657172,59.08259124960066,59.24053955078125,6536000
2026-06-09,59.46759362820635,60.72130614770742,59.210925285759316,60.46464157104492,8090400
2026-06-10,60.89899725650728,61.609766479077784,60.820024990546365,61.31361389160156,6447600
2026-06-11,61.570281326220055,62.02438599830287,61.086566289532534,61.116180419921875,6049700
2026-06-12,61.3827174434123,62.03425465710736,61.362973435023406,61.915794372558594,5768600
2026-06-15,61.91579231335625,62.16258676133259,61.27412524230398,61.34322738647461,5327100
2026-06-16,61.49130492651764,61.74796949281717,60.968098141477846,61.372840881347656,4558200
2026-06-17,61.03720785514086,61.224770289674105,59.53669708152105,59.79336166381836,6072700
2026-06-18,60.000667313027115,60.119131364013086,59.447850138230855,59.467594146728516,12961700
2026-06-22,59.68477005066178,60.26720511467599,59.487333733646295,59.8032341003418,7483900
2026-06-23,60.16848953659519,60.89899902250143,60.15861564944846,60.741050720214844,6680800
2026-06-24,60.9779757670682,61.659127122531444,60.69169328903025,61.19515609741211,6339800
2026-06-25,61.36297475242402,61.47156491800195,60.52387508969674,61.24451446533203,4824900
2026-06-26,61.6492577755814,62.44886942773964,61.5998996360062,62.310665130615234,8329800
2026-06-29,61.9947689242119,62.25143727693852,61.44195173209552,62.231693267822266,4912800
2026-06-30,61.89559298191548,62.242595432541684,61.38995651723952,61.42961502075195,8063500
2026-07-01,61.578335753249114,61.87576698113344,61.27098800794413,61.29081726074219,5705200
2026-07-02,61.66756108840916,63.303434615771806,61.66756108840916,63.293521881103516,6414500
2026-07-06,63.0853219755933,63.15472246611745,62.32191279778462,62.649085998535156,4872800
2026-07-07,63.105151494002996,64.18581736017002,63.065492990095095,63.46207046508789,5742000
2026-07-08,63.46206927483627,63.62069572340658,62.6490850881445,62.688743591308594,5284100
2026-07-09,62.807716688235,63.13489367340807,62.43097224609057,62.62925720214844,7682500
2026-07-10,63.05557729351814,63.14480703745034,62.242596863043936,62.768062591552734,4598800
2026-07-13,62.91677936764313,63.709934366493464,62.91677936764313,63.62070083618164,5331400
2026-07-14,63.53147264885888,63.89830058263115,63.224124908447266,63.224124908447266,5126600
2026-07-15,63.5711294921701,63.72975594379624,62.549943817258956,62.71848678588867,4554400
2026-07-16,63.09524057424864,65.2169215549775,63.035756595153,65.18717956542969,5174800
2026-07-17,65.7622097988786,66.57519020710166,64.63196892803401,65.14751434326172,6549100
2026-07-20,65.1177750195835,65.37555151978142,64.40393705847319,64.62205505371094,4391500
2026-07-21,64.24530923390041,64.47333617745504,64.0073582092092,64.43367767333984,3897700
2026-07-22,64.77077026072989,65.06819769126038,64.44359327946884,64.47333526611328,3812500
2026-07-23,64.75093865798132,64.84017218397291,63.84873226545372,64.1659927368164,4567100
2026-07-24,64.34444728439377,65.167344168964,64.29487226663962,65.0384521484375,3589500
2026-07-27,65.00871628884205,65.68289574775987,64.75093978758589,64.93931579589844,3923400
2026-07-28,65.71263819913611,66.00015669024114,65.06820072349288,65.16735076904297,4616200
2026-07-29,65.41520169419876,65.70271258139468,64.61213030817657,64.97896575927734,4388200
2026-07-30,65.00871222557018,65.4251151572052,63.115062217804535,63.87847137451172,5599500
2026-07-31,63.63056240633822,63.789862677032446,62.96349370968678,63.590736389160156,5733500
2026-08-03,63.60069474463455,63.849597856765186,62.68471534031804,63.20244216918945,6055500
2026-08-04,62.73449677806725,62.953536077210586,61.858347177530106,62.62498092651367,5369800
2026-08-05,62.71458665610247,62.77432188371508,61.87825928736354,62.42585372924805,5685100
2026-08-06,64.0586798160034,64.66601329455794,62.027602281877236,62.08734130859375,6024100
2026-08-07,62.027601996327576,62.6349354720862,61.88821473264883,62.2366828918457,4787200
2026-08-10,61.987773548588564,61.987773548588564,61.00210433806262,61.61939239501953,6015700
2026-08-11,61.48000513680519,61.957905935547764,61.22114362840969,61.61939239501953,4234700
2026-08-12,61.7289133147074,62.37607279608493,61.519832423069005,62.31633377075195,12365000
2026-08-13,62.49554563719964,62.98340104000379,62.49554563719964,62.67475891113281,5173000
2026-08-14,62.7046276729781,63.00331520233325,62.415894748793654,62.46567916870117,3651700
2026-08-17,62.216773388278426,62.31633463386101,61.85834682735223,62.127166748046875,5340900
2026-08-18,62.5951100153165,62.68471665677259,61.928041305157464,61.93799591064453,4035800
2026-08-19,62.33624537126103,62.90375280604345,62.25659333928276,62.67475891113281,9579000
2026-08-20,62.724540140858174,63.262179967875554,62.525413856997886,62.893795013427734,3589300
2026-08-21,63.003317244710345,63.12279529873992,62.22672888360871,62.326290130615234,4099600
2026-08-24,62.63493350302194,63.13274731366367,62.47563323553731,62.893795013427734,3894000
2026-08-25,62.67476066075541,62.82410252785679,62.35616011998417,62.5552864074707,4371500
2026-08-26,62.67475938318775,62.67475938318775,61.97781929020038,61.98777389526367,4118900
2026-08-27,61.81852190547906,61.838434914552096,61.38044709992671,61.529788970947266,5284800
2026-08-28,61.87825830471232,61.93799353137632,61.529786357761125,61.70899963378906,3697400
2026-08-31,61.650001525878906,61.650001525878906,61.15999984741211,61.279998779296875,6716500
2026-09-01,61.4900016784668,61.83000183105469,61.04999923706055,61.36000061035156,5447100
2026-09-02,61.560001373291016,61.7400016784668,60.869998931884766,61.5,5400900
2026-09-03,61.79999923706055,61.970001220703125,61.31999969482422,61.7400016784668,3897900
2026-09-04,61.34000015258789,61.83000183105469,61.150001525878906,61.25,5098100
2026-09-08,61.150001525878906,61.689998626708984,60.95000076293945,61.02000045776367,5962900
2026-09-09,61.15999984741211,61.310001373291016,60.04999923706055,60.11000061035156,6375300
2026-09-10,60.29999923706055,60.470001220703125,59.47999954223633,59.56999969482422,5951700
2026-09-11,59.689998626708984,59.849998474121094,59.18000030517578,59.5,6398100
2026-09-14,59.95000076293945,60.45000076293945,59.22999954223633,59.27000045776367,9208000
2026-09-15,59.380001068115234,59.41999816894531,58.52000045776367,58.709999084472656,7049000
2026-09-16,58.7599983215332,59.06999969482422,56.86000061035156,57.150001525878906,11632000
2026-09-17,57.63999938964844,57.790000915527344,56.939998626708984,57.31999969482422,8410600
2026-09-18,57.18000030517578,57.349998474121094,56.54999923706055,56.65999984741211,15214800
2026-09-21,57.08000183105469,57.31999969482422,56.61000061035156,56.650001525878906,8609600
