Date,Open,High,Low,Close,Volume
2021-09-22,81.90876529270112,83.19881171579593,81.5535298466764,82.6753158569336,9908000
2021-09-23,83.14271439300882,84.189705978277,82.88096649669177,83.59142303466797,9720200
2021-09-24,83.45119645138045,84.1897034982894,83.14271194386258,84.07752990722656,7617800
2021-09-27,83.9279622371009,85.35823269285467,83.33902944123041,85.1058349609375,11533000
2021-09-28,84.73189892444556,86.25564962450909,84.18035975405087,84.5916748046875,15041800
2021-09-29,85.2086589121719,86.07803990466086,85.06843479104238,85.30213928222656,12007300
2021-09-30,85.30212004882883,85.61061161933797,81.44132529252863,81.45066833496094,15649900
2021-10-01,82.0396432709072,84.38603170459375,81.89006894271706,83.89057922363281,13320900
2021-10-04,83.64750983649228,84.53558399933894,83.16140052867088,83.44184875488281,10853900
2021-10-05,83.52597948533418,85.97520499624353,83.35771197493438,85.5264892578125,9788600
2021-10-06,84.52624536107851,85.53585055473903,83.80643860928639,85.38627624511719,10268300
2021-10-07,85.73217084462323,86.82590635775442,85.67608403844105,86.29306030273438,9124400
2021-10-08,86.65891074360077,89.13541516309229,86.40563497299884,88.54443359375,13202300
2021-10-11,88.45061717602896,90.80517477394045,88.36618715823953,89.38868713378906,12959300
2021-10-12,89.89523683864144,90.54250017849381,89.36053730211727,89.65133666992188,9964100
2021-10-13,90.14852304453126,90.98340474860274,90.00781111708986,90.42994689941406,9453900
2021-10-14,90.80515779680532,91.3210918829697,88.52564793935429,89.37928771972656,7911200
2021-10-15,89.20106655903669,90.09223729018326,88.86336796726233,89.42620849609375,7422800
2021-10-18,89.58567424090846,90.66445604272977,89.21044485459166,90.53312683105469,7344100
2021-10-19,90.99278273093657,91.25544116484882,90.35489489561873,91.04906463623047,5616500
2021-10-20,91.24604885794896,91.90270203052191,90.28922078413187,90.65506744384766,6574100
2021-10-21,90.58940394200859,90.83330410374825,89.78266330901998,90.33612823486328,6224400
2021-10-22,90.32675099223627,92.18412537531485,90.2610863859033,92.16536712646484,6819600
2021-10-25,92.34360857385686,92.82201909748628,91.50872688724185,91.82766723632812,5083100
2021-10-26,92.21227389144725,92.45616691210164,90.93649825684994,90.9740219116211,7089700
2021-10-27,90.81455632432434,91.2742157869872,90.05472189851562,90.0828628540039,5941200
2021-10-28,90.664441980656,91.64941091545028,89.98903062142325,90.27045440673828,5177200
2021-10-29,89.85770119365029,90.96462377239007,89.54813646199923,89.9984130859375,7578600
2021-11-01,90.05470222685688,90.08284317619801,88.09413974910728,88.53502655029297,7327600
2021-11-02,87.92527825328241,89.97964607919727,87.70951906803451,89.93274688720703,6229600
2021-11-03,90.52372701987126,90.87081538907535,88.88210502728292,90.19540405273438,5746400
2021-11-04,90.2704740357931,90.62693803872061,89.41682694977747,89.70762634277344,5857500
2021-11-05,90.24231229174725,90.57064244870628,88.27236713451623,89.0697250366211,6160200
2021-11-08,89.35115120539463,89.35115120539463,88.46936327599273,89.24796295166016,5056400
2021-11-09,89.21982548443407,89.68886041720603,88.23484926285091,88.73202514648438,6102600
2021-11-10,88.27238738948661,88.97593990399938,87.5782175791011,88.01911163330078,5828800
2021-11-11,88.28174430781267,88.89149107367358,87.99094497696228,88.21607971191406,3620600
2021-11-12,88.45061513519236,88.61946800996944,87.64387441758028,87.74706268310547,6435300
2021-11-15,88.00972316073984,88.41309352889859,87.16545876727902,88.19733428955078,5700900
2021-11-16,88.30990924562677,90.4018084950961,88.1973382691174,89.68887329101562,7392900
2021-11-17,89.82957885385564,90.18604285217089,88.94779082597952,89.42620849609375,6257600
2021-11-18,89.25734354660429,89.42619639810108,87.70952693403451,88.79769134521484,5725300
2021-11-19,88.93838864963922,90.95523999685881,88.12227256643934,88.1504135131836,8936600
2021-11-22,87.92528696638355,89.7451375419763,87.62510491166378,88.75078582763672,6488200
2021-11-23,88.32866579086178,88.45061230216493,86.54633153794778,87.18421936035156,8905500
2021-11-24,86.518191096128,87.89714785438295,86.4431437855425,87.78458404541016,10908500
2021-11-26,87.13730871365921,88.25361413715112,86.36809171481653,86.61199188232422,4519300
2021-11-29,87.39997143088063,88.30051768187913,87.11855475320289,87.18421936035156,9552500
2021-11-30,87.25925091073067,87.72828581752367,84.99850638157889,85.12045288085938,23271200
2021-12-01,86.01163033414683,86.66827639308563,84.10734960631905,84.1917724609375,12084900
2021-12-02,83.86346561743919,85.40189995836693,83.48823615837975,84.41692352294922,7089800
2021-12-03,84.75461963524175,85.16737270873125,82.2874982116701,82.7752914428711,10808600
2021-12-06,82.86909809070127,83.64769788699344,82.40944580724815,83.43194580078125,8398500
2021-12-07,84.4075180829099,85.11107038564833,83.68520037756547,84.47318267822266,6803700
2021-12-08,84.47320404476092,84.58576786125217,82.46573487239971,83.43194580078125,7695800
2021-12-09,83.60079112433198,84.41690734773469,82.77528504119597,83.2724609375,8615800
2021-12-10,97.83132382323258,99.75436308146223,93.90080812597631,96.27412414550781,45824600
2021-12-13,96.09587200564945,97.89696429281122,94.29477256158312,94.64186096191406,16317600
2021-12-14,93.8069770045816,95.17655801001997,93.23475387230131,93.70378875732422,9511600
2021-12-15,94.35108241456824,97.33414530390847,94.03213489264945,97.23095703125,14452200
2021-12-16,97.51234733220845,97.5592536823174,95.94577257246671,96.82756042480469,9053200
2021-12-17,91.64004887752442,93.76008165358667,89.87647292251043,90.63631439208984,28872300
2021-12-20,90.44870250743207,90.44870250743207,85.85215833903644,85.96472930908203,17205400
2021-12-21,86.12418244218114,86.15232338989827,84.15423737603427,85.84276580810547,15823000
2021-12-22,85.6176270825862,86.1710919834979,83.96662939554807,84.29495239257812,10539000
2021-12-23,84.45443464195914,84.76399943647677,83.544505664871,84.16363525390625,9655400
2021-12-27,84.14486131671985,84.73584989304838,83.50697354279542,83.9947738647461,7666200
2021-12-28,84.14488137656093,84.23869410792713,83.03795842136158,83.159912109375,5610500
2021-12-29,83.01917243253487,83.66644284679448,82.28747917653922,82.74713134765625,5628500
2021-12-30,83.15990400121537,83.40380419655517,82.33439784988241,82.55953979492188,7382400
2021-12-31,82.59704912964683,82.64394832571807,81.78092582343727,81.80906677246094,5908200
2022-01-03,81.92163747457158,82.4938606259825,80.44886817263804,82.45633697509766,10644400
2022-01-04,82.45633874132022,84.03229632771811,82.2968685893222,83.33811950683594,11959000
2022-01-05,83.00980289499203,83.11299115585818,80.88038738519252,81.10552215576172,11236700
2022-01-06,80.97371331501714,82.31071941548257,80.55001652571951,81.29383850097656,7918400
2022-01-07,81.39740153271562,82.85681420171086,81.23733895659137,82.39545440673828,9836800
2022-01-10,82.27304868812341,84.15615812447454,81.86817987196822,84.06200408935547,11025500
2022-01-11,83.45941425388641,83.79837454582987,82.30130590932362,83.30876922607422,7249800
2022-01-12,83.69479269386359,84.28796954035438,82.54609486560261,83.14868927001953,5840300
2022-01-13,83.54415185319363,83.7230423617646,82.43311701770675,82.65908813476562,6044300
2022-01-14,82.36719293002189,82.95095213753689,81.59511850758997,82.5649185180664,6054800
2022-01-18,81.79285490042558,81.88700892857625,80.35227025410195,80.55000305175781,6824700
2022-01-19,80.75714346666005,81.62337925020425,78.3656008498846,78.50682830810547,10501800
2022-01-20,79.01526926887882,80.03215007623861,77.69709124268937,77.88540649414062,10836900
2022-01-21,78.48799883760489,78.51624432869586,77.235729386963,77.41462707519531,11609000
2022-01-24,76.4730730369184,77.60293579101562,74.93833429547055,77.60293579101562,16770400
2022-01-25,76.57662379100975,77.30161754397832,75.51266268385415,76.33181762695312,13469900
2022-01-26,77.1227610050984,77.23574298936012,74.6464671587923,74.93834686279297,13971300
2022-01-27,75.42794805330695,76.40716580931894,74.57112982298683,75.11723327636719,10331900
2022-01-28,75.31496204334931,75.79515697469114,73.97795602944889,75.77632904052734,7854700
2022-01-31,75.78574068044075,76.86853009198825,75.43737001640298,76.41658782958984,10594200
2022-02-01,76.64256443874862,76.64256443874862,74.99484348968736,76.30360412597656,8016900
2022-02-02,76.41658849039425,78.03605665873425,76.11528406819949,77.67826843261719,9287600
2022-02-03,76.85910650943966,77.92306790312495,76.85910650943966,77.15099334716797,8207200
2022-02-04,77.23573194336973,78.06430468808756,76.70846360290737,77.3110580444336,5570200
2022-02-07,77.3393115948477,77.4428831987291,75.9458144974322,76.02113342285156,6292200
2022-02-08,75.59740667998219,76.13409242223827,75.13604701679473,76.06818389892578,6585300
2022-02-09,76.97207607215168,78.76103095884471,76.87792206411318,78.57271575927734,8755900
2022-02-10,77.91365436073735,78.88345458892006,76.84970009570546,77.06625366210938,6336300
2022-02-11,77.05681952471527,77.61234043454343,74.88183085242619,75.08897399902344,7670500
2022-02-14,74.92892318176179,75.07015782050418,73.85555142090705,74.33573913574219,5389800
2022-02-15,74.7500303876372,75.25847081030187,74.58055024674897,75.10781860351562,5712800
2022-02-16,74.8253406655939,75.11722027514443,73.64839748709517,74.56170654296875,6227000
2022-02-17,74.15684028033226,74.36398343602875,70.9273078032705,71.11561584472656,9247100
2022-02-18,71.087377081266,71.30393781456792,69.93867924264708,70.21173095703125,7790100
2022-02-22,69.50556326622466,70.53186155966513,69.31725521154345,69.78803253173828,8039000
2022-02-23,69.74095255422284,70.03283219665414,68.12147740881328,68.23446655273438,6807100
2022-02-24,66.79389384076704,70.56011270414734,66.12539085453614,70.43770599365234,11240500
2022-02-25,70.28705529822629,72.33964470034334,69.97634054305223,71.8876953125,8291800
2022-02-28,71.15327634423804,72.21723038903586,70.63541847352299,71.52989959716797,9234400
2022-03-01,71.53935093535033,72.02895636691073,71.20039056600297,71.56759643554688,8752100
2022-03-02,71.981848328847,74.25099842698721,71.79354027692715,73.70489501953125,8527200
2022-03-03,74.34515393717726,74.4204800328457,72.90457647910473,73.67665100097656,8203000
2022-03-04,73.13056630330166,73.35654464815514,71.35102814266928,72.01953125,8841300
2022-03-07,71.83120505600974,71.9253590842399,69.14777574224443,69.9763412475586,11110100
2022-03-08,69.52440777971145,70.83317565080375,68.83707675105552,69.04421997070312,9134100
2022-03-09,70.541278368084,72.45263331305259,70.32472480379776,71.65231323242188,8959500
2022-03-10,70.7107534214541,72.35847407394101,70.6448448826943,72.170166015625,13812600
2022-03-11,72.21724565633667,75.23022513325292,69.67505073272874,73.27178955078125,22795800
2022-03-14,73.36594048045201,74.00619796362143,71.03088884782863,72.56562042236328,13306200
2022-03-15,73.48834501161325,76.77436880500646,72.56561827245967,75.8893051147461,16847200
2022-03-16,76.26593812118239,76.48249888399178,73.20588504841889,75.2867202758789,14071300
2022-03-17,75.11723057116538,76.53898013704291,74.62762530253772,75.8893051147461,10462400
2022-03-18,74.9760063747448,77.19807628444238,74.23217721837635,76.90619659423828,24176000
2022-03-21,76.52956871619101,77.1886613494397,75.57859640997786,76.228271484375,8131300
2022-03-22,76.69905554979648,77.42405679127477,76.1058785932633,77.0191879272461,9292300
2022-03-23,76.50130392038325,76.65195609002514,75.53150392465876,75.69156646728516,7451100
2022-03-24,75.93639537971617,77.97956755346272,75.7857431649826,77.43346405029297,7025700
2022-03-25,77.24514962120402,77.99838908252921,76.4824926013582,76.9532699584961,5682300
2022-03-28,76.9626667070731,78.81753031514647,76.9626667070731,78.71395874023438,6626700
2022-03-29,79.55195552976127,79.57079064673907,78.25261261449562,79.3636474609375,5762000
2022-03-30,79.05293801990481,79.42956136647439,78.26203545725227,78.48800659179688,5533100
2022-03-31,78.2526093562569,79.00585596717342,77.76299690411354,77.89482116699219,9433300
2022-04-01,78.18671161252514,78.48800886179623,76.70847086086806,77.21691131591797,6147500
2022-04-04,77.44288000161173,79.3730701577238,77.20749130859771,79.15650939941406,7882400
2022-04-05,78.52569718889076,79.58023430898915,77.83835880154489,78.09258270263672,5143400
2022-04-06,77.1321422500275,77.65000009395278,76.61429158959291,77.3204574584961,5492400
2022-04-07,76.80057194259784,77.5189546963221,76.35630901873668,77.07469177246094,7112200
2022-04-08,77.23541387240398,77.34884505465753,75.86482134191783,76.50758361816406,6182500
2022-04-11,76.2145415154709,76.68716054133995,75.33546983889069,75.3921890258789,5738400
2022-04-12,75.57178367177887,76.55483216717238,74.69271194494777,74.9857406616211,6174700
2022-04-13,74.91957915276012,75.58124298517312,74.32407449199351,75.38274383544922,4728600
2022-04-14,75.45834664472721,75.95932160015941,74.97627327503503,75.09915161132812,5590400
2022-04-18,74.81557969618406,75.60012886791019,73.64348674341747,73.93650817871094,4955900
2022-04-19,73.96486565897794,75.41107849180982,73.955411260734,75.203125,5412400
2022-04-20,75.42053138909789,77.37717351427088,75.42053138909789,75.89315032958984,9472600
2022-04-21,77.02744866686635,77.13142543198228,74.98573817610502,75.12752532958984,5616100
2022-04-22,74.92901668745121,75.33546933544616,71.98933300085719,72.03659057617188,9357100
2022-04-25,72.02713545923285,72.84004074712793,70.60927840521965,72.7644271850586,7305900
2022-04-26,72.16892982811193,72.45250415192632,70.40133913933202,70.42969512939453,7555200
2022-04-27,70.49584961355916,71.85698738802371,70.34460807662232,70.6659927368164,7279200
2022-04-28,71.38436311319163,72.4335777602698,70.51474597502013,71.97041320800781,6177900
2022-04-29,71.21423491335291,71.71521716353587,69.14416838053586,69.38047790527344,7946900
2022-05-02,69.88143495692732,70.51474258943297,68.55810051669391,69.94760131835938,7379900
2022-05-03,69.80583557012304,70.14612187927105,68.82278703387264,69.27650451660156,5211500
2022-05-04,69.36157441521513,71.22369476656878,68.80388735570249,71.09136199951172,6759900
2022-05-05,69.94760660244421,70.62817906378234,68.04767634980743,68.81332397460938,7197200
2022-05-06,68.1800079643655,68.94565557660913,67.70738900858747,68.52029418945312,6222500
2022-05-09,67.71685971290623,68.61483306047582,67.27259663364319,67.6223373413086,7019700
2022-05-10,68.52975711112597,69.58842629991302,67.36711116220835,68.55811309814453,8129000
2022-05-11,68.35015459487835,69.43717969143539,66.98901683606333,67.14025115966797,6932100
2022-05-12,66.99846174366277,67.04572652470226,65.19306105112504,66.85668182373047,11698900
2022-05-13,67.0740991179498,68.03824608179535,66.6676464197786,67.27259826660156,6700100
2022-05-16,66.81888412585921,67.02683766336114,65.5900717014903,65.89254760742188,6942100
2022-05-17,67.15916066334565,67.96261149564909,66.82832160452062,67.9437026977539,5952500
2022-05-18,66.92285614848794,67.0551888972234,64.09658921519521,64.55976104736328,7977300
2022-05-19,63.78466236142872,64.1816605841006,63.0662794740271,63.36875534057617,9451600
2022-05-20,64.16275271480445,64.92840039714852,63.189158730617194,64.8716812133789,7531100
2022-05-23,65.51442578780798,66.61090503339739,64.90947420803165,66.20445251464844,7370200
2022-05-24,65.85473819781951,66.66764355928272,64.56921377557978,65.24978637695312,6644100
2022-05-25,65.1080008799366,66.37462374520959,65.00402410698155,66.0059814453125,7103300
2022-05-26,66.28952831213556,68.17055683982419,66.08158204134301,67.73574829101562,6758900
2022-05-27,68.39742011815744,68.86058470442819,67.6317796698088,68.79441833496094,6566700
2022-05-31,68.27453499325668,68.9834634006375,67.6034097547346,67.98150634765625,16890300
2022-06-01,69.02128300432132,69.25759252971649,67.25369236978582,67.67904663085938,5804700
2022-06-02,67.56562076497912,69.18197700761958,67.12135771593402,69.13471221923828,6200400
2022-06-03,68.58648043730723,68.96457715385456,67.3293191313103,67.85865020751953,8169500
2022-06-06,68.65263722343074,70.74161245608884,68.65263722343074,68.9740219116211,5274700
2022-06-07,67.66958304604714,69.12525039030022,67.66958304604714,68.7093505859375,5675700
2022-06-08,68.06660453258606,68.19893730313612,67.0551999510419,67.47109985351562,5253500
2022-06-09,66.89448924952805,67.26313869957951,65.41046589656848,65.42937469482422,6824900
2022-06-10,64.25729113127154,64.48414626280412,63.293144201967536,63.463287353515625,10256100
2022-06-13,62.17776123595941,62.48023714033146,60.26837983598759,60.542503356933594,16547200
2022-06-14,68.05713242652284,68.46358503364497,65.24032016132406,66.84722900390625,29661300
2022-06-15,66.59201567372867,67.50889770766338,64.90949315073638,65.88308715820312,11765500
2022-06-16,64.74880465229847,65.18361327800294,63.87918740088953,64.94730377197266,10686000
2022-06-17,64.985114400358,65.57116457366955,63.69959010583795,64.01152038574219,16445600
2022-06-21,64.85278848257875,65.72240582879938,63.699596813567005,63.973716735839844,10047700
2022-06-22,63.26477723101793,63.86972895116554,62.7448934660817,62.886680603027344,8219900
2022-06-23,62.81106010169709,64.15330349734019,62.678727363077726,63.92644119262695,8775800
2022-06-24,64.58812130509048,66.9039517726707,64.24783501110232,66.82833099365234,20132600
2022-06-27,65.57117355809977,66.97012199219785,65.16472086205881,66.5542221069336,8840600
2022-06-28,66.70544637263606,67.17806537972902,64.77715995830555,64.82442474365234,7252100
2022-06-29,65.24977874455864,66.25172872849458,65.01346924181196,65.419921875,8077900
2022-06-30,64.47467902381172,66.40296528685681,64.47467902381172,66.04377746582031,9888600
2022-07-01,66.02486695951224,67.09299041951398,65.9870565774987,66.989013671875,7805600
2022-07-05,66.525849911591,68.05713811536039,66.33680519035254,68.04768371582031,9040400
2022-07-06,68.35960152657833,68.75659969571754,67.40490927180707,67.73574829101562,6043700
2022-07-07,67.8964614868164,68.03824865882227,67.28205521585444,67.8964614868164,7814500
2022-07-08,67.76411437923328,68.28399095113801,67.42382812305138,67.93425750732422,4927300
2022-07-11,67.4120444442881,68.33302705557053,67.31709935158652,67.95323944091797,4543300
2022-07-12,67.98173442531136,68.30455649095548,66.52905323953166,66.85187530517578,7140800
2022-07-13,65.56059387112482,66.96579871595964,65.20928903799278,66.4910659790039,6454800
2022-07-14,65.66503766047057,66.06381143318268,64.78203445298124,65.94037628173828,4915500
2022-07-15,66.70944466076119,67.28861916577155,66.4625816150568,67.1651840209961,5134100
2022-07-18,67.64941703753247,68.08617029932017,66.60500643379258,66.66197204589844,4642300
2022-07-19,67.07024262857249,68.64635884238872,66.70944834480768,68.58938598632812,7160300
2022-07-20,68.88372727721303,69.40592897375548,68.513436299063,68.92169952392578,5655700
2022-07-21,68.50392599125368,70.85859598688805,68.4849326278276,70.77314758300781,7005100
2022-07-22,71.03899312523339,71.4852429731693,70.50729487774142,71.11495208740234,6659800
2022-07-25,71.30483495137172,71.61816020536774,70.5832393723082,71.07696533203125,5721600
2022-07-26,71.02000990549227,71.49474257265774,69.98508892427184,70.2889175415039,7284400
2022-07-27,70.62123342447588,72.27330842622592,70.56426781884521,72.03594207763672,6677200
2022-07-28,71.81757446341993,73.37469740414484,71.5042490897278,73.1468276977539,5688100
2022-07-29,73.11833650902535,74.21022322792659,73.10883982622543,73.90638732910156,5926600
2022-08-01,73.27975587131,73.87791659620662,72.82400919244994,73.52661895751953,5227500
2022-08-02,73.09934894756086,73.35570869658798,72.21634571706754,72.49169158935547,6403400
2022-08-03,72.84299005532301,73.83043498678688,72.44421630718756,73.46014404296875,6127800
2022-08-04,73.53608586287545,73.91587343823159,73.21327113232232,73.48861694335938,3656200
2022-08-05,72.41574505412386,73.48864592085155,72.15939250488661,73.44116973876953,4858100
2022-08-08,73.03289322505857,73.517122716043,72.41573912774082,72.60563659667969,4733500
2022-08-09,72.35875883580673,73.023388976545,72.00745402239451,72.89045715332031,4243700
2022-08-10,73.66901280532547,74.03931095503698,73.2987218994597,73.62154388427734,5258500
2022-08-11,74.0108364831473,74.0583126580311,73.18480609340843,73.2607650756836,5554600
2022-08-12,74.05830553801496,75.40654474646591,73.73549076015202,75.15019226074219,6692300
2022-08-15,74.85584580060628,75.40653745010135,74.533031053979,75.1122055053711,3733500
2022-08-16,74.91283137188542,75.63442719916853,74.8653551980962,75.50149536132812,6185100
2022-08-17,75.00775849255102,75.73884358423709,74.96028233014417,75.24512481689453,5185100
2022-08-18,75.2736278694649,75.84330575239434,75.01727535749322,75.31160736083984,4120500
2022-08-19,75.03625700916949,75.13120211002455,74.47607584343186,74.6849594116211,4679000
2022-08-22,73.99183802192975,73.99183802192975,72.32077690974899,72.59612274169922,5757700
2022-08-23,72.39674993899281,73.11834580272759,72.39674993899281,72.54866790771484,4432300
2022-08-24,72.60563572993955,72.69108415705618,72.20686191569997,72.32079315185547,3876400
2022-08-25,72.48220080974214,73.02340315869407,72.14039985627689,73.00440979003906,3523400
2022-08-26,73.0898579957785,73.35570717901261,70.80164264436914,70.87760162353516,4904100
2022-08-29,70.36489794518154,71.07699716288839,70.32691845097543,70.44085693359375,4295500
2022-08-30,70.65921310477592,70.89657945402108,69.74772719293604,70.39336395263672,5099100
2022-08-31,70.69720983444417,71.35234343619234,70.29843600896609,70.40287780761719,8612900
2022-09-01,70.37437395076655,71.5612056315373,69.814185630643,71.49474334716797,8139800
2022-09-02,71.91252097917933,72.89046936726804,70.71619956431125,70.90608978271484,11027700
2022-09-06,70.92507520997441,71.3903185550316,69.8331955991134,70.09904479980469,7090100
2022-09-07,69.95661281390362,70.89658155651303,69.70974977509083,70.72567749023438,5792600
2022-09-08,70.28893040076895,71.0200228985097,69.89015662591777,70.87760162353516,6897100
2022-09-09,70.8776002871637,72.1688739332517,70.67821340349748,72.07392883300781,7762400
2022-09-12,72.75754297705436,73.46964214433387,72.41573479725241,73.18480682373047,15628900
2022-09-13,72.21634330035981,75.39705850671274,71.95049412052244,72.19735717773438,29476500
2022-09-14,71.95998495670635,72.03594392872985,68.14312991675716,68.47544860839844,21601400
2022-09-15,67.88677332974746,68.44695441584203,66.22520894755084,66.69044494628906,12478100
2022-09-16,66.06381424540952,66.27269782396395,64.80102333421934,65.35171508789062,23412000
2022-09-19,64.7535295497015,65.63653255464493,64.47819099159177,65.5795669555664,8364000
2022-09-20,64.82001681648403,65.00041760823326,64.04145527229775,64.66810607910156,8624300
2022-09-21,65.23777104750292,65.399178437576,63.36732292769535,63.3768196105957,6768200
2022-09-22,63.471760495398804,63.55721614813709,62.512798413814345,62.693199157714844,7190700
2022-09-23,62.04757008138095,62.13302574470341,60.64236155098311,61.288002014160156,9282500
2022-09-26,61.07911429145022,61.6392954313202,60.186614448162814,60.24358367919922,6897800
2022-09-27,60.9177077552521,61.145577438738904,58.90483836021987,59.26563262939453,9284800
2022-09-28,59.455529406605535,60.14863879642606,59.104228180953704,59.882789611816406,8549900
2022-09-29,59.14219997818803,59.43653193088722,57.70850521183955,58.297176361083984,8882100
2022-09-30,58.16425333732001,58.99978396848843,57.97436314007917,57.983856201171875,9794400
2022-10-03,57.90789770108276,60.04419490130792,57.736993635310895,59.89228057861328,9661400
2022-10-04,60.57588786950263,62.50330496948838,60.57588786950263,62.37038040161133,9892600
2022-10-05,62.03807277179171,63.79458975542683,61.69627185349268,63.27238082885742,9201600
2022-10-06,62.97805522419853,63.43379465736377,61.92414782471334,62.00010681152344,6992000
2022-10-07,61.231022779369844,61.354457919773125,59.56946191977054,60.09166717529297,7137900
2022-10-10,60.395495434818066,60.67084127355045,58.88584528491137,59.408050537109375,6407200
2022-10-11,59.02631762618734,60.219250509825265,58.83545127723907,59.560752868652344,7376900
2022-10-12,59.7611569679714,61.34537148633817,59.33170045745654,60.86819839477539,9008600
2022-10-13,59.62755770977236,62.71009589028307,59.42714585605703,62.2233772277832,10147100
2022-10-14,62.719636057324344,63.569003628431545,61.27857119623115,61.37400436401367,8044500
2022-10-17,62.8723197486354,64.48516702097731,62.8627815298176,63.96027374267578,11368300
2022-10-18,64.89555047966276,65.44907309886138,63.30179385504901,63.96983337402344,6688600
2022-10-19,63.45448368834539,64.12253046952328,62.77689868651221,63.273162841796875,5506000
2022-10-20,64.44700880645226,66.72789603429729,64.12253453756013,66.08848571777344,17600500
2022-10-21,67.78722468001594,69.46687640881107,67.1000940963686,69.3809814453125,15652600
2022-10-24,69.6004802557121,70.32578552728295,68.50298048660414,69.59093475341797,11489400
2022-10-25,70.09672542395586,70.7265974103943,69.29507811148913,69.8008804321289,9137700
2022-10-26,69.29508560863238,72.26310319196354,69.23782716042805,71.40419006347656,10693600
2022-10-27,71.33737628629913,72.4157848384003,71.14650996452168,71.7191162109375,7053000
2022-10-28,71.86228072456493,74.13362234232365,71.86228072456493,73.82823181152344,8758100
2022-10-31,73.00749023409156,74.75394566950456,72.91205706255143,74.50581359863281,12349000
2022-11-01,75.01159603470117,75.61283868975008,72.85477198162822,73.5896224975586,7753000
2022-11-02,73.15063149061896,73.8950202985985,71.58550443766634,71.69048309326172,7524300
2022-11-03,71.30874638935666,72.23446333146666,70.66933620827896,71.6045913696289,6761200
2022-11-04,72.47306838885906,73.16973718770896,70.85067513029284,72.53032684326172,7219000
2022-11-07,72.63529099508942,73.57054620824026,72.04359372068926,73.23652648925781,5394300
2022-11-08,73.43693585955681,73.61826396424921,71.59504743537077,72.1867446899414,9104200
2022-11-09,71.93861799725249,73.04566314668855,71.57596904196349,72.20584106445312,6013700
2022-11-10,74.15269869607657,74.8875493660003,73.20789797297279,73.64689636230469,10437300
2022-11-11,73.60871285332088,74.33401793572473,73.07428136159331,74.19086456298828,7712900
2022-11-14,73.94276483274815,75.90871615478693,73.79961141158061,74.94482421875,7153000
2022-11-15,75.32655319725932,76.9966592099988,74.4485563551651,75.56513977050781,7618500
2022-11-16,75.50787814660048,76.56720306974955,75.2597460821562,76.24272155761719,6011900
2022-11-17,75.55559166340142,75.9468771249563,74.62033640592607,75.58422088623047,5717300
2022-11-18,76.3476971296043,76.78669551436947,75.25019752714948,76.09002685546875,6107000
2022-11-21,75.9373472238555,76.44314968063627,75.29793684570193,76.17593383789062,5235400
2022-11-22,76.24272288922583,78.45680594326188,76.18546444300176,78.37091827392578,8796200
2022-11-23,78.37090230943437,79.1343748008748,78.04642085773308,78.79080963134766,6347900
2022-11-25,79.06758197829461,79.6783629697136,78.77173698338083,78.94351959228516,2754900
2022-11-28,78.36137826892138,78.39000749404151,77.36885720527657,77.67424774169922,5112200
2022-11-29,77.61698683055462,77.77922395514803,76.84396137139667,77.15889739990234,4928200
2022-11-30,76.79625544553907,79.38253329804637,76.34771147564604,79.2393798828125,9610300
2022-12-01,79.25845305868086,80.67088132584297,78.59040636489681,80.27005767822266,6127200
2022-12-02,79.40160825828154,79.80243923291167,78.8099182195476,79.54476165771484,4798900
2022-12-05,78.64767343192649,78.65721165149714,75.78463484666962,75.80371856689453,9102900
2022-12-06,75.72738733407483,76.17593131860032,74.49627957263853,75.30747985839844,7656100
2022-12-07,75.07842433592727,75.8132750903934,74.9925366608021,75.18340301513672,5105500
2022-12-08,75.51740964768061,76.54810525651281,74.94480340313498,76.41449737548828,5918700
2022-12-09,76.01369943881268,76.69128457346459,75.9087207423511,76.214111328125,6850800
2022-12-12,76.64355018296602,77.69333695372092,76.29044670651625,77.56926727294922,15807600
2022-12-13,81.06218286703538,81.67296396036369,76.06140265391788,76.88214111328125,22812200
2022-12-14,77.12071823289392,79.1057601829368,76.89167717129945,78.08460998535156,11183100
2022-12-15,77.10162778137641,77.33066882297798,75.83234563055991,76.41449737548828,8196800
2022-12-16,76.30952548065997,76.78669860693806,75.85144335684011,75.9468765258789,19200700
2022-12-19,76.27134471841485,77.3974734985187,76.04230367463813,76.82486724853516,7738800
2022-12-20,76.82489720018008,77.76969824505575,76.68174376160222,77.24481201171875,6390200
2022-12-21,77.63605956976556,78.38999391873253,77.24478142574269,77.77921295166016,5932400
2022-12-22,77.24478303058282,77.46427857710911,75.80371824344896,76.81532287597656,8181400
2022-12-23,76.83442315071554,77.20661762764604,76.33815899408519,77.15889739990234,4129100
2022-12-27,77.18751853888477,77.75058658672542,76.92984826687888,77.282958984375,4290700
2022-12-28,77.38794141046172,77.91283481121675,76.52903552716768,76.66264343261719,3794000
2022-12-29,77.27341531521307,78.06552443262132,77.01573775601574,77.68378448486328,3867800
2022-12-30,77.42609567797037,78.18957546257568,77.07299228448376,78.00824737548828,5375700
2023-01-03,78.70494757239639,80.01239746055782,78.50453570518373,79.89788055419922,8997500
2023-01-04,80.3559535014006,81.28167055380187,79.82152191695627,80.62317657470703,7836200
2023-01-05,81.11943111193158,81.50117106749866,79.42069595479634,80.46092987060547,7643800
2023-01-06,80.87131671001124,82.39826958466436,79.99331971722141,81.74932098388672,8641600
2023-01-09,83.18620124684722,83.90464497745702,82.53481928047972,82.78387451171875,7519700
2023-01-10,82.03668059519158,82.96586883534688,81.96962615045801,82.8604965209961,5703300
2023-01-11,83.69388047493796,84.92960416776947,83.42565543013387,84.87212371826172,8359700
2023-01-12,84.96790468723812,85.44686696238239,84.46020584492669,85.04454040527344,6071100
2023-01-13,84.24948574896138,85.705535581077,83.97169398005752,85.44689178466797,5090800
2023-01-17,85.43730307004599,85.6767842359036,84.70927827949099,84.87212371826172,6550400
2023-01-18,84.87214589835055,84.90088247642171,82.95629607081041,83.0616683959961,6397700
2023-01-19,82.76468771726184,83.32985972880654,81.67265424717144,82.32404327392578,5597000
2023-01-20,82.41025683885563,83.70345366046428,81.90255794142584,83.57892608642578,5567300
2023-01-23,83.52146516465861,85.37983429614182,83.31072054054317,85.22657012939453,7390200
2023-01-24,85.3032046537386,86.30902128854865,84.29738071054247,85.92584991455078,7004600
2023-01-25,84.96793359266063,86.07912995704004,84.0483265885467,85.8683853149414,5896800
2023-01-26,86.10785766945394,86.68261107430776,85.34151492405813,86.05038452148438,7302800
2023-01-27,85.73428658900899,85.9450312561117,85.21700621749895,85.24574279785156,5676800
2023-01-30,84.74761450952406,84.89130470185619,83.32988248470684,83.67473602294922,6255300
2023-01-31,84.00043814046761,84.75719970037302,83.67473986898524,84.738037109375,6200400
2023-02-01,84.65181732798594,86.83588470576517,84.49854585174153,86.2611312866211,6141300
2023-02-02,86.84547372432135,87.38190932211587,85.20741573690884,85.61932373046875,8269200
2023-02-03,84.74760533181397,86.46229154227599,84.55601599332365,85.8492202758789,5671800
2023-02-06,85.743853779797,85.83964480134331,84.68055663134407,84.80508422851562,4097200
2023-02-07,84.17285185256243,84.3165347208102,82.66891026168605,84.0483169555664,9226000
2023-02-08,83.27240326287959,84.22074676974482,82.87007660037753,83.0425033569336,7624400
2023-02-09,83.47357733363401,84.20160232257953,82.69766048349732,83.00419616699219,4960300
2023-02-10,82.88922945165453,83.70346404715804,82.70722140607178,83.47356414794922,5318400
2023-02-13,83.60767250347888,85.68636749408151,83.53103676809793,85.65763092041016,5560900
2023-02-14,85.25531248747559,85.64806518785925,84.0195885418305,85.34152221679688,7484800
2023-02-15,85.11162111041503,85.45647463966618,84.32612302898441,84.62307739257812,4329900
2023-02-16,83.78010467338677,84.55602144624916,83.3490414236602,84.02916717529297,5942500
2023-02-17,83.5310302861909,83.75135618121759,82.87006721788167,83.607666015625,6398400
2023-02-21,83.10954765127659,83.28197438677576,82.5252130092175,82.57310485839844,5260300
2023-02-22,83.03292573294581,83.5118881547306,82.36238126580174,82.68807220458984,5840100
2023-02-23,83.48314879442961,85.71511535951879,83.39693176102286,84.85298156738281,8637100
2023-02-24,83.6364219829919,85.1499451025786,83.47357650146839,84.92962646484375,7659200
2023-02-27,85.12120520154758,85.22657752274628,83.68431788525999,84.25907135009766,6748800
2023-02-28,84.00999877623725,84.30696042241489,83.51188111525903,83.72262573242188,7468000
2023-03-01,83.24366483128595,83.54061917435821,82.3719497735904,82.70722198486328,5119800
2023-03-02,82.43899971161215,83.6076690485272,82.2569989830858,83.31071472167969,5293600
2023-03-03,83.64598648714198,85.53309936005184,83.41608660006034,85.49478149414062,5498500
2023-03-06,85.64806272314664,86.8550427492311,85.39900022051913,85.96417236328125,7424800
2023-03-07,85.81089647752123,86.28985882806548,84.34527285419747,84.64222717285156,5382400
2023-03-08,84.68055967920105,85.34152286753078,84.44107846252254,84.76676940917969,5159200
2023-03-09,84.61349696511202,85.86837607923661,82.8892294501129,83.21492767333984,10572300
2023-03-10,80.85842830440136,81.66308155302784,79.39279735859935,80.53273010253906,16029300
2023-03-13,79.81430760803592,81.9313208988141,78.58816482499583,81.3565673828125,10299800
2023-03-14,82.31448061470445,82.31448061470445,79.91966854900072,81.00212097167969,8732200
2023-03-15,79.58439270116362,79.86219176515448,78.66478578677292,79.48860168457031,11463000
2023-03-16,79.43112394507484,81.52898162964611,78.62647060810231,81.25118255615234,10148100
2023-03-17,81.42361357502448,82.36238315899139,81.05002346211589,81.67267608642578,13065800
2023-03-20,81.69181090926399,83.82798604023583,81.66307433983496,83.3011245727539,9177300
2023-03-21,83.80884064386791,84.1536941645141,83.0137685958541,83.89505767822266,6683700
2023-03-22,83.85672278228209,85.40856331010838,83.76093178119316,84.20157623291016,7233700
2023-03-23,84.92003662746755,85.86838015149874,83.95253051436868,84.08663940429688,10747100
2023-03-24,84.27822448581018,84.75718687084156,83.82799867453893,84.30696105957031,5852100
2023-03-27,84.89129342064514,86.69218930784446,84.82423898091926,86.34733581542969,8170100
2023-03-28,86.42397673863603,87.05620330710397,85.7151144320549,86.06954193115234,6378900
2023-03-29,86.33775577177555,86.84546203234952,86.03122014167789,86.80714416503906,5233600
2023-03-30,87.02746551702107,87.34358245103343,85.93543184351127,86.70177459716797,5640700
2023-03-31,86.7496801645326,89.08701935511417,86.6059972703471,89.01038360595703,10476300
2023-04-03,88.49308722021273,90.04492797159317,88.21528816116638,89.96829223632812,8410900
2023-04-04,89.90124694264291,90.06409241536142,89.01995782258034,90.04493713378906,6651500
2023-04-05,89.68093007080543,91.10823609842934,89.5468211720159,90.89749145507812,7478800
2023-04-06,90.3610506772675,92.03741912437548,90.03535243575413,91.88414764404297,9146200
2023-04-10,91.07611105029771,91.48974387053029,89.9891258896819,90.19113159179688,8681500
2023-04-11,89.90255320058031,90.54704867049205,89.65244774248377,90.39314270019531,8196000
2023-04-12,90.78753857314621,91.6917609761081,90.03722948940805,90.32581329345703,8040300
2023-04-13,90.5951618874044,92.10540159917853,90.3642992281309,91.91301727294922,6240200
2023-04-14,91.86490407536894,92.33625074293255,91.07611671089921,92.06690979003906,6485100
2023-04-17,91.99957679596719,92.3362529952966,91.6821360913177,91.95147705078125,4772400
2023-04-18,92.34587769116666,93.05770844345193,92.12462913004221,92.79798889160156,7219400
2023-04-19,91.9514740667239,92.79798258498451,91.9514740667239,92.16310119628906,4766200
2023-04-20,92.3458768203986,92.49016872072866,90.99916464896961,91.22041320800781,5815500
2023-04-21,91.3935582820307,91.68213473189529,90.67210614888329,91.52822875976562,7335800
2023-04-24,91.71099045370825,92.42282849992274,91.35507876959153,91.80718994140625,4901700
2023-04-25,91.51861397774078,92.05729592773241,90.44124273876638,90.47972106933594,5768800
2023-04-26,90.18150658276477,91.20115646871716,89.78710927126103,90.14302825927734,6395500
2023-04-27,90.72020760757749,91.47051672668765,89.73903583773914,91.42242431640625,5615700
2023-04-28,90.68171024084965,91.7687026987144,90.65285333293994,91.11458587646484,8498500
2023-05-01,91.19153775790615,92.08613855130484,91.09533828458137,91.25887298583984,5459800
2023-05-02,91.3165849879645,91.6147828001881,90.27769234416783,91.19153594970703,5995100
2023-05-03,91.45127224808972,91.78794844295676,90.94144724743526,91.17230987548828,6744800
2023-05-04,91.36468580714352,91.4993562619376,90.81638257291353,91.35506439208984,5038200
2023-05-05,91.38393060862379,93.60600067810401,91.22040323099756,93.27894592285156,8068600
2023-05-08,93.38478212284426,93.57716645622462,92.76914344923688,93.10581970214844,5314800
2023-05-09,92.53825886707078,93.2019971889765,92.44206671553142,92.48054504394531,6333500
2023-05-10,93.10581218021008,93.96193487087342,92.59598713284778,93.80802154541016,5935300
2023-05-11,93.82727126754193,93.91384201522587,92.67294325881326,93.7310791015625,5144500
2023-05-12,93.89458751485128,94.19278537073454,93.24047064398547,94.12545013427734,4994700
2023-05-15,94.14469638962792,94.23126712293862,93.35590901717114,93.55791473388672,4443700
2023-05-16,93.47136080424293,95.08741429436752,93.23087669761127,94.51025390625,6896500
2023-05-17,95.02007426171767,96.57841383639554,94.68339799715544,95.9723892211914,9436000
2023-05-18,95.97237376045804,98.55998454936876,95.93390276984171,98.44454956054688,10005700
2023-05-19,98.49263827543328,99.14675512750969,98.04052712692588,98.92550659179688,8560300
2023-05-22,98.57922136949816,99.17561709454864,97.85776924610572,97.896240234375,5890500
2023-05-23,97.22289738978796,97.56919503009817,94.72186458454075,94.78919982910156,10047300
2023-05-24,94.2216338124166,95.11623463865257,93.586759831308,94.57755279541016,6815900
2023-05-25,95.42407591323324,100.67625445334616,95.01044301982482,100.3203353881836,16729600
2023-05-26,100.37802853357867,102.18647306189384,100.07020928137457,100.1183090209961,13994100
2023-05-30,100.90710659258171,101.94599942672083,100.22413278652468,101.14759063720703,10296700
2023-05-31,100.49349175754674,102.4365999573008,100.18567241880376,101.90753936767578,13713500
2023-06-01,100.8878624512045,102.55201524759246,100.79167030239958,101.95561218261719,7835900
2023-06-02,102.46543792334745,102.70592196660812,101.72475029926046,101.85942077636719,8652400
2023-06-05,101.85941828747337,103.50432822250474,101.51312068652042,102.85983276367188,7442000
2023-06-06,102.74440644788008,103.39852337828573,102.10953235192251,103.02336883544922,7023000
2023-06-07,103.06184082034856,104.24502554036856,100.84938469045352,101.24378204345703,9842500
2023-06-08,101.64779883361851,103.687106266621,101.33997953608898,103.38890838623047,9526700
2023-06-09,103.60052169727783,105.95726969724167,103.32156666864857,105.66868591308594,12597100
2023-06-12,109.98778703595605,113.03713051870554,109.98778703595605,111.99823760986328,39081500
2023-06-13,118.62596384370907,119.27045929263335,111.60382712444395,112.23870849609375,39190900
2023-06-14,112.06556034931108,117.84679860765637,111.33448682773735,117.61592864990234,26264200
2023-06-15,117.30810501560143,122.68533165637149,117.02915000359002,121.73301696777344,27476700
2023-06-16,122.3005700448927,122.55067551623553,120.38631902793895,120.68451690673828,19514700
2023-06-20,119.71294604854859,120.48249787275303,117.31772718767216,117.39468383789062,16273000
2023-06-21,117.30812356001637,118.66445720457564,115.77864843469587,117.4524154663086,17583000
2023-06-22,116.9810656658916,117.9237590626531,115.49968298913251,115.99027252197266,12203400
2023-06-23,115.03793610217627,115.33614128738573,113.64313167548373,114.12409973144531,19734300
2023-06-26,113.49884173704996,114.88403211044786,112.2579432507127,112.33489990234375,8987000
2023-06-27,112.13288998520336,113.95094861252066,111.83469214506887,113.35454559326172,6970400
2023-06-28,112.3349130764204,114.10487957655613,111.95975852946059,112.09442901611328,9240500
2023-06-29,111.2479155266645,113.31607968556989,110.2667365587232,113.29683685302734,9234300
2023-06-30,115.27842845439771,117.09649458908572,114.49926249595332,114.55697631835938,13703100
2023-07-03,113.5180921286617,113.74895475993783,112.38300712798387,112.69082641601562,4284700
2023-07-05,112.0848016077592,112.55615562484047,111.01705918893913,111.5461196899414,8466500
2023-07-06,110.30521770285722,111.4018243381083,110.27636079229647,111.05552673339844,7982800
2023-07-07,110.46873875286401,111.56535266421032,110.13206258398097,110.24749755859375,7001600
2023-07-10,109.93006060064639,110.65151270364922,109.33366489245117,110.02625274658203,6931000
2023-07-11,110.23861478151322,111.01086723863662,109.49532786744679,110.89502716064453,6117100
2023-07-12,111.65764091914153,113.99369426789676,111.62868273655515,111.99549865722656,11011600
2023-07-13,113.02838733235748,114.46670762679743,112.70983994479892,113.37590026855469,9359600
2023-07-14,114.0805725484507,115.8084819136419,113.5979165480536,115.13275909423828,7723800
2023-07-17,114.72732444318463,115.80847648469982,114.14813874280874,114.76593780517578,6735900
2023-07-18,114.65976531553979,117.08270064841884,113.72341143892235,116.58073425292969,8903600
2023-07-19,116.62898774778562,117.15025707670392,114.31223762973053,114.5728759765625,7609000
2023-07-20,113.41448899607988,114.92038051402912,111.23288948303924,111.86033630371094,12913000
2023-07-21,112.44919660438387,115.1327628763885,112.17891041364187,113.56896209716797,9159600
2023-07-24,113.84890021323173,114.42808594321542,112.68087357108656,113.9743881225586,6200400
2023-07-25,113.88750894135043,114.39912310475628,112.7580883443978,113.8585433959961,6266300
2023-07-26,113.34691969448302,113.53998649020295,111.01086670186096,111.49352264404297,8160000
2023-07-27,113.47243023577043,113.5206914176415,111.62868075323453,112.36231994628906,7843000
2023-07-28,112.6326051162173,113.23110121104159,111.63833492873613,111.96653747558594,6910400
2023-07-31,112.39128347762289,113.17318388976302,111.81209771438033,113.16353607177734,6703100
2023-08-01,112.86427450052183,113.9454265652774,112.43954223898058,113.81993865966797,5246000
2023-08-02,112.86427755467847,112.92220128285065,110.3544678213519,111.69625091552734,6387800
2023-08-03,111.24255258011945,112.14029303279061,110.2965509463991,110.57649230957031,5193800
2023-08-04,111.33908129493389,112.36231701147351,110.29654994384528,110.47030639648438,5579300
2023-08-07,111.46457188296905,112.34300192652546,111.07844563058073,112.07271575927734,7347000
2023-08-08,111.04949089421548,111.5997184273895,110.25793536640819,111.23290252685547,4694800
2023-08-09,111.33907741900515,111.69624549387015,108.4334937353919,109.1767807006836,6542400
2023-08-10,109.83320747467998,111.09776394495594,108.57830618734984,109.07061004638672,6004100
2023-08-11,108.491411086372,109.5436049572032,107.27511594913689,109.13816833496094,5288900
2023-08-14,109.25401627862364,111.79278427617525,109.22505809596944,111.56111145019531,6494200
2023-08-15,111.4452653009183,113.96473016142055,110.85642440311533,113.22144317626953,10412200
2023-08-16,113.09595569333557,113.72340259176468,111.27150926618931,111.33908081054688,5722000
2023-08-17,111.72519597439135,112.72912122275368,110.393068218836,110.89502716064453,6183900
2023-08-18,110.52822404320573,112.9318488620164,109.99729949709975,112.42023468017578,9412800
2023-08-21,112.84498234024117,113.27936982539711,111.19429958600334,112.54573059082031,5811200
2023-08-22,113.43380552083556,113.5979067793198,111.7155514855407,112.49745178222656,4960300
2023-08-23,113.03802111534254,116.27181448159739,108.22111683489585,113.75234985351562,16517300
2023-08-24,115.52855263273469,115.57682118372122,108.51073689345799,108.99339294433594,11995900
2023-08-25,108.99337662023532,112.12098529936866,108.829267990308,112.03410339355469,8758100
2023-08-28,112.33337309251046,113.6268877871407,111.68660838044839,112.78706359863281,4514800
2023-08-29,116.7544786957172,117.00546186761716,114.41842551846321,116.46488952636719,11920500
2023-08-30,116.53246807990878,117.51708309852894,115.98224052382034,116.91859436035156,5601800
2023-08-31,116.80275388253736,117.7487628982727,115.95328196015483,116.21391296386719,9109800
2023-09-01,116.81240281107507,117.46881524110233,115.92431020709996,116.73517608642578,6189900
2023-09-05,118.19280852831918,119.96897914675074,116.97651329585193,119.67938995361328,11089600
2023-09-06,118.79128451894346,120.2585627863101,118.47273717718564,120.0172348022461,8728500
2023-09-07,119.53458953442764,121.59070149140028,118.33759732370291,120.7508773803711,11864400
2023-09-08,120.47093855838652,122.2953776191075,120.03654374670545,121.9382095336914,10595500
2023-09-11,122.6139340166373,123.00006031168431,120.39372070842342,122.31468963623047,22155600
2023-09-12,108.19216782370098,109.36984961045182,103.57797776590353,105.80784606933594,68605700
2023-09-13,104.56259246627148,109.0223364262504,104.44675237837413,107.96048736572266,27171000
2023-09-14,109.56290800075502,111.1460190337889,108.06667150947193,109.71736145019531,19849700
2023-09-15,110.22896534581747,111.20392503679928,108.59758592060285,109.95867919921875,23215000
2023-09-18,109.48569180603023,110.4992724124142,107.70952115511521,108.31766510009766,11744100
2023-09-19,108.57830420262303,109.79459210068374,107.83500978906157,108.85823822021484,9536100
2023-09-20,108.89684159327028,110.72128063768231,108.5589838748136,108.95476531982422,8777100
2023-09-21,107.641944999724,108.59760183373191,105.53756450960051,105.63409423828125,12645800
2023-09-22,106.17466155945094,106.76350245055956,104.74600396755318,105.24796295166016,11150000
2023-09-25,104.68808772807918,104.88115455480894,103.77104423653856,104.54329681396484,8410000
2023-09-26,103.42352766544131,103.67451084896469,100.69169292272419,101.2419204711914,13209000
2023-09-27,101.357744502508,101.62803064282215,99.76497847309102,100.99092864990234,8916400
2023-09-28,100.4214010044309,102.90225242194116,99.68776186012465,102.46786499023438,7373600
2023-09-29,103.39456557970848,103.64554875375532,101.72457263299665,102.24584197998047,7299100
2023-10-02,102.139655875574,103.02774847376094,101.63769689811684,103.00843811035156,5963500
2023-10-03,102.7285112603531,102.80573799540062,99.94841508136379,100.89441680908203,8783300
2023-10-04,101.31914417376088,103.57797802852994,100.87510154832246,103.36560821533203,8842700
2023-10-05,103.2594323705497,104.67844227895047,102.50649014113213,104.59156036376953,7651500
2023-10-06,104.18612400359963,106.6959337197862,103.84826627801132,106.14570617675781,8247000
2023-10-09,106.9082942556233,107.12066405462579,105.67269618660382,106.49320983886719,6012400
2023-10-10,106.38702147986307,107.2075351054449,105.81749100537226,105.90436553955078,6910400
2023-10-11,106.09814347567392,106.63100341626885,105.43932904288548,106.22409057617188,5641700
2023-10-12,106.5244351560034,107.46421537432097,105.48777197936047,105.71060943603516,6598500
2023-10-13,105.78811933421562,106.09814923755904,104.43173573520218,104.87740325927734,5879400
2023-10-16,105.55560257449554,106.17566244704187,104.9355427019492,105.32308197021484,5488000
2023-10-17,104.22827231748443,106.36941734887738,103.56945789307925,105.64278411865234,5261800
2023-10-18,105.02273139340306,106.31129618205064,104.49955454556806,104.87740325927734,5123900
2023-10-19,105.24554242523435,106.78600854164986,104.81925600504385,104.9645767211914,7989200
2023-10-20,103.65666336125696,103.70510853937253,97.52388374501969,98.67680358886719,21831400
2023-10-23,98.86088173096792,101.4283208243258,98.8318175821485,100.43041229248047,10722600
2023-10-24,100.71137452610913,101.2054872501008,99.30655307345583,99.9847412109375,6174000
2023-10-25,99.5003112678663,100.44009146512192,97.86296935128387,98.26988220214844,7081700
2023-10-26,98.52179046210449,99.19997859272793,96.75849393078732,97.27198028564453,7565600
2023-10-27,97.8532726658332,98.9093093871834,97.4560429614532,97.84358215332031,5207900
2023-10-30,97.98891952548976,99.21935602145774,97.67888962106481,98.4830322265625,5433700
2023-10-31,98.83182697359747,100.2947768089616,97.95017495325122,100.17852020263672,6258400
2023-11-01,100.56605567893313,102.89127641811363,100.56605567893313,102.4552993774414,8602400
2023-11-02,103.13347740211098,103.87949168590652,102.28089704089754,103.54039764404297,5918300
2023-11-03,103.83104416334942,105.67184985257757,103.29818422153046,104.68363189697266,7280000
2023-11-06,104.69331989437893,105.80749239436052,104.09264111774405,105.71060943603516,6062800
2023-11-07,106.563189456132,106.94103816650615,105.19712274747829,105.59434509277344,7412600
2023-11-08,105.82687562717373,109.0531218176709,105.7881209646965,108.83029174804688,10994900
2023-11-09,108.89810635116093,109.77975086543525,108.1327184281296,108.6849594116211,6853900
2023-11-10,108.59776283826486,109.65380705451386,107.67736363536645,109.54723358154297,5233900
2023-11-13,109.54722094186609,110.92297802659542,109.26625521751514,110.59357452392578,5740500
2023-11-14,111.2814613227232,112.83161078614117,110.88423159588402,112.48282623291016,6733700
2023-11-15,112.5312665986676,112.68627784253876,110.38043107620186,110.50637817382812,7386200
2023-11-16,110.21574463193004,112.2600069743765,109.93477885970272,111.0973892211914,7476100
2023-11-17,111.03926629915189,112.03717492957743,110.60328924039986,111.76589965820312,4791300
2023-11-20,112.04685360916022,113.50012017376231,111.91121598779971,113.27728271484375,5728300
2023-11-21,113.55824666712753,114.00391418618922,112.07591597745163,112.46345520019531,5995300
2023-11-22,113.06412910877364,113.6357511008582,111.91120939512757,112.61846160888672,4343700
2023-11-24,112.86067914961066,112.95756210875047,111.74650664026298,112.62815856933594,2168200
2023-11-27,112.39563345692626,113.13194983005504,111.8530756025682,112.84130096435547,5165300
2023-11-28,112.385941041923,113.16101945406277,112.2599939414209,112.61846160888672,4892600
2023-11-29,113.68419270173253,113.916720668205,112.34719015714688,112.58940124511719,6127200
2023-11-30,113.21915155217917,113.57762662338573,111.59149274535083,112.58940124511719,11075600
2023-12-01,112.4537596223494,113.69387916592143,111.66899809061613,113.50980377197266,5739800
2023-12-04,112.64752982066433,113.04475955393622,110.98112374031427,112.17279815673828,5587500
2023-12-05,111.0005085102776,111.67869666963425,110.26418465747854,110.96175384521484,5913600
2023-12-06,111.3589675707267,111.4074053513025,108.44274412234824,108.53962707519531,7815700
2023-12-07,108.90779471431489,109.50847346840068,108.32648220279292,109.35346221923828,6772800
2023-12-08,108.52026213727238,110.09947583114246,108.11334187599446,110.0704116821289,7766000
2023-12-11,110.2254161639035,111.75619197920143,110.07040491479627,111.54304504394531,19544200
2023-12-12,99.50031232251469,101.68021212171804,97.55294049058068,97.66919708251953,57666500
2023-12-13,97.93079159748052,99.88785399059743,96.16749512347363,99.78128051757812,29392200
2023-12-14,98.69617080036593,99.0643289707383,96.75848221414122,97.18476867675781,22865200
2023-12-15,96.58410295741841,100.75012954402689,96.26438252361206,100.10100555419922,30212300
2023-12-18,100.18820907082409,102.85253133354264,99.7037868412389,101.72866821289062,13473100
2023-12-19,101.70927591003205,103.02689733232864,101.53488364371856,102.93970489501953,10108500
2023-12-20,102.64905918820038,102.78469681017553,100.808260778053,100.90514373779297,9242000
2023-12-21,101.43800373032082,102.62968557125359,101.26361144607934,102.5618667602539,8168000
2023-12-22,102.40682851257836,103.17221631406338,102.1743079753217,102.89125061035156,5680000
2023-12-26,103.20129718614824,103.32725168267099,102.05806055441748,102.88158416748047,5767400
2023-12-27,103.00754728830442,103.01723780301192,102.27122339617048,102.63938903808594,5627400
2023-12-28,102.70718433716664,103.28848942764652,102.29058100051192,102.93970489501953,5689100
2023-12-29,103.27879439870524,103.58882425951639,101.51549817939912,102.14524841308594,6899700
2024-01-02,101.26359960503328,101.41861823587494,99.24840914595784,100.81793212890625,9597500
2024-01-03,100.08161715816397,100.15911908293559,98.57021505384103,99.26778411865234,9455600
2024-01-04,99.56812242793377,100.13974439121597,99.2096547785301,99.39373016357422,6822300
2024-01-05,99.33560749824706,100.48853461078845,99.1030869298313,99.52938079833984,6133800
2024-01-08,99.73284037025242,101.50581992401283,98.94807141555287,101.39925384521484,7038700
2024-01-09,100.61448360819297,101.22486027536853,100.0719331410998,100.40133666992188,6725200
2024-01-10,100.26517494272683,101.21832472949514,99.90531824983135,101.07243347167969,7270500
2024-01-11,101.49065742271009,101.96722863552162,100.70285497005499,101.8991470336914,6119000
2024-01-12,102.2200880289146,103.77624394942167,102.09365291111416,103.67898559570312,9703800
2024-01-16,103.49419890619161,103.73734850525285,102.53132115126651,103.64981079101562,7547200
2024-01-17,103.54282575183815,104.55432898783533,102.78420017992453,103.5136489868164,7771500
2024-01-18,104.0583158204443,105.8965264692463,103.69845910930255,105.7214584350586,10362300
2024-01-19,106.32447084428988,107.19981100405259,106.03268831758966,106.66487884521484,11163800
2024-01-22,107.04419453261423,107.65693637095903,106.2758407841269,107.08309936523438,7485300
2024-01-23,107.267891061682,109.59240091786245,106.5578908811018,108.76569366455078,9185900
2024-01-24,110.31211471639192,112.25731162165154,110.22458441741715,111.17772674560547,11702700
2024-01-25,111.74184474461387,112.99649774129806,111.21664064690854,111.84883117675781,8877200
2024-01-26,111.49868774414062,112.31567431558877,111.13882363976808,111.49868774414062,5541800
2024-01-29,111.0610252439116,111.45005870818231,109.91335871550254,110.6330795288086,7014400
2024-01-30,110.25377092319602,111.26527429372436,109.54377072510877,111.03185272216797,8231900
2024-01-31,110.69143517968143,111.13882960841256,108.61007494064027,108.63925170898438,7386700
2024-02-01,109.81610026627041,112.60745321402109,109.46596421242178,112.36430358886719,7882200
2024-02-02,112.64635663800561,113.29799584440077,112.00444549418968,112.61717987060547,6499400
2024-02-05,112.36429413632509,113.52168862920098,111.62511726034523,113.20072937011719,8084500
2024-02-06,113.54113880724388,113.74538358740337,111.82937091057285,112.1406021118164,4637500
2024-02-07,112.62690423874437,114.36784894610477,112.14060501046022,114.0566177368164,7672900
2024-02-08,113.88154959412195,114.56237296518265,112.79224407296455,113.4827880859375,4472800
2024-02-09,113.85237538282414,114.12470176922513,112.55882504741943,113.44388580322266,5787100
2024-02-12,113.0743066515115,113.89128585116345,112.21841520006141,112.66580963134766,5439600
2024-02-13,110.6719736009929,111.08046315097091,109.90361996917505,110.56498718261719,8171700
2024-02-14,111.1874505152603,111.57649136536016,110.41909687690577,111.12909698486328,5946100
2024-02-15,111.11937239130582,111.17772592352418,109.48540670615628,109.68965148925781,8455600
2024-02-16,109.92307596725107,110.01061368824821,108.20157993790656,108.25993347167969,8936000
2024-02-20,107.51103668014582,107.73473017476253,104.72940443862161,105.47830200195312,10975600
2024-02-21,103.83461161438083,105.41021633941364,103.59146200418814,105.19625091552734,7865300
2024-02-22,108.43499034067666,108.82403117327166,106.65514096061852,107.96814727783203,8957800
2024-02-23,108.9310334064583,110.26349603998389,108.64897894737605,108.88240051269531,7504500
2024-02-26,108.93102785413055,109.45623191458202,107.8903477955519,107.92925262451172,6342900
2024-02-27,107.58885624893455,108.45446838071044,106.78159765672252,108.3280258178711,6593100
2024-02-28,108.21129957824101,108.95046901629607,108.05568027317454,108.61978912353516,5278300
2024-02-29,108.61978912353516,109.35896598192708,107.6082859016138,108.61978912353516,12193900
2024-03-01,108.61979900095633,110.81787365271391,108.46417968173853,110.6622543334961,7605100
2024-03-04,110.46773483661475,111.45978200058732,110.28293875475876,110.93457794189453,6588100
2024-03-05,109.72856805084149,110.09815282830644,107.34570457285231,107.90008544921875,8242000
2024-03-06,108.44472885068505,109.9522594396143,107.63747034383037,109.1936264038086,6706400
2024-03-07,110.81787822159971,111.6543135460368,109.21308917260585,111.40143585205078,7670100
2024-03-08,110.94429686709039,111.19717452348736,108.48362415389124,109.33950805664062,8312900
2024-03-11,108.55171027527071,111.60566872115956,108.13349265775919,111.00265502929688,20438300
2024-03-12,122.8002869171952,125.82506138187419,121.18576986871075,124.04521179199219,48536100
2024-03-13,124.49259850851168,125.27068021732472,121.40946327945522,122.08055114746094,15870300
2024-03-14,123.74370039372384,124.29808119699211,121.5164491187444,122.09027862548828,10965900
2024-03-15,120.64113109340475,122.55715152041897,120.17428050100162,122.10002899169922,17844900
2024-03-18,123.7145230524577,125.41657038371584,123.40329183726969,124.29808807373047,12231400
2024-03-19,124.24944977887218,125.66945002052742,123.0239736759615,125.64999389648438,10221000
2024-03-20,126.41834465456368,127.10889609640911,124.75520958585999,125.6986312866211,8373300
2024-03-21,126.9435707925147,129.13191759709278,125.41658389868435,125.47493743896484,17842400
2024-03-22,125.47491680547336,125.66944836198772,124.05493142323289,124.2883529663086,6660000
2024-03-25,124.17164158753059,124.17164158753059,122.59603685697545,122.62521362304688,7446100
2024-03-26,123.27686589579238,123.46166199432581,122.39179765580393,123.0045394897461,7063900
2024-03-27,123.84096016002646,124.31753131413744,121.05932805014757,121.83740234375,8115900
2024-03-28,121.95412559197821,122.7127512364075,121.7693295020601,122.16809844970703,6587400
2024-04-01,122.10001765954281,122.81001041542854,121.14686785617045,122.04166412353516,4133600
2024-04-02,121.09823158748644,121.50672114380025,120.04782351096202,120.9328842163086,4862400
2024-04-03,120.85508954286621,122.94617776482298,120.66056539411585,122.78083038330078,7430000
2024-04-04,124.10356722213363,124.48288004383122,120.63139087097584,120.7870101928711,7588300
2024-04-05,121.01069617554698,122.54740349228354,120.73836979948476,121.47754669189453,4899500
2024-04-08,121.57480214958116,121.69151663096609,120.36878218995169,120.94261169433594,6119200
2024-04-09,121.33291793296351,121.72321429732274,118.29837468038934,120.24009704589844,5564100
2024-04-10,118.40570127206293,120.09372981146525,118.37643034874512,118.7959976196289,4509900
2024-04-11,118.76673018098366,120.81577676047051,118.41546420229632,120.24984741210938,7315200
2024-04-12,118.78624342700803,118.8838156571519,117.49827063397063,118.1715316772461,6196900
2024-04-15,119.21556530542652,119.49852997228959,116.54204759836274,116.97136688232422,5101500
2024-04-16,117.17627345560636,118.49352459372113,116.84452639025979,117.69342041015625,7000000
2024-04-17,118.04468358475465,118.1032254315354,115.73218386122706,115.79072570800781,5366600
2024-04-18,115.8785375195168,115.8785375195168,112.89277699738861,113.18550109863281,6662400
2024-04-19,113.30260131899041,113.93682451543548,111.68287406556871,112.09268188476562,8251500
2024-04-22,113.21478065605812,113.51725679127608,111.56578248554233,111.75117492675781,7125500
2024-04-23,112.37564529198129,113.04890630473501,111.96583747738494,112.2975845336914,5494800
2024-04-24,112.58054954430361,112.92206350179751,111.1169438211595,112.54151916503906,5791800
2024-04-25,110.87300899451245,112.20001210591589,110.04363391095619,112.1024398803711,6796600
2024-04-26,114.20028399260708,116.31763195243707,113.33187847093885,114.36615753173828,8355100
2024-04-29,114.15149623859409,114.46373185383544,112.49274592842774,113.66362762451172,4994100
2024-04-30,112.29758892854123,112.71715621541479,110.93156282642632,110.99010467529297,6234700
2024-05-01,111.14623033739672,113.92707992638904,110.89253657571966,111.8487548828125,5583600
2024-05-02,112.43419905825345,113.00012096767225,111.48773279809498,112.17074584960938,5001000
2024-05-03,113.16599705812136,113.3904124320886,112.27807268522564,112.99036407470703,4485000
2024-05-06,113.50749336231648,115.48823839231474,113.36113131525175,115.46871948242188,6052400
2024-05-07,115.13698111076297,116.23956138552568,114.4442086431563,115.06867980957031,6437700
2024-05-08,114.85402179157511,115.11747499720119,114.26858097637161,114.54178619384766,4636000
2024-05-09,114.54178517336017,114.87353968039955,113.6733796922837,113.80998229980469,3236200
2024-05-10,114.30762107456644,114.77597078883278,113.09770896104651,113.83926391601562,4122500
2024-05-13,114.2880942100224,114.34664350344599,113.38065832693842,113.54653930664062,4140000
2024-05-14,113.67338090611351,119.57659379354368,113.31235547136221,117.9373550415039,17811200
2024-05-15,117.25432638912244,119.12773984837479,116.76645783550777,118.67890167236328,6604600
2024-05-16,118.9813891894641,119.47900977079459,118.26909780204456,119.19605255126953,5159300
2024-05-17,120.19129683398916,120.58159316465851,119.11798750786092,120.50353240966797,6179400
2024-05-20,120.79626242982711,121.65490844389032,120.24984456243808,121.49878692626953,5989000
2024-05-21,121.44025134011882,122.3184163113,120.91335235741012,121.60612487792969,5549500
2024-05-22,121.60610655290536,122.12325344554306,120.30838192668263,121.57683563232422,5705000
2024-05-23,123.47953587664239,123.6258904896458,120.17178762566299,121.07921600341797,6108600
2024-05-24,120.42547703095546,120.5132972453113,118.47400273477035,119.9278564453125,7173400
2024-05-28,120.24985663543954,121.79152327745035,120.02544123668314,121.46952819824219,6911400
2024-05-29,120.0059137891622,120.91334966513026,119.7912504182883,120.73771667480469,4735100
2024-05-30,117.2543338526603,118.49352422651788,114.19051973648322,114.24906158447266,10839600
2024-05-31,113.76118569171281,114.57104927686491,111.77068854510486,114.34663391113281,12755600
2024-06-03,114.67838529173557,116.4347151278603,114.49299285228805,116.38592529296875,7256300
2024-06-04,116.13224173057198,117.44949294526823,115.83952502841613,117.15676879882812,7368000
2024-06-05,118.69842955855896,119.8107693493661,117.5860897677518,119.65464782714844,5973700
2024-06-06,119.8985727249163,121.25484670467273,119.28386102900332,120.50353240966797,7347200
2024-06-07,121.19630519821716,123.15753886818915,120.27910993523143,122.86481475830078,11545000
2024-06-10,122.67943856792421,123.86983167093966,121.04019981241565,121.47927856445312,10164700
2024-06-11,121.04019432475549,121.80126809740001,119.3228948862989,120.87431335449219,18373900
2024-06-12,131.42205172508005,137.5399284113642,130.70976770603815,136.9739990234375,40871300
2024-06-13,137.0227625968977,138.944965998298,135.40305022229904,136.45684814453125,13733200
2024-06-14,135.8811525869696,136.57393252686845,134.04677683628472,134.77857971191406,11330800
2024-06-17,135.43231390413382,138.00825928010232,134.895655515689,137.88140869140625,11232800
2024-06-18,137.79359609913965,141.5404230346425,137.79359609913965,141.130615234375,11629400
2024-06-20,141.79411096948337,141.79411096948337,138.5058670860832,139.4425811767578,8940000
2024-06-21,140.23294058382223,140.23294058382223,137.03252400975188,138.06680297851562,14844100
2024-06-24,136.60316600513252,138.09604227110353,135.74451276875993,136.49583435058594,7793300
2024-06-25,135.62746143501914,136.16411983567687,134.22239758186691,135.7933349609375,8205500
2024-06-26,136.10556737025547,137.3349907015544,134.72977454734286,134.87612915039062,8036300
2024-06-27,135.87141062494203,137.98875864841165,135.44208385731343,136.77883911132812,7518200
2024-06-28,136.05680146638426,139.35479806165446,135.89092792423799,137.7740936279297,25814800
2024-07-01,138.2522141537795,140.56470668563838,137.64726181953736,139.6182403564453,6552400
2024-07-02,139.1694113744394,140.72083005814173,139.0913506063289,139.8036346435547,5920500
2024-07-03,140.2622338748065,141.14039147059495,140.0182995550242,140.876953125,3560800
2024-07-05,141.43309321207758,142.25270882336395,140.52566483284633,141.31600952148438,5365500
2024-07-08,141.24770098201924,141.70629862226662,139.94996881797525,141.5111541748047,8622600
2024-07-09,141.6087195388584,142.16488190237501,134.65170976974716,137.2666778564453,14334200
2024-07-10,137.69602362450132,138.92546197808494,136.34951646431256,138.62298583984375,6350300
2024-07-11,139.29812332787196,140.39402960275052,138.63274099626486,139.68951416015625,5245100
2024-07-12,139.64060457759126,142.00855350541758,138.2217791854749,141.6562957763672,7361800
2024-07-15,142.59563628325904,143.43714000817747,138.86758411806795,139.99285888671875,8687800
2024-07-16,139.99285274198814,140.41359712067796,138.99478675610172,139.54273986816406,7181500
2024-07-17,137.45856255165353,138.74038478134466,135.69727383006858,136.26480102539062,9157000
2024-07-18,136.36266032920986,137.0476018164844,134.24911379938735,135.06126403808594,5998700
2024-07-19,135.37437428413193,137.41941898247748,135.11017726334472,135.57984924316406,6111900
2024-07-22,136.7344680380102,137.6542379129584,136.1277928869823,137.15521240234375,5387200
2024-07-23,138.26092946148978,140.1396324032406,138.17286876045546,140.03199768066406,6697400
2024-07-24,138.65234491777727,139.59170402067912,135.4233175979731,135.78536987304688,8018800
2024-07-25,137.13564713533916,138.03587290972442,134.7383447335641,134.85577392578125,7654600
2024-07-26,135.88318383175803,136.94975149488343,135.4037322912207,136.02017211914062,5139400
2024-07-29,136.27457918616204,136.77360470977987,134.85576883302704,135.33522033691406,4054600
2024-07-30,136.07891171788572,136.56815779738236,132.05730834719915,132.7520294189453,6505700
2024-07-31,136.6855881496947,138.5055843766354,135.67774230188098,136.45074462890625,7188000
2024-08-01,136.29414376029476,137.37049092977003,132.84986267917984,134.55242919921875,5906800
2024-08-02,129.9144264519911,131.41151847193785,128.96528772946175,130.4134521484375,8251600
2024-08-05,125.13934654774378,127.17461178504554,123.93580551767624,125.10999298095703,10355000
2024-08-06,127.73234214734315,128.22158815897487,125.32526013125299,125.45246887207031,8373900
2024-08-07,126.14721234191683,127.49753635260211,123.04539386673042,123.19216918945312,8617700
2024-08-08,125.2469889746499,127.0278517658234,124.90451823223279,126.18634796142578,6243200
2024-08-09,125.63839566090773,129.52301098684853,125.57968851633134,129.2196807861328,5597300
2024-08-12,129.4055809210126,129.85569385889954,128.38795570100524,129.72848510742188,5600800
2024-08-13,130.11008160938366,131.64630627572845,129.95351930703174,131.37232971191406,4324000
2024-08-14,131.1570574371011,133.0455547081218,131.12770387237146,132.6835174560547,4044600
2024-08-15,133.98492431640625,134.29804897433027,132.80095716381896,133.98492431640625,4698100
2024-08-16,133.84790811118373,134.85576856216403,133.45651730096793,134.51329040527344,4893800
2024-08-19,134.5719867872639,134.98295158435292,133.52500824171364,134.95359802246094,3641600
2024-08-20,134.85578718882672,136.7834028725198,134.85578718882672,136.17674255371094,3738300
2024-08-21,135.8147026421015,137.28244075077566,135.57007962398916,137.18458557128906,3776800
2024-08-22,137.6738281025786,138.0456598584365,134.68942437146472,135.1101837158203,5162200
2024-08-23,135.74620663868916,136.78340588944076,134.30782203831336,136.19631958007812,4544600
2024-08-26,136.39201840211118,136.40179794846497,135.217830823635,135.9125518798828,2729600
2024-08-27,134.8851470207329,136.49965307409846,134.7775122884682,135.5015869140625,3872200
2024-08-28,135.84405421515055,135.9614684843271,133.96535125530622,134.91448974609375,3022600
2024-08-29,136.14737962888657,138.12393769803353,135.863623511378,136.42135620117188,4588400
2024-08-30,137.31180033957662,138.67190378269723,137.0867513336141,138.2511444091797,7980700
2024-09-03,137.42919820150541,139.14155919885923,135.84404594174796,136.4996337890625,6831200
2024-09-04,135.46246370800225,138.06525656546518,134.98299715090974,137.7227783203125,6243300
2024-09-05,138.35875801984167,140.19832769371027,137.29220536024872,139.54273986816406,8733200
2024-09-06,140.6973741901055,140.84415696524235,136.40179441641016,138.7599639892578,11154800
2024-09-09,139.42531039209177,140.21788640914573,136.5093939016501,136.8812255859375,20233400
2024-09-10,150.9128393484716,157.06756330189265,149.82671247025644,152.53713989257812,37374200
2024-09-11,153.4079865829873,156.01077909022553,151.50970956538654,153.79937744140625,12630100
2024-09-12,155.61935975114136,158.84838630905523,154.5038794781096,157.90904235839844,16161300
2024-09-13,169.9640755282269,170.19891900827304,157.5372287899252,158.54507446289062,25727800
2024-09-16,161.4414205929744,170.24784969147498,160.9717336243522,166.66656494140625,27384400
2024-09-17,166.61764842541663,166.96990620999787,163.18314622370391,163.8680877685547,12580100
2024-09-18,164.01483946718633,164.01483946718633,160.20850583154467,160.99130249023438,12274400
2024-09-19,163.6528051580335,164.5432365601757,160.97173140553892,163.98548889160156,10075900
2024-09-20,163.53537444375633,165.1988078749883,163.01677487279466,164.38665771484375,12187700
2024-09-23,163.63323656837,163.73109175471774,160.7271137149827,162.38076782226562,7916100
2024-09-24,162.17527113977098,162.5275288606545,160.39440851458107,162.23397827148438,6155100
2024-09-25,164.08335183811036,165.1205511333698,162.09701395818405,162.70367431640625,7142400
2024-09-26,164.04419419946268,164.73893015826306,162.89936023687997,164.48452758789062,7096800
2024-09-27,164.47476512175962,165.47283143618185,162.928745514904,165.1107940673828,8974400
2024-09-30,165.8544094767829,166.85247559048676,162.87000561217124,166.73504638671875,10210300
2024-10-01,166.55894201762342,166.84269818366803,162.40035020409687,163.56475830078125,7595100
2024-10-02,163.9952858014629,165.54129021700655,163.67238160917194,164.10292053222656,7073000
2024-10-03,163.30053276539653,164.24967122008653,162.6645189240738,163.27117919921875,4735700
2024-10-04,165.081413304606,167.22429852088464,164.5530191949225,167.18516540527344,6386900
2024-10-07,166.75460368913883,168.62352697949183,165.90332043284948,166.3142852783203,6791000
2024-10-08,166.9307699565636,170.88387174874225,166.7742076262224,170.6196746826172,7845400
2024-10-09,170.80558137128014,174.76847742699732,170.0717122843179,174.45535278320312,8120900
2024-10-10,174.21998030047004,174.85743927101666,170.81697683813516,172.0232391357422,7115900
2024-10-11,172.11152111033493,173.5825597523036,171.03275345388633,172.37631225585938,5869400
2024-10-14,173.14121838504815,173.7982803917417,172.1114885377138,172.71951293945312,4688700
2024-10-15,173.52370845786893,174.77899348070423,170.39529743727016,170.72872924804688,5848600
2024-10-16,170.15010079251934,171.5328804191806,168.3260126580786,171.3955841064453,6383000
2024-10-17,174.07287674566703,174.318049811506,171.75844240558013,172.2880096435547,5474000
2024-10-18,173.38640000400295,173.55311589773555,171.20926192132134,171.317138671875,5001300
2024-10-21,171.0817551005538,171.76823666298017,169.81666871866634,170.4050750732422,4198400
2024-10-22,172.06245195583097,172.45473783362115,170.91504382112493,171.92515563964844,5510100
2024-10-23,171.130806251114,172.67050034402922,169.66956933785465,169.75784301757812,4830400
2024-10-24,169.9735911483187,171.57210937023112,169.57150372685712,171.01312255859375,3488000
2024-10-25,171.4054057289594,172.88624577301698,169.75784978305518,170.16973876953125,3674700
2024-10-28,170.68950621667733,170.80718450993803,168.81638023999727,169.09097290039062,4330000
2024-10-29,168.96349315550927,170.6601018434088,168.96349315550927,170.08148193359375,4122900
2024-10-30,170.6208329315461,172.75874981123303,169.45380676342688,171.18963623046875,5822500
2024-10-31,167.22767445902255,167.58072432627876,164.1679039547425,164.5994110107422,9477500
2024-11-01,166.86478450753503,168.9438623049535,165.8350695907313,166.7373046875,5680600
2024-11-04,167.0216971617072,167.18841305096004,165.47220158819826,166.3155975341797,4804400
2024-11-05,167.1786133845879,168.5711946199548,167.0315155289485,168.46331787109375,5456800
2024-11-06,175.0731926411444,178.5840728518983,173.99442513129543,177.7406768798828,11085000
2024-11-07,177.58375112351857,183.06581710767688,177.05416893842752,182.7716064453125,7759400
2024-11-08,182.66373308636298,186.48844183962717,182.66373308636298,185.59600830078125,8520400
2024-11-11,187.36127528278493,187.8025838446758,184.21324627483187,185.4783477783203,5973600
2024-11-12,184.89971884931725,186.92975908424617,183.58559476446553,185.91964721679688,6629900
2024-11-13,185.35084801625288,188.06736992582577,185.14489604533017,185.96868896484375,5695400
2024-11-14,185.01739158206226,185.92942813312496,183.10504481033783,183.4384765625,7804300
2024-11-15,180.95735214706997,182.21263712696316,178.80963355929384,180.19241333007812,8986300
2024-11-18,180.74158394571225,182.5852751927063,179.34900275197722,182.1439666748047,6289400
2024-11-19,181.32019126718143,185.6646657583009,180.7612044606172,185.2527618408203,8117000
2024-11-20,187.2141755128848,187.28283116454807,184.1936560516315,187.06707763671875,4860200
2024-11-21,188.23408521120442,192.25491472154587,187.93987452406307,188.71461486816406,11394300
2024-11-22,189.27358377300848,190.4504113528555,187.37103861957146,188.57728576660156,6879400
2024-11-25,190.74463728538854,190.98981034102528,184.36033630371094,184.36033630371094,15138500
2024-11-26,184.68397454180374,188.68518581483613,184.68397454180374,186.6943817138672,6427200
2024-11-27,185.31161312094582,185.31161312094582,178.70174200534214,179.17247009277344,8368800
2024-11-29,180.45720271342745,182.34013032130747,180.44740117655468,181.27117919921875,4628000
2024-12-02,181.71247037197148,181.71247037197148,177.50530697325217,177.9073944091797,8859700
2024-12-03,177.68182004238247,179.50590828108005,175.65179480489937,179.3588104248047,8917100
2024-12-04,184.3701541041188,186.12558675310626,182.3106942694126,184.55648803710938,8906300
2024-12-05,185.37048881955081,185.37048881955081,182.2616955868121,182.6441650390625,6398100
2024-12-06,183.38945764076152,188.9107600042579,182.78143321145168,187.98890686035156,10503400
2024-12-09,192.50991397909178,194.48110024294226,185.28220108328418,186.77285766601562,20158000
2024-12-10,170.1108812397364,174.36708193753552,167.75721090314715,174.30824279785156,26502000
2024-12-11,174.56323096695078,177.8779757592419,171.45443814374622,175.1320343017578,13188700
2024-12-12,174.56323049752422,174.7299463938712,171.4348196465868,171.9349822998047,8154200
2024-12-13,171.6211361202089,172.7391246369392,168.32600970813385,170.04222106933594,8351100
2024-12-16,170.48355787760084,170.90526337774742,167.62973949170433,167.9239501953125,9572000
2024-12-17,167.45321728376302,169.649973515468,166.0017968085499,166.4333038330078,8940200
2024-12-18,166.13910884761796,167.92396129625675,162.1673014967887,162.21633911132812,8817900
2024-12-19,164.3150178714891,167.69840372575186,164.1679050300645,165.53106689453125,8386400
2024-12-20,164.4915181318773,167.9533608135729,162.43207324479084,166.38426208496094,13810500
2024-12-23,166.31559134665645,166.34501091636088,163.9423179507183,165.87428283691406,6518200
2024-12-24,166.42348862502337,168.4535289701679,165.76642654692407,168.10047912597656,2451500
2024-12-26,167.20803988367484,169.2184621243785,167.20803988367484,168.36524963378906,4100100
2024-12-27,167.09035036451274,167.8454726229007,163.97174122774962,165.69776916503906,4344300
2024-12-30,163.29506153270927,164.66803966434534,161.37291309826543,163.68734741210938,5254800
2024-12-31,163.9717469304083,164.06982214450196,162.63800482528853,163.4225616455078,4307500
2025-01-02,165.26625453851435,165.4329704176249,161.71613858159247,162.82432556152344,5360800
2025-01-03,163.48141757907902,163.97176377155625,162.07903465139964,163.1087646484375,5876000
2025-01-06,164.0796070538591,164.80532465775502,162.00054441050207,162.4908905029297,6845400
2025-01-07,162.38302606454965,162.95182937055358,158.2052824277052,158.9015655517578,7712200
2025-01-08,159.04865645162153,160.81390543373996,158.31313728942013,159.99012756347656,7596200
2025-01-10,156.50995367077334,156.50995367077334,151.31917238829533,151.88937377929688,13593900
2025-01-13,151.14220156163626,151.54526223341,149.84449890825124,151.31915283203125,8828500
2025-01-14,153.77693463015422,154.5929117354547,151.7419196815751,153.66879272460938,7410200
2025-01-15,155.98892739162306,156.4608125593008,154.60274877305073,155.635009765625,10701200
2025-01-16,157.443901047439,158.77109577410718,155.73331184528442,156.84420776367188,9210600
2025-01-17,159.03653769768346,160.4030499341501,157.82731050210106,158.3090362548828,11618300
2025-01-21,161.1010466086446,170.44052295199623,159.99997630320857,169.654052734375,30232000
2025-01-22,188.27400556640245,188.74590569539885,177.51887389288075,181.10719299316406,48028500
2025-01-23,178.57078008336757,183.41748436464707,178.43314630058447,183.3191680908203,17314600
2025-01-24,185.4525121916634,185.90474608154744,178.7969020138727,180.4976806640625,12147200
2025-01-27,166.04606176684152,169.60490420738302,150.0804814293868,155.6055145263672,42201600
2025-01-28,160.2359077744257,163.0279157254717,154.10134178254663,161.2288360595703,20319300
2025-01-29,161.2583493212904,161.2583493212904,157.30627190822025,159.28231811523438,9866600
2025-01-30,161.9956714063946,168.59229751882845,161.32716873082316,167.5010528564453,14981700
2025-01-31,167.5305543881492,170.07678708004232,166.27218398439666,167.18646240234375,8704600
2025-02-03,160.44236531583016,167.02915072076945,160.44236531583016,165.75112915039062,8250600
2025-02-04,167.5206982833025,167.5206982833025,163.53914424915664,165.05311584472656,6777000
2025-02-05,166.13454726067985,168.98553937494813,165.67248774547,168.75942993164062,7866700
2025-02-06,170.07677016554922,172.68198636712427,168.67094047966907,169.43775939941406,7036900
2025-02-07,172.04298437273007,174.39259938783934,170.25373013479395,171.51211547851562,9991300
2025-02-10,173.02608551932204,176.9486709266105,171.96433273988401,175.89674377441406,7625900
2025-02-11,174.61869558559425,176.09334962556076,173.46846723453518,174.1959686279297,6528800
2025-02-12,171.93484974209275,171.93484974209275,167.8254871991134,169.30996704101562,7454800
2025-02-13,170.07678744654356,171.43347413515218,169.19200091107788,170.92225646972656,6421700
2025-02-14,171.30565399189572,172.07247293594355,169.889983633359,171.21717834472656,7260900
2025-02-18,173.7634200538335,179.16065983095666,173.1145686050291,176.7618865966797,11430500
2025-02-19,175.56249526708876,178.61010486740787,172.73115447627444,178.45281982421875,8688500
2025-02-20,176.77172738039042,177.22396130798603,171.4826290579248,173.02610778808594,8737000
2025-02-21,173.14403758131994,173.89120521174138,164.71885549304514,164.97445678710938,9713900
2025-02-24,170.63715155267437,171.2270042022199,161.87770244816252,167.08815002441406,10639100
2025-02-25,166.42949642240916,167.7173739234462,161.6614559832035,165.69216918945312,8316100
2025-02-26,168.09089666369786,170.93206288724633,166.2721656560936,169.55572509765625,6915100
2025-02-27,170.07676969683666,171.9053413467947,161.7990466365621,161.9759979248047,7436800
2025-02-28,160.3538784201944,163.34250396110937,158.0927392604399,163.2540283203125,12843300
2025-03-03,164.12900766579773,164.29613333985597,158.40735723283646,159.28231811523438,8081800
2025-03-04,156.52963405696732,157.06050298564185,150.92595091669762,154.8092041015625,13171900
2025-03-05,155.38920356667967,159.7443561377264,154.39627528344482,158.83006286621094,7141000
2025-03-06,154.50444234894061,154.50444234894061,147.19998061676162,148.38954162597656,12321200
2025-03-07,148.07494328185152,153.83592645898088,145.99077008498543,152.53823852539062,12646500
2025-03-10,147.98645253678862,149.94283236705655,144.31948355936112,146.27584838867188,21486100
2025-03-11,140.99659122474074,143.31671425915818,135.373242429474,141.74374389648438,27200200
2025-03-12,143.7591152546424,149.65773193199632,142.55972866350382,148.3403778076172,15373900
2025-03-13,147.25896152786876,147.63254539145566,143.02179086818543,145.1649627685547,14187700
2025-03-14,146.40366498277896,148.33055304233608,145.3812446865163,146.7477569580078,9330000
2025-03-17,147.85865217132235,153.11825804682934,147.85865217132235,151.40765380859375,9885000
2025-03-18,149.79535600599493,149.84451414197628,146.11856144951895,146.92469787597656,9402500
2025-03-19,147.52437823462674,151.4666293809232,147.46539447698885,149.87399291992188,6909500
2025-03-20,149.0187287063596,151.87956154063886,148.27157595623143,150.13946533203125,7051600
2025-03-21,149.08752869725018,151.2405261583188,147.57355703565804,149.65773010253906,17620200
2025-03-24,153.698290388869,153.95390672120283,151.42732528796813,152.2531280517578,7848300
2025-03-25,151.89921144596156,152.9708049213938,150.46388972808785,151.32901000976562,8521200
2025-03-26,150.30657092047525,150.4442046981783,144.08352904105604,145.30258178710938,13210000
2025-03-27,143.38555108184696,144.55543082692424,142.47125766649935,143.3167266845703,9148300
2025-03-28,141.35051777424502,143.18891518900298,136.7594295506426,138.48968505859375,13144500
2025-03-31,136.29737283200947,138.2144203092593,134.44913475088737,137.44760131835938,15509900
2025-04-01,137.39843886110785,140.82947295687677,136.41533608304937,139.54161071777344,9518500
2025-04-02,137.49676850063466,145.39108337550277,137.49676850063466,143.3953857421875,11594400
2025-04-03,136.89705023236215,139.01071502551326,134.33115159924333,134.9111785888672,14433800
2025-04-04,130.66419648026297,131.55882362665824,124.80489720385762,126.10260009765625,14986900
2025-04-07,116.8515965018128,131.84391382893767,116.8515965018128,125.0113525390625,19482700
2025-04-08,130.30043323141575,130.74284147425465,119.64360291149231,122.39629364013672,11950300
2025-04-09,121.31487626857587,138.2144068025307,121.31487626857587,137.32962036132812,17762000
2025-04-10,134.82356908642996,134.82356908642996,127.53234231906033,131.56768798828125,12401600
2025-04-11,130.34424180634096,131.22234562222076,127.11794383019804,130.58103942871094,10190200
2025-04-14,134.97157250050776,134.97157250050776,131.09409195200413,132.84043884277344,8217700
2025-04-15,132.95882779898335,134.65583993492484,131.93273479008212,132.14979553222656,8630000
2025-04-16,130.51198801097829,130.76850751711848,126.14119762654246,128.02566528320312,8295200
2025-04-17,129.15041908163042,129.54508181997176,126.72330722391852,126.90089416503906,8925500
2025-04-21,125.19403008981315,125.4998843247019,119.61954459496904,121.17842864990234,12201200
2025-04-22,122.83596894421446,126.27932050412906,121.74080428155419,125.53934478759766,11233700
2025-04-23,133.1068337354536,134.05399420932457,129.2392291816511,129.64373779296875,9528900
2025-04-24,130.73890200275676,136.01740138150058,130.2357239436276,135.6720733642578,7305900
2025-04-25,135.6523579901983,137.14217039270582,134.9321040975684,136.6389923095703,5476400
2025-04-28,137.78346579900744,138.78983694066062,136.23445786842214,138.2669219970703,6985100
2025-04-29,137.9413362636354,139.2732985634342,137.68481677060615,138.90823364257812,4851500
2025-04-30,136.62910623151413,139.4114220327971,133.75801201605802,138.83917236328125,9443500
2025-05-01,144.6011469978265,146.65334852306086,143.39745172769054,143.5454559326172,11525800
2025-05-02,146.34746160534505,151.01423744020212,146.34746160534505,148.7153778076172,11346000
2025-05-05,147.4426361398687,148.80419632779459,146.53493436619982,147.2946319580078,5187400
2025-05-06,145.0155283582324,146.94933851920163,143.77237436143955,145.7259063720703,5108600
2025-05-07,145.5285642865257,147.89648066653785,145.27204477939202,147.37356567382812,6049600
2025-05-08,147.05785995723585,149.7809654745707,146.62373841356376,148.29115295410156,6113600
2025-05-09,148.03461885144884,149.77110503171852,147.78796025128293,148.3306121826172,4707100
2025-05-12,154.2208114800031,155.32583712470986,152.3560731771378,155.11865234375,7875500
2025-05-13,156.1052786257529,161.03845007757207,155.4639723589542,160.1011505126953,11955200
2025-05-14,160.18995355605477,161.22592263379866,158.90732589098357,160.77206420898438,7499400
2025-05-15,159.2033260227822,159.57825190912212,156.7860747744527,157.26951599121094,10169200
2025-05-16,157.8614991833425,158.69026844089205,156.4012845312534,158.34495544433594,8515500
2025-05-19,156.18421550729025,159.80516164677013,155.72049617357055,157.5063018798828,10268900
2025-05-20,156.50980473238056,158.2166778659029,155.4245009741613,158.16734313964844,7576400
2025-05-21,156.23356865131998,158.7494744142309,154.36883017318843,155.07919311523438,6011000
2025-05-22,154.88185210351455,157.06232058562003,154.7240020532168,155.2074432373047,7603300
2025-05-23,152.91846327048273,155.27651876392906,152.19820935575666,153.88536071777344,6527500
2025-05-27,157.1905923190236,160.22941287747256,156.79592954498477,159.7459716796875,6976800
2025-05-28,159.70648744912626,162.12375349963284,159.12437683212067,161.6600341796875,8090700
2025-05-29,162.7946552834285,163.11038547757616,159.33157439987042,160.72271728515625,6994700
2025-05-30,161.2456129093777,163.53461137791484,159.39075093315338,163.3175506591797,17547900
2025-06-02,161.97574248096882,164.7679192058285,160.42673454210347,164.3436737060547,7166000
2025-06-03,164.57059768064093,167.06678115559555,164.36339786178155,166.8793182373047,7155300
2025-06-04,167.44172287928944,168.20142049255227,165.3303259634464,165.85324096679688,6375800
2025-06-05,166.741203215348,169.9576257392844,166.50440555435117,168.85260009765625,7707800
2025-06-06,171.6743701540829,172.45380463582316,170.35228379019696,171.69410705566406,6833700
2025-06-09,172.5228711978387,176.3312801295486,171.46716528949727,174.78225708007812,9668900
2025-06-10,175.33477056813086,175.47289875414353,171.95060742855554,175.1078338623047,11056700
2025-06-11,175.176912747249,177.15018123202827,173.84495049808547,174.02255249023438,18002900
2025-06-12,187.42103320180183,199.78355812406326,186.35546649364204,197.18870544433594,54610000
2025-06-13,198.88576725938447,213.7050203937865,198.51084136398825,212.3434600830078,53707400
2025-06-16,210.3504417924773,212.2941126791482,207.1734779601952,208.2785186767578,22665300
2025-06-17,207.84437044302544,212.99460232647817,204.70686576404174,205.3975067138672,17819200
2025-06-18,208.2686354623052,211.85012286948066,206.76896213203327,208.05157470703125,15055400
2025-06-20,210.49842572171352,210.94240812843816,201.90483467955985,202.42774963378906,20879100
2025-06-23,202.76321678497837,204.49970284984093,199.832911605368,204.27276611328125,13418400
2025-06-24,207.1833335453696,213.47804988287206,205.7625778030982,212.39276123046875,19030600
2025-06-25,212.0671776385006,214.03057024917635,207.42012348793367,207.90357971191406,11804600
2025-06-26,209.16647752709255,211.55413079416948,207.54839783143527,209.97552490234375,10531100
2025-06-27,210.83389337811113,211.78105390865272,207.15375152525857,207.4300079345703,14127500
2025-06-30,223.4726937265252,225.16970611506136,215.46122713984033,215.7078857421875,31844200
2025-07-01,216.3688993056324,220.1871691285763,213.41885740654035,216.033447265625,16962200
2025-07-02,214.7705532067538,228.80049454968602,213.82339268296613,226.90615844726562,22326900
2025-07-03,230.10284943486442,234.80909919545445,228.10984396135876,234.14805603027344,18441400
2025-07-07,231.96759930391562,232.1057275087408,226.43258007760264,229.1556854248047,16584300
2025-07-08,233.9606063105563,238.2129979153384,230.07326459472398,231.36575317382812,20401800
2025-07-09,232.36224033935946,233.34887464685852,228.89915933978187,232.65823364257812,10871600
2025-07-10,237.2360627516906,237.35470561599556,230.86863419553066,232.3517303466797,11486300
2025-07-11,228.76263097583427,231.3629977008573,227.2795348367262,227.96176147460938,10208200
2025-07-14,226.86426466590476,228.0408566572359,222.583058762791,226.69618225097656,11337000
2025-07-15,229.7909131799815,232.94496663080815,226.61708089018978,232.3121795654297,10728800
2025-07-16,232.8460928552634,238.6103949686397,230.5621272245893,238.5807342529297,12597500
2025-07-17,240.59774029404673,248.76466605357788,239.28272656858266,245.94677734375,17631300
2025-07-18,245.6995917706605,246.86628681585898,242.23903414008782,242.6839599609375,9678100
2025-07-21,242.5455287776249,244.01874297116677,240.49886404699072,240.79547119140625,7348400
2025-07-22,239.25308023309304,239.5595843742114,232.75712657363877,235.42669677734375,11380900
2025-07-23,237.24594348427027,240.676840437667,235.97048743863851,239.17396545410156,7255800
2025-07-24,239.67822549467826,241.3294040420376,237.8490675665962,240.09349060058594,8237900
2025-07-25,239.60902602921834,242.70375835888183,238.70927735192188,242.35769653320312,7149600
2025-07-28,243.2277968794111,244.98773664175425,240.67686939440182,244.9185333251953,6756800
2025-07-29,245.89734388948094,250.21810769088034,243.81112132391084,247.1629180908203,8415300
2025-07-30,245.83802097096813,248.22086577582706,242.8322860326538,247.77593994140625,8441400
2025-07-31,252.88767886895926,257.9301968555561,250.4652914461675,250.91021728515625,15548700
2025-08-01,245.03714866843114,245.61061432575295,239.2728464658785,241.6655731201172,12718200
2025-08-04,243.12888392325146,250.05989609450415,243.12888392325146,249.68417358398438,8614800
2025-08-05,252.53172327927768,255.5770006984043,248.5372426196171,252.78878784179688,11197300
2025-08-06,253.9456054014048,253.9456054014048,248.88330872555565,253.54022216796875,9930200
2025-08-07,254.80580702838208,254.8552616727796,243.74192200551119,246.57957458496094,11954200
2025-08-08,247.21235311830205,248.06266218363885,245.06680915867142,247.2321319580078,8313300
2025-08-11,245.60070743505537,251.8198321788713,242.79271578112008,249.8324737548828,9012100
2025-08-12,249.73363230044515,254.96401169950212,248.25053607059704,250.99920654296875,9998400
2025-08-13,254.27190145382033,254.76626683115325,239.90562970863883,241.4282684326172,14182100
2025-08-14,242.18959644503747,246.11485876594926,239.83642749722398,242.19949340820312,10285600
2025-08-15,244.1374116662594,247.80560963768596,240.1923702728574,245.48208618164062,11554000
2025-08-18,243.42553106780278,246.35218100776544,240.8746036767987,246.26319885253906,6759900
2025-08-19,246.44116568318952,246.44116568318952,229.61296230169248,231.9760284423828,16819300
2025-08-20,229.56350702248955,233.22182300606445,225.67780226891563,232.4110565185547,11256400
2025-08-21,230.42370971459823,233.26136220593185,229.810686376159,230.532470703125,7403100
2025-08-22,231.4223330504327,235.81230030010178,228.851641973476,233.706298828125,9343600
2025-08-25,234.6752506738047,236.3363111000984,232.618688893512,232.75711059570312,6308600
2025-08-26,232.35173889014447,234.24021834621962,230.0875519876776,231.57064819335938,11805200
2025-08-27,232.35173363036887,233.864490518973,230.05787097582683,233.15260314941406,5637600
2025-08-28,232.88565388346123,239.2234221470116,232.4703887438131,237.61180114746094,8691500
2025-08-29,234.93232065867574,235.53544703645858,220.59572438410635,223.58169555664062,16618600
2025-09-02,219.4982327775987,222.9093509452891,216.3244003411209,222.76104736328125,10461900
2025-09-03,223.35428753044093,223.35428753044093,219.2510606377935,220.93190002441406,8900800
2025-09-04,219.4982381914763,221.05055279333996,217.08573261908182,220.48696899414062,10303100
2025-09-05,229.92934623531045,231.97601110768457,223.34439561024956,230.17652893066406,15386100
2025-09-08,237.1866249998512,239.68811265353398,232.65823624014922,235.79251098632812,18803000
2025-09-09,237.23606114649087,240.7460583644942,231.91668482590836,238.78836059570312,41178700
2025-09-10,315.59302009806567,341.82404981051184,308.57302463522365,324.6300048828125,131618100
2025-09-11,326.6173351958634,327.26990115738016,301.16741356506026,304.3906555175781,69986000
2025-09-12,302.34396963830454,304.49939532573774,288.4621821416284,288.8873291015625,51781900
2025-09-15,302.9965343141477,303.5699848422766,293.9397575043331,298.735107421875,40004000
2025-09-16,310.52077329489015,316.3641755798037,298.863629440269,303.19427490234375,51923300
2025-09-17,304.2225951798477,305.18166530350607,291.7052590996586,298.01336669921875,27707900
2025-09-18,299.6250091667613,300.39621803294057,288.70941199080954,293.27734375,24673100
2025-09-19,295.6304682805937,307.60398212792995,293.9694080081884,305.1816101074219,40776200
2025-09-22,306.1407128681622,325.78678842264526,303.4612609324939,324.4519958496094,44437500
2025-09-23,320.34877072490605,321.33750149874834,306.55596436033846,310.2933654785156,35280200
2025-09-24,308.3455653224429,308.9487067861154,296.6488935186844,304.98388671875,33765300
2025-09-25,291.9425378733714,295.38333198377046,285.29826556707417,288.04693603515625,39274900
2025-09-26,289.6981253102654,290.6868561133722,279.8108172791984,280.265625,25990700
2025-09-29,281.3927778069461,282.7572310712954,276.4589908407025,279.5735168457031,25778500
2025-09-30,280.4930507895303,280.7995549320766,272.79082919681497,278.0706481933594,23880800
2025-10-01,275.65811964363957,286.72201909436825,274.7485042554701,285.7530822753906,23378300
2025-10-02,288.51165212768876,291.6459422221472,282.8264496974843,285.52569580078125,16215500
2025-10-03,286.3364357918345,291.31964729977034,280.7995374689801,282.9154357910156,13688400
2025-10-06,289.0850913092603,293.3366213147314,287.52287988214596,288.3039855957031,14076800
2025-10-07,289.91564821956524,289.91564821956524,267.9460484974408,281.0368347167969,31723400
2025-10-08,282.20359307719076,288.2447245281796,280.40409555719157,285.3774108886719,18982100
2025-10-09,288.7646666174215,298.094685999631,284.51567287113585,294.12298583984375,26479800
2025-10-10,297.4113006538374,304.7802256970025,289.2203182409299,290.1612243652344,28895300
2025-10-13,295.846389117684,307.73174741807657,294.89553869091156,305.06744384765625,21703700
2025-10-14,300.6699032291122,301.51178894483525,289.19062993707865,296.1435546875,17346200
2025-10-15,301.9871613039397,308.03880572761994,296.0643100000334,300.7193908691406,13698900
2025-10-16,302.68046730718675,319.45863403736973,300.1746387813038,310.009765625,32500900
2025-10-17,300.8481348459811,301.37307030021026,284.75337866080514,288.5269775390625,37653000
2025-10-20,286.1895264812807,286.47673420174976,272.6798217970078,274.5319519042969,32810700
2025-10-21,275.453075630662,277.6221559941788,269.65898749149005,272.5213623046875,18370800
2025-10-22,272.1945133224499,274.55178081941904,266.6777190847234,270.0551452636719,16474000
2025-10-23,270.3522878179626,280.3954305660964,269.78775624373066,277.3943786621094,16872200
2025-10-24,283.1885133474392,284.4463696843837,279.55356092104,280.62322998046875,13194900
2025-10-27,283.83229219343207,284.2581769813516,277.13686343958994,278.711669921875,13855800
2025-10-28,280.29637706570696,282.73286714510976,277.85988698630416,278.1470947265625,12448500
2025-10-29,278.7710762221633,278.92955129656065,268.75767615604695,272.669921875,18007100
2025-10-30,266.1726046001878,267.1828794578266,253.83164865983144,254.4358367919922,27954200
2025-10-31,257.0308356655325,263.2706378549427,254.2575667388786,260.1011962890625,16898700
2025-11-03,262.7060108604323,263.08238535352035,252.79164718057376,255.38662719726562,15709200
2025-11-04,247.59183924614698,252.84120929984184,242.84760663569867,245.79913330078125,19772600
2025-11-05,245.54162011939326,249.98871567900335,244.67002227563194,247.91868591308594,11991500
2025-11-06,245.5713345860817,246.6905440901093,237.0039623527757,241.47088623046875,18678300
2025-11-07,236.71673249408505,238.1033516601413,230.1302687857947,236.9742431640625,20969300
2025-11-10,243.60033273981523,244.87801728821677,234.8051774075164,238.5292510986328,16698700
2025-11-11,233.97318895516247,235.18153497937493,226.7033147598624,233.89395141601562,20686600
2025-11-12,234.47832621700618,234.5476496180775,224.00929872703313,224.82147216796875,24195000
2025-11-13,222.84058216987233,223.00895627543562,213.1639148214488,215.49147033691406,30009000
2025-11-14,208.8158515894353,224.88089611946816,208.75642721348203,220.7210235595703,36053800
2025-11-17,216.12535173148086,220.67149784050704,213.50065926480528,217.75958251953125,16143800
2025-11-18,214.14446521670735,221.56290055000463,212.45079488745804,218.38357543945312,21098300
2025-11-19,216.96723634120391,225.97039258042673,215.2339547387719,223.37542724609375,21679500
2025-11-20,228.9516437923061,231.7645085596671,208.2909267409707,208.6772003173828,27459600
2025-11-21,205.10166732624853,206.31991231510187,191.70092710981814,196.86114501953125,44834100
2025-11-24,194.97931272172713,201.87282751092232,192.44377191609706,198.36663818359375,31144700
2025-11-25,192.2258754104123,197.50495753246148,183.8566047732185,195.14768981933594,29595000
2025-11-26,207.4985742904451,207.99379761810727,200.3079370134765,203.001953125,26544100
2025-11-28,197.60399875878693,200.4069644933779,195.72215623510456,200.02069091796875,13848500
2025-12-01,198.58454104867837,201.55588081499275,194.8208409887437,199.0203399658203,13461200
2025-12-02,203.1802153722126,207.69664946019373,198.0893204413895,199.17881774902344,19664500
2025-12-03,198.41616933939397,205.93365541187117,197.4950461419395,205.74546813964844,19060500
2025-12-04,205.87423411503664,213.35210908512565,204.3489529767997,212.2824249267578,23316900
2025-12-05,216.90780565108173,217.403028951655,211.57919810074856,215.50137329101562,24208700
2025-12-08,219.2353646644679,222.60287711623684,214.83777926798228,218.43309020996094,24711200
2025-12-09,217.9279501905479,220.49320309264735,216.1946687518837,219.4136199951172,17643600
2025-12-10,219.6810693629974,223.16744579265006,215.50138330293507,220.87950134277344,47928000
2025-12-11,188.79893077949723,200.06031918010268,184.4508707012314,196.9503173828125,100612700
2025-12-12,194.49398811107298,195.95985991601637,184.20324885348734,188.15513610839844,55201600
2025-12-15,186.49118151502418,187.16469305403038,179.66700512419118,183.15338134765625,43897500
2025-12-16,182.9354717582941,187.98675512554968,182.72748644949797,186.8477325439453,32433500
2025-12-17,181.55875309373388,184.71827997901767,175.37837634746248,176.75509643554688,50222000
2025-12-18,180.97440820467443,182.99491266632592,176.87395978904445,178.3101043701172,36297300
2025-12-19,186.59023151713384,193.25593280159296,186.32280670757746,190.1360321044922,77008600
2025-12-22,194.93970796108377,196.90078800644136,190.98782056825766,196.48480224609375,27148000
2025-12-23,194.5534143210902,195.316062418809,190.35393049711385,193.4738311767578,18301600
2025-12-24,193.13708455844431,196.38574815633484,192.5626237241445,195.60330200195312,9282700
2025-12-26,196.16784940358133,198.45577861080451,194.2364815736537,196.09852600097656,11262000
2025-12-29,192.30511221146926,196.61354578036116,190.79962917343738,193.51345825195312,14748100
2025-12-30,194.18695089448133,196.48479417690953,193.8403036649356,195.3259735107422,14197400
2025-12-31,194.543511983856,195.31605909352973,192.86965487522457,193.04794311523438,10341500
2026-01-02,195.58348200605346,196.69277730911313,192.3546316843534,193.84030151367188,14540700
2026-01-05,196.4451590395415,199.7631609248871,190.492580898364,190.75009155273438,22635500
2026-01-06,190.7203986970888,193.0182421093506,188.87816737967754,191.89903259277344,16474500
2026-01-07,193.4342009178014,193.8006612799023,190.1657245052644,190.99769592285156,11171200
2026-01-08,189.05645602710703,189.12577943187264,184.37163262408228,187.83819580078125,19468500
2026-01-09,190.33079418293443,198.79169496774762,187.47076284555214,197.14321899414062,26152700
2026-01-12,196.22959779537723,205.1671804148495,195.6436780851804,203.26048278808594,25428500
2026-01-13,203.5782664871527,206.35885071854582,199.26836926262408,200.88705444335938,15857400
2026-01-14,200.2812819614504,200.2812819614504,189.48667349235532,192.2672576904297,22473200
2026-01-15,193.657558493201,193.657558493201,188.07653924395382,188.53335571289062,16418600
2026-01-16,188.59293085526497,190.5393292852399,185.23636714159738,189.76473999023438,19224700
2026-01-20,185.89179577745352,185.89179577745352,178.11609684945594,178.67221069335938,29129500
2026-01-21,178.43386618428758,179.34749908468692,169.416851630451,172.67410278320312,38190000
2026-01-22,178.12600905215297,178.91053864492068,175.27591823350863,176.9442596435547,21141900
2026-01-23,171.42282836084536,178.40407218084573,170.8071330789283,175.9313507080078,23011300
2026-01-26,177.857895893801,184.0248192666584,177.29184173481335,181.1747283935547,21100400
2026-01-27,177.94726781033333,178.47359089439897,172.47547156030626,173.68701171875,27093700
2026-01-28,173.70688545319166,180.41999775455932,170.66810972164663,171.60159301757812,35882700
2026-01-29,168.9699686251669,169.04941562703684,160.39982975761043,167.83787536621094,37254500
2026-01-30,167.0036818626301,167.7286148207701,162.10788036785846,163.43858337402344,27362400
2026-02-02,169.73461932781322,170.01267623587165,158.89035445463986,158.94993591308594,47421000
2026-02-03,157.16241931422803,158.27466212008704,150.84652700121748,153.59732055664062,43260100
2026-02-04,152.822730046133,152.87238631301568,143.42833107282857,145.65280151367188,42323400
2026-02-05,144.59023893772877,145.53364745406353,134.31201233895845,135.53347778320312,42789000
2026-02-06,138.78079752222578,142.20686784727977,137.94662677669297,141.8295135498047,29962400
2026-02-09,147.460197290568,158.64210145949994,145.980525286676,155.50401306152344,49936500
2026-02-10,158.89036566219892,164.2429842493256,155.8714553819222,158.7811279296875,40092200
2026-02-11,162.52497370070802,162.52497370070802,152.93196498750734,156.07005310058594,24538900
2026-02-12,156.83471631752477,157.9370188497243,151.44238173633673,155.394775390625,23285400
2026-02-13,158.1455614065261,161.17441192402597,154.21301832999148,159.02938842773438,18597000
2026-02-17,156.88435996901177,158.17534713351662,151.81973899698275,152.9021759033203,19610800
2026-02-18,153.33912562661325,156.20908203461818,150.32020042021392,155.0869140625,14801100
2026-02-19,156.0998468674784,158.9698033224978,154.68969677344117,155.454345703125,14976300
2026-02-20,152.23682329807312,152.9220403734579,146.36780721660742,147.0530242919922,29621900
2026-02-23,144.67959957883056,144.78883730271278,137.62883409835757,140.32997131347656,31749800
2026-02-24,139.8632339642692,145.7421753907146,137.76786676245285,145.12648010253906,21336600
2026-02-25,148.12553048589686,152.2169520959094,146.31814550487462,146.8643341064453,27303900
2026-02-26,147.75810017589302,151.44237713278912,144.1433450261864,149.26756286621094,20652200
2026-02-27,142.8821541260872,145.06689343918134,141.11450016934114,144.3916015625,36425200
2026-03-02,140.63781636159624,149.12852248038405,140.2008654741037,148.21490478515625,22418800
2026-03-03,143.74612724116352,149.8832603224921,142.0579201418087,147.97657775878906,20120800
2026-03-04,148.96962964986253,152.5446686180396,148.06595229240406,151.31326293945312,17585400
2026-03-05,151.53175219859966,156.84465486977967,149.07888096268312,153.71649169921875,24094800
2026-03-06,151.85945410648029,158.08597410034844,150.56846694887784,151.89918518066406,38000600
2026-03-09,149.6548595557333,150.94584680239967,145.41446869549333,150.50889587402344,31173500
2026-03-10,152.55459535748406,153.0709932476736,147.42045264344006,148.36386108398438,51544600
2026-03-11,165.22610910561966,170.56878687048746,159.4663308334791,161.98870849609375,83247500
2026-03-12,163.51803876567212,166.66605207763823,157.50999424030073,158.05618286132812,37133700
2026-03-13,157.94694871015022,159.65502126202176,153.08092242987794,154.03427124023438,26350400
2026-03-16,154.97769311978678,157.63911471237967,153.43843962082485,154.88832092285156,21607700
2026-03-17,154.3619860571572,157.81784711953617,152.4354380315028,153.6171875,23929500
2026-03-18,152.3361166933321,153.89523552297797,150.98554811494398,151.83958435058594,18051100
2026-03-19,149.41653147230454,155.83172137983988,147.8574125150856,154.44143676757812,22046100
2026-03-20,151.98856045208595,152.1871703681397,146.92392425140545,148.6419219970703,37551400
2026-03-23,150.36986033646522,154.69962318664022,149.66479286036432,153.2696075439453,19927900
2026-03-24,151.93890135471162,152.83265353678863,145.83155942026704,146.06988525390625,26122100
2026-03-25,148.19503810025608,148.80080816177428,143.59715893132088,145.00730895996094,20683800
2026-03-26,142.89209186849135,145.4542008422055,141.55144834229188,141.819580078125,16961900
2026-03-27,139.95260278465986,140.707341664734,137.34085289245976,138.69142150878906,17929600
2026-03-30,139.06877764806765,140.2207363676544,136.00021127953437,137.83738708496094,20125700
2026-03-31,139.32698384928602,146.37773430000672,138.88010775394596,146.08975219726562,24492000
2026-04-01,148.05602423130335,148.6121380829445,143.66667972746043,144.22279357910156,20495900
2026-04-02,141.78976835691424,145.42438858294545,139.32697228785526,145.36480712890625,14381900
2026-04-06,146.4174563411783,147.51975872325687,142.85235783762272,144.53062438964844,12556700
2026-04-07,142.78284834987056,143.56737798697142,138.96948335173397,142.1770782470703,17250400
2026-04-08,149.25763015193746,150.40958886157495,141.90894214666574,142.66368103027344,23527000
2026-04-09,141.70699943248175,142.30492535649793,135.52849744316222,137.38204956054688,30407800
2026-04-10,136.84393229395891,139.6840424992646,134.10346627490406,137.6112518310547,26171800
2026-04-13,139.28543447471924,155.3694779653856,139.23560477896012,155.08047485351562,49997700
2026-04-14,167.34779149353895,168.81269632594982,160.99988069035047,162.4348907470703,59779800
2026-04-15,166.31140813717766,171.9617489788171,165.63377292928178,169.22128295898438,43010800
2026-04-16,175.80836846916668,179.64502700380305,173.19745660129092,177.72171020507812,46997300
2026-04-17,182.29578972754894,183.86035396799997,172.75897602228687,174.4530792236328,45282600
2026-04-20,176.19702069918586,177.1437241337477,172.90845832122835,176.96435546875,22330900
2026-04-21,177.73168518842633,184.69744185391838,175.39978616849046,180.54190063476562,39638000
2026-04-22,185.53452930761875,188.52412867285312,182.16625769612565,186.84996032714844,32448800
2026-04-23,179.77456526841104,181.25940506244572,173.47648397959247,175.66885375976562,37084200
2026-04-24,179.88419055553038,180.08350934705402,168.21479607095443,172.67926025390625,33215000
2026-04-27,171.98167938805025,172.9483176843477,167.31789670409404,172.36036682128906,21616600
2026-04-28,161.59781465135282,168.1151345761582,161.48819539973903,165.3846435546875,33716500
2026-04-29,163.47128736703132,164.18879243452346,160.0930406767096,163.26202392578125,20587500
2026-04-30,161.45829556636002,164.60732857559,159.77415221061997,160.83047485351562,21016400
2026-05-01,165.8430357567767,173.69572140707442,165.5739675636214,171.23428344726562,26318000
2026-05-04,175.40976208307873,182.86382547986815,173.65585407967757,179.66494750976562,33504500
2026-05-05,181.49857498114957,185.87335460025724,178.3794215704854,184.70741271972656,23497200
2026-05-06,185.55445911068674,193.61640819386528,182.0366985044076,193.35731506347656,27685500
2026-05-07,197.92144212666506,199.4560964296715,190.13852094922035,193.91537475585938,31803200
2026-05-08,191.91234867633833,197.31355632268708,189.55057006502687,195.27066040039062,21158300
2026-05-11,191.48382541035645,195.00158596942157,189.93921129968984,193.16796875,16890600
2026-05-12,192.25116444316905,192.25116444316905,180.24293750852308,186.18228149414062,22123400
2026-05-13,188.37464692554053,190.90584946443576,184.4184093808476,189.10211181640625,15789300
2026-05-14,187.5275901989538,200.014163847459,184.807059111885,194.9318389892578,22545000
2026-05-15,189.82958881387833,195.74898244041898,188.2450896858239,192.2810516357422,15747100
2026-05-18,189.34128982843612,190.09864951363005,182.6346262937408,185.96304321289062,19114300
2026-05-19,185.3551556600763,188.06572689480225,180.30272556987043,180.83090209960938,16717700
2026-05-20,179.31617172278084,187.56746472504855,178.18012457626247,187.50767517089844,16517200
2026-05-21,188.3547161750033,192.15152006737793,186.5509936929414,189.11209106445312,12119700
2026-05-22,191.0054955424612,196.3170187370588,190.43747958820265,191.41407775878906,10875800
2026-05-26,192.6298441856895,194.52325092368912,189.89933811800566,192.3906707763672,12856100
2026-05-27,190.81615991336366,191.4738754300888,187.2685043953512,190.2979736328125,12126000
2026-05-28,193.36727626586583,204.28928574558662,192.70957597555034,202.99378967285156,25339900
2026-05-29,208.27541425064666,225.50546455715485,207.28884102481334,224.9972381591797,41082200
2026-06-01,229.70088459165413,249.3824137486397,223.82134525496076,247.28968811035156,48390000
2026-06-02,241.95824319584935,248.13674546339882,238.01196537258744,243.73207092285156,30294800
2026-06-03,239.64626819172787,239.67616296732885,226.82089245871197,229.53146362304688,23644700
2026-06-04,226.2130143514227,238.12158188953796,223.22341504281357,235.5206298828125,19993800
2026-06-05,228.69437902968323,230.63761546923837,208.72384785085606,212.93917846679688,29019900
2026-06-08,216.99508154036687,218.3005374625011,208.60427470114743,211.0856475830078,17227200
2026-06-09,213.16840576925884,219.73555545521918,197.1042813524375,205.0964813232422,26040700
2026-06-10,197.81181479593093,211.74334288511918,197.49291691405838,200.56224060058594,46108300
2026-06-11,179.0470967618207,184.12942155509757,174.67231714634136,183.4617462158203,63678500
2026-06-12,184.36857694107326,184.93660808713287,178.37941869260862,183.49163818359375,29562300
2026-06-15,186.74033863051216,194.6428540895421,185.56443686107608,191.97213745117188,20279900
2026-06-16,189.35124653572112,194.64285000480032,187.0094029029616,187.6770782470703,16985500
2026-06-17,185.51460950906105,189.53063677139517,181.94701911013038,182.8937225341797,16616600
2026-06-18,182.3755161261877,187.33826188438044,177.08392782803517,183.6510772705078,31386100
2026-06-22,181.6779484399822,183.9400828522113,173.79536790830892,174.4630584716797,22935400
2026-06-23,169.6398170049876,173.72560859622362,164.03930612455187,164.58740234375,33327900
2026-06-24,161.9166919476368,165.1753594043948,154.81142136725865,156.98385620117188,38305000
2026-06-25,156.80448848405618,157.07354147130096,149.83871668017542,151.9314422607422,36844400
2026-06-26,149.73905843363008,153.00768579174587,147.48689909721142,148.0150604248047,36532100
2026-06-29,153.40630894976508,153.96436505683477,144.69660411903206,147.2477264404297,34310300
2026-06-30,146.73950129218147,149.41020274352846,143.97910030394291,146.04193115234375,35926900
2026-07-01,143.98907252177435,147.03846136273228,142.00596618652344,142.00596618652344,45964000
2026-07-02,142.80320083813373,146.55015993984455,138.3486965222042,139.78370666503906,44166700
2026-07-06,143.79973308287512,145.11514890176613,140.6706196763433,143.2615966796875,36683000
2026-07-07,143.22173026995844,145.05534742111888,137.07312321448111,141.1090850830078,47200000
2026-07-08,138.5778946629353,141.34825554862542,137.0731351103418,140.00294494628906,34607300
2026-07-09,140.9297055709286,148.553192714378,140.45137395281776,143.72000122070312,35221900
2026-07-10,145.64999389648438,145.67999267578125,139.25999450683594,140.63999938964844,29843300
2026-07-13,139.02999877929688,139.64999389648438,131.35000610351562,131.5399932861328,56690300
2026-07-14,132.0,132.75999450683594,127.5999984741211,127.94000244140625,52670400
2026-07-15,130.55999755859375,133.89999389648438,128.83999633789062,132.49000549316406,48520400
2026-07-16,131.47999572753906,131.77999877929688,123.66000366210938,124.20999908447266,54780900
2026-07-17,121.69999694824219,128.44000244140625,121.5,126.41000366210938,39917100
2026-07-20,124.2699966430664,125.48999786376953,120.02999877929688,121.37999725341797,36793200
2026-07-21,122.80999755859375,127.41999816894531,122.20999908447266,127.05000305175781,27748100
2026-07-22,126.18000030517578,128.83999633789062,124.69999694824219,125.83999633789062,21096700
2026-07-23,123.95999908447266,124.69999694824219,119.44000244140625,120.04000091552734,30900600
2026-07-24,122.47000122070312,123.08000183105469,114.75,114.98999786376953,46405700
2026-07-27,118.0,121.98999786376953,116.80000305175781,119.9000015258789,36916600
2026-07-28,118.18000030517578,122.33000183105469,114.5,119.95999908447266,32665400
2026-07-29,119.41999816894531,121.91999816894531,116.19999694824219,117.73999786376953,28081800
2026-07-30,122.87000274658203,128.33999633789062,121.58000183105469,127.55999755859375,41338400
2026-07-31,130.07000732421875,132.39999389648438,125.69999694824219,129.8699951171875,34438700
2026-08-03,131.9199981689453,143.07000732421875,130.2100067138672,141.85000610351562,49696900
2026-08-04,141.00999450683594,148.6999969482422,141.00999450683594,145.74000549316406,43723500
2026-08-05,145.0,146.38999938964844,142.5,144.38999938964844,23524100
2026-08-06,139.25,146.5800018310547,138.72000122070312,143.47000122070312,23073300
2026-08-07,145.32000732421875,147.16000366210938,142.33999633789062,147.02000427246094,22874000
2026-08-10,148.25999450683594,151.99000549316406,146.6199951171875,151.0500030517578,24265000
2026-08-11,151.1999969482422,151.99000549316406,144.24000549316406,145.47999572753906,28761800
2026-08-12,152.80999755859375,154.88999938964844,147.88999938964844,153.27999877929688,43559400
2026-08-13,151.97999572753906,159.25999450683594,151.91000366210938,156.22000122070312,25740000
2026-08-14,155.83999633789062,156.38999938964844,148.8000030517578,150.52000427246094,21905500
2026-08-17,148.4499969482422,150.39999389648438,145.5,146.64999389648438,20668000
2026-08-18,143.25,146.0,142.35000610351562,142.7899932861328,19152300
2026-08-19,142.6999969482422,146.0800018310547,137.42999267578125,143.80999755859375,26552900
2026-08-20,144.3000030517578,145.9199981689453,141.02000427246094,142.07000732421875,15184400
2026-08-21,143.72000122070312,148.35000610351562,142.60000610351562,146.47000122070312,19635000
2026-08-24,145.1199951171875,145.1199951171875,141.25,142.4499969482422,14158600
2026-08-25,143.3000030517578,146.33999633789062,142.50999450683594,144.75999450683594,13329400
2026-08-26,147.0,151.6300048828125,146.8300018310547,148.8699951171875,18426100
2026-08-27,152.11000061035156,153.8300018310547,147.52000427246094,151.94000244140625,30251400
2026-08-28,153.60000610351562,153.99000549316406,149.7100067138672,150.85000610351562,17800000
2026-08-31,149.30999755859375,151.25999450683594,147.75,149.1199951171875,16118900
2026-09-01,146.75,146.7899932861328,139.9499969482422,141.32000732421875,25443300
2026-09-02,140.25999450683594,146.69000244140625,139.72000122070312,145.75,21906700
2026-09-03,147.27000427246094,156.77000427246094,146.9199981689453,154.0399932861328,25101700
2026-09-04,159.4600067138672,159.6999969482422,156.7100067138672,158.77999877929688,26511300
2026-09-08,167.60000610351562,170.6999969482422,161.16000366210938,162.52000427246094,37662800
2026-09-09,163.5399932861328,165.14999389648438,160.36000061035156,161.6300048828125,27464600
2026-09-10,158.3800048828125,159.24000549316406,152.52000427246094,152.94000244140625,56824700
2026-09-11,164.42999267578125,166.0,149.83999633789062,150.27999877929688,80438600
2026-09-14,141.4199981689453,145.3300018310547,141.00999450683594,144.7899932861328,42159700
2026-09-15,143.4600067138672,144.8800048828125,140.02000427246094,140.35000610351562,31552700
2026-09-16,140.02999877929688,146.52000427246094,139.0,143.16000366210938,34366400
2026-09-17,146.75,152.0,146.14999389648438,150.58999633789062,27742400
2026-09-18,150.47000122070312,150.89999389648438,144.39999389648438,147.61000061035156,39324900
2026-09-21,148.92999267578125,149.97999572753906,146.16000366210938,148.55999755859375,22329400
