Date,Open,High,Low,Close,Volume
2021-09-22,54.59377644470023,56.728819774482325,54.57709920246863,55.88648223876953,4003600
2021-09-23,55.95321062944107,57.42939824723773,55.778070911944134,57.22089767456055,2520300
2021-09-24,56.695472005765374,57.120808543829284,56.21174920564728,56.74551010131836,2424700
2021-09-27,57.98817608750383,59.63950336107631,57.61287761588532,59.32257843017578,3136300
2021-09-28,60.2650008197427,60.840458011580445,59.02233295906836,59.13909912109375,3790400
2021-09-29,59.030683408205405,59.0807215114506,58.12162393027638,58.3468017578125,2351900
2021-09-30,58.48023394404748,59.12241280969006,57.62120637153248,58.40517044067383,3435400
2021-10-01,58.45521957230362,60.69868784992184,58.45521957230362,60.5235481262207,2859400
2021-10-04,60.8821546736567,63.32578113630839,60.290013932848225,63.14229965209961,6312000
2021-10-05,64.30157024462945,65.81945403889729,63.10894680892386,64.51007080078125,5064900
2021-10-06,64.2348559363119,65.6193028427887,63.60935419582889,65.37744140625,4437300
2021-10-07,65.64431840489225,66.70350485904945,65.42747603143029,66.13638305664062,2746500
2021-10-08,66.72853159176519,68.93029734568242,66.41994842334707,68.49661254882812,3274000
2021-10-11,69.18883521162815,70.48154141834343,68.39653551263042,68.42155456542969,2671900
2021-10-12,68.38818560102466,69.50574557980951,68.22972313483517,68.91360473632812,2217500
2021-10-13,68.22138999157178,68.71344828936142,67.18722256877462,68.27976989746094,3511800
2021-10-14,69.30560257130558,69.66422388061083,68.1630232829799,68.52164459228516,2283100
2021-10-15,69.22219404174542,69.51409358740717,67.71265184637119,67.7376708984375,2092900
2021-10-18,68.11295289568568,68.92193598538572,67.05377298303382,67.44575500488281,2534500
2021-10-19,67.88778312609244,69.13044467323958,67.6042190577831,69.03870391845703,2880000
2021-10-20,68.67174961422607,69.49741651205159,68.28810930141805,69.48907470703125,2016900
2021-10-21,68.9553066194683,70.25634809964981,68.27142502566363,68.99700927734375,2536000
2021-10-22,69.16380060884369,69.93108108253571,67.98785448819976,69.13043975830078,1880200
2021-10-25,69.68089586951236,70.1229160777974,69.08041318545241,69.83101654052734,1939200
2021-10-26,69.8393512360818,69.84769304075257,68.35482815131473,68.57167053222656,3262700
2021-10-27,67.13717908088037,67.42907858690648,64.32658929329854,64.51007080078125,5417200
2021-10-28,63.80117350525499,65.04383510301733,63.38417237123371,64.00967407226562,3380000
2021-10-29,64.21817380369092,64.78529559309794,61.77454693560461,62.3666877746582,5110900
2021-11-01,62.89210765795223,65.2022909045741,62.800366908811455,65.16893005371094,5824600
2021-11-02,65.13556963926351,66.69515602217449,64.67687225341797,64.67687225341797,4552600
2021-11-03,64.43501191033288,66.33653591288846,64.20982775254338,65.83613586425781,4270800
2021-11-04,66.58672562940984,66.8285870056651,63.64269918939807,64.11808013916016,2859200
2021-11-05,65.05217487785562,65.36909343916908,63.88457046643588,64.8603515625,2682400
2021-11-08,65.55256504195827,65.944547054529,64.56844229060691,65.0438232421875,1640600
2021-11-09,64.90203738074625,66.07798329110454,64.44333372147234,66.02793884277344,2363700
2021-11-10,65.9528926671652,66.52001439329655,64.30990738574359,64.66018676757812,2910300
2021-11-11,64.6351653938436,65.65264901553182,64.36828496544433,64.9437484741211,1510500
2021-11-12,64.36829939098843,65.16894085561754,63.85121566129906,64.61016082763672,2146500
2021-11-15,65.13558049699974,66.35322313144519,64.43502159619528,65.81112670898438,3721000
2021-11-16,65.85330488316664,66.24147069044982,64.63817266002539,64.96726989746094,2950000
2021-11-17,64.32596065017421,64.61286331433848,62.84079964828786,63.01800537109375,2299800
2021-11-18,62.8407948333458,63.347097779425006,61.60034843075742,62.1994743347168,2548600
2021-11-19,60.76495318387145,61.00966768925309,58.65535203884875,58.76504898071289,4692200
2021-11-22,58.73974089105365,61.971651725643675,58.7059864966724,60.91685104370117,3782400
2021-11-23,61.73536775627137,62.56232775641873,61.465332643416716,62.30073928833008,3452500
2021-11-24,61.92100151519794,63.11081947875534,61.71848163726997,62.33448791503906,2305200
2021-11-26,58.95914232791889,59.04352509643923,56.604826389643826,58.43595886230469,5044500
2021-11-29,59.693256873805886,60.68055484911319,58.241850628524155,58.950679779052734,3400500
2021-11-30,57.38958345712525,58.84942364338488,57.38958345712525,58.36843490600586,5819900
2021-12-01,60.25020503810071,60.61305666274524,57.91276355623049,57.94651794433594,3976800
2021-12-02,58.0815367823298,60.52867525121406,57.32207912812552,60.23332595825195,3617500
2021-12-03,61.17842960357666,61.499086641063336,58.621594196429946,59.06882858276367,3219500
2021-12-06,59.997070171391265,61.01811660650264,58.680680790254854,59.97175598144531,3866000
2021-12-07,60.790268191877495,62.52013729145887,60.75651380054039,61.16156005859375,2572900
2021-12-08,61.34719546721862,61.743801491519186,60.511795260750425,60.62993240356445,1947700
2021-12-09,60.76495954128122,61.47378250993195,60.132079131560594,61.009674072265625,3913400
2021-12-10,61.60880283618321,61.77756837777435,60.18271018916495,61.195316314697266,2268800
2021-12-13,60.359906931310704,60.73119879299207,58.65535203884875,58.76504898071289,2527800
2021-12-14,58.60471991246675,61.11092721739589,58.495022965588156,59.68484115600586,3360000
2021-12-15,59.27135508394593,59.937989853378575,58.42751458157429,59.50762939453125,2666100
2021-12-16,60.216458998649884,61.09405389709116,59.74391037564002,59.87892150878906,2965600
2021-12-17,59.777641894288,60.663676756804165,58.672213195979005,60.58773422241211,5988200
2021-12-20,58.87475135529128,59.9295520251352,57.862145287438075,58.58784866333008,5883100
2021-12-21,59.41480124018673,61.40625851328521,59.271343489971095,60.87464141845703,5058500
2021-12-22,61.026541610352474,61.583479402369434,60.31771871650373,60.435855865478516,2320700
2021-12-23,61.245942357146625,61.74380514014143,60.629935986364906,60.6721305847168,2970100
2021-12-27,60.38521873896177,61.46533345263484,59.625767507029565,61.42314529418945,2229500
2021-12-28,61.68472755001667,62.61295063617193,61.56659041748732,62.38511657714844,2316200
2021-12-29,62.10665427795872,62.38512316460704,61.42314559072333,61.47377395629883,2693100
2021-12-30,61.532840300738606,62.42731550079717,61.07716571308417,61.136234283447266,2469200
2021-12-31,60.967478099710064,61.64255309677229,60.79871256944066,61.144683837890625,2317800
2022-01-03,61.507524184547,64.00529091247888,61.507524184547,63.91246795654297,3710300
2022-01-04,64.57910942640613,66.45243627921312,64.52004085167762,66.30054473876953,4484400
2022-01-05,66.874356233304,67.7266368977163,65.70141851283176,66.08958435058594,4196400
2022-01-06,67.71819109983008,68.10635690553806,66.1570876704852,67.91227722167969,3631300
2022-01-07,67.91227556290835,69.27085263070717,67.41440639866673,69.1611557006836,3771000
2022-01-10,69.4733828980263,71.13574954531893,69.16959983364838,70.76445770263672,5816300
2022-01-11,71.41421259107187,73.18628262753825,70.89946941864939,72.69685363769531,4409600
2022-01-12,72.99218314188535,73.40566307034081,72.15678307966175,72.82341766357422,4263400
2022-01-13,72.40992098740236,74.24949276623272,72.40992098740236,73.22844696044922,3706600
2022-01-14,72.99220101567929,74.79801911536309,72.99220101567929,74.74739074707031,3389700
2022-01-18,75.58279478129161,75.86126369676597,73.55757625473875,74.81490325927734,3862500
2022-01-19,75.54060901430586,75.56592964066735,72.99221318998514,73.61665344238281,3086500
2022-01-20,72.95001480286827,74.49424459323646,72.1230546483928,72.14836883544922,2943500
2022-01-21,71.85300805438817,71.85300805438817,69.39742951269788,70.41004180908203,3592700
2022-01-24,68.53672574203985,70.13158375575702,67.11063325140697,69.89530944824219,3803800
2022-01-25,69.39742721208519,72.78122875145702,68.55358687873496,72.53651428222656,3122800
2022-01-26,73.34660066445524,74.22419538890043,71.22856605054464,71.76862335205078,3907700
2022-01-27,73.60820651123673,74.13138347862898,70.8825989796596,72.41838836669922,3917900
2022-01-28,72.70528984317993,75.27055891926292,69.17803681607687,71.09355163574219,6742900
2022-01-31,71.23701679503189,72.3930806517521,70.2159705148596,71.54924011230469,3778700
2022-02-01,70.95010383783534,74.08919122054134,70.41848025457584,73.97105407714844,3360100
2022-02-02,73.43100231264458,74.21577428684074,71.52392729241983,74.00481414794922,4159500
2022-02-03,74.0469963523762,74.25795645594422,72.79810970653726,73.59976196289062,2829400
2022-02-04,74.30014577234222,75.52371171089781,74.17356843159727,74.9667739868164,3256300
2022-02-07,74.57860760986472,76.95823713278938,74.25795059542484,76.19034576416016,4104900
2022-02-08,75.48151485571974,76.14814948820512,74.13981182281215,74.94989776611328,3048400
2022-02-09,75.11022861443742,76.03001147212751,74.93302291996476,75.48151397705078,2605900
2022-02-10,75.10179391406962,76.95824017719846,74.99209698220905,75.48995971679688,2660100
2022-02-11,75.94564056218488,78.94127673733442,75.84437739042495,78.64592742919922,4821300
2022-02-14,78.00460838734615,78.07211072625743,75.3971382119077,76.38442993164062,3951800
2022-02-15,74.80645184503071,75.57434325201032,74.04699420659558,74.61236572265625,3397400
2022-02-16,75.55746093424673,76.5616329474125,74.04698603069143,74.51110076904297,3426300
2022-02-17,74.22419225112074,74.66299281378875,73.05125474543563,73.44786071777344,2670700
2022-02-18,72.65470545727761,73.9254573392089,72.10887888355816,72.55236053466797,2488000
2022-02-22,74.14722479290513,74.47983776278453,70.80402784148008,71.72511291503906,3562000
2022-02-23,72.36474426089286,72.39885924114499,71.10252252539992,71.62276458740234,3261800
2022-02-24,72.49267928185357,72.52679426468067,69.66120077488011,71.19634246826172,3775000
2022-02-25,71.66540693107122,72.83382066136723,71.29014863674631,72.2282943725586,2999700
2022-02-28,71.2219247871066,72.27093282152555,70.73579768430497,71.8445053100586,4639400
2022-03-01,72.56090511147927,73.52462892103337,69.15800896957907,70.07909393310547,5324500
2022-03-02,70.82106727083789,72.62912188878975,70.44580905601845,71.90419006347656,3644200
2022-03-03,71.63982713078879,72.82529517824493,70.28379066906174,70.78697204589844,3894300
2022-03-04,70.32640422508439,72.05769838363771,70.18995084409917,71.89566040039062,4030100
2022-03-07,72.68031404577405,73.31142500988544,70.24967826588654,70.44583129882812,6183500
2022-03-08,72.11740377521195,75.30708558764492,71.46070840604405,71.90419006347656,16579800
2022-03-09,67.80196365331376,68.52688900737327,66.6250262493148,67.67403411865234,14161400
2022-03-10,68.39898279396799,69.36271331114584,66.7700327846242,69.26036834716797,10788600
2022-03-11,68.70598731489342,70.01938461595701,68.05782228847221,68.88508605957031,7198200
2022-03-14,68.2625172490271,69.05567268565262,65.88305093915054,66.75296020507812,5807200
2022-03-15,65.59307788483714,66.16448914456615,62.983337291070846,64.25408935546875,5925300
2022-03-16,64.60376694623162,65.53337578300167,64.3564382127541,65.243408203125,4031800
2022-03-17,65.90010351861959,66.50563629945945,64.88521048503448,66.13890838623047,4840500
2022-03-18,66.30093703339209,67.2390761068885,65.24339879636521,67.17085266113281,8269500
2022-03-21,68.22838980785525,69.42238793084599,68.04076069480105,68.76568603515625,4278900
2022-03-22,68.39896064491595,68.72304967251456,66.78706539815046,68.0492935180664,3541700
2022-03-23,68.6548234418123,69.06419668059183,68.1089967946175,68.45866394042969,3446700
2022-03-24,68.76569773584214,69.36270015230238,68.05783301628277,69.18360137939453,3946900
2022-03-25,68.9021598703874,71.51189422607422,68.72306109173904,71.51189422607422,4290900
2022-03-28,70.36054103893828,70.97459771090638,69.46504064119021,70.18144226074219,4214600
2022-03-29,69.08124496141886,71.25602749809599,68.74863208029409,71.18779754638672,3546000
2022-03-30,72.18565722329377,74.62482340011321,72.18565722329377,74.57365417480469,4512500
2022-03-31,74.19839614035118,75.66530800168013,73.60992401983084,73.67815399169922,4830800
2022-04-01,73.71225185473516,74.61627599830314,72.0918261865013,73.31140899658203,3204400
2022-04-04,73.92548441389384,74.19839780070616,72.95323006670192,73.91695404052734,2410900
2022-04-05,74.18133052676491,75.18769968383106,73.25171519620606,73.2687759399414,3003100
2022-04-06,73.81461047560474,74.18986228975557,72.6803116468406,73.07262420654297,2563300
2022-04-07,73.48198902117416,73.89988614414916,68.3733829490156,70.85519409179688,7514600
2022-04-08,71.3583775030999,72.43297664328749,70.91489575852817,71.85303497314453,4686200
2022-04-11,71.29014417521633,71.8103862300568,70.07909167339002,70.35200500488281,3973800
2022-04-12,71.21339063430173,72.26240511979651,69.68677944348488,69.90852355957031,2943900
2022-04-13,70.30083816949724,71.11957819170418,69.62708193620075,70.90636444091797,2659600
2022-04-14,71.05988528867965,71.71658083992035,70.60787313556013,70.65904235839844,3014900
2022-04-18,71.36690084600787,74.3518931028205,70.45434633062439,74.3348388671875,3679600
2022-04-19,74.1642710801927,77.19190897621344,74.01928728974269,76.3731689453125,5120900
2022-04-20,76.56077705050264,77.3027631127193,75.50323885799685,75.793212890625,2816600
2022-04-21,76.55226904013855,77.19191031034445,72.95321978536381,73.30288696289062,4574000
2022-04-22,73.33698913022043,73.9595760540773,71.21338230610075,71.31572723388672,3458600
2022-04-25,69.32005650990405,69.94264355118173,66.59944685407149,69.09831237792969,5577500
2022-04-26,69.43945929323503,71.16223020461062,69.12390707687013,69.83177185058594,4847000
2022-04-27,69.84030168104572,71.74217136426462,68.80834781948492,70.79550170898438,4482600
2022-04-28,71.33278763607672,74.84655237934095,70.82960633784701,74.37747955322266,4228700
2022-04-29,75.58853273031002,77.03839006575538,73.74636940101003,73.99369812011719,6279900
2022-05-02,73.92547946247115,76.29641557162036,73.422291575845,76.0576171875,4280400
2022-05-03,76.23671148187674,77.82302237633579,76.21965724405966,77.43070983886719,4292000
2022-05-04,78.24091057342423,82.25785657026593,77.56715438829238,82.01905822753906,5874800
2022-05-05,82.3943327471067,82.52226231503712,78.85498273712824,80.61186218261719,5448500
2022-05-06,81.81437866493548,82.33462072437861,79.39226713308707,82.18110656738281,4093600
2022-05-09,80.39864673083017,80.7653746809846,76.04056319308981,76.3134765625,5173000
2022-05-10,77.10662221203259,78.92320098517115,74.9062547921067,76.39022064208984,4186100
2022-05-11,77.91683254151285,79.29845997013527,76.84223343036207,77.7803726196289,2981700
2022-05-12,77.96801124344269,78.18975539009509,75.69088970082801,77.77185821533203,3910600
2022-05-13,79.05115693702179,80.92743592543157,79.05115693702179,80.68010711669922,3329000
2022-05-16,80.78243511338609,83.56274452687431,80.78243511338609,82.79517364501953,4561900
2022-05-17,83.88682249519609,84.1426816106359,82.24081200301114,83.34099578857422,3747200
2022-05-18,83.75035807229965,84.07444713537308,80.432752655715,81.46470642089844,4002600
2022-05-19,79.48608046317489,82.2237506380728,78.93172993905178,81.30266571044922,4660600
2022-05-20,82.22459067167722,82.63817213891687,78.82118627908629,80.81153106689453,3838800
2022-05-23,81.99198128849012,82.64680950397768,81.14758854141049,81.92304992675781,4220300
2022-05-24,81.02693364204373,83.62041770180926,80.73397874384044,83.37915802001953,3076300
2022-05-25,83.56873589578713,85.84341799309422,83.36194840702896,85.3695297241211,3422100
2022-05-26,86.0674415348172,86.70504012591775,84.85255764402218,85.0248794555664,3262700
2022-05-27,85.04210375982747,88.11809457904704,84.96456092151398,87.65282440185547,3621300
2022-05-31,88.15256358672205,89.32437028345602,86.64472476394802,86.8601303100586,5541800
2022-06-01,87.74759124509303,89.61731619245501,87.20477169023918,88.90216827392578,4086100
2022-06-02,88.35935821524568,89.65179150026445,87.5838969295033,88.74708557128906,3031400
2022-06-03,88.91940488954504,90.33246471569883,88.54890709526961,90.00505065917969,2940200
2022-06-06,90.36693335349425,92.15910909495518,90.22045915817006,91.34918212890625,3046000
2022-06-07,90.92698986484882,94.76121260539418,90.92698986484882,94.70951080322266,3477600
2022-06-08,94.56303959368579,95.88132055172625,93.77896021026484,94.99385070800781,3611100
2022-06-09,94.54580838406481,95.12309368945868,93.21890938637574,93.28783416748047,2946100
2022-06-10,92.11601565447144,92.85700456274,90.3324517170381,91.59903717041016,3015000
2022-06-13,89.01419110527632,89.77242288016163,86.21391883803453,87.40296173095703,4227500
2022-06-14,90.4100187814281,92.80532747405736,88.18703190138073,89.72071838378906,4522800
2022-06-15,89.78104298214126,90.52203870214107,86.2656289177043,88.212890625,4747200
2022-06-16,85.61939572687128,87.0927688199508,82.66403147855706,83.14653778076172,6847800
2022-06-17,83.5256507432809,83.8961485192772,77.74416708429135,77.98542022705078,14918000
2022-06-21,80.74262296207448,83.31887173520838,80.60476681575996,82.6985092163086,5764900
2022-06-22,79.26923535025209,81.01832720891305,77.95957261513443,77.98542022705078,5178900
2022-06-23,78.9504382995042,79.31232461251537,71.6525039278772,72.71229553222656,6160600
2022-06-24,74.29769032226494,74.6164863511107,72.29872694335491,72.54859161376953,5269800
2022-06-27,73.62560703967597,75.9089069573703,73.298193002748,75.1334457397461,3796200
2022-06-28,76.74469558610491,78.66611614712694,75.32301752105442,76.55513763427734,3791400
2022-06-29,77.78725097891667,78.20944401528737,72.56582256292457,72.87600708007812,4246300
2022-06-30,71.23892296523894,72.565821927294,69.69661845558382,70.64440155029297,4829100
2022-07-01,70.9804205263695,72.98800143568558,69.48981809442478,72.69505310058594,4093300
2022-07-05,71.56633780090662,71.95407173495093,67.31854009359405,69.26580810546875,5205700
2022-07-06,68.91254471545867,69.68799941703368,66.06057083509162,68.52481079101562,4624400
2022-07-07,70.55823804436608,71.81620560712808,69.98095277576087,71.11829376220703,3711300
2022-07-08,72.0057726153523,72.1780944393499,69.65354093321334,70.6616439819336,2219400
2022-07-11,69.50705647617212,70.80810774857088,68.70574762279477,70.44622802734375,2444000
2022-07-12,68.47310629772066,69.90339550189732,68.09399048698857,69.36919403076172,2565200
2022-07-13,68.32662272154106,70.13602748743284,67.59423881093751,68.62818908691406,3591300
2022-07-14,66.47416263013795,67.71489428829759,65.26789007961183,67.68043518066406,4199000
2022-07-15,68.9728433958476,70.4289800987196,68.24045944046674,70.34281921386719,2792200
2022-07-18,71.97991476614756,72.65197898731341,70.93735275976782,71.29923248291016,2709600
2022-07-19,71.08382485354886,73.82378345630458,71.08382485354886,73.59114837646484,2767400
2022-07-20,73.49636834073988,75.2196125543689,72.9104650451598,74.83187866210938,3590900
2022-07-21,72.76398856194916,73.50498414319522,70.24805344005367,73.4188232421875,3628000
2022-07-22,73.28958260572614,74.1684409354977,72.42796040129049,72.83292388916016,2706700
2022-07-25,73.87549710158905,75.34025901407982,72.98802714905317,75.16793060302734,2756600
2022-07-26,76.04678662990962,76.29665788769121,73.53946256205934,74.05643463134766,1870000
2022-07-27,74.53034053321127,76.52068625197288,73.7031837854966,76.11572265625,2277100
2022-07-28,76.89114358711058,77.61490946797562,74.70262297099237,75.83135223388672,3257100
2022-07-29,76.09847618982764,77.08934308337099,74.75434759518281,76.68437957763672,4750400
2022-08-01,75.5125683128481,75.9950746363629,73.79794199293889,75.3833236694336,2910900
2022-08-02,75.49533821282581,76.49481652908003,74.25460016291174,75.42640686035156,2455900
2022-08-03,76.66716066508985,77.40814984866404,73.10865610280027,73.67733001708984,3539700
2022-08-04,73.15170794056215,73.28095255321846,71.03211864342248,71.21305847167969,2989700
2022-08-05,70.40314373763113,72.79845221691453,70.23082194039765,72.16947174072266,1796200
2022-08-08,72.37627079943124,73.0741827357129,71.74728364888458,72.20394897460938,1680200
2022-08-09,73.16032525353467,73.96162738177757,72.75536187238782,73.69452667236328,2062300
2022-08-10,74.19428987088982,74.40107736301266,72.08331806189851,73.78070831298828,2191600
2022-08-11,74.98697475578822,76.33972127002103,74.28906291699168,76.10708618164062,2803200
2022-08-12,75.72797426065404,77.58046329629853,75.52118677429195,77.5459976196289,2795200
2022-08-15,75.20237376744926,77.0720920953374,74.27182034737096,76.82222747802734,3082700
2022-08-16,77.18411817729654,78.40762012240842,76.08985430313223,76.99456024169922,3420100
2022-08-17,76.18445949565424,78.86738057044059,75.85345234193223,78.28376007080078,3063900
2022-08-18,78.64961300163606,78.90222635355843,75.4876030749175,77.25588989257812,5466000
2022-08-19,77.12522289879148,77.75239992680066,76.53288977742677,77.03811645507812,3167500
2022-08-22,76.44579406787632,77.90920512345123,75.15659592419028,76.8552017211914,2694600
2022-08-23,77.61300479739249,79.87780499381208,77.44750458966321,79.62519836425781,3128000
2022-08-24,79.62520733388985,80.74889159986289,79.17224325610397,80.46144104003906,3200700
2022-08-25,80.7053432067204,82.08164744786926,80.504992429016,81.71578979492188,2766000
2022-08-26,81.9771244734038,82.53461368058528,80.26110030769391,80.29594421386719,2750000
2022-08-29,80.28723162709403,82.24715649147171,79.97364311712995,81.18444061279297,2576400
2022-08-30,80.08689422789153,80.12173813702563,77.82208665474803,78.52766418457031,2836400
2022-08-31,76.49803842029877,79.3464593916585,76.27155637206563,77.92660522460938,2841700
2022-09-01,76.44578332449642,76.98584726293147,73.51896162467024,75.20014190673828,4004200
2022-09-02,76.89874010726126,78.31860104507497,76.39351343434846,77.05553436279297,2641600
2022-09-06,77.69141837474939,77.71754964113899,75.26111091359006,75.57469940185547,2556200
2022-09-07,74.1112870975944,75.57469779648184,73.19665291861664,75.19142150878906,2633200
2022-09-08,75.50500804127952,75.6966461801789,74.0415973801691,74.85169982910156,2477400
2022-09-09,76.16703658277916,77.01198301919017,75.74020372274352,76.68096923828125,2474400
2022-09-12,77.72625185504602,79.3290313394215,77.38652550015495,78.01370239257812,2454500
2022-09-13,76.64610686388941,77.89174794659056,74.92137714679174,75.05204010009766,3004000
2022-09-14,75.63567765959306,77.40396431262123,73.96321008443496,74.91268157958984,3872100
2022-09-15,73.2314925467234,73.4231306793828,70.69666022182366,71.31512451171875,5077600
2022-09-16,71.37610862366066,71.37610862366066,68.82385070544626,70.32210540771484,6839900
2022-09-19,68.45799063126103,71.5590316436404,68.42315337289519,71.36739349365234,3124400
2022-09-20,70.67053297794352,73.03986543788821,70.42663227985432,72.4910888671875,3482700
2022-09-21,73.91095610403697,73.96322529549452,70.73152054233589,70.79249572753906,2872300
2022-09-22,71.60258378721383,72.63916836971,70.6792435582447,71.66355895996094,2963900
2022-09-23,69.15486496197643,69.21584014122021,65.80121681197562,66.19319915771484,5632400
2022-09-26,65.33082312274313,66.7593899233635,64.47716410978948,64.59912109375,4717500
2022-09-27,65.80122148458551,67.45627072618156,65.67055847812856,66.3935546875,4147800
2022-09-28,66.51549132338762,71.06251781799823,66.39354098141528,70.90572357177734,5401100
2022-09-29,70.32209079040267,70.91442376711083,69.11128692903951,70.23497772216797,3118000
2022-09-30,69.52942138410602,70.93185700542637,69.13743907947664,70.31339263916016,3259300
2022-10-03,72.84823050429296,74.27679749565593,71.7071207680422,73.6757583618164,3891800
2022-10-04,75.3307999459504,78.78897271890041,74.46842826630183,78.71057891845703,5402400
2022-10-05,78.04855612131006,81.70708623927784,77.91789314463352,80.67050170898438,5443400
2022-10-06,80.06075438869402,81.68966543014713,79.74716588584623,81.32381439208984,3237500
2022-10-07,81.79419420520158,82.31683947588947,80.01719496822665,80.5746841430664,3283500
2022-10-10,81.14961138695472,81.77678182318297,79.09386723845058,79.36389923095703,2786000
2022-10-11,78.50152187674796,80.11301423429425,77.21232400323382,78.69315338134766,2939500
2022-10-12,78.30117982199742,81.64612189788093,77.55205241188065,80.95796966552734,2838800
2022-10-13,80.1042992441474,85.27850256966389,79.97363626855248,84.40742492675781,3690000
2022-10-14,84.05897874755502,84.93005624752968,81.81159720262984,81.96839141845703,3905200
2022-10-17,83.42310813133513,85.35690168232217,82.35168628549339,83.153076171875,3667600
2022-10-18,83.5886134469516,84.75586099496564,81.85517072308848,83.71927642822266,2756500
2022-10-19,84.02415569521683,86.11474354295888,83.27502832772764,85.32205963134766,3343500
2022-10-20,86.03633857579972,87.0206605965982,84.90394159182868,85.13912963867188,3033400
2022-10-21,85.59210097276254,87.70010751791905,85.15656210083122,87.49105072021484,3260100
2022-10-24,87.36910082970294,88.32728502385906,87.03808703197562,87.45620727539062,1996100
2022-10-25,86.8028863509418,87.74365177757858,85.88825218963468,87.29940032958984,2627300
2022-10-26,87.70011903400027,89.70360076628383,87.44750565761343,89.07642364501953,3171700
2022-10-27,90.59207757052253,92.29938900416388,90.11298219428342,90.20880126953125,3394200
2022-10-28,91.04504864601866,92.38650925424956,89.45968731734507,90.76630401611328,3561000
2022-10-31,89.43353272693291,91.75930824930403,89.43353272693291,90.84468078613281,3581600
2022-11-01,93.20530880255804,95.80112313074173,92.62168837046742,93.53631591796875,5810800
2022-11-02,92.95271784315378,93.10079948468127,89.72973241253605,89.9300765991211,3682200
2022-11-03,89.34644322156787,90.53982211378853,88.46665284634247,89.8255386352539,3073700
2022-11-04,91.58511526621814,92.17744840957099,89.18965142330227,90.13912963867188,3059200
2022-11-07,90.4788286510629,92.29066492708924,90.4788286510629,91.83770751953125,3226700
2022-11-08,91.69835183333004,92.10775943922425,90.2610788622319,91.5589828491211,2488600
2022-11-09,92.84817317210212,94.52064748470633,89.9213580780852,90.67047882080078,4702300
2022-11-10,92.4823140139076,92.68266480082518,90.86210902681825,92.54328918457031,3457300
2022-11-11,93.6060161664936,98.18788708771646,93.6060161664936,96.95095825195312,5586800
2022-11-14,96.68961664057684,98.8934419745529,96.01888979163431,96.0450210571289,3977400
2022-11-15,96.43701374923499,97.29067284045033,95.21750360998264,96.78544616699219,3785700
2022-11-16,95.67821466609824,97.18966442888026,94.3688801780567,94.62371826171875,3021700
2022-11-17,93.17378684891928,96.54818763422507,92.97167826511658,96.42516326904297,2446000
2022-11-18,94.87855816508548,96.0472962836435,93.92950736034702,95.7748794555664,3696400
2022-11-21,94.45675344895045,96.02092601548604,93.05954538254774,95.81002807617188,3047200
2022-11-22,97.39178574792845,99.16685636980706,97.14573701859133,98.67475891113281,3494100
2022-11-23,97.08422259845739,98.27931544135858,96.17910521593733,97.28633117675781,2662300
2022-11-25,97.57632368149086,98.25295769678294,96.96998451534753,97.34784698486328,1409400
2022-11-28,95.12461234757575,96.74150785208202,94.55342395797238,94.74674987792969,3598700
2022-11-29,95.88912269123695,96.94361913279528,95.26521151447704,95.75730895996094,3854100
2022-11-30,96.80302238133596,96.98755892271645,94.02617148210625,95.29157257080078,3987300
2022-12-01,95.85396344045688,96.37242224548847,93.90313916217505,94.9400634765625,3214200
2022-12-02,94.20192811438486,95.52005214604691,93.19137172023768,93.72740936279297,2676000
2022-12-05,94.72916436621499,95.05429727232375,90.6869127713212,91.521728515625,3015200
2022-12-06,90.81874130118801,92.58502931976848,89.59728027708455,90.58148193359375,3627000
2022-12-07,90.29148943316657,92.23352455708844,89.56212591435215,90.51996612548828,2817100
2022-12-08,91.94353299942279,92.04898532456873,88.28793955058619,88.66580200195312,2899700
2022-12-09,88.27914629923833,88.97335899119474,86.06470120313806,86.11742401123047,3212200
2022-12-12,86.70617555003348,89.76422549004003,86.13498727136191,89.69392395019531,3692400
2022-12-13,91.36357596218991,91.67992628174478,89.40396185518757,89.74667358398438,2984000
2022-12-14,89.80817306432812,90.66056093226155,88.79761676332652,88.99972534179688,2646800
2022-12-15,88.53398648227999,89.21940982106375,87.59372505778757,89.16668701171875,2445400
2022-12-16,87.65523822299393,88.70973464770604,87.04889909140583,88.43732452392578,7235200
2022-12-19,89.02607909322161,89.97512983598459,87.49705736609748,88.41095733642578,2451200
2022-12-20,88.75366844988156,90.9066012899559,88.40216743198746,90.19481658935547,2442300
2022-12-21,91.60084259305727,91.96992246460694,89.86970506980451,90.81875610351562,2471800
2022-12-22,90.86268067679428,90.94176489721173,86.96982093610515,88.34066772460938,2287700
2022-12-23,88.79761905017942,91.40749882789119,88.79761905017942,91.33720397949219,2216300
2022-12-27,91.89082305568375,92.08414899335864,91.11752600930993,91.89961242675781,2474900
2022-12-28,91.74142224555501,92.0226217349443,89.62363335333833,89.76423645019531,1910700
2022-12-29,89.6324260184703,91.65355203198929,89.34243714878433,91.48658752441406,1827300
2022-12-30,91.24932330900869,92.16322337766645,90.95934113779016,91.4602279663086,2088900
2023-01-03,90.86266728378492,91.80292864577564,88.34944407242205,88.780029296875,2877200
2023-01-04,87.47948892369911,89.63242186520206,87.33009645863707,88.47247314453125,2959100
2023-01-05,88.05068228639956,90.57269533726745,88.05068228639956,90.52875518798828,3348400
2023-01-06,91.58324398266,93.43740535704119,91.23174295685952,92.8837890625,3101300
2023-01-09,93.76253388809434,93.99979991874689,89.24576368433816,89.64120483398438,4707400
2023-01-10,90.01907665032397,90.90660857887184,88.37581311489825,89.25456237792969,3259200
2023-01-11,90.04543103519487,90.27390770298096,88.34065545244155,89.12274169921875,3551100
2023-01-12,89.5797053333079,91.18781144886938,89.38637941559584,90.38815307617188,2231600
2023-01-13,90.38813561995009,90.84508221548292,89.21060830508,90.53752136230469,2133200
2023-01-17,90.9944893372114,92.277462463325,89.94877556343515,90.0805892944336,2600800
2023-01-18,90.70449638092252,92.71683291742991,89.89604870025326,90.25633239746094,2908000
2023-01-19,90.22997535751944,92.11049825992686,89.48303981850572,91.72384643554688,2696800
2023-01-20,92.0929402347504,94.23708422189056,91.24055224005035,93.99103546142578,2986400
2023-01-23,94.46555482548135,95.50247932336663,93.67467907212385,93.97345733642578,3070100
2023-01-24,93.97344570722237,94.25464519535934,91.70627106293531,94.03495788574219,2360500
2023-01-25,93.4637716917952,95.66064483854795,92.74319756783329,95.65185546875,2889100
2023-01-26,96.26698692619856,98.1299311210378,95.15097157898354,97.97175598144531,2723600
2023-01-27,97.92781928747443,98.27931362660647,95.5200414976064,95.5464096069336,2506700
2023-01-30,95.23005983260197,95.72215727340115,93.05075871531665,93.51649475097656,3110000
2023-01-31,92.00504198640975,92.00504198640975,87.11040902820703,88.1121826171875,7890100
2023-02-01,87.69918338019457,89.27213873740499,85.26504404927202,86.108642578125,4467800
2023-02-02,86.11742992854592,86.99617921353108,84.65870289739456,86.97860717773438,4668700
2023-02-03,87.24222924623383,88.41096742179252,86.56559523657228,86.82921600341797,3525100
2023-02-06,86.62710351108144,87.43555121985523,84.4917425447753,86.18772888183594,2666300
2023-02-07,86.8731432024449,89.96633732096905,86.54800359703654,89.87846374511719,3628400
2023-02-08,89.4215214842131,91.0823569547189,88.9645681406047,90.2826919555664,3683600
2023-02-09,90.65178494581463,91.6359799138198,89.56213093934404,89.72909545898438,2897400
2023-02-10,91.15266276025083,94.49190589160685,90.9329754474909,94.36009216308594,3003300
2023-02-13,94.02617398134089,95.17733340526115,92.92773736940934,95.1333999633789,2608800
2023-02-14,94.46554269909682,95.64306345513067,94.1140416644678,94.86097717285156,2267500
2023-02-15,94.02618123449396,94.60615902840917,92.48836985916346,93.71862030029297,2626400
2023-02-16,93.56043593873473,94.28979944256763,92.11049830098828,92.19837188720703,2876500
2023-02-17,90.55623591275992,91.04443634156382,88.03536366390873,88.35491180419922,3537600
2023-02-21,87.81346408255689,89.37569883337405,87.42290370182835,88.45256042480469,2569200
2023-02-22,88.15965468137311,89.48222513595951,87.45842423307612,88.29280090332031,2087700
2023-02-23,89.69525265989606,90.09468451293708,87.98212193472675,89.07390594482422,2738000
2023-02-24,87.96436280585648,90.54737614431788,87.07673047326035,90.53849792480469,3005800
2023-02-27,90.92016986794216,92.6066724645211,90.54736595550477,92.00308227539062,2699500
2023-02-28,92.87295907868202,93.09486713926846,90.42309896571726,91.03556060791016,4104500
2023-03-01,91.42613043490324,95.37609161378589,91.08883258581687,95.18968963623047,4581100
2023-03-02,94.53284814584293,95.28733431183625,92.62443718096743,93.92037963867188,4644000
2023-03-03,93.16590041266414,94.6571231879167,92.44692030084353,94.1067886352539,3755700
2023-03-06,93.27239937927645,93.27239937927645,91.25747035944208,92.29600524902344,4000200
2023-03-07,92.08296913347536,92.28712753383435,89.86388847438383,90.35208892822266,3119900
2023-03-08,90.3876017277866,91.12433818648934,87.30751646124389,88.15076446533203,3876200
2023-03-09,89.0472730028053,92.37589416285648,88.80761525900432,89.77513122558594,5194700
2023-03-10,90.01479029613283,92.2427423819062,89.28692534528653,89.84613800048828,4367100
2023-03-13,87.12999191114706,87.27200956106735,84.39608273618538,84.78663635253906,6037700
2023-03-14,85.55001320872991,89.11829945493011,84.99080720242907,86.94359588623047,3521200
2023-03-15,83.95226066169563,84.32506458508436,82.19474580956816,83.12676239013672,6810300
2023-03-16,81.20061371012692,84.60024060418803,81.0940953857742,84.36946105957031,5801500
2023-03-17,84.56473949357961,85.61214604260458,82.9758833870323,84.07654571533203,10256800
2023-03-20,84.51146445743535,85.9849372212057,84.1386605432633,84.81326293945312,4692800
2023-03-21,86.52639342744935,87.26312303723797,84.44045225318453,84.81326293945312,7228900
2023-03-22,84.9907919317765,86.4021240249979,84.0321474314203,84.0499038696289,3012600
2023-03-23,84.5381012817076,85.71865390687024,82.28351434902387,83.02912902832031,2856300
2023-03-24,81.34263672160026,83.38419405402905,80.47276071783705,83.19779205322266,3718400
2023-03-27,84.51147371466165,85.9849466398334,83.20665310003533,85.41686248779297,3475300
2023-03-28,85.34586499524899,88.64785893103523,85.22159698881389,87.68033599853516,3350700
2023-03-29,88.54131290941045,89.73073681969252,88.09749680460136,89.01175689697266,3053600
2023-03-30,89.89940292331966,90.03254912964502,88.47919252407634,88.75435638427734,2336700
2023-03-31,88.64783929684172,90.05029316914329,88.01762118319107,89.9881591796875,3920500
2023-04-03,93.19251488091825,93.19251488091825,90.68939202282378,91.34624481201172,4212300
2023-04-04,90.85805304951599,91.35512502668404,86.55303726186267,87.23651123046875,4202300
2023-04-05,87.34303484346529,92.88185946121727,87.1300049506551,92.6954574584961,6353400
2023-04-06,93.03274790110663,93.50319198059108,90.94681315534281,91.28411102294922,3808300
2023-04-10,91.43501312693822,93.60970974355631,91.4261349069735,93.1658935546875,2887700
2023-04-11,93.91151868731852,95.26959529231844,93.35230589319029,94.49735260009766,2484100
2023-04-12,94.68373046040622,95.39383896908146,93.96475050514262,94.11564636230469,3192500
2023-04-13,93.72509928890402,94.39970179054667,92.97061312406429,94.32868957519531,2765300
2023-04-14,94.25767497059199,94.88789308336177,93.432176670635,94.31980895996094,2111500
2023-04-17,93.98250289315074,94.26654495043039,91.83443441171734,92.24274444580078,3326700
2023-04-18,91.98534553368337,93.05937995258313,91.5592857631287,92.58893585205078,2932200
2023-04-19,92.58891806185534,92.66880848604526,89.46445551376826,91.47937774658203,3676700
2023-04-20,90.28108993456928,91.21310665662814,89.29581743596914,89.8727798461914,3784400
2023-04-21,89.80175954364637,90.49411166473455,88.30166553865438,88.89637756347656,3111000
2023-04-24,88.38155125196414,89.96153572342173,88.28391115342711,89.37570190429688,2897800
2023-04-25,88.3815455203474,89.0117636241543,87.91997971618491,88.15963745117188,2738500
2023-04-26,88.34605121151958,89.12717205344521,87.2720168259696,88.11526489257812,2716000
2023-04-27,87.97324568770789,88.29279388614545,85.50562875584937,86.75718688964844,3132800
2023-04-28,86.11810264161451,88.40819612945221,85.93170062824613,87.87561798095703,2710500
2023-05-01,87.16549467301492,88.39930310640779,86.61516694629427,87.34302520751953,2546600
2023-05-02,86.89920384794996,87.15661802855998,82.64744430246878,84.08541107177734,4207200
2023-05-03,83.39305503490534,87.0767305738542,82.58531313280031,85.16831970214844,6286000
2023-05-04,84.99966752852019,85.15944160698363,81.53790034321008,81.93733215332031,4619500
2023-05-05,83.62385027192413,84.20081270483831,82.76284573278885,82.94037628173828,2720800
2023-05-08,84.16530379694917,84.59137032816513,83.2510435095729,83.40193939208984,3352800
2023-05-09,82.81607998896816,84.43157018592824,82.62967128323427,83.41967010498047,3274100
2023-05-10,83.73922725498758,84.25405561013233,82.59418755668204,83.64159393310547,3323800
2023-05-11,82.35452696449532,83.33979939819362,81.97284478953023,82.90486145019531,3428400
2023-05-12,83.69486842358904,84.10317855696577,82.2924074619265,82.74510192871094,2777000
2023-05-15,82.77170893495857,84.13866343940467,82.14149083775688,83.6327133178711,3344000
2023-05-16,83.57058807885778,83.9522702646807,81.1473487554523,81.56453704833984,4389600
2023-05-17,82.74510435240816,84.3073394791602,81.9373555109976,84.13868713378906,3408600
2023-05-18,83.78361057480224,85.68314311693595,83.20664823695485,85.46123504638672,4405000
2023-05-19,85.71252516127313,86.08046353928687,84.76125598197886,85.20099639892578,3206500
2023-05-22,85.30868319789755,86.55609557557723,85.20996651936753,85.75739288330078,2398100
2023-05-23,86.53814758899225,87.73171695936652,85.62278287097286,85.82918548583984,3113600
2023-05-24,86.26890986444329,86.95095041016815,85.65866450179799,86.65480041503906,2780400
2023-05-25,85.61380885745089,85.69457331391632,83.77409641905251,85.38047790527344,3091700
2023-05-26,86.03559400454421,86.16123216354703,84.67151278284751,85.174072265625,2440600
2023-05-30,83.92665235659628,84.17793551916475,82.72411374618032,83.98947143554688,2943500
2023-05-31,82.55360999115669,83.21770528730454,81.93439525119015,82.21259307861328,4851700
2023-06-01,83.35228584017655,84.73431211387398,83.0740881024746,83.50485229492188,3100900
2023-06-02,85.03047663233504,87.20222964293977,84.57279088323546,87.07659149169922,4658500
2023-06-05,88.00095606642402,88.00095606642402,85.34459510502703,86.17021942138672,2996100
2023-06-06,84.94970819782483,87.2022255513521,84.8240632057139,86.88813018798828,2888000
2023-06-07,87.3189044668228,90.81883441325006,87.16633797557463,90.6842269897461,3871100
2023-06-08,90.63934657475275,91.08805621126143,88.62015321046371,88.97014617919922,3653600
2023-06-09,89.22142065016634,89.38295638986688,87.43555825058552,88.6291275024414,3247700
2023-06-12,87.15736764811943,88.68297776785185,86.72660335786549,86.85224151611328,2883900
2023-06-13,88.02786269986284,89.0688724553098,86.86122162714786,86.94198608398438,2733400
2023-06-14,87.80350291871366,88.1983696101926,85.12022107095295,85.88302612304688,2297500
2023-06-15,85.86506567458092,87.27401348473119,85.57789181667657,87.0676040649414,2123000
2023-06-16,87.52530515681153,87.80350295495961,86.75352399411102,87.16633605957031,4964900
2023-06-20,86.76250145831207,86.85224202233124,83.8817862186698,83.89076232910156,3273300
2023-06-21,83.45998927239066,85.21893016017542,83.14589390792291,83.71126556396484,2902800
2023-06-22,82.97538737435927,83.61255425358168,81.38695823133526,81.49464416503906,3515500
2023-06-23,80.76774665506555,82.01515908344133,80.53441569207845,81.5395278930664,4192000
2023-06-26,81.7279695026553,82.86768891915712,81.54848839426248,82.13180541992188,2846000
2023-06-27,82.19462283407105,83.4869086980739,81.82668451526014,83.0740966796875,3763800
2023-06-28,83.16384301038008,84.36638840555128,82.36514039915178,83.81896209716797,2574100
2023-06-29,84.07921702835803,84.95868411465842,83.8189646078258,84.83304595947266,2254400
2023-06-30,85.3176502988899,86.04455772151418,84.59971213935466,85.5958480834961,2574200
2023-07-03,85.83815371207004,86.72659686365617,85.61379889674667,85.84712982177734,1348800
2023-07-05,85.83815584709676,86.43044901396424,84.84201989454321,86.26891326904297,3854700
2023-07-06,85.61380004882812,86.33173135946451,84.8240667063327,85.61380004882812,4692900
2023-07-07,85.93688383948107,90.0111687455504,85.72149825336199,89.23938751220703,5340900
2023-07-10,89.31117916866131,90.88166318008784,89.25733619352069,90.03809356689453,3785200
2023-07-11,89.61628285007794,91.25856164745015,89.56243988844777,91.10599517822266,3060700
2023-07-12,91.81496513231392,92.5777770042607,91.11497918340042,91.50086975097656,2374100
2023-07-13,91.79702144492555,93.26878855601929,91.18677604422088,92.0572738647461,2886300
2023-07-14,91.590632100619,91.73422250725798,88.53043516187573,90.1547622680664,2865000
2023-07-17,89.74192325294455,90.5047282312415,88.85348012983471,88.88040161132812,3078300
2023-07-18,88.87144361810732,91.57267797575444,88.74580544768344,90.78295135498047,2367000
2023-07-19,90.78293639178759,92.89187030117654,90.75600806247795,91.94957733154297,3052100
2023-07-20,92.59572285340221,93.82518974868916,92.54187988682926,93.37648010253906,2520300
2023-07-21,93.70853121480138,95.0905578992879,93.39443579713776,94.8841552734375,2711700
2023-07-24,95.1264466663901,97.0648756584925,94.94696554346179,95.88925170898438,3691800
2023-07-25,95.58414827949704,97.33411348189136,94.73159568731059,96.66104888916016,2744600
2023-07-26,95.97898871085783,98.66227727245244,95.871302779801,98.34817504882812,2687600
2023-07-27,98.69818425431389,99.47893471581231,97.63922913533277,97.7199935913086,2925800
2023-07-28,98.24947717893541,99.32637770109498,97.89050805596004,99.03022766113281,2141100
2023-07-31,99.36227224887605,100.12507733256095,99.25457946125832,100.10713195800781,3800800
2023-08-01,99.78407118094415,100.91481476217548,99.29946385465912,100.60969543457031,2694200
2023-08-02,99.75713567286064,101.62376266942401,97.01102787651972,97.80973052978516,4886000
2023-08-03,98.30330347244804,99.39815603072053,96.39180297355999,99.08406066894531,3510700
2023-08-04,100.13404090270012,101.56991032394716,99.11995277490887,99.14688110351562,2650300
2023-08-07,99.68534370627131,101.24685146859429,99.64944611041986,100.00841522216797,2982000
2023-08-08,98.64432153408191,101.80324110320612,97.79177599205265,101.12120056152344,2865000
2023-08-09,101.67762622828072,103.91219873739105,101.41737376666887,102.68273162841797,3864800
2023-08-10,103.17629486569953,104.27114747374763,102.53912800376915,102.90706634521484,2587700
2023-08-11,103.23911826601591,105.25831171394627,103.23911826601591,104.67498779296875,2559000
2023-08-14,104.52242377459164,104.96215730106867,102.57502559628483,102.90706634521484,3043900
2023-08-15,101.17502910796686,102.79038625367203,100.94170506773737,101.79425048828125,5087600
2023-08-16,102.30579196141859,103.46346358680438,101.60580605927028,101.65067291259766,3904400
2023-08-17,103.01848322824964,104.8754023595533,102.79202916998119,102.89166259765625,4704400
2023-08-18,102.00395282974706,103.9695721323491,102.00395282974706,103.48043060302734,4896500
2023-08-21,104.07828196453912,104.52212996410542,101.6506942907103,102.6561508178711,2662600
2023-08-22,102.99129463937759,103.46232291269529,102.01301843869629,102.3028793334961,2217200
2023-08-23,101.38799918605363,101.84996734501048,99.78470768496145,101.68692016601562,2027400
2023-08-24,101.10720445309038,102.55650895825934,101.04379759695263,101.80467987060547,1713600
2023-08-25,102.16700237942842,103.67971366159304,101.22495277264751,103.16339874267578,2262100
2023-08-28,102.59273610494839,103.96957357220317,102.01301433864863,102.4749755859375,1702200
2023-08-29,102.52025629613291,102.82823042235934,101.47856650238711,102.07640838623047,1933200
2023-08-30,102.22135109095632,103.26304104506794,102.13077085817027,102.94600677490234,2113400
2023-08-31,102.99130033434118,103.81559640281267,101.514822399629,103.4079818725586,3086400
2023-09-01,105.19240340592515,106.26126649950032,104.259414086525,106.13445281982422,2787700
2023-09-05,106.61456256963085,107.58378561441553,105.71780647848948,105.74497985839844,2327000
2023-09-06,105.862729169678,106.87723876988122,104.72139895862107,105.65438842773438,1764200
2023-09-07,106.2069344610917,107.78305249162312,105.77213970568914,107.56565856933594,3348800
2023-09-08,108.58019158739593,111.92264870314129,108.18163024350562,110.7179183959961,4711200
2023-09-11,111.3247971022211,112.37554015655842,109.85737257147112,110.81753540039062,3105400
2023-09-12,111.30669266315098,113.07303840750451,111.05306523175561,112.57483673095703,4229600
2023-09-13,113.00055753983273,113.3991188319994,110.86283100865779,111.56936645507812,2779400
2023-09-14,112.23968351174399,112.32120364880738,111.14363987848029,111.38821411132812,2526300
2023-09-15,110.48239743598309,110.93530551309324,109.00591268167356,109.63092803955078,9312900
2023-09-18,110.98965750611252,112.23968828082924,109.60375983051716,110.91719055175781,2237500
2023-09-19,111.77772021226274,111.85018716669971,107.85553441643262,108.89722442626953,2970100
2023-09-20,108.44431063917165,110.32840989073375,108.29032355219184,108.76134490966797,2491400
2023-09-21,110.89001304932643,112.17627034257568,108.41713879365432,108.64359283447266,2730800
2023-09-22,109.1508397481026,110.23781630076479,107.35732083429875,107.41167449951172,2426300
2023-09-25,107.33921048138967,109.27765643004383,107.302977007202,108.9334487915039,2499100
2023-09-26,107.97329621990195,108.95157944647903,107.42980784208014,108.17257690429688,2350800
2023-09-27,109.11461108273667,110.09289416973502,108.4533691724937,109.42259216308594,2793800
2023-09-28,109.1417895715062,111.84112482813522,109.05120933568998,111.75959777832031,3294300
2023-09-29,111.81392910554693,111.81392910554693,108.22689857952734,108.83379364013672,2841900
2023-10-02,108.77945706433991,108.96968453549465,107.0584119249629,107.81023406982422,2445800
2023-10-03,106.88630393996249,107.37544548220751,103.38079300928743,104.73951721191406,2988400
2023-10-04,102.50216019796379,102.62897390776368,98.42598746940735,100.08362579345703,4464100
2023-10-05,98.5346715491399,100.69957141588337,98.36256428339628,99.16874694824219,3206000
2023-10-06,100.10174392720742,100.38254472015427,98.00930393690257,98.90606689453125,2625500
2023-10-09,100.59994314585155,101.14343838471098,99.04193820422313,100.7358169555664,2769800
2023-10-10,100.41878222157423,102.3481681961902,99.94775393812618,101.80467987060547,2662300
2023-10-11,100.92603183657361,101.89525482203092,99.78470848528428,101.56916046142578,2035900
2023-10-12,102.28475693978042,102.3572238896286,99.54013513944598,100.31913757324219,1976800
2023-10-13,101.86808429267049,102.12171171116117,100.07457217001277,100.18326568603516,3393200
2023-10-16,100.99850879393864,102.04925892908263,100.60900754188758,101.25213623046875,2750200
2023-10-17,101.16154554658377,103.24492540727397,101.16154554658377,103.1815185546875,2471900
2023-10-18,103.43513807178505,105.77213825365348,103.24491752854158,105.30111694335938,3249700
2023-10-19,105.21054025889416,105.40076080853675,103.83369593172631,104.34095764160156,2091400
2023-10-20,104.48587640641205,105.10183157574706,102.49308392900176,102.84635162353516,2667200
2023-10-23,102.63801880395637,102.89164620307176,101.46951522017905,102.40251159667969,2463500
2023-10-24,102.83729718682496,102.99128425992473,101.35175938683474,101.38799285888672,2331600
2023-10-25,101.56915768963779,102.25757986666501,100.0655065441737,100.31007385253906,2581100
2023-10-26,99.51296037339743,100.12891561686098,97.90966195679836,99.73035430908203,3517900
2023-10-27,100.67239828131439,101.50574741385694,97.69226255760746,100.482177734375,5214900
2023-10-30,101.65068730203845,102.81919094004608,99.51296068052768,101.84996795654297,3194600
2023-10-31,103.65254854905785,104.37720427693144,101.83185604312665,103.32645416259766,3618600
2023-11-01,104.03299401850975,106.06202046569355,103.02753743695598,105.15620422363281,3343100
2023-11-02,105.21960397795546,107.35732366647551,105.07467008133521,106.99500274658203,2566900
2023-11-03,106.66889532138086,107.19426335519191,104.41340847965412,105.79025268554688,2525000
2023-11-06,106.19787220026262,106.98593465487605,105.3826363697708,105.8446044921875,2484500
2023-11-07,104.4677658989178,104.59457959207295,102.54743339983898,103.13621520996094,2180700
2023-11-08,102.40252153928867,103.16340381051148,101.10720413018687,101.27930450439453,2898600
2023-11-09,101.27929724831195,102.29381378142038,100.12891382709708,100.21043395996094,1802200
2023-11-10,101.45140565403764,102.8916499706785,101.21589152730877,102.75578308105469,2429400
2023-11-13,102.81012866774866,103.84275848211792,102.58367463984612,103.39891052246094,1487900
2023-11-14,103.54385249811378,104.65800951747015,103.4079855903638,104.18698120117188,2407900
2023-11-15,103.77029215078281,105.90801873974289,103.48949136598138,104.61270141601562,3203500
2023-11-16,103.69857755302611,104.88693856521974,102.29082102152366,103.78084564208984,4559600
2023-11-17,104.36588466912166,107.30023169207874,104.36588466912166,106.37696838378906,3354300
2023-11-20,106.56893883992977,108.79940421827013,106.56893883992977,107.9675521850586,2876700
2023-11-21,107.40993532852077,107.99497612045636,106.4318196006688,107.32766723632812,2039400
2023-11-22,105.93818489330188,108.05895940289813,105.06976697216119,107.87613677978516,2212000
2023-11-24,108.14123734319288,109.73181652416065,107.8669964269891,108.4428939819336,1173600
2023-11-27,108.07725933133771,108.66230016736063,107.24540025166448,108.16867065429688,2447200
2023-11-28,108.36976179005222,108.99136844709203,107.62931415604692,107.86698913574219,1926400
2023-11-29,112.43764271561997,113.23293586994353,110.88362930518014,111.72462463378906,6873900
2023-11-30,112.1816832526529,118.60799590324774,111.89830607223129,117.82184600830078,9147400
2023-12-01,117.46533660689464,119.98832247287646,116.77974125704895,118.56228637695312,4757300
2023-12-04,117.84013281448834,120.08887776487049,116.9168624514816,117.41049194335938,4842900
2023-12-05,117.55676214625517,119.36673007584882,116.56035988312097,116.73403930664062,3484500
2023-12-06,115.94788261183909,116.88029619636666,113.92766247767815,114.2658920288086,2952000
2023-12-07,115.12516552081428,115.85646299286503,113.41574538780455,113.91851806640625,3702200
2023-12-08,114.64981432639716,115.54566191491597,112.7027261970292,114.55840301513672,4102700
2023-12-11,114.30246803129754,116.42324289541013,114.04651352645868,115.55482482910156,2976800
2023-12-12,114.33901038382866,114.7229420619325,113.23291751639482,114.46698760986328,3484900
2023-12-13,114.27503511569216,116.47807788475832,112.7850034219149,116.24040985107422,3054600
2023-12-14,117.00824908122998,119.17472547961415,115.41767014806784,118.93705749511719,4260100
2023-12-15,116.95342327894541,119.00105905370275,116.75231420128567,118.71768188476562,9648400
2023-12-18,120.03403096418657,121.59719449063252,119.50383555604914,120.02489471435547,2987700
2023-12-19,120.22600246841803,122.33763387930358,120.13458417722623,122.31021118164062,2873100
2023-12-20,122.75814014183494,124.95205387297196,122.33764942525407,122.55704498291016,3365700
2023-12-21,122.80384208329102,123.71796926381003,121.83486950369668,122.75813293457031,3235100
2023-12-22,123.98304522801622,124.15673158382413,122.41988197421563,122.54785919189453,1402200
2023-12-26,123.49857616972606,124.4035530671628,122.96838078056965,124.0653305053711,1542400
2023-12-27,123.59914072438218,124.31215880070829,122.68501355488989,123.13292694091797,1799000
2023-12-28,122.58444144181695,123.1237730468969,121.38692330466988,121.43263244628906,1827500
2023-12-29,121.88969364724268,122.40160254730914,121.29551666290939,121.70687103271484,2023900
2024-01-02,122.03597859928877,123.63570116519705,121.80744680415901,122.75813293457031,2500300
2024-01-03,122.50216441585306,124.73263671273077,122.50216441585306,124.0927505493164,3094700
2024-01-04,124.6777904306001,126.20438096259663,123.30659982657629,123.6631088256836,3125200
2024-01-05,124.64121497884241,125.61932356030906,123.09633820447567,123.62653350830078,3126500
2024-01-08,122.02683256772984,122.66671875310756,120.43624637967149,122.35591888427734,3636500
2024-01-09,122.30107077848787,122.30107077848787,120.50938929480559,121.77088928222656,2172600
2024-01-10,122.08167332755701,122.08167332755701,117.8583967674561,118.29718780517578,3619900
2024-01-11,118.78167602887271,119.67751666940768,118.11436716030389,119.09247589111328,3540000
2024-01-12,121.1309738143435,121.53319195952257,120.28997857827466,121.4600601196289,2909900
2024-01-16,121.5788951986259,122.06338140947953,118.00465515755944,118.3520278930664,3169400
2024-01-17,117.13624781783341,119.03763388857232,116.52378432533386,117.25508880615234,2437000
2024-01-18,117.43790846621121,117.43790846621121,115.7559109926043,116.70660400390625,2337300
2024-01-19,116.98997935246939,118.03207662544828,116.14897719175097,118.00465393066406,2880300
2024-01-22,117.83098836134384,118.79082469361246,117.00827947567008,118.5257339477539,2307900
2024-01-23,118.36117982544634,120.13458873343144,118.03209349253702,119.85121154785156,2309600
2024-01-24,120.6373472862892,122.21878316911456,120.31739724103974,122.19136047363281,2649200
2024-01-25,123.76364510502873,125.85698964772402,123.18774067277859,125.8295669555664,3167700
2024-01-26,125.82959584541724,128.23375469866528,125.39081872168423,128.1789093017578,3389100
2024-01-29,127.6670018617968,127.77669265692556,125.87530650001081,127.14594268798828,3099600
2024-01-30,125.96670580058617,130.33623182833736,125.32681967803353,130.1808319091797,3664500
2024-01-31,132.08222896329522,134.99828267930366,130.583061085601,131.9176788330078,8307900
2024-02-01,132.85011464441644,135.94900545763502,130.1534420521306,133.0512237548828,5090500
2024-02-02,133.38027597930062,135.02570739442837,131.60686734013356,132.97805786132812,3702200
2024-02-05,131.9634089385208,135.53764979493883,131.36008161242202,134.59609985351562,2899800
2024-02-06,135.29078622657715,136.68026307177308,133.32541889794396,133.38026428222656,3323300
2024-02-07,133.72764122771176,134.84287735476832,133.25230520027307,133.94703674316406,2607800
2024-02-08,134.0841517641632,135.2268106002301,133.17002469530973,134.21214294433594,4018700
2024-02-09,134.22129100689062,135.08970900903972,132.8683867314855,133.15176391601562,2889100
2024-02-12,133.70935683149352,133.7276293281346,131.85368018405936,132.04563903808594,3753800
2024-02-13,132.1918990178271,133.85560281639624,131.18635379176254,132.69467163085938,3226300
2024-02-14,133.65454468481514,133.9470581369994,130.7750356220395,132.74041748046875,3086700
2024-02-15,132.09136800985436,134.7240585624202,131.8902589288404,133.80078125,2810900
2024-02-16,133.81000878425604,133.90207357227388,131.85806106747825,132.41049194335938,2690100
2024-02-20,132.26315025335848,132.26315025335848,129.35364772119405,129.95211791992188,3483200
2024-02-21,130.24677006948278,132.54860033754105,130.24677006948278,132.1710968017578,2403100
2024-02-22,132.1066433452687,135.04378111601167,131.37927113726778,134.99774169921875,2633700
2024-02-23,134.39004689217526,135.95528845891957,133.76394183592444,135.44888305664062,2189700
2024-02-26,135.35681746375096,138.1834716813139,135.1634715953336,136.55377197265625,2584700
2024-02-27,136.85760171044927,137.34558853863737,133.46931474874657,133.81918334960938,2106200
2024-02-28,133.2759536337664,133.58899913403832,129.70350906823612,130.044189453125,2594700
2024-02-29,130.04421179821816,132.06981968525895,129.77719161149818,131.21353149414062,3370200
2024-03-01,131.876465691323,133.3312242159387,131.86726342729193,132.7695770263672,2063600
2024-03-04,131.95012111709548,134.41769056504518,131.71073581773592,132.82481384277344,3479200
2024-03-05,132.8248089176884,135.46731962264204,132.4196985913145,134.5189666748047,2886800
2024-03-06,135.45808149677032,136.3972320300205,133.6258338873884,135.13583374023438,3210200
2024-03-07,135.96449585039989,138.48730664558363,135.6422480726146,137.38243103027344,2947200
2024-03-08,137.0785768844844,138.81875970385948,136.57217150334253,137.50210571289062,2398500
2024-03-11,136.13943065351782,137.6494305335207,134.62022851147864,137.64022827148438,3230900
2024-03-12,137.64942243497688,139.417226040539,136.66423253410792,138.45045471191406,2367700
2024-03-13,140.0157128313329,143.10935866182757,139.9512548519037,142.2254638671875,4028600
2024-03-14,143.48688487904957,144.41683327723052,141.2863357559609,142.1426239013672,3637300
2024-03-15,141.9953072832027,147.0777524697448,141.9953072832027,146.4240264892578,11726000
2024-03-18,146.77390226608492,146.94884360680774,143.9196272368584,144.33395385742188,3470600
2024-03-19,144.4167981745322,145.6781963297123,143.89197426955016,144.5457000732422,2877200
2024-03-20,143.79993967759063,146.50689443205675,143.19226713926244,146.17543029785156,2388900
2024-03-21,146.3963867517877,146.80151107621438,144.55492276748848,146.4700469970703,2488000
2024-03-22,146.7922961478717,147.13297654167056,145.5677349501193,146.8107147216797,2078500
2024-03-25,147.31714005872772,148.62457799083805,144.03011962752385,144.05775451660156,2306200
2024-03-26,144.20503477272086,145.1994269733164,143.5329043771418,144.18663024902344,2351200
2024-03-27,143.5421214799768,146.3963964647146,143.5421214799768,146.3595733642578,2211300
2024-03-28,146.70943642863918,150.8066911003498,146.24907041947495,150.39236450195312,3177300
2024-04-01,150.2450440071992,150.86194682282425,148.21023411427643,150.39236450195312,2214100
2024-04-02,151.3039049423644,156.248231734177,151.06451965842652,156.0548858642578,2999400
2024-04-03,156.70859163141216,159.7930496093886,155.69579480899526,159.01963806152344,3210500
2024-04-04,159.4523579092478,159.9771818826636,156.52443694994423,157.15052795410156,2781100
2024-04-05,159.17617553432157,160.28105128327545,157.11373050015223,157.2150115966797,2182800
2024-04-08,156.55208700260332,157.82270187073905,155.12494935421654,155.1894073486328,2624200
2024-04-09,155.46558346295498,155.9811910675602,150.75142668673556,152.2982635498047,2358100
2024-04-10,152.344337671005,153.52287362132017,150.60415458426962,152.068115234375,1802400
2024-04-11,152.41794914063934,152.7954525830301,150.22661682106724,152.2982635498047,1997100
2024-04-12,153.16376713786167,153.27425047728008,149.0480941534694,149.6097412109375,2002400
2024-04-15,150.81590574642303,151.92078134636367,147.23425879665172,148.07212829589844,1589900
2024-04-16,148.06292691086364,148.35756792682088,145.1073847342987,145.3651885986328,1864200
2024-04-17,146.06494281603548,147.18823712530866,143.89201445292994,144.78512573242188,1946700
2024-04-18,144.90477969560513,145.3927664408727,140.61416600207096,141.1573944091797,2347100
2024-04-19,141.4796703236879,144.74827145241892,141.3139312723297,142.44644165039062,2760800
2024-04-22,142.1886549512781,145.77951865901798,140.95487727880018,144.60098266601562,1625500
2024-04-23,143.82758359140297,146.6266033064425,142.6030080756799,146.2490997314453,1756400
2024-04-24,145.4388549423016,145.82556075499454,143.9012199059349,145.28231811523438,1945000
2024-04-25,145.0705363677518,145.57694179399417,143.2843139820546,144.77590942382812,2617500
2024-04-26,140.4116451535987,143.48688699366568,137.69548827031488,139.40805053710938,4206700
2024-04-29,138.7542985144941,140.12619414271848,138.1650306435009,139.5277099609375,2822000
2024-04-30,138.94768169832216,138.94768169832216,131.68310614210216,131.85804748535156,3763900
2024-05-01,131.70151522867815,132.87084894568565,127.65029955220128,129.09585571289062,2537100
2024-05-02,130.3296374961655,133.18389870650904,130.1915192453256,132.46572875976562,2310300
2024-05-03,132.64067554792973,133.2023227394672,130.79921118869316,132.22634887695312,1806100
2024-05-06,133.1838777622227,134.80437506865925,132.46570792841752,133.6166229248047,2239100
2024-05-07,133.94806563350622,134.9148368860683,133.04575235409973,133.69947814941406,2212400
2024-05-08,133.32203764732623,136.09343676680817,132.64069069884872,135.2924041748047,2919000
2024-05-09,135.31997958272837,137.40082878992723,135.31997958272837,136.01052856445312,2187000
2024-05-10,136.6182277565693,137.28115596467063,133.89285467334653,134.05859375,1808800
2024-05-13,134.316407237338,134.99774002007138,133.27597543764105,133.57981872558594,1748000
2024-05-14,132.5854141362641,133.74553145222424,131.68310066829508,133.3680419921875,1836000
2024-05-15,132.64987323211474,134.8780431079594,130.98333641967457,134.6202392578125,1870400
2024-05-16,134.4268767682043,135.18188377862745,133.64424892074186,134.2887725830078,1630500
2024-05-17,135.0312081033008,136.98011780214628,134.6599939515741,136.49752807617188,1886300
2024-05-20,136.35831469685127,136.785223724136,133.02662018378592,134.02891540527344,1969300
2024-05-21,133.95468058067902,135.01265659548397,133.56490143426808,133.76907348632812,1804300
2024-05-22,132.9802096207428,134.05675046362012,131.5046142811109,132.61827087402344,2441800
2024-05-23,133.6391177868178,133.91753544772243,131.43035561412765,131.9593505859375,1696800
2024-05-24,132.85958227398595,133.89899327993734,131.84801162277165,132.4141082763672,1250600
2024-05-28,132.60897797965833,133.82472042589666,131.72733388330238,132.4883270263672,1590100
2024-05-29,132.49763024784687,132.49763024784687,127.88522312894415,128.24716186523438,2220900
2024-05-30,127.78315313899454,128.8132887731143,127.13352124380937,128.4327850341797,1950100
2024-05-31,128.6647836410444,132.19137461509365,128.0708325204296,131.88511657714844,3669900
2024-06-03,132.04288576910395,132.07072612208324,128.033719170053,128.9339141845703,2345700
2024-06-04,127.3469541959753,129.15664789835827,126.44674504334425,127.13350677490234,3147000
2024-06-05,127.65321391657815,128.10794911699955,126.3260957433752,127.50472259521484,2190400
2024-06-06,127.23558720543048,128.5626911419913,126.66947646583539,128.41419982910156,1567600
2024-06-07,127.94092182945354,129.33299626652393,126.77158440024324,128.1358184814453,1687300
2024-06-10,127.97801792246298,129.09168862975758,127.049968440325,128.18218994140625,1861500
2024-06-11,127.08710742649178,128.3770957323602,125.73214885499598,128.3399658203125,1692600
2024-06-12,129.41652264683222,129.6206947055238,125.15677809314842,126.22402954101562,2217700
2024-06-13,126.29823716001273,128.3121026222307,124.41429804500528,127.76455688476562,3486400
2024-06-14,127.60680567011983,127.96874440703863,126.37249814141947,126.9200439453125,2107800
2024-06-17,126.64164996223305,127.78314696295256,126.22401632895115,127.41191864013672,1790800
2024-06-18,127.93164550057459,128.59055279921688,125.59295649825191,126.07554626464844,2588800
2024-06-20,126.07553681033244,129.5742734118278,126.01984194226395,128.03372192382812,2740500
2024-06-21,128.75759860925774,129.16592851274353,127.31911898636922,128.15435791015625,6463600
2024-06-24,127.17062902591644,129.50931786289885,127.16135362832136,128.58126831054688,1919200
2024-06-25,128.40495083773592,130.4280922884839,127.56042225303042,130.14968872070312,1934300
2024-06-26,130.01044085942425,130.50230592297345,127.70888224499494,129.72274780273438,1517600
2024-06-27,130.47449855076218,130.4837881103649,128.64623958418622,129.3701171875,1847200
2024-06-28,130.57657191605068,131.9593708759186,129.20306251488458,131.01275634765625,10211500
2024-07-01,131.51388483588298,132.38623936432168,129.6484965054092,130.7899932861328,1422900
2024-07-02,131.57887137438917,132.74820877440905,129.75990208546938,130.36312866210938,2622100
2024-07-03,130.14038307902888,130.73433421842006,129.05456681612213,130.2703094482422,1081600
2024-07-05,130.07542332734792,130.39095676360188,127.59753282339173,128.44204711914062,1605500
2024-07-08,127.70890063051331,129.1937855921861,126.0662489428111,126.1683349609375,1647000
2024-07-09,123.44915383644545,125.57438105328717,122.5118147376016,123.25425720214844,2594100
2024-07-10,122.96656136124298,125.17532374963861,122.87375074490748,124.33079528808594,2052300
2024-07-11,124.26583634007709,127.43048888907077,123.22642531484804,127.06855010986328,1900200
2024-07-12,128.0058582998343,128.9153569883688,125.88063121611127,128.66477966308594,1810100
2024-07-15,129.06387840183996,130.84573212412246,128.46991300016455,129.99192810058594,1627300
2024-07-16,129.34224413895922,130.6136814836579,128.1079367014588,129.72274780273438,1570500
2024-07-17,130.22391414210978,132.75748534133257,129.81557009164507,130.6136932373047,2074700
2024-07-18,129.80628524566217,130.01045727830618,127.09638227528343,127.79241943359375,2405600
2024-07-19,128.63694541021763,129.24946149621042,126.64164459298564,128.50701904296875,1787000
2024-07-22,128.089387036675,130.2702947132797,127.44903066051475,130.0290069580078,1688600
2024-07-23,129.47217723830187,129.83411596733623,126.70659376616996,127.20774841308594,1745900
2024-07-24,127.6068004813636,128.73902195305294,126.26113159937869,128.2285919189453,1857600
2024-07-25,128.12652963546734,132.72037247118993,127.36553630264089,132.25634765625,2014800
2024-07-26,132.367699607874,132.78531903457403,130.93849550292242,131.97792053222656,1813600
2024-07-29,131.1241080150457,131.98720141629235,129.37938457926498,130.30743408203125,2124000
2024-07-30,133.3328811646772,137.69471134885669,132.72036504461153,136.5810546875,3978300
2024-07-31,138.3072283920246,139.3187990401219,134.96624422474306,135.0126495361328,2273900
2024-08-01,135.09617695152207,136.55320735072632,129.9826149755061,130.80857849121094,3315700
2024-08-02,129.0731169302074,129.3700853852993,123.44913962808393,124.1358871459961,4079000
2024-08-05,121.52808531943269,123.38418441300452,119.12444039187612,122.16844177246094,2323700
2024-08-06,122.5025418128996,125.34237119827083,122.42829614885501,123.50483703613281,2082800
2024-08-07,124.90618214677207,126.09408440566745,123.26354468369901,123.33777618408203,2146800
2024-08-08,123.47698750578651,126.07552891058127,123.47698750578651,125.67646026611328,2546700
2024-08-09,125.7971245571097,126.91078123116034,124.95259603293042,125.66719818115234,2056900
2024-08-12,126.59525108722941,127.6810674349521,125.84353316656856,126.10338592529297,1576600
2024-08-13,125.02684159819243,125.66719807950463,124.35864476211995,124.97116088867188,2463300
2024-08-14,125.53726583790616,128.19148810136605,125.24957274488385,127.79241943359375,2134400
2024-08-15,128.76687456236058,129.95477684887368,128.10795315361844,128.701904296875,1935000
2024-08-16,128.05226803154056,129.88981626590453,127.72745919804845,128.9246368408203,1644500
2024-08-19,128.9988891548707,130.21463181569217,128.58126968403383,129.31442260742188,1833900
2024-08-20,129.31442420366332,129.45478438902597,123.72786036611126,123.8869400024414,3026500
2024-08-21,124.84143570149625,126.70361418190875,124.4109739893674,125.28125,3332300
2024-08-22,125.34676000587375,126.17024461477983,124.32677111087101,124.60750579833984,1813500
2024-08-23,125.55262036419268,126.76912771946682,124.86951029712846,126.67554473876953,1911900
2024-08-26,127.35865702091176,128.14470258078387,125.59004737182116,126.54452514648438,1923600
2024-08-27,126.31061591208847,126.83464642604714,125.47777864266972,125.74916076660156,1505300
2024-08-28,125.23445873594197,127.77976155276382,124.92565203992044,126.30123901367188,2070900
2024-08-29,126.7971909351838,127.9669067187187,125.31866847134482,127.73296356201172,1594200
2024-08-30,126.94694101583309,131.80360411487186,126.92822156184805,131.29827880859375,3981500
2024-09-03,129.2021130323686,129.79163998459916,124.729107446189,126.32928466796875,2845500
2024-09-04,126.32931580435299,127.5551757694087,123.1102553985148,123.79336547851562,1984300
2024-09-05,124.51391047310315,124.523277338305,120.4058689804753,120.61174011230469,3864500
2024-09-06,120.6304687550727,121.81888986810429,119.09579487524476,119.90991973876953,4244600
2024-09-09,120.08771034164803,121.02348302635308,119.52624815870082,119.7508316040039,4074600
2024-09-10,119.47009623419497,119.56367207423462,117.1025924982349,118.7308349609375,4468900
2024-09-11,118.27229619520716,119.07706118774415,115.82056945755053,116.97157287597656,4052700
2024-09-12,117.44882856393187,118.42203298712616,116.73763934325551,117.64533996582031,3041000
2024-09-13,118.5624008178711,119.68533236596865,118.01965806597218,118.5624008178711,2614600
2024-09-16,118.8244138158169,120.49008084521488,117.70148235618252,119.16128540039062,2908800
2024-09-17,119.61046494454534,120.40587030313176,119.02093072004979,120.05963897705078,3693600
2024-09-18,120.71467656425132,123.39098701891915,120.18127927911705,121.94053649902344,2884300
2024-09-19,123.52198905994926,125.05665562560439,122.28676231554623,124.03666687011719,2744600
2024-09-20,123.14768178984963,123.16638696143617,120.83632228954362,121.62236785888672,6418500
2024-09-23,121.37907954951349,122.87630725723356,120.8363296863842,122.68915557861328,3613700
2024-09-24,124.17703712776733,124.43905234715004,121.15449523925781,121.15449523925781,3661700
2024-09-25,121.35099976088357,122.96989685099295,120.59302614050424,121.51009368896484,8126500
2024-09-26,120.59301979873938,125.03793999543157,120.32165200622634,122.2867660522461,4192800
2024-09-27,122.88567348239619,123.11024978406786,121.65044670817105,122.63301086425781,2564300
2024-09-30,122.4551989417971,123.64363410239449,121.43521026856101,123.0073013305664,2137500
2024-10-01,121.80016425056178,124.71041758878015,121.80016425056178,124.44840240478516,2071900
2024-10-02,125.39352923861742,126.51645351037605,124.03666181529418,125.83334350585938,1925600
2024-10-03,125.84269645959097,130.50285433309082,124.80398829245628,130.0068817138672,2766800
2024-10-04,131.28890231197406,131.56963695558625,128.7529522123119,129.716796875,2468500
2024-10-07,129.25827614722323,130.75550376707417,128.96818892057271,129.60450744628906,1812900
2024-10-08,128.05114053717043,128.35059467297202,123.7091555193607,123.830810546875,2528900
2024-10-09,122.78274929347853,126.61940901632583,122.51136719880522,126.06730651855469,1494300
2024-10-10,126.72232371395356,128.27570965606336,125.59004686463449,127.65809631347656,1416400
2024-10-11,127.18085573850449,128.2195638813263,127.12471166788005,127.59259796142578,1460600
2024-10-14,127.00308577043963,127.20895692908428,125.95502480189214,126.72235107421875,1445900
2024-10-15,124.95371815461063,125.96435430856673,122.84822973689138,122.96051788330078,2338300
2024-10-16,124.12089472802157,124.51391756241168,123.44713721799316,123.81208801269531,1461800
2024-10-17,124.7759267138222,125.46840364286668,123.49392270125792,124.78529357910156,2219200
2024-10-18,124.96307223543533,125.31867040832852,123.28804549017649,124.08345794677734,1712400
2024-10-21,124.70105276124113,124.87885184158966,122.63300329101958,122.88566589355469,1289000
2024-10-22,123.44712779969349,123.44712779969349,122.15575695753668,122.98859405517578,1946200
2024-10-23,122.53007074707484,122.77336649109863,119.8444078618148,120.82695770263672,1850600
2024-10-24,121.2012790860167,121.43522225133472,118.91799150791151,120.23743438720703,3200000
2024-10-25,121.29484044342857,121.8001656460346,119.91925357231636,119.93797302246094,1346900
2024-10-28,117.44883102517583,120.86440273386945,117.03708876151707,120.61174011230469,2509700
2024-10-29,119.45138043463092,120.13449761179722,114.96902857561517,115.35269165039062,4171100
2024-10-30,114.91289169502933,115.37141832410776,113.66831227672296,114.22977447509766,3339500
2024-10-31,114.58536093491144,115.773796227485,113.78995559086346,113.9958267211914,2700900
2024-11-01,114.37013495644916,115.11874879629858,112.0774876696746,112.30207824707031,2064400
2024-11-04,112.47051568997007,114.76315579821856,112.47051568997007,113.25656127929688,2185500
2024-11-05,114.63215503100474,114.7631626370327,112.94776132581795,114.01454162597656,2078600
2024-11-06,117.70147749399322,121.27613571041887,116.25103423519496,119.68531799316406,2626200
2024-11-07,119.54495472260304,119.68532204643485,117.73891324239287,118.5436782836914,1630500
2024-11-08,118.14130900019995,118.49690007295465,116.3820588106112,118.32846069335938,3126000
2024-11-11,118.43139214972145,119.81633176547122,117.26167625968587,119.72276306152344,3010400
2024-11-12,120.23744503870601,120.6023958377818,119.31102488162489,119.49817657470703,2719000
2024-11-13,119.99412526612208,122.45521195311898,118.65597720416686,121.56623077392578,1962000
2024-11-14,121.78144807901245,122.35226994781603,120.02219098589515,121.42584991455078,2257200
2024-11-15,121.24806699914369,123.25997245004322,120.94861290256405,122.50199890136719,2275000
2024-11-18,123.34221743530333,125.15483683634172,122.66248876123993,123.9747543334961,2356600
2024-11-19,122.68137441340934,125.15483714100155,122.42647255868907,123.61600494384766,2448700
2024-11-20,123.97474673796607,124.48453600962848,123.09675791888237,124.09746551513672,2502600
2024-11-21,124.25795342044813,125.71182302340337,123.82369115848701,124.05970764160156,2218800
2024-11-22,123.86147291984203,126.05171324794141,123.40832521259266,125.8156967163086,2480800
2024-11-25,126.4482060541054,127.69436571990244,125.69295035088979,125.82511901855469,4455800
2024-11-26,125.82510724237615,126.87302101125205,125.10762231438932,126.74085235595703,2705500
2024-11-27,126.49539115601637,128.7139373081912,125.5418754075552,125.89118957519531,2151900
2024-11-29,125.96672271958805,126.88246791566907,124.48454655205663,126.4859619140625,1402400
2024-12-02,125.95725631055294,129.00658478693666,124.57892832042936,128.79888916015625,3319700
2024-12-03,129.46919602832145,130.28109327275507,126.79748782170041,126.95797729492188,2313600
2024-12-04,126.48594640326013,126.49539628173996,122.05827498698962,123.29501342773438,2594900
2024-12-05,123.59710545745054,123.81423658018952,120.91596176830937,122.56807708740234,2928300
2024-12-06,123.32333910530554,123.54990571289572,121.01036601393265,121.4823989868164,1926100
2024-12-09,122.00163822005806,125.70237500131789,121.51073429974723,122.8041000366211,3475700
2024-12-10,123.08732282048803,123.68207457168967,118.21593907507535,118.59356689453125,3124100
2024-12-11,118.68797121242332,119.60371632728949,117.08305479170737,118.31978607177734,2596800
2024-12-12,117.9327148841167,118.20649486961402,116.34668382504182,117.05473327636719,2646000
2024-12-13,116.89424502477743,117.13970418722614,115.44982528131482,115.85577392578125,1825800
2024-12-16,114.31694317626427,114.5624023416129,109.5777352454198,109.78543090820312,3653200
2024-12-17,109.18123360452383,109.860962272366,108.01059378915784,109.35116577148438,3608800
2024-12-18,109.02075517401462,109.78544640158633,105.46162198346059,105.60323333740234,4211600
2024-12-19,106.01861397863233,106.2923867784847,103.27137847956124,104.17768096923828,4445000
2024-12-20,104.30983175204796,105.78257934764491,103.80947801355471,104.19654846191406,8178700
2024-12-23,103.94166534871206,104.75356268640242,102.81823170447002,104.3004150390625,3365100
2024-12-24,103.96055452678544,105.76371691102501,103.26194047390311,105.3388900756836,1448600
2024-12-26,105.30112973730711,106.32072281597802,104.70637070940863,105.92420959472656,1794800
2024-12-27,105.70706501043823,107.25533258397284,105.10286338187113,106.2923812866211,2615000
2024-12-30,106.30182532908695,106.7927436602646,105.19726988791471,105.72594451904297,2567500
2024-12-31,106.01860917490598,107.7556870674166,105.91476134408724,107.55743408203125,2989000
2025-01-02,108.34101124403506,109.03961803548532,107.46302961590301,108.01058959960938,2538200
2025-01-03,108.9829891001928,109.93649064213555,107.97283869641551,109.59662628173828,2046000
2025-01-06,109.26619042047852,111.0504744797109,108.36933065409349,108.72807312011719,2324800
2025-01-07,109.58718934272315,110.72006572714206,108.25605274851114,108.7469711303711,2526300
2025-01-08,107.67073070561032,109.90816252681337,107.4347142044605,109.74767303466797,3037100
2025-01-10,108.69975301838583,109.37948165550794,106.18854133418651,107.55743408203125,4525800
2025-01-13,107.62351366433205,110.73893404620217,107.35917636214211,109.49276733398438,4153700
2025-01-14,109.56829806547009,110.73894509576344,108.11443555570733,110.71061706542969,3284000
2025-01-15,111.82461761746814,113.02358550095867,111.23930129251724,112.34385681152344,2643000
2025-01-16,111.82460816043306,113.15574459844457,111.56971352477743,112.93860626220703,1985900
2025-01-17,113.02357034184865,114.21309538881714,112.09838259361734,113.78826141357422,2722200
2025-01-21,113.49561651670433,114.16590251737227,112.67427649763978,113.7505111694336,3605800
2025-01-22,112.88196570931481,114.06204815053566,111.73020409425901,111.91902160644531,2166300
2025-01-23,112.95749081229614,115.81800944922794,112.75923782982727,115.76136779785156,2233100
2025-01-24,115.61975745068162,117.02641369216082,114.62848532725005,115.04387664794922,2196700
2025-01-27,116.03515107874031,117.63061765990778,115.07219976208965,116.19564056396484,3029900
2025-01-28,116.23339907057677,117.13025881665835,113.47672110050374,114.40190887451172,3025400
2025-01-29,114.4302356656414,116.41277276741708,114.27918885541605,115.32710266113281,1720100
2025-01-30,117.48901147235367,117.59285930914338,113.10854578420388,114.0809326171875,3878900
2025-01-31,113.25014817069322,114.07148812327145,110.19137657228528,111.27705383300781,7253700
2025-02-03,110.8238965127978,111.76796242206613,108.80359604317566,111.26760864257812,5210100
2025-02-04,111.45642995055985,116.72431997315856,110.85222828517061,116.69599914550781,3756000
2025-02-05,116.43166099945516,117.30964266372163,115.44038882272943,116.4222183227539,2495300
2025-02-06,117.52677809775386,117.88552779897276,113.65610881397363,114.06205749511719,3106800
2025-02-07,114.77009705992154,114.93058654251462,113.11798165020657,113.57113647460938,2263000
2025-02-10,114.609615094427,117.0169790991738,114.37359859184484,116.7904052734375,2465200
2025-02-11,122.72857588918221,124.61670782593886,120.51946498044977,122.30374908447266,7531200
2025-02-12,121.54848114400403,121.64289349342114,117.62116365520488,118.0459976196289,3896000
2025-02-13,117.76278785603549,119.91525712937627,115.96906106070091,118.5180435180664,2990200
2025-02-14,119.0089501870928,121.76562100546951,118.67852854835785,120.8781967163086,3285900
2025-02-18,121.2369490281541,124.19188009688212,120.59498388632885,122.99291229248047,4402600
2025-02-19,122.7663161187502,125.23977842771698,122.43590171625306,122.69080352783203,3631100
2025-02-20,122.62473386286815,124.8904865321407,122.01109671648722,124.19188690185547,3154300
2025-02-21,123.87090050954232,124.54117927178945,121.52960656524779,121.57681274414062,12517500
2025-02-24,121.5768126806536,122.31982525669316,120.18605785007553,121.05290222167969,5831100
2025-02-25,121.2624810728189,123.17714654806295,119.88124659963759,120.27180480957031,2689400
2025-02-26,120.31941784831743,121.54823711979311,118.20470595171047,119.49068450927734,3947000
2025-02-27,120.14795735573898,122.70085174558567,119.17633667990631,121.36725616455078,2701700
2025-02-28,120.91954182645414,124.07255411993181,119.97648992526697,123.53911590576172,5739900
2025-03-03,124.54883827374127,124.78698136795492,118.69051670257527,119.06201934814453,6055200
2025-03-04,117.97609243252433,118.31901908416636,113.71809256426143,116.49008178710938,4322300
2025-03-05,115.64229360809799,116.40434718598323,111.15567836778145,114.06101989746094,4202700
2025-03-06,113.25132830887416,117.1568735661904,112.6607308240896,116.96636199951172,3058500
2025-03-07,116.74727241270152,121.02432777241904,116.74727241270152,120.19558715820312,3463700
2025-03-10,120.5575632798893,122.7961142833495,118.99534509080482,120.14795684814453,3571500
2025-03-11,120.70997563845474,120.87191120217234,116.08047319505856,117.69032287597656,4125200
2025-03-12,117.14735740586127,118.97629467677048,116.45197635343135,118.09992980957031,3194500
2025-03-13,117.8141525846274,120.56708618926349,115.94711158661627,116.69011688232422,5283100
2025-03-14,117.72842868217813,121.0529118521514,116.56629636756576,120.71951293945312,3469800
2025-03-17,121.05289976131368,123.66295331443209,120.5766135714447,123.06282806396484,3865400
2025-03-18,123.77725109389755,124.0439701839379,121.62443558956441,122.31981658935547,2627800
2025-03-19,122.40556495134221,123.61533608333598,121.12912130330928,122.88185119628906,2194200
2025-03-20,121.89116803967056,123.16761888304978,121.3291537908494,122.71038818359375,2134200
2025-03-21,122.43412031352149,122.92946199455076,118.87150183710375,119.53829956054688,4624600
2025-03-24,119.59547498779224,121.5482441658166,119.04298121803758,120.47183990478516,4032700
2025-03-25,120.91953379846493,121.900682134767,119.3477880017203,119.53829956054688,2331800
2025-03-26,120.89096365288208,122.52938930141127,120.11937508685816,120.56708526611328,1714700
2025-03-27,119.28112632476154,119.89077212655222,117.85226761414879,118.80484008789062,1762300
2025-03-28,118.62383651029681,119.07154668865424,115.48987252934539,115.98521423339844,2433200
2025-03-31,115.48987458057827,118.45237529621343,115.05169215308744,117.62364196777344,2179300
2025-04-01,117.75699594766886,118.72861654219702,114.81354362143163,118.4523696899414,2000900
2025-04-02,117.16640776168836,118.31901951878261,116.72822532021416,118.17613220214844,2216600
2025-04-03,111.889153322171,113.1465486004835,101.59184799547889,102.09671020507812,6785500
2025-04-04,97.77201844011863,98.47691989386337,91.13258847197149,94.12366485595703,6421200
2025-04-07,90.91351963223387,97.1909687742641,88.58924046013647,92.00897216796875,5958300
2025-04-08,94.44756230238654,95.24771969256061,86.8555585176364,88.46540832519531,4682400
2025-04-09,87.2556402038875,100.79169465876409,86.69362591307787,98.23880004882812,11450700
2025-04-10,95.3906040443894,96.31460047868768,89.246514682223,92.38999938964844,4512400
2025-04-11,92.12327573513389,93.61881410923765,89.06551920977083,92.7614974975586,3572000
2025-04-14,95.0095786205849,95.40966459184165,91.58031909194361,93.1806411743164,2524000
2025-04-15,93.10442249533806,94.4570807998608,91.5612598891629,91.64698791503906,2347800
2025-04-16,92.07564159677966,94.15224222469298,91.55172392709062,91.98990631103516,1951900
2025-04-17,93.20920970865605,95.53348873571008,93.07585015145303,94.3999252319336,2437300
2025-04-21,92.82817689926817,93.06631999779636,91.16117520957084,92.40904998779297,2326600
2025-04-22,94.66664125995858,96.4955857674231,93.78074864882048,96.11455535888672,2908600
2025-04-23,98.41977783480368,99.82958815240345,97.0385507932952,97.90538787841797,3055100
2025-04-24,98.65792402576429,100.07725487905647,97.85776669130719,99.72480773925781,2536800
2025-04-25,98.38167839293907,99.12468371786798,96.72420441674755,99.03895568847656,3056400
2025-04-28,98.39120405893985,101.23939349976033,98.14353320004874,100.76310729980469,2295500
2025-04-29,99.38188489974709,101.31560579967962,99.38188489974709,100.9726791381836,1564400
2025-04-30,99.41044653514139,99.57238208311162,97.3147903668622,99.12467193603516,3211100
2025-05-01,99.32472773338147,100.69643440867453,98.44836280974474,98.55314636230469,2608600
2025-05-02,100.24872127867093,102.39200926285534,98.47693596367442,102.0681381225586,2588700
2025-05-05,100.81073443942162,103.42078066667207,100.696423140089,101.82998657226562,2710900
2025-05-06,102.11575522777926,103.08738311568116,100.38207380387928,100.3916015625,2348500
2025-05-07,100.46780644519681,101.29653973457032,99.85816072546565,100.54401397705078,1748000
2025-05-08,101.34417742000346,105.1163632654984,101.29654589281145,104.01138305664062,2679800
2025-05-09,105.34497402233242,105.8974677364897,104.20189009498321,105.6593246459961,2396800
2025-05-12,111.96536046775074,114.02291306710487,111.7367451272782,113.0512924194336,4529700
2025-05-13,117.74747616074924,120.68140092724427,115.46130092364207,119.61451721191406,11117000
2025-05-14,118.21423984264747,119.89076939312372,117.96656897020699,118.78578186035156,3215900
2025-05-15,117.19498872122709,119.09060588381932,116.83301380234325,118.85246276855469,2372000
2025-05-16,119.3954197087331,119.85265765302177,117.21403533410029,119.76692962646484,3242800
2025-05-19,118.08385488607588,119.4014571594862,116.57390523647491,117.50680541992188,3770000
2025-05-20,117.63183806069205,118.24735850926373,115.98724367426622,116.27577209472656,2831700
2025-05-21,112.19794540923154,112.47684691673372,107.1487494988273,107.50459289550781,7211900
2025-05-22,107.36994807563784,109.67815338398508,105.5522381379902,108.65869903564453,3588100
2025-05-23,107.25453496783653,109.04339352691319,107.14874904264474,108.8029556274414,2248700
2025-05-27,109.79357337527487,111.14963940462545,108.75487981816622,109.95706939697266,2832700
2025-05-28,110.86110510460705,111.04384025894295,108.20667593811777,108.45672607421875,2006400
2025-05-29,108.56252239799267,110.6495290317469,107.99509245286973,110.2936782836914,2609900
2025-05-30,109.96667174887361,110.5629603679086,108.83181193253905,109.13957214355469,4559900
2025-06-02,110.6783779230204,110.9284280605564,106.93716471727257,109.90897369384766,2841300
2025-06-03,110.12055627410295,113.26548072256516,108.81257353397166,111.53433227539062,2065500
2025-06-04,111.00537071356622,112.22679938545014,107.54306633366886,108.17782592773438,3686100
2025-06-05,108.71640200895054,109.12033592091329,107.1102785940636,107.93738555908203,2836300
2025-06-06,109.09148737389913,110.6014371351981,108.62984336427674,109.91859436035156,2821100
2025-06-09,111.32275118993256,113.18855170045117,110.15903259796025,111.65936279296875,2804000
2025-06-10,112.96734972829262,115.41981940989862,112.66920906006911,114.15991973876953,2314600
2025-06-11,115.0158773258014,116.62200817216865,113.72713362536348,116.32386016845703,2413800
2025-06-12,115.13128694838923,117.33369906545566,114.49653468702073,116.87205505371094,2442400
2025-06-13,117.33369447257712,118.70899954555406,116.37194287853961,117.47795867919922,3074600
2025-06-16,117.52603846155982,119.61304493689971,116.92975718653311,118.89173126220703,4164300
2025-06-17,119.73807934680524,120.94988846941654,118.87250140208288,119.77655029296875,5513800
2025-06-18,119.77654050938338,121.55577943301371,118.79554980629973,120.04582977294922,5788600
2025-06-20,120.54594090872254,121.47884112612041,119.19949455122284,120.00736236572266,8494400
2025-06-23,120.66135486474006,120.66135486474006,115.8237454903824,116.40079498291016,4503100
2025-06-24,116.02572114854843,117.29523306236385,114.24648202247435,114.89085388183594,4171300
2025-06-25,114.65040265343751,116.36231925721506,113.96755992595222,115.05433654785156,2866900
2025-06-26,115.41018868609724,116.26614699851255,114.31379248058589,115.57368469238281,3066300
2025-06-27,115.06395581162748,115.71794716456799,113.4866838435207,114.68887329101562,10132700
2025-06-30,113.97717676957178,115.57368050636215,113.65979700116063,114.7369613647461,2060700
2025-07-01,114.71773114321572,119.67075341416724,114.32341679770845,118.43971252441406,2731500
2025-07-02,119.77654657709033,121.70004980009628,118.25697726989583,121.62310791015625,2128400
2025-07-03,121.21917431302717,123.52737965421902,120.51709240624794,122.4213638305664,1290900
2025-07-07,121.58463860326928,123.4889027106547,120.44977139290265,121.5654067993164,2091000
2025-07-08,121.78660437657426,125.57591542561467,121.78660437657426,125.0277099609375,3821500
2025-07-09,125.02770807273103,127.16279779998624,124.70071605058037,125.51819610595703,3160600
2025-07-10,125.69130868272288,129.509463396783,124.85458955513772,129.24978637695312,2711700
2025-07-11,128.00912859458435,128.43228692108218,126.40299069959981,126.67229461669922,1680000
2025-07-14,125.71055861981468,126.32607905938718,123.53699060260169,124.07556915283203,1933200
2025-07-15,124.79687677079978,125.09503208064956,123.2484561768056,123.36387634277344,1995200
2025-07-16,122.63294931799058,123.62354496043284,118.8340260722861,118.9398193359375,3438000
2025-07-17,118.73785301067328,120.67097580325954,118.2954481501339,120.3920669555664,2609000
2025-07-18,121.61349269412379,122.44059969663911,120.5074841713586,121.08453369140625,3256700
2025-07-21,121.47884041236541,122.87338461384256,120.81523680794884,121.22879028320312,2505300
2025-07-22,121.18070331694811,122.69065305683854,120.99796816233267,121.33458709716797,2224900
2025-07-23,121.83469046160955,123.16190500062926,121.33458286848948,122.9599380493164,2281300
2025-07-24,121.88278150520989,122.23862489534336,117.87227182217116,119.56495666503906,3508200
2025-07-25,120.9979694656437,121.94048928568625,118.04539227351019,120.19010162353516,3666300
2025-07-28,120.75753274515624,122.94071306208342,120.75753274515624,122.80606842041016,2690400
2025-07-29,122.48867783623709,123.60431315483038,121.25763702784589,123.49851989746094,2395700
2025-07-30,122.35403829567815,122.70988168746557,119.03599091191712,119.64189910888672,3193800
2025-07-31,119.58418978402192,120.24780073250815,118.26659479510354,118.85326385498047,3925900
2025-08-01,117.21828227948856,117.70877764964767,114.61193632593249,115.0254898071289,2162500
2025-08-04,115.67947915278322,117.35292485157433,115.0254877832721,116.81434631347656,2102200
2025-08-05,117.81456971233489,117.94921434785668,115.21784335574901,117.40101623535156,1512700
2025-08-06,118.19928225190802,118.5647452466521,114.71773854903154,115.25631713867188,2080700
2025-08-07,116.88166318443669,117.66067958182596,114.51575528257355,114.7369613647461,1587400
2025-08-08,115.09281783924288,116.21806550524991,114.33303315757806,114.57347106933594,1694200
2025-08-11,115.20822240597238,116.08341252638563,113.55400851784455,113.84253692626953,1699600
2025-08-12,114.6696453639201,117.05478519931543,114.10220810998194,115.44866180419922,1749200
2025-08-13,115.32364998792742,117.89152526855469,114.96779921703063,117.89152526855469,2359200
2025-08-14,116.52583208091468,118.24736105732148,115.21784926511911,118.03578186035156,2095600
2025-08-15,118.81479590526332,120.07468817826998,117.88189566071416,118.88211822509766,2303700
2025-08-18,117.7472490737566,118.80517436976442,117.5741334916766,118.14156341552734,1857900
2025-08-19,118.05414737330905,120.53080329955162,117.75305813241717,118.65631103515625,1600400
2025-08-20,119.3264807475118,120.71535347286417,118.61747268073651,120.01605987548828,1720300
2025-08-21,119.43332014517736,121.1135602974575,118.73402653337347,120.8707504272461,2174700
2025-08-22,121.40492532188598,126.89242201846037,121.28837392598828,126.20285034179688,2674100
2025-08-25,125.72694325903227,127.16437348882448,125.27045953404118,125.79493713378906,2051200
2025-08-26,124.94023995545223,126.34853416804246,124.45462023939093,126.15428924560547,2777500
2025-08-27,126.01831840015353,129.49535740299734,125.50356267821807,128.80577087402344,2031700
2025-08-28,129.0000280483113,129.51478375998636,127.71798488871009,129.00973510742188,1982300
2025-08-29,129.00002258025646,130.47629577911854,128.26187116088843,129.7381591796875,1530700
2025-09-02,128.91260056021218,130.09751380597402,128.21330701124006,129.9906768798828,2114000
2025-09-03,127.71799000492611,129.99068680260123,125.94062000060946,126.77588653564453,2290900
2025-09-04,126.8827249622644,128.37842723936964,126.19313841130098,127.79569244384766,1832200
2025-09-05,127.02841188634844,128.44642812402967,126.11545917489627,127.76656341552734,1828500
2025-09-08,128.24244293837333,128.64065464631128,126.11544111632726,126.465087890625,2802400
2025-09-09,127.5723073777159,131.3309992977682,126.39710112527833,128.48526000976562,2830700
2025-09-10,128.17447397886727,129.84500705204607,124.66829890108289,127.64028930664062,2424700
2025-09-11,127.659723491843,129.52450157157307,127.33921267533549,128.7086639404297,2155900
2025-09-12,128.87375515185278,129.46621176391474,126.93127640016596,127.01868438720703,1380600
2025-09-15,127.0284132162237,128.32988546605526,126.41654238213545,127.40719604492188,1730000
2025-09-16,128.34928160329767,129.74786871943678,127.717981917233,129.21368408203125,1767500
2025-09-17,128.51441287977434,130.88422472115283,128.20360913799072,129.31082153320312,3287600
2025-09-18,130.2432199666647,130.2432199666647,127.17409965848309,127.57231140136719,3180300
2025-09-19,127.93166814829387,128.21332108257084,124.68773177450358,125.98918914794922,9244700
2025-09-22,125.51327317480049,127.46547400384644,124.93053838190212,125.843505859375,3361900
2025-09-23,126.5427835467567,130.1072454297163,126.38739649529764,128.47555541992188,3815500
2025-09-24,129.19428836724245,133.72997526195505,128.82521259792824,132.66160583496094,3000800
2025-09-25,132.5450509757867,135.55589924529923,131.08819177826865,135.07998657226562,5158900
2025-09-26,135.75983979958053,138.25593212800143,134.69147055007414,135.4490509033203,2891100
2025-09-29,135.60444760055427,135.60444760055427,132.47705537825786,133.61341857910156,2810500
2025-09-30,132.38963935353107,133.26376369962173,130.33061658174168,132.1079864501953,2239900
2025-10-01,131.45725234512372,132.52560674136922,130.3694541923013,130.71910095214844,2258200
2025-10-02,130.1460992275846,132.28282326584065,129.43709850824123,131.05906677246094,1829300
2025-10-03,133.05009876930936,134.1670182187285,129.09714705922173,129.18455505371094,2000400
2025-10-06,129.2525545869248,131.29214864730542,127.98023321165289,129.09715270996094,1610000
2025-10-07,128.78635350146203,129.07771347260137,125.60068937754694,128.56295776367188,1917800
2025-10-08,128.7377919875843,129.01944490714996,126.64961827932031,127.52374267578125,1772500
2025-10-09,128.32014622058017,129.21368470017984,126.71760712063437,127.31977081298828,1577000
2025-10-10,126.28055380904944,127.93165786260612,123.09488228023753,123.11431121826172,1963600
2025-10-13,124.31866240876792,126.23200550799802,123.88160757522498,126.05717468261719,1219100
2025-10-14,124.45460685256819,129.1456945835211,123.99812318297673,127.07695007324219,1941300
2025-10-15,128.1259097331189,128.51441441498943,125.02765343741605,125.843505859375,1864600
2025-10-16,126.2611211976509,126.88271381690338,123.99813163163901,124.66828918457031,2161400
2025-10-17,125.31902884259598,127.08669180869144,124.69743616857151,125.55213165283203,1756900
2025-10-20,125.6492281405342,127.31976098384428,125.6492281405342,126.5913314819336,1997900
2025-10-21,126.80502645083374,126.88272738904378,123.26971527193882,124.90140533447266,2315000
2025-10-22,125.44529786446707,127.67915168713914,124.0758466073579,127.62086486816406,2144700
2025-10-23,128.4561193390523,133.03066349187992,128.3298682930073,131.90402221679688,2824200
2025-10-24,132.90439094069086,133.39973250082087,131.06874913652672,131.09788513183594,1697900
2025-10-27,131.4184011100946,132.21482453328423,130.2334878540897,131.52523803710938,2501700
2025-10-28,130.21408393516677,131.8360520851106,129.8158721923828,129.8158721923828,2366800
2025-10-29,128.72807741981586,134.7886172637404,127.03813016656078,134.0310516357422,4455900
2025-10-30,133.32203727541315,137.30410994399506,132.14683107457773,133.12779235839844,3093600
2025-10-31,132.7684247810955,133.6910992593745,131.36013059636042,132.2245330810547,1917700
2025-11-03,132.7878694125851,134.93430046963374,130.70941741610707,133.95335388183594,2636900
2025-11-04,131.4572438544784,132.65186403182372,129.53417938955909,131.84573364257812,2665400
2025-11-05,132.0788556623104,133.963047711207,131.17559528439173,132.02056884765625,2206900
2025-11-06,132.69072074680957,136.37172633483408,132.42849678181005,134.22528076171875,2073800
2025-11-07,134.701205458432,136.71166346978413,132.71986862586132,133.98248291015625,2123900
2025-11-10,133.70083587561734,135.8472669155814,131.83605777567095,134.662353515625,1927400
2025-11-11,135.58503816697316,138.82897449326998,135.54618028836953,136.79908752441406,2215800
2025-11-12,136.0706559543592,137.6731951551743,133.88536714237233,134.05047607421875,2057800
2025-11-13,134.36125849054852,136.54654719668198,134.36125849054852,135.48789978027344,2444200
2025-11-14,137.50806892778226,139.1300368636114,135.52673235495809,138.22679138183594,2633700
2025-11-17,137.84477352365406,137.84477352365406,133.39785840018953,133.84841918945312,2812900
2025-11-18,133.23134194880956,136.18941558742088,132.9864674124106,135.5723419189453,2387500
2025-11-19,132.9766636834622,133.06482987603437,130.3222320623057,131.7327117919922,2927200
2025-11-20,132.05594761958204,134.20103601124615,129.24477776875875,129.28396606445312,2155100
2025-11-21,129.20561101737053,131.78168111749517,127.99102787006386,130.97850036621094,2324900
2025-11-24,130.94912150327323,131.46825437244308,127.95185929381495,130.4691619873047,3034200
2025-11-25,129.96961665673328,131.86984552841514,128.38283437854608,131.38009643554688,1791600
2025-11-26,131.19399235985298,133.58397037852527,131.13522485873096,132.19308471679688,1128400
2025-11-28,132.6534533945726,135.10219925163221,132.45755671519956,134.152099609375,942700
2025-12-01,134.1618750669754,137.8252038634406,134.02474591127654,136.89466857910156,2064200
2025-12-02,136.5126729921036,136.87509752556866,133.4566430854408,134.7495880126953,2037800
2025-12-03,135.50378196507444,137.4040109284319,134.2696195720491,136.9828338623047,2186600
2025-12-04,136.85549797477185,137.69786707554474,134.35777442455338,136.5616455078125,2179000
2025-12-05,136.84569899796992,139.60787612786447,136.37552910466152,136.50286865234375,2346000
2025-12-08,135.5723470522165,137.17872347397875,134.72997801727067,136.20901489257812,2525900
2025-12-09,135.7388866714753,137.68809381928241,135.06303040102105,137.01223754882812,1309100
2025-12-10,136.9632494985956,140.90083686142583,136.0523083049301,140.8616485595703,2110200
2025-12-11,139.08875034734677,141.98807171954076,138.55002332511987,140.4894256591797,2923500
2025-12-12,140.72451437967925,141.09672850425113,137.89376498280376,138.5402374267578,1932200
2025-12-15,138.46187640351826,138.87326388446843,136.62041486844427,138.60879516601562,2992400
2025-12-16,137.28647766735128,138.0798688548014,128.76484592124876,129.07827758789062,4971400
2025-12-17,129.32313941419184,130.2732538143792,127.33475936743831,129.28396606445312,4603900
2025-12-18,129.5386423382755,129.73453899723273,125.31700731202586,126.48261260986328,2677700
2025-12-19,126.79604470147981,127.97143960513355,125.37577523681666,126.24752807617188,4842500
2025-12-22,127.80491695006253,128.373027681792,126.29649634550609,126.34547424316406,1485700
2025-12-23,126.34547660734998,127.08010024809813,125.96347291199919,126.4728012084961,1708200
2025-12-24,126.47280198596475,127.39353267938213,125.7773666381836,125.7773666381836,972000
2025-12-26,125.59126288074373,126.33567614690537,124.75869088889183,125.13089752197266,1317400
2025-12-29,125.90469641551744,126.14957097400456,124.55299901591924,125.95367431640625,1599500
2025-12-30,126.41403660053044,127.09968235838947,126.01243874737138,126.9037857055664,1482600
2025-12-31,127.13886788611106,127.51106703457752,125.3659710828879,126.39443969726562,1339000
2026-01-02,126.35527745822267,127.9518644289671,126.09080873913967,127.89309692382812,1777100
2026-01-05,133.2117693906153,139.07896961417333,133.01587271893837,137.11016845703125,4819500
2026-01-06,136.87507989904643,137.71744892457832,133.3292863541091,133.84841918945312,2996000
2026-01-07,135.17075766281573,140.17599428715394,132.7318016548769,135.05322265625,4179400
2026-01-08,135.7486498084478,141.8803180090837,133.8876092362032,141.2632293701172,2945900
2026-01-09,141.90970444775547,142.69329105346986,138.79489239000185,139.24546813964844,2710200
2026-01-12,138.83409109614288,138.94183650439967,135.0336330004936,136.0033416748047,2401300
2026-01-13,135.69968229961157,137.7958079771759,134.7495827381444,134.8769073486328,2794000
2026-01-14,136.48328231588448,140.33271820317228,135.81723068117415,138.4912567138672,2309100
2026-01-15,137.42361977244354,138.8145056185024,136.54206230091316,137.13955688476562,2005000
2026-01-16,136.15024721048192,137.8937527776447,135.19034317760668,135.44500732421875,2438200
2026-01-20,136.1502516317218,137.36483479660671,133.98555400437783,135.63111877441406,2128000
2026-01-21,138.34435165982555,140.88124878692275,137.52156169090975,138.73614501953125,2549400
2026-01-22,137.95252266995803,140.19558191393745,137.17872566947466,139.02017211914062,2545900
2026-01-23,140.76370806927375,143.86871590440657,138.5598368817477,138.63818359375,2046800
2026-01-26,140.15639137160312,140.31311466786022,137.08076767584916,137.51174926757812,1341700
2026-01-27,138.59901478852555,139.57851312625365,137.05140562140014,137.13955688476562,1626200
2026-01-28,138.38351266240315,139.44137257431217,136.50287780099507,139.1671142578125,1676400
2026-01-29,142.02723515892683,144.9265563287366,141.02814283707912,141.1260986328125,2290900
2026-01-30,140.15641010961477,140.8224767347782,137.7566422304244,140.6167755126953,1869800
2026-02-02,138.1092540625827,140.1662063780679,137.31586286676784,139.32383728027344,2606900
2026-02-03,140.31312604157802,145.06369859100218,138.54023657858386,145.05389404296875,4261400
2026-02-04,146.92473606605952,152.79193590684204,145.35753290297208,151.51858520507812,4674200
2026-02-05,149.17757974160546,151.42062405680304,147.1108379294035,151.26390075683594,2501400
2026-02-06,151.53818843738952,155.88714833100144,151.52838388898496,154.56483459472656,2414600
2026-02-09,155.74022827148437,155.78920617522672,152.93886256134138,154.27098083496094,2118500
2026-02-10,153.95752982784978,154.38851145498893,152.59602783990965,154.08486938476562,1537000
2026-02-11,156.21037422554227,158.21834859510324,154.84887227766654,158.18896484375,2048200
2026-02-12,157.86572090781638,160.43200137346608,152.87028912477405,153.05638122558594,2274900
2026-02-13,152.409939729626,156.5336191561154,151.82223477790902,156.49444580078125,1806100
2026-02-17,156.71972318072037,158.93338389010336,153.1053721735118,154.91744995117188,4098400
2026-02-18,156.4454780192814,157.14091347965194,153.63432253099054,154.17303466796875,2608600
2026-02-19,154.96642934805627,155.80879846611313,151.92018910152063,152.2238311767578,2301500
2026-02-20,151.85159911574976,153.83018959120042,150.84271720286165,152.5568389892578,2604100
2026-02-23,152.26058413394594,155.24299194595608,150.36448829384256,152.92225646972656,2904900
2026-02-24,151.87542805491174,152.90248930620461,150.1175888693676,152.43833923339844,1712100
2026-02-25,153.04074762052971,153.34688595539467,147.865976039626,150.0188446044922,2856400
2026-02-26,149.12018082354822,152.31985105540195,147.28333560932612,150.56201171875,2476200
2026-02-27,150.31511897908763,152.40872192382812,147.8462418956371,152.40872192382812,4251200
2026-03-02,157.52422532950357,158.64016257427582,153.83079491950767,158.18588256835938,2939500
2026-03-03,159.9832269827497,161.3460518864799,154.29493989258594,157.79086303710938,2919300
2026-03-04,156.70455715688348,163.02489145716476,156.33916817487398,162.66937255859375,2823100
2026-03-05,164.7432398428414,167.50837016463532,162.29410288806667,164.3679656982422,4350000
2026-03-06,164.53583814483412,165.73078123407055,159.5882140990777,163.89393615722656,3481100
2026-03-09,165.92828862400341,165.92828862400341,159.72647084330745,160.9707794189453,4719000
2026-03-10,159.98322960486777,163.79517629573695,158.62040467880092,160.4770050048828,3616400
2026-03-11,161.30654546294832,167.38986206054688,160.6053928273749,167.38986206054688,3783000
2026-03-12,167.4392402557298,176.15931558122048,167.3898597022288,171.92271423339844,6527700
2026-03-13,170.73766517359664,173.98670082686854,170.01675727524088,170.58953857421875,3607100
2026-03-16,171.06355471088077,172.50537047345523,168.87119067901526,171.3203125,3140300
2026-03-17,172.44611658937407,173.0287830161016,169.37483298587958,170.55990600585938,3685300
2026-03-18,172.72263694941046,175.21126930076917,170.58953857421875,170.58953857421875,4505800
2026-03-19,172.1992190785061,176.79133909725044,171.09316706295257,176.1197967529297,5247900
2026-03-20,176.09017833698192,176.6432043664318,172.7423817733636,173.28553771972656,6069200
2026-03-23,168.9896926981104,176.36669858147684,168.87119142089318,174.55947875976562,3060900
2026-03-24,176.55433263214383,183.06228885447763,176.0408019915964,181.82785034179688,4235500
2026-03-25,179.63548765604975,182.92403368622422,177.52212950958432,179.0330810546875,2658200
2026-03-26,179.10221934733983,185.23491663931378,179.05283879201437,181.71922302246094,3275800
2026-03-27,180.97855637842318,186.18295337682278,179.6947523779146,185.93606567382812,3568400
2026-03-30,187.14087777710625,188.23705977475436,182.45001144760096,182.50926208496094,2805300
2026-03-31,182.71665836655075,185.03739377042695,176.40620918008597,179.91200256347656,4551400
2026-04-01,177.76902255543064,179.00346111426214,170.99442314181005,173.45343017578125,5707000
2026-04-02,178.39116955953935,179.03307152915957,172.64363194391015,174.01632690429688,2947100
2026-04-06,173.28554559784337,175.15201606650706,171.50795108748991,175.1223907470703,2247700
2026-04-07,169.9575080458061,174.9446278047587,169.37484158948132,172.52513122558594,3815600
2026-04-08,164.62471973040374,166.74796304824608,161.138666519072,165.90853881835938,3781400
2026-04-09,165.91840943464945,167.8836410100755,157.90937160488616,159.0648193359375,3309700
2026-04-10,158.19577151434598,159.58822181565012,154.57146173880363,157.26747131347656,2927100
2026-04-13,159.0549396522,160.61527182467097,156.42805073897054,158.4031524658203,3221900
2026-04-14,157.38597596416335,158.24515546041255,155.21336708278216,156.7835693359375,2481000
2026-04-15,155.93426796829354,159.84497583368602,154.95660230356762,159.43020629882812,2311400
2026-04-16,159.88447113263126,162.9755100096988,159.86473096586244,161.2966766357422,2480700
2026-04-17,155.12449233233374,156.46756211711357,151.66806429035347,154.42332458496094,3694400
2026-04-20,153.8900410275111,155.16397491312716,152.71485317934957,153.81103515625,2119600
2026-04-21,155.58863890697862,158.087141343553,153.64316253352789,157.39585876464844,1807200
2026-04-22,158.758655600996,159.83509738745678,157.82048538774956,158.6500244140625,1945500
2026-04-23,159.4203317381939,160.54615421038667,156.0330394440609,157.5439910888672,2287100
2026-04-24,158.9956872488999,160.93129355004137,158.0575169528122,160.82266235351562,2434300
2026-04-27,161.2176589698895,164.9012190260092,161.0991577026259,162.0570831298828,2771200
2026-04-28,164.6839620450699,165.11848679769165,162.51135335079022,163.0742645263672,2828900
2026-04-29,163.09400023429757,174.95449437852687,162.94587364942043,171.33018493652344,3756700
2026-04-30,170.43152245417266,177.1468710490732,169.3452105238102,176.9197235107422,3613300
2026-05-01,175.78404661105756,178.0060359642872,170.62903010605837,173.99658203125,2431700
2026-05-04,173.98668453976728,178.42079284830024,172.949768303529,176.24818420410156,2368800
2026-05-05,176.53457347588608,179.1515921059437,175.71490451341114,178.01589965820312,1687800
2026-05-06,171.38944944015083,173.2657899883039,167.7750097883648,169.5822296142578,2379200
2026-05-07,166.29368177708488,168.09103150036185,163.3804098753539,166.2146759033203,2477500
2026-05-08,165.98753709576619,169.81923894846452,164.743228536357,169.42420959472656,2917700
2026-05-11,171.34993537693256,174.14470597355498,169.42421431391134,173.17691040039062,2432400
2026-05-12,174.63848298430997,175.43839673562857,172.92015420557513,173.24603271484375,3256900
2026-05-13,173.96695132244338,174.81624560723048,168.7131738703118,169.6809844970703,3347000
2026-05-14,170.09577041006074,171.4388402207795,168.56506351956918,169.37484741210938,2186000
2026-05-15,171.2314390267821,174.34221813583838,170.96479608151645,174.00645446777344,2066200
2026-05-18,172.57405496425054,179.1193172946621,170.9327571278464,178.85073852539062,1984000
2026-05-19,180.05435211138476,182.7301526829778,176.82151048870904,181.41712951660156,2842200
2026-05-20,181.98409931208406,183.74475871998484,176.363934963782,178.39315795898438,2240000
2026-05-21,180.32292837500094,180.67108661617513,172.3154254320649,173.131103515625,2718200
2026-05-22,173.44939769556132,177.24923704941963,172.5939375128444,176.7518768310547,1898500
2026-05-26,174.7723890348385,178.9800525052422,172.8724692346664,172.96200561523438,1748500
2026-05-27,170.44535644411553,175.6178997868687,169.1223764144067,173.70803833007812,2388000
2026-05-28,176.3141961866931,178.45283903952773,175.10063604804682,175.7770538330078,2234100
2026-05-29,175.04096773549753,176.47336768512926,173.41956846220185,174.95144653320312,3299000
2026-06-01,177.06024233062587,181.6558460104884,176.31420198372717,179.28842163085938,1881200
2026-06-02,178.59210091342854,182.23278136240927,178.32353732326308,181.59616088867188,1309300
2026-06-03,183.02856867132857,186.52998901755404,181.24802568713196,183.70497131347656,1846200
2026-06-04,181.41712881310886,185.20701147217096,180.22345207601163,183.16783142089844,1309800
2026-06-05,182.66051785254913,185.06773947748928,180.1538181130806,182.11341857910156,2229200
2026-06-08,184.05313022754078,187.00745128389045,181.1982872910384,182.45162963867188,1938100
2026-06-09,181.14854339277372,182.02390225371346,176.02573910029605,178.05496215820312,1682400
2026-06-10,179.92504330713288,184.998108592585,178.75126526092,180.76060485839844,2029300
2026-06-11,184.30179911031433,184.7693189242734,176.93091711906632,177.1597137451172,2035100
2026-06-12,176.67229678069756,180.90980036275653,175.7770544619425,178.50257873535156,2706700
2026-06-15,172.67352019175183,173.5787194488447,170.11709651432506,172.3452606201172,3029300
2026-06-16,169.74904025439173,172.1264215442352,169.51031705830246,171.0919189453125,1802800
2026-06-17,170.7437578832621,171.0322353113946,166.0287926998947,166.28741455078125,4311100
2026-06-18,164.8152419701066,166.11832339577214,163.2336400188742,165.2628631591797,5626600
2026-06-22,165.4419119332063,168.2470156994158,163.9398743450536,167.5208740234375,3796700
2026-06-23,167.61039188591434,170.9029140695186,166.07852910733632,169.440673828125,3320200
2026-06-24,166.49632194234437,169.35116491680097,164.59640214690484,167.74966430664062,3363900
2026-06-25,166.03873657094758,172.11647915972767,165.98899751253856,170.85317993164062,2784100
2026-06-26,170.09719693412558,172.69341791551247,169.8485168216488,170.74375915527344,3027200
2026-06-29,173.07142271501914,177.05030465652973,172.6635836732391,173.131103515625,2680300
2026-06-30,174.15566453797913,174.7027638410122,167.93866149948988,168.15750122070312,3668100
2026-07-01,168.81401577265933,173.6682412913069,168.79411711357534,173.57872009277344,2481500
2026-07-02,175.070805642794,178.21412602324668,173.66824611390322,175.48858642578125,1957500
2026-07-06,174.5137624796083,178.29370331845848,174.5137624796083,176.39378356933594,1921300
2026-07-07,177.6272341422138,179.93497764286755,174.95143376194474,177.8957977294922,2516600
2026-07-08,181.47680680695493,188.8675726880993,180.661128727772,186.81845092773438,3816900
2026-07-09,187.9822638739063,189.65340210020815,186.23156136951184,188.81784057617188,2599400
2026-07-10,190.82716237416182,192.02082384654523,185.1075199398552,187.36553955078125,2664500
2026-07-13,191.22507149465287,197.53159572658274,190.11097423029085,197.2431182861328,3092100
2026-07-14,198.94408723619128,200.5953268030267,197.41222444289352,200.3864288330078,2853200
2026-07-15,199.30219739976542,199.4016755197661,193.17471555653782,195.12437438964844,2471200
2026-07-16,197.26300762218324,201.64972839633634,196.57664809147812,200.2571258544922,2627700
2026-07-17,204.5344092489153,206.04638854716615,202.37586774470265,205.7678680419922,2363300
2026-07-20,204.9820492725046,209.93575283594063,204.9820492725046,207.6976318359375,2119300
2026-07-21,209.76666163679303,211.26868411144582,208.27458090287024,211.14932250976562,2241400
2026-07-22,214.8596169777681,214.93919643507334,209.1598730550677,210.29385375976562,2584300
2026-07-23,213.44711915239546,214.17326084177546,204.6736773675466,205.88723754882812,3809000
2026-07-24,205.12131893941924,209.52792342495755,204.26585871081454,205.67835998535156,1664600
2026-07-27,202.82349136168986,207.84683261232618,199.73986710893033,206.72280883789062,1935600
2026-07-28,207.38927553590014,209.0007178346833,204.0967380418951,204.76321411132812,2092100
2026-07-29,208.89130040211015,210.5425400385401,204.912418489689,205.7181396484375,2270900
2026-07-30,203.91768818194504,210.56241336983595,202.8334465558502,209.48812866210938,1982000
2026-07-31,212.37282226335827,212.86024076222387,207.75731984799577,210.5624237060547,2913500
2026-08-03,208.0457739141266,210.47289421576986,203.97737095809524,205.10140991210938,1992200
2026-08-04,201.36125432334677,205.74797517056408,199.54092924841348,204.80299377441406,3489900
2026-08-05,208.71225874828102,210.31374415265918,199.25245725358963,201.4806365966797,3833900
2026-08-06,207.86673430996382,209.16981567507955,200.18749119735236,204.43495178222656,2547600
2026-08-07,201.37121004367827,204.95219455171085,199.441449944872,202.8334503173828,2909000
2026-08-10,206.81233311437651,214.71041594308812,205.87729345964024,214.3821563720703,3081300
2026-08-11,213.86489225095497,223.49377871884332,213.0790697904072,223.17547607421875,2913700
2026-08-12,220.06199811203564,225.403657181971,220.06199811203564,224.3890380859375,2575400
2026-08-13,222.78754329761279,231.66044800559754,222.24044400735306,231.38192749023438,2392500
2026-08-14,231.43166654509335,234.89328950614092,228.20876678107888,232.37664794921875,2654200
2026-08-17,233.2619521100485,239.3993756384221,231.7300892522246,239.28001403808594,3820900
2026-08-18,240.0,243.60000610351562,238.1999969482422,243.49000549316406,3108100
2026-08-19,244.24000549316406,244.72999572753906,240.22000122070312,242.2899932861328,2998000
2026-08-20,243.25999450683594,246.9499969482422,239.27999877929688,240.0,3109800
2026-08-21,240.27999877929688,244.47000122070312,240.0,242.8699951171875,2653800
2026-08-24,241.10000610351562,246.0,239.50999450683594,241.9600067138672,2301400
2026-08-25,239.5,242.0,236.55999755859375,236.89999389648438,2176000
2026-08-26,234.05999755859375,244.14999389648438,233.5500030517578,242.22999572753906,2235000
2026-08-27,242.52999877929688,244.64999389648438,237.1300048828125,239.80999755859375,2419900
2026-08-28,241.22000122070312,244.66000366210938,239.8699951171875,244.00999450683594,1728500
2026-08-31,248.1199951171875,250.66000366210938,243.14999389648438,246.5800018310547,4438400
2026-09-01,251.66000366210938,252.0500030517578,247.13999938964844,252.02000427246094,3097400
2026-09-02,250.08999633789062,258.4800109863281,249.47000122070312,256.0899963378906,2887400
2026-09-03,255.80999755859375,260.67999267578125,253.99000549316406,254.66000366210938,2717700
2026-09-04,251.77999877929688,256.9800109863281,248.0,255.08999633789062,2285000
2026-09-08,260.0,261.0,258.29998779296875,259.1400146484375,2509600
2026-09-09,262.19000244140625,263.6600036621094,257.92999267578125,260.7799987792969,2181300
2026-09-10,263.760009765625,263.760009765625,257.8599853515625,258.510009765625,2942400
2026-09-11,258.6300048828125,265.42999267578125,258.5,259.4700012207031,2581100
2026-09-14,263.1000061035156,264.8599853515625,253.41000366210938,257.05999755859375,3530100
2026-09-15,258.1199951171875,266.70001220703125,257.9700012207031,264.92999267578125,2877600
2026-09-16,260.4599914550781,267.2900085449219,259.3599853515625,264.6300048828125,2671000
2026-09-17,261.44000244140625,274.2099914550781,260.5,274.2099914550781,3574700
2026-09-18,272.239990234375,277.1199951171875,271.4200134277344,273.1300048828125,10170200
2026-09-21,269.3599853515625,275.9700012207031,259.5,261.75,3387200
