Date,Open,High,Low,Close,Volume
2021-09-22,80.52914166645769,83.32300915431806,80.52914166645769,82.49161529541016,4821200
2021-09-23,83.74837275026378,86.26189332297275,83.40034705175373,85.22748565673828,5090500
2021-09-24,85.22749755893058,88.28238121338971,84.87947181181802,87.67333984375,5984100
2021-09-27,88.9010847692214,92.06231715195258,88.78507373776598,89.33612060546875,6276600
2021-09-28,89.01707766391515,91.47258867898616,88.63038168013163,88.91073608398438,4014400
2021-09-29,89.37478139124443,89.83881813012091,87.15129199308183,87.65399169921875,3248000
2021-09-30,87.31562713799762,87.50897145841898,85.33381466342009,85.99119567871094,3201000
2021-10-01,89.22978051865277,90.79588890401081,88.38871712145432,89.25878143310547,5114400
2021-10-04,88.96876439036858,90.09018233967959,87.38331702284341,88.0310287475586,3290100
2021-10-05,88.69807952358913,89.47147172308698,87.40265607138704,87.98269653320312,2253100
2021-10-06,86.35857638036605,87.70233957301255,85.48851202436107,87.07395935058594,2423200
2021-10-07,87.86666990749761,87.86666990749761,85.5851714367773,85.8365249633789,3003000
2021-10-08,86.20388591365543,87.05461869462623,84.67644058019752,84.8117904663086,2565700
2021-10-11,84.59911045089179,85.76886069308038,83.62270455221997,84.4154281616211,2253300
2021-10-12,84.54110035986376,86.27155950594481,84.13507281737247,85.72052001953125,2997500
2021-10-13,85.55617487877022,85.65284704757829,83.56470017399184,83.84505462646484,2753200
2021-10-14,84.42510405188074,85.20815829134291,83.85472565631589,84.00940704345703,2070400
2021-10-15,84.6474357479755,85.65284247627089,83.40034492275183,83.44868469238281,3269900
2021-10-18,83.32301637179133,83.73871333725312,81.77623216269666,83.02332305908203,2428800
2021-10-19,83.1199989441954,83.1199989441954,81.30252979121408,81.66022491455078,2912800
2021-10-20,81.68922929752837,82.57862505346068,80.83850388432535,81.11885833740234,2365800
2021-10-21,81.31219664279202,82.09525074202656,80.44213243496853,80.94483947753906,1793400
2021-10-22,80.47114018134639,82.04692531814749,80.10378298488935,81.81490325927734,2315800
2021-10-25,81.76656178403475,82.75262961010775,81.24452327295624,82.08558654785156,1907100
2021-10-26,83.40036152782054,83.86439833158279,81.57322998130843,81.61190032958984,2231400
2021-10-27,81.88257988817607,82.29827688474161,80.63549627409368,80.71282958984375,1987700
2021-10-28,80.63548526162343,81.95023995718867,79.77508309502598,81.44754028320312,1895700
2021-10-29,81.20586217263433,83.43902102218534,80.75149485895113,81.6215591430664,3366300
2021-11-01,81.62155683153519,85.47883311032497,81.15752010127734,85.34349060058594,3315800
2021-11-02,84.82144471245645,85.61416821909201,83.5260215524769,84.86011505126953,2156700
2021-11-03,84.2704220296889,87.33497507708739,83.8643944549249,86.783935546875,2829000
2021-11-04,87.25761633562104,87.8569880926021,85.2661346373205,85.77851104736328,1782800
2021-11-05,90.42853182054465,94.7885154392656,90.28351987246566,93.45441436767578,10283900
2021-11-08,94.10210745807545,95.00117250786144,90.12882806937051,90.59285736083984,4918300
2021-11-09,89.11376385160696,89.90648742419359,87.43164453916482,88.31137084960938,3738600
2021-11-10,87.06428931220107,88.45639227208957,84.92780247135875,85.79786682128906,2739600
2021-11-11,86.03954492740759,86.10721618457313,83.30367897586068,83.42935943603516,2759500
2021-11-12,83.46801715370532,83.75804102366577,80.69348840882364,81.75689697265625,3909200
2021-11-15,82.36594099401898,84.03839826538731,82.18226608749482,82.4239501953125,3021200
2021-11-16,82.17260384454124,82.23060567529376,80.04578645998707,80.56781768798828,3514100
2021-11-17,80.19078197402644,81.20585815116134,79.29171682089975,80.50013732910156,2417100
2021-11-18,80.9641836778059,81.16719746225266,79.34973545700487,80.1811294555664,2285800
2021-11-19,79.27238711018222,79.2917185934757,76.08215394696603,77.79328155517578,4430500
2021-11-22,78.30564345192052,79.09836695480433,76.27549861532665,76.63318634033203,3096500
2021-11-23,77.3002307915083,77.79326835136531,75.64711266498905,76.21748352050781,2262600
2021-11-24,75.57946447465525,77.29058493874714,74.53538722082904,75.73413848876953,2147700
2021-11-26,68.66729187651335,69.15066012272348,65.66074079503719,65.71875,10722900
2021-11-29,69.73069597092042,70.10772258819415,65.79607899978116,67.5652084350586,7839900
2021-11-30,66.4921214405105,67.82622225302879,64.65532099796785,67.49752807617188,8624200
2021-12-01,68.64795354770432,69.9723776898814,62.06447367528052,62.132144927978516,9692100
2021-12-02,63.80460043204439,66.99483340389187,62.11281178422503,66.58879852294922,7070300
2021-12-03,65.73807292882687,66.81115088580236,63.968943607800995,64.53932189941406,4668700
2021-12-06,66.4147855196435,71.9541881525765,65.46738800951393,69.8467025756836,8184800
2021-12-07,70.53308792708587,71.9735231197282,68.6962872641465,69.25699615478516,5259900
2021-12-08,70.77478339600539,74.92208416587398,70.23341327706804,72.8629379272461,6857200
2021-12-09,70.80377562713127,72.91126138596277,70.80377562713127,72.2152099609375,2760300
2021-12-10,73.18194602355545,73.46230047801355,71.0357973086108,72.98860168457031,3503900
2021-12-13,71.4321575483152,71.63517132299327,68.53194812329026,69.75003814697266,4254300
2021-12-14,68.75430100397921,70.8617868220675,68.71563065976675,69.21833038330078,4257100
2021-12-15,68.86063395739161,69.03464679668375,65.90241568942533,68.28058624267578,4385300
2021-12-16,68.83163632489976,69.94338478269701,66.09577761648087,66.511474609375,5156400
2021-12-17,66.32778715961808,70.80377418253599,66.31811773013062,70.00138854980469,7720900
2021-12-20,67.81656200647969,72.07986582537704,67.34286322118301,70.24307250976562,6111800
2021-12-21,71.82852914391927,74.64172868980546,71.6931866159723,74.02301788330078,6787400
2021-12-22,73.81032825087479,77.30024750904245,73.05627498190586,76.81687927246094,4272700
2021-12-23,77.80295609440255,77.88995883835756,75.24110291636968,76.88455200195312,3859500
2021-12-27,74.22602584911797,76.1594988115878,73.0369441075429,75.85014343261719,2967100
2021-12-28,74.96075082774358,77.38726156400278,74.9510813973481,75.64713287353516,2363500
2021-12-29,74.86407266845046,76.15949596458485,73.81999553759921,75.61812591552734,3038600
2021-12-30,75.48279000369747,77.28092053885938,74.1583583028825,74.77706909179688,5293900
2021-12-31,74.09067984775712,75.58912427345403,73.69432174440841,74.34203338623047,3085400
2022-01-03,74.98973400421426,79.03069200673932,74.98973400421426,78.14129638671875,4677100
2022-01-04,79.49473543434212,80.75148829762546,79.01136724639932,79.63973999023438,4519400
2022-01-05,81.20585508939575,81.20585508939575,77.25190687593259,77.92861938476562,3362000
2022-01-06,78.63433898741238,80.11345194549729,74.89307366130622,75.3281021118164,5830400
2022-01-07,76.16917101747131,79.75576260848841,75.79214436609851,78.32498931884766,5106900
2022-01-10,78.9533625456692,79.04037265977392,74.6223874653497,77.2615737915039,4035500
2022-01-11,76.8072100664923,79.59141583771225,75.95648462284953,79.0113754272461,2990700
2022-01-12,79.31105186706826,79.92009311870586,77.96728891658863,79.52373504638672,2599900
2022-01-13,79.72676158959821,82.48195918282839,79.56241815215967,80.71282958984375,4265000
2022-01-14,80.5484903641578,81.43788623451015,79.09838551551674,81.35088348388672,2589200
2022-01-18,80.23911937903235,81.52488053200017,79.19504232057969,79.5914077758789,2528200
2022-01-19,79.64942522579277,80.04579075885994,78.02530749697021,78.91470336914062,3083800
2022-01-20,78.8760334525882,82.31762066796533,78.22832171881085,78.47967529296875,5003800
2022-01-21,78.14131727982272,78.26699037638,74.97042256889377,76.45919036865234,5059300
2022-01-24,74.55470660555673,76.27549605086843,71.02611761203784,76.11115264892578,5615500
2022-01-25,74.97040564753168,77.97695623614372,73.36561979289196,77.50325012207031,4118500
2022-01-26,78.78902156378601,81.13819145881057,77.71594350213196,78.41199493408203,4343500
2022-01-27,79.15637071410544,79.54306673426629,72.97892594716872,73.44296264648438,4027600
2022-01-28,73.15295489679386,73.9070082455737,69.51803068341329,72.04120635986328,5426500
2022-01-31,71.78018408108788,75.3571061288224,70.33007935217702,75.22176361083984,3954600
2022-02-01,75.34744360338857,79.10804792013977,75.18309279633938,78.52800750732422,4679000
2022-02-02,78.05429810079849,79.23371773770228,77.06823017726384,78.53766632080078,3430300
2022-02-03,77.77393096300948,78.52799145873949,76.36249687588469,76.7201919555664,4822300
2022-02-04,75.5407758598135,76.07248378890972,72.418221659813,73.06593322753906,8205700
2022-02-07,74.16800763585415,80.12309920939204,74.16800763585415,79.23370361328125,6927600
2022-02-08,80.64514473403737,83.6903657187282,79.29171236577332,83.4100112915039,6361900
2022-02-09,84.10607847401717,86.61959198777296,84.08674698860384,85.12115478515625,5728700
2022-02-10,84.45410281020898,87.53799466310599,83.8740623744791,84.9084701538086,5284700
2022-02-11,85.19847973315396,86.51324188054096,80.99317769767383,81.16719055175781,5555600
2022-02-14,81.60222247616582,83.3230120756655,79.82342367766712,79.9974365234375,4028400
2022-02-15,82.8106500136651,84.00940117785319,81.0318510638116,83.40035247802734,3551400
2022-02-16,82.98465804267927,85.84620458780509,82.65597117129875,84.16407775878906,4238900
2022-02-17,82.59796149624849,83.3906850599735,81.72789724932748,82.30793762207031,2697500
2022-02-18,81.77623058739286,82.50128290558372,80.20045287107892,80.90617370605469,3985200
2022-02-22,79.55273860386175,81.95024072631442,79.27238416503377,80.28746032714844,3491800
2022-02-23,81.32186169603847,81.737558607653,77.16489257989326,77.38724517822266,4613800
2022-02-24,73.2109565896179,78.87602555471825,73.03694372887324,78.67301177978516,4650300
2022-02-25,79.28205766228808,81.08018803420082,78.06396768036991,80.97384643554688,3125800
2022-02-28,79.14670614247392,79.46572352651336,76.46884237295039,78.03495788574219,4949400
2022-03-01,76.82653287299927,76.82653287299927,70.62008776421803,71.2194595336914,7786600
2022-03-02,72.24421023919511,73.45263066930895,71.40314696461522,72.94025421142578,4290100
2022-03-03,73.55898301699816,74.61272972716934,69.25700817541919,69.46002197265625,5136800
2022-03-04,67.67155477746448,68.65762275895159,65.94109556308133,67.28485870361328,5647600
2022-03-07,66.03776234772855,67.16884956215797,60.95273041211898,61.175079345703125,9472700
2022-03-08,62.62519173636242,64.83901929291956,59.40596098326246,62.3931770324707,6770500
2022-03-09,66.2311096983778,68.13558149645013,65.01301982678605,65.79607391357422,4942600
2022-03-10,64.77133939668299,68.60928412013685,63.96894640714402,67.20751190185547,4325700
2022-03-11,68.09692833299474,68.09692833299474,66.01844317187637,66.1537857055664,2844000
2022-03-14,65.85408782958984,68.10657809106831,64.28797216816699,65.85408782958984,3950100
2022-03-15,67.08183667722473,69.33433420803983,66.69514065091445,68.34825897216797,3836200
2022-03-16,69.61469420709027,72.23454911572024,69.26666849315433,72.07020568847656,4873000
2022-03-17,70.04005728492407,72.46656799316406,69.43101593810026,72.46656799316406,2736500
2022-03-18,72.03154024444275,74.29370016327408,71.14213703966129,73.64598846435547,4270400
2022-03-21,72.79524971148408,73.31728084712087,71.78017359922958,73.13360595703125,3160100
2022-03-22,73.21095352652085,75.1637578815166,72.49556325360541,74.34203338623047,3117400
2022-03-23,73.47195914381328,74.51603612284609,72.59222556640249,72.94992065429688,3186800
2022-03-24,73.20128565765046,74.4387071417264,72.49556479921854,74.31303405761719,2455000
2022-03-25,74.31302790639383,75.21209303143776,73.81032086034065,74.38069915771484,2883900
2022-03-28,74.71905451959994,76.14015815593757,74.34202792738135,75.92747497558594,1992500
2022-03-29,77.33890478647214,78.49898540802414,76.40116938583813,78.2573013305664,3383400
2022-03-30,77.72560677270134,78.97269759351965,77.20356824010669,78.76968383789062,3419700
2022-03-31,78.75034361424034,82.55928726252023,78.75034361424034,80.99317169189453,5446800
2022-04-01,81.534555769627,81.6989065859392,79.81376591852232,80.87718200683594,2556900
2022-04-04,80.45181251107553,80.9835131593917,79.39806589336293,80.64515686035156,2241600
2022-04-05,83.05232989842547,84.7054483018212,80.181121533091,80.66448974609375,3637200
2022-04-06,79.22406151785033,79.31107164727783,76.20784804250917,77.62895202636719,3155600
2022-04-07,77.44524276141757,77.62892501192137,74.23567865737898,76.55584716796875,3077000
2022-04-08,76.36250528936465,76.52685608093371,74.4870417104305,75.27009582519531,1999600
2022-04-11,74.4386969672309,77.3195744587648,73.98432971473547,76.13048553466797,1829500
2022-04-12,76.74920997581991,77.60960486887474,75.86948359807792,76.15950012207031,1934700
2022-04-13,77.5225956720553,79.7944247778388,77.45492441786136,79.2433853149414,2497400
2022-04-14,79.75574343357485,82.0662425623894,79.61073151584584,79.83308410644531,2276800
2022-04-18,79.24339333257359,80.17145950210981,78.295988302389,78.6150131225586,1514000
2022-04-19,79.30139024602686,82.07592652788416,79.30139024602686,81.6698989868164,2438000
2022-04-20,81.66989279135296,83.11999736425926,81.2058560827531,81.5442123413086,1867700
2022-04-21,84.15440564139071,84.76344691144759,80.3261230491056,80.62581634521484,4374100
2022-04-22,80.23912279142476,80.915835334601,78.43132303234889,79.00170135498047,1900300
2022-04-25,77.40658132213488,79.72675009938295,77.00055381441011,79.63973999023438,2632800
2022-04-26,79.175700054001,79.41738411559709,75.96613601102943,76.05313873291016,2367400
2022-04-27,76.17883239599001,77.75461009605549,75.2604283770501,76.95221710205078,2029800
2022-04-28,78.24765029801905,78.62467692190313,75.99515260873255,78.00596618652344,2386100
2022-04-29,77.91895321640509,78.79868689031358,74.55471463798293,75.14442443847656,2861500
2022-05-02,75.18307926481494,76.17882385540979,73.60730174141344,75.77278900146484,3003300
2022-05-03,76.37217013117544,76.65252455217356,73.77164704119626,75.01873779296875,2406700
2022-05-04,75.13476086739993,75.52145693689899,71.61584064862537,75.22176361083984,3799600
2022-05-05,75.00908162693399,76.34318271967885,70.52342484907564,71.14213562011719,4510600
2022-05-06,70.12705827068265,70.75543839621399,67.42986287077794,67.52653503417969,3808200
2022-05-09,66.4438053293834,66.4438053293834,59.12560636295409,59.36729049682617,5978200
2022-05-10,63.61126399702565,64.06562395184396,58.0718606636392,58.893585205078125,5050900
2022-05-11,59.29961477398091,62.39317219241449,57.8301749080298,57.94618225097656,4238200
2022-05-12,56.69909174110837,58.33287494119643,54.28225072380293,55.858028411865234,5533900
2022-05-13,57.20180039172057,60.48870616548049,56.72810154326556,59.57997512817383,4633600
2022-05-16,59.51229327032841,60.94306267956586,59.09659632918029,59.34794616699219,3496200
2022-05-17,61.00106535703851,62.31582745091863,59.840984627432945,61.79378890991211,3103300
2022-05-18,60.0536650695141,61.05907182622623,56.98911240399398,57.617488861083984,3197700
2022-05-19,56.65075222482808,57.80117091442613,55.364994715509184,55.51967239379883,5054600
2022-05-20,56.16738361357608,57.037447852551246,51.797738311497994,53.566864013671875,4851900
2022-05-23,53.56686178118293,54.32091496499716,51.78806672392876,53.53786087036133,3406900
2022-05-24,52.58078925863719,52.696796587548754,47.5344243534032,48.07579803466797,6000200
2022-05-25,47.486092032736515,49.99960894350362,47.27341252753041,49.39056396484375,5925200
2022-05-26,50.270297926969945,54.3015873559661,50.18329149458406,53.68287658691406,5500000
2022-05-27,54.378923397219076,56.27372588740855,54.378923397219076,56.254390716552734,4039400
2022-05-31,55.85802372375936,56.863430387649295,55.509998056427726,56.13837814331055,4566100
2022-06-01,56.157718569994564,57.1631253280133,52.73547077124238,53.72154235839844,3664200
2022-06-02,53.66353418095767,55.86769560835973,53.46052042869105,55.82902526855469,3029200
2022-06-03,54.8042903495641,55.34566411215819,53.673210425192266,54.456268310546875,3359800
2022-06-06,55.113646869394195,55.55834846718696,54.04057243994375,54.9106330871582,1827900
2022-06-07,53.905225600264686,55.287659089850706,53.58620447302557,54.852630615234375,5169100
2022-06-08,53.89555316013961,54.581935104549416,51.99108131231997,52.03942108154297,4832900
2022-06-09,51.913746003090786,51.942746915319745,47.70844040297559,47.72777557373047,6625800
2022-06-10,46.45168841872593,47.824456176176014,44.10251841194739,44.22819519042969,9514400
2022-06-13,42.70074064754163,42.74908041283954,39.55884766910631,39.92620849609375,7564000
2022-06-14,40.49658727013382,40.76727228246469,37.702719659754905,38.176422119140625,6804400
2022-06-15,38.592115163927915,39.0658176206735,37.509371432832324,38.36976623535156,8618200
2022-06-16,37.08400904270652,37.238686719814304,33.68109645852857,33.99045181274414,10053100
2022-06-17,34.32880618421995,36.21394280528919,32.96570807750339,36.05926513671875,11847400
2022-06-21,36.56197094444409,36.73598379428366,35.19887274590531,35.798248291015625,7083200
2022-06-22,35.10220152322158,36.46529975840861,34.83151281185632,35.46955871582031,5521100
2022-06-23,35.256874219738094,35.7305729439667,33.70042817880286,34.87017822265625,6033900
2022-06-24,35.343884289478154,40.409580985799465,34.87985125767972,40.37091064453125,12593500
2022-06-27,40.35158169797935,40.44825386941944,37.625381472123856,38.98848342895508,7084800
2022-06-28,39.35583757380389,41.38598620662158,38.640454709976126,38.8047981262207,6073200
2022-06-29,37.43203915931698,37.46104007476044,34.36748247941234,34.82184982299805,11802400
2022-06-30,34.009783281256084,34.29980343328747,31.902297855191645,33.74876403808594,9465200
2022-07-01,33.71009959477986,34.64783514851,32.936711158211835,34.11613082885742,6907100
2022-07-05,32.84003191520907,35.26653830391168,31.554270919931177,35.092525482177734,9215000
2022-07-06,34.802513827853545,35.47923011206766,32.55001602384785,32.56935119628906,7569000
2022-07-07,33.27506802914152,34.63817001269592,33.13005976913854,34.31914520263672,7575300
2022-07-08,34.04845613792543,34.676832565860096,32.76269499543555,33.29439926147461,5903100
2022-07-11,32.840040727002624,32.936712903769376,31.18691847695666,31.505943298339844,5911200
2022-07-12,31.32226351150492,32.89804132292902,30.94523318553132,32.22132873535156,7652800
2022-07-13,31.167585423479327,32.12465246385444,30.703550516392912,31.534942626953125,5790300
2022-07-14,30.89689645755925,31.62194880446084,30.055836767739354,30.239517211914062,6283100
2022-07-15,30.771219074325042,31.6896175341369,30.065501955501514,31.6702823638916,5724500
2022-07-18,32.81103269069567,34.62849818864443,32.81103269069567,33.217063903808594,8297400
2022-07-19,34.56082204731316,35.63389990932069,34.464149894331285,35.15053176879883,7958400
2022-07-20,35.06353134344575,37.789727826490214,34.899184229945135,37.6640510559082,7494800
2022-07-21,34.783181949716855,35.28588541737803,33.884116628989204,34.56083297729492,10386600
2022-07-22,35.24720933713385,35.24720933713385,33.29440130686091,33.71009826660156,6227500
2022-07-25,33.73910311054405,33.8164401078081,32.20199202892519,33.27506637573242,4806200
2022-07-26,32.93671092213228,33.033383093082755,31.902303204173037,32.018310546875,4363800
2022-07-27,32.985041477085105,33.78743437510514,32.41466691337397,33.74876403808594,7185800
2022-07-28,35.15053846033973,37.01634013296773,34.174132565437546,36.600643157958984,10542600
2022-07-29,35.769248651453736,37.46103743902249,35.179538826880666,37.422367095947266,6717600
2022-08-01,35.54690003595556,36.059269179069524,33.362073573690225,34.5994987487793,23159500
2022-08-02,34.22246935534032,36.49429837509088,33.93244549085589,35.440555572509766,16074500
2022-08-03,35.81758323906018,37.789726399769634,35.73057681468162,37.54804229736328,10724300
2022-08-04,37.81872774399091,38.43743846317008,36.82299041079987,38.137752532958984,8229500
2022-08-05,37.47069959702977,39.597520321259346,37.084007266683095,38.35042953491211,6861100
2022-08-08,39.104490758614766,40.84461565857862,38.65012343982939,38.891807556152344,7451000
2022-08-09,37.62538218308848,38.08941894062879,36.049604369558914,36.70698547363281,6013500
2022-08-10,38.49543762178472,41.11529200427912,38.10874164222419,40.2935676574707,9254300
2022-08-11,41.90802259221491,42.468731489445354,39.984219169635814,40.332244873046875,7516700
2022-08-12,40.62226839310983,41.11530238815181,40.24524174611176,40.96062469482422,5768000
2022-08-15,40.50625878460117,41.598668319349436,39.99388595770338,40.979957580566406,5048500
2022-08-16,40.89294950660349,42.93276392679886,40.235568451152666,42.61374282836914,7460200
2022-08-17,41.33765096616459,41.67601095261122,39.829544391877306,40.46759033203125,6184100
2022-08-18,40.29357372283511,40.47725231248199,39.20116055077164,40.41925048828125,3676300
2022-08-19,39.37517387805745,39.703864407818735,37.72205548770225,38.33110046386719,6228100
2022-08-22,37.055012013690295,37.16134993150211,36.46530215548146,36.5233039855957,7155200
2022-08-23,36.97766906423398,38.28276179137831,36.95833389277468,37.6640510559082,5466800
2022-08-24,37.71238757491325,40.59326546280559,37.63505057599239,40.544925689697266,6559300
2022-08-25,41.066961506375826,43.155111966435385,40.96061991316338,42.652408599853516,7858600
2022-08-26,42.52673896070319,43.43546991537921,40.87361679338484,40.89295196533203,6261100
2022-08-29,40.022886910781594,41.49232293754567,39.73286305158229,40.78660583496094,4580500
2022-08-30,41.71467983830515,42.52673861444022,39.48151728198199,40.35158157348633,5806500
2022-08-31,41.39565630451401,41.51166365100194,39.18182885211329,39.49118423461914,5405000
2022-09-01,38.76613330600559,39.64586339916231,37.50937655689703,39.55885696411133,5102800
2022-09-02,40.61259446121545,40.95095441323171,39.036816787546094,39.636192321777344,4398100
2022-09-06,40.515928008508915,41.19264432013895,38.85313998927063,40.43859100341797,5108300
2022-09-07,40.27423964754119,42.59440856164923,40.27423964754119,42.33338928222656,5491600
2022-09-08,41.39565440493,43.67715301207141,41.18297120628929,43.65781784057617,6233700
2022-09-09,44.34419718292078,46.04565529473066,44.141183426065965,45.66862869262695,7783100
2022-09-12,46.52902302331465,47.2154049683557,45.5622866428715,46.4420166015625,7679800
2022-09-13,44.141187509723856,45.832976348974036,43.93817373408751,44.895240783691406,8157800
2022-09-14,45.33026774982567,47.3797478194052,44.40220172071116,47.312076568603516,6103900
2022-09-15,47.25407682220493,50.3766349885157,47.25407682220493,49.13921356201172,9175700
2022-09-16,48.10480683970075,49.342232073128834,47.19607585311123,48.76218795776367,8034800
2022-09-19,48.298146453379886,50.676316954467175,48.23047520489576,49.04253387451172,6233700
2022-09-20,49.02320409874453,49.76759160177317,47.225073726208706,47.843788146972656,6120600
2022-09-21,47.40875921820105,47.8051210388083,44.38287291680004,45.20459747314453,9610600
2022-09-22,45.55262233634687,46.93505581086155,44.64389136415272,45.436614990234375,8499300
2022-09-23,43.976839916906975,44.508544192795846,41.830683955246215,42.94242858886719,10934200
2022-09-26,43.40646716164436,44.74056077919405,42.52673715827167,42.5750732421875,6800700
2022-09-27,44.14118564984243,46.16166495452666,43.26145563801189,44.237857818603516,7913400
2022-09-28,44.373205323402956,46.06499414114785,43.93817317556431,45.81364059448242,6787800
2022-09-29,44.5858832936235,44.740560975516985,41.88869144609381,42.188377380371094,9656300
2022-09-30,39.99388570090404,40.54492517958239,36.46529988899937,36.639312744140625,20527500
2022-10-03,37.1516812450719,38.05074641866902,35.69190717275537,36.339622497558594,10575700
2022-10-04,37.57705145034257,42.54607709549412,37.39337281984275,42.39139938354492,14696000
2022-10-05,40.71893623683862,42.32371851732362,40.09055978795746,42.02403259277344,8812500
2022-10-06,41.743677822601576,43.986505963519114,41.19263837258862,42.55573654174805,8792300
2022-10-07,42.14970779418945,42.77808796254737,41.13463525806327,42.14970779418945,7890000
2022-10-10,42.0046972346644,42.401059010369906,38.872469682210955,39.636192321777344,6049700
2022-10-11,39.752202869692915,40.20657019361584,37.54804488400331,39.33650588989258,7361900
2022-10-12,39.67486462065795,44.13152022583969,38.93047711485602,43.851165771484375,11577800
2022-10-13,42.536406959235336,44.460214260254084,42.07237387130781,43.26145935058594,10501100
2022-10-14,44.353869633241096,44.95324520336672,43.029438033318776,43.12611389160156,6878300
2022-10-17,44.469876661224106,44.88557362938619,43.27112184163434,43.60948181152344,5619600
2022-10-18,45.40761830494408,47.48609973753148,45.40761830494408,46.90605926513672,10644400
2022-10-19,46.34534533883501,47.09940229793774,44.89524062461581,45.136924743652344,6150800
2022-10-20,45.25293005498577,47.350746172862664,45.25293005498577,45.93931198120117,5341700
2022-10-21,45.59129133605991,47.70844285724125,44.95324541955273,47.56343460083008,5793100
2022-10-24,47.57309469230922,48.31748212112084,46.151994771674765,48.07579803466797,6739900
2022-10-25,47.969461140082714,49.3615639744557,47.51509752080318,49.206886291503906,6711000
2022-10-26,48.98452994717912,51.18869137171222,48.71384494450928,49.01353454589844,5954600
2022-10-27,49.67091340174176,50.318624969222824,48.44315782668595,48.64617156982422,3981900
2022-10-28,48.481830663446004,51.04367984356477,48.172475318584915,50.91800308227539,4566200
2022-10-31,51.66239483248016,52.46478786035344,50.12528372137237,51.604393005371094,5400200
2022-11-01,53.0738337157731,53.21884197369178,50.25096130371094,50.25096130371094,6661400
2022-11-02,49.78692423017204,50.71499028220456,47.86311718582754,48.00812911987305,6787700
2022-11-03,44.624553741134186,52.39711557215058,44.276528034102576,51.98141860961914,14431800
2022-11-04,54.12757646340283,54.5722743535882,51.449716004632265,52.88048553466797,7142300
2022-11-07,53.4508586638988,53.76021402973922,50.00927560916557,50.27996063232422,5505100
2022-11-08,50.79233221572021,53.093162232119795,50.77299704485045,52.503456115722656,6970600
2022-11-09,51.77840631789984,52.01042100399138,50.56031630859493,50.78266525268555,4301900
2022-11-10,53.18016750485948,56.05137578018864,53.18016750485948,55.800025939941406,6429800
2022-11-11,56.41874073408264,57.49181880116871,55.10397855054679,56.53474807739258,5152100
2022-11-14,57.20178662655148,57.83983614186374,55.60667390169008,56.13837814331055,5712800
2022-11-15,57.90751444213869,59.32861450640854,57.636825730243636,58.66156768798828,6670500
2022-11-16,56.52507835318797,58.54555757187789,56.08037680751626,58.1395263671875,4978700
2022-11-17,56.71842174570235,56.94077435876911,55.152309839892496,55.88703155517578,5593900
2022-11-18,57.12445083531799,58.10085292218869,55.45199739919672,56.737754821777344,3996100
2022-11-21,56.66042311322731,57.03744973327955,55.25865454323788,56.8054313659668,3324500
2022-11-22,56.950438726926265,57.7914983261646,55.616341519722795,56.84409713745117,2827100
2022-11-23,56.74742774869076,57.453144882271914,55.935369020440014,57.36613845825195,2242500
2022-11-25,57.36613751343058,58.30387299155603,57.10511824566968,57.694828033447266,1075800
2022-11-28,57.15346058400792,57.92684904288215,56.051381569136254,56.167388916015625,2537600
2022-11-29,56.409070445255544,58.33287760553501,56.3994047033798,57.93651580810547,2676200
2022-11-30,57.94618154998121,58.28454152054251,56.13838541905202,57.93651580810547,4226600
2022-12-01,58.381211568683156,59.72497459679334,58.352210656303065,58.883914947509766,4022300
2022-12-02,57.6174853346676,58.825905779503806,57.13411715673312,58.497215270996094,2948500
2022-12-05,57.617494311504736,59.51230066695273,57.192131576261,57.4434814453125,3809600
2022-12-06,55.896698914943265,56.73775855881314,54.378923046708564,55.71302032470703,4813900
2022-12-07,55.722687472026706,56.54441565370394,54.18557639428021,54.659278869628906,3118400
2022-12-08,55.68401677421789,56.476740350104095,54.678613691893524,55.190982818603516,2194800
2022-12-09,55.34565865930865,55.635678840486044,54.30158158170199,54.34025192260742,2024400
2022-12-12,54.137237013432014,55.15230946987255,52.986822054506966,55.103973388671875,3139400
2022-12-13,57.810840063199414,58.15886578181498,53.25751218286199,53.90522384643555,3967200
2022-12-14,53.91488743833841,54.45626112954298,52.36810704395674,53.441184997558594,4581300
2022-12-15,52.40678001081634,53.31551459831642,51.93308123409574,52.84181213378906,3974000
2022-12-16,52.00075320822856,53.10283214315431,51.25636571812102,51.633392333984375,3820600
2022-12-19,51.720400781112424,51.720400781112424,49.10054585091852,49.75792694091797,3762600
2022-12-20,49.342227269207775,50.5603135236106,49.01353674217737,49.18754959106445,3424500
2022-12-21,49.545242779594076,51.8267413786157,49.197217069532215,50.08661651611328,4706000
2022-12-22,49.40022750689726,49.77725779258022,46.74170246383357,47.853450775146484,4268400
2022-12-23,47.79544816998189,48.36582281594844,46.79004507713467,48.13380813598633,2390000
2022-12-27,47.81478467199927,48.65584805173814,47.109067495113074,47.273414611816406,2568400
2022-12-28,47.11873357116959,47.650437851492825,46.31634059221476,46.40334701538086,2592100
2022-12-29,46.70304303090818,48.56884482639569,46.34534786005421,48.14347839355469,3246300
2022-12-30,47.40875524403857,48.066136309130336,47.070395282055195,47.78578186035156,2015800
2023-01-03,48.85885869687049,49.177879792228275,47.0607283970877,47.08972930908203,2963000
2023-01-04,47.66010044177731,51.188689529568975,47.254072952384405,50.888999938964844,4585900
2023-01-05,49.293893467751474,52.058756631555404,49.07154083781034,51.604393005371094,4466700
2023-01-06,51.98141943009997,53.30584733582465,51.53672154756568,53.16083908081055,3117900
2023-01-09,54.00189364535583,55.53900460486125,53.25750620581607,55.38432693481445,5368400
2023-01-10,55.838692651745944,57.25013059368602,55.17164586562154,56.96977615356445,4299900
2023-01-11,57.25979772647296,57.694829853128596,56.55408058225682,57.230796813964844,4078600
2023-01-12,58.10086211028579,61.262090904308266,57.41448008112255,60.3630256652832,7654400
2023-01-13,59.550961781013484,61.416763359874764,59.396284101886444,61.36842727661133,4459800
2023-01-17,61.436100545142395,62.3448314788339,60.67237786599579,62.025814056396484,4217000
2023-01-18,62.83786709256557,63.08922062610762,59.80231533383533,60.15034103393555,4063700
2023-01-19,59.01925519624495,59.62830014755804,57.94617722558123,58.758235931396484,4072500
2023-01-20,59.49296104707503,61.30075714648363,59.12560016948488,60.89472961425781,3567900
2023-01-23,61.21374970580304,61.74545399825519,60.85605826365258,61.27175521850586,3254300
2023-01-24,60.60470807777668,62.56718562285879,60.585372905807596,61.85179901123047,3012900
2023-01-25,60.79804871067241,61.822790573483346,59.78297627657276,61.75511932373047,2537300
2023-01-26,62.38350724105621,62.54785068137824,60.885066353748755,61.803466796875,2552400
2023-01-27,61.871128995530626,62.45116935474106,61.184747043310054,61.68745040893555,3024400
2023-01-30,60.80772839558324,62.56718856153224,60.46936840194249,60.914066314697266,2638400
2023-01-31,61.72611873530007,62.799196747957915,60.97206551032181,62.77986526489258,2566700
2023-02-01,62.83786044411085,65.20636146445148,62.11280820821727,65.0323486328125,3822200
2023-02-02,65.87341240558106,67.84555538797021,65.35137390651222,67.03349304199219,4233300
2023-02-03,65.81541880951426,67.08184118964645,65.36105150120656,66.16344451904297,3062900
2023-02-06,65.5350712579324,67.18818986448852,65.24504734424276,66.79182434082031,3973000
2023-02-07,69.99171814450912,73.25928458241707,67.79722234511158,71.54816436767578,15165700
2023-02-08,71.92518307385491,72.94992120417841,69.72102546302405,72.03152465820312,8118300
2023-02-09,72.95959255872647,73.76198548886114,70.44607955677957,71.08412170410156,5147600
2023-02-10,70.31074268206216,70.53308792708587,68.50294293146385,69.25699615478516,4147300
2023-02-13,69.35366696221809,71.69317464527391,69.20865502774068,71.52882385253906,2959100
2023-02-14,71.34516180755556,73.21096368245288,70.89079443961255,72.8629379272461,3517700
2023-02-15,72.50523331141707,73.4719697555693,71.40315435513264,73.23028564453125,2610800
2023-02-16,72.49555732584368,72.58256743326798,71.12279346943738,71.44181823730469,3212900
2023-02-17,70.94878712389885,71.25814249134145,70.11739319096931,70.60076141357422,2019400
2023-02-21,69.60502340754734,71.1518002303701,69.00564416187254,69.37300872802734,2982800
2023-02-22,69.21833514621514,70.32041421745544,68.72529744309779,69.13133239746094,2044600
2023-02-23,70.01105857314018,70.16573996009248,68.27093722361356,69.32467651367188,2066600
2023-02-24,67.83589172363281,68.29992844299443,66.8014840659946,67.83589172363281,2875100
2023-02-27,69.12166104117088,70.17540030555959,68.78330473497331,69.6436996459961,2459700
2023-02-28,68.82197598651138,69.07332217407212,67.3622017598597,68.29026794433594,3662300
2023-03-01,68.48361626702159,69.817717477168,68.270940413447,69.12166595458984,2326900
2023-03-02,68.44493947902671,69.6436905395003,67.44919480011256,69.57601928710938,2315800
2023-03-03,70.32040180213372,71.91551829486778,69.60501895031607,71.55782318115234,3100600
2023-03-06,71.61583558597599,73.30762431677647,71.27747931493859,71.69317626953125,3288000
2023-03-07,71.69317674452037,72.66957522232384,70.66843111965761,70.82311248779297,2220800
2023-03-08,70.82310829614707,71.06479238784436,68.67695238177699,69.7983627319336,2950800
2023-03-09,69.3633285913712,69.60501266311813,65.64139536159085,65.97975158691406,4249400
2023-03-10,66.10543778997227,66.58880602955396,62.77986931706769,64.63600158691406,5226800
2023-03-13,62.663856092463625,63.42757876936257,60.981736742729126,62.07414627075195,5875600
2023-03-14,64.25896543041169,64.45230974735567,62.103140155983,62.42216491699219,4137100
2023-03-15,60.430691121701585,60.89472784189202,58.23620272515989,59.995662689208984,5749100
2023-03-16,58.70023502508818,63.07954970990778,58.34253990407939,62.71219253540039,4607100
2023-03-17,62.20948793863019,62.6155154700179,59.70564043165218,59.821651458740234,4867300
2023-03-20,59.918325398403404,60.86572668745937,59.05793053833253,59.30928039550781,3755700
2023-03-21,61.19441523523038,62.15148592284269,60.933395956790655,61.28142166137695,4113500
2023-03-22,60.914063212022455,61.47477213348072,58.690570073695696,58.72924041748047,4380900
2023-03-23,59.183603332934126,60.45969508040785,58.28453818978581,59.69597244262695,4243800
2023-03-24,58.77757638985176,59.29961496651759,57.549820635607446,58.82591247558594,3978400
2023-03-27,60.22767671601448,61.38776112844405,58.10085590786138,58.47788619995117,3671800
2023-03-28,58.68090510383302,60.720719667734414,58.68090510383302,59.81198501586914,2863100
2023-03-29,61.00106383927203,62.054810324237344,60.58536690264386,62.01613998413086,4028000
2023-03-30,62.93453780824237,63.39857452288268,62.28682619406001,62.56718063354492,2669800
2023-03-31,62.69285951205771,63.46625164950061,62.6251882532025,63.12789535522461,2326300
2023-04-03,62.112815856933594,63.12789206242856,61.54244121361446,62.112815856933594,2444600
2023-04-04,62.78952477288804,62.78952477288804,59.99566091956812,61.67778015136719,2595100
2023-04-05,61.20408168929217,61.84212755407986,59.69597160533644,59.9279899597168,2607700
2023-04-06,60.22767539587938,60.256679994823884,58.69056441285876,59.24160385131836,3084700
2023-04-10,58.70023476071685,60.382354013566804,58.53588765681389,60.2760124206543,2821100
2023-04-11,60.49836745975874,61.51343997202307,59.75397996734975,61.32975769042969,2383900
2023-04-12,61.803460618085666,62.21915758038561,59.43495561349005,59.53163146972656,2954400
2023-04-13,60.00532464034714,60.189003218290544,59.08692437501715,59.85064697265625,2786900
2023-04-14,59.80232156883333,60.923735781737946,59.48329674787764,59.88932800292969,2254400
2023-04-17,59.76365113731393,61.059078216552734,59.376955055705544,61.059078216552734,2352800
2023-04-18,61.17508761090597,62.31583703319644,60.86573221040082,62.30616760253906,2415600
2023-04-19,61.99680246339633,62.64452145463317,60.60470337979812,62.325496673583984,2799900
2023-04-20,61.46510776484947,61.648786370220904,59.92799659922495,60.160011291503906,2190300
2023-04-21,60.02466754580341,60.952733671558526,59.12560233403846,60.92373275756836,2556300
2023-04-24,60.73038432438008,61.24275346978782,59.49296283155825,60.334022521972656,2270000
2023-04-25,59.57996508005867,59.93765651376462,58.245867821843845,58.38121032714844,2537000
2023-04-26,59.241603316376924,59.44462075592878,57.39513700520336,57.578819274902344,3553500
2023-04-27,58.3715454040545,59.802314846740835,57.40480899511994,59.60896682739258,2974600
2023-04-28,60.49837660884059,63.85295370281342,60.08267958673645,63.25357437133789,5585200
2023-05-01,63.34057237645761,66.45346509352113,62.9345448156965,64.75201416015625,5421400
2023-05-02,64.28798265119951,65.73808752303107,63.81428379157334,65.55440521240234,3703200
2023-05-03,65.62204783208067,66.6467931762611,64.81966242539963,64.84866333007812,4288600
2023-05-04,70.76511326588,70.99713535080164,68.23226819820985,69.48902130126953,10164700
2023-05-05,70.75543246995802,73.46228969655563,70.03038024175306,73.09493255615234,5900100
2023-05-08,74.03267707800818,75.77279821485143,72.59223449662474,75.7437973022461,5377400
2023-05-09,75.27977342244613,75.27977342244613,73.71365764737267,74.40003967285156,4045800
2023-05-10,75.13476149490866,75.34744470369012,73.3076301112703,74.59339141845703,3040000
2023-05-11,74.19702167317672,75.34744039547186,73.54931002936924,73.8103256225586,2325700
2023-05-12,73.59764015747513,74.04233802051448,71.4708230080498,72.611572265625,2369100
2023-05-15,72.62123065694156,74.22600901654936,72.43754840696491,73.58796691894531,2064600
2023-05-16,74.43870266365256,75.1637549623245,73.10460908931701,73.91666412353516,2812700
2023-05-17,74.87372781810069,77.41624915464219,74.83506485440219,76.94254302978516,7319000
2023-05-18,76.45917761893753,77.56126389017034,76.10148987468327,77.46458435058594,2617900
2023-05-19,77.43558530919383,77.43558530919383,76.20783330832043,76.95221710205078,2286700
2023-05-22,77.33891891491454,78.46033677947555,76.34318151398327,77.65794372558594,3543700
2023-05-23,77.10689118699004,78.36364398151157,75.9178022644406,76.22715759277344,3185700
2023-05-24,75.06709011859262,75.4054464158486,73.7716593833087,74.6900634765625,3481100
2023-05-25,75.79214511850049,77.0102352065125,74.57405503048847,75.30877685546875,2854400
2023-05-26,75.87913948501301,76.54618997452044,75.453780475942,76.37217712402344,1972800
2023-05-30,76.58485665364671,78.37331746867889,76.58485665364671,77.59026336669922,2920500
2023-05-31,77.96730171351199,78.41199962707013,75.8888167230446,78.27665710449219,4122000
2023-06-01,78.20898145454001,80.89650764579876,78.00596768206512,80.46147918701172,4938300
2023-06-02,81.3895509270906,83.71938213211098,81.3895509270906,83.3616943359375,4415800
2023-06-05,83.32301689253846,84.97613533511657,83.00399209424783,84.68611145019531,3198200
2023-06-06,84.82145368921816,87.93434622478863,84.65711026357967,87.70233154296875,5284900
2023-06-07,87.8763549213818,89.03643584501395,87.12230158345943,87.98269653320312,4629700
2023-06-08,87.9730105934788,88.52405003513871,87.11261580519604,87.23828887939453,3214000
2023-06-09,87.97302387644162,89.04610201047814,87.80868043714956,88.18570709228516,5330300
2023-06-12,89.70346175661851,91.40491970209955,89.18142327190458,90.44784545898438,6232400
2023-06-13,90.87322144723079,93.40607346619358,89.98382573087319,92.61334991455078,5862800
2023-06-14,92.61336743908777,92.90338398810984,89.99350481321522,91.56929016113281,4322700
2023-06-15,90.1481735591335,93.04838289615655,89.5197933943224,92.71969604492188,3584400
2023-06-16,93.33839476679509,93.45439840495273,91.6756071141495,92.12997436523438,3913700
2023-06-20,91.54027133505758,93.52207651364422,91.35658906034844,93.38673400878906,2706400
2023-06-21,92.99037551400619,94.45014214932043,92.05264003762782,94.11178588867188,3021600
2023-06-22,93.97644809205023,94.44048482676598,93.43507804789326,94.1697998046875,4788900
2023-06-23,93.40606611507941,95.0785158223015,93.07737193018146,94.6628189086914,4872900
2023-06-26,91.11490755792602,94.8755116405595,90.53486718122107,94.00544738769531,5418200
2023-06-27,94.95286039328603,98.3364381498138,94.6531744379044,98.05608367919922,5630600
2023-06-28,98.05608247247586,101.71034522445655,97.6500549168367,99.69953155517578,4766100
2023-06-29,99.95087683691877,100.52125515412105,98.11407618284996,98.18174743652344,3409400
2023-06-30,99.60285597673219,101.26564386273886,99.21615991884,100.28923797607422,3653200
2023-07-03,100.05722818617794,100.4535936932006,98.8584769861242,99.76720428466797,1906700
2023-07-05,99.28382389323747,100.70492756077397,98.65545114282,99.80586242675781,3014900
2023-07-06,98.00773139803597,98.9164659540308,97.32134945436806,98.38475799560547,3050000
2023-07-07,98.5394500826378,99.71886977289878,97.9884105819306,98.61679077148438,1990800
2023-07-10,98.46211147910154,100.02822727114977,97.60171658039997,99.76720428466797,2435600
2023-07-11,99.8348597932361,99.97020966803599,97.17633482610246,97.91105651855469,2390000
2023-07-12,98.8391219564743,99.10980695327432,95.89058052634503,96.00658416748047,4127600
2023-07-13,96.85732918227262,97.5437111901391,95.00118955646083,95.96792602539062,3406100
2023-07-14,96.0549248872742,96.23860715504358,94.14078365782062,94.50814819335938,2846200
2023-07-17,94.30514147018157,96.57697060010086,94.0634573632622,95.47489166259766,2919000
2023-07-18,95.67789445226518,97.47602459153347,94.89484039586578,96.06459045410156,3081200
2023-07-19,95.87126465404033,96.17095800858813,94.89486602086664,96.10328674316406,2529400
2023-07-20,95.85191687493965,98.85846771101424,95.35887923887621,97.74671936035156,3128200
2023-07-21,98.67477850953621,99.44817053633328,97.94972625026884,98.9744644165039,3436600
2023-07-24,98.77145806664612,99.51584923892307,96.61563998463726,99.50617980957031,3169000
2023-07-25,98.71345248481087,99.09047908346965,97.60170417119076,98.23975372314453,2168300
2023-07-26,98.83913815165319,99.16783239849174,96.19995162479904,97.52437591552734,3451000
2023-07-27,105.37426569338557,108.35181552165777,102.23237245023417,106.03164672851562,12693200
2023-07-28,107.30773437339143,109.19286729727338,104.5815381735244,104.95856475830078,4045100
2023-07-31,106.0219837554698,106.63103243392895,103.92416744783294,105.4806137084961,3208500
2023-08-01,103.4987853898257,105.08423232368884,102.0486809472231,103.86614990234375,3248000
2023-08-02,102.95743635365986,103.53747677348724,100.62759786864848,101.70067596435547,4673300
2023-08-03,101.12062228178586,103.51813171173187,100.68559386787615,101.23663330078125,2449100
2023-08-04,101.50733404194493,102.23238642795883,99.28383710792329,100.4632568359375,2127600
2023-08-07,101.2173029753499,104.63955088025743,101.01428920670459,104.46553802490234,3198400
2023-08-08,102.76408389786866,103.18944290518857,101.64266611581272,102.61907196044922,1901100
2023-08-09,102.40638414830588,102.8704208519876,99.64151753521912,99.73818969726562,2086300
2023-08-10,100.73394216864709,101.37199181046277,99.10016246956454,100.1249008178711,1806400
2023-08-11,99.07114685233506,99.72852788167657,97.89172729596237,99.39983367919922,1751800
2023-08-14,99.26450428657671,100.30858147852851,98.13342434976934,100.29891204833984,1708800
2023-08-15,100.26989301605641,100.86926481840132,99.48683895138629,100.06687927246094,1931000
2023-08-16,99.21615696033845,100.81127354182065,97.72738197599598,97.81439208984375,2024600
2023-08-17,98.38474838048987,98.83911561408209,96.19026026101068,96.2192611694336,3103400
2023-08-18,94.83683712672308,97.0990040846548,94.51781235210487,95.9002456665039,2750800
2023-08-21,96.62530711928744,97.0700123855354,94.52749075185713,95.96792602539062,1784300
2023-08-22,96.67365004022786,96.87666382023863,94.34381153396356,96.05493927001953,2677600
2023-08-23,96.12258645033724,100.443898704701,95.49420640736851,99.00346374511719,3176200
2023-08-24,97.88205068105341,98.41375859796099,95.72622548004311,95.75523376464844,2519700
2023-08-25,95.61023037761315,97.03133404999299,94.91417899721378,96.45128631591797,2328000
2023-08-28,96.6736320845528,97.18600115450289,94.80783069029643,95.04951477050781,1591100
2023-08-29,95.03018669624232,97.81438474487179,93.67675432341477,97.18600463867188,2478700
2023-08-30,97.15700933447994,97.6403775401241,95.43621970248482,95.6489028930664,1794500
2023-08-31,95.6295640344971,96.54796805058912,95.12686434589708,95.6489028930664,2025500
2023-09-01,95.90992366122723,96.43196223660432,93.82177673533276,94.45014953613281,1856600
2023-09-05,94.45980771395419,95.90024280785072,91.41458674147269,95.66822814941406,3053600
2023-09-06,94.45014592558806,95.80357839790798,93.16439208371705,95.57156372070312,3085700
2023-09-07,94.81752071272186,95.05920484542622,92.7680366121677,93.94745635986328,3173100
2023-09-08,93.91844156133365,95.32020637356908,92.71969050548735,94.11178588867188,2783000
2023-09-11,94.9818623963829,95.08820400285546,91.723957692553,94.41149139404297,2331600
2023-09-12,93.99578140420908,97.02166361618444,93.85076947219204,95.70690155029297,2646200
2023-09-13,94.51781340145014,95.3782155722612,93.58008530068508,94.11178588867188,3310400
2023-09-14,94.93351047973006,97.07000439063889,94.71116524053285,96.45128631591797,4112300
2023-09-15,95.49422071640554,96.13227028273452,93.50274608625158,94.17945861816406,5411600
2023-09-18,93.45439947826749,94.14078138916346,92.70034631913143,92.7293472290039,2523000
2023-09-19,94.96251204192585,95.68756428256,94.10210993080956,95.04951477050781,2991100
2023-09-20,95.38789080645398,95.68758414353735,93.00971984863281,93.00971984863281,1505100
2023-09-21,91.83996778700076,92.26533420852657,90.46720372285826,91.18258666992188,2314200
2023-09-22,92.12998738290213,92.12998738290213,88.01168800730929,88.20503234863281,3585800
2023-09-25,87.44130842163653,89.22010731416145,86.58091357640674,87.94401550292969,3065800
2023-09-26,87.00628324418457,88.63040082643391,86.88061015694178,87.45098114013672,2407200
2023-09-27,88.04068247605854,89.34577512348955,87.19961916408094,88.90107727050781,2248000
2023-09-28,88.42737877564652,91.61760443735963,88.34036866522537,90.99889373779297,2889100
2023-09-29,90.68955200333849,92.7680370290594,88.11803665512741,89.07510375976562,3992100
2023-10-02,88.69806663897788,90.11917035814196,88.0890253488848,88.64972686767578,2685500
2023-10-03,87.49930903955313,87.92466801782457,83.323008305638,83.89337921142578,5288900
2023-10-04,84.26074847519102,86.57124788966699,84.26074847519102,86.38756561279297,3436100
2023-10-05,86.83226830814644,87.70233259492423,85.71085785288805,85.81719207763672,2762000
2023-10-06,85.15982158051136,88.61107824313444,84.9181374361113,87.85701751708984,2185800
2023-10-09,85.07280576226366,85.77852660078878,83.5453604341121,85.29515838623047,3089300
2023-10-10,86.02021001185012,88.22436787229817,85.94286932799949,86.35856628417969,2351900
2023-10-11,86.35856008481039,87.50897132814703,84.93745646742859,86.23287963867188,1759800
2023-10-12,86.43590266230875,87.26728915764085,84.6764353826141,85.91386413574219,2326600
2023-10-13,85.16948535927649,85.91387660497222,82.48195903200099,83.24568176269531,3201900
2023-10-16,83.79671618463398,85.05347652593272,83.69037458457268,83.81604766845703,2011600
2023-10-17,83.6227035522461,85.15014892485063,82.91698269318248,83.6227035522461,2335600
2023-10-18,82.80097986688735,83.02332512393534,79.98777320785321,80.07478332519531,4635600
2023-10-19,80.09410758301709,81.05117453374832,79.24338222410192,79.34972381591797,4056200
2023-10-20,79.03070480963547,79.57207486159068,77.2422438517573,77.3775863647461,4008900
2023-10-23,77.52260050135754,79.68808814607715,76.74920836900783,78.57633972167969,3863500
2023-10-24,79.2723829711699,80.52914321242154,79.19504229080695,79.73641967773438,3259400
2023-10-25,78.79867974135196,79.75574663581008,78.46998555626148,79.48506164550781,5235200
2023-10-26,81.09951371170621,82.65595986172458,75.74379332214194,80.12310791015625,9953800
2023-10-27,81.37019721323901,82.45294458583398,79.5527355214386,80.05543518066406,5109500
2023-10-30,80.87717298518278,83.28434462211199,80.78049344203724,83.00399017333984,4435700
2023-10-31,83.19734457356216,83.37135744641705,80.48081724651894,81.91159057617188,3394200
2023-11-01,81.93090932955899,82.93631606363249,81.21552646371157,82.43360900878906,3712700
2023-11-02,84.03839340044294,86.18454933372212,83.8643805578632,85.38215637207031,3182400
2023-11-03,87.0836227950932,89.68413887822264,87.0836227950932,89.28778076171875,3884300
2023-11-06,89.29744992686051,89.9064912445867,86.76459773335115,87.43164825439453,2298200
2023-11-07,87.31565189223403,89.96450818615267,87.0062964664889,89.86783599853516,2189800
2023-11-08,90.34152249293007,93.45441518642615,90.04183653972494,92.2459945678711,3787500
2023-11-09,92.32332773102874,93.1547216388651,89.0847622124452,89.51979064941406,2604400
2023-11-10,89.87748912789003,91.90763420208816,89.47146158817317,91.75296020507812,1606000
2023-11-13,90.91188759905324,95.39754369076584,90.6798729393062,94.55648040771484,3907400
2023-11-14,97.40836951273161,99.80587184596408,97.15701596347509,99.39017486572266,3618600
2023-11-15,99.93154816284131,100.51158855000524,97.64038015158808,98.70378875732422,3286800
2023-11-16,98.38477364369088,100.34725499971196,97.67906010547897,100.24091339111328,3124500
2023-11-17,100.82095251938269,102.13571477615598,100.25057413746968,102.02937316894531,2727000
2023-11-20,101.91334815495048,102.7447420378812,101.19796529368915,102.29037475585938,1769000
2023-11-21,101.14962010932604,101.52664669005186,99.35148993558153,101.34297180175781,2626700
2023-11-22,103.01542756992747,104.17551566567974,101.14962603836821,101.4686508178711,2531500
2023-11-24,100.80159598762731,101.52664825025964,100.16355383182963,100.9756088256836,969700
2023-11-27,100.67592801005847,103.56646777813351,100.5309160750739,102.88975524902344,2369100
2023-11-28,102.74474840482925,103.74048576511942,102.04869698290618,102.17437744140625,3011300
2023-11-29,103.08309076628359,105.13257441234718,101.86500831801621,102.38704681396484,2611300
2023-11-30,102.96709380754127,104.33985769577514,102.59006720972512,103.88549041748047,3220500
2023-12-01,103.90482918270246,107.05638446545063,103.53746463856395,107.04672241210938,2783300
2023-12-04,107.06605785821297,110.62364815701379,106.97905512124119,110.41096496582031,4200900
2023-12-05,109.35722431933668,110.53663653285803,108.91252646001944,110.4883041381836,2137500
2023-12-06,111.17468983027582,115.08997533541361,111.16502040077093,114.23924255371094,3987900
2023-12-07,114.23925082309017,115.84403695883877,114.04590647267877,115.51534271240234,2329100
2023-12-08,115.33165063726008,116.56907199730766,114.89661485012226,116.46273040771484,2650600
2023-12-11,116.2307265240151,116.76242714566762,115.25432064522325,116.40473937988281,1978800
2023-12-12,116.49172993948108,116.93642777450845,115.58299541212216,116.29838562011719,2227100
2023-12-13,116.29838699674889,116.78175517649329,114.51958825997067,116.46273040771484,3285600
2023-12-14,116.97510808675601,119.15026505531138,116.53041021381388,117.35213470458984,3363500
2023-12-15,116.83009389355696,119.60463005070676,116.68508195666098,118.44454193115234,4568100
2023-12-18,118.59923036499512,118.65723219296461,117.05245348902602,117.07178497314453,2210400
2023-12-19,117.29412688556889,120.09766386579928,117.00410302100208,119.7593002319336,2999500
2023-12-20,119.10192712683532,120.17500517131266,116.7430952154014,116.79142761230469,1858000
2023-12-21,118.90857630471677,122.96886620390079,118.90857630471677,122.89153289794922,3089700
2023-12-22,122.93021336559282,124.66066516057695,122.59184969977566,123.9452896118164,1856200
2023-12-26,123.45225279052184,124.73801415452381,122.59185786287888,124.6896743774414,2039700
2023-12-27,124.70900054812785,125.62739721432206,123.83894365409698,125.59839630126953,1701300
2023-12-28,125.6273972858977,126.44912915946077,124.52531833559125,125.64673614501953,1527200
2023-12-29,125.34705216726881,126.61347456182587,124.88300804845998,125.18270874023438,2006300
2024-01-02,123.02687290715484,123.18154689153359,115.00295806009626,116.14370727539062,4642500
2024-01-03,113.68820194110523,115.21564726055216,112.10275479643822,113.5431900024414,3638500
2024-01-04,114.08457418436385,117.12012614455844,113.71720960120251,115.04164123535156,2737400
2024-01-05,114.61627998549666,119.01493412225474,114.55827815422276,118.57023620605469,2773900
2024-01-08,119.73030241843165,120.5906972297977,118.03851370778392,119.99132537841797,2146700
2024-01-09,118.47354215765871,120.07832065676922,118.28019046308258,119.45960998535156,1347600
2024-01-10,118.66690005968334,120.66804423002371,118.21253274493705,119.4886245727539,1440500
2024-01-11,119.44028616633133,119.49828799061875,117.25545981893896,119.31460571289062,1329200
2024-01-12,118.93758350690558,119.20826853108571,115.78602063477908,117.1781234741211,1572800
2024-01-16,115.94071162856443,119.57564302429685,115.3026619823733,118.71524810791016,1888600
2024-01-17,116.94610502487183,119.49828856436068,116.68508206309825,118.34786987304688,1653100
2024-01-18,119.6723043380324,122.39850079345089,118.48321527607978,121.11273956298828,2868000
2024-01-19,121.81846851301718,122.7755355834961,119.73998356148083,122.7755355834961,2394400
2024-01-22,123.49089863742012,123.99359829151904,121.73143878465446,122.52416229248047,2197500
2024-01-23,121.89578755603135,123.83893713563481,120.66803558921197,121.03539276123047,2306400
2024-01-24,122.9882073579684,122.99787678724786,120.7743800922367,121.31575012207031,1485800
2024-01-25,122.37915899520227,123.50057677470346,121.62510577307525,123.46190643310547,1909200
2024-01-26,123.04621199220668,123.29756552991778,118.95692101162284,119.35327911376953,2857900
2024-01-29,119.51761140030533,123.32655495097929,119.46927900853507,123.15254211425781,2587200
2024-01-30,123.74226944176331,125.17303530183985,121.63478362030872,122.15682220458984,2317500
2024-01-31,121.63477083391044,124.82499645722702,120.40701887862592,123.2588882446289,3840800
2024-02-01,125.91741824856719,129.3203345649757,118.23186668767165,122.73685455322266,7838000
2024-02-02,122.01179506966626,122.05046540912689,116.29838701929843,119.33393859863281,5004300
2024-02-05,117.84517398057477,119.68197469901465,116.26938885670464,117.1781234741211,3007500
2024-02-06,117.18779024458202,118.14485723710564,115.58300424390933,116.55941009521484,2963800
2024-02-07,116.99444386637833,117.43914913126461,115.4089966522372,115.45733642578125,3007800
2024-02-08,116.24037754150805,118.91824138168589,114.91595345234327,116.94609832763672,3149600
2024-02-09,116.82042790108112,116.97510927181777,111.73539953573983,113.07916259765625,4447200
2024-02-12,112.76013001590496,115.1189691274603,112.73112910479784,113.12748718261719,3140800
2024-02-13,111.33902670430835,113.89121014805771,110.68164567330545,112.69245910644531,3045600
2024-02-14,113.70754744823275,114.2972572911618,110.6913269750029,112.75047302246094,2598600
2024-02-15,114.13289656240185,116.15337946555267,113.60119596991939,113.8912124633789,2223300
2024-02-16,113.03082473075159,113.64953547290037,111.87074393312612,112.22843170166016,2080000
2024-02-20,111.86106752701973,112.0060794615825,109.33788494271292,111.31002807617188,2265000
2024-02-21,110.70097636075235,111.73538391217157,109.78257244555152,111.0780029296875,1578300
2024-02-22,119.53695418619716,120.76470613658498,117.19745392997312,118.48320770263672,6059800
2024-02-23,117.18779263472598,119.25660802976931,116.58841338569322,117.85484313964844,2583800
2024-02-26,118.7345754791816,118.9375892571317,115.50567914090733,115.59268188476562,2612800
2024-02-27,120.40702890145307,122.4758443333677,118.38654586711321,119.1502685546875,3468200
2024-02-28,117.47779967900868,119.19859660201891,117.14911285562414,118.02883911132812,1957500
2024-02-29,118.47355587180269,119.33395072932751,117.54548238163218,119.24694061279297,2845000
2024-03-01,119.15025741070781,122.2631496971952,118.4252051343749,120.12666320800781,2622400
2024-03-04,121.28674643559637,122.98820454480109,120.96772165719298,121.13207244873047,1973200
2024-03-05,120.3393633840974,122.73686578608226,120.165350518178,121.90547180175781,2025800
2024-03-06,123.74227208415354,124.631667894611,122.050483208003,122.7755355834961,1702300
2024-03-07,124.05161298072716,125.01834931099633,120.10731960746902,120.21366119384766,2351300
2024-03-08,121.21907545299396,124.05162074869057,121.16107362974192,123.22988891601562,2451600
2024-03-11,122.64018506617775,124.13862949473001,121.87646239538644,123.54891967773438,2011300
2024-03-12,124.4576486767792,125.44370917779798,122.95920431580042,125.42438507080078,2493500
2024-03-13,125.78208789328369,128.66295856244506,125.67574628714543,127.71556091308594,3621400
2024-03-14,127.8025505346468,128.14091417885703,124.3223083071257,124.42864990234375,2406000
2024-03-15,124.46731703626305,126.25578535630423,123.99361086875112,124.63166046142578,2953100
2024-03-18,125.44371890019875,126.87449949512526,123.90661145486675,123.99361419677734,2786700
2024-03-19,123.98395928835868,125.28905949714867,122.9978912784701,125.10537719726562,1689600
2024-03-20,125.10536721241968,131.04112841007515,124.69933967461324,131.02178955078125,3017900
2024-03-21,132.2398687467444,132.86825627212238,130.26773293533202,131.27313232421875,2654800
2024-03-22,130.973467901436,131.80486195138576,130.70278283877605,131.49551391601562,1563700
2024-03-25,132.26887530442727,133.70930303403807,131.42780464389944,131.73716735839844,2407000
2024-03-26,132.24952058207896,133.29359749142455,131.39878797048823,132.3171844482422,2073000
2024-03-27,132.15286999838548,136.90921157064685,131.00245126065528,135.07241821289062,2821900
2024-03-28,135.02408171840648,135.6137915583161,132.42355823997266,134.3860321044922,2770000
2024-04-01,135.4494320373109,135.9037993067689,133.8929859071142,135.88446044921875,2214500
2024-04-02,133.50628660471006,133.50628660471006,130.82842297001739,132.87789916992188,5241300
2024-04-03,132.6362179472987,134.6760321386146,132.3655329622997,133.88331604003906,1687300
2024-04-04,135.294759835121,136.9865485802042,130.20973154605562,130.54808044433594,4200200
2024-04-05,132.4429116353255,132.59759302862534,130.08407201680618,131.49551391601562,1917100
2024-04-08,132.55890722163733,134.85974486517836,131.9788741589759,133.6899871826172,1596200
2024-04-09,133.0615895413017,133.5256188551828,125.37603857158,128.74993896484375,3915400
2024-04-10,127.27085161493486,129.12699863649874,125.81108484145523,126.5457992553711,2178600
2024-04-11,126.53612814963769,129.3299957852567,125.81107584193836,129.30099487304688,3514300
2024-04-12,127.00984722870047,127.0581722531509,122.12782490970038,123.42324829101562,3868000
2024-04-15,126.61347420688551,128.00557705695422,122.06014640633522,122.93987274169922,3353100
2024-04-16,121.47042785040992,124.051619595327,120.90004954981907,122.38882446289062,3058200
2024-04-17,125.19237777169933,125.84008946183792,122.4371801993369,123.71327209472656,2296200
2024-04-18,124.15795664691147,126.27511185740167,122.87220275882062,123.39424133300781,1981200
2024-04-19,123.74226783548757,125.40505573962515,122.9688757112702,124.91202545166016,2965300
2024-04-22,125.65640616308977,129.49435124890377,125.2310397428139,127.59955596923828,3315200
2024-04-23,128.1505833899678,132.97460365886877,128.01524087496998,132.12387084960938,2649900
2024-04-24,132.16254539889104,133.53530937557906,131.71784014529163,132.18186950683594,3002600
2024-04-25,134.61803683864798,136.25182363157174,132.08519232013722,132.89724731445312,5711300
2024-04-26,134.62773644949607,136.08751818712028,133.65133777331292,135.9134979248047,2759900
2024-04-29,136.30982547440775,138.8426699933271,134.44403139779337,138.59132385253906,2662600
2024-04-30,137.60526006530375,137.60526006530375,134.82106917451316,134.98541259765625,2947300
2024-05-01,133.89300001963937,134.7147319130308,130.23873737248678,132.9456024169922,4288400
2024-05-02,134.48270687025456,134.61804938191798,131.78551869095227,132.8102569580078,2378400
2024-05-03,134.06697759360927,136.25181098423215,133.3999419645544,133.6126251220703,2090900
2024-05-06,134.94675642601092,138.52367884201854,134.76307411457412,138.48501586914062,2586700
2024-05-07,137.9629580452034,139.14236288131104,136.84154028163513,136.8802032470703,1657000
2024-05-08,135.51708913551622,137.0155333693607,135.37208458920645,136.96719360351562,1287900
2024-05-09,136.26150793464024,137.65361086719747,135.69113693487063,137.02523803710938,1195800
2024-05-10,138.2433053195772,138.2433053195772,135.75878568883928,136.34849548339844,1154200
2024-05-13,137.2765845186775,138.04997667747912,136.04882501975098,136.15516662597656,1221000
2024-05-14,137.30558260782885,137.30558260782885,135.43011145548576,136.1165008544922,5311600
2024-05-15,136.88020388441274,136.88020388441274,134.5697044691998,135.96180725097656,1782900
2024-05-16,136.30984078672375,139.53873702109334,135.73946981592505,138.10797119140625,2658600
2024-05-17,138.39800789881244,139.16172328200196,136.61921618890017,137.19924926757812,1286600
2024-05-20,138.5333523309632,145.88054135387148,138.5333523309632,142.7869873046875,3493700
2024-05-21,141.97491521978128,145.8128600950997,141.5012090502316,145.7355194091797,2470100
2024-05-22,145.2714857487672,145.84185669542865,141.69456395030585,142.4679412841797,2191200
2024-05-23,142.90298825859983,143.90838767000218,140.33146577679864,141.44320678710938,2464400
2024-05-24,142.1102498193782,144.61409353780618,142.1102498193782,143.49267578125,1870400
2024-05-28,143.63770966288357,145.32949852283974,142.88365637968707,145.1361541748047,1771600
2024-05-29,143.42501875343177,143.6473640041718,141.578548613703,143.038330078125,1455400
2024-05-30,142.99964341982727,144.04372047935502,141.79122294600717,142.58395385742188,1391800
2024-05-31,142.95130617683006,143.86004074939797,139.16170127410845,142.7676239013672,3423100
2024-06-03,143.3186722064045,146.1318786884908,141.7912269145971,145.9481964111328,1850800
2024-06-04,145.45518168830196,150.64655202315262,145.3488400822236,149.99884033203125,2602000
2024-06-05,150.59820532413013,151.70994635828956,149.47678748453578,151.12991333007812,1698200
2024-06-06,150.67554101922437,151.65193950599456,148.0750176545722,149.40911865234375,1412500
2024-06-07,149.0223940540998,150.70452051874773,148.51970180131093,149.42843627929688,996700
2024-06-10,148.4230576367426,151.1685858299189,148.4230576367426,150.23085021972656,1187100
2024-06-11,149.4574622975483,149.77647234758712,147.2146266345452,148.0943603515625,1113900
2024-06-12,149.84413613576484,152.33831772030086,149.72813249269728,152.24163818359375,1489900
2024-06-13,151.43927728133136,151.9613232880663,148.42306391345608,150.11485290527344,1197300
2024-06-14,148.45206365723678,148.6164071021385,141.17253854721218,143.5603790283203,3807000
2024-06-17,142.41960018908358,144.411074626359,139.74173648155792,144.1597137451172,2348400
2024-06-18,145.20380175457498,146.48956291391931,143.60869262335487,146.44122314453125,1326700
2024-06-20,145.85148989931338,146.15117576959477,143.91801744462117,145.2134552001953,1341200
2024-06-21,144.64311118461308,146.17055663294462,143.07700276661484,146.0932159423828,2066700
2024-06-24,147.70766220019686,150.46286710434416,145.7548651062092,149.380126953125,2174600
2024-06-25,150.9172272592575,156.30194159584158,148.8870748210345,155.383544921875,3751900
2024-06-26,154.67782493233284,156.19560817007027,153.57574601973906,156.03125,2391300
2024-06-27,156.24393122031637,156.31160984846025,153.2180563390455,154.88084411621094,1417100
2024-06-28,155.16116963892284,157.09464215778792,153.61438572334092,154.1267547607422,2830300
2024-07-01,154.43613769694193,154.67782179349427,149.38011052741055,151.26524353027344,1915800
2024-07-02,150.87855782105572,152.47366698894305,149.78614096292537,151.4005889892578,1384000
2024-07-03,151.29425745930664,151.52627952240192,149.7281490992901,150.21151733398438,1442400
2024-07-05,150.81090332849493,151.82597966652872,149.33179757210226,151.56495666503906,1235500
2024-07-08,152.62835503971925,157.51036229822924,152.35767001453868,155.480224609375,2247400
2024-07-09,154.67783031680813,158.2257512795526,154.63916734976897,157.70372009277344,1930100
2024-07-10,158.544791320011,159.20216508147973,155.1322125405993,157.26869201660156,1930200
2024-07-11,155.64456632608216,157.80038444982023,152.54133587338853,157.75204467773438,2993100
2024-07-12,158.54476776654053,161.1162901010971,158.49642799685418,160.86492919921875,2062500
2024-07-15,161.4449855700184,162.33438132516702,158.74779739145455,162.1410369873047,1744900
2024-07-16,162.50841094117655,166.89738814417987,162.49873413542667,166.35601806640625,1893700
2024-07-17,164.44186402493256,164.6738713151874,158.98947143554688,158.98947143554688,2627300
2024-07-18,160.1882212683585,161.29997699810133,157.63603771877501,158.72845458984375,1651600
2024-07-19,160.44922655058087,163.3784363897789,160.4105488374947,162.69204711914062,1505600
2024-07-22,161.67701917635648,163.8811772381518,159.99489233920596,162.92410278320312,2016100
2024-07-23,162.64373909769864,167.6030868553131,162.53739750243915,165.0509033203125,2160100
2024-07-24,163.94883431426626,165.3119362764899,158.41910052889597,159.03781127929688,2383500
2024-07-25,158.06140186933712,158.30308597005475,146.8762546075358,146.96327209472656,6499200
2024-07-26,149.50579614583185,151.43926917585222,146.99229005754256,148.45205688476562,3435900
2024-07-29,149.65080533495998,151.26525343550048,146.6152534735362,149.9794921875,2939100
2024-07-30,151.04290719100447,152.61867756253358,149.902150517428,151.71961975097656,2431100
2024-07-31,153.981801292581,156.47598343929502,150.49188164849883,151.5069580078125,3728100
2024-08-01,152.56068120966577,152.6766848666151,140.66015752750116,143.16400146484375,4464100
2024-08-02,138.72665630658855,138.93933946848063,132.27852708325162,134.23133850097656,4926700
2024-08-05,128.31492517234918,135.4881078776481,125.75307947446655,135.12075805664062,4038400
2024-08-06,141.04685370432554,148.58740158203923,140.74716774048176,145.26182556152344,5832900
2024-08-07,147.71730877328363,150.71418243597404,142.15857507902663,142.6226043701172,4281000
2024-08-08,144.7204546431407,150.97524113138334,144.52711028865244,150.71421813964844,3313300
2024-08-09,150.35653065145016,153.78844826768957,149.86350033382018,150.5692138671875,3638700
2024-08-12,150.56918121810278,152.72499907245543,148.29734497499595,148.74205017089844,2958600
2024-08-13,149.85379991148366,150.337168098123,146.79892418285516,149.4381103515625,1648000
2024-08-14,149.54449021356777,150.71423326390465,145.329517957343,147.63035583496094,1720000
2024-08-15,150.2888458256541,155.25787028502285,149.15775126717799,154.92916870117188,2303200
2024-08-16,154.61014867702679,154.8325086746642,152.25132420162484,152.55101013183594,1637400
2024-08-19,153.1310317425838,156.43728303641086,152.5509987840653,156.06024169921875,1654100
2024-08-20,155.4512370927381,155.88626558132395,152.3673451994908,153.55642700195312,2012500
2024-08-21,154.12677385908714,154.43613658102754,151.01389628911437,152.8603515625,2178200
2024-08-22,153.6820928712241,154.10745926453427,151.30391474100256,152.6380157470703,1405800
2024-08-23,153.21809319275823,158.0324374607602,152.74438693549007,157.65541076660156,1794800
2024-08-26,157.66503682228563,157.66503682228563,156.06025084896717,156.65963745117188,1193000
2024-08-27,156.6112880911122,163.83280977763377,155.80889515358467,163.3977813720703,2078300
2024-08-28,161.1066315629704,162.51807334121955,159.69520453594956,161.38699340820312,1409000
2024-08-29,163.09812100206622,163.4364699254922,160.92296388244714,161.29031372070312,974400
2024-08-30,162.60505245300874,163.301103810814,155.7412331624656,159.14413452148438,2604800
2024-09-03,156.98834088034957,158.2934410661112,153.4404196675771,154.3394775390625,2209300
2024-09-04,153.71108425048325,155.52855336327139,152.11597512573297,153.48873901367188,1299700
2024-09-05,153.37273634291768,156.23428280850047,152.3673368962809,152.76370239257812,1167700
2024-09-06,153.9044514756851,156.021606820761,150.03750538458132,151.3426055908203,1747000
2024-09-09,153.0537124937839,156.37927328757786,153.0537124937839,154.92916870117188,1905500
2024-09-10,154.9775283957092,155.18054955444723,148.9547640361942,153.03439331054688,2146700
2024-09-11,153.11170135664537,157.4330138384485,150.8205262732302,156.75628662109375,1752600
2024-09-12,159.36650961137084,161.3289834238907,157.08501100034707,160.06256103515625,1806800
2024-09-13,160.92295744538185,163.98751025006842,160.18822829580316,162.37306213378906,1379600
2024-09-16,164.34520298800413,167.63210114727295,163.20446101255928,164.09385681152344,2078200
2024-09-17,165.58263741981892,166.03700478477222,162.2764001427238,162.79843139648438,1507600
2024-09-18,162.99177544289861,165.79530531745476,162.41172765791487,162.9434356689453,1308000
2024-09-19,166.2786378017382,167.24537406802736,163.32042718708928,165.853271484375,1882900
2024-09-20,165.70794662243947,169.0703628292717,165.65950866679293,168.65370178222656,2649200
2024-09-23,168.31456235993446,170.67891440540305,167.3068132644358,170.44635009765625,1590000
2024-09-24,171.51225111771498,174.17698948253823,169.0994463299859,174.0607147216797,2050800
2024-09-25,173.34364013526908,173.58588906020438,170.80487613337155,171.90953063964844,1582700
2024-09-26,174.41924452090856,178.69251956023945,173.73125099514476,177.14212036132812,2150800
2024-09-27,177.07429717242977,177.15181861043283,171.92891707310704,172.03550720214844,2389100
2024-09-30,172.68473627260693,173.7893908180077,166.24090576968456,171.861083984375,2357000
2024-10-01,172.0548686216328,172.67502525836372,165.53353190927012,167.85911560058594,2045200
2024-10-02,165.67889337416221,169.6905352889256,164.96184596392422,169.53550720214844,1067800
2024-10-03,168.12077583309585,170.0103147369036,166.78355686161515,167.79132080078125,1141000
2024-10-04,171.51223509283338,174.5258122443671,170.5432394143428,173.8765869140625,1434300
2024-10-07,173.0141684123571,176.1827881840447,172.81067282938466,174.21571350097656,1128800
2024-10-08,175.3882328019119,179.14794108732224,174.9231189764669,177.70413208007812,1322500
2024-10-09,182.4521823981492,187.22933858794013,181.008388358598,187.04522705078125,2861000
2024-10-10,185.1944246589011,189.07040685627084,185.18474002625922,187.5878448486328,1588600
2024-10-11,188.37275947511537,189.99099531678073,188.08207259165556,189.62277221679688,2234900
2024-10-14,190.1654038050355,191.80300888376934,187.7138458967999,190.67897033691406,1579100
2024-10-15,193.49873488136856,198.03362721922338,192.34562774479363,196.1440887451172,2851200
2024-10-16,196.2119457538243,197.04528265208546,194.39022909583457,195.48519897460938,1366000
2024-10-17,196.85144236247686,198.0239334973494,194.69058640078822,194.9716033935547,1344400
2024-10-18,195.3010809401288,195.35921831482344,191.99680214511068,193.74099731445312,1457700
2024-10-21,192.91737616147842,194.66157161185365,192.1034232132043,193.7119598388672,1138300
2024-10-22,193.4115391122566,197.58790802952691,192.4425434549521,197.04527282714844,1082400
2024-10-23,195.55303398539033,196.44450831953984,193.47938362893993,194.90380859375,1480100
2024-10-24,196.04723012757526,197.88831616543877,194.15767655865506,196.7545928955078,1183300
2024-10-25,196.47357197793897,197.2003187868539,193.24681437207244,194.68093872070312,979800
2024-10-28,199.6131118819645,201.26040159569493,195.23324722883,197.2100067138672,2835200
2024-10-29,191.72548607437196,207.4813505278902,191.13439811740975,203.58599853515625,4125700
2024-10-30,201.5511090706822,204.87475728177847,200.64995015130083,201.8999481201172,3411500
2024-10-31,202.52008776816757,206.30886425058023,199.79721239881474,199.95225524902344,2433000
2024-11-01,200.01039453635224,200.48519293932466,195.73712019539948,195.79525756835938,1692400
2024-11-04,195.02974750879812,198.47936946063447,193.81850301527697,198.05300903320312,1515700
2024-11-05,199.613115825551,204.41934104239897,198.97357510977466,204.2352294921875,1438500
2024-11-06,213.36317025164348,220.07830350352134,213.36317025164348,219.61318969726562,3377800
2024-11-07,217.04533841206688,217.3651087470877,213.60540093790954,213.68292236328125,1781100
2024-11-08,214.91354419621837,221.00853527036338,214.21588091324577,218.28565979003906,1786800
2024-11-11,222.86899990148913,227.67522483985542,219.18681346771578,227.53956604003906,1973700
2024-11-12,226.74496632519808,230.3108629719801,224.4968894764622,230.05892944335938,2221400
2024-11-13,228.5376426929582,230.71788302686545,225.3980912892794,226.98724365234375,1850000
2024-11-14,227.71399713815023,229.08996930401997,224.34189612903702,225.7856903076172,1404000
2024-11-15,225.27211671694002,226.9872432499025,223.33412531245847,224.3128204345703,1737700
2024-11-18,223.82830114071498,226.06667863274262,220.68875004337127,224.5744171142578,1410500
2024-11-19,220.12677287387504,227.61710622575788,218.31475546948937,227.3942413330078,1387300
2024-11-20,226.8903330796475,231.2895817569597,226.83219570442589,228.5570068359375,1883400
2024-11-21,228.53764140130144,231.96787966821992,228.08221224015875,230.20431518554688,1403500
2024-11-22,230.136508944074,234.69078637445824,229.71014841442303,234.0028076171875,1727700
2024-11-25,234.81672840253097,236.69658241541347,230.7275653892321,232.93687438964844,2433600
2024-11-26,234.01246175005392,238.2857363392753,233.5182792654838,236.91944885253906,1615700
2024-11-27,236.58029636346112,237.67526624571016,233.3147855565853,234.1287384033203,1103100
2024-11-29,233.9155556624303,237.40394609069645,233.88648697433652,236.4930877685547,787000
2024-12-02,239.20627826063858,241.78381036223323,236.66751426690152,238.77023315429688,1832800
2024-12-03,239.82644585251956,241.16366470627327,236.12487502545702,238.2760467529297,1226200
2024-12-04,238.38259931157,242.2682810827954,237.6558526204769,241.99696350097656,1507600
2024-12-05,244.18691354383705,247.77219463476115,242.5686925180489,243.35357666015625,2242300
2024-12-06,245.9795718183093,250.20437900414845,243.88653749427237,250.08810424804688,1896500
2024-12-09,249.95244025675737,250.67918699574224,236.23144349045467,239.4775848388672,2438600
2024-12-10,242.77219207917292,246.7353959889821,236.15396402595132,238.0435028076172,2301500
2024-12-11,240.38843279330342,242.2489025909177,237.59772070403218,237.90780639648438,2019400
2024-12-12,238.91559031841845,240.40785205693498,235.97953437184194,236.58030700683594,1725700
2024-12-13,236.6287527747081,239.32255970378702,235.5725509844242,237.5686798095703,1931700
2024-12-16,239.82642279730902,241.96790968435874,233.96399617179034,235.4659423828125,2009000
2024-12-17,233.48921822258237,235.90200813379974,230.75664315963564,234.56480407714844,1929500
2024-12-18,234.5648042528979,235.33030437648264,221.92909161089767,222.41358947753906,2321800
2024-12-19,226.05699612477315,228.44073200795577,220.83410999075946,223.60543823242188,2311500
2024-12-20,229.49694377964917,233.88649322758528,227.39422483233972,231.0376434326172,6309200
2024-12-23,230.62099981987353,231.38649999423882,225.34966031542118,230.49502563476562,1240500
2024-12-24,231.13454387568706,233.24696219699223,229.4872541375708,232.84967041015625,514100
2024-12-26,230.93106248796678,231.9194274569761,229.16748321555627,230.38841247558594,988000
2024-12-27,228.9218429710878,228.9218429710878,224.35700641071077,226.01783752441406,1102000
2024-12-30,221.8026096686945,228.93153974686268,221.01590574014568,226.05665588378906,2178000
2024-12-31,225.2699765260408,228.23226896650678,223.5120300603827,224.05592346191406,1217100
2025-01-02,224.88144952024436,226.87249932229957,220.99648008012971,222.43392944335938,1438400
2025-01-03,223.41489765277655,223.87138278592136,217.22808804225883,222.3562469482422,2733100
2025-01-06,224.3570060894866,225.9012780291506,220.77311907556106,221.84149169921875,1541900
2025-01-07,221.41413122436623,221.44326731078218,214.11038422311714,218.8500518798828,1784000
2025-01-08,218.0633479451132,221.6083767795182,216.76187186504575,220.68569946289062,2141200
2025-01-10,217.71368704062704,223.83251676206518,215.89745378265576,220.42344665527344,2505600
2025-01-13,216.5384728392087,221.44324953187152,216.52876575117705,220.6953887939453,1877600
2025-01-14,223.0458339779282,223.77426585221272,219.78245858833415,223.12353515625,1996000
2025-01-15,227.05705170342088,229.21321106086327,224.4152711361038,225.79443359375,2275200
2025-01-16,227.03761859504584,228.00886099721149,223.7548293533144,226.57142639160156,1213600
2025-01-17,228.84414685478976,236.4781132890027,227.70779493923695,234.85614013671875,2933700
2025-01-21,237.9543974327501,242.91744688628967,235.27377363768136,236.2838592529297,2048000
2025-01-22,235.65256169826642,236.01191666437293,228.94127277459455,229.36862182617188,2105000
2025-01-23,228.97041556830933,231.90357201914054,226.299498737714,231.3013916015625,1776500
2025-01-24,230.06790679635506,230.29128840103374,225.27967400922248,225.4253692626953,2723000
2025-01-27,220.0446865575019,230.66037421618276,220.0446865575019,230.0096435546875,3065800
2025-01-28,239.65408425865928,262.1966141383677,238.9256523916117,257.6220703125,8091000
2025-01-29,258.5447483080203,263.50778292858183,257.69005022198246,261.35162353515625,2697000
2025-01-30,261.8857731613106,267.14016762344096,259.6810342956501,266.8876647949219,2191500
2025-01-31,267.48990216426296,269.11186055108226,258.36022853483263,258.9332580566406,2175800
2025-02-03,250.2503335657106,258.6807109296368,249.3762212875098,253.35829162597656,2877800
2025-02-04,255.4367057501768,258.3407105246785,252.27044660475985,256.0097351074219,1504900
2025-02-05,255.92238280915873,259.817074476357,254.35869670874234,259.1954650878906,1467100
2025-02-06,260.1569846345622,264.1390845494636,259.9530320222284,262.4297180175781,2776900
2025-02-07,262.7890651645061,264.6150056319837,256.04864048901294,256.82562255859375,1453500
2025-02-10,258.2436473317972,259.4673925597187,253.3097195063251,253.6399383544922,1595800
2025-02-11,252.09569369100433,252.50362857087862,247.38517659323637,249.288818359375,1781100
2025-02-12,247.7348036709992,250.3765841588919,245.88943423696588,248.92941284179688,1550600
2025-02-13,253.49429260618993,256.4080201074105,246.472213477844,252.61045837402344,2051900
2025-02-14,253.4359440679946,256.4759369207238,249.99773835328244,255.52410888671875,1308300
2025-02-18,257.3792585603676,257.99114606839663,250.7748215174474,254.27127075195312,1894600
2025-02-19,252.32877261947758,256.71880739286354,250.57082618428313,256.417724609375,1649000
2025-02-20,253.74678675457963,253.74678675457963,225.46419934369803,236.8762969970703,8817300
2025-02-21,238.4011978410395,238.92566228624034,224.18220780021875,227.5232696533203,4120900
2025-02-24,231.0391292091937,234.78812517967015,226.2994619167828,230.82545471191406,2622400
2025-02-25,230.67007354431658,232.3211826856898,223.9199417245953,230.73806762695312,2183500
2025-02-26,232.48631672742926,240.62533376842958,231.55393220959672,237.0900115966797,2359100
2025-02-27,239.55693477710682,241.4994195993659,230.18445143770003,231.31109619140625,2007600
2025-02-28,231.64131777403972,239.4501003304097,230.67007535150708,239.02276611328125,4458000
2025-03-03,239.57637266692674,244.2092032895598,230.87404863940532,234.18597412109375,2414200
2025-03-04,229.5143063889349,229.5143063889349,214.01328482137586,220.49147033691406,4717400
2025-03-05,221.50154320014542,225.31853360449063,218.56838695186798,224.6580810546875,2812800
2025-03-06,217.6360017611244,220.45259883183655,207.4282493320446,209.34158325195312,3351000
2025-03-07,207.75293596622004,208.67883506438815,199.92662805881108,208.57162475585938,4741300
2025-03-10,202.33399805900876,203.11369326031362,196.33024982987217,201.97337341308594,5053500
2025-03-11,199.79991777326705,205.64772024467976,192.0223446503728,201.9148712158203,4894000
2025-03-12,207.7042115379141,211.49553645835823,201.0864545213274,202.10006713867188,3239800
2025-03-13,209.45856615895016,211.59301668914867,200.77457490803258,202.62637329101562,4963000
2025-03-14,206.09606841729533,208.99071710059602,202.08056707724194,206.64186096191406,2382500
2025-03-17,210.0335993786604,216.49542670782606,208.70809671810673,213.84442138671875,2660000
2025-03-18,211.66123317793014,212.46044007999978,197.91890470182707,198.22103881835938,3367800
2025-03-19,202.22677730911622,211.11543301684603,199.02022370294299,209.66322326660156,2614800
2025-03-20,206.72958158221357,213.32785675324925,206.62237126640417,209.27337646484375,2271100
2025-03-21,207.37282921243178,211.03744679502722,201.1644020504562,210.02383422851562,3608500
2025-03-24,213.38632341357615,220.9397352525013,212.6163543947291,219.6824493408203,2513900
2025-03-25,220.01384080180296,221.7876665960799,217.50902478102347,219.31210327148438,1677700
2025-03-26,219.15615853922873,221.39781927072187,212.97698376917884,214.28298950195312,1735600
2025-03-27,212.7040955141315,213.80542164531045,208.03559107219735,211.72946166992188,1684800
2025-03-28,209.3415849309225,210.43318488704182,200.64785332034242,202.31448364257812,2548600
2025-03-31,194.9365056309596,201.59325642824714,189.3810958128793,200.22877502441406,3889000
2025-04-01,199.33210190303888,203.17216131894983,194.34196691042877,202.8407745361328,2078000
2025-04-02,198.93248749249514,207.73342871952005,198.91299065417644,206.67108154296875,2137500
2025-04-03,191.01849355922013,191.01849355922013,182.8120783292383,183.8646697998047,5152500
2025-04-04,174.94677775662433,179.9076605315936,167.63702381136147,173.41659545898438,5322100
2025-04-07,162.47146276765426,184.8198250868225,159.84969528412196,174.99551391601562,4617300
2025-04-08,185.49230761742436,187.9483740283522,171.5355447893171,175.6192626953125,3897900
2025-04-09,175.62902438361195,205.89140970792866,172.831829872215,204.19554138183594,5736600
2025-04-10,195.7259744451017,199.7999367486675,183.18242683985872,187.6267547607422,3660200
2025-04-11,185.18044128505056,189.0984737331669,180.44371992888995,187.1394500732422,2889400
2025-04-14,191.84692055430682,192.7240999290387,184.098584538702,186.9542694091797,1830200
2025-04-15,189.08870034699984,190.85280003743236,187.14918858072363,188.46493530273438,2119400
2025-04-16,187.12970392774926,189.4006026402304,182.82182398652046,186.83731079101562,1744800
2025-04-17,186.9250057353723,190.06332769020892,184.99523501905512,187.80218505859375,1303300
2025-04-21,184.71260619792994,188.10432773602832,180.79457406752982,184.70285034179688,1684900
2025-04-22,187.89964761602275,195.19966028171555,187.46106537136495,194.60513305664062,1945300
2025-04-23,204.04933067299424,212.52864166349173,201.48603904880582,202.23651123046875,2849200
2025-04-24,200.4529406011328,207.0122221970324,200.0240993309583,205.9498748779297,1516900
2025-04-25,206.79778915612428,208.2012641845982,203.88364365979572,206.59312438964844,1492900
2025-04-28,209.54627587067014,212.86002498225764,207.52877668083272,210.8230438232422,2673500
2025-04-29,216.08607321132314,219.47779477906718,203.48405004338196,211.08619689941406,4247300
2025-04-30,204.45868088997807,210.1992734758197,198.6791094950281,209.45855712890625,2719200
2025-05-01,213.48377944689747,218.57136903542252,211.90487746140056,215.16990661621094,2207200
2025-05-02,219.57525287410348,224.38020547370587,218.12305795980333,224.11705017089844,2208900
2025-05-05,220.88126037418843,225.62772216796876,220.37444663979113,222.94747924804688,1735100
2025-05-06,218.85403260963577,221.4758000290547,217.3433471773303,219.86764526367188,1448100
2025-05-07,221.63173008475664,224.47767399517772,220.2185139858907,222.22625732421875,2151300
2025-05-08,224.82851849579748,229.38981242628967,223.38606463171058,226.93373107910156,1610700
2025-05-09,227.38207229409912,228.55162989919427,224.60435996923283,227.34307861328125,1140300
2025-05-12,239.54550727864387,241.56300649344269,233.43454885425788,236.0368194580078,2562200
2025-05-13,237.2746000187854,242.49863787815738,235.4422985537151,241.49476623535156,1859600
2025-05-14,241.5142631224702,246.35819438862592,241.49476628202143,244.9936981201172,1509000
2025-05-15,243.658460458896,245.22762153912058,241.59224147315888,243.7656707763672,1434000
2025-05-16,245.28610202498163,249.31134463005833,243.14191050502566,248.94097900390625,2437100
2025-05-19,244.5648566346937,248.73630305469752,242.70331734618188,247.5862274169922,1367200
2025-05-20,242.0503238084996,244.88649702368798,240.05232143164616,242.87875366210938,1370400
2025-05-21,240.39341179157688,240.88072867327213,230.47164721869237,231.71917724609375,2012900
2025-05-22,231.50476500451586,233.75616669992925,229.8673873612085,232.35269165039062,1141400
2025-05-23,227.0896799568697,235.23761928323867,226.6998323777395,234.02906799316406,1200700
2025-05-27,239.5942362025827,250.20799801592943,239.5942362025827,249.05792236328125,2728400
2025-05-28,248.31720992710436,248.40492340396963,244.38943672010507,244.43817138671875,1983700
2025-05-29,244.92549014134758,248.1905046246331,244.6915726628917,247.98583984375,1426500
2025-05-30,247.55698136654667,252.25472334823266,246.4361584625954,250.45164489746094,3481600
2025-06-02,248.2977049783921,255.6561932448103,247.16714105722568,255.28582763671875,1959500
2025-06-03,255.40280011040383,260.8315180402243,255.24688486156197,259.99334716796875,2024700
2025-06-04,261.6157669635334,262.7104296708954,257.2664065640209,259.6316833496094,1136200
2025-06-05,260.5211058962722,266.76658989230725,259.504650303703,265.26141357421875,2207300
2025-06-06,268.77997272037254,270.4219668497068,266.5417602322507,270.08966064453125,1949400
2025-06-09,271.52642160600664,273.55939234949295,267.08910010895244,267.7928161621094,2113300
2025-06-10,266.8252011591474,267.40185277651307,260.5308606943356,263.599853515625,2025100
2025-06-11,263.8832841614443,265.11479468796415,259.48506636938595,261.8992004394531,1981300
2025-06-12,259.30912159524587,262.8961253529101,258.1264981576019,259.7196350097656,1524600
2025-06-13,250.11197553691844,255.92740868683617,249.8187729526045,252.24266052246094,2791300
2025-06-16,256.97322541078665,260.5797366633125,255.282344228495,258.72271728515625,1969100
2025-06-17,256.5822397210265,260.76543231112703,255.10641359878804,256.4356384277344,1366800
2025-06-18,257.0220630795688,263.66824661134694,256.0740016513545,261.7232666015625,1767900
2025-06-20,263.4239236913313,267.47029853284886,262.69088736444695,266.2290344238281,3508100
2025-06-23,262.0164937282708,267.9101046521553,254.44178495437765,267.4898376464844,3017800
2025-06-24,273.9210094118879,279.2868254907463,272.41583321682276,274.1262512207031,2397000
2025-06-25,275.08410418966713,277.99668270164034,273.2466217358371,277.9087219238281,2785800
2025-06-26,279.0522820970567,289.4418552111018,278.9936415763283,289.197509765625,3838600
2025-06-27,289.4027373039036,303.848438134391,288.8651594539934,302.5094299316406,12060600
2025-06-30,302.01093756030133,307.0640139438269,299.81182879165834,306.05731201171875,3292800
2025-07-01,302.9883691323274,310.8074238196133,302.13805170745735,307.9730224609375,2820700
2025-07-02,309.44883903240077,319.4474656376002,307.8850520059152,318.7242126464844,2940700
2025-07-03,320.5811981689089,326.9146423339844,319.7602011187306,326.9146423339844,1440500
2025-07-07,327.4228789680391,329.01601595747917,320.11205290279696,321.4119873046875,3426100
2025-07-08,326.0056501054827,328.1461183884148,318.2354835821803,322.7314453125,2329100
2025-07-09,326.31841008663406,327.50103354371026,321.4999256608772,326.02520751953125,1936000
2025-07-10,328.89876020138706,334.8119081809281,326.5921236351923,333.6390380859375,2004100
2025-07-11,330.87305252274723,332.46618959523096,327.77473915862976,330.853515625,2285800
2025-07-14,330.5211446308435,336.82523797500863,329.66104406131126,334.2938232421875,1669100
2025-07-15,332.8766551745287,334.2254467290133,326.1913677468133,333.57061767578125,1546500
2025-07-16,333.42405386267177,339.2296745275892,331.3324424164365,331.5572509765625,2206400
2025-07-17,333.0037238768585,340.88141830544697,331.8211003245541,340.6273193359375,1945100
2025-07-18,342.0934051861783,344.7029978265027,341.555827312632,342.1813659667969,1464600
2025-07-21,339.98221430644224,343.8233170480722,338.3890774380646,338.6334228515625,1631100
2025-07-22,342.4061386019401,342.4061386019401,331.00989353686714,340.6566467285156,1727700
2025-07-23,342.5527380608852,347.8599133645631,342.5429546994531,344.8593444824219,2087400
2025-07-24,343.0218855901522,347.1366841728886,340.97916134193395,341.45806884765625,1523000
2025-07-25,342.3767972174247,344.93756232367065,340.54909821272685,344.82025146484375,1652600
2025-07-28,343.67673413676675,346.32543020902085,340.79344617243623,344.0383605957031,2427700
2025-07-29,317.9911266205631,334.4209098136373,313.84700813119946,326.8070983886719,5513500
2025-07-30,327.22741070541827,330.13023580899505,320.55190621711677,323.65997314453125,2436900
2025-07-31,326.3673552231323,329.4754222975494,308.7158118550936,310.68035888671875,3496100
2025-08-01,302.4605450259971,308.6082845246308,297.11426571303167,307.1422119140625,2827600
2025-08-04,310.79760036445026,312.08775137998475,305.695666646039,308.5594177246094,2017600
2025-08-05,309.39017956256964,309.84955017598145,302.4214727731095,304.31756591796875,1711700
2025-08-06,306.6730434924329,306.9369556393885,302.1184412175713,306.9173889160156,1384700
2025-08-07,308.4909735030349,309.3412907621425,299.3329122582142,302.7732849121094,1295800
2025-08-08,304.21006053503356,304.21006053503356,294.09415376141607,294.6219482421875,1905600
2025-08-11,293.2145291328719,298.9615386762481,291.10338094383627,296.00982666015625,1446300
2025-08-12,298.75628489501753,306.5166683475293,298.4923727398777,305.9986572265625,2202600
2025-08-13,306.94671908470275,311.03219736768693,301.5417993336261,306.33099365234375,1900700
2025-08-14,305.83251596367006,306.8978584535454,303.6725107255678,305.2362976074219,1287800
2025-08-15,305.2265721658049,307.2595131957201,302.0109776764338,306.8490295410156,1407500
2025-08-18,306.89785146156606,322.3502536346394,305.96932692271207,319.4083251953125,3284000
2025-08-19,317.16034713871477,324.4320690401918,312.029093448489,322.6043701171875,3354300
2025-08-20,319.6331485498183,321.88111461604115,310.3187017807979,321.6758728027344,1883600
2025-08-21,318.8316478722398,320.58116931251556,315.16646682064857,317.6783447265625,1473000
2025-08-22,319.3986147501691,337.33357719353387,318.3332721408427,336.87420654296875,2268600
2025-08-25,336.8741863172272,340.09953421319733,333.88337067296345,337.1673889160156,2286600
2025-08-26,337.9786001239885,346.051782993121,337.7831416687029,345.739013671875,2324100
2025-08-27,344.0383300841424,352.5610989997742,344.0383300841424,350.94842529296875,2164100
2025-08-28,351.4957757804217,357.89761380667886,350.83116340143897,357.5653076171875,1578300
2025-08-29,356.64660237147496,358.21041917097415,349.0718936441215,355.0046081542969,1962300
2025-09-02,347.45921479978483,350.2056551522414,340.3927339550496,346.0713195800781,1712600
2025-09-03,346.6968238300867,350.6454540904349,344.3999709622856,346.9704895019531,1174900
2025-09-04,346.4329492219923,354.4572444820212,345.55328184606526,351.9160461425781,1084800
2025-09-05,353.0302874797097,354.5843208276806,341.43852482662106,344.30224609375,1455900
2025-09-08,345.99310281518706,351.94535346230543,341.50692463762454,343.1195983886719,1587300
2025-09-09,342.03476053010473,345.7194790456439,337.4019506822718,337.49969482421875,1418600
2025-09-10,338.9657427958795,339.24919183869434,323.72836577082614,333.7758483886719,2288900
2025-09-11,335.78926144599336,347.50805872785327,334.8314166222462,342.30841064453125,2333900
2025-09-12,339.87473007842266,340.9107523773479,328.7619040303098,328.810791015625,2073000
2025-09-15,330.38436593246473,331.4790287670525,320.2489215225392,322.33074951171875,2558500
2025-09-16,321.4315161678847,322.04727141367243,310.3382278638916,314.4237060546875,3128100
2025-09-17,316.04614505894205,317.1603745594094,309.1849359835057,315.7627258300781,2042700
2025-09-18,317.92275421424415,319.44746745285966,313.6124968494684,318.4407653808594,1608300
2025-09-19,320.4052765226151,322.0863742421743,308.9601153231521,321.1676330566406,3628400
2025-09-22,318.62647480622024,325.5072512027666,317.2874664789466,321.7931823730469,1529900
2025-09-23,323.95317362830775,332.47594317258825,321.70517784111956,323.11260986328125,2064000
2025-09-24,323.23972005026513,324.71557615849025,318.3625942627125,319.6331787109375,1130600
2025-09-25,316.5939539095501,321.0546987148279,313.4273471810173,318.1625671386719,1572300
2025-09-26,319.0939186898244,321.36837630784254,317.15275658047796,320.47625732421875,1303000
2025-09-29,330.9173145116714,332.56434493945795,313.7214492001232,320.3096008300781,2022300
2025-09-30,321.2409798542034,324.01544081246664,312.9469473315003,317.231201171875,1803300
2025-10-01,314.3391150617732,314.711664095748,306.1529394407523,309.8195495605469,2280800
2025-10-02,309.55484417358383,314.9469317205505,305.16273300091956,313.82928466796875,1626600
2025-10-03,316.22140971147275,316.4370944077427,307.7705428355681,307.88818359375,1401800
2025-10-06,308.1431371988847,311.76074063943224,304.5941675169806,311.074462890625,1468800
2025-10-07,311.07438800695803,311.07438800695803,302.15295893296513,308.5744323730469,1129700
2025-10-08,308.8195756937104,309.60386741048745,301.73142037606374,302.2608337402344,1879300
2025-10-09,304.41766045009086,305.7411488936551,300.7314238067536,300.9667053222656,1391300
2025-10-10,300.9569303306741,307.0548924358329,297.3687375242164,298.6432189941406,1413900
2025-10-13,302.2216193115749,305.38825630340665,299.368710983459,300.21185302734375,1337700
2025-10-14,297.0550264454575,311.45680553362837,295.5844570076087,307.7019348144531,1555500
2025-10-15,310.17248351635783,312.30970373210755,303.6529655619751,305.0549011230469,1087400
2025-10-16,304.40781608198927,305.1529140303142,292.0550291557705,292.653076171875,2641100
2025-10-17,294.8981620587863,297.03541225511833,290.53549093288785,294.41778564453125,1830100
2025-10-20,296.44713564790516,300.4274737243234,295.5843969659376,296.8981018066406,1112700
2025-10-21,299.4765752137292,311.55485977627575,297.99619235668416,310.5646667480469,1691600
2025-10-22,312.14307861541465,316.01556012643766,307.30978439631104,311.7411193847656,1642300
2025-10-23,310.25088613985537,313.4469328627262,305.25094473917756,310.66265869140625,1188300
2025-10-24,313.03517715658853,316.6135864355227,308.5548653684283,310.2411193847656,1222700
2025-10-27,314.7018507224888,315.6626334985817,309.30976293752406,313.97637939453125,2644600
2025-10-28,289.83940213437046,292.937374944515,281.38850593436035,287.2021789550781,8597400
2025-10-29,284.31990031007905,286.70221558219913,274.5258876600108,274.5552978515625,4187700
2025-10-30,271.5553176294853,285.11398334327487,269.81024325519815,278.9473876953125,3148100
2025-10-31,278.9474396441167,284.3885351052164,277.96705992724725,281.2023010253906,1999300
2025-11-03,280.0748218891829,281.4473472716265,271.66317853771415,272.34942626953125,2467200
2025-11-04,261.124083354085,262.25151378472503,251.03597001665125,252.330078125,3815500
2025-11-05,252.35951299608791,257.7320039018349,251.08500158212493,251.59481811523438,1991800
2025-11-06,249.9967995477665,251.64383010544887,247.38898620536384,248.59486389160156,1660700
2025-11-07,247.05566760790643,252.67325367785853,246.29097269063442,250.98699951171875,1893900
2025-11-10,254.4771185613774,260.27116510059193,251.13402081613813,259.7809753417969,2626300
2025-11-11,259.3201836371211,262.26132205226344,256.0849134291802,258.3789978027344,2498500
2025-11-12,258.9084371633786,265.2613075505066,257.70255952098375,258.2613830566406,1384200
2025-11-13,258.6437230250567,261.48681754902464,249.79088250902709,250.74185180664062,1533400
2025-11-14,246.91840658439318,249.61445048362907,241.82043565771917,247.90858459472656,1804200
2025-11-17,246.70270981052238,247.38897250488458,239.65377843974858,241.86944580078125,2217200
2025-11-18,244.24196739308363,248.7615178153028,242.63414549447447,246.48703002929688,1572400
2025-11-19,249.88893572514735,252.52614407301553,247.05563950538635,250.97715759277344,2590400
2025-11-20,253.7712517975875,258.23196677019473,247.60465606792,247.7615203857422,1816700
2025-11-21,250.4869900173348,262.32017907459795,249.17328493196305,258.908447265625,2798800
2025-11-24,259.18293090194607,263.01621844478404,244.11450235106068,250.55560302734375,5550000
2025-11-25,254.90849915839655,266.90833540766414,252.93792666731807,261.18292236328125,5202100
2025-11-26,261.2319277323306,263.5848326795265,259.51626351184046,260.49664306640625,1517900
2025-11-28,261.7613466934419,263.6142784524132,260.34959771102865,261.02606201171875,648300
2025-12-01,257.34960935554915,264.2808993480389,255.8790401592317,261.3691711425781,1526000
2025-12-02,262.3005364866171,263.2809160360626,254.13398800401237,259.8789978027344,2105600
2025-12-03,258.2319557981288,264.17305320871776,257.7417660453158,260.5554504394531,1446400
2025-12-04,257.0163099567631,258.6241168831179,253.19283564288483,254.18299865722656,2599200
2025-12-05,254.73200587267073,255.14377844885286,250.97716535218572,252.60459899902344,2389900
2025-12-08,251.78108858196052,252.44773950966578,242.85962850290545,247.45761108398438,2840100
2025-12-09,243.7517759893643,247.16349268632072,240.29103732228566,243.44786071777344,2055000
2025-12-10,245.08508233039768,258.17313998628396,240.43807800617714,255.27122497558594,2952800
2025-12-11,258.61434554466433,276.104314186358,258.0261117952535,274.2121887207031,4466500
2025-12-12,275.8591863082787,276.9572065525575,271.1925703512862,273.38861083984375,2135600
2025-12-15,275.09451718666276,286.19242125533424,274.71215478796756,281.5846252441406,3234700
2025-12-16,281.7513005081672,284.8689003771252,275.4180269101482,275.9866638183594,2177100
2025-12-17,277.42784252087966,284.7610631123648,277.42784252087966,279.2905578613281,2568100
2025-12-18,281.3689397629883,285.182630694324,279.45718761240545,281.104248046875,2318600
2025-12-19,279.63366191594173,294.74131394481697,279.28070973013376,287.8296203613281,4774900
2025-12-22,289.21197361035837,295.6432612062907,288.6825602644488,294.8295593261719,1988600
2025-12-23,294.60402156704924,298.0353496052678,285.80020342964974,286.55511474609375,1713100
2025-12-24,286.27087349668864,289.4375107105929,285.80028046811276,288.3492736816406,585300
2025-12-26,288.01477252394466,288.82143357981437,279.76134202662945,281.0205078125,986200
2025-12-29,280.4105638993327,280.6564949429283,275.7673845954129,278.0889892578125,1303500
2025-12-30,277.52825964679147,278.4234522491893,276.2494302267256,277.1151123046875,921100
2025-12-31,277.4298921417313,277.4298921417313,274.02621476570283,274.38037109375,1026100
2026-01-02,273.9671525568571,280.28267427381644,272.72765062622113,278.6496887207031,1340300
2026-01-05,276.4265139756585,281.67959786293926,271.8718658993377,275.6001892089844,2289500
2026-01-06,277.4298777323463,293.1301369939866,277.4298777323463,292.90386962890625,2132100
2026-01-07,291.0839632465554,298.80620364957605,290.5232332890171,297.49786376953125,2363700
2026-01-08,297.08470586229737,309.24352246041406,294.73359063435817,299.37677001953125,2653200
2026-01-09,300.79336378610367,307.21708216566003,298.69805627680995,306.43011474609375,1766600
2026-01-12,301.5114450797107,303.97075539846855,294.46797672428295,296.2288513183594,1596300
2026-01-13,289.46083632411944,291.79225779805375,281.1582019476808,286.9720153808594,2504900
2026-01-14,281.3451143521556,282.54525904777967,269.9339079057245,274.7836608886719,3102800
2026-01-15,277.4102282119339,281.81732349600924,271.2225945030623,273.5835266113281,1615200
2026-01-16,272.2357995795732,273.31790210071364,268.6747231179926,271.5177001953125,2074600
2026-01-20,262.6543674460492,269.54043700455986,260.08686163497015,265.6153869628906,2911500
2026-01-21,267.061450494125,274.4590455008242,266.0973899927345,273.2490539550781,2275300
2026-01-22,277.4102263762087,282.5157574122498,275.7575769134468,280.9024353027344,2349000
2026-01-23,279.3186737525847,283.4404808769443,276.53471723558977,281.4533386230469,2442000
2026-01-26,282.9682703663066,289.096883161615,282.279681413915,288.3787536621094,2283600
2026-01-27,289.27392633078097,290.04122998069505,284.2667739200641,285.8505554199219,2296500
2026-01-28,287.3261417759421,298.0684228995278,286.3916218288837,286.8539733886719,3746700
2026-01-29,311.0043979500016,345.8479221130302,308.9287543105433,340.3489074707031,7713700
2026-01-30,332.0462778097484,335.76475411779137,313.31616047029314,319.3660583496094,3353900
2026-02-02,321.65816012394356,335.13516408717805,319.29719795090057,328.6130676269531,2168200
2026-02-03,327.97366578816,334.3088524919981,319.897297933014,320.9794006347656,2291700
2026-02-04,324.62899807905933,327.2358613018816,315.8345010021561,323.30096435546875,1663200
2026-02-05,322.17952487515714,332.7742237847221,318.52988644950364,320.7826232910156,1954100
2026-02-06,323.9207104269934,342.53278590536985,323.6452688458322,342.3360290527344,1787600
2026-02-09,339.3848261090802,343.5755005251081,335.9909658396382,342.3655090332031,1972000
2026-02-10,342.9754335658328,350.5894792267596,340.8702794056311,341.64739990234375,1945800
2026-02-11,342.2278377061591,344.87402827277333,325.720916262269,328.3179626464844,2739600
2026-02-12,333.4038405611187,341.4802083577955,323.20259473210746,327.3834228515625,2026900
2026-02-13,324.03871804571287,327.09811565959035,313.80799323592714,314.4080505371094,2393000
2026-02-17,318.7266543080519,325.25859768290667,315.15573050737066,318.4610595703125,2282400
2026-02-18,315.4803571933382,321.91389172894355,311.42738834573345,313.6309509277344,1726900
2026-02-19,311.1126109678625,313.31614346909583,302.53453513264583,305.2987976074219,1765800
2026-02-20,304.19706023448833,312.3127852863025,302.26893909199225,309.961669921875,1641800
2026-02-23,309.79442592734443,316.0902545522688,295.86488820795495,297.71429443359375,2716500
2026-02-24,297.5962485762763,313.5621039223332,295.46158377067917,311.3487243652344,2983400
2026-02-25,314.1228142254971,315.74595312794713,306.4104202110648,307.9056701660156,1946200
2026-02-26,308.899239909046,315.93286180417874,308.899239909046,313.7489929199219,2450100
2026-02-27,304.37410426478294,309.7452299192968,301.8655895757133,305.89886474609375,2986500
2026-03-02,287.1982808174569,298.9045923293913,280.9614432182315,295.9435729980469,4018200
2026-03-03,284.3061488246111,299.9276943731883,281.5320392958235,296.40594482421875,3642900
2026-03-04,298.8849229935481,301.383590972034,281.4140008840974,282.5354309082031,2075900
2026-03-05,280.5778203076899,284.50287029793805,273.2785734621065,278.4529724121094,3091500
2026-03-06,267.7820213655885,276.35636052851646,262.2735096812808,275.0113525390625,3936700
2026-03-09,265.0722705127657,288.16460779790066,253.33326155474543,287.34375,5464200
2026-03-10,283.33845373320787,290.4491140267019,277.13765445900896,281.8846740722656,2888500
2026-03-11,282.9428669708174,286.5822505985844,277.89913989038087,283.35821533203125,1748500
2026-03-12,277.89914620862396,277.89914620862396,262.5701897451589,263.54925537109375,2642300
2026-03-13,268.29629510063785,274.4377586544944,266.0414563448713,269.5325012207031,2248400
2026-03-16,276.9101834880133,282.6758358146516,274.2894324304504,277.71124267578125,2442500
2026-03-17,282.20114418591464,283.2692130132488,274.7641087184988,274.8333435058594,2000600
2026-03-18,271.96534535919807,274.08174471532914,265.72497930378483,266.5458068847656,2269700
2026-03-19,265.7744084818782,272.9147360229981,262.95588275788845,268.9984436035156,2244600
2026-03-20,268.99846387715274,268.99846387715274,258.0308463062122,260.7406005859375,4189300
2026-03-23,273.60704552899836,280.10455246635394,270.88739192802575,275.88165283203125,3534100
2026-03-24,270.3830075541436,273.94328736106405,266.6249528684476,270.3731384277344,1954900
2026-03-25,277.89912169404766,281.59784055980253,273.18177024426234,275.93109130859375,1519100
2026-03-26,272.6279640375521,277.70132856265417,270.17532024947235,270.97637939453125,1880200
2026-03-27,266.91176371295256,270.2050037029598,258.0209483271165,258.9110107421875,2217800
2026-03-30,260.6713522457714,265.665643045294,257.8725948885712,258.4857482910156,1727600
2026-03-31,264.5085608518235,273.5180473689439,260.59226804455267,272.14337158203125,2649900
2026-04-01,279.72873948416895,282.3494905405894,274.93225348610804,278.94744873046875,2272100
2026-04-02,268.79079797571137,277.19700023099375,263.1635848750629,270.5709228515625,2243100
2026-04-06,268.9984713538802,274.90259342134317,265.556862399406,272.65765380859375,1752600
2026-04-07,267.85126346257783,268.3457459376263,259.4153936454829,264.75579833984375,2278600
2026-04-08,291.091921982119,301.0409063569941,274.6849980854116,276.1783447265625,3974100
2026-04-09,271.36210313388534,277.22665795790215,267.45567956640286,272.8455505371094,2077300
2026-04-10,273.24112050195254,278.21561273863097,270.2939942366897,273.8839416503906,1828100
2026-04-13,268.0094860488063,279.40235075302064,267.02052115563725,279.2935791015625,2141900
2026-04-14,281.4099726976102,282.6461789213404,277.2365392790645,278.4233093261719,1868400
2026-04-15,278.9573602101983,281.053961146821,273.9630689337632,279.1947021484375,1906300
2026-04-16,280.7077947087,284.5153156249784,262.2141691137693,263.0152282714844,3146400
2026-04-17,279.8671687779246,292.07099208261155,278.1463795012705,282.3297119140625,5460400
2026-04-20,276.11902144188326,279.4715968716519,271.47087418317875,279.1551208496094,2381500
2026-04-21,277.40465609184116,281.10337518187197,267.40623538045526,268.47430419921875,2299800
2026-04-22,269.00835022156,269.00835022156,261.1856342956866,262.7086486816406,2360700
2026-04-23,261.5911155219743,266.68427872402634,255.72653072385432,257.5561218261719,1976300
2026-04-24,258.1198464707736,263.9448643894146,255.66720258174354,262.90643310546875,1743300
2026-04-27,259.1285695482025,262.4515072717982,254.8562641618841,256.0133361816406,2465700
2026-04-28,253.0365706622931,257.1012171775062,251.4740042430931,253.0662384033203,2130100
2026-04-29,251.54322975142478,255.2815158870021,247.61703786933634,251.20697021484375,4313700
2026-04-30,265.05249664253506,278.29472116613346,259.1483748901791,260.8493957519531,5219700
2026-05-01,262.83720240124495,268.8797939053952,255.73644134403355,262.61962890625,2599800
2026-05-04,258.19895797184415,263.99430832012445,253.76841427543837,256.61663818359375,3080700
2026-05-05,258.5550065860948,261.5812370080937,255.6474471326738,261.0669860839844,1776500
2026-05-06,276.93982765386374,285.0691199843266,272.0147718017047,283.9120178222656,3681000
2026-05-07,283.89226404190583,285.6723888037664,277.7508004145916,277.77056884765625,3989500
2026-05-08,277.75080670683116,280.7275706240365,270.46213999955773,272.20269775390625,2295600
2026-05-11,268.27648647530503,268.27648647530503,258.71321318862306,260.55267333984375,2208100
2026-05-12,261.7888969405035,261.82846398814576,255.15295074198906,255.27162170410156,2258900
2026-05-13,256.1518155106282,262.0856050751879,253.76840641383234,261.2845458984375,2014900
2026-05-14,269.7303060423272,272.23238629993824,261.51200925803704,262.4515380859375,1662500
2026-05-15,260.671367032014,260.98784305794135,256.2012563438473,257.4176940917969,2114600
2026-05-18,258.6044244790094,261.0471690122509,248.92246465659125,249.80264282226562,2637900
2026-05-19,247.2412269523303,247.2511111688619,238.51854922205678,244.4721221923828,3669000
2026-05-20,238.83502787287767,254.40132603580014,229.53876367299475,251.0883026123047,6644000
2026-05-21,244.4721270670775,259.24728058923256,242.15795275835748,257.4473571777344,3395900
2026-05-22,256.448494770613,258.85167231823885,252.18605831705273,253.27392578125,3179900
2026-05-26,257.2297895563967,265.64586075876804,255.7760098725215,264.75579833984375,4352600
2026-05-27,271.3818913407052,278.3540825715343,269.4929645546061,272.1335144042969,3341400
2026-05-28,268.2863953524582,279.11557301874046,268.0094863892517,278.1859436035156,2900200
2026-05-29,279.8968559233159,285.01971742325435,276.9200918761586,281.4891052246094,4233800
2026-06-01,276.90027100251456,289.8656164563772,272.3114895885546,285.86029052734375,2881300
2026-06-02,286.47346794615515,290.7556725652628,282.5274775812453,287.5909729003906,2774100
2026-06-03,285.6624465151869,293.2573288479322,283.3164024463074,284.72802734375,2074700
2026-06-04,288.28686273822217,297.0646873138742,281.6562515468313,291.5474853515625,2656100
2026-06-05,290.2352870900982,295.24552263532365,277.93836563093856,278.345947265625,2696900
2026-06-08,276.8547904070686,281.0896346109974,269.9657359374961,270.3931884765625,2260800
2026-06-09,273.1865882387417,282.4415880281906,268.216125179433,280.59259033203125,2678600
2026-06-10,276.04957835042933,276.486981524312,264.4385839864322,267.14251708984375,1690000
2026-06-11,265.691131767754,286.5472064958907,264.7765835182163,286.2589111328125,2663100
2026-06-12,287.292768045262,293.03862219267523,281.77556612256507,292.6409912109375,2003500
2026-06-15,306.18052858540665,313.6163523439086,306.18052858540665,311.8170471191406,3049000
2026-06-16,314.13327979782935,317.5629116014283,310.1469585329651,310.991943359375,1880500
2026-06-17,309.17276996602624,315.1273753313866,299.0528835630736,299.6891174316406,2226400
2026-06-18,308.72541707129767,314.0438189215882,306.2799575983096,310.6639099121094,3662800
2026-06-22,309.391449339564,313.6063922354678,305.8325808596994,307.532470703125,2057400
2026-06-23,290.2651133793663,309.10318189465727,277.58051134838666,307.7015075683594,4334300
2026-06-24,313.1789554569015,326.6190770993779,310.16685595525814,319.0540466308594,2305000
2026-06-25,320.2767632772695,331.42056374684876,317.1255065599388,320.7439880371094,1655200
2026-06-26,319.6902540039311,325.3963361485989,316.11151437037796,316.2507019042969,7234400
2026-06-29,317.1155492489945,324.92910276576504,314.6004961063738,319.5411376953125,2071400
2026-06-30,317.6324704922395,319.103738525874,312.57254257789714,315.65423583984375,2126000
2026-07-01,315.74370627696777,318.39794703146146,304.4706991365585,304.4905700683594,2184500
2026-07-02,305.186456024302,309.1230545847639,291.7363831335308,294.5496520996094,2124000
2026-07-06,294.2414788760738,297.2337075124802,283.64444740254413,286.0799865722656,2148000
2026-07-07,284.3204376265128,287.40210045344503,276.1589154402726,280.59259033203125,2665200
2026-07-08,278.0974209144519,281.5667945809267,276.3577587639594,279.29034423828125,2232500
2026-07-09,281.65626414142986,289.12190983549084,281.099574670647,286.3782043457031,1504600
2026-07-10,288.2968083875213,288.91314095357814,282.6205177247618,283.6842041015625,1149900
2026-07-13,284.449680138463,297.9792662912338,283.23688591454464,286.9050598144531,3616000
2026-07-14,284.6584459474856,288.28687817428795,280.96041995189574,281.4176940917969,2263300
2026-07-15,285.40400429094996,295.19582290630746,281.86503690366845,290.4440612792969,2198000
2026-07-16,289.678577165325,293.2573165877539,286.3583115264683,292.2135314941406,1795200
2026-07-17,284.7180926951023,291.0106861122208,283.4456552577444,285.26483154296875,2357300
2026-07-20,287.3822275084199,290.04638840858496,279.6879604544735,284.46954345703125,2397500
2026-07-21,285.6923131419098,287.55126162085014,282.3521459234259,286.19927978515625,1338600
2026-07-22,283.81343847422573,287.7599873260458,281.07968381291533,284.161376953125,1667200
2026-07-23,277.4611926112177,284.8572445576315,276.9939981766755,281.7358093261719,5354000
2026-07-24,284.1116713855153,298.5657872221118,282.879006189444,291.80596923828125,2965300
2026-07-27,299.2318448553934,305.2858655863601,287.5015331254225,303.238037109375,4147600
2026-07-28,300.91185684444946,322.66257851091757,291.41825384862375,320.5948791503906,3439800
2026-07-29,314.7197896071205,326.9272461815576,313.72569695338035,321.6684875488281,2687100
2026-07-30,317.1155427880254,321.58895953581884,309.51074038423627,320.0381774902344,2139200
2026-07-31,319.2329769171999,319.2329769171999,314.5806306053517,316.419677734375,1949000
2026-08-03,325.76418411202246,328.24941581767627,320.6445825285347,322.0860290527344,1987000
2026-08-04,327.60322548847483,332.02694998092534,322.08602333478984,323.81573486328125,1523200
2026-08-05,327.0465423008019,328.76633356502225,323.31869473694655,325.48583984375,1529000
2026-08-06,321.80765897333504,326.0126816095906,318.4674920485727,318.6563720703125,1201100
2026-08-07,321.4299154860346,323.09006356860044,316.3302153109835,318.1096496582031,1161700
2026-08-10,313.1391906738281,315.12737601143976,305.31568622429455,306.1805419921875,1878700
2026-08-11,310.1568960239316,310.1568960239316,301.20011185068944,305.3355407714844,1815100
2026-08-12,306.1805419921875,307.92020416259766,301.4089093168399,306.1805419921875,1325300
2026-08-13,307.42315524650616,311.64804905345085,305.3753267929476,308.0494384765625,1460800
2026-08-14,306.67756627817624,311.1509829661885,303.0988268603067,303.1982421875,1424900
2026-08-17,300.8720884271417,303.4169632123888,298.0488689102989,300.0072326660156,1568400
2026-08-18,297.2336905924479,300.9515872484445,295.384692898492,298.227783203125,1299800
2026-08-19,300.12651601006604,302.42286760770446,297.3529890183508,298.78448486328125,1667700
2026-08-20,294.34089508534447,294.7683476525874,282.5708415104005,285.9209289550781,1987900
2026-08-21,288.595035919607,292.57140653510896,287.47170636675975,290.2750549316406,1488100
2026-08-24,294.1519970209608,297.0945026500106,287.75003819015996,291.2691345214844,1606900
2026-08-25,295.4045809325128,295.47417470024124,288.94297858900006,290.5633544921875,1216500
2026-08-26,291.2691431505927,294.7285964548331,288.01847114334333,288.286865234375,1122000
2026-08-27,287.7798813428049,289.28097100337044,281.8054049421688,283.1175842285156,1340200
2026-08-28,284.31049683001,285.8215067308953,277.7594299316406,277.7594299316406,1107700
2026-08-31,275.3636498770394,276.96412439925894,265.8700776930934,267.1524353027344,2764100
2026-09-01,265.55197735300266,267.41092577486734,261.9931086381887,264.13043212890625,2010900
2026-09-02,266.53610833958743,270.41306348895165,263.57373174875744,264.031005859375,1762800
2026-09-03,265.01515758152345,265.7209548729964,260.49204813063733,263.9812927246094,2317800
2026-09-04,263.6433145359411,264.965474806118,262.4603418046466,263.6234436035156,1486400
2026-09-08,261.44636105860116,269.23009298429145,261.43641042438935,262.9375,2804200
2026-09-09,259.4581901206511,260.949329144333,256.32680423837934,258.22552490234375,2412200
2026-09-10,256.8039438850347,261.9135947268132,255.1935186274471,257.4799499511719,2177700
2026-09-11,262.4404544765603,262.73867013081843,258.3050254928174,258.603271484375,1568500
2026-09-14,254.48772406678108,256.1876140416892,251.2469874163323,253.8316192626953,2160700
2026-09-15,254.8754294519236,255.61104830601653,247.17119623499684,247.82730102539062,1884600
2026-09-16,249.5172495167179,255.44203308251164,247.76765195293208,252.4199981689453,2306900
2026-09-17,257.2799987792969,258.20001220703125,249.72000122070312,249.74000549316406,1808200
2026-09-18,250.0,251.4600067138672,245.05999755859375,245.80999755859375,3198100
2026-09-21,250.5,252.14999389648438,246.3000030517578,250.25,2215000
