Date,Open,High,Low,Close,Volume
2021-09-22,640.9020291696656,644.9240720240275,634.0368212181464,641.010986328125,561800
2021-09-23,640.9515350599769,648.8767472400075,638.2767638563024,640.4661254882812,537400
2021-09-24,638.2866439227759,638.2866439227759,626.5375320423045,632.92724609375,654500
2021-09-27,630.7577614197277,630.7577614197277,610.4989254102843,613.2826538085938,783700
2021-09-28,601.5433333664394,611.9353176757693,598.1454062112723,599.3441162109375,1240400
2021-09-29,601.464209422391,607.0118340350283,599.3243681685357,601.0283203125,615100
2021-09-30,602.0783587095411,607.843957632041,598.9676985221685,599.5224609375,549000
2021-10-01,571.3581611841884,572.5964753610072,550.8516663231574,565.453857421875,1457800
2021-10-04,560.0846560436407,562.8188639669614,547.9293423054498,550.2276611328125,992900
2021-10-05,550.7129906305726,559.4505431940363,544.1351113179672,545.7498779296875,930100
2021-10-06,542.8770125481811,548.7515685851533,538.3298956379389,541.4603881835938,890100
2021-10-07,543.015703549095,554.5171524406101,542.2033620995081,546.8594360351562,774300
2021-10-08,546.720771162255,550.3267572426137,538.1714436219918,544.878173828125,532300
2021-10-11,544.5115207192016,552.6546455241122,540.4993345126418,541.1531982421875,538600
2021-10-12,540.9849410689841,544.2144143886046,536.5170928254876,539.350341796875,521600
2021-10-13,543.203897946997,550.9804872347787,541.8565660927693,542.0051879882812,664200
2021-10-14,547.8302791587821,559.8270543048133,546.9089805201043,550.42578125,1055800
2021-10-15,553.7047406151272,553.7047406151272,546.9980117624415,548.0679321289062,838800
2021-10-18,545.0762738510076,547.3250722471864,534.1395023651388,538.3992919921875,1216200
2021-10-19,542.8969380344155,550.4753868984478,539.9051506947446,546.9486694335938,985700
2021-10-20,549.0586743304801,557.459379650483,547.8302761523177,557.4495239257812,878000
2021-10-21,559.2028803406596,565.5727615574928,557.2612423029474,564.0471801757812,624200
2021-10-22,564.7010420993322,567.6531638993266,560.1044051281873,567.0092163085938,493000
2021-10-25,568.2970612136551,573.3196711177268,564.2057265180599,570.8133544921875,627300
2021-10-26,573.7259329619759,588.6649142750755,570.2289040907069,586.6143188476562,845300
2021-10-27,587.7337242939886,588.5361495540222,582.2058722445529,584.0880737304688,658100
2021-10-28,584.6626801421162,619.870411789288,583.622508186489,619.3453979492188,1111400
2021-10-29,613.342064358317,635.2651867591655,612.3315804857076,633.95751953125,860400
2021-11-01,634.0169563421268,642.0115211567517,629.8066874914174,633.1749267578125,913700
2021-11-02,632.6102357152656,643.9036262493772,627.6371459630498,632.7984619140625,838400
2021-11-03,631.2529704505351,646.2811345463768,626.1906960833335,646.0037231445312,718800
2021-11-04,651.0661426010785,653.6219801270552,625.0021021123135,641.57568359375,1507000
2021-11-05,594.3908415923356,617.0371181455084,588.9917793549592,605.8229370117188,1768400
2021-11-08,612.816970455687,617.5919177602099,603.0689939258145,616.9579467773438,639900
2021-11-09,617.2550689279581,621.7030838788298,608.2599376110595,610.54833984375,601000
2021-11-10,611.0535915192326,629.7867825122161,611.0535915192326,616.38330078125,727900
2021-11-11,616.1851623717841,622.5847920954924,611.8758530265524,620.7817993164062,478400
2021-11-12,626.5275924340744,628.5287276701415,617.4829400464041,625.2991943359375,513600
2021-11-15,629.0736842814523,643.6461306685649,627.3598763564195,641.6747436523438,777500
2021-11-16,641.2883276363516,655.6527734684694,636.0972633178204,636.7412109375,632700
2021-11-17,639.0494511811818,639.495256424422,629.8066562676551,635.829833984375,440000
2021-11-18,636.206356035402,647.1629598001639,632.6300579736585,642.4474487304688,564400
2021-11-19,646.3307062827174,651.4127529641454,640.3273610256213,646.578369140625,605700
2021-11-22,642.5168069744201,654.1074423420561,634.8887778545521,637.6229858398438,632600
2021-11-23,635.8991999499107,644.8744998095997,633.5017798686877,643.2498168945312,624300
2021-11-24,645.290580298185,649.8673854008854,639.5150651106557,642.1204833984375,545100
2021-11-26,653.829941732224,654.7710726806606,633.7989989039642,637.3355712890625,575600
2021-11-29,639.2871561324637,654.3252368329993,636.4043267549979,648.2822875976562,700400
2021-11-30,640.3669875959267,650.4617284540469,629.1825543109256,630.5794067382812,1277200
2021-12-01,633.155026338702,638.3856342248534,624.2391638482637,624.6948852539062,731800
2021-12-02,627.1120951958824,634.0466551112264,616.6705905688862,628.072998046875,563800
2021-12-03,631.8078142868256,635.7901921239142,617.2947459066273,629.22216796875,650400
2021-12-06,636.3548604455352,638.673011477679,618.7608807555795,619.1571655273438,567500
2021-12-07,622.6542215899652,637.3554561142809,617.1758897255874,629.1528930664062,652500
2021-12-08,632.1743372432477,649.6196949436584,627.4093061388735,647.9256591796875,694800
2021-12-09,643.9233884616668,661.319224045218,640.6245024799323,659.4963989257812,898200
2021-12-10,655.7518916586299,666.1636491589169,650.1150819013519,663.2610473632812,791100
2021-12-13,647.0142679675524,658.7832119903497,631.4808605405805,653.9785766601562,1074800
2021-12-14,646.1325888248483,667.5603849546452,645.7958011852605,664.6973876953125,730800
2021-12-15,640.941567666044,656.4353707517115,638.9701809680853,651.779296875,842100
2021-12-16,638.7125746593805,650.2041671906713,624.2094236360426,625.8341064453125,1241800
2021-12-17,625.1406719330311,625.2595452703777,609.4487867576082,613.4906616210938,1627100
2021-12-20,614.897425612615,619.5039190146623,596.4415825059599,597.5015869140625,912100
2021-12-21,602.8907406685729,602.8907406685729,592.6473769787227,601.1372680664062,1108900
2021-12-22,602.781678958154,613.4510147808521,595.2329194933549,611.7074584960938,737400
2021-12-23,613.7085343423032,621.3563340281472,612.3711791554693,619.5335693359375,398700
2021-12-27,619.8110554419419,630.4110396888959,617.4632159795684,628.8359375,443700
2021-12-28,631.0846253438137,633.5216498611113,629.0637180012599,632.4913940429688,327800
2021-12-29,633.4918361795412,642.9327732597984,632.7785961782686,641.2288818359375,413000
2021-12-30,641.100116288105,645.1915116535596,636.2756485168517,636.5034790039062,306300
2021-12-31,638.3164318104917,639.4655609779387,624.7642657059636,625.6162719726562,353400
2022-01-03,619.1572048058058,623.4467428507803,616.0564606869727,621.237548828125,515600
2022-01-04,617.1264099213686,619.2265864204196,606.3877202581867,611.0537109375,725400
2022-01-05,599.2945777312434,607.9132570215335,589.4276680001066,589.5564575195312,1100800
2022-01-06,594.3908728351638,600.3546139412712,589.4078669949038,592.845458984375,676200
2022-01-07,592.8455344747539,601.3354257785634,587.3176817234156,598.0860595703125,584400
2022-01-10,598.1058629636165,615.798884828981,596.5010123175506,615.4620971679688,822700
2022-01-11,617.3640860904288,622.2083862437922,611.984855915637,620.2369995117188,613800
2022-01-12,618.6122826154087,626.4780571982136,615.0261293625883,625.5369262695312,584700
2022-01-13,626.834736222634,626.834736222634,608.4086425202893,610.3502807617188,649300
2022-01-14,610.2611404931909,617.3740108222902,599.1459995109489,609.4884033203125,792000
2022-01-18,598.868725126084,606.6651483880186,592.5384468848206,605.5060424804688,974800
2022-01-19,611.2419115044086,622.178682651709,606.6750224528569,612.3316040039062,656300
2022-01-20,615.3431429185654,616.4724395644756,606.7046312462118,608.6364135742188,765900
2022-01-21,610.0431965331782,618.1467187457009,605.1692079640043,615.5908813476562,1329000
2022-01-24,607.3981887367612,617.7108447516877,595.6292435040396,615.6701049804688,1126200
2022-01-25,610.5285970142273,612.2226328626945,596.7684935005319,597.5510864257812,975500
2022-01-26,598.8189987557971,612.2324568719866,594.6583114140589,599.5917358398438,857900
2022-01-27,604.1388820808677,612.9655595337456,597.6104626888599,603.029296875,658800
2022-01-28,602.6034019884714,619.1572109476125,596.2632684271108,619.0779418945312,736700
2022-01-31,617.3245184687781,617.3442903832573,596.8774565978973,602.900634765625,922300
2022-02-01,602.1477658108474,608.1907162530762,594.6088613463739,607.6260375976562,738500
2022-02-02,607.6260093475321,617.5721894292724,591.3199238229982,617.0272827148438,1033300
2022-02-03,612.1334718785349,619.1572179635249,608.2204466326631,614.8875122070312,962400
2022-02-04,604.307342251159,629.0637140149925,604.307342251159,617.1362915039062,1205800
2022-02-07,614.9271032902654,619.2661618176967,607.5864020762137,616.5418701171875,905300
2022-02-08,614.2138639277836,616.0862098283534,606.3183398031855,612.1632080078125,846200
2022-02-09,614.2039047057053,615.154951873784,610.4988779226177,613.97607421875,818500
2022-02-10,607.6061674293494,618.7113311297974,602.7024308164583,612.4404907226562,769500
2022-02-11,614.7686435906601,638.9702538569668,611.7273360568636,632.4418334960938,1111100
2022-02-14,632.0355627434682,633.2243564590951,608.6462988280451,617.7008666992188,826900
2022-02-15,616.1851997282548,629.499557587911,614.9171368537325,624.259033203125,675600
2022-02-16,624.7345799332363,626.2601615239787,618.4142183272634,625.0020751953125,374000
2022-02-17,622.4956831581754,626.2998115527766,613.7185253100134,620.861083984375,627800
2022-02-18,616.0069781486286,626.8447089477206,608.3492607165489,609.3795166015625,718900
2022-02-22,607.576540193854,613.1737460101165,596.5406666800526,597.2539672851562,649200
2022-02-23,619.1571825205602,619.1571825205602,598.5318112006871,603.2869262695312,863000
2022-02-24,597.7591671072604,604.8522055729804,592.4789774364258,604.0795288085938,533500
2022-02-25,605.0403773878085,616.3239119950017,602.6430177918478,612.8764038085938,427400
2022-02-28,605.8230337670877,614.5308996844601,602.058569928697,612.5792846679688,518900
2022-03-01,609.6370568519135,617.8000157485453,597.4817432841103,601.355224609375,617300
2022-03-02,599.2252483138826,614.065187547554,598.5713845028354,611.1031494140625,339600
2022-03-03,612.7971783754753,614.2038864757125,602.9797888460056,605.4366455078125,593100
2022-03-04,598.5812535582171,618.7806493559292,598.5812535582171,614.6099853515625,550500
2022-03-07,612.6485908084412,630.4109646844151,603.3166707468403,612.80712890625,755300
2022-03-08,605.4564698608933,621.4753484026812,603.3365215705765,608.9931030273438,592200
2022-03-09,616.3833856591489,620.821485104406,608.4680897166459,617.6018676757812,538900
2022-03-10,610.3700304040368,626.7652984032021,610.161971850128,624.4669799804688,480600
2022-03-11,627.8748663340217,646.1722297486872,624.7741225106207,636.5728149414062,803200
2022-03-14,638.5739671431077,659.7541021922075,638.5739671431077,650.2735595703125,1018900
2022-03-15,654.0874913657534,662.6863381085543,648.3813297292531,659.7044677734375,763800
2022-03-16,663.7463827286199,672.3353138058559,657.6637683595798,671.641845703125,806200
2022-03-17,669.472284062696,683.5395459562642,668.709523604901,678.8240356445312,808200
2022-03-18,680.0129364408014,682.4004405372694,670.7008481463944,679.5275268554688,1170500
2022-03-21,681.3106257507657,690.4939841380036,679.2104494917302,686.7196044921875,731100
2022-03-22,688.5522994205986,688.5522994205986,677.2885969246101,686.1648559570312,576900
2022-03-23,686.5610702953214,686.5610702953214,661.6363060127776,662.9637451171875,608500
2022-03-24,661.0716501673303,673.7222891733063,660.1206029599115,673.4052734375,402500
2022-03-25,673.5440009909802,678.6062158094938,669.8191415552319,673.6727905273438,366800
2022-03-28,669.9676327170977,687.7399217604257,669.9676327170977,686.917724609375,625600
2022-03-29,686.0855765353997,692.4653743918703,673.7618698858658,691.9006958007812,725000
2022-03-30,693.505567641454,696.4577502152687,684.2925208221048,685.9072875976562,848500
2022-03-31,689.2656178924946,703.5706280621631,685.3030118672631,691.8908081054688,1061500
2022-04-01,695.2589944128297,695.3877839359975,678.8736415148054,688.3343505859375,603500
2022-04-04,693.456082974467,697.5870829958205,686.0261963711691,691.8809204101562,498600
2022-04-05,690.5039012896266,703.768678410771,682.677730555159,685.0057373046875,671800
2022-04-06,685.5308106226472,703.6597202557374,683.5594238907075,701.7378540039062,683500
2022-04-07,699.6377110540556,719.1832459503682,699.6080229504037,715.05224609375,828000
2022-04-08,718.2223399865594,740.4327297633747,718.2223399865594,731.9329833984375,1030100
2022-04-11,729.7534356081959,734.9146905195784,715.2701174973349,715.6168212890625,709000
2022-04-12,713.9228564577395,719.5398937853649,705.0367418609004,709.098388671875,488800
2022-04-13,709.6630663790773,726.127688830428,709.6630663790773,725.0479125976562,526200
2022-04-14,725.4045983904812,732.081580171461,724.1068472769485,726.1674194335938,795700
2022-04-18,720.0153852082444,725.1568687041145,712.545894967252,716.4391479492188,313300
2022-04-19,717.4299161505747,719.0248507491742,703.9570178237977,709.5244750976562,468000
2022-04-20,713.3384444353037,714.972983158084,706.3444471504025,712.8926391601562,413700
2022-04-21,712.2783612383055,718.5392853828238,698.5082825028105,699.5088500976562,535200
2022-04-22,694.9717971495471,702.4313717319363,679.8445289315666,681.6475219726562,609400
2022-04-25,678.2991526159412,684.1043563948843,666.8075579465626,683.8765258789062,514300
2022-04-26,676.6249130814628,686.0361026429155,667.590175939634,668.511474609375,538500
2022-04-27,673.7519596261129,677.5560878915604,665.8168316432111,667.2136840820312,406600
2022-04-28,667.2136265958428,671.166315963126,654.6422580524307,669.2642822265625,555600
2022-04-29,667.6496606668661,670.3145159004413,649.7684113060238,652.9483642578125,678300
2022-05-02,650.8282982204288,652.0963611854162,635.1760163418585,645.9246215820312,737400
2022-05-03,651.947757981988,659.0804612033149,644.1513351551806,654.3154296875,538700
2022-05-04,655.1177127344497,660.0214489130947,630.8467551383959,654.6818237304688,998100
2022-05-05,653.8200506343647,654.6918287606279,624.1401714437674,633.392822265625,754700
2022-05-06,633.0659105875211,633.0659105875211,616.2446675247786,617.2254028320312,773800
2022-05-09,606.942392014309,610.7266877159861,592.1718058624851,594.1630249023438,819400
2022-05-10,603.5743053542592,622.0202328712617,602.6034256933928,609.3399047851562,769500
2022-05-11,604.6639090770287,618.9887505359334,599.0568485822117,607.31884765625,704000
2022-05-12,601.1174024522044,628.2612777621654,601.0976305380938,628.033447265625,793100
2022-05-13,629.4401312190416,642.417641194823,623.1990390968305,639.4853515625,604500
2022-05-16,634.1951595288881,650.3130759745914,634.1951595288881,648.8865356445312,486900
2022-05-17,655.6824657728197,664.6875139945322,645.7165146743423,661.3192749023438,571800
2022-05-18,657.8916316177483,666.2527326283837,649.1243900998238,653.0374755859375,560100
2022-05-19,654.1766892380798,654.4441844898605,644.7358119510573,651.0066528320312,607700
2022-05-20,655.1078509839585,658.6841485371297,641.4863940583601,654.9592895507812,544300
2022-05-23,665.3314576136383,679.903963344733,662.2505458758103,675.53515625,593200
2022-05-24,675.5945636059193,679.9138500297773,661.5075285246508,679.6067504882812,465100
2022-05-25,682.5587742542037,693.0894028509072,678.2989855789108,684.4212036132812,562100
2022-05-26,683.6684484730027,690.4940522201506,676.5159732461578,677.0509033203125,523500
2022-05-27,679.3095345324626,687.323931972147,673.6430368338541,686.3233642578125,558700
2022-05-31,686.3233120157627,686.3233120157627,650.5707350689305,658.525634765625,1691600
2022-06-01,663.2510347958016,666.0644509384017,645.7560970452707,652.760009765625,610000
2022-06-02,648.8965450422166,648.8965450422166,611.4400153908269,624.8038940429688,1276100
2022-06-03,622.8027213600639,629.450014090296,619.6623733195491,624.4570922851562,666500
2022-06-06,619.6327176214244,622.0499098433695,594.0739194984594,603.3365478515625,941200
2022-06-07,599.7900078859244,610.9150057191182,597.5907299489122,608.240234375,515900
2022-06-08,612.2127147013681,617.0174107856441,599.6710932360747,602.078369140625,566900
2022-06-09,599.4530418377398,600.2356951249949,570.0109118570784,570.1000366210938,939700
2022-06-10,565.622325993036,572.408263667844,561.4714943487529,566.46435546875,837800
2022-06-13,549.4747334767521,562.838672979886,542.4312158348987,544.1648559570312,1055000
2022-06-14,549.9304234563458,552.4070520604922,532.9803918010632,543.2236938476562,755000
2022-06-15,548.8505668369087,565.1269603830729,547.1961356372306,555.943603515625,766600
2022-06-16,544.5511695620561,554.0812311767462,541.816962028358,551.545166015625,796800
2022-06-17,560.3223618231062,580.0462663942164,556.4588573799622,575.5189819335938,1967600
2022-06-21,577.9857109834148,594.4404178130362,577.9857109834148,582.1761474609375,716100
2022-06-22,575.2912209651705,589.9925186637871,575.2912209651705,581.3540649414062,539600
2022-06-23,584.4645165805749,603.3959115312507,584.4645165805749,601.7117919921875,681900
2022-06-24,606.3381872441149,607.4180240415345,596.8873931936598,606.76416015625,818300
2022-06-27,603.0690227427843,605.2385519676947,595.6093878514595,596.7684936523438,580900
2022-06-28,595.0546088730212,598.6804271579705,588.0804442056946,588.863037109375,534100
2022-06-29,591.9737054186778,601.7315984665959,584.4942987182129,592.0331420898438,533000
2022-06-30,589.3682843742383,593.073311276809,577.5993398222084,585.6038208007812,685400
2022-07-01,582.265331418981,591.4189415434123,580.6901689401084,589.8339233398438,387800
2022-07-05,588.3676978621378,591.4189212873,577.6389860908611,590.9830322265625,586000
2022-07-06,589.2296054248233,596.2533514206026,583.4144857447351,589.338623046875,528900
2022-07-07,592.41954813924,603.9507467910219,590.4283288324366,601.7713012695312,528000
2022-07-08,599.9187690897593,618.6420466850185,598.4723960920354,615.75927734375,586700
2022-07-11,609.7954744385976,614.8379168117419,607.962793482545,608.7156982421875,436100
2022-07-12,613.3023981916327,614.2038643558765,599.3738420088545,604.3865356445312,415300
2022-07-13,592.2609685646132,608.0817042869023,592.2609685646132,596.3920288085938,433300
2022-07-14,590.4183099682364,600.0771609833793,577.6587152772211,593.261474609375,539500
2022-07-15,595.6688404957689,602.0486388081365,590.6660623303582,601.8604125976562,516300
2022-07-18,599.3441191582663,602.7222139527496,577.2822923159614,581.2152099609375,562000
2022-07-19,589.0215537173544,591.9835918666876,582.5030502723238,590.1607666015625,551900
2022-07-20,592.4195052954008,593.6479034647015,584.2763186323319,589.031494140625,417400
2022-07-21,585.3660526309612,594.3611243059452,579.8877210629937,586.9015502929688,638600
2022-07-22,588.0507073800676,597.0656723266825,575.3604640584902,580.6307373046875,430000
2022-07-25,574.577823561764,582.7011772981364,570.020851215893,581.789794921875,452600
2022-07-26,582.0771264741012,589.1206443377126,574.5778871396507,577.1139526367188,456100
2022-07-27,574.1717123691119,585.9109081082522,562.6999514110905,582.4138793945312,597400
2022-07-28,583.3847257481392,586.4953856998409,558.5490875414455,576.9256591796875,581700
2022-07-29,579.4815473921846,579.6796897647106,569.0896239007922,576.2520141601562,682900
2022-08-01,576.0935137284791,581.4133066882783,568.1683028577693,571.288818359375,513000
2022-08-02,573.0919680111082,580.4822509388794,564.3247252705805,569.5850830078125,634700
2022-08-03,594.3908856629298,617.6513629732108,589.5961059141724,603.0789184570312,1151800
2022-08-04,597.0160823834041,617.5225177165413,597.0160823834041,609.2109985351562,699300
2022-08-05,607.7350125251945,615.8187635011625,601.2859213517255,607.8737182617188,566800
2022-08-08,613.9860135537464,628.0036959511646,613.0844868317288,624.7345581054688,715600
2022-08-09,624.110514292419,628.9151504150303,611.3310843377438,616.3339233398438,469500
2022-08-10,624.110405614675,639.9113081354516,618.9392341340018,635.4929809570312,682900
2022-08-11,632.659782361633,637.9597437852437,616.551779040671,618.0675048828125,468800
2022-08-12,622.9910582157955,626.656481177882,616.4824700383014,622.8325805664062,351300
2022-08-15,622.8226721532983,637.6923623231073,618.9591067328007,637.2762451171875,541700
2022-08-16,635.5227498245862,643.715396358381,632.4913587476327,642.6356201171875,607600
2022-08-17,634.8491058698273,646.419907623848,629.796747163877,630.3911743164062,414900
2022-08-18,630.1633487108243,630.1633487108243,616.9084260136741,618.9888305664062,448000
2022-08-19,615.1351826250933,618.6222954680184,610.3998391411405,612.5792846679688,477700
2022-08-22,610.5880153710582,614.6497227168602,602.6231992409434,606.3777465820312,534100
2022-08-23,604.8224279933152,606.4470503355176,594.9257697215277,596.897216796875,406600
2022-08-24,594.5691385284586,600.0672415995009,591.418874392967,597.1547241210938,386500
2022-08-25,600.2555107131972,602.2368136166936,593.9054615119003,598.1553344726562,311300
2022-08-26,598.1553265074471,604.1487556178004,589.923015471626,590.6065673828125,516200
2022-08-29,586.8223146452611,594.1234114454197,581.9087218471818,587.228515625,373100
2022-08-30,589.4375339594211,590.8343257128017,580.1749683258819,582.8893432617188,393900
2022-08-31,586.3071813520495,592.6473143595779,574.3301787052997,575.6279296875,785500
2022-09-01,572.2200552864722,596.8377183242065,572.0219129140944,595.0149536132812,479500
2022-09-02,595.4905806879775,597.0260786058077,572.4282424197808,575.192138671875,464600
2022-09-06,579.1052530456984,582.8895496746926,566.8706686623511,568.6043090820312,662900
2022-09-07,570.0803471741473,593.8955880190416,570.0803471741473,590.8641967773438,741300
2022-09-08,680.5676400936435,712.2387988632466,646.5387864653392,702.2232666015625,3731500
2022-09-09,705.0763769902059,747.6149550748291,700.638277592155,717.5487060546875,2144400
2022-09-12,713.615726695858,716.6768661901455,700.8363596479169,704.0955810546875,1063000
2022-09-13,693.4561096678314,707.7116004909294,688.6118089045111,694.8331298828125,1039900
2022-09-14,695.4174924551261,698.369674921462,680.4190753056733,691.0982666015625,901200
2022-09-15,688.2353028410529,710.7528527350066,683.5891448497011,699.2513427734375,826200
2022-09-16,703.590437174206,711.4562129687257,694.9024641204725,703.6597900390625,1186800
2022-09-19,697.3492817965671,711.3372757112928,677.5362524029537,708.6526489257812,826000
2022-09-20,704.6207383903635,709.3164170035427,688.0074927586727,697.6365966796875,769500
2022-09-21,694.3575111887458,702.956419354757,677.9424691624681,678.229736328125,665100
2022-09-22,674.9902257591148,691.9700053261433,671.6814839316692,681.8257446289062,771000
2022-09-23,679.3887341844573,692.8318812579128,674.6336194442828,690.8109741210938,815900
2022-09-26,689.7113005898163,690.59299486253,676.674354545199,679.6859130859375,698000
2022-09-27,679.943535818159,693.9315298892266,679.943535818159,688.5126953125,663000
2022-09-28,694.3377584732413,708.6427688428686,692.6238902274645,698.8253784179688,737700
2022-09-29,698.2408627771828,699.9844189644183,680.4883456567534,685.3524780273438,770600
2022-09-30,687.9083852057611,695.8137643607566,679.5571403445845,682.4300537109375,800800
2022-10-03,698.795663970123,729.5949847104961,688.1461605299265,728.2576293945312,1449000
2022-10-04,731.2692769845683,736.1135778355851,721.8481705640553,732.62646484375,874900
2022-10-05,731.2988702702345,741.9978932197428,721.3230034888223,738.7089233398438,569600
2022-10-06,736.9258387927817,739.4024675297945,721.5013877629182,725.0181884765625,696700
2022-10-07,724.819950697413,725.8403506257692,713.407688095034,715.6168212890625,670800
2022-10-10,713.4077834039246,727.029241484674,708.3950892487915,724.0869750976562,481900
2022-10-11,721.6994740124111,740.7893461809298,716.3796807363101,730.5162353515625,644500
2022-10-12,731.6060433331164,740.7794858271524,720.4017773725562,721.2537231445312,507700
2022-10-13,705.7103737201402,746.951198720059,702.4412360043318,745.524658203125,953600
2022-10-14,745.5247051510752,753.9353268779164,719.7380775381733,729.178955078125,879300
2022-10-17,727.1382571973771,733.0326461708428,721.6104044700738,729.0799560546875,627100
2022-10-18,733.7359431616895,735.0634428299719,711.307638244588,715.9537963867188,699600
2022-10-19,712.5557310094599,716.0031783537617,697.3690289060812,702.7383422851562,599400
2022-10-20,702.8276488054324,706.4930110559977,695.8732557897442,699.291015625,480900
2022-10-21,699.2909782678578,711.4660630250944,690.959565573617,707.2359619140625,1224100
2022-10-24,711.2382678661035,737.2923906388972,711.2382678661035,730.2587890625,623900
2022-10-25,729.6643152140564,743.9792407949687,724.6120169923538,740.3435668945312,833800
2022-10-26,732.4579731069216,748.3183128282989,721.5112864478135,727.1183471679688,720800
2022-10-27,735.717206583599,735.717206583599,715.8645725553414,718.1034545898438,498500
2022-10-28,726.7518190154342,745.5741971686923,717.568520895514,743.7415161132812,690200
2022-10-31,738.2334437237558,753.697497741189,734.7463314076497,741.750244140625,759500
2022-11-01,742.9885790496905,757.4422101452126,741.7898690415802,752.805908203125,573000
2022-11-02,748.8730491237326,750.44821151175,733.0820628116134,733.5575561523438,735100
2022-11-03,719.2823736421902,735.6281241144261,695.5067365916653,731.7744750976562,725100
2022-11-04,718.4006402160807,734.1321907134308,703.9767569411945,733.2901611328125,748600
2022-11-07,729.1095166893415,748.9225447566705,728.9113743157556,743.9098510742188,598900
2022-11-08,741.4036701587148,762.2964782194086,738.332613967469,744.9204711914062,701800
2022-11-09,743.979248786588,762.4350903812688,724.2850928630346,736.0045166015625,1256400
2022-11-10,751.6370014615845,752.895148228998,727.7920123402151,734.1520385742188,844800
2022-11-11,729.1195432248485,730.5361676903111,700.1429852909805,727.5840454101562,951900
2022-11-14,730.9817864441476,747.9417318714047,730.1100084625501,735.0731811523438,727800
2022-11-15,742.9093891092957,742.9093891092957,710.9608768082904,721.91748046875,650500
2022-11-16,728.1982358000452,735.489416633326,722.8090889961915,728.7926025390625,523500
2022-11-17,726.880670400062,735.2813763315127,719.2526412485532,732.1707763671875,538200
2022-11-18,730.4271623494868,738.431643302185,721.3329889458734,729.8426513671875,496600
2022-11-21,728.0892772007606,733.6666502050249,717.469461256289,732.0716552734375,447100
2022-11-22,736.8960593867934,742.7111785807786,727.0391257976376,742.2257690429688,406300
2022-11-23,742.7904837330802,744.6727457717611,727.2966797380966,728.4854736328125,406200
2022-11-25,725.8404664517531,730.3479187862924,721.7985913098029,729.3473510742188,229200
2022-11-28,733.0821948028087,743.9694463729128,729.2285455105227,734.54833984375,570700
2022-11-29,732.9831489373319,733.0821899123005,720.2037190084358,729.1988525390625,515100
2022-11-30,730.9918349741147,748.9325187626063,722.6009854982547,744.6727294921875,1824600
2022-12-01,749.1206965640054,761.1174706983544,745.3760051891326,754.1234741210938,670000
2022-12-02,745.4850117008491,761.8109274422384,744.9698536236194,759.225341796875,441400
2022-12-05,754.87638904565,758.3337528592059,742.5725152251415,748.3876342773438,531100
2022-12-06,744.2566176388191,748.8036737341351,737.8470715977035,740.482177734375,502000
2022-12-07,738.501007031725,760.56283714801,738.501007031725,757.1253051757812,565800
2022-12-08,750.9930566255771,771.7174677115787,750.9930566255771,758.264404296875,588900
2022-12-09,746.1388623984781,752.8851964497237,739.5906707329455,743.0480346679688,508500
2022-12-12,723.3440223185976,737.9759649997762,721.1943253941374,735.5389404296875,843100
2022-12-13,742.096931469794,746.8917107979676,732.1112090010635,740.5713500976562,671200
2022-12-14,734.3501348172625,749.9231465657552,734.3501348172625,742.9885864257812,563200
2022-12-15,741.1756892922402,741.1756892922402,721.2735352298582,724.4337158203125,622400
2022-12-16,715.0522970383388,725.6324486375661,713.843731135953,716.4094848632812,1803000
2022-12-19,714.2497464702792,719.3615415777559,706.3344514224975,714.3587036132812,502000
2022-12-20,718.4601283202159,731.3881190964603,716.2014742030442,726.6726684570312,551400
2022-12-21,728.1089682258487,747.8031234793262,726.3456401231047,729.3076782226562,532500
2022-12-22,729.1988043469972,729.6148610647749,719.2625403525436,726.7617797851562,506300
2022-12-23,727.0986416709189,728.7232642783129,711.644441036492,719.9461059570312,358600
2022-12-27,719.6489095653465,720.6593934882202,701.6388717631024,704.699951171875,548600
2022-12-28,703.8678575395267,711.2283914579181,701.2525228800168,706.3643188476562,359500
2022-12-29,710.297184584199,721.2835372374802,703.6400349734348,714.5470581054688,432100
2022-12-30,714.4181852733404,715.4088367402518,703.6102043737477,714.7451171875,364100
2023-01-03,715.1116391637278,725.5828322163713,712.6250943569272,713.734619140625,508500
2023-01-04,721.3825449984371,724.9686987244747,712.4468487878697,719.6984252929688,517200
2023-01-05,717.9151950685925,723.7303141890583,712.0307230915214,716.993896484375,499800
2023-01-06,723.9086789860219,740.7101504613432,715.0423358266407,730.2587890625,602400
2023-01-09,686.6502672249281,701.5893085181244,661.7551906208439,674.12841796875,1664400
2023-01-10,670.0469061893056,700.5986230461742,668.6897185606514,692.4158325195312,793200
2023-01-11,692.3662100525481,704.7790392618732,688.0370687568787,703.302978515625,592600
2023-01-12,700.3905322350644,709.0983361797686,690.6128078598389,707.8897705078125,538800
2023-01-13,707.988868662115,718.2123990814372,702.9464865433393,715.379150390625,489500
2023-01-17,715.379206786408,724.5129850307642,707.4341620273161,721.3032836914062,641000
2023-01-18,718.3908104886417,722.5119550429337,715.4683761486876,717.776611328125,487500
2023-01-19,722.5713662102798,723.1756491590384,708.7220160871871,708.8805541992188,583800
2023-01-20,716.3994953195536,719.0841825887809,706.8000800912978,715.2503662109375,939800
2023-01-23,714.7847613202994,726.0385471482177,711.6245808134482,723.0863647460938,569900
2023-01-24,724.1761343230809,725.4639691297222,715.715932147146,720.669189453125,326400
2023-01-25,722.6703797515117,736.9753903584306,719.421074153079,734.2510986328125,584300
2023-01-26,734.2510708612772,738.6297335573039,728.12885185247,735.360595703125,346400
2023-01-27,738.6396609199779,741.2847439971274,733.3496156948189,735.8856811523438,417600
2023-01-30,741.9980049163939,741.9980049163939,725.6522544743104,729.5752563476562,499500
2023-01-31,732.3589940904545,751.9045299133194,732.3589940904545,751.3794555664062,816400
2023-02-01,745.1580751385087,754.9754038574297,744.2466927852904,750.9137573242188,802100
2023-02-02,742.1961261717792,751.627087466484,734.5185769404508,744.1774291992188,935200
2023-02-03,757.3431408138459,782.5651492799733,751.5379376483802,775.8088989257812,1448500
2023-02-06,777.4435170627257,792.9966973184866,771.2420289675266,773.5601196289062,1064700
2023-02-07,758.5220026062408,770.7763563287776,756.0156858541172,762.7421875,885900
2023-02-08,759.1759150528604,761.0779490477239,741.1262128547909,742.6517944335938,617500
2023-02-09,744.2665629840704,750.4383631051572,736.757467953673,737.8075561523438,524500
2023-02-10,739.1448897988205,755.5995966456895,733.9142813383993,750.5274658203125,606800
2023-02-13,748.8037499072261,760.5627784604794,747.1295464414818,756.8280029296875,494800
2023-02-14,757.3728546011663,760.3448089068189,742.215839270686,747.1592407226562,486000
2023-02-15,746.7333148412755,749.0118011927116,740.7101368061321,745.3662109375,341100
2023-02-16,730.1101917758666,740.5714697170574,728.6043820723877,729.4464721679688,555300
2023-02-17,731.2593073547565,748.0310909796524,726.4745039955894,741.7404174804688,492700
2023-02-21,741.0965288866479,745.4355269559853,737.1933594440545,739.5411987304688,411700
2023-02-22,741.6809756151964,748.3282691074298,737.9660324007843,741.0866088867188,415500
2023-02-23,737.8470782077482,757.8483327011493,737.3220643992147,752.5582275390625,553300
2023-02-24,746.7630045298416,758.1356643971197,744.9699277340645,749.9132690429688,525900
2023-02-27,754.0540949825593,764.4361625746026,749.8933470881399,750.7056884765625,557100
2023-02-28,749.3783000006366,758.2842468446357,746.5846556612747,753.3111572265625,622700
2023-03-01,752.7862477303751,765.7142388267459,750.2997025767246,763.2376098632812,586000
2023-03-02,761.0382178765515,765.4367126752256,755.7184244972545,761.7119140625,425200
2023-03-03,764.2083103204944,772.5496389078056,759.1857003072859,772.0146484375,604800
2023-03-06,770.7169840630696,777.9388725069805,767.6063237073643,773.0846557617188,469500
2023-03-07,774.6894340912572,776.2645965015552,765.2881615027668,766.6156005859375,757900
2023-03-08,766.8931249638033,766.8931249638033,737.0447875346753,738.2335815429688,670300
2023-03-09,738.7683837310005,748.1795722650079,731.863572324304,736.7969970703125,600000
2023-03-10,739.8085429996372,752.1520813069989,737.1040840052377,740.0166015625,505300
2023-03-13,742.1663823365217,762.0091613058694,741.2847484367616,745.296875,505200
2023-03-14,748.3282241580278,762.7817951625666,747.1493464968825,759.6315307617188,535500
2023-03-15,753.697563715615,758.9975250436713,747.9418809312698,753.1923217773438,499300
2023-03-16,746.0398532427045,746.0398532427045,718.8761454073538,742.740966796875,1023900
2023-03-17,742.9093824004069,747.2682733414282,736.9952217578328,740.66064453125,893600
2023-03-20,741.661074341992,753.2220200858188,738.8179095698337,752.152099609375,587800
2023-03-21,757.5017101197217,757.8583301559736,744.9501118075125,752.6574096679688,372100
2023-03-22,753.1922913436999,757.2440824108946,743.989161067111,744.2764282226562,322900
2023-03-23,798.9306550872697,805.0925386190223,783.1000640820654,794.6609497070312,1994000
2023-03-24,797.5239166023937,816.2967731754954,793.5217066176599,812.3341674804688,1129400
2023-03-27,813.701319825258,824.6975270991302,810.2241234461034,812.7403564453125,802000
2023-03-28,816.296747025406,819.625321191102,811.5614043485551,819.2389526367188,362500
2023-03-29,822.2407706065823,827.1940282608388,810.6402194130679,811.6903076171875,459200
2023-03-30,808.3814828764746,817.3666986001866,797.1177809572173,803.9136352539062,625800
2023-03-31,807.2818564751151,814.8306153660693,803.3687713210383,813.988525390625,866200
2023-04-03,811.1453800036109,818.8328447862327,807.9654276058789,818.46630859375,451400
2023-04-04,818.1295229977565,822.9044705179897,812.3441520561328,814.4047241210938,398000
2023-04-05,816.9902734490089,829.7201205599275,816.1580996158629,817.50537109375,560000
2023-04-06,815.7321034354984,826.2032963536661,815.7321034354984,820.9825439453125,550000
2023-04-10,816.6633038490082,818.3474233509322,808.1932463260122,816.0590209960938,377100
2023-04-11,815.246737914989,817.881844268535,809.7981547312451,811.9776000976562,291400
2023-04-12,817.2479345059351,820.0613510823746,809.2533691433675,812.76025390625,414200
2023-04-13,814.7612317603829,826.3221163240372,814.7612317603829,822.5873413085938,471900
2023-04-14,821.0916168059618,823.5583293694594,814.1966605908106,821.5770263671875,456900
2023-04-17,825.8269079695402,825.8269079695402,810.9968838691485,812.07666015625,351400
2023-04-18,814.4838969491741,815.6826069874495,796.6323986898844,800.456298828125,499700
2023-04-19,797.2070051266719,802.5961519951271,796.0083554445229,801.2984008789062,352700
2023-04-20,797.8904304551077,798.0885728272249,788.7863417070699,790.6388549804688,495400
2023-04-21,790.9559212778554,797.1970133791131,789.8067921893697,793.2443237304688,545500
2023-04-24,792.9471290632265,798.6532910621792,787.696688496331,789.5888061523438,374800
2023-04-25,789.81684391739,794.3242967382274,777.5030514197442,782.19873046875,468000
2023-04-26,774.4617045136374,777.4336592515973,763.9310733883002,770.7269287109375,585600
2023-04-27,768.0818293335379,788.9746351978702,766.8236826045963,784.8832397460938,749300
2023-04-28,781.6141066594612,798.5443671681596,780.6333713621568,794.29443359375,470400
2023-05-01,796.1964737105295,803.9631469751267,794.6213113499532,799.1782836914062,297500
2023-05-02,799.1784263904581,807.6187973358627,789.0738284843299,790.9857788085938,610700
2023-05-03,797.2664106750951,805.3897651878045,791.3423339663944,795.6615600585938,786000
2023-05-04,768.289820701365,769.3201369293988,739.1547875190431,746.8323364257812,1229000
2023-05-05,746.8323377769457,761.4048427212794,737.9263907033476,754.9754638671875,637000
2023-05-08,754.8070331802464,754.8070331802464,739.1646689428903,745.0887451171875,539900
2023-05-09,746.148733719653,750.3193978995374,743.553231877217,747.8229370117188,464300
2023-05-10,749.2891893868251,749.2891893868251,739.471859162964,742.58251953125,432800
2023-05-11,743.1173435760163,743.1173435760163,733.190997145166,738.5999755859375,661800
2023-05-12,742.1663045034427,744.8509916084394,736.5790764694523,737.391357421875,394100
2023-05-15,737.8471661495805,744.9402045240874,736.0045688090122,743.939697265625,355900
2023-05-16,740.9974016484022,740.9974016484022,731.6159610190919,735.3408203125,420900
2023-05-17,732.5966822190057,744.1278799037113,725.6422895133055,742.6220703125,524000
2023-05-18,740.2841283576752,742.5427822220017,732.8443262941711,740.4921264648438,501500
2023-05-19,745.2670821294322,756.9171529868744,743.1669058689617,751.9539794921875,555900
2023-05-22,755.2726730937392,760.939170240414,736.1828007224454,744.4745483398438,626900
2023-05-23,746.1685649279517,749.3188291333518,741.3936179103387,741.56201171875,411300
2023-05-24,743.3056706923142,744.256717937888,728.505334267251,730.5064697265625,547200
2023-05-25,726.1871058054936,729.30768201011,717.2613871705532,718.2222900390625,569300
2023-05-26,718.2223301043613,719.9758025899677,712.2784211655666,718.2718505859375,750800
2023-05-30,713.2888891946629,722.6307252802773,711.1688805420729,721.7886352539062,497000
2023-05-31,724.067184498537,729.8228671277268,720.6097600737522,728.68359375,740200
2023-06-01,729.1195195387717,733.1217299168206,722.2047912700692,724.3346557617188,526600
2023-06-02,723.482757999523,733.2604843249136,717.3506222581208,733.0326538085938,527300
2023-06-05,735.6578235584401,744.2468161098228,733.5774794702818,743.2561645507812,544300
2023-06-06,744.8114185802452,747.446524853384,738.4513926871639,741.14599609375,394600
2023-06-07,737.0645405908595,739.8779569609743,730.9224892628424,731.7249145507812,473700
2023-06-08,730.0704760809487,744.2169466036613,730.0704760809487,743.107421875,359400
2023-06-09,743.1075200488125,744.5835811525967,736.0838345688111,739.5411987304688,536600
2023-06-12,740.8487574623689,747.5653424029331,738.0650294924847,746.9610595703125,415100
2023-06-13,748.1300961678221,760.5825925699148,748.1300961678221,760.1763916015625,474000
2023-06-14,760.8996025865993,767.2199638403991,754.7377189645434,763.9012451171875,495600
2023-06-15,766.0510548714495,781.1485747257886,764.1390441829457,775.74951171875,648100
2023-06-16,780.7027039395057,786.5772598460843,774.0653270594781,775.7296142578125,993700
2023-06-20,771.6778945333898,780.0488511233178,768.557318202121,773.9068603515625,507800
2023-06-21,774.4714331944176,779.077925644221,770.7960949577398,771.4895629882812,371100
2023-06-22,772.98559615153,776.1061121571664,769.7362301467072,772.5199584960938,447900
2023-06-23,771.9256371590997,779.7616645295458,764.4065650845005,772.4407348632812,615100
2023-06-26,774.6299882472338,778.2954106626346,757.8681828377198,777.0471801757812,586800
2023-06-27,778.6124424862791,778.9393139332625,698.4092785980454,709.3956298828125,2034500
2023-06-28,701.5893623403173,703.4121273486481,678.4080916747578,693.48583984375,1828300
2023-06-29,690.2562488204183,702.8473903928914,682.5786998754205,701.7973022460938,914900
2023-06-30,703.5209683058748,712.8727198964089,697.6959937287096,711.8226318359375,1015200
2023-07-03,703.4517412265405,715.250373835962,703.4517412265405,711.376953125,345000
2023-07-05,709.6630956157918,712.6350501224391,705.7203219856352,711.119384765625,641900
2023-07-06,706.3938864178199,708.0185692288854,697.1808404704855,698.2408447265625,608800
2023-07-07,694.0404792720389,694.5952416281375,685.5605058490664,685.9765625,696900
2023-07-10,683.5494578634745,700.8363366806153,682.0833131575866,696.7845458984375,1078900
2023-07-11,701.3217566256214,711.2084382784391,698.438987647434,710.128662109375,570400
2023-07-12,711.0401378248317,717.6477666199927,707.4738164917895,711.703857421875,588900
2023-07-13,715.815091754962,723.9978831638846,713.269110036998,714.2399291992188,413000
2023-07-14,714.3785871307808,714.60641762147,708.5337192398688,711.8029174804688,621500
2023-07-17,712.159554428305,721.6301803400295,711.2778600827108,714.864013671875,550200
2023-07-18,713.269057472848,720.0253077452138,708.850730155147,719.7578125,481900
2023-07-19,720.7782205147198,725.1568831248208,711.9118776786817,712.288330078125,581100
2023-07-20,713.2690773900976,724.4733433955175,713.2690773900976,716.2608642578125,628800
2023-07-21,721.9768370852926,731.6258328462646,714.8342789408262,727.7622680664062,1813600
2023-07-24,723.6214288618056,726.7320892062199,717.1425290984678,720.3324584960938,543600
2023-07-25,716.458928992467,725.8106813124157,714.7649536716401,723.0567016601562,444600
2023-07-26,723.0567273906554,726.3556138418934,717.4892707536737,724.1266479492188,399300
2023-07-27,724.3743325546071,744.7618976633289,724.3743325546071,737.6985473632812,884300
2023-07-28,733.0821110622278,741.6809588389391,716.7957979600463,739.1250610351562,744800
2023-07-31,738.5009601593921,738.5009601593921,727.9802458460662,734.9742431640625,445000
2023-08-01,737.6985357846636,737.6985357846636,725.6027193980972,732.1608276367188,334300
2023-08-02,733.7952736275856,737.8173763446446,719.331787419877,725.2756958007812,623600
2023-08-03,754.8764295434994,780.4748904515892,752.053097004656,764.2380981445312,1068800
2023-08-04,768.4879487672296,777.4929970828225,757.9077985009264,759.27490234375,501000
2023-08-07,762.4945972320836,774.9570107150017,758.1258504821221,767.4973754882812,474000
2023-08-08,768.6661952288812,773.9859882565652,763.4455036170818,773.0250854492188,441800
2023-08-09,774.6893879889374,788.4000298488012,772.7080852063569,778.265625,430100
2023-08-10,781.624096144628,791.9665010521209,781.624096144628,785.5966186523438,387300
2023-08-11,787.2608527840109,802.0908769011984,787.2608527840109,799.40625,526100
2023-08-14,802.2890208690817,802.3782061097805,793.3137205679992,800.8228759765625,354500
2023-08-15,796.8998544818967,802.923032469862,793.4028861645351,798.3759155273438,269200
2023-08-16,796.4243226946103,801.4271003837629,789.5095949781586,789.8860473632812,345100
2023-08-17,792.6300838435669,792.6300838435669,787.2409377634234,789.2816772460938,320600
2023-08-18,787.4193157615007,813.3248765135013,782.9515283141308,804.8052978515625,1065900
2023-08-21,817.2874652002673,838.2694561420243,812.9384907224328,836.4763793945312,1082900
2023-08-22,834.4554819213569,839.5771331664644,828.1152882343316,832.7713623046875,765900
2023-08-23,837.1005393431439,839.5771681577685,829.9975848328801,832.94970703125,540500
2023-08-24,834.9408406134962,837.1896386951273,822.4784287667807,823.4393920898438,457800
2023-08-25,824.7470145050969,827.183978179207,818.74360915389,822.5873413085938,404500
2023-08-28,825.6188371789686,825.6188371789686,820.2594391867601,823.1224365234375,249600
2023-08-29,825.5791582616614,828.8086915229964,816.891126073114,822.4288940429688,407200
2023-08-30,822.9837218813025,827.223739263792,821.5670975122655,827.1444702148438,302100
2023-08-31,828.0558657259717,828.0558657259717,818.0799978500662,818.7635498046875,457500
2023-09-01,826.7482152982882,830.0867060890757,821.2798600147,823.8555297851562,253600
2023-09-05,827.5803515239784,827.8775348740361,814.3155137411991,815.2169799804688,314300
2023-09-06,817.5252576314423,817.5252576314423,800.5752244918295,810.7393188476562,396200
2023-09-07,813.5230013851731,819.7938421367571,809.6396645426927,817.5450439453125,356900
2023-09-08,822.5973234625343,833.2963470289972,817.5846295444093,822.9242553710938,421600
2023-09-11,816.7722879416981,828.035990088197,815.1971859967517,825.7377319335938,374800
2023-09-12,827.6794063195664,829.4724831035462,821.7058092575776,824.98486328125,296100
2023-09-13,824.7966589187214,827.7388649082264,817.2676710928442,818.5258178710938,396500
2023-09-14,822.2406944448314,830.2253426253155,818.80316297418,824.5984497070312,388900
2023-09-15,825.0641234723973,828.5314039152187,814.4146192551601,815.7025146484375,1032400
2023-09-18,817.0893912074002,820.7647302470083,809.4415902189032,816.8021240234375,406100
2023-09-19,817.5549247469414,829.1554142915455,815.900493324836,828.9375,344100
2023-09-20,830.225379020688,830.2748995019003,823.132341010267,823.8455810546875,304300
2023-09-21,822.161394553676,824.3705882958667,809.8575210718727,815.6825561523438,400300
2023-09-22,814.3353837714661,823.7267408549199,810.650128666654,817.1290283203125,464500
2023-09-25,815.3557245783884,827.0256285518566,812.4630390589448,826.83740234375,294700
2023-09-26,827.1939265467853,832.5929888189555,819.7046043130401,824.6281127929688,479800
2023-09-27,824.628233549805,831.5727106184268,822.9540300047812,824.77685546875,380300
2023-09-28,825.5097977120436,829.6407971108831,818.6247584042691,826.7679443359375,369900
2023-09-29,825.6980688730541,825.8862950674757,812.2450052277499,815.2665405273438,409800
2023-10-02,819.2688672290848,825.4901882547392,801.3380975855961,810.3827514648438,487700
2023-10-03,804.4089853089298,806.1327091745468,792.2933373049701,800.7534790039062,426700
2023-10-04,801.5955783070991,809.0651296608006,798.3957931623811,807.37109375,344600
2023-10-05,807.3710071670312,823.8752940125951,807.3511747895762,823.3502197265625,387300
2023-10-06,821.6463138105789,834.1284975452643,818.2285543108594,828.749267578125,392400
2023-10-09,827.1741944346343,832.157200649094,818.5456583133382,824.0437622070312,256700
2023-10-10,821.7453792164246,830.8593846653247,818.0700405632339,827.1543579101562,261400
2023-10-11,831.0278404992665,831.0278404992665,820.0018841814251,828.2540283203125,306800
2023-10-12,828.3927132073716,832.2364458674376,821.794940352234,830.6513671875,308200
2023-10-13,837.18961805857,845.9865468613664,828.3529640378983,831.7806396484375,526400
2023-10-16,834.9309196987585,839.0817515613103,829.502169273445,835.77294921875,381400
2023-10-17,835.1192031916096,836.307997068426,825.5297040572098,829.0266723632812,323100
2023-10-18,825.4703136641713,825.7873294133994,817.0893798505606,818.3079223632812,383800
2023-10-19,815.8807801804912,816.8317669241932,797.940035543059,801.0804443359375,488400
2023-10-20,800.733616269286,810.9175419123211,796.4441391457187,800.9119262695312,743100
2023-10-23,802.6060583472641,803.210341275864,784.8635158498095,788.1029052734375,473400
2023-10-24,788.5585464848554,801.1893523487773,788.2712793344097,796.7611694335938,346900
2023-10-25,793.818907172209,794.9085995761543,781.6438226773683,789.5888061523438,340100
2023-10-26,787.151938813466,790.3220359198806,780.0985044955943,784.60595703125,351200
2023-10-27,784.9922779222608,785.041798404671,761.9992346895657,767.9332275390625,438900
2023-10-30,772.2425600085355,776.6509106245873,767.4774684499986,770.39990234375,371300
2023-10-31,767.8936483544103,774.9470824740285,765.6151619079141,772.5992431640625,382200
2023-11-01,776.5815620112272,786.1612051960747,767.7350516994768,783.872802734375,419500
2023-11-02,784.46717731602,823.3799962097955,780.752234291187,811.135498046875,729300
2023-11-03,830.3244449913421,831.3547612615164,804.3297589814691,809.2632446289062,456200
2023-11-06,815.4448153470892,832.3948464442352,812.4629449315544,824.6281127929688,422700
2023-11-07,830.6216557615622,830.6216557615622,816.1977727342594,823.0233154296875,670800
2023-11-08,826.5303017996378,826.5303017996378,805.7761403077841,815.09814453125,637200
2023-11-09,807.8663499553369,809.04522761207,788.9647031564259,792.7787475585938,622200
2023-11-10,799.3369058839552,799.3369058839552,776.2448212965388,791.4711303710938,994800
2023-11-13,788.4792770141419,795.8497261446364,780.6729388315645,789.2520141601562,736700
2023-11-14,797.4744399426606,798.0688066437473,785.140816946286,786.2800903320312,545200
2023-11-15,783.2685210518918,791.0352557402148,777.6218556380522,784.9724731445312,502100
2023-11-16,794.561982820156,794.561982820156,778.4837274506874,789.0935668945312,493800
2023-11-17,795.800244944069,800.5851085644192,792.1645709107332,794.928466796875,354500
2023-11-20,787.8353683265476,799.3269005280415,787.8353683265476,794.1458129882812,340700
2023-11-21,797.623107574002,797.623107574002,785.5866672381811,791.3621826171875,310700
2023-11-22,795.1365529366368,799.9115005332718,790.6291005998758,792.2537231445312,233100
2023-11-24,796.4639905518318,796.4639905518318,787.5877916204739,790.8370971679688,171600
2023-11-27,794.5025387849853,797.4744934188443,785.7649849056911,790.6192016601562,440100
2023-11-28,788.7864409041297,794.1359833012348,785.1606829431196,793.6505737304688,446700
2023-11-29,796.6522215403721,806.6875263460838,792.7589682949966,801.0309448242188,627700
2023-11-30,804.1910157082559,821.111297942556,802.6752900560949,816.1085205078125,954600
2023-12-01,817.228032359561,820.6754801529879,801.328088236807,807.2422485351562,560200
2023-12-04,797.0286812986876,816.901148694828,795.047378226432,815.6232299804688,508400
2023-12-05,810.1646295726713,815.9797485292831,801.674739708292,813.2257690429688,319400
2023-12-06,817.8322334940067,834.128460764564,816.5146502304177,827.9368896484375,554100
2023-12-07,832.1473417060993,842.3312691490223,823.419703552741,841.2415161132812,567300
2023-12-08,836.4368431703004,840.0923498216199,831.7014997211593,832.2860107421875,388100
2023-12-11,830.6017824910159,841.7862153025354,830.6017824910159,840.4884643554688,458700
2023-12-12,840.9145323977517,858.6076147890454,838.7945840631556,855.6851806640625,500500
2023-12-13,855.0610725741235,871.2384292283987,854.7242244445296,867.9296264648438,680000
2023-12-14,865.6411398543667,870.4755237605423,859.0037630560498,867.8106689453125,598100
2023-12-15,867.9295181474578,879.6390251996697,846.0361459287268,851.1082763671875,1791700
2023-12-18,845.7984791817881,849.8799585848884,840.6569954022879,842.9156494140625,627400
2023-12-19,844.9860856684377,846.4522304711713,836.2881368824411,840.4588012695312,844200
2023-12-20,842.0537414495928,842.0537414495928,833.4350616500777,833.9204711914062,515900
2023-12-21,835.5946616812431,839.3690412690197,830.6216325420497,834.0096435546875,332600
2023-12-22,838.3586985378018,843.2029386178314,835.5056172639613,838.804443359375,742800
2023-12-26,840.5974833398453,842.1924176238551,834.8417405100832,841.588134765625,306200
2023-12-27,839.735600263652,891.447619201896,836.6646048858674,866.1959228515625,1273900
2023-12-28,866.0969249479683,887.1185212087167,866.0969249479683,873.4574584960938,637500
2023-12-29,869.7027712518383,875.0820617314,867.4342012419168,870.0792236328125,534300
2024-01-02,865.740170990334,896.8268179308315,863.2437704841735,896.53955078125,1000900
2024-01-03,898.3227580395051,914.9656909600724,892.5769914968122,908.982177734375,758900
2024-01-04,909.2001790933216,916.2436968738773,900.710288329431,903.642578125,557400
2024-01-05,896.5396336847872,914.0840940294444,895.5489821558538,904.6332397460938,486100
2024-01-08,881.6797964899918,895.1526321156977,872.7738495683168,894.4393920898438,723200
2024-01-09,886.9997048798779,894.8357927778806,880.510949090636,894.2512817382812,499300
2024-01-10,887.277145067653,898.7389310690114,886.2567448790132,897.6888427734375,382300
2024-01-11,894.4789930525618,908.3481133951802,890.6650091441683,907.406982421875,521300
2024-01-12,916.352658603599,926.6257100580219,912.3900525123403,924.4760131835938,559900
2024-01-16,922.5045681707169,928.7159117112798,920.4340800141515,928.5574340820312,761400
2024-01-17,930.9745992844603,934.1843002493748,913.0636044662499,920.4439697265625,526700
2024-01-18,915.3323111889343,928.6268989246939,909.1209668993349,921.3059692382812,513600
2024-01-19,924.4562195502059,929.2212511560733,919.9685994053472,924.6741943359375,716500
2024-01-22,927.7253177688854,935.0957675095195,913.3807030821579,934.0159912109375,530600
2024-01-23,934.5212147189429,946.379284177654,932.8965317437876,945.6561279296875,568200
2024-01-24,948.0831699693786,948.0831699693786,936.6510137349669,939.3753051757812,390500
2024-01-25,948.6477570269996,948.7963789229144,936.1655735652876,939.9993896484375,394000
2024-01-26,943.100199009478,949.1927297330237,930.2811665749472,931.2619018554688,460500
2024-01-29,937.2751254436482,948.7171373590465,935.0164716264385,946.8646240234375,530000
2024-01-30,947.0628238635236,951.2334884011295,936.264698443269,950.7579345703125,374700
2024-01-31,952.0655920747081,956.6324808827193,932.3912682075883,933.9664306640625,601900
2024-02-01,936.7699604908421,955.9093549326874,928.7060426825115,948.8262329101562,520500
2024-02-02,962.1504540809486,964.8846619438301,930.5288745695333,936.343994140625,752000
2024-02-05,923.1583938043424,930.7170694664455,914.4010685436028,927.5767211914062,703800
2024-02-06,931.212253448225,936.6212314961336,918.8489441553585,929.042724609375,460400
2024-02-07,931.2123850985482,945.3786890768148,924.7335462290431,929.7164916992188,456400
2024-02-08,926.0510173375496,938.384639585529,921.3454231016809,937.5822143554688,487600
2024-02-09,939.1376436839188,948.5587493407754,937.007718723913,944.5069580078125,613800
2024-02-12,943.4866104007721,945.6066191532867,932.2129913286607,938.2064208984375,604200
2024-02-13,937.3247982485467,938.6027774973403,925.0704429139046,931.68798828125,523800
2024-02-14,934.2833831409288,942.931811645195,927.9432499711578,938.9592895507812,373500
2024-02-15,942.7732354882369,949.7771483988835,940.0588602270054,945.8046264648438,334300
2024-02-16,944.5266984539724,947.5779217775194,935.2938199037018,939.1870727539062,367400
2024-02-20,941.1189937704652,953.9974642115347,934.9075890629166,938.0182495117188,417700
2024-02-21,943.1001992078702,949.0441080264072,936.8591070413198,943.932373046875,300500
2024-02-22,944.6555686161032,963.9039202194126,938.9890105315104,955.8697509765625,614700
2024-02-23,965.8851099040239,976.4256552559075,960.0898234304249,972.0271606445312,439600
2024-02-26,968.4113551493323,986.659138725214,965.8852059344175,980.03173828125,541200
2024-02-27,979.754349757291,986.1043993732485,966.1031428377802,984.0636596679688,464200
2024-02-28,985.6982484768248,988.9971349219071,978.3773193359375,978.3773193359375,486000
2024-02-29,980.6558607384742,981.0422293589954,956.1372345888884,957.05859375,792200
2024-03-01,958.455292378716,978.8924369386441,957.0585004174883,973.632080078125,370500
2024-03-04,973.6320599453666,975.9997314092321,957.1872096878236,962.1107788085938,455600
2024-03-05,963.6264481322836,968.5301848961387,944.3780977402737,956.1867065429688,397500
2024-03-06,950.2626487347278,965.0729012161272,946.626974546029,963.0123291015625,366800
2024-03-07,962.0514464428987,970.0955322072369,960.813132003012,964.2110595703125,380500
2024-03-08,964.2407360228796,966.8758423494633,953.8190631275824,959.7728881835938,354400
2024-03-11,962.0117455043662,970.6402809573478,951.4612833506021,955.4238891601562,355600
2024-03-12,955.4239444745199,966.8065206471287,953.9974038819081,961.4966430664062,359000
2024-03-13,970.6602221516981,970.6602221516981,954.8197133265235,956.4443359375,386200
2024-03-14,957.266479991208,960.1195609922999,942.0797763968953,950.0743408203125,507300
2024-03-15,947.528401363374,959.4558839971013,944.804109766604,955.45361328125,1090500
2024-03-18,960.9318893246273,961.6352736087989,950.5201330968929,950.9461059570312,360200
2024-03-19,956.0876408291749,960.0997672532487,950.1734804826825,954.6511840820312,365300
2024-03-20,950.0942390064596,958.158156845381,938.5135203842412,957.92041015625,579300
2024-03-21,965.637552746314,970.1054007000869,958.9506550996994,958.9605712890625,435100
2024-03-22,963.9039776592293,968.2529525632491,957.4349938838038,958.1978149414062,274400
2024-03-25,945.0913954433196,955.9588127803094,943.5657535195279,952.105224609375,322300
2024-03-26,952.9967005411585,957.6428578791379,948.8260969760765,954.5421142578125,386800
2024-03-27,961.9622190030904,967.6188608836145,953.4128916479564,957.2665405273438,314800
2024-03-28,961.3083810974197,961.7145215968937,950.2824253670201,953.4921264648438,461800
2024-04-01,955.7112122384211,961.1301074416523,945.1707261212915,960.2484130859375,360600
2024-04-02,952.4519404855569,952.4519404855569,942.12936922016,945.755126953125,438100
2024-04-03,946.0723076770024,952.6898533168368,941.5450224672386,942.0601806640625,413200
2024-04-04,953.2049131828993,953.2049131828993,926.615799543303,928.2603149414062,410800
2024-04-05,930.5288230259875,940.9504957624303,926.130328112942,933.8871459960938,363500
2024-04-08,930.38023977079,934.1744519606941,926.7643980604036,929.7066040039062,330900
2024-04-09,932.5894113388762,940.3263969796757,929.2310883099271,935.0660400390625,305700
2024-04-10,926.278914551064,929.1022469258752,914.8071541219765,927.4478759765625,389700
2024-04-11,919.8990988759687,921.9398383523317,898.8477565130595,911.71630859375,617100
2024-04-12,903.02830878928,903.6920283245531,889.8625729079862,896.2423706054688,665300
2024-04-15,906.8127633268485,912.5090101089619,886.7223800308179,890.159912109375,656200
2024-04-16,888.8322909504675,892.6463354232942,882.1057891754148,885.7811279296875,615700
2024-04-17,895.4301138354338,903.1175794174371,891.4873400768112,892.7652587890625,468700
2024-04-18,892.8345629356792,900.3139695200875,883.3341886338499,885.6325073242188,450600
2024-04-19,905.4257333423899,912.1225472374176,883.1262185989187,888.4360961914062,507500
2024-04-22,896.08380901072,900.1752041911678,889.0601243396712,891.7447509765625,351400
2024-04-23,897.1933144165085,904.2071432124387,895.3804659009215,898.8378295898438,341200
2024-04-24,898.4218049791618,907.1395254598307,895.9550321311752,898.0651245117188,373600
2024-04-25,902.5726227605802,906.4460431822296,868.5536266229724,882.3533935546875,576600
2024-04-26,873.4772760012304,879.1834387365561,867.0479569662132,874.9434814453125,505700
2024-04-29,874.9434429625011,889.3871591929416,874.9434429625011,884.1366577148438,369900
2024-04-30,883.770136033578,888.4658146864524,876.7365342440561,882.3336791992188,636700
2024-05-01,881.0953994574402,904.6729555480056,880.2137655000198,895.0338745117188,595200
2024-05-02,891.5862800470934,934.947112148711,882.9676005803921,928.8446655273438,1067000
2024-05-03,918.2744857129352,949.1729078069563,918.2744857129352,948.053466796875,547400
2024-05-06,949.0441301541707,953.1057770890449,941.386413463071,949.6781616210938,352000
2024-05-07,958.831854775638,961.4867937506565,948.1526017348544,960.9022827148438,362300
2024-05-08,960.8328997554934,962.7745379693116,943.238919702652,946.8250732421875,424900
2024-05-09,950.6192097989073,960.9120319597115,947.8156493883425,958.9505615234375,281900
2024-05-10,960.9319475548926,970.8186300996305,957.8113711682425,964.6964111328125,351400
2024-05-13,970.8384018430497,973.3942994636943,961.912622780346,967.8268432617188,284300
2024-05-14,970.8385428476535,978.5656130345466,961.8731581928424,975.4351806640625,307900
2024-05-15,978.7635799179546,979.7146270260082,957.3060972703148,969.0651245117188,593300
2024-05-16,969.1246900931254,969.1543781974024,958.3661685409993,958.9308471679688,407600
2024-05-17,960.2088140445707,973.5826095075425,956.9693642393216,973.1070556640625,386600
2024-05-20,971.2545888906483,978.7538284815828,969.0652876327886,978.0405883789062,317900
2024-05-21,978.7537156150897,986.6095743514522,973.7806259914736,984.6580200195312,331600
2024-05-22,983.7169109013889,988.5413787289665,972.3937718413234,974.6029052734375,308700
2024-05-23,976.2176889290146,982.439009298973,966.6083573989089,971.4031372070312,315700
2024-05-24,974.84064388785,986.1043461850475,973.9688657632405,975.8115234375,259300
2024-05-28,965.7464364147411,969.7783949817231,954.40346547327,964.0623168945312,336800
2024-05-29,960.9319694408048,962.160367644934,949.6781827431804,957.4547729492188,346700
2024-05-30,956.5532959605749,962.7745559628063,943.3974149672374,960.8427734375,444000
2024-05-31,960.0799494723377,971.7497919745064,958.3859137455187,970.9968872070312,833200
2024-06-03,970.9969184054722,991.6817259399588,970.1053683610521,980.2297973632812,533000
2024-06-04,980.5369311590157,990.8001267017146,977.4164151976682,984.0042114257812,340400
2024-06-05,984.1528832316131,1005.5113283391304,980.5172089547923,996.4666748046875,385500
2024-06-06,995.7929727692145,1006.5019129480416,988.4026908931191,991.43408203125,439700
2024-06-07,989.6608281368203,998.0120128542387,985.1434598083521,993.5739135742188,250100
2024-06-10,989.1159899721247,993.5739216667076,982.9441900879399,992.3652954101562,250900
2024-06-11,988.7494171259027,1007.4826094595577,988.5116704519976,1001.0928955078125,448200
2024-06-12,1005.3230420220316,1020.371040661634,999.7159811602819,1018.0628662109375,453700
2024-06-13,1013.1193705097267,1021.1931431729731,1008.3543396754325,1016.9532470703125,315400
2024-06-14,1014.7242255877024,1032.9125698516516,1008.4434694279414,1026.8299560546875,353900
2024-06-17,1026.8300489889868,1039.6886853196486,1016.4182926898736,1035.5972900390625,446100
2024-06-18,1036.7166802409993,1042.5020505018263,1026.314840639919,1029.395751953125,379300
2024-06-20,1028.7321376335171,1036.5088490450696,1018.3897934965262,1034.6265869140625,590500
2024-06-21,1037.9153871769613,1049.8924502209863,1031.5158175369115,1043.294677734375,1269900
2024-06-24,1050.0905651120254,1058.0157769241916,1042.4229323580853,1053.9442138671875,518400
2024-06-25,1058.1346564783528,1071.062706694526,1056.0741449295774,1061.1759033203125,518600
2024-06-26,1057.02507604276,1065.2475312852225,1039.7778007825057,1059.1649169921875,533700
2024-06-27,1061.2055361408661,1063.01850555045,1037.221905066694,1041.035888671875,507700
2024-06-28,1044.948914421519,1047.3362968910226,1032.040699470666,1041.2042236328125,750600
2024-07-01,1037.321037885587,1059.689904363539,1035.230777812218,1047.138427734375,383200
2024-07-02,1044.1468173975838,1048.277878226717,1020.5990088178561,1034.8941650390625,364300
2024-07-03,1032.5361864488684,1037.4497787728012,1002.2123006650384,1014.5161743164062,378300
2024-07-05,1017.86470934903,1030.3271831238387,1016.210398670958,1024.5615234375,418300
2024-07-08,1029.792315548603,1044.7412152202403,1027.6227255325953,1042.4132080078125,366200
2024-07-09,1045.9594916792457,1049.1098165435203,1030.287438727905,1044.1763916015625,268400
2024-07-10,1047.2870281429286,1062.305216929932,1043.4333795232699,1061.1065673828125,263900
2024-07-11,1055.965113115668,1081.1969755638129,1055.965113115668,1070.1710205078125,444400
2024-07-12,1081.8707721443907,1095.819224277857,1074.7975051019905,1089.766357421875,471500
2024-07-15,1087.0319159095495,1089.7462910774775,1069.1902744800843,1071.9937744140625,434600
2024-07-16,1077.71981688287,1089.795799972394,1069.0020357800881,1084.75341796875,282400
2024-07-17,1082.791998383035,1089.716642646979,1066.7038278059233,1075.4710693359375,464500
2024-07-18,1081.1970562322863,1088.6962347740543,1055.46986615848,1057.28271484375,396100
2024-07-19,1062.1665224656215,1066.6641187558357,1050.823611709827,1053.6568603515625,452200
2024-07-22,1065.2972876518177,1068.6258628718238,1054.9944857256107,1059.73974609375,299500
2024-07-23,1067.7243123873336,1067.7243123873336,1045.474195854352,1045.7020263671875,312000
2024-07-24,1046.1280747569347,1056.4606240071566,1042.9679542437643,1050.942626953125,452500
2024-07-25,1060.7400647166892,1092.6389937756935,1051.7944528924904,1054.2413330078125,528300
2024-07-26,1057.5602167276134,1081.1080239172757,1057.5602167276134,1068.5465087890625,380900
2024-07-29,1063.5833002621391,1074.856919610985,1063.3753021363143,1067.119873046875,301100
2024-07-30,1072.5190852187247,1082.2472309258296,1056.9460707632636,1067.724365234375,358000
2024-07-31,1072.0829447406763,1080.6421877316495,1063.1968303075437,1069.10107421875,522700
2024-08-01,1050.9425174809553,1090.905364435019,1032.110223119506,1082.9207763671875,897700
2024-08-02,1089.4889754449052,1104.5765806007694,1061.9587276221089,1072.0732421875,646200
2024-08-05,1071.8848914633054,1080.2262203823789,1040.193960585038,1061.26513671875,619500
2024-08-06,1054.2810180229294,1080.582863508193,1054.2810180229294,1056.22265625,445400
2024-08-07,1064.3361925373533,1067.0208194785055,1051.536931272556,1057.8177490234375,502500
2024-08-08,1064.5739788083613,1104.4774528270216,1059.0362704260751,1102.94189453125,631100
2024-08-09,1102.5949576772412,1122.407984769375,1100.72261210554,1120.6644287109375,416600
2024-08-12,1114.0966098270649,1119.4263199300042,1099.6132892022217,1110.6094970703125,501100
2024-08-13,1115.037793728179,1149.6114353686996,1112.0162581911727,1147.5013427734375,572300
2024-08-14,1141.4981091486286,1150.3544761790624,1128.0252719206578,1146.045166015625,443100
2024-08-15,1156.397483618282,1166.9379093712607,1144.509665380738,1164.3424072265625,569800
2024-08-16,1164.015512310023,1174.011152083233,1155.8128888683686,1168.2852783203125,564400
2024-08-19,1168.9885489535777,1186.4932827639284,1167.1657841370404,1185.69091796875,445900
2024-08-20,1185.6911490747364,1190.357079638618,1174.7840647579537,1181.0845947265625,372200
2024-08-21,1183.5411885741166,1192.2391375738762,1172.9610985094814,1174.2587890625,342400
2024-08-22,1178.57797562203,1180.6979842256048,1168.968704978184,1176.55712890625,310200
2024-08-23,1184.5415514104989,1191.0006172787657,1178.8750549592287,1187.9097900390625,352400
2024-08-26,1187.9100519624706,1195.5282250737823,1184.4923525724694,1188.15771484375,239700
2024-08-27,1188.1278485669238,1199.8769599793407,1185.9385476106324,1190.5252685546875,295500
2024-08-28,1184.8787061739893,1195.3795880214345,1179.0437542534378,1188.0784912109375,308300
2024-08-29,1193.4576331535186,1199.649204961576,1164.4711609025849,1167.9088134765625,538600
2024-08-30,1168.1760795956407,1180.1926858848437,1159.8942484237857,1173.61474609375,405400
2024-09-03,1167.7106082103749,1181.3915632951991,1151.9988901341826,1157.8834228515625,579100
2024-09-04,1157.8835089623633,1171.2573050347542,1152.474469207933,1168.3447265625,333000
2024-09-05,1164.1739558079844,1164.1739558079844,1132.5523189682679,1139.803955078125,534200
2024-09-06,1139.249171022288,1142.092335855413,1118.415741941384,1120.922119140625,616600
2024-09-09,1126.5492256148382,1140.3687668904322,1121.9228391661743,1134.0682373046875,513300
2024-09-10,1133.5232291001587,1133.5232291001587,1112.0360561340221,1125.726806640625,356500
2024-09-11,1126.400572304085,1132.5028988447777,1102.8329329940595,1130.7791748046875,481900
2024-09-12,1127.4604163139354,1156.7143833107068,1116.6622910812343,1153.573974609375,568900
2024-09-13,1149.8889229642548,1159.6369008010824,1139.2691668864654,1142.5679931640625,353600
2024-09-16,1151.1865280899583,1151.1865280899583,1141.24034916083,1142.30029296875,346900
2024-09-17,1140.3388506021274,1140.3388506021274,1123.9931018105358,1136.029541015625,348700
2024-09-18,1140.5568799635234,1145.5894671908156,1127.0048345912217,1128.1639404296875,328100
2024-09-19,1138.912424546734,1154.951014105445,1137.3966987457802,1139.4373779296875,596700
2024-09-20,1135.2767924818531,1138.674780604068,1125.5981072137085,1134.3258056640625,913900
2024-09-23,1137.4462933452023,1143.7666547571819,1071.1221028122009,1081.7716064453125,1168300
2024-09-24,1066.2680352905911,1069.9037703409679,1012.6638896047289,1036.2017822265625,1695200
2024-09-25,1038.7179266007975,1038.7179266007975,998.9828491176797,1021.5103149414062,1003100
2024-09-26,1052.2303266429867,1053.45872470671,1020.638438932685,1030.23779296875,691600
2024-09-27,1033.8835743207906,1059.997134065333,1027.1867603228316,1032.9423828125,659700
2024-09-30,1031.0007186226092,1048.376784669982,1029.930858534633,1041.4124755859375,599900
2024-10-01,1044.2062296351628,1051.6756600817337,1030.6738956176034,1037.123046875,599400
2024-10-02,1030.763080346053,1036.171999420074,1016.3787996713828,1030.545166015625,687000
2024-10-03,1027.8009011346478,1029.0987126076072,1001.9052571719134,1005.1051025390625,797500
2024-10-04,1005.9075212436566,1013.5256334242786,997.8634361890456,1003.3516235351562,1071800
2024-10-07,1001.7665075105074,1002.2420613116194,983.5187251457268,986.7383422851562,583400
2024-10-08,992.1373846855347,998.5667026463609,983.7267639095602,995.8622436523438,736000
2024-10-09,998.0417160902484,1005.1446699464009,991.6420860553551,1002.7274780273438,598100
2024-10-10,1002.103411894174,1004.43141869379,988.8385740230669,989.6806640625,510900
2024-10-11,993.9306101089752,1008.2257048045403,986.9663611127334,1006.175048828125,479900
2024-10-14,1008.9586858647428,1014.1200017704696,1000.0131345672585,1004.7682495117188,497300
2024-10-15,1007.3242219431849,1014.7837965948079,994.4060871694542,1007.0270385742188,514400
2024-10-16,1002.1134080382287,1011.0094397181908,997.9031388988458,998.5371704101562,367100
2024-10-17,1000.6074562776159,1003.6190752965513,988.3431868412457,988.89794921875,739700
2024-10-18,988.6702165156078,993.3163745609022,980.5171738583349,981.4186401367188,869200
2024-10-21,976.6832821510875,981.9733269982382,958.8515561713991,959.4459228515625,794200
2024-10-22,953.9973091864966,963.6561604477307,910.8247037472314,953.343505859375,1511700
2024-10-23,942.9021335742761,950.6292035744527,923.8123193140486,932.5894775390625,850100
2024-10-24,936.8690355300837,943.1200439677292,919.8199017445055,920.2161865234375,523400
2024-10-25,921.5337121148422,935.0066085979452,921.5337121148422,924.2976684570312,547700
2024-10-28,926.041196018931,934.4518171965608,918.532041060836,919.9288330078125,578700
2024-10-29,918.5320381108322,923.6636053748996,915.1142785095477,918.6608276367188,680400
2024-10-30,911.1318778943485,927.1110913063454,906.297493773539,914.1632690429688,628400
2024-10-31,866.8200367303186,874.8938704011193,808.3616837788951,830.3640747070312,2291400
2024-11-01,836.7141296780594,853.9415733787156,830.0470645849128,835.7135620117188,1087300
2024-11-04,837.6850263521959,844.0449920358901,819.0310417247091,821.0916137695312,743600
2024-11-05,817.2280707566476,828.8087894926257,811.4823040094512,821.6760864257812,633200
2024-11-06,836.6151630981673,836.6151630981673,805.9247969533843,809.015625,879500
2024-11-07,810.2340025304319,824.7470702754676,806.4397905947718,816.7722778320312,780900
2024-11-08,818.8427950355727,822.9638785575456,815.1080196348769,820.6754760742188,563600
2024-11-11,816.2968942575961,826.6194666942197,812.7800932745224,817.961181640625,691800
2024-11-12,816.6038829367268,823.2313434633355,809.5009290694137,813.3248291015625,677600
2024-11-13,807.8267697134677,815.8609387868663,795.820078490346,796.8107299804688,589500
2024-11-14,792.6698088315907,795.9091980672331,773.6492882525199,775.1947021484375,1086900
2024-11-15,775.462237142224,775.7791924244182,746.6441574013141,749.7349853515625,1374500
2024-11-18,744.9400805247034,755.5698108242781,743.1866687184146,754.8763427734375,1027800
2024-11-19,749.4871890608242,751.5080960640938,729.3076257336195,737.6389770507812,979900
2024-11-20,735.2515667783854,743.672103698929,729.1293483671965,736.4006958007812,654500
2024-11-21,737.9065142135099,750.4778830809399,729.0699205270614,737.5399780273438,973000
2024-11-22,737.738207430556,744.3755847829872,730.7342938487203,731.100830078125,1029400
2024-11-25,740.9775928160461,750.7751509188477,734.6869798123107,742.5032348632812,1196400
2024-11-26,736.2422584724937,747.1295083065426,729.6147978090469,745.9902954101562,779800
2024-11-27,749.6457302986012,755.0348765626081,742.5130882866039,747.8130493164062,544800
2024-11-29,739.6402217370065,747.4564766220135,733.0821136118606,743.20654296875,489800
2024-12-02,742.998507465275,756.7487544983287,741.4134288584788,755.2132568359375,896200
2024-12-03,751.4388809184675,762.8016241407936,740.5813191504662,742.5626220703125,649800
2024-12-04,741.5620756930806,749.0613147155613,737.1834130446977,747.2088012695312,731800
2024-12-05,744.5241251208532,760.8401868197784,742.6815278364379,760.7213134765625,779000
2024-12-06,761.4544444400003,770.84580206329,758.0069358280565,770.7269287109375,813700
2024-12-09,769.7362557812996,793.5019768356597,765.7736495739313,780.6334228515625,1027300
2024-12-10,776.7697920046637,784.090720865921,755.5698868646099,771.22216796875,1298500
2024-12-11,770.8755000902853,774.0158484607482,759.7009219852353,765.7736206054688,776800
2024-12-12,765.8924367438099,771.4499768128052,733.5377873056449,734.04296875,924000
2024-12-13,731.5466224508297,733.2505140315542,721.8679378124431,724.4634399414062,696900
2024-12-16,723.6907106919867,732.4777841445539,715.4781715412396,718.093505859375,920100
2024-12-17,714.6262226729211,737.8371785991205,714.3389555232733,733.0919799804688,978700
2024-12-18,728.3368081255742,738.0352631723694,705.64095160867,707.9392700195312,907800
2024-12-19,704.3531978026828,707.3746727045627,686.5214712760325,701.62890625,1086700
2024-12-20,703.5607957013859,710.9014976333546,694.2783948184572,695.288818359375,1890000
2024-12-23,701.7577432137891,711.4760324091347,699.5584653519345,708.4446411132812,866500
2024-12-24,705.6411354384612,713.2691649903006,699.5486642662482,707.7908325195312,382100
2024-12-26,702.4511754015091,711.7731793172323,702.4511754015091,709.9801025390625,619200
2024-12-27,703.8777436284367,712.2685330548173,702.4611191979271,705.7401733398438,795600
2024-12-30,701.4208527853123,702.3421514068223,693.8720933378462,696.0218505859375,537200
2024-12-31,697.3195314438868,706.3344348273878,696.8142895651222,705.6707153320312,473500
2025-01-02,714.1210052336359,720.0153935819714,705.2645786598476,708.5040283203125,479000
2025-01-03,709.3758293099936,715.2503854695283,708.0780782590957,711.4364013671875,558000
2025-01-06,708.3158562901847,726.8311361270382,707.0775418561109,709.5640869140625,820300
2025-01-07,709.6433220783397,727.5740900416006,709.6433220783397,723.4727783203125,802500
2025-01-08,721.2338309305253,736.3314092125366,718.8166390710019,726.7319946289062,758800
2025-01-10,714.5866760715761,717.9548549524435,684.5401986147451,690.365234375,1117200
2025-01-13,662.9836903790489,710.6637583976885,660.0216516654194,710.1981811523438,1406000
2025-01-14,707.3350665042484,709.2866208791846,679.5869091263758,684.411376953125,791700
2025-01-15,694.0603593141967,705.9382615768488,691.672915712759,696.85400390625,880400
2025-01-16,694.4863145067778,699.9348978251436,684.8671270184059,686.7493286132812,853900
2025-01-17,698.7461407673185,700.8660889792009,674.5247000140664,675.208251953125,1111900
2025-01-21,681.0333295240263,686.452164425376,675.1488569572525,681.3701171875,1145300
2025-01-22,683.321726777534,693.3371992575063,671.3447231477155,673.6727905273438,945100
2025-01-23,674.1778370414276,689.6815546036223,671.9390158169223,688.1460571289062,1145000
2025-01-24,682.3012378041391,687.353596239482,668.798654340596,669.4722900390625,1021800
2025-01-27,670.4035204620894,691.9205008858117,670.4035204620894,678.3089599609375,1051400
2025-01-28,675.7332378495224,683.846675545167,671.7904644750201,679.913818359375,640100
2025-01-29,679.5474026133969,691.0488533354746,675.9513324189628,680.8451538085938,522800
2025-01-30,681.8753631387292,683.1731142452733,668.0260738757329,676.6942749023438,771800
2025-01-31,670.9583654228259,681.5682652730284,665.6782362045485,666.6886596679688,943800
2025-02-03,662.5477494265164,667.3524457581445,657.2279554010037,660.615966796875,1009200
2025-02-04,643.9234884177679,703.3427472772556,635.998276252626,690.5336303710938,1654500
2025-02-05,702.1737714022499,722.4326066786797,693.4659664808345,710.0197143554688,1436100
2025-02-06,706.7506031954526,727.4057240381512,706.7506031954526,715.3197631835938,1116600
2025-02-07,719.6686939104552,724.5822865401566,702.9167435704612,703.362548828125,885700
2025-02-10,707.7709482234881,713.0511374393474,682.4795874076294,683.9061279296875,918500
2025-02-11,674.2671185895929,674.4255962212591,657.9808059142041,659.2389526367188,1270800
2025-02-12,653.7904258555518,664.707364940038,649.7188019874469,657.6539306640625,1292200
2025-02-13,659.2389161372396,671.354563662839,655.7518037879744,667.966552734375,604700
2025-02-14,671.8598898305033,677.6056566978928,665.2720328712229,667.3028564453125,623000
2025-02-18,673.2863853503347,683.499999674952,668.5708746384063,673.6430053710938,826000
2025-02-19,668.9770101175419,682.231931637345,668.9770101175419,679.2500610351562,638300
2025-02-20,682.493622449851,697.4617894059897,679.914643033516,690.3992919921875,627500
2025-02-21,692.293917329455,698.394277735174,687.4731783835648,694.674560546875,727400
2025-02-24,698.2454294248909,719.1452866055195,694.7736935585194,707.4901733398438,896400
2025-02-25,714.1856753864652,733.0322418202746,709.7220149152998,717.6276245117188,1049900
2025-02-26,715.4652331379775,715.5842592399742,695.4085479020072,701.2311401367188,712900
2025-02-27,700.1995359565209,715.1775718434079,695.0117295995113,697.104736328125,568500
2025-02-28,695.6565333676168,702.8579152945905,688.1080020647034,693.0973510742188,1028800
2025-03-03,696.2417278501194,698.9497230154635,677.9407685047084,679.33935546875,708600
2025-03-04,682.9202474611302,691.8277717756114,667.0693113036074,670.03515625,1197600
2025-03-05,668.537202878997,687.195298843861,667.7139491987804,681.6008911132812,828700
2025-03-06,677.5835953275914,695.3390679266477,676.7504126591373,692.7997436523438,866400
2025-03-07,692.9882144345387,723.856899859936,690.8059684381898,701.7965087890625,1083900
2025-03-10,704.2764233512702,742.2472670894632,703.6515059846721,738.8152465820312,1631300
2025-03-11,740.6701011242931,741.6620257111631,706.6371709704738,712.3605346679688,1108100
2025-03-12,704.2069479374348,706.7066172851848,677.9110172916855,683.9320068359375,808300
2025-03-13,681.878640741755,693.3056301704692,671.8701566022938,675.1137084960938,863700
2025-03-14,675.113712989301,681.4322671507813,651.694390297344,661.4846801757812,1306000
2025-03-17,662.8634197889163,674.3399925447876,659.312313428521,672.9413452148438,942900
2025-03-18,672.5248228382503,672.7926618314904,658.9354448405873,659.5901489257812,608100
2025-03-19,658.3105323455198,669.122533881488,653.7080485631077,666.9303588867188,675700
2025-03-20,664.5894510188768,669.380463565371,656.981406643377,657.26904296875,663000
2025-03-21,652.686310172205,655.6620836228382,645.8023518347164,653.1624145507812,1869100
2025-03-24,654.6702457953148,662.0700252172502,650.0081879971056,655.6621704101562,962400
2025-03-25,657.100424303165,657.2194504047051,627.9874026990431,629.01904296875,852900
2025-03-26,629.0191548206149,638.7995180040073,623.9405051109219,634.970703125,1251900
2025-03-27,636.0319322033308,638.233975539147,624.8529236838166,630.6953735351562,811500
2025-03-28,632.8578489630834,637.777756428172,626.350825749357,632.2130737304688,805900
2025-03-31,624.9918258859897,635.5458568911638,613.5152517891371,629.1082763671875,1066300
2025-04-01,625.4182418593518,636.0615709358328,610.0334852518487,612.017333984375,1059700
2025-04-02,608.5754976036702,622.9286167673025,605.1731431234284,620.5479736328125,902600
2025-04-03,621.1927910369559,622.9286591157019,602.9711406765872,605.7088623046875,1047500
2025-04-04,605.7186286996263,608.0396977755568,567.3807283453987,568.8190307617188,1547700
2025-04-07,564.6034343735078,586.7629936767979,553.3252577145108,568.154541015625,1687400
2025-04-08,574.7805906287124,581.297541836828,541.9478534639696,552.3134765625,1159700
2025-04-09,533.6553945505229,576.040310138231,521.7423713162659,572.0626831054688,1871500
2025-04-10,564.3356183533612,567.370905008345,525.4521644783587,541.9776611328125,1357800
2025-04-11,544.199543049828,551.0438463138602,528.9536683346123,549.7047119140625,1170900
2025-04-14,555.914191523368,570.0788424701439,550.9049847056862,566.4484252929688,946300
2025-04-15,563.9587560492885,570.5550792869519,548.5343396204948,553.4046630859375,838500
2025-04-16,552.5019890206063,557.2930016761578,540.1029318163736,544.8443603515625,875700
2025-04-17,543.6440756058958,559.6537517906113,540.5988600831078,558.6121826171875,827700
2025-04-21,551.5497481823842,565.7441871828561,548.5045323103202,556.9557495117188,745600
2025-04-22,560.9333395568365,582.3588858694202,560.5762612448233,580.7619018554688,1036800
2025-04-23,591.0580987993743,598.8943272534117,579.7303369679183,583.1028442382812,791900
2025-04-24,586.1579160111247,596.4243705347619,582.0711920644666,594.9166259765625,1317000
2025-04-25,593.4981844255982,597.922128809819,581.0495444494228,597.7733764648438,964400
2025-04-28,598.4875077158262,609.864912374946,596.335048661173,605.9269409179688,1175200
2025-04-29,557.2136424217905,575.2964084534243,538.0595808734506,564.3157958984375,2660300
2025-04-30,574.5821561923374,595.3530562210208,562.4112240376384,593.9246826171875,1679400
2025-05-01,585.0073503640748,589.1337297768537,573.8283415196305,585.2354736328125,1190500
2025-05-02,595.154799575986,610.6387290814747,594.2422458351404,600.719482421875,1606400
2025-05-05,601.9890782414897,606.1055286178414,596.9401558651294,598.705810546875,1124300
2025-05-06,596.1565022548368,601.9691647957061,553.1367452262399,554.0096435546875,1510900
2025-05-07,557.2532480670523,563.5420760921588,551.8671052487265,556.4002075195312,1140500
2025-05-08,543.455579350306,548.1077075010568,516.2966827240534,543.2472534179688,2709200
2025-05-09,544.566616761966,548.3756339440382,522.8732301507318,523.5180053710938,1499000
2025-05-12,539.4283326753458,573.3223723585559,530.9671885112588,570.9814453125,1898300
2025-05-13,566.8352389179147,570.406142720108,553.9402210711687,569.5233154296875,1149900
2025-05-14,571.6956652818968,575.8716892507748,563.006457457763,566.7459716796875,1664500
2025-05-15,571.4774331221936,580.5337081132593,560.348009410532,580.265869140625,1301800
2025-05-16,583.4797824881518,590.3835994331537,576.7942204350387,589.5206298828125,936900
2025-05-19,583.7277467042712,593.7263632381901,581.9422946016391,591.72265625,666300
2025-05-20,591.0769742604942,611.3818676213681,591.0769742604942,610.7261962890625,1102100
2025-05-21,608.997682898559,613.4381674027616,593.9676884456622,600.6234130859375,1089300
2025-05-22,599.2128479066384,601.4976327337023,588.8120232902505,592.90478515625,867200
2025-05-23,582.9707870187692,587.7291630233489,578.5204200623963,584.4509887695312,656300
2025-05-27,599.103601614426,604.1499791582146,586.8947997134616,599.2724609375,876100
2025-05-28,599.272356006633,601.9942344282227,586.249029942146,587.937744140625,1008300
2025-05-29,593.1133511015513,601.726024264823,587.1132981369813,601.3883056640625,756700
2025-05-30,514.2382059852803,516.344248424194,481.794117454831,487.0392150878906,6313100
2025-06-02,487.84382177575856,499.23800466078404,478.3966745241676,487.565673828125,2944300
2025-06-03,487.5458790839211,497.7976406860702,482.13189154091276,484.6352233886719,2141600
2025-06-04,488.45976147334704,496.5956275499283,479.7973999384359,481.7245788574219,1870700
2025-06-05,482.78751737765265,488.5193664953625,473.34036921925076,479.87689208984375,1791100
2025-06-06,482.3305505179232,496.57575834087413,481.7941114723806,489.95977783203125,1497900
2025-06-09,494.7081710465525,514.844203756156,491.15184853744256,514.1785888671875,1983100
2025-06-10,516.5627624594347,526.4867181371491,514.7348983143183,520.0694580078125,1175000
2025-06-11,522.2946465733618,524.8774361568517,512.6885222278376,515.1719970703125,963100
2025-06-12,513.8109908709287,521.7481657339416,509.5791405887545,518.3905639648438,873200
2025-06-13,514.824353124667,526.0496476848826,511.57594851322307,525.74169921875,951500
2025-06-16,529.3576259414134,534.6424675968227,516.781275588072,519.2250366210938,1325800
2025-06-17,515.8375911891645,519.5528597026685,505.33745270264313,505.4963684082031,890400
2025-06-18,505.14868680409563,515.7381960210505,499.92344644568686,510.1851806640625,841000
2025-06-20,517.605833586621,517.8641246808153,503.0328196516701,506.3507385253906,2259300
2025-06-23,506.6288414116704,512.767983625913,504.25462503462177,508.5361633300781,1076000
2025-06-24,512.380601686643,523.9635629367323,512.380601686643,518.8178100585938,970600
2025-06-25,517.9535389916737,522.1555590359129,513.5726554023215,516.850830078125,639500
2025-06-26,516.5627624160269,521.0529042914825,511.387179065174,517.55615234375,965500
2025-06-27,518.3409085592359,527.6986853332186,513.9700292562798,517.55615234375,1607800
2025-06-30,516.7714080846239,522.6026022447362,515.4700696744663,521.5297241210938,1013200
2025-07-01,520.5065177565612,544.4174218068289,517.5561786246294,531.3742065429688,1200700
2025-07-02,530.1324377232206,547.8545405637423,526.1887088463176,544.119384765625,818100
2025-07-03,544.1293189376921,551.3313957287432,542.9968398975583,543.7418823242188,456400
2025-07-07,542.3909006335243,543.9704172968379,529.0794513469775,534.5530395507812,960300
2025-07-08,535.3080260778796,555.7619513896694,533.8974293558729,544.1293334960938,847100
2025-07-09,543.4836111066163,554.6890787162398,541.7750095155984,548.9274291992188,843800
2025-07-10,550.7156149425789,562.62635268009,546.4738197637173,556.06005859375,827300
2025-07-11,554.6990111320761,564.7024548869823,547.8346528416171,563.9871826171875,844600
2025-07-14,562.3579273199013,571.3282660904913,558.285053495479,566.8182983398438,717100
2025-07-15,570.3548355773573,570.9508452649247,542.6690639032599,544.3379516601562,998400
2025-07-16,546.3644910460123,554.6592731573893,542.9571706776582,544.3081665039062,1089900
2025-07-17,542.0631062608686,550.8148697668856,538.4273255258257,546.364501953125,989200
2025-07-18,546.3644977278884,547.248629375823,537.9206827630029,538.9339599609375,1307800
2025-07-21,539.8478605012241,549.3247792119432,538.9140714820511,541.924072265625,709100
2025-07-22,543.3048258129517,559.2785535191159,543.3048258129517,557.2222290039062,976700
2025-07-23,564.3647723022102,572.8880762395411,559.288563500921,568.6065673828125,891100
2025-07-24,568.7555209437793,573.9112177606756,559.9441559959087,560.9077758789062,1037600
2025-07-25,561.672535775509,563.46068603432,551.8280689108731,559.3778076171875,755800
2025-07-28,559.8050740281903,564.1958406805205,554.8480071903683,554.9374389648438,588400
2025-07-29,554.3115995770241,555.9109428664868,548.3512597966261,554.4606323242188,814900
2025-07-30,556.7454400806372,559.8646992459992,546.8512538096038,550.9142456054688,564900
2025-07-31,546.3744042355034,554.4407256037982,538.0299045840283,541.8544921875,1413900
2025-08-01,579.1562904793952,579.4245251708348,539.3014901210571,555.1758422851562,1656400
2025-08-04,563.2322290964014,573.394649778751,558.2951100197267,567.7620849609375,1362500
2025-08-05,566.4805967865029,575.9873455112282,564.7421644421339,566.1329345703125,993300
2025-08-06,565.2388225722218,569.6792460821808,546.8611104147769,551.4605102539062,865000
2025-08-07,553.9738622112367,561.742179588383,549.3943486852041,556.0997314453125,811200
2025-08-08,556.0996436700689,563.9375043885839,554.3711549769195,559.2785034179688,1024300
2025-08-11,557.8083308578601,568.7952210182525,540.5630356559645,542.331298828125,1103900
2025-08-12,544.3180820182723,559.0202408923618,543.4737248283639,552.8711547851562,766000
2025-08-13,553.397710629408,561.7620373384519,548.3512725213536,557.838134765625,1096100
2025-08-14,557.1924481369435,569.6991936745436,554.3115930244546,562.2288818359375,976300
2025-08-15,574.1397292359637,578.1033457937308,567.0667970030544,576.573486328125,1122200
2025-08-18,579.1203771811505,582.0155045107696,570.8825901237408,570.9820556640625,769400
2025-08-19,572.364976779294,578.7223914559453,567.8879344532759,568.8629760742188,854600
2025-08-20,569.410120381653,593.8746338263967,567.4800153885255,587.9948120117188,1298500
2025-08-21,583.876017395809,602.092604616125,582.1150278014906,595.1083984375,1010000
2025-08-22,599.276993076332,607.3357060950805,582.5129802734302,586.47265625,1439400
2025-08-25,588.0446560853346,591.845175326177,569.3306192853519,569.4599609375,880900
2025-08-26,570.0766939708922,585.0996331699714,564.1869133674261,584.6519775390625,1614400
2025-08-27,588.8505620548588,593.9743135473069,582.513063556899,583.9656372070312,584100
2025-08-28,583.4382291360597,587.9451477860484,572.1063224134919,576.6530151367188,616600
2025-08-29,574.2056107719739,578.2846697443156,572.9520291269174,577.7374877929688,574300
2025-09-02,577.5782677272172,582.5030267170813,567.4402510858097,574.9517822265625,1020200
2025-09-03,579.0209733930013,585.6967642472928,559.918909880198,560.9237670898438,1118500
2025-09-04,565.1122414976886,579.0109427916279,556.7650294720883,564.3262329101562,1124300
2025-09-05,562.2668398059681,574.8025350166026,562.1175807605028,570.454833984375,960400
2025-09-08,568.2859777421487,568.2859777421487,549.9897816079795,555.591064453125,1250400
2025-09-09,554.1583689654128,560.6948582704036,551.9695804979938,553.6907958984375,873200
2025-09-10,552.3775526265803,557.1430940166266,550.1588879421663,552.994384765625,874700
2025-09-11,552.9744043715384,567.8481456353574,552.9744043715384,565.3012084960938,868200
2025-09-12,564.4456468879645,567.092049734933,556.5958844679275,557.14306640625,602600
2025-09-15,555.690513602752,570.7632481946034,555.690513602752,569.6688842773438,995700
2025-09-16,570.5045924592879,576.4441675902017,564.4058602999819,572.1262817382812,707900
2025-09-17,573.3698819628531,584.6719129665108,573.3698819628531,582.5130004882812,921500
2025-09-18,586.5125209737738,596.9390367168182,580.9410535301494,595.6556396484375,1267000
2025-09-19,599.4660137977721,600.3912619514912,587.9849090086527,588.9698486328125,2178000
2025-09-22,589.9747319081346,597.6851942560065,585.6668049743433,592.6410522460938,904900
2025-09-23,577.0410637650723,579.0308605366761,562.5653043964111,564.9928588867188,1362200
2025-09-24,564.9928458749323,575.0313363511706,563.112473395365,574.0364379882812,777300
2025-09-25,574.3547764521719,576.0461157069469,546.398158511344,552.6759643554688,1394200
2025-09-26,559.1329230697295,561.7295934234453,547.900541546915,561.0232543945312,838600
2025-09-29,561.0232365009405,562.0280328849384,554.496705374107,557.8892822265625,922400
2025-09-30,557.720169545495,571.1114633256568,552.168619396472,559.4015502929688,1662500
2025-10-01,567.9576304494614,612.2505255338175,567.0821150216037,596.8793334960938,2083200
2025-10-02,597.3568661943638,602.3213993771188,593.5563471094147,596.9390258789062,1096500
2025-10-03,599.01839020418,614.8571553548426,596.8096842320637,596.9390258789062,1154500
2025-10-06,598.9288442308703,600.5704509007493,581.4285544392824,582.4931030273438,1072400
2025-10-07,584.5923707912376,588.4326639969704,575.4691088479768,580.2645263671875,656400
2025-10-08,581.0305623131372,601.9134677854606,558.1080667593822,560.9833374023438,1415800
2025-10-09,566.1170993080865,571.7879715320161,560.6351994827614,566.9926147460938,853300
2025-10-10,566.3856501974401,574.2254539202739,552.7057981171339,561.7494506835938,1495000
2025-10-13,548.686385842706,560.8938068233424,538.2399541992819,554.8845825195312,1426400
2025-10-14,554.078773102697,573.2405250748919,551.0443452743478,569.6787719726562,1010600
2025-10-15,572.0964464793569,581.8862125654213,566.1170974800978,573.4793090820312,927700
2025-10-16,580.0357167438286,586.0747572233547,561.1226887425698,566.2662963867188,842200
2025-10-17,567.4402832894592,576.0859528927091,563.2219237510607,575.1010131835938,745700
2025-10-20,576.4540613373687,579.6775831955206,571.3004948575817,573.8275756835938,639100
2025-10-21,571.6685910688143,579.4387450720743,569.8977035095409,576.3844604492188,651600
2025-10-22,577.2499781086409,585.7066138579536,575.64814565782,581.7568359375,691200
2025-10-23,576.7226865847691,581.0206548803263,569.8280480868269,572.7530517578125,778800
2025-10-24,576.6928652549933,579.7272931429209,573.2604537290061,575.0015258789062,875400
2025-10-27,577.5384552456646,583.1596548532408,572.991762790039,582.3239135742188,1246100
2025-10-28,608.8977071962265,652.3548598086553,601.9433774501264,651.1410522460938,2126800
2025-10-29,647.0918555091353,656.6130406882693,634.4069006369748,649.5791015625,1751500
2025-10-30,642.2665893588133,660.6125177320088,640.6349414581783,650.7033081054688,1120700
2025-10-31,646.1367446157118,656.6329100482429,641.7094348198738,648.4747314453125,797900
2025-11-03,654.1058751021078,654.1058751021078,624.2986994023544,638.9734497070312,810300
2025-11-04,640.4957297240994,642.9232235579591,621.9508087246732,624.7962036132812,1030900
2025-11-05,627.880258661437,643.5897408264964,624.7960983888345,640.9035034179688,724300
2025-11-06,637.5606606670559,653.6481483193843,637.5606606670559,643.56982421875,916600
2025-11-07,647.0321739330392,654.8521217945442,637.7199391404623,654.1755981445312,782800
2025-11-10,652.6533619955143,662.5923874722935,649.8576998707956,651.3997802734375,824800
2025-11-11,648.1563902371269,672.8796519127957,648.0569246866329,671.1087036132812,977200
2025-11-12,675.426546855944,687.2559026614193,669.2382476209092,678.2420654296875,1208300
2025-11-13,679.5155754301768,709.9395840824019,676.461230198125,691.4443969726562,1505300
2025-11-14,693.6332136350586,695.7026192969182,682.4505654040242,689.9620361328125,907000
2025-11-17,689.802852104324,708.248245743597,688.7581602526585,700.7168579101562,1132900
2025-11-18,698.9261004509641,724.2561754225896,695.6528457779785,721.6396484375,1368700
2025-11-19,724.0970076231113,724.0970076231113,699.0454730060188,699.1648559570312,1383600
2025-11-20,722.2056146877916,750.605737622327,717.2448286801132,734.1593627929688,2296800
2025-11-21,733.1732787794085,761.1450698213516,732.9042999578785,752.9866333007812,1427700
2025-11-24,756.1244236205258,770.1501728832068,753.7237391015153,758.5151977539062,1554900
2025-11-25,761.932008165529,787.5229963270733,757.0807829593432,784.2855224609375,1200400
2025-11-26,782.6916447402966,787.9313813491585,774.0052825932221,781.5859375,871700
2025-11-28,781.6756106223653,785.9390829715165,776.4956403739355,777.1829833984375,510400
2025-12-01,772.6106805555066,776.9140378322368,745.2665261928202,747.2189331054688,992000
2025-12-02,739.2596693431752,744.1208654028386,728.182533613755,739.14013671875,924600
2025-12-03,727.5449544290972,741.3614903399584,717.2946371264911,720.8807373046875,1238500
2025-12-04,729.6269912870229,732.1671508749738,718.440232794339,720.01416015625,1067100
2025-12-05,720.2134398675912,733.3127819389532,714.4955724934479,715.59130859375,798300
2025-12-08,720.9007507492468,721.339057329787,699.0453096375938,700.5494995117188,1005900
2025-12-09,702.3923192346614,708.4090785112472,689.1933879711663,689.91064453125,604400
2025-12-10,692.3811054240072,725.1941508922549,689.8309745781409,723.4110717773438,1316500
2025-12-11,723.281520188805,750.7053809567865,723.281520188805,743.921630859375,1153900
2025-12-12,738.7317536931346,743.174524827386,731.5495209457348,738.432861328125,804800
2025-12-15,745.9637492036125,753.7536165636395,743.5032982906182,749.71923828125,932800
2025-12-16,749.6694244812184,754.430969614464,731.8881861240286,743.4833374023438,713200
2025-12-17,743.6726437815123,749.0916794307371,740.4650834508623,746.900146484375,765900
2025-12-18,744.6588064630399,749.9384278218363,736.3808373301745,745.8243408203125,1057600
2025-12-19,750.8150152361308,770.8674359099426,745.2963891565701,765.0001831054688,2335900
2025-12-22,762.8883508648131,780.57984977231,762.141241490682,776.356201171875,818000
2025-12-23,774.3638419543737,789.6945395661223,774.0052440780536,782.1437377929688,832000
2025-12-24,784.9529255675537,789.7145317140539,780.5898020642447,780.689453125,267200
2025-12-26,780.769074325623,784.9728411079124,775.0412361250487,781.9445190429688,321000
2025-12-29,777.5515265670927,782.024211270292,771.6144759909588,777.4917602539062,545100
2025-12-30,773.3079205885723,774.7722864324535,767.3310461888668,770.95703125,383200
2025-12-31,769.0245233434744,772.0129606103532,766.2054138310767,768.89501953125,354800
2026-01-02,771.2658133700572,776.744614756606,762.8185172336766,773.31787109375,464800
2026-01-05,766.7533065122083,769.0145769062235,750.2970194436092,760.288330078125,835700
2026-01-06,761.4039779732358,784.6241329213067,760.2584468432693,773.5469970703125,935000
2026-01-07,783.1498143211876,810.9621850704352,777.0932314784028,809.1392822265625,1264700
2026-01-08,802.7042170074502,813.8411193717194,797.5939843655389,797.9227294921875,1049300
2026-01-09,799.8751584021239,817.9452576832094,787.8317898099825,793.4799194335938,711500
2026-01-12,806.8781018257141,807.9639275048248,762.1312493015284,765.0399780273438,1321100
2026-01-13,762.2108966264792,763.0377146677644,741.0727118498412,755.9849853515625,946500
2026-01-14,757.6485797380955,763.685220775619,750.1077488341409,751.2333984375,668900
2026-01-15,751.9405818294398,753.5842466079673,734.1594048249464,739.0604248046875,865600
2026-01-16,746.2028486147108,746.2028486147108,723.6301518114038,730.2146606445312,1682400
2026-01-20,726.588780769257,735.0261066265994,715.6112344472693,730.951904296875,789100
2026-01-21,733.870600329502,747.109356233999,732.167169109319,746.4419555664062,788400
2026-01-22,747.448027004985,762.0514969128172,744.4894425186636,752.5980834960938,765400
2026-01-23,754.3911476913253,759.0630737663191,744.419718844703,750.6456298828125,721000
2026-01-26,747.1989832536992,764.3426124901051,747.1989832536992,759.7105712890625,934200
2026-01-27,759.5312159720078,773.2581335033744,758.5649837846308,768.2774047851562,645800
2026-01-28,762.2009686572488,764.0338428463497,744.6887088031751,748.2349853515625,827900
2026-01-29,752.8172488901434,752.8172488901434,739.9370909423089,746.551513671875,925800
2026-01-30,751.054078329085,771.3853865179206,732.7747671718412,738.59228515625,1317500
2026-02-02,730.0951277459598,760.617048188169,728.690588987189,752.1099853515625,693000
2026-02-03,742.6566134847599,770.7379054467269,739.8773277682601,756.2539672851562,768700
2026-02-04,762.8484341587915,776.774593653081,762.2607421903839,772.07275390625,952000
2026-02-05,774.8320766505849,786.9551535747161,757.0707806541573,763.6752319335938,976500
2026-02-06,766.6636830287441,783.956759211475,761.8324003062357,782.4824829101562,671400
2026-02-09,780.1513978248366,786.9550898662621,772.5109774573243,777.2725830078125,586800
2026-02-10,776.7247111807412,778.3883183698636,750.1973448238524,752.0003662109375,792600
2026-02-11,747.9559779825374,778.4081594682947,742.1982874258744,775.9675903320312,1123600
2026-02-12,781.7751698005605,793.6492100764957,771.7340036504867,780.629638671875,814300
2026-02-13,785.8792643118759,803.0727491651679,781.9743901138806,800.0743408203125,974700
2026-02-17,800.3831590823722,811.8587774540127,780.5997192936924,790.4715576171875,747100
2026-02-18,790.4715871730989,793.9281838334342,783.7575135678753,789.1068115234375,675900
2026-02-19,786.9551275600277,786.9551275600277,770.3294528761618,779.364501953125,504800
2026-02-20,772.941602677227,779.38446685384,767.9548826599546,777.5991821289062,615100
2026-02-23,775.5147498585974,790.0559812742626,775.5147498585974,784.9495849609375,510500
2026-02-24,778.3970761444563,790.5646856455936,766.7082331777083,770.1390991210938,628700
2026-02-25,772.0739550181905,789.0088375236477,769.3811139060629,782.197021484375,750900
2026-02-26,782.1970202100849,782.4164066818687,751.7879490133321,768.7427978515625,772700
2026-02-27,758.8890601816843,784.5906367060588,758.8890601816843,779.5939331054688,726400
2026-03-02,769.0519228583544,791.0533287432341,767.5858564187533,788.7095947265625,793100
2026-03-03,778.935703250939,792.6591674185024,762.459559705538,764.623779296875,637200
2026-03-04,765.0126896134303,789.4974722095615,762.2101554574854,785.4083862304688,641400
2026-03-05,777.9283585952905,779.91306351407,757.9914607858506,762.8983764648438,657500
2026-03-06,753.0047634720734,760.3751508317447,744.6769038814414,757.8418579101562,561900
2026-03-09,757.8417989811618,781.618506780229,752.9049339951478,779.5240478515625,697100
2026-03-10,779.5939035647039,786.5952782485475,769.2913833958421,769.9795532226562,473300
2026-03-11,767.1271297970789,781.040091902705,762.9682220234448,772.6025390625,405200
2026-03-12,762.0306797174304,763.9655295771299,742.0239608425387,744.6270141601562,630400
2026-03-13,752.545955922149,756.9641828479424,739.9295899591677,743.789306640625,438100
2026-03-16,748.008037600838,761.2727012930162,745.0259886306239,754.899658203125,396200
2026-03-17,761.5021393645861,769.1816399282841,753.6330801215122,757.0339965820312,437000
2026-03-18,749.2247338050436,755.5877934232883,732.6090094750211,742.1436157226562,672500
2026-03-19,742.5226575374505,748.3272073094671,725.9468040214351,735.4913940429688,628300
2026-03-20,736.2094341954626,742.8716850890556,726.7047771323283,730.9235229492188,1359900
2026-03-23,743.0212658034418,748.0079857081629,733.0478259939996,734.5737915039062,535900
2026-03-24,726.5751058209507,741.1961424519325,726.0265787814869,739.7200927734375,507900
2026-03-25,742.6921311452345,755.9667772021343,742.0438940762987,747.4793701171875,553100
2026-03-26,747.4096052066675,759.7068126884192,745.7839296445397,754.7200927734375,488600
2026-03-27,754.6403693673262,757.4528259066914,734.6835059914629,735.7506713867188,492200
2026-03-30,741.8544670181316,755.6676582317887,739.500688716461,747.2999267578125,630400
2026-03-31,755.4581381621716,772.2035830516268,753.792590709646,770.587890625,642600
2026-04-01,772.9415839567336,779.1351119824768,767.9249145217976,775.1856079101562,627400
2026-04-02,765.0027561263441,768.0646096563197,743.0213152381601,759.8265380859375,1000600
2026-04-06,764.7933395314827,766.758078051422,756.4754635375532,761.0133666992188,460400
2026-04-07,756.3857649211928,759.8863914637367,745.7740094365475,758.2507934570312,620900
2026-04-08,763.2274725730382,773.5699248936681,753.9820742936932,773.47021484375,580400
2026-04-09,762.1204836068907,770.3984270847556,759.4774975132058,765.8106079101562,596700
2026-04-10,769.4309771018986,769.4309771018986,737.1270492127917,746.8810424804688,751300
2026-04-13,745.7540467857365,754.889752575735,735.381704958985,744.4774780273438,747000
2026-04-14,742.9913726530543,755.667637527196,741.7347702750553,753.50341796875,637800
2026-04-15,756.655013487696,758.5599747627549,737.1569489663733,751.9276123046875,571100
2026-04-16,747.5691578882339,753.9920556116999,740.7174095543046,744.0186157226562,505000
2026-04-17,752.7354457698331,756.595162410472,744.9262247390532,748.5765380859375,513000
2026-04-20,748.0080154203343,753.5831952794084,742.0239512969716,747.4195556640625,493800
2026-04-21,744.218107739842,749.5438906307244,732.1701751306233,745.375,707400
2026-04-22,749.4840560515677,753.7726839866892,738.5032887779528,744.5971069335938,901900
2026-04-23,748.9953640295221,765.1723154328196,745.2752903729577,763.9854736328125,928700
2026-04-24,757.9814553242752,759.936271518093,734.7533350089641,749.5738525390625,809500
2026-04-27,743.4900012189872,754.391024689059,741.6349559916172,742.4627685546875,603200
2026-04-28,749.3743334679438,751.9973529774833,728.958731632033,729.826416015625,569000
2026-04-29,703.2372492989625,706.9174512826391,667.0735442644666,684.5370483398438,1835000
2026-04-30,691.2392178020885,706.5584075032242,687.1201820856916,705.1820678710938,1096500
2026-05-01,701.1527937492733,712.5823169553738,698.4001145876848,699.5570068359375,729100
2026-05-04,700.6939930797632,709.6601058344919,697.8914588951845,707.3263549804688,554100
2026-05-05,708.84227637482,713.7193031081212,697.3728204600236,700.40478515625,642700
2026-05-06,701.4619810213096,724.2313009872238,700.6341684468764,719.1348876953125,739900
2026-05-07,716.591733665327,723.3836445306983,705.5511272072201,707.2166748046875,774600
2026-05-08,707.4061090080698,716.0830140459998,706.4785863860668,712.9912719726562,589000
2026-05-11,713.0909665187961,725.4580562893564,700.1254947060991,710.8768920898438,1227200
2026-05-12,714.4872730348441,723.6727721909442,708.1341967112467,721.4885864257812,824300
2026-05-13,719.3743070160832,728.64965588374,707.6256251223995,717.9680786132812,879300
2026-05-14,717.0903472206645,720.5910344551289,708.1740892862256,710.9766235351562,767200
2026-05-15,710.7970965469808,715.9832975124848,691.8575437599203,696.3954467773438,728000
2026-05-18,614.2940882339432,631.3187577744268,608.978227620868,628.007568359375,2996600
2026-05-19,628.8154133236227,638.290181391477,614.3838747593326,628.6259155273438,1445100
2026-05-20,633.580142852497,650.2406801527156,632.8609509519878,649.0021362304688,1165600
2026-05-21,644.2477385724713,649.5615411892418,639.0637892142364,641.840576171875,1178500
2026-05-22,638.4943921312366,643.3687050635461,631.981977434273,638.1348266601562,994900
2026-05-26,641.7007065203579,647.7436380596548,631.942082009817,633.8798217773438,889800
2026-05-27,634.0595754820214,637.3157828667222,624.2710181108367,627.0078125,1913500
2026-05-28,629.4150441921583,630.9931574532147,619.6264257247146,620.7951049804688,1234400
2026-05-29,619.3867278082031,623.7416279452569,609.0588218779976,614.06298828125,2187500
2026-06-01,606.8313922190905,613.2838797412473,598.1015956069763,599.9594116210938,1079900
2026-06-02,595.8242977782558,603.9248244477275,590.830129282063,602.216796875,1066700
2026-06-03,600.0892354919489,624.2710196563867,598.301345238681,618.2280883789062,986700
2026-06-04,627.3374397006456,633.1506586909446,620.3855357509758,627.9966430664062,974700
2026-06-05,631.5225804863869,640.0725941890789,631.3527958338667,634.7088623046875,975800
2026-06-08,637.2958248810327,638.2047976777013,608.2697203218743,610.6270141601562,1259200
2026-06-09,623.441974723853,628.1664992868126,610.2374232929745,615.4613037109375,1190600
2026-06-10,618.347968721251,618.5377495575145,600.5187510953474,600.9483032226562,816100
2026-06-11,603.6051644219496,617.3790585957967,602.8660372704958,610.7667846679688,943100
2026-06-12,612.3948647371227,615.830854820684,604.3043368190691,611.426025390625,717700
2026-06-15,612.6345915945127,615.2315956491275,607.8801946554474,614.2626953125,815900
2026-06-16,614.4624878311386,616.8796482349021,607.5006464361933,614.0130004882812,1007500
2026-06-17,614.442495210024,619.2768770095354,601.4277241573619,607.220947265625,1299500
2026-06-18,611.3560971340404,615.5212162324483,597.4922817014657,609.2285766601562,2609100
2026-06-22,603.7550434872082,612.8444058203697,594.2061957025528,611.78564453125,1604300
2026-06-23,607.2109493363117,621.0647675017891,607.2109493363117,617.3092041015625,1279700
2026-06-24,620.9049924078063,630.4438419670481,618.5477595276614,622.702880859375,839900
2026-06-25,622.4331843785111,633.5702045676005,618.9772587784022,619.416748046875,696800
2026-06-26,622.9126555334502,638.0150160120503,622.7128766031467,632.161865234375,1213600
2026-06-29,635.2482376844395,637.5555411022358,626.1288810893465,631.0731201171875,734400
2026-06-30,630.2141360068329,633.3204941864183,621.5642020140419,622.812744140625,820900
2026-07-01,629.1653449999408,632.1118555172442,623.1623449664675,623.9913330078125,1170600
2026-07-02,629.7845983195399,654.1760984331704,624.9702129193157,653.5068969726562,1071600
2026-07-06,657.1926430623326,657.1926430623326,636.9761977688021,649.0521240234375,714300
2026-07-07,662.4065167662374,677.129315548097,658.251395455367,675.4412841796875,918700
2026-07-08,668.3295868566279,669.5681308616328,660.6585515344304,662.1068725585938,746800
2026-07-09,660.0292743743641,668.3795091917124,660.0292743743641,667.1709594726562,672500
2026-07-10,669.2784503682209,675.8707278489222,657.731936204615,663.7449340820312,581700
2026-07-13,660.8583312736687,664.8236717127518,654.3459161844274,662.316650390625,606300
2026-07-14,657.2325484866329,662.3265757686471,652.5480161812013,655.354736328125,478000
2026-07-15,655.3447491383923,668.3195888474621,647.9034260524791,663.675048828125,555400
2026-07-16,665.5029249239086,679.4965333891064,660.6086155699295,678.1481323242188,730100
2026-07-17,675.2614886574447,690.3239174318477,671.5258604955791,675.9007568359375,648300
2026-07-20,673.9330378012305,680.9448698108702,669.0987168832677,671.3660888671875,624800
2026-07-21,671.7655912619264,677.8784486153386,666.0922231741044,674.4025268554688,529400
2026-07-22,675.6410201675784,676.010583730904,648.143162232642,650.4204711914062,872200
2026-07-23,645.7259379372239,654.4357987885395,637.0560694475715,651.1495971679688,1129400
2026-07-24,657.5221820695446,666.7214619408809,653.287137144185,655.244873046875,708400
2026-07-27,660.998180437937,677.3290866342686,658.7608027607654,666.391845703125,650800
2026-07-28,676.1404867031538,695.927379787785,675.671064128611,694.3692016601562,900200
2026-07-29,698.5642899591022,701.7805050813727,690.1940590117697,694.60888671875,1022100
2026-07-30,701.0813803093845,739.1369189109696,694.1694073898348,737.4788818359375,1460700
2026-07-31,725.8424544034758,763.8580620899837,723.9446460126952,761.7405395507812,1158300
2026-08-03,768.6424052897462,771.8486831707477,755.5577091971227,758.3544311523438,842600
2026-08-04,752.8808506089067,762.6494118597224,746.1287254808427,759.7727661132812,817300
2026-08-05,767.084256973841,781.6772631223463,762.4197208377151,767.68359375,532400
2026-08-06,776.9427068450217,780.0391276450571,761.9002749680529,771.2094116210938,783900
2026-08-07,773.5666501877089,785.0732330843904,766.2751769001246,783.4451293945312,837600
2026-08-10,780.8082360479567,808.1463699907583,774.9251519979817,807.1075439453125,1213700
2026-08-11,807.856659677305,812.681043370773,795.7308042985451,796.0704345703125,939100
2026-08-12,789.6279402440081,800.4253297045599,783.6948658460861,797.0592651367188,575100
2026-08-13,801.2743440074698,814.8484588271498,793.5633167236209,805.0299072265625,709700
2026-08-14,801.414159770917,805.5992752294991,791.6455983132715,802.5428466796875,425600
2026-08-17,800.824871014802,812.2315341429501,794.8018748874484,804.989990234375,541300
2026-08-18,814.0,821.02001953125,805.9299926757812,810.239990234375,779000
2026-08-19,817.1699829101562,844.9199829101562,815.3800048828125,840.8400268554688,750400
2026-08-20,831.7000122070312,840.8200073242188,826.0499877929688,826.6400146484375,596400
2026-08-21,835.739990234375,847.0,826.6400146484375,834.0399780273438,786800
2026-08-24,834.510009765625,834.7000122070312,823.4000244140625,828.5,672000
2026-08-25,829.219970703125,839.9400024414062,823.4400024414062,833.5599975585938,505400
2026-08-26,827.780029296875,831.6699829101562,814.7000122070312,814.7899780273438,585300
2026-08-27,806.1799926757812,817.6199951171875,804.27001953125,807.7100219726562,766800
2026-08-28,809.4000244140625,809.4000244140625,789.0800170898438,794.1900024414062,487700
2026-08-31,782.4400024414062,802.780029296875,779.0800170898438,799.0800170898438,894100
2026-09-01,808.8599853515625,824.6300048828125,804.3200073242188,823.8200073242188,682600
2026-09-02,826.239990234375,854.489990234375,825.77001953125,852.030029296875,749400
2026-09-03,858.1900024414062,859.3400268554688,837.6300048828125,843.469970703125,496200
2026-09-04,840.0599975585938,841.5399780273438,825.8300170898438,827.719970703125,561100
2026-09-08,814.3599853515625,821.1699829101562,799.4199829101562,810.3099975585938,556500
2026-09-09,803.8300170898438,808.6300048828125,796.72998046875,807.6500244140625,621400
2026-09-10,794.3599853515625,806.1400146484375,792.0,793.260009765625,526900
2026-09-11,800.0,800.219970703125,780.8099975585938,781.489990234375,444000
2026-09-14,791.97998046875,798.8400268554688,779.4500122070312,793.739990234375,591100
2026-09-15,788.530029296875,788.5800170898438,769.5700073242188,774.1099853515625,540600
2026-09-16,775.8200073242188,779.97998046875,771.7999877929688,774.6099853515625,382900
2026-09-17,781.1799926757812,789.989990234375,774.780029296875,789.4500122070312,702800
2026-09-18,787.3400268554688,794.72998046875,779.6500244140625,784.8499755859375,2472600
2026-09-21,786.030029296875,801.4400024414062,779.9600219726562,798.1699829101562,704400
