Date,Open,High,Low,Close,Volume
2021-09-22,100.42511374836336,101.28671365132354,99.76781345429526,100.43399810791016,4578200
2021-09-23,100.71822248336241,101.89070703805774,100.46063030691225,101.38440704345703,3842000
2021-09-24,101.37551950762206,102.02394210757296,101.04687280541562,101.35775756835938,3955000
2021-09-27,100.91362261530678,101.85516115087941,100.29185316290575,100.97579956054688,3988800
2021-09-28,100.08758256844442,100.37182108274024,98.6663899969653,99.22598266601562,5917700
2021-09-29,99.39472856419721,99.94543674599939,99.10160575833395,99.63455200195312,4389100
2021-09-30,99.0571756679192,99.62565925492065,97.9823989868164,97.9823989868164,5974500
2021-10-01,98.49759719984873,100.78038912101236,98.1867124589858,100.30073547363281,5636900
2021-10-04,99.86549063148236,100.44285184394266,98.61306061167866,99.00389099121094,4497700
2021-10-05,98.71078209200776,99.02167363406565,97.7337127825134,98.46207427978516,5884000
2021-10-06,97.86694943035481,99.50131889898442,97.24517991006736,99.16378784179688,5734500
2021-10-07,99.82109756662122,100.35405066560146,99.52798149431827,99.67009735107422,5549500
2021-10-08,99.99871769716097,100.06977899036382,98.71075717077653,98.79070281982422,3787000
2021-10-11,100.27409985777157,100.86922310748882,98.52425398840548,98.54202270507812,5987300
2021-10-12,99.23484460334083,99.36808285923246,98.29330600812393,98.59530639648438,3866800
2021-10-13,98.94170303219046,99.02164868127603,97.18298007364288,98.38211059570312,4806500
2021-10-14,98.66636500233336,100.02538026631247,98.60418805485652,99.36808013916016,5194900
2021-10-15,99.88324864570535,100.30072530257785,98.55087979702037,98.99500274658203,5860900
2021-10-18,98.98615460450137,100.87811649264698,98.55979346434354,100.70046997070312,4958400
2021-10-19,101.02910650128273,101.73970607078681,100.15862914425892,100.80704498291016,5799300
2021-10-20,100.42508170451515,102.24598855408934,100.1141969873821,101.13568115234375,7645200
2021-10-21,101.19788671949614,101.75747936861588,100.91364821532383,101.65089416503906,3684300
2021-10-22,101.62423465614727,102.1305346376753,101.32222747277672,101.74858856201172,3396400
2021-10-25,101.91734759056214,102.04170149262694,100.69157050873224,101.89070129394531,4290600
2021-10-26,102.07722473144531,102.39699382117581,101.48210156097203,102.07722473144531,5948000
2021-10-27,102.65458305248823,102.65458305248823,100.44285255857274,100.82479858398438,5853900
2021-10-28,101.02907676951487,101.79296871005371,99.89212321432528,100.54942321777344,7697600
2021-10-29,95.48643953699423,95.92167815459501,92.39534065206048,94.21624755859375,27419600
2021-11-01,95.2466194183609,97.84029605356601,95.21996634646618,97.52941131591797,14184600
2021-11-02,97.92911037834541,99.32365616889788,97.5205180779621,98.99500274658203,11538900
2021-11-03,98.88843673809163,100.30074473851631,97.80477544688843,100.025390625,6422600
2021-11-04,99.12824903461673,99.85661045995934,98.53312586031535,99.62567138671875,8212600
2021-11-05,100.58498787907408,104.21791800301897,100.49616462318268,103.84485626220703,10256800
2021-11-08,103.49842895111429,104.34226678251213,101.76635182772775,102.29042053222656,8753300
2021-11-09,101.83741820193927,102.68124929850379,100.70046426168307,101.37552642822266,6754700
2021-11-10,100.72430058785409,102.10701425155321,100.44775241031466,101.02760314941406,6563700
2021-11-11,101.02760394159816,101.02760394159816,98.6100788715037,99.41294860839844,7191900
2021-11-12,99.68058114204031,100.12661919040133,99.1007303179709,99.6627426147461,7350400
2021-11-15,100.01956594132227,101.38444116471938,99.53784407318211,99.79654693603516,6566100
2021-11-16,100.16230602138657,100.9027308370639,99.47541040118035,100.11770629882812,7965000
2021-11-17,100.10877744239278,100.90272459845237,99.60921702222052,100.37639617919922,5768600
2021-11-18,100.0195596438915,101.00976450950098,99.32373467416632,100.71537780761719,5632100
2021-11-19,100.56372516539328,100.71537644394692,97.92317435552097,98.82417297363281,6921800
2021-11-22,99.11854958557211,100.43881805016295,98.72603402831601,99.4218521118164,5967300
2021-11-23,99.91252433809059,101.79480547501144,99.71626650489496,101.32200622558594,7911000
2021-11-24,101.17034621542373,101.92860948261861,100.87595949095984,101.66990661621094,4464300
2021-11-26,98.13728181220225,98.86878385360055,97.45930215241856,98.71713256835938,6703200
2021-11-29,99.3415615779462,99.63594822522415,97.78935159247779,98.77955627441406,7114100
2021-11-30,97.726906386471,99.10069712601658,97.28086848750216,97.80718994140625,9483300
2021-12-01,98.98476194745457,101.11682325414952,96.83486211363264,96.93299102783203,7618500
2021-12-02,97.38793998710585,99.98388453928212,97.38793998710585,99.39511108398438,7709400
2021-12-03,99.77868679511145,100.67076268385809,98.19971546666943,99.2345199584961,7014100
2021-12-06,99.92143122454911,101.84831177907063,99.6538057113658,101.125732421875,8280200
2021-12-07,102.64226560804826,104.54239190360762,102.40140807511818,103.71276092529297,8786900
2021-12-08,103.28455012806802,104.06065863764054,102.72254474210122,103.70382690429688,5807000
2021-12-09,103.30240876294927,103.84657569503493,102.8028415495263,102.90097045898438,5664700
2021-12-10,103.32023430630838,104.45316774678145,103.2845504522621,104.13202667236328,6110800
2021-12-13,103.62356133769175,104.2212506814163,102.7850076395705,103.08831024169922,6479400
2021-12-14,102.20514987904762,102.85636837172757,101.72342800898299,102.33003997802734,6854600
2021-12-15,102.41924349197625,102.76715258786957,100.59049177361383,102.30327606201172,6902400
2021-12-16,102.58877105421458,102.94560292342959,101.00087638250963,101.33094024658203,7544400
2021-12-17,99.26128409541738,99.73409004754004,96.54045663749915,96.90620422363281,13696900
2021-12-20,95.51458491144567,96.45126751096235,95.1042307343813,96.42449951171875,6313700
2021-12-21,97.23628089802747,98.93122660515631,97.12031347188692,98.45842742919922,4682200
2021-12-22,98.30675957457126,99.71624110301293,98.12834712038828,99.68055725097656,3643300
2021-12-23,100.11767889115103,100.72429076108881,99.90357577987969,100.24256896972656,3359600
2021-12-27,100.44774084034611,102.02671892965155,100.26040572578422,101.89290618896484,3716700
2021-12-28,101.69666234948252,103.73059450751222,101.5271657343135,103.09722137451172,4561600
2021-12-29,102.94557067118288,104.33720703852791,102.86528029291314,103.8198013305664,4215300
2021-12-30,103.81979823256074,104.67619034121812,103.55217952698003,103.69490814208984,4068700
2021-12-31,103.18642130895874,104.801083372205,103.12397626602652,104.34612274169922,3674900
2022-01-03,103.90009770921279,105.08656047861002,102.39248702018925,104.08743286132812,5475700
2022-01-04,104.28366875325104,104.41748149262705,101.84829867580325,101.9107437133789,8367600
2022-01-05,102.05349410954486,102.55305448353995,98.48519016729504,98.5208740234375,8662300
2022-01-06,98.12835862575342,99.80545903210641,98.11943596019844,99.14532470703125,6099900
2022-01-07,96.54046783882158,97.86965920108926,95.88033349062152,95.96061706542969,11266400
2022-01-10,95.11313557478495,95.46104463374344,93.15056449743037,94.58680725097656,8499400
2022-01-11,94.59572085548862,94.7116882620346,92.51718255956004,92.81156921386719,13073200
2022-01-12,93.16841803668876,93.95344245320561,92.49043838251534,92.6599349975586,11810500
2022-01-13,92.90971233232122,93.37358883556897,91.07203123184112,91.34857940673828,9818500
2022-01-14,90.91146057873429,90.91146057873429,88.39579994214485,89.31464385986328,13703200
2022-01-18,88.46718690940018,88.63668354958862,86.98634409396658,87.18260192871094,11396000
2022-01-19,87.36992632896572,87.77135780983281,86.3351148936642,86.4154052734375,10856800
2022-01-20,86.968498087784,88.26201253132407,85.2735521170077,85.3895263671875,20311500
2022-01-21,85.5500697255195,87.7891818668032,85.16647686311632,85.91581726074219,13438300
2022-01-24,84.52420382678304,87.73567617298588,84.22090124351942,87.51265716552734,17201400
2022-01-25,86.23698906948901,87.50373541161701,84.86319115250511,86.54029846191406,12368500
2022-01-26,87.15581451121929,87.99436805249216,84.65800602312856,85.26461791992188,11863000
2022-01-27,86.19238585236884,86.68302357037543,84.80074265973252,85.03268432617188,7322200
2022-01-28,84.80075444831611,86.7276421493714,83.66782076175171,86.71871948242188,8345400
2022-01-31,86.55812174708603,87.78026815566449,86.01395491455101,87.70890045166016,8807700
2022-02-01,87.79810819723883,88.34227503918586,86.3529495991491,88.1014175415039,11601900
2022-02-02,85.46089475027266,88.44934838169645,84.51528943795897,87.18260192871094,15578800
2022-02-03,86.38864027229374,86.95065253219903,85.34491294104114,85.58577728271484,8901100
2022-02-04,85.11297733978809,85.58577654700922,83.70349557811002,84.74722290039062,8267600
2022-02-07,85.05943086727271,85.73741041840212,84.64015412915317,84.91670227050781,6849000
2022-02-08,85.00591281633021,85.66604707267918,84.1673592974552,84.67584228515625,7161000
2022-02-09,85.86229932190054,87.39667085069061,85.81769280764559,86.64732360839844,9353700
2022-02-10,85.58934046243354,86.79974775484374,85.15897676938029,85.45484924316406,9098800
2022-02-11,85.70591437607598,86.51285502541607,83.70650198769283,84.03824615478516,6924800
2022-02-14,84.0561731373137,84.71965461526841,82.86369458601689,83.96651458740234,7948500
2022-02-15,85.31140219868925,85.58934571921152,84.60308811817339,84.73757934570312,7722200
2022-02-16,84.58514068711058,85.67003142378424,83.52716050516065,85.33828735351562,6545800
2022-02-17,84.6568948764699,84.84517988772934,83.18647273476935,83.42855834960938,6578200
2022-02-18,82.98920668513364,84.32514420777564,82.96230980785364,83.68855285644531,6210600
2022-02-22,83.92167723962025,84.31618304596971,82.8098962332364,83.48234558105469,8622500
2022-02-23,84.17270612561356,84.17270612561356,80.1918114787818,80.38009643554688,9674800
2022-02-24,78.45242249827163,81.76983648485233,78.22827271970515,81.5994873046875,9260500
2022-02-25,81.85951800348074,83.19544903171132,80.94498289598673,83.00716400146484,7039400
2022-02-28,81.85054377292225,82.76507196926649,81.24982393608295,82.29884338378906,8591500
2022-03-01,82.02983468493075,82.04777049432279,80.38009592722752,80.81942749023438,7100700
2022-03-02,81.38428468291939,83.63474999044807,81.22289659631359,83.17748260498047,10721100
2022-03-03,83.81406868613261,83.83199765441752,81.66222994508364,82.0656967163086,6587400
2022-03-04,81.56363063555172,81.73398667317684,80.20079601556877,80.7208251953125,7179800
2022-03-07,80.72977746279093,80.73874536843095,75.6281267943462,75.72675323486328,14608700
2022-03-08,75.99574834623907,77.93239901629498,75.09914916701659,75.3143310546875,10692000
2022-03-09,77.55582604875653,79.01728019264132,77.4034058358163,78.54208374023438,8811600
2022-03-10,77.18822291303826,78.32690774348562,76.7488912142993,78.14759063720703,9114300
2022-03-11,79.21453445385458,79.62696924678075,74.00529552085285,74.17565155029297,15351700
2022-03-14,73.80804896556187,73.82597794048975,70.75961018962205,71.09135437011719,18199300
2022-03-15,72.17622239427318,74.81222574893957,71.97896951188213,74.52531433105469,12542300
2022-03-16,78.90969273852795,80.77461376303677,76.76682132727059,78.37173461914062,21207900
2022-03-17,78.41654706886224,78.85587865987694,77.11648126584618,78.59587097167969,8554200
2022-03-18,77.21511287039698,80.46976496866371,76.19299049770139,80.33527374267578,23784200
2022-03-21,80.3442486847321,80.44287513639331,77.0806283947842,77.87860107421875,11925300
2022-03-22,78.362754280058,79.88696984992279,78.13860452916568,78.80208587646484,8447400
2022-03-23,78.32688606597392,78.6406943353674,77.19716945565017,77.30476379394531,7670500
2022-03-24,77.851702660367,78.13861410304249,76.71301795563326,78.1117172241211,6163400
2022-03-25,78.35379901350856,78.60484568052175,77.30477965184265,78.4075927734375,7048100
2022-03-28,78.43448330586246,79.27728171191083,77.77996302790807,79.24141693115234,5981000
2022-03-29,80.4249428239749,82.39746510255435,80.38908487681766,81.79674530029297,8963200
2022-03-30,81.36636211807348,82.07467617390166,81.05255382511359,81.6174087524414,8122100
2022-03-31,81.8774221802989,83.0519647067836,81.56361389160156,81.56361389160156,11306100
2022-04-01,82.03882172758884,82.38849484672804,81.12429360995753,82.02985382080078,6516300
2022-04-04,78.80210531557115,79.31316660005525,77.26892146211881,78.9814224243164,16243100
2022-04-05,77.60961798746567,77.66341858645349,75.15293830295344,75.42192077636719,17525800
2022-04-06,75.0005159632541,75.21569783156794,73.58388774579582,74.7405014038086,10567000
2022-04-07,74.40875207845573,74.8660195021343,73.02798874222609,74.52531433105469,10869100
2022-04-08,74.58807726232011,74.58807726232011,72.92936354510418,73.09075164794922,9286800
2022-04-11,72.51693305135007,73.28800882784373,71.98794286356234,72.33761596679688,8623200
2022-04-12,72.47210621003585,72.86660515876315,71.41411900841094,71.53964233398438,8472500
2022-04-13,71.6203315525435,72.90246850169751,71.37825281244112,72.55279541015625,8604400
2022-04-14,72.40036600940633,72.69624530788477,71.05546756960311,71.27961730957031,9567200
2022-04-18,70.86718471064643,71.70102204167438,70.7237255893693,71.36927795410156,7797300
2022-04-19,71.3872127250105,73.10868111222446,71.19892776145653,72.82176971435547,8622100
2022-04-20,72.90247063232984,73.0907556224696,71.72792800028778,71.8803482055664,8368800
2022-04-21,72.66935922343521,72.79488254921382,70.5892496013075,70.79546356201172,8152500
2022-04-22,70.73270889247073,71.26170596670393,69.73748325360775,69.86300659179688,10315500
2022-04-25,69.3788440861138,70.00646763451446,68.79606007471835,69.91680908203125,10259000
2022-04-26,69.4774509048255,69.5581483676037,67.80977630615234,67.80977630615234,8800500
2022-04-27,67.58563314082382,68.52706486858408,66.95801654932218,67.01181030273438,8467300
2022-04-28,67.80081068423614,69.12777321388097,67.1193936108877,68.66154479980469,8818500
2022-04-29,68.1594460607994,68.83189524263268,66.77868976041437,66.9221420288086,9199300
2022-05-02,67.46909629688416,67.89049905594425,65.87315066168526,67.57669067382812,12379000
2022-05-03,67.89049075317764,67.95325242192534,65.7924451226668,66.64421844482422,15570100
2022-05-04,71.10927889385795,74.30117663145673,69.86300657884773,73.19835662841797,30199700
2022-05-05,72.11344688297588,72.82176080617894,69.15466789648268,69.4684829711914,19114700
2022-05-06,69.06502500768062,69.21744520728502,67.43321498004254,68.60775756835938,11165800
2022-05-09,67.46013158920292,68.63468136157582,65.7476304281171,65.89108276367188,12863600
2022-05-10,67.11044057195166,67.28976449439968,64.20546143337582,64.42961120605469,14085900
2022-05-11,64.15166863895043,64.51030280820834,62.7260725062695,62.815731048583984,12118100
2022-05-12,62.43651147609783,63.23107340523102,61.750294830349034,63.11369705200195,15460600
2022-05-13,64.90146562350061,68.37769055846617,64.90146562350061,68.26030731201172,18156300
2022-05-16,67.66439339195543,68.11585049889148,65.289724600711,65.38904571533203,11435300
2022-05-17,66.8246816370861,67.13166915744173,65.76826679137797,66.56283569335938,12454500
2022-05-18,66.04817023203974,66.40030619294986,63.908261256080614,64.3597183227539,10576500
2022-05-19,64.1971967051237,65.38904314503857,63.50195581879357,64.94661712646484,11193700
2022-05-20,65.80438911561647,66.30099471655797,64.52225251333556,66.26487731933594,15941800
2022-05-23,66.57184678305492,67.05941424096324,65.52446332251333,66.29193878173828,10741900
2022-05-24,65.88564062631389,66.2106902418009,64.35068257791683,65.659912109375,9227700
2022-05-25,65.65990420846279,66.36417599437648,64.9466013541257,65.44320678710938,8344400
2022-05-26,65.86757583502381,67.51087909662105,65.79534794791437,67.25806427001953,8940900
2022-05-27,67.92624113974485,69.27158142521468,67.85400634743652,69.2625503540039,8498400
2022-05-31,69.49730373412714,71.92614501970671,69.11808144164888,70.8787612915039,23361800
2022-06-01,71.10448164924549,71.22185799616751,68.66661646246065,68.87428283691406,7579000
2022-06-02,69.10905179411174,71.78167692597066,68.4860388088645,71.70944213867188,10241500
2022-06-03,71.33021012345817,72.14283414817179,70.71622829241761,71.37535858154297,10415700
2022-06-06,71.96225672371848,73.40692490928292,70.90584879619246,71.31216430664062,7239400
2022-06-07,70.94196873415379,72.00740777044268,70.66206753528856,71.75459289550781,5517100
2022-06-08,71.23992264339837,72.02545348813788,70.66205818042467,70.85166931152344,5178300
2022-06-09,70.40020577801948,72.47690384763403,70.18350834655692,71.24894714355469,13248100
2022-06-10,69.54244189003064,70.237689614084,68.31448503504203,68.3235092163086,8694300
2022-06-13,65.99399286607995,66.82467913143029,64.92856076689725,65.33486938476562,9282800
2022-06-14,65.77730077182916,66.6711839374104,64.58545425482451,65.28972625732422,7635600
2022-06-15,66.13846396815707,67.96234758854268,66.01205653351097,66.9872055053711,7682300
2022-06-16,65.39808378876401,65.56060864021079,63.52002036953224,64.061767578125,10147000
2022-06-17,64.17912271776943,65.40708619300193,63.89921471987244,64.89242553710938,9824300
2022-06-21,65.96688455191787,66.06620562783061,65.0368843762677,65.87659454345703,7872500
2022-06-22,65.34389105309336,66.6531136455677,65.20845257039561,66.18360137939453,6702200
2022-06-23,66.6892302906384,68.0436013251539,66.37321176032225,67.89913177490234,6586400
2022-06-24,68.31449700917035,70.56275161376948,68.2151758883252,70.5266342163086,18012000
2022-06-27,70.42730659293419,70.82459103963365,69.76817620533632,70.13837432861328,6672200
2022-06-28,70.77943583010527,72.13380698167818,68.7930275632735,68.92845916748047,7206400
2022-06-29,68.81108526652747,69.65982675614033,68.29642448613606,69.00972747802734,8983900
2022-06-30,68.63049744298014,69.4160282413944,67.60117599846761,68.97360229492188,6781100
2022-07-01,69.28060778902741,71.75459070363179,69.10905189112408,71.56497955322266,7539200
2022-07-05,70.44535720219571,71.82682160387988,69.84943746011557,71.79972839355469,8087800
2022-07-06,72.07963948827087,72.65750400312082,70.5898297373937,71.20381164550781,4652800
2022-07-07,71.1586597987018,71.917111243814,70.76138226906025,71.54691314697266,5395600
2022-07-08,71.05030710108865,71.89904160350011,70.67107797374806,71.58302307128906,3927100
2022-07-11,71.19477120411909,71.37535814667048,69.91263491109798,70.33700561523438,5351500
2022-07-12,70.75234119648718,71.72748996433337,69.86748245039996,70.2105941772461,5393400
2022-07-13,68.61244735948527,70.91488129913246,68.37769462997453,70.35507202148438,3897500
2022-07-14,69.60565196088268,70.76138791656442,69.35283708856402,70.6078872680664,4504500
2022-07-15,70.9780695860935,72.42273059807746,70.9780695860935,71.8900146484375,5584100
2022-07-18,72.2602089586255,73.74098742164693,72.23312263982555,72.4407958984375,6768800
2022-07-19,73.23536211876318,74.64390588954721,73.05478205690956,74.53556060791016,5949200
2022-07-20,74.47237272729053,75.3662559342396,73.93964972081714,75.1856689453125,6850600
2022-07-21,74.89670531698917,75.49263179809542,74.62583527995702,75.42942810058594,7695300
2022-07-22,75.98926181956597,76.23304562074959,74.79740847119257,75.47459411621094,6283600
2022-07-25,75.47458092419237,75.57390201919672,73.1721542667786,73.58749389648438,5861100
2022-07-26,73.33468616427024,73.51526623337537,72.23312983214002,72.51303100585938,6587000
2022-07-27,73.34372399970968,75.31207724474802,73.24440288593387,74.90576171875,6372600
2022-07-28,75.11342100129103,76.6483721099193,74.77934032741167,76.4497299194336,5594600
2022-07-29,76.38653219177881,76.72964396172605,75.78158139244482,76.54905700683594,5802700
2022-08-01,76.01633602393635,77.28041018215582,75.87186646946125,76.66643524169922,7313700
2022-08-02,76.47680674671717,76.87409107838099,75.5016649424216,75.58292388916016,7254700
2022-08-03,77.659628039529,79.42933849270251,75.76351018889211,78.79729461669922,12915700
2022-08-04,78.74313847962522,79.70925629899465,78.16527400198488,78.44517517089844,7086700
2022-08-05,77.43392378721194,77.78605977441872,76.67547227644367,77.4068374633789,4835100
2022-08-08,77.78604229610575,78.4271104079664,77.1269120466225,77.39778900146484,4878400
2022-08-09,77.41585745181581,77.4971233076013,76.26012843962256,76.60323333740234,3498400
2022-08-10,78.10207153635933,78.46323856282,77.73187343984793,78.0930404663086,5072300
2022-08-11,78.94660755936943,79.50052379406077,78.54705960570708,79.24626159667969,5595700
2022-08-12,79.28260744642982,80.27239508896554,79.17364483003436,80.19066619873047,5154000
2022-08-15,80.00904484168757,81.04423110492728,79.91824036609306,80.96250915527344,5601000
2022-08-16,80.61745154256097,81.66172044953501,80.39951939096389,81.18045043945312,4580800
2022-08-17,80.27238782137876,80.81722163784407,79.78203530817864,80.22698211669922,3831300
2022-08-18,79.93640545458386,80.61744947278551,79.61858629834404,80.40859985351562,3428300
2022-08-19,79.7003076634582,79.88192355705988,78.5924818882088,78.92845916748047,4597700
2022-08-22,77.53003760270082,77.68441282361871,76.58565586597676,77.13957214355469,5915200
2022-08-23,77.04875865090844,77.73888501769272,76.80358591593752,76.90347290039062,4560400
2022-08-24,76.96705411743169,78.52891612426757,76.71279880058637,78.1384506225586,4386000
2022-08-25,78.41085810032807,79.57317199060705,78.36545932745179,79.35523986816406,4236300
2022-08-26,79.46421204605679,79.90007630549295,76.24060116292736,76.33140563964844,6674900
2022-08-29,75.5504755669956,76.87624726903414,75.40518978810358,76.38589477539062,5035500
2022-08-30,76.44039797884147,77.20316412443842,75.08739216651952,75.74119567871094,6812500
2022-08-31,76.15889089662492,76.96706264092667,75.95911686042655,76.34049987792969,6570100
2022-09-01,76.00450628131578,77.61177397246517,75.30530416867147,77.54821014404297,7556800
2022-09-02,77.61178739399465,77.88420087951114,74.9602573385096,75.31439971923828,10336800
2022-09-06,75.43244020128127,76.8399340371192,74.16115656374029,76.7491226196289,11062800
2022-09-07,77.28488096254377,80.47216912294184,77.11234758266633,80.19066619873047,9946800
2022-09-08,79.27352127552713,81.25308936867542,79.14639362139319,81.23492431640625,7721100
2022-09-09,81.27123838773323,81.67986195482086,80.49030749815248,80.53571319580078,7094600
2022-09-12,81.51642904953883,82.07034542843333,80.3995206925759,80.88079071044922,9078900
2022-09-13,78.74684143072503,81.08963423770369,78.1566019661539,79.76386260986328,16033600
2022-09-14,81.33481881651696,84.88533171718811,81.28033751056316,84.17704010009766,24320600
2022-09-15,83.62312834658674,84.5856753485212,83.29623356487794,83.74118041992188,11052400
2022-09-16,82.76955490348143,83.63220792870763,82.31552553695433,82.91484069824219,11987600
2022-09-19,82.5334598788171,84.04084074101785,82.47897857033128,83.66853332519531,6287000
2022-09-20,83.2326634008874,83.55955815774486,81.81608712412753,82.4426498413086,6560000
2022-09-21,82.896674728722,83.10552433791901,80.42675410003241,80.45399475097656,8806800
2022-09-22,79.90916354269822,79.92732166793797,76.62198863927048,76.91256713867188,9953000
2022-09-23,76.18611690243657,76.6764693712038,75.57771931131207,76.43128967285156,7153200
2022-09-26,76.55841426669095,78.12027608387685,76.53117361861348,77.01244354248047,7583500
2022-09-27,78.06578709453557,78.54705697097462,75.52322062950292,76.53116607666016,8628800
2022-09-28,76.8943926450254,79.43695916950823,76.50392722007847,79.1009750366211,7850800
2022-09-29,78.82856597739465,79.30983593381346,77.7388984129723,78.61063385009766,6881500
2022-09-30,78.6106444682752,78.72868960985214,76.41314399070258,76.51303100585938,7737500
2022-10-03,76.95797230267898,78.29281965639905,76.09531933712792,77.74798583984375,6739900
2022-10-04,79.08282770570099,80.77181741733489,78.87397808738834,80.37227630615234,5982400
2022-10-05,79.66399169512414,82.30643887297117,79.5005408542721,81.8342514038086,7980800
2022-10-06,81.89780546274994,82.54252622253314,81.05331070710264,81.1350326538086,6893800
2022-10-07,80.39950594023283,80.72640757690733,78.3654567004314,79.02833557128906,6606400
2022-10-10,79.01017374054172,79.51868429464442,78.21107780930981,79.05557250976562,5092400
2022-10-11,78.73777419168556,79.18272104394315,77.76615159630107,78.28374481201172,5531300
2022-10-12,79.0011017699018,79.9636417124571,78.46535049710216,78.883056640625,5261900
2022-10-13,77.26669441458408,81.69802432702933,76.92163467875291,81.15319061279297,7616600
2022-10-14,81.73436444196363,82.36092022564947,78.31097930875684,78.42903137207031,6315200
2022-10-17,79.8183739542333,81.0170113539145,79.73664505555953,80.72643280029297,6255300
2022-10-18,81.82516791164379,82.15206958949071,79.98180990641349,80.78089904785156,5484400
2022-10-19,80.2632875937635,80.93524892161322,79.01016939945947,79.47327423095703,6473400
2022-10-20,79.30076203880014,80.11801619363631,78.51983106061641,78.81040954589844,4540700
2022-10-21,79.00109881878272,80.78997538326422,78.60155081471329,80.46307373046875,9088800
2022-10-24,78.91028602047354,79.46420226662194,74.85126336634266,76.0589828491211,16499300
2022-10-25,76.36773333066493,78.09304620211314,76.36773333066493,77.37567901611328,10674000
2022-10-26,77.73890112107887,80.11801726406915,77.62085599133441,77.99315643310547,9987000
2022-10-27,78.2110879582847,78.45626767006875,76.34957190806593,77.43923950195312,9524600
2022-10-28,77.33934282864011,79.71845865564701,76.5584119437423,79.0918960571289,8284900
2022-10-31,78.63788196529124,79.51870001198711,78.04764242522243,78.62879943847656,7401100
2022-11-01,79.96363140884203,80.70823912142636,78.61970867292725,79.0918960571289,6219600
2022-11-02,79.24626937015711,80.43583082308366,76.75819079632589,76.80359649658203,7653200
2022-11-03,76.34049283151568,77.61177636712213,75.34162967065986,76.8944091796875,8855100
2022-11-04,83.52323802616769,84.99428861146734,82.19746629501304,83.41426849365234,20194300
2022-11-07,83.24174391583064,83.86830667001529,81.07148405845122,82.1339111328125,10190200
2022-11-08,82.56068609986139,85.15773424539574,82.56068609986139,84.2224349975586,9675500
2022-11-09,83.66533127040934,84.56947381682818,83.41874250554345,83.68359375,6271200
2022-11-10,85.74760160778702,88.05819196677741,85.23616857053295,87.91207122802734,10408400
2022-11-11,88.36871666590156,90.11307274818378,88.19519174300191,88.93494415283203,8294400
2022-11-14,88.70662243833554,90.01260926779022,88.30478516079381,88.97147369384766,8521100
2022-11-15,90.33226558278604,90.89849307760178,88.85275377476908,89.3459243774414,6410000
2022-11-16,88.14952724816169,89.46464886918258,87.91208015261878,88.6518325805664,5348900
2022-11-17,86.95313109598135,88.5970330268468,86.85267003533107,88.56050109863281,5245600
2022-11-18,89.27286793272299,89.82083299195621,88.70663342312152,89.45552062988281,5964800
2022-11-21,88.57875847028798,89.94867434441818,88.31390723182585,89.79341888427734,4499200
2022-11-22,89.95781951703445,90.16787637461155,89.06280464283019,89.89389038085938,5398600
2022-11-23,89.94869151823787,91.40080624529806,89.74776937016317,90.88936614990234,5944900
2022-11-25,90.99895955516003,91.21814418013261,89.97608635903198,90.92589569091797,2320000
2022-11-28,90.40532674322255,91.47386658333797,90.01261718742883,90.10395050048828,5257300
2022-11-29,90.37792953640611,90.71584467856697,89.68383677012461,90.10395050048828,4423900
2022-11-30,90.46013382830195,93.66573264750713,89.9760909289289,93.33695220947266,15000800
2022-12-01,93.45568528392785,94.57901267136646,93.10863538556947,94.4054946899414,7452300
2022-12-02,93.17255258301245,96.3872927708184,92.989899899326,95.93978881835938,7916900
2022-12-05,94.4237422782801,95.20002661265623,94.06756467818103,94.56986999511719,9285800
2022-12-06,94.81644887647347,95.15436398539828,92.64285141386335,93.22734832763672,8383000
2022-12-07,92.50586569017621,94.04017195126167,92.29580882915857,93.03556823730469,4194300
2022-12-08,93.83010801336138,94.89864775170217,93.51959707534553,94.7433853149414,5465100
2022-12-09,94.46029131473757,94.52422046049344,92.92598484884257,92.96251678466797,7999600
2022-12-12,92.35974899620388,93.9305873758315,92.07663520723176,93.79359436035156,5796000
2022-12-13,95.72973395744857,96.07677685079119,92.23187994665993,93.25475311279297,7066000
2022-12-14,93.44654337794009,94.34155829660074,91.96703148014521,93.32781982421875,5624000
2022-12-15,92.43281075948123,92.7433287186733,90.82544048118793,91.31861114501953,7244400
2022-12-16,90.67017306509031,90.90762712410694,89.51944166743618,90.25920104980469,13862300
2022-12-19,89.89390056322526,90.24094348923505,89.25460912906141,89.77517700195312,5771100
2022-12-20,89.67469984252119,90.03087743021766,88.83447943547175,89.50117492675781,4533500
2022-12-21,88.33217971644129,90.47837993283451,87.99426461414427,90.11306762695312,5566300
2022-12-22,89.91216969464979,90.01263077998271,87.82989804912084,89.28201293945312,4756900
2022-12-23,89.12671296380552,89.77514586639644,88.47828702896624,89.74774169921875,3944500
2022-12-27,90.02175231401507,90.8345686360462,89.69297189524366,90.59711456298828,4402500
2022-12-28,90.78890028571445,91.24553893847168,89.85735353214808,90.04914093017578,3491500
2022-12-29,90.41446287630707,91.92137198446291,90.11307966112517,91.11768341064453,3976100
2022-12-30,90.58798680584441,90.6427812197218,89.72036910218235,90.59711456298828,3988900
2023-01-03,91.83916561472569,92.39626534065317,90.84369667453748,92.08575439453125,6607700
2023-01-04,93.78444978767213,95.64753634800446,93.65659152088243,95.40094757080078,8166600
2023-01-05,95.42833719055551,95.98543686632512,94.51505994735973,95.37354278564453,5575100
2023-01-06,96.24116298904053,97.72067477913443,95.90325483468027,97.43756103515625,9644100
2023-01-09,97.2823099766873,97.42843771181,95.3735634689859,95.65667724609375,10124800
2023-01-10,95.30962919880074,97.20011312177378,95.13610426461727,96.80740356445312,4183600
2023-01-11,96.63387943819775,97.20924865940452,95.76626869553371,97.08139038085938,5634400
2023-01-12,97.07224677566705,97.20923976664855,96.04937367312526,96.67040252685547,4882000
2023-01-13,95.95806526961901,97.99467713121251,95.95806526961901,97.93074798583984,5529700
2023-01-17,97.67501566995838,98.26864737671237,97.09051868822469,97.49236297607422,7477200
2023-01-18,97.84853218358143,98.14991537352492,95.81192764784875,95.89411926269531,5725800
2023-01-19,95.89411548016997,96.53340679627,95.20002278858082,95.21829223632812,5115800
2023-01-20,95.3461594697521,96.0767771900671,94.88038605691463,95.93065643310547,6543500
2023-01-23,95.93065840431963,97.62022019147294,95.34616142895582,96.99919128417969,6320500
2023-01-24,97.17271448896577,97.60195597180298,96.26857183500758,97.39189910888672,5517200
2023-01-25,96.86219499593798,97.84853622131654,96.71607424093004,97.7024154663086,5416900
2023-01-26,97.9946721090444,99.36458826918339,97.77548050663934,99.32805633544922,6324100
2023-01-27,99.30976657716705,100.24131327751475,98.94445428228076,99.56548309326172,6851100
2023-01-30,98.87140930467957,99.4285090537289,98.10425269625372,98.999267578125,6880700
2023-01-31,98.87140543521483,99.68422169934435,98.17731271528014,99.67508697509766,5816300
2023-02-01,99.51983799950602,101.1728678406815,98.61569533713553,100.45137786865234,5841200
2023-02-02,100.49705098861702,101.21854100704905,98.63396416274578,99.68423461914062,9852900
2023-02-03,95.51055359712855,97.209250144033,94.10410554389831,95.25483703613281,15200500
2023-02-06,94.98084420393745,96.96265437708577,94.34155284735839,95.91238403320312,6392200
2023-02-07,95.73886733778637,98.06772042554124,95.49227854860145,97.56542205810547,6207500
2023-02-08,97.09965286304285,97.30057500582912,96.48775867746912,97.08139038085938,5557500
2023-02-09,97.04467363522258,97.85238236071596,96.92534817392534,97.33838653564453,5608400
2023-02-10,96.85192340192359,98.44899394877832,96.80603491660119,98.29295349121094,6298600
2023-02-13,98.62336568639718,99.98179208410352,98.46733225635448,99.60546875,5192400
2023-02-14,99.0639372835522,99.55957905764285,97.93497429767899,99.10983276367188,5109400
2023-02-15,98.66926298228972,100.0460433959961,98.44898007684355,100.0460433959961,4059100
2023-02-16,98.90790730886441,100.13782778914383,98.58665994481137,98.70597839355469,4596800
2023-02-17,97.97168854712514,98.63254424096078,97.5035882662141,98.30211639404297,6876400
2023-02-21,96.83356236808021,97.24659371929401,96.10845712708915,96.1727066040039,5438000
2023-02-22,96.75095357301662,97.23741487183109,95.81473895788878,96.16352081298828,7523700
2023-02-23,96.84274939845803,96.84274939845803,94.19932616383016,95.00704193115234,6857900
2023-02-24,94.21768597687884,94.281935457321,92.5380119847459,93.25393676757812,6019700
2023-02-27,93.92397601790195,94.81429527677454,93.75876206261974,94.02494049072266,5235100
2023-02-28,93.6118979752823,94.49303669706222,93.5292945026161,93.70368194580078,5186500
2023-03-01,93.79546347171267,93.92396241802946,92.62061196100626,93.09789276123047,5382200
2023-03-02,92.9602059878936,94.69494862904997,92.64813914363627,94.548095703125,4777600
2023-03-03,94.90606816645406,96.09010020723875,94.54810580559678,95.96160125732422,4882100
2023-03-06,95.86979862102807,97.23740542569507,95.86062512762766,96.36544036865234,5237100
2023-03-07,96.36545792919004,96.99877922256363,94.6490759931989,94.85099792480469,3976300
2023-03-08,94.44713704298057,94.55727499350962,93.37325000931884,94.07999420166016,4225500
2023-03-09,94.3002726426807,94.30945313901275,91.7486408703925,92.06071472167969,5732300
2023-03-10,92.35444462895511,92.92350945858671,90.89505356010082,91.21630096435547,6641900
2023-03-13,90.78490741787287,91.968932457962,90.28926560909093,90.9409408569336,6408200
2023-03-14,91.88633255041228,92.13414996306874,90.3810530740267,91.28972625732422,6248800
2023-03-15,90.31680299602479,91.20712218096004,89.28880435934335,91.17958068847656,6603300
2023-03-16,90.99599892199363,92.43702869219022,90.89503447290555,92.1800308227539,8188600
2023-03-17,90.93175618126406,91.13368509437782,89.8027931682495,90.59214782714844,10189700
2023-03-20,90.95929197769448,91.98729054894348,90.80325854355867,91.6476821899414,4864000
2023-03-21,92.25347899770397,92.87761980497346,91.91387060166957,92.28101348876953,4743700
2023-03-22,92.41869115961264,93.14379642187956,90.92258514907826,90.9776611328125,5917700
2023-03-23,91.17956762209015,91.90467276155313,89.50907445353833,90.33514404296875,6879200
2023-03-24,90.15158080082074,90.34432921455162,89.20619272280719,90.26171875,4685400
2023-03-27,90.79408736226274,91.52837313173194,90.48202046197258,90.55545043945312,6022200
2023-03-28,90.07816257651871,90.78491385500574,90.02309359474968,90.61051940917969,4709800
2023-03-29,91.17042177046903,92.41870352792576,90.62888437439481,92.35445404052734,4946600
2023-03-30,93.10707794407082,93.34571485485942,92.38197270897999,92.99693298339844,4082600
2023-03-31,93.47420993660884,95.71377502552654,93.47420993660884,95.57609558105469,6900100
2023-04-03,95.5118560839436,96.3195718411252,95.15389369252654,96.2369613647461,3855400
2023-04-04,96.23695368096602,96.38381362606184,94.86017320769707,95.45677947998047,3854400
2023-04-05,95.4384209076864,97.01712322569212,95.39252542637978,96.28284454345703,5170900
2023-04-06,96.28285392094138,96.52149784217751,95.47513818834773,96.08092498779297,3155700
2023-04-10,95.04375282337482,96.2094239336865,94.60317996904102,96.13599395751953,3761600
2023-04-11,96.42969989023246,97.65962739280033,96.3012009425613,97.05384063720703,4010600
2023-04-12,97.51279519134981,97.82486915494907,96.69590579048123,96.92536926269531,4606000
2023-04-13,97.64126534909087,98.42144652642259,97.52194689972676,98.20115661621094,4367600
2023-04-14,98.12774305716124,99.28423368465198,98.07266707299402,98.64173889160156,3963300
2023-04-17,99.09147997651749,99.72480124074664,98.72433711315759,99.41272735595703,4780700
2023-04-18,99.92673964516467,100.2571675532675,98.88038693706187,99.04560089111328,5300500
2023-04-19,98.84366193726127,98.99969537732296,98.28377064982334,98.3572006225586,4617800
2023-04-20,97.46688610686205,98.74270218261954,97.46688610686205,98.25624084472656,4297200
2023-04-21,98.48569265515,99.8441120419886,97.89826691986838,99.30258178710938,4522800
2023-04-24,99.30257263124943,100.31221008300781,99.16489320540364,100.31221008300781,5940700
2023-04-25,99.96345339676924,101.98272880778599,99.89002341750762,100.35812377929688,8747100
2023-04-26,100.05522933750831,103.10250320556092,100.05522933750831,102.31314849853516,8081600
2023-04-27,102.23972497646285,103.6073250540464,102.04697653621295,103.48800659179688,7618500
2023-04-28,103.18511550623118,104.91985851018056,103.06579704129696,104.90150451660156,5979300
2023-05-01,104.8647748729189,105.99373789364341,104.8647748729189,105.14930725097656,6495900
2023-05-02,105.08506012323498,105.14930959721929,103.5797807304592,105.05752563476562,9626400
2023-05-03,100.1194801517818,100.70690594123404,95.27321388746692,95.4200668334961,24388600
2023-05-04,95.70459928035397,96.98959582144703,95.27321393683566,96.11763763427734,8858100
2023-05-05,96.87944295251881,98.65090054662171,96.72340253029556,98.403076171875,7813800
2023-05-08,98.64173769366757,99.23834399577933,98.14609585819015,98.36637878417969,6090700
2023-05-09,98.20117365739212,98.37556811590609,97.65964329014979,97.94417572021484,3682400
2023-05-10,98.35718707413119,99.2291451215827,96.998760776319,98.18279266357422,4565000
2023-05-11,98.18280660603196,98.47798198587293,96.96520728449595,97.43563842773438,4791700
2023-05-12,97.55556868849257,97.979882903465,96.69771404761399,97.88764190673828,5175600
2023-05-15,97.87841831141867,98.47799536247025,97.41720627792317,98.36730194091797,4217000
2023-05-16,98.15512883184583,98.29348678435717,97.03898973965893,97.11278533935547,3676600
2023-05-17,97.74004870432977,98.27505632707137,96.80839846990551,97.49099731445312,4757300
2023-05-18,97.2419328160317,98.8285031637096,97.03899841748644,98.78237915039062,5377500
2023-05-19,98.6993763362377,98.83774135543146,97.14970360384949,97.32496643066406,4985200
2023-05-22,97.33418116218208,97.5002177701294,94.79751506370387,94.91743469238281,7504300
2023-05-23,94.19794330860623,94.2163886924612,92.31619746624449,92.55602264404297,6766300
2023-05-24,92.980339059839,92.98955823251963,91.42144029737345,91.88265228271484,6134800
2023-05-25,91.04323854448724,91.22772755193186,90.14849324914096,90.80341339111328,8177000
2023-05-26,90.97866981863874,91.88264836790843,90.70194686174597,90.88642883300781,7276500
2023-05-30,91.21850149455311,91.28307088788257,89.76107000221815,90.16693878173828,6505400
2023-05-31,90.42521258768258,90.47133659708314,89.45667172809272,90.06546783447266,10377100
2023-06-01,90.01933470392109,90.60969240678043,89.03234152556315,89.95476531982422,6752200
2023-06-02,90.6834795268477,91.9287572594233,90.57279317731029,91.78116607666016,6221400
2023-06-05,92.27928548779974,93.04489899462054,91.78117574977907,92.17781829833984,6536500
2023-06-06,92.00256039679887,92.54679417258704,89.96400436510757,90.60047912597656,8657100
2023-06-07,90.9048772829552,91.19082643718485,90.01934415446735,90.32374572753906,6285600
2023-06-08,90.07469995409029,91.48600746890654,89.40132737535208,91.45833587646484,6877800
2023-06-09,91.1354965796046,91.28308076423863,90.06548133147636,90.36065673828125,5550800
2023-06-12,90.36064929211729,90.86798527960158,89.95478050212985,90.82186126708984,6705800
2023-06-13,90.86798126246137,91.75350737075651,90.86798126246137,91.55979919433594,5137900
2023-06-14,91.83653188077338,93.49689790831329,91.49523950222222,92.85120391845703,9279500
2023-06-15,93.47844490784827,94.07802191616291,92.85120334303886,93.51534271240234,6448200
2023-06-16,94.09647736333575,94.55768937878926,93.60759375296092,93.96733856201172,11709200
2023-06-20,93.95809788973133,94.53922240624632,93.07257180085982,93.41386413574219,5506400
2023-06-21,92.79585610173916,94.51156536222918,92.57447630483179,93.96733856201172,5508800
2023-06-22,93.55223246479163,93.7551668536039,91.91031900990836,93.02645111083984,6125500
2023-06-23,91.9195387910762,91.99333438867164,89.954771470927,90.7111587524414,18770100
2023-06-26,90.71116321873468,91.10780577842002,89.91788513689993,90.60970306396484,6069000
2023-06-27,90.75728209508684,91.37530438596367,90.14848601322568,91.06168365478516,5034100
2023-06-28,90.9879071910336,90.9879071910336,89.75186234935944,90.96023559570312,6581900
2023-06-29,90.96023376130651,91.16316817302001,90.37910915847527,91.0248031616211,5113500
2023-06-30,91.68894060278707,91.74428378690948,90.89565545519726,91.37531280517578,6229900
2023-07-03,91.07091950720867,91.84575224572102,90.62815291553287,91.45833587646484,3287000
2023-07-05,91.45833604456355,91.62437263705512,90.66505088460787,90.82186126708984,6365400
2023-07-06,90.26841753813669,90.46212574293511,88.46969346676775,88.73719024658203,7153300
2023-07-07,88.54346570000122,89.16149504414497,88.13760398094139,88.59881591796875,7889500
2023-07-10,88.82944085733357,91.8088666658111,88.7648714538614,91.43989562988281,9294600
2023-07-11,91.72583900354347,92.4545547619025,91.44910900605254,92.32540893554688,5268000
2023-07-12,93.5522381591215,93.93043536811645,92.94344199316456,93.29396057128906,6971900
2023-07-13,93.63526219556988,94.27172996994342,93.44155400010519,93.71827697753906,4511700
2023-07-14,93.87508509240642,94.1610413109524,93.15559551597185,93.72750091552734,3939800
2023-07-17,93.00799401229399,93.91196540080739,92.27927836132943,93.10023498535156,5244500
2023-07-18,92.9249832496206,93.55223179347749,92.11325273773237,92.94343566894531,5989000
2023-07-19,92.81429547528542,94.06879254396122,92.81429547528542,93.93042755126953,5556200
2023-07-20,93.88430586395826,94.53000683331595,92.88808633697397,93.05412292480469,5466100
2023-07-21,93.90276617400512,95.51700817673826,93.72750336169665,94.84363555908203,20370300
2023-07-24,94.89897316495737,95.38786376855806,94.38241800647961,94.80673217773438,4746600
2023-07-25,94.48388915638813,95.71993391946549,94.39164816530626,94.93587493896484,5627500
2023-07-26,94.2809477105193,94.70526186782803,93.44154560558178,93.83818817138672,6568300
2023-07-27,94.1149134698937,94.48388445339191,92.74050376983742,92.96188354492188,5373400
2023-07-28,93.62602222583912,93.93042379006468,92.98954750746489,93.39541625976562,5320700
2023-07-31,93.45077295366534,93.9304373734831,93.03568496972079,93.69060516357422,6377400
2023-08-01,93.59834071482446,93.81972044827958,92.61134756614909,93.40463256835938,7784300
2023-08-02,92.7035973421648,96.35639496009807,91.58746532314647,94.20714569091797,14463100
2023-08-03,94.0595589387426,94.91741338093682,93.57989460679782,94.39163208007812,5547500
2023-08-04,94.97277746073486,95.14804027877226,92.72206057134171,92.8696517944336,5199200
2023-08-07,93.55223672245143,93.95810551854748,93.10947716083422,93.847412109375,5222700
2023-08-08,93.36774878320574,93.55223074917775,92.1409233006378,92.8880844116211,4058400
2023-08-09,93.16481386094252,93.69982141172683,91.75350642053992,92.16859436035156,4494300
2023-08-10,93.23504751094134,94.93208656116819,93.10522008278822,94.27367401123047,6844200
2023-08-11,94.03255001888026,94.03255001888026,92.86409625047722,93.65233612060547,3180600
2023-08-14,93.1794078843114,93.86563957696731,92.91974595662421,93.6708984375,3239300
2023-08-15,92.85483502214683,93.33705725578945,92.53026644665526,92.77137756347656,3203700
2023-08-16,92.3726221932953,92.81774280089175,91.70493420683614,91.78839874267578,3679500
2023-08-17,91.80691722292566,91.89965006773429,89.42364702852494,89.55347442626953,5291100
2023-08-18,89.03417573284125,90.40663898414495,88.83015920425365,90.16553497314453,4126000
2023-08-21,90.24899234821716,90.48082802595869,89.17327848252947,89.45147705078125,3753200
2023-08-22,89.47928780708507,89.71112346308078,88.65395343774539,89.08980560302734,3639800
2023-08-23,89.41439131423517,89.54421874057307,87.17949883936348,88.26448822021484,9704500
2023-08-24,87.86572177385551,88.68178081164528,86.90128450643303,87.93991088867188,7824500
2023-08-25,88.5983247618609,88.98780700819773,87.6431628874838,88.54268646240234,5360400
2023-08-28,88.96926612101423,90.13771289751047,88.86725785202529,89.98934173583984,5098900
2023-08-29,90.28608538932745,92.02021877673246,90.26753457338418,91.94602966308594,5512300
2023-08-30,91.82547869623932,92.47462288539488,91.80693495372122,92.02949523925781,4212200
2023-08-31,91.80692762160209,92.11295241168929,90.21189704000452,90.36027526855469,5624500
2023-09-01,91.25053142437982,91.57509998399384,89.98934467125336,90.87959289550781,4747100
2023-09-05,90.43445684336389,90.70338707493254,89.57202785076903,89.80386352539062,5414300
2023-09-06,89.41439842640841,89.53495752835745,88.44069265142393,88.97854614257812,5428400
2023-09-07,88.55194779702795,88.85797256999075,88.11609561888027,88.1902847290039,6404100
2023-09-08,88.32938910393048,88.88579328957255,87.86571777005159,88.35720825195312,4754700
2023-09-11,88.70033595762946,89.23819645370767,88.30157828985612,88.71887969970703,5577500
2023-09-12,88.56124293652739,89.49786120409931,88.28303724910934,89.24747467041016,5007600
2023-09-13,89.21037338263528,90.23045610956723,89.06200221557683,89.88733673095703,5830200
2023-09-14,89.73896150530257,90.67557973375793,89.25674635232347,90.10063171386719,6039700
2023-09-15,90.18406841274587,90.38808491802894,89.071260115827,89.2381820678711,8767600
2023-09-18,89.30311371636553,89.92443168910664,89.10836550395268,89.72969055175781,4477500
2023-09-19,88.2923041056311,88.53341520636546,87.42059963955879,88.36649322509766,6803000
2023-09-20,88.51487199130561,89.59986850026614,88.14394051224211,88.2459487915039,4572100
2023-09-21,88.24594033035626,88.39431149274274,86.27069572591661,86.33560943603516,6108800
2023-09-22,86.6416308111679,87.4855090092689,86.5859925118607,86.87346649169922,5118900
2023-09-25,86.14087285572245,86.67873338229423,85.54737402469986,86.00177001953125,4818800
2023-09-26,85.31554412841797,85.76994015417078,84.55512325723248,85.31554412841797,6086600
2023-09-27,85.74211040709851,85.99249691336034,83.81323577578556,84.54583740234375,4731500
2023-09-28,84.54584454405548,84.74986109970575,83.65559627172519,84.46238708496094,4736300
2023-09-29,85.88120795973876,86.29850934445462,84.23980741972134,84.63856506347656,7700200
2023-10-02,84.43457648767576,85.07443829743083,84.19346534519693,84.50875854492188,6430500
2023-10-03,83.92452424784004,84.45310936617746,82.7282511747471,82.9786376953125,6666600
2023-10-04,83.35885158386442,84.7869604794936,83.28466245485556,84.52730560302734,6166100
2023-10-05,84.51801102403357,86.28923893330696,84.51801102403357,85.65864562988281,7548600
2023-10-06,85.31554264223563,86.55817867164592,85.01879321169999,86.1037826538086,6979300
2023-10-09,85.7328292830412,86.04812947822816,84.78694284760687,85.94612121582031,4120700
2023-10-10,86.20578113158743,87.14239928945985,86.12232368017553,86.40979766845703,4974800
2023-10-11,86.51180029175892,86.82709340993732,85.17642455579568,85.26915740966797,4499200
2023-10-12,85.16715406776571,85.54736798818821,84.17489761637952,84.77767181396484,5485200
2023-10-13,84.64784781665874,85.37117405296536,84.43456293931906,84.83332061767578,4780100
2023-10-16,85.47318684871975,87.04039849371009,85.17643742644995,86.84565734863281,4595900
2023-10-17,86.0110349778332,87.34641072291092,85.89975130738897,87.3371353149414,6086700
2023-10-18,87.1145824007392,87.66171124103666,86.70654931640625,86.93838500976562,4110700
2023-10-19,87.51332949478486,88.70960237688146,87.32785671748516,87.5596923828125,5610800
2023-10-20,87.7451779736827,88.18102314509233,87.30005031822377,87.34642028808594,4699000
2023-10-23,87.10528773381435,88.12536314405361,86.51178905603653,87.35566711425781,4481000
2023-10-24,87.4298855938192,88.07902985485377,87.22586902821017,87.74518585205078,3600200
2023-10-25,87.46697647688772,88.43141388049983,87.14240789756259,87.17022705078125,5497300
2023-10-26,86.99401395406242,87.61533892247716,85.87193016791511,85.93684387207031,6201700
2023-10-27,85.90903865507029,86.91984601233096,85.10224785111348,85.3340835571289,8293600
2023-10-30,86.35416174475962,86.90129058591393,85.98322321979093,86.3819808959961,7852700
2023-10-31,86.40051490398281,86.53961771955676,85.31552567761953,85.5380859375,9308300
2023-11-01,85.15788090001809,85.18570004870121,83.9708833891167,84.71275329589844,14292500
2023-11-02,93.65233741740822,94.51476641256578,92.49315904085576,92.74354553222656,23396300
2023-11-03,93.30923714967513,96.23036137432213,93.1979534641873,95.19174194335938,15995700
2023-11-06,95.39575214329501,96.52710436595984,94.56114224537525,96.47146606445312,7532000
2023-11-07,96.65694537342036,96.80531654578925,95.8223354192695,96.14690399169922,6239500
2023-11-08,96.20253839369288,97.20407029803836,96.11908093919607,96.72185516357422,7453000
2023-11-09,97.25333614756526,97.4025226048674,95.13669681768432,95.32318878173828,7607000
2023-11-10,95.66818928969465,97.29995667514149,95.09008196891588,97.28131103515625,7338500
2023-11-13,96.89902742771217,97.188088260496,96.0038871346411,96.51673126220703,7120800
2023-11-14,97.42120355035856,98.67066805836016,97.19741312873249,98.46553039550781,8323000
2023-11-15,98.52147258439722,99.34201604712713,98.52147258439722,98.86647033691406,7980200
2023-11-16,99.0995601427591,100.38632979323278,99.02496335729433,99.96672821044922,8037200
2023-11-17,99.93875704663884,100.23713707710141,98.3536144686704,98.43753051757812,6341800
2023-11-20,98.10186473512529,98.34430076422215,96.84307404171867,97.25334930419922,9799500
2023-11-21,97.39321091152573,97.60767492403586,96.19969061740518,96.68456268310547,6149000
2023-11-22,97.122811114421,97.60767607188109,96.30226056710706,96.45145416259766,4828700
2023-11-24,96.4514418848813,96.60062834743914,95.54697539069394,95.83602905273438,3206400
2023-11-27,95.37914944052824,96.12509608495479,95.1740118012797,95.44441986083984,7853600
2023-11-28,95.07144007865435,95.15536325303083,94.07373104781784,94.3441390991211,6848100
2023-11-29,94.65184006932982,94.81967929442474,92.80560859328571,93.10398864746094,8428500
2023-11-30,93.29980422120096,93.35575537479043,91.77060548333884,92.59115600585938,11442600
2023-12-01,91.84519777283201,92.57249870833544,90.93140485774971,92.4979019165039,12506500
2023-12-04,91.74263166818822,92.19952458223307,90.2320786017882,91.0060043334961,11477400
2023-12-05,90.80085797462473,90.89410751516729,88.4417897232971,89.08517456054688,16027300
2023-12-06,89.46747808585116,90.605054281261,89.01991155535852,90.4651870727539,12115000
2023-12-07,90.67964270875459,91.09923718162484,89.7658498628922,89.92436981201172,7858300
2023-12-08,89.58869446615739,90.31599537155576,89.33693208263252,90.0828857421875,7125200
2023-12-11,90.65168666598044,92.32075270268861,90.65168666598044,91.49088287353516,7639100
2023-12-12,91.78925263618548,91.93843910411951,90.84748771393524,91.51884460449219,6313800
2023-12-13,91.84520261093105,91.97574344654188,90.27870546965902,91.48155212402344,7741900
2023-12-14,92.05033256151201,92.11560297387119,90.58640435807786,91.22978210449219,9764800
2023-12-15,91.22977923075801,91.60275605275086,90.03625909153382,90.21342468261719,12466000
2023-12-18,90.6703133163791,90.7449101000789,89.4394948410958,90.0362548828125,6146400
2023-12-19,90.3905960966206,91.42560346520341,90.3905960966206,91.1178970336914,5992900
2023-12-20,89.84979700178742,90.33466201346435,88.255327619887,88.31127166748047,10057400
2023-12-21,88.65625651903443,88.99193495659954,88.08746845060138,88.88936614990234,7097200
2023-12-22,88.47908486040652,89.35557928887255,87.9662408620613,88.84273529052734,6361000
2023-12-26,88.89869156885531,89.22505076582212,88.54436746641993,89.2063980102539,3709500
2023-12-27,89.22505052643652,89.3089665844427,88.3858543766654,88.8520736694336,4959300
2023-12-28,89.04788079311663,89.48612804624534,88.6842303307208,89.4488296508789,4518300
2023-12-29,89.40220830253605,89.84045557245084,88.90801699439957,89.52342987060547,6135700
2024-01-02,89.00126179154763,89.46748109294693,87.29490455502213,87.34152221679688,8859700
2024-01-03,87.61192001306814,87.87300165306965,86.77272394596247,86.93124389648438,7161700
2024-01-04,86.81004308459396,88.1900555151684,86.7168006357312,87.22964477539062,7118600
2024-01-05,87.02449895862264,87.2576086158906,86.23192754669999,86.70746612548828,7191000
2024-01-08,86.73543456981419,88.18071723085987,86.6701641530281,87.8263931274414,7536900
2024-01-09,87.28557700681658,87.3974721986713,86.58624806409384,86.80070495605469,6348500
2024-01-10,86.72609820044512,87.36015660156879,86.6048766546503,87.18299102783203,5847700
2024-01-11,87.02447804555166,87.31353167463924,85.69109084185084,86.66082763671875,6483600
2024-01-12,86.93124948599537,87.08976233276819,85.56988293741229,85.76570129394531,5641200
2024-01-16,86.39976621047118,86.46503662951488,85.53259800663793,86.43705749511719,7493400
2024-01-17,85.46732355505563,85.74705086035529,85.2248875326425,85.56988525390625,6672900
2024-01-18,85.74704328303824,87.11772901110098,85.6165024626457,87.03380584716797,7549500
2024-01-19,86.88461072943113,87.8729931607569,86.3810931378292,87.51866912841797,9565900
2024-01-22,87.46273432294025,87.57462239024478,86.53961508403061,86.78205108642578,9421000
2024-01-23,86.74475308444055,87.32286751924265,85.56987857484845,85.7563705444336,10227100
2024-01-24,86.29719331112146,86.56759423869718,85.77502286952755,85.82164764404297,7661400
2024-01-25,85.98947609485231,86.3904249180279,85.52325686390121,86.3531265258789,11991500
2024-01-26,86.64219203290037,87.17368174438167,86.16665347427208,86.53030395507812,9229400
2024-01-29,86.7354375649895,87.58396012645191,86.00813657741722,87.4627456665039,12728100
2024-01-30,86.71679571274747,88.28329295211608,86.33449244598815,87.72383117675781,17625200
2024-01-31,91.64006107459065,91.71465786717297,86.73543222839882,86.74475860595703,26751800
2024-02-01,86.81002046524706,87.27623970202491,85.66312512658051,87.06178283691406,15001500
2024-02-02,86.42773880513202,87.28558063653202,85.47664741967111,86.70746612548828,11366600
2024-02-05,86.51165061203946,86.59557378377816,85.69110721983328,86.25989532470703,7335800
2024-02-06,86.25056939351936,89.23437002966435,86.11070218252527,89.2063980102539,11531500
2024-02-07,89.73788038077656,90.12950996231505,88.05016895093529,88.87071228027344,9078000
2024-02-08,89.20841922784253,90.69992020327216,88.11090409823416,90.60610961914062,9888100
2024-02-09,90.35283453161988,91.91937386618066,90.32469422067149,91.27212524414062,9385600
2024-02-12,90.91566375065737,91.12203557674133,89.4710681248121,89.55549621582031,9224400
2024-02-13,88.97390239488176,89.6399159980297,87.6043523882581,88.05461883544922,8138500
2024-02-14,88.25161576644238,88.61745415520228,87.95144049472292,88.24223327636719,5510600
2024-02-15,88.20470227428453,88.40169160709586,87.23851343189182,87.44488525390625,8878000
2024-02-16,87.33231685369591,88.34541098536185,87.00400129901038,87.44488525390625,5737500
2024-02-20,87.57621000750295,88.28912888339775,87.30417507911227,87.67001342773438,8844500
2024-02-21,88.04523685695186,89.83690585335788,87.96080876653895,89.13336944580078,8284600
2024-02-22,89.0114203779153,90.12770036784133,88.30788401251493,89.84628295898438,8124700
2024-02-23,89.94009260988128,90.92504645240331,89.65868233826248,89.69620513916016,6845200
2024-02-26,89.45231077071269,89.649300108439,88.41107630220041,88.43921661376953,7043800
2024-02-27,88.47673920560273,88.79567943503118,87.8013431025707,88.29850769042969,5356100
2024-02-28,87.96081201738355,88.14842602704472,87.0227634393058,87.23851776123047,5622400
2024-02-29,88.6455845221535,89.20841219888223,88.15780244411987,89.02080535888672,11221100
2024-03-01,88.59868723353674,88.71125564174339,87.15409869030368,87.38861083984375,7995400
2024-03-04,87.29480714207108,87.53870180072369,86.3380006454238,86.73197937011719,7321000
2024-03-05,86.39427444026082,86.45993755584793,85.42808552944655,85.56879425048828,7137300
2024-03-06,85.6907428812146,86.32861625048973,85.47499569915077,85.97216033935547,4826900
2024-03-07,85.9440115847335,86.07533781050411,84.71516310539064,85.31551361083984,8792400
2024-03-08,85.00597225691465,85.85959281712564,84.98720727591382,85.41870880126953,7673300
2024-03-11,85.60631756482833,87.20099732818419,85.52188946900158,86.36613464355469,6702300
2024-03-12,86.30046883619451,86.97586495477398,85.55940960368328,86.67568969726562,9444900
2024-03-13,86.76010382241786,87.11656683298467,85.24046983165901,85.93462371826172,8254500
2024-03-14,85.45621720747975,86.0284273669531,84.80896860687677,85.98152923583984,8544800
2024-03-15,85.92524167940249,86.31922033412624,84.51816892103867,84.53693389892578,18136300
2024-03-18,85.12790864896344,85.76578196973779,84.92153681625076,85.3718032836914,7413900
2024-03-19,85.36241782927682,86.20666295344233,85.2310916051558,85.91586303710938,5676500
2024-03-20,86.10346432879771,86.89142155719395,85.85018725056936,86.86328125,5804400
2024-03-21,86.8914302722518,87.3979773227729,85.96276425800085,85.98152923583984,6287300
2024-03-22,86.05656660881141,86.09408940728154,84.48064485677615,85.09037780761719,6495000
2024-03-25,85.03410625184362,85.47499023493276,84.86525721910189,85.05286407470703,6903000
2024-03-26,85.34366239433893,85.36242021684839,84.6401259639803,84.76206970214844,6216100
2024-03-27,85.03411149541222,86.14100918792127,84.98720620024716,85.83145141601562,5863700
2024-03-28,86.1034770761187,86.525596060004,85.64383529150585,85.72825622558594,6784300
2024-04-01,86.13161592675654,86.36612805976957,85.3811742384179,85.85958099365234,4990200
2024-04-02,85.46561949497514,85.58756325220907,83.70209047691075,83.76775360107422,8276800
2024-04-03,84.0491400596057,84.27426968471164,83.1579968908693,83.20489501953125,6316400
2024-04-04,83.60826642441718,83.80525576520616,82.1824357477216,82.19181823730469,8057600
2024-04-05,82.4544744747251,82.48261478802281,81.45076274556351,81.46952056884766,7161400
2024-04-08,81.58208794061774,81.9479263223184,81.0098777217028,81.78845977783203,6322900
2024-04-09,81.78845788630078,82.17305408215228,80.96297055653476,81.73217010498047,6240700
2024-04-10,80.97234755590313,81.48827710202441,80.29695147979605,80.6252670288086,7413900
2024-04-11,80.672187837644,80.96298064317989,79.97803380665015,80.57838439941406,6841600
2024-04-12,80.12811245090072,80.21254054931144,79.06812007286292,79.65908813476562,8594800
2024-04-15,80.10935479871817,81.01926311904705,79.6590883052976,79.89360046386719,9676900
2024-04-16,79.56528504255255,80.85041425067645,79.19006415669402,80.12811279296875,8866800
2024-04-17,80.67218179003952,81.06616049511672,80.05306626199557,80.86917114257812,6870100
2024-04-18,81.08492475616362,82.20119774398083,80.71908636801655,81.75093841552734,11403300
2024-04-19,81.75092501827321,82.62331037552212,81.72278470944934,82.18242645263672,11900000
2024-04-22,82.62330626984352,83.12047078567178,81.92914528855363,82.71710968017578,8669000
2024-04-23,83.27057626302519,83.30809906817301,81.91040857094737,82.42633819580078,5670500
2024-04-24,81.6664963550341,83.43003203405041,81.56331045225159,83.25180053710938,7183900
2024-04-25,84.00224735874512,84.17109637767018,82.24809405973156,82.39817810058594,7284600
2024-04-26,81.98545123797264,83.72083976248506,81.95731092430783,82.78279113769531,7185300
2024-04-29,82.77340576750485,83.12048632302809,82.41694987891493,82.85783386230469,8522800
2024-04-30,82.18243911297562,83.47694361548666,81.77907792529753,83.00791931152344,14538400
2024-05-01,71.12285085854936,72.22036610003721,68.16799607576067,69.8283462524414,66610700
2024-05-02,70.25983881415972,70.49435095495683,68.80586067852067,70.28797912597656,23883400
2024-05-03,70.60692337801261,70.83206022166753,68.46817346049676,68.58074188232422,22153800
2024-05-06,68.76833181222027,69.59381905533817,68.19612166660151,68.38373565673828,18632200
2024-05-07,68.33683760526414,68.33683760526414,67.35189089054595,68.0085220336914,21901300
2024-05-08,67.81153341525213,69.85647962727982,67.7740106128511,68.94657135009766,24482600
2024-05-09,69.01223305666421,71.06656171655172,68.54320877133776,70.99151611328125,18591500
2024-05-10,70.64443288204261,71.58248141706055,70.40992074828813,71.3948745727539,15761900
2024-05-13,71.4980635733154,72.0796491098396,71.10408488920366,71.46054077148438,10953600
2024-05-14,71.50744546169325,71.97646974552329,70.84142468072112,70.94461059570312,10961100
2024-05-15,71.19789081016265,71.31983455282935,70.65382089966276,71.0102767944336,8826500
2024-05-16,71.06699240391373,71.40725254237024,70.37701845342131,71.15205383300781,10758500
2024-05-17,71.14259494228519,73.72289960118405,70.81178850166728,73.58112335205078,14436500
2024-05-20,73.42044666016469,74.02535192362528,72.50363509212737,73.28812408447266,11183800
2024-05-21,73.3070220362433,73.93083462682134,73.25031442293232,73.458251953125,8916600
2024-05-22,73.43934360010832,76.577292221945,73.19360580510707,76.29374694824219,22072200
2024-05-23,75.7077387741237,76.27483650956633,73.38263301108164,74.0158920288086,15841300
2024-05-24,74.19547515107158,74.87599531259285,73.8268612654207,74.5451889038086,10746200
2024-05-28,74.46957910103026,74.47903277366053,73.16525350858873,73.23141479492188,8833300
2024-05-29,72.8722518144014,74.02535477067183,72.617060326049,72.66431427001953,9268100
2024-05-30,72.87225270961716,74.5546460096802,72.83444522735238,74.44123077392578,9294200
2024-05-31,74.7436865702764,75.92514339943084,74.29945764874789,75.82117462158203,12669700
2024-06-03,75.3107794514948,77.61698533781579,75.25407183495895,77.57917785644531,12443400
2024-06-04,77.4752088029554,78.85514941826764,77.40904751355822,78.250244140625,12370000
2024-06-05,77.93833590418144,77.97614338448048,76.52058784264544,76.70962524414062,11275300
2024-06-06,76.70016427972442,78.3825573323757,76.48277309143135,77.00261688232422,9237800
2024-06-07,77.14439695293927,78.09900874580524,76.1897779490341,76.96481323242188,10852600
2024-06-10,77.02153475791015,77.36179491559741,76.40717573925032,77.12550354003906,8698600
2024-06-11,76.48278127844331,76.53004243214308,75.37693950784913,75.50926208496094,9024300
2024-06-12,75.60378079881588,75.78336453822018,74.83819910731748,75.02722930908203,8873400
2024-06-13,75.14065222767583,76.46388528144038,74.83819957633307,75.84007263183594,13947300
2024-06-14,75.61323903472116,75.99130667210285,74.77204232734313,75.28243255615234,7192400
2024-06-17,75.21626838178172,77.26727568145323,74.92326218822855,76.87030792236328,9845900
2024-06-18,76.56785022153149,77.22946310975738,75.22570988806808,75.80226135253906,9664500
2024-06-20,75.44309449520405,76.35045232434567,75.30131825698588,75.34857940673828,10183900
2024-06-21,75.6132291460998,75.84952048718135,74.81929370136469,75.52816772460938,25648400
2024-06-24,75.61322368363764,75.67938496591927,74.82873475727055,75.3580322265625,7396600
2024-06-25,75.61323665327481,76.32211074689926,74.54520228152177,74.9327163696289,15821600
2024-06-26,74.6680687144803,74.93271388020827,74.08206355391127,74.80984497070312,10708100
2024-06-27,74.7153285658887,75.08394249900898,74.3656147681162,74.89490509033203,10289600
2024-06-28,74.40341982819207,74.55464253917188,73.3542856800613,73.58112335205078,13207500
2024-07-01,73.71345477828598,73.93084601452877,72.56980539710709,72.9006118774414,6767600
2024-07-02,72.89115662553176,72.97621804834404,72.09721395741946,72.61705780029297,8854100
2024-07-03,72.62651387626403,72.8155513037149,71.89873961093961,72.07832336425781,4906700
2024-07-05,72.05941357232071,72.08776738271668,71.28437817365636,71.87983703613281,9663100
2024-07-08,72.15392722794803,72.25789600467165,70.38647244572668,70.48098754882812,8871200
2024-07-09,70.53769645204486,70.54715012583907,68.74188782731903,68.76078796386719,11816900
2024-07-10,68.98761083696992,69.1577408735152,68.38270564281754,68.533935546875,11132500
2024-07-11,68.37326681972259,69.46966222912788,68.12752898882025,69.28063201904297,12316100
2024-07-12,69.75320359019835,70.94410670298305,69.35622867489765,70.72672271728516,10559300
2024-07-15,70.7834414934125,70.79289516720671,68.54339673284191,68.76078796386719,9064400
2024-07-16,68.25039690286263,71.36944580078125,67.62659144990302,71.36944580078125,14968700
2024-07-17,71.09535605928957,71.95545298708112,70.46209685153609,70.98193359375,11567800
2024-07-18,70.3770100101871,70.99136892041916,69.76265109995504,70.12181854248047,10701000
2024-07-19,70.56606455786326,75.02723996825263,70.12183558846068,74.92327117919922,32965900
2024-07-22,74.03481031408188,74.16713289820571,71.84202679154987,72.3524169921875,18851500
2024-07-23,72.91006641192007,72.91006641192007,71.86093212544944,72.07832336425781,9592100
2024-07-24,72.18228516308375,72.29570039754101,69.96114067443118,70.58495330810547,10478200
2024-07-25,70.94410807145125,71.61517459713478,69.24281478706801,69.29952239990234,18973600
2024-07-26,69.791003262253,70.90629862022044,69.66813436751659,69.98949432373047,12387100
2024-07-29,70.31085719739912,71.44505285215686,69.67759807701003,71.0764389038086,10864700
2024-07-30,71.12370476615114,71.8798400600414,70.745637119206,71.77587127685547,16163600
2024-07-31,75.18790662327923,76.78523116438188,73.53386725755942,73.6756362915039,18901100
2024-08-01,73.6189376279673,73.85522899465381,69.78156814051117,70.99137878417969,17307200
2024-08-02,70.99136500385453,72.46582053823496,70.81178129249938,71.7191390991211,15185700
2024-08-05,69.80046759098262,70.88740930926606,68.7324332200308,69.80992126464844,12372900
2024-08-06,69.86662737176943,71.82311953790044,69.79101240616049,71.23712158203125,10525500
2024-08-07,71.17096032629799,72.61706229186863,71.03863774193466,71.16150665283203,7297000
2024-08-08,70.95357016345221,71.9743505818339,70.69837866437686,71.59628295898438,8988300
2024-08-09,71.50177072215334,71.70025460962145,70.65112033940393,70.97247314453125,4683600
2024-08-12,72.33350859755676,74.12932434170533,72.10667091535016,72.80609130859375,13123000
2024-08-13,86.02895319520067,90.74533382415895,85.33898647806897,90.64136505126953,157215500
2024-08-14,90.1593321054193,90.6035610226901,86.41647777185621,88.75103759765625,45737800
2024-08-15,88.95897891582247,89.75291446970232,87.88149082924814,89.67729949951172,21109800
2024-08-16,88.77395526075117,90.95146637357311,88.71690491212718,90.15272521972656,16336300
2024-08-19,89.71532461764949,90.22879953247582,87.60437460823759,87.76602935791016,14479000
2024-08-20,87.75652880955113,89.21137094436526,87.60438485197996,88.441162109375,11536200
2024-08-21,87.94669479524589,88.792975544486,87.68996095470156,88.22245025634766,6769200
2024-08-22,88.11785711220314,88.27000106508721,87.26206551378766,87.8896484375,10010300
2024-08-23,88.2890171907818,89.78189529873882,88.27000282360397,89.40154266357422,11483700
2024-08-26,89.57269367792755,91.21771560757307,89.55367931230121,90.93244934082031,13882800
2024-08-27,90.71374746125785,93.87066160245983,90.57111433421653,93.75655364990234,17456300
2024-08-28,93.39522935488202,93.86115749885879,89.74385441300655,90.61866760253906,14866300
2024-08-29,90.78030766357985,91.12262426302391,89.64876072349409,90.20027160644531,8781300
2024-08-30,90.32388171212551,91.2177091806602,89.80090326608958,89.92451477050781,7117200
2024-09-03,89.50613722585209,90.15273451050753,88.46968376105214,88.6028060913086,11234000
2024-09-04,88.78347723684232,89.36351336954544,87.45224664941509,87.79456329345703,7193500
2024-09-05,87.6424217074635,88.4506665398337,86.72006890578729,87.06238555908203,8370100
2024-09-06,87.00533697691671,87.63291993896944,85.75017830743465,86.67253112792969,9257000
2024-09-09,86.73909089560895,87.82309121742887,85.96888204974304,87.68045806884766,10089700
2024-09-10,87.59488637905214,88.9261098119397,86.66302272140724,88.75495147705078,7327000
2024-09-11,89.45859319945035,93.5188385780703,89.05922622869217,93.37620544433594,19302900
2024-09-12,93.62344804616029,94.4316929041855,92.55846206270301,94.40316772460938,14653500
2024-09-13,94.26052427941676,94.62186252692095,93.66147380986051,93.72803497314453,9899900
2024-09-16,93.68049524802349,93.75656722741164,91.26527156674737,91.57905578613281,9263400
2024-09-17,91.75021441202804,91.7977612129567,90.52358094522612,91.70267486572266,6281700
2024-09-18,90.85639157900893,92.80568703563516,90.64719726799215,91.39839172363281,8793800
2024-09-19,93.15750709595967,93.85164388600668,91.59806795260015,92.14006805419922,8752600
2024-09-20,92.09251553113027,92.2921990030251,90.63767362545221,91.33181762695312,19541000
2024-09-23,91.33182555439002,91.33182555439002,89.71532876528825,90.78982543945312,8382800
2024-09-24,90.78031672203936,91.11312254509043,89.5631941379538,89.81041717529297,8606800
2024-09-25,89.62976369370786,91.24625341679057,89.59172770256639,90.92295837402344,8632900
2024-09-26,93.66147863409496,94.27955075620903,92.23516170058083,92.68207550048828,9876800
2024-09-27,92.85323197367447,93.32867094204492,92.41582899332839,92.57747650146484,6319900
2024-09-30,92.60600160898237,92.89126789163866,91.67414529426794,92.70108795166016,6436400
2024-10-01,92.70108569264731,93.31915778692566,91.61708545236586,92.64403533935547,7171600
2024-10-02,92.073503649802,92.23515114265402,91.16066178739845,91.75971221923828,6346000
2024-10-03,90.9419624766255,91.65512090712264,90.6281710260973,90.86589050292969,5556400
2024-10-04,91.44591391261014,91.97841039993905,90.47602177380462,91.83577728271484,6818900
2024-10-07,91.46495138580065,91.77873559254114,90.67572095435548,91.36985778808594,7478900
2024-10-08,91.33182631922948,92.12104947241505,90.599646264643,91.48396301269531,6595200
2024-10-09,91.7407062087722,91.7407062087722,90.77080665409099,91.17017364501953,3344800
2024-10-10,90.73276248499349,90.78982008899771,89.15430903023994,89.2684097290039,5459500
2024-10-11,89.5156429851883,91.24624043548901,89.392031472532,90.85638427734375,4834800
2024-10-14,90.72326619319978,90.8373669010987,89.70581985028214,90.10519409179688,4124700
2024-10-15,90.0196096358076,91.25575381567498,89.92452329611535,90.3714370727539,6264100
2024-10-16,90.76128691979864,91.13212869700291,89.46809247711937,90.77079772949219,7537100
2024-10-17,90.64720654211081,91.4649622481375,90.12422071106218,90.59014892578125,5577300
2024-10-18,90.9800008133074,92.09252625250782,90.37143951726839,92.08301544189453,6178300
2024-10-21,92.1876124269932,92.42533190953276,91.17968414250477,91.71217346191406,3994300
2024-10-22,91.61708160033847,92.41582278595502,91.22722544486443,92.06399536132812,6670900
2024-10-23,89.25890851040869,92.91978686890326,89.08775020316004,92.85322570800781,18858800
2024-10-24,92.89126731119751,94.53628206765069,92.09252607752467,92.37779235839844,9828600
2024-10-25,92.44434695993887,93.1479945469475,91.69315257795272,92.52992248535156,9665600
2024-10-28,92.85322743099857,94.27003345613345,92.758141092901,93.20504760742188,6790900
2024-10-29,92.93880863860855,93.2335857357349,91.61708887079786,92.60600280761719,7664200
2024-10-30,92.58698313687411,93.32866673334578,92.04498302755844,92.53943634033203,9187200
2024-10-31,92.53943348846458,94.13690859110459,90.66620293454847,92.90076446533203,12011500
2024-11-01,92.805671540441,94.897607046708,92.58697370970943,94.01329040527344,8860200
2024-11-04,93.7470544272686,93.95624873883584,91.94989566643821,92.26368713378906,7049100
2024-11-05,92.10203426160585,92.68207036278461,91.42691182105509,92.32073211669922,6348300
2024-11-06,92.20663232414765,93.40474052503977,90.12420737455798,91.3603515625,9708800
2024-11-07,91.34133411314082,91.94039186825668,91.0560750791732,91.39839172363281,6195200
2024-11-08,91.38886657160366,92.84370845494476,91.3127946059673,92.75813293457031,6118700
2024-11-11,93.18603508167735,96.42853223357501,93.13848828437841,95.38256072998047,10313300
2024-11-12,95.21140901933181,95.6012724712774,93.58540855273485,93.94674682617188,8438400
2024-11-13,92.56796585291627,95.03074348579219,91.50298720486005,94.89762115478516,8816300
2024-11-14,94.54579402436323,95.10680852769349,94.27003855074187,94.35562133789062,6441500
2024-11-15,94.81485756529038,95.88643074919553,93.75285401949463,94.16426086425781,8119900
2024-11-18,94.18339956990938,96.25956575787143,93.69545022221719,96.05864715576172,7041500
2024-11-19,95.47501823581818,95.96296755749549,93.9537670445282,94.09728240966797,9176200
2024-11-20,93.76242519392801,94.47999477449379,92.91090987561624,94.01118469238281,7527700
2024-11-21,95.19756209348273,95.99167416232227,94.23123303741892,95.73334503173828,6760600
2024-11-22,95.67594946884527,98.12525143940911,95.45589157328885,98.0678482055664,6563300
2024-11-25,98.47925007090416,98.85238567089266,97.37897524808115,97.4363784790039,8839600
2024-11-26,97.57988285367631,97.67555732759205,96.12561187147159,96.32653045654297,6558300
2024-11-27,96.39351203848685,97.61816293418313,96.36481042366508,97.12065124511719,4857800
2024-11-29,96.98670724537422,98.06784278681546,96.89102546159576,98.02957153320312,3419300
2024-12-02,97.58946131936138,97.79037992260888,95.55156637256943,97.12065124511719,6103200
2024-12-03,96.71881466569364,97.70428308547397,95.57070618175919,97.17806243896484,7101500
2024-12-04,96.52745923670794,97.57989315992648,96.02994754010298,96.34567260742188,6151100
2024-12-05,96.63270044651523,96.9197311894217,94.90096824959926,94.93923950195312,7194800
2024-12-06,94.65221252373355,96.26913832739439,94.1834024378686,95.78118896484375,6297000
2024-12-09,95.74291680566968,96.22129652535415,94.25993675484975,95.01577758789062,7271600
2024-12-10,94.85312456235596,94.958368678352,93.70501622357432,93.9155044555664,8192500
2024-12-11,94.24080337014284,95.0923186745023,93.74329168088036,94.16426086425781,8007300
2024-12-12,93.97291520432837,94.69048479837548,93.20750471754664,93.5902099609375,6375900
2024-12-13,93.1309617642492,93.8389690159648,92.74826382218117,93.20750427246094,5910900
2024-12-16,92.75783600428655,92.80567690186946,89.07431317478166,89.09345245361328,12395900
2024-12-17,88.9882031081134,89.8779897347858,88.06971486437021,88.10797882080078,8536100
2024-12-18,87.80180784945229,88.26105557805901,85.76391293384214,86.0126724243164,10886600
2024-12-19,86.33795862315833,87.62001990220435,84.83584678917161,84.92195892333984,14628400
2024-12-20,84.06087070264746,85.30466068315863,83.30502999750533,84.1661148071289,26477500
2024-12-23,83.71645321987663,84.08001918889889,82.56834478123078,83.65904998779297,11203700
2024-12-24,83.62078642112516,86.03181728374378,83.40072851208049,86.02225494384766,5422000
2024-12-26,85.5055877706479,88.06970318160256,85.5055877706479,87.8879165649414,7538700
2024-12-27,86.96943125756,89.1699735064067,86.95029198176853,88.26105499267578,8200400
2024-12-30,87.34256734760645,87.37126896196516,85.95526182447735,86.66326904296875,8404500
2024-12-31,86.80677912078337,87.80180242218536,86.67282609611954,87.30429077148438,4220700
2025-01-02,87.59132314031775,88.65332662372874,87.45737741263481,88.18450927734375,8640900
2025-01-03,88.40458048099298,89.09344849842732,87.83052623296295,88.57679748535156,4964900
2025-01-06,88.06013262451914,90.41375978097338,87.9644581481419,89.10299682617188,8768100
2025-01-07,88.7681430319163,89.60052640400991,87.88792606571106,88.82554626464844,6638300
2025-01-08,88.9499280048258,88.9881992590967,88.03143980081008,88.5959243774414,6243700
2025-01-10,88.2036517642913,88.77770594662108,87.95489227546689,88.26105499267578,6550300
2025-01-13,88.28019621150135,89.54311846464701,87.42868083700517,89.46658325195312,6912100
2025-01-14,89.94494939513388,90.7868950033452,88.51937269440253,89.04559326171875,6406200
2025-01-15,90.0310672569446,90.38507089884628,88.93079237489488,89.05517578125,4554700
2025-01-16,88.85425173922368,90.67208883396226,88.85425173922368,90.34679412841797,6548200
2025-01-17,91.44706374197426,91.71495520177247,90.98781602553818,91.01651763916016,8361900
2025-01-21,91.28442227714456,94.31734797009995,91.28442227714456,93.74329376220703,8803100
2025-01-22,93.74329447766331,94.27907743585314,93.24577547406247,93.50410461425781,7678900
2025-01-23,93.7624306617735,93.79113227875064,92.82480314337766,93.75286102294922,7901800
2025-01-24,93.56150031027856,94.7287479176076,93.39885296814116,94.53739166259766,6957100
2025-01-27,94.25992931361685,95.99166872582138,93.8580921326833,95.695068359375,9654900
2025-01-28,94.66176941934438,96.32652859163011,94.32689781788085,96.06820678710938,14736500
2025-01-29,98.25919817341565,105.32008798694217,98.24006619510746,103.88494873046875,40769300
2025-01-30,104.28678131103516,105.56883548577999,103.35872346539384,104.28678131103516,15023000
2025-01-31,104.28678701242958,104.63122102138442,102.85164774161633,103.02386474609375,19136900
2025-02-03,101.14860560385895,103.75099235696312,100.95724934289836,103.48310089111328,8894100
2025-02-04,103.97103536498827,106.26725923291588,103.45438444724248,105.81758117675781,11123700
2025-02-05,105.41575610160233,107.5588952177868,105.10959337071883,107.39624786376953,12826000
2025-02-06,107.20489727556229,107.45364947224614,106.24813784356081,106.87002563476562,11967300
2025-02-07,106.6116948125104,107.75024077645088,105.30093187334776,107.34839630126953,11502400
2025-02-10,107.71197932385427,107.71197932385427,106.20029765934687,106.6308364868164,8348400
2025-02-11,106.08548090525048,107.23359657859542,105.8271590759575,106.22899627685547,4683100
2025-02-12,105.77931780709261,108.29559972167742,105.62624009755804,108.15208435058594,7269400
2025-02-13,108.22862142923884,108.4965128821153,106.70737025112663,108.11380767822266,10046300
2025-02-14,108.52745459607397,109.1527250381766,107.76751142356318,108.26773071289062,9115000
2025-02-18,107.54625696566372,109.04690002221768,107.37310527920651,108.72945404052734,7574100
2025-02-19,108.16192113076491,109.02767234684515,108.06572002754376,108.21001434326172,8268900
2025-02-20,107.90217426599638,109.18157242674529,107.70016518889592,109.02765655517578,6343800
2025-02-21,109.01804759523932,110.3166816332466,107.38272440665239,107.49816131591797,9664700
2025-02-24,108.06571179479019,109.57598386658576,107.63283621972776,108.88337707519531,13120500
2025-02-25,108.7775599555795,110.85537295653337,108.38315601841171,110.2301025390625,11001800
2025-02-26,110.24934331479017,110.42249500605976,107.98875709035201,108.70059967041016,7466800
2025-02-27,108.70060433415455,111.29787247552002,108.5082168196509,110.1339111328125,9013700
2025-02-28,110.6822223437124,111.67303197627677,109.92227919370836,111.4036865234375,11466000
2025-03-03,111.62494054759428,112.99091098826672,109.75875082443319,111.01891326904297,9225500
2025-03-04,110.61487631046532,110.8842217397582,107.73864142035555,107.79635620117188,12482400
2025-03-05,107.32501565992328,108.23886739090703,106.01675997109353,107.4404525756836,11926800
2025-03-06,105.82436379212429,106.22838195555869,100.91840902997157,101.45709991455078,16321700
2025-03-07,100.7452639559498,102.79421963858928,99.5043446532425,102.42868041992188,11637400
2025-03-10,101.70722067661656,101.96694457036881,96.00284320095497,97.28223419189453,15823300
2025-03-11,98.0133058918802,99.08107338637696,95.23326471117785,95.79119873046875,10663500
2025-03-12,96.48380987277383,96.48380987277383,93.28050724298555,94.93506622314453,9461200
2025-03-13,94.95430551607386,95.10822139852283,92.28007944098526,92.38589477539062,9274300
2025-03-14,92.84762833021475,94.51180895890454,92.50133227074649,94.37713623046875,8240900
2025-03-17,93.992356798529,95.66615171790787,93.30937155751299,95.31023406982422,10131700
2025-03-18,95.4545237014187,95.58919642746217,93.96349479850625,94.54066467285156,7423400
2025-03-19,94.53103693514046,95.74309872965729,94.22321253294236,95.4160385131836,4982700
2025-03-20,95.08897712699167,95.89702082213316,94.91582543082656,95.50261688232422,5952800
2025-03-21,94.21360242535242,94.28093878693777,92.62637980042568,93.37670135498047,11366000
2025-03-24,94.30017896856107,94.46370909153866,91.99149207441212,92.07807159423828,8265000
2025-03-25,92.53018955912661,93.28051114216422,91.16421178222113,92.23197937011719,6984800
2025-03-26,92.34742254649983,94.6464879998513,92.34742254649983,94.24246978759766,9561600
2025-03-27,94.17513745203826,96.11827798879452,93.82883401552898,95.0889892578125,9141000
2025-03-28,94.27132820860996,94.74268279470112,93.3670906711538,94.01160430908203,8066200
2025-03-31,92.9438312215807,95.06012328567554,90.98144770476434,94.35789489746094,11302900
2025-04-01,94.12703003218549,95.13708287151009,93.43442320969015,94.4925765991211,5868400
2025-04-02,93.70376591699024,95.9547305083981,93.70376591699024,95.62767028808594,6043300
2025-04-03,89.79824237543502,89.83672134668814,84.31511740635011,84.90190887451172,20490100
2025-04-04,81.4388830239663,82.17958304559407,78.20672279681827,78.97628021240234,19700100
2025-04-07,75.63830708749519,80.10176519482411,73.25266948139542,76.95618438720703,26099400
2025-04-08,79.90937008274872,80.30377401306222,75.6960220296536,76.65797424316406,20534600
2025-04-09,76.20584949401461,85.73879135867577,74.96493035615771,85.30591583251953,26668100
2025-04-10,82.83371460441032,83.28583336766076,78.5626439683927,81.38116455078125,16209300
2025-04-11,81.21763598234133,82.55474914159858,78.9570494616692,82.1795883178711,10059700
2025-04-14,83.03571919923108,83.46859478272104,80.22682034756265,82.23729705810547,8880500
2025-04-15,82.24691208205003,82.78560295886668,80.28452873764442,80.52501678466797,7088600
2025-04-16,80.13062301287441,80.34224633681887,76.85036241370938,77.68726348876953,13080800
2025-04-17,78.15861321665759,79.40915396376913,78.11051267287922,78.39910125732422,9787500
2025-04-21,77.30247376864418,77.74497086783494,75.15731728912641,77.61029815673828,10595600
2025-04-22,78.79351091176123,80.31338986186582,78.51454388355447,78.63959503173828,10408600
2025-04-23,80.80398913882274,82.47778400174664,79.5053550669143,79.65926361083984,9114400
2025-04-24,79.2552481205774,80.93866461819225,78.47606911876915,80.66931915283203,6798100
2025-04-25,80.44805650853235,80.79435987330359,79.32257424258208,80.62120819091797,5799400
2025-04-28,81.12143394511898,81.82365496855043,80.10175958283041,80.70779418945312,7091400
2025-04-29,80.45768930050166,81.8332813747849,80.03442794253341,81.62165069580078,16356900
2025-04-30,73.46429553781375,77.22552499661326,72.62739444320862,77.00428009033203,41297000
2025-05-01,77.63916855819097,79.56307314099074,77.21590720145869,78.88970947265625,18326700
2025-05-02,79.44762977136564,81.6024080132564,78.92818203461813,81.46773529052734,13512900
2025-05-05,80.80399688321589,80.88095483211107,78.48568821176798,78.55303192138672,13361900
2025-05-06,77.91814280737391,80.19797259085598,77.54298196617125,79.63041687011719,10709500
2025-05-07,79.81318185236199,80.06329150013414,79.0147596985097,79.56307220458984,8224800
2025-05-08,80.16909780902323,80.41920745152316,78.58188245164258,79.06285858154297,8759800
2025-05-09,79.27448600756628,79.52458830071406,77.14856514201918,77.24476623535156,8210700
2025-05-12,80.4673058825411,83.24734725307536,80.45768430524457,82.41044616699219,17241500
2025-05-13,82.60284298900397,83.82451912675107,81.8621356408668,83.57440948486328,11533700
2025-05-14,83.41088272907669,84.29587708025994,82.4777878274344,83.24735260009766,12741500
2025-05-15,83.24734986025992,84.44016861342769,82.55474305548078,83.93995666503906,13721900
2025-05-16,83.9108935380484,84.1918244451963,81.6440750486525,82.89373016357422,13109500
2025-05-19,81.80875333155926,82.47717537498188,81.47939066080423,81.96375274658203,9568100
2025-05-20,81.87656659209627,83.45559177706696,81.80875619334643,82.91310119628906,9310600
2025-05-21,81.77001873096975,82.83561394398473,79.92944114988228,80.3847427368164,10875400
2025-05-22,80.61722973254177,81.83782430343821,80.13286762878055,81.3437728881836,8440400
2025-05-23,79.99725231722329,82.17688193362837,79.9875630050654,81.76033020019531,7088200
2025-05-27,82.75811025062731,84.36618860952082,82.55467905171315,84.2886962890625,10922300
2025-05-28,84.69556348156699,84.8602448341851,81.89595092394049,83.31028747558594,12328500
2025-05-29,82.24468637282662,83.01966130132422,81.08221289391149,81.42127227783203,10308700
2025-05-30,81.31471230536465,81.6343856767011,80.58816915007235,81.32439422607422,7394100
2025-06-02,80.67535268022897,82.63217976338291,80.58817104711564,82.52561950683594,8258900
2025-06-03,82.40937073566299,84.75368162081247,81.76032726916597,83.89151763916016,8287700
2025-06-04,83.92057868861474,85.7708455442479,83.32965630786755,85.35429382324219,8740900
2025-06-05,85.42210954480983,85.6449193869924,84.1433937573279,84.26932525634766,8476100
2025-06-06,85.63523256523241,87.07862975282465,85.48023312428768,86.8364486694336,8772900
2025-06-09,86.29396046112399,88.2895301088261,86.29396046112399,87.834228515625,8097300
2025-06-10,87.08831055549982,89.01606972149776,86.72987992642527,88.5704574584961,6911100
2025-06-11,89.22917938799182,92.91033400457434,89.1226191434059,92.4065933227539,14835500
2025-06-12,91.71881273410038,92.09661460218533,91.03101940013087,91.37007141113281,7183300
2025-06-13,90.57571531707676,91.65099980140815,90.2463526271342,90.34322357177734,7119900
2025-06-16,91.04069751702617,91.4766204217414,90.03322352909329,90.55633544921875,5871000
2025-06-17,90.24634498327612,90.29477675610585,87.95046609671971,88.7254409790039,6183000
2025-06-18,89.00638393301452,89.68449536155708,88.37671906542603,89.39387512207031,7319300
2025-06-20,90.16885359828312,90.86633623024527,89.5101208226277,90.20760345458984,9197000
2025-06-23,90.28509161546567,90.29478092679065,87.90203099327577,89.45198822021484,7533000
2025-06-24,90.0041644892762,90.90507085528225,87.48547578203018,88.63825988769531,11373900
2025-06-25,88.89013975444888,89.12263150635154,87.78579469443689,88.25077819824219,6929600
2025-06-26,89.21949119367098,89.31636212883971,87.59203435418893,88.96762084960938,6571600
2025-06-27,88.89981693919044,89.82010936735496,87.50485911131635,89.22918701171875,21491600
2025-06-30,89.52949902499704,91.21508464704985,88.231411996177,88.76420593261719,10083300
2025-07-01,88.67700900031903,92.86189700543072,88.67700900031903,91.9512939453125,9828400
2025-07-02,92.30004650402623,92.31942512810346,90.43040838267041,91.23445129394531,7942300
2025-07-03,91.25382896435,91.68975934748366,90.82759528471858,91.486328125,3557300
2025-07-07,91.21508262717795,91.98036831183131,90.06229835787259,90.71134185791016,5311200
2025-07-08,91.11819818917863,92.75534449359273,90.84695658884999,91.9706802368164,6985700
2025-07-09,94.49905728384867,94.82841999430987,91.69944468180935,92.27098846435547,8322400
2025-07-10,91.91255073605979,92.74565415111213,90.62415314881859,92.17411041259766,6913600
2025-07-11,91.41850772449617,92.33879278143681,91.19569790092376,91.9706802368164,6339800
2025-07-14,90.75008508791677,91.02132668658167,89.38418039220949,90.49821472167969,6048300
2025-07-15,90.69196867093729,91.35070146909972,89.26794281382296,89.5876235961914,8567900
2025-07-16,89.76199407808639,90.36259839319483,88.6963914723528,89.61668395996094,7136900
2025-07-17,87.8923527902004,90.37228445819345,87.73735336556116,90.2754135131836,8589000
2025-07-18,91.09882474662847,91.50568713725119,90.33353174096433,90.8663330078125,5172800
2025-07-21,91.35070060208464,92.30973554930809,89.7135542389296,89.76199340820312,7217300
2025-07-22,90.04291924574505,94.12125498546405,89.94604829549642,93.90813446044922,9992400
2025-07-23,94.30530466562256,95.10934757037354,92.55191613061818,92.92002868652344,11275300
2025-07-24,92.5131614795196,92.59066118962451,90.49821336146663,90.76945495605469,7897600
2025-07-25,90.47883880430261,91.52506267993364,89.42292561756976,91.46693420410156,7224100
2025-07-28,91.9609891611295,92.74565340285416,90.53696339594096,90.74039459228516,10333600
2025-07-29,90.3335355924472,91.43788063738205,88.90950977377345,90.05260467529297,20923600
2025-07-30,94.77029550053484,95.79714084426953,87.2529932234138,89.8588638305664,44794700
2025-07-31,88.7351343295109,90.15916007139438,85.66428042087097,86.37145233154297,16565400
2025-08-01,85.6255337237092,85.7320939798052,82.81623199084785,84.14338684082031,16221300
2025-08-04,84.35650866335646,87.2917419304803,84.22088786090568,86.97206115722656,12500400
2025-08-05,86.84612762334747,87.7276628185374,86.51675754601659,87.37892150878906,6994400
2025-08-06,87.3886089240503,87.5339190317554,86.0420828814892,86.2067642211914,7869100
2025-08-07,86.92363101827968,88.50264889988287,86.69113187474163,88.17327880859375,9891800
2025-08-08,87.93109275460925,89.32605797356884,87.91172152246999,89.23887634277344,8035300
2025-08-11,89.16137062520787,89.54886175889733,87.65984525370315,88.8707504272461,9504400
2025-08-12,90.51760136026071,91.88349878613957,90.16886001944485,90.44979095458984,9669300
2025-08-13,90.26572703191182,91.72850273700067,89.83948599156761,91.23445129394531,6493400
2025-08-14,90.68226870964008,90.68226870964008,89.20012193552418,90.14946746826172,9803500
2025-08-15,90.24699314594089,90.42251433202212,88.12123986542156,88.34551239013672,8059700
2025-08-18,88.06273150328026,91.25136527634035,87.66293777586982,90.23724365234375,7376200
2025-08-19,90.23722693954679,90.65652707719904,88.47226952827616,88.66728973388672,6815800
2025-08-20,88.69655382755347,89.04759619601641,87.22412652869757,87.28263854980469,5814000
2025-08-21,86.81457554281013,86.97059767244933,85.91747061601862,86.35626983642578,5669200
2025-08-22,86.9120926679624,87.61417742890855,86.11249778789491,86.18075561523438,7625500
2025-08-25,86.02473874661632,86.12224886328258,83.57719538870485,83.6747055053711,11013500
2025-08-26,83.7527052472373,85.03010471375454,83.44066845238027,84.47428894042969,9315200
2025-08-27,84.47430006945976,86.11249531816853,84.34753766219208,85.47867584228516,7677900
2025-08-28,86.02473194211895,86.25875769151567,85.4201573633376,85.82970428466797,7905600
2025-08-29,85.8102089756766,86.36602480441454,85.22514085693321,85.9954833984375,6315200
2025-09-02,85.65419373138394,87.75069481173479,85.01062098087237,87.5459213256836,10466200
2025-09-03,87.17537360998767,87.25338467701944,84.14276219491732,85.07887268066406,10201000
2025-09-04,85.0008633304824,85.58593146594824,84.24027401042233,84.8448486328125,6799200
2025-09-05,84.69856950722509,85.17637422552173,82.9433578733173,83.30415344238281,9047200
2025-09-08,83.37242187280475,83.37242187280475,81.5977109679479,82.07551574707031,9213700
2025-09-09,82.10475903731569,82.57281796114631,81.19790091702355,81.7244644165039,8635800
2025-09-10,81.78298189430289,81.90974429652572,80.71034833878406,80.81761169433594,8108000
2025-09-11,81.21741268366142,81.84148632965749,80.08627455057812,80.31055450439453,12046600
2025-09-12,80.3203128815871,80.48608082700035,79.179421432487,79.86200714111328,9996200
2025-09-15,80.03751344020264,81.7829717630397,79.94000333983811,80.6225814819336,9685900
2025-09-16,80.96387904165637,82.62158067983056,80.93462675243443,82.27053833007812,10244300
2025-09-17,82.37781065035145,82.74835208673682,80.89563002571923,81.14916229248047,6632200
2025-09-18,81.07114594866208,81.51969842866338,80.57383469145731,81.34417724609375,7163700
2025-09-19,82.03651034911773,83.09939070882362,81.30517331392795,82.455810546875,15315900
2025-09-22,82.13402015449698,83.27490403623753,81.60745664610648,83.16764068603516,7881700
2025-09-23,83.03112994201507,84.03549824443868,82.73859216248334,83.55769348144531,8765500
2025-09-24,83.4504341350665,83.51869196163133,82.03651138544453,82.17302703857422,9664000
2025-09-25,82.436311911746,82.56307432024352,80.82736893837033,81.74398040771484,8670500
2025-09-26,81.76347863403689,82.51432215252434,80.8371213699521,81.31492614746094,6955500
2025-09-29,81.56845525532786,83.70395424605667,81.47094514279758,83.5089340209961,11222800
2025-09-30,83.10913216607027,83.12863121084355,82.0852574861895,82.49480438232422,7574200
2025-10-01,82.35829400630847,83.0213731640768,81.87073602087717,82.29978942871094,8155200
2025-10-02,82.15352728845762,85.08862868474398,81.93900056693207,84.56206512451172,9461500
2025-10-03,84.34754232318865,84.73759024958646,83.8209787384834,84.26953125,7634500
2025-10-06,84.142757491182,84.142757491182,80.01801368688214,80.0667724609375,14996700
2025-10-07,80.11554271501238,80.40807308262893,78.77963097363919,79.2671890258789,10070100
2025-10-08,79.11115931933456,79.11115931933456,77.94102308158061,78.04828643798828,12397700
2025-10-09,78.12630500194074,78.45784090662116,77.4534725089128,77.79476165771484,9075700
2025-10-10,77.67775026243923,79.1891757180161,76.4588551662263,76.50760650634766,11129800
2025-10-13,76.88789883843042,78.43833722213498,76.5563629533441,78.03853607177734,8052000
2025-10-14,77.2779466643752,79.45245872088613,77.06341994387559,79.13066864013672,7510300
2025-10-15,79.6669728504375,81.24666342143405,79.54021045085942,80.79811096191406,11094300
2025-10-16,81.12965548709309,82.77760405527549,80.97364078168953,82.24128723144531,11552100
2025-10-17,82.15352154293957,83.80146993436614,81.9292415935177,83.23590087890625,8527600
2025-10-20,83.55768218182943,84.191501552528,82.32903408931055,82.42654418945312,7679700
2025-10-21,82.04626017647107,84.3572877896819,81.56845541644755,83.76246643066406,8262500
2025-10-22,83.6259458650534,83.85997160972907,82.78734555379256,83.3724136352539,5286300
2025-10-23,83.35292460277184,83.7624715650388,82.86536656972685,83.31391906738281,4565500
2025-10-24,83.9574918912048,84.67907569780165,83.72346611816842,83.94773864746094,5844600
2025-10-27,84.13300258325782,85.26414065096321,83.96723465802164,85.04961395263672,7164600
2025-10-28,84.73757503681682,85.36164863119646,83.1871368536076,83.30415344238281,11545600
2025-10-29,82.04626345603864,82.77760049001061,81.20766306192051,82.07551574707031,13881700
2025-10-30,80.18379710743618,83.90874016928547,79.22818009261158,81.08090209960938,18337500
2025-10-31,80.71034999104609,80.72010323435357,78.223808594868,78.85763549804688,13598000
2025-11-03,78.91613650489249,79.88149924135836,78.59434644622236,78.94538879394531,9525100
2025-11-04,79.15992502536051,79.17942407389395,76.04930229632443,77.6192398071289,17774600
2025-11-05,77.61923239308447,81.04189164854753,77.07316981176194,80.81761169433594,17996200
2025-11-06,80.51533087306908,81.76347821003306,79.82299937958264,80.17404174804688,10382800
2025-11-07,80.29104595000376,83.81121522103271,79.72548433757505,83.440673828125,15009900
2025-11-10,83.91847271618107,84.00623701652079,81.93898861198596,82.49480438232422,10507600
2025-11-11,82.86536913033144,84.87410590789388,82.7873580571428,84.26953125,9575800
2025-11-12,85.44941120049435,86.84382735847308,84.96185320734857,85.088623046875,11975800
2025-11-13,84.60107647196216,85.11788682412117,84.04526058234174,84.2890396118164,10507700
2025-11-14,84.08276555309472,84.95688784591898,82.50148646308895,83.26757049560547,13434600
2025-11-17,83.67027012313594,85.30065294365663,81.9613051571012,82.19702911376953,8547200
2025-11-18,82.11844859405777,82.34434133644379,80.8711004323427,81.84344482421875,7189400
2025-11-19,81.77469678421356,82.88453560711024,81.54879654051886,82.18720245361328,6195100
2025-11-20,82.53095306820148,83.70955027059682,81.06753588918349,81.14611053466797,8966300
2025-11-21,81.0478914700454,85.03546870259422,81.0478914700454,83.82740783691406,10227700
2025-11-24,83.7390179720964,84.06312528726342,81.35236732549919,81.85326385498047,10805800
2025-11-25,81.35236950730528,84.48545692655325,81.34254580255464,84.37742614746094,9265300
2025-11-26,83.97473812344343,85.73280663949177,83.97473812344343,85.15332794189453,7602600
2025-11-28,85.47744036408069,85.72298052713656,84.85868185076473,85.55601501464844,3677600
2025-12-01,84.67206800993199,84.95689549518012,83.25775428822847,83.395263671875,8752100
2025-12-02,83.5131187167131,84.46581574438447,82.71757098953192,83.68008422851562,9001900
2025-12-03,83.51311905963378,85.93905706955229,83.45419181835354,85.55601501464844,9303900
2025-12-04,85.74263039922944,86.30246168734533,83.2381176668055,83.48365783691406,10555100
2025-12-05,83.3952638875661,84.96671941947271,83.2872256172515,83.60151672363281,9402900
2025-12-08,83.61132991089065,83.97473203365018,81.65683239793647,81.9220199584961,10277600
2025-12-09,81.83362757200105,81.84345127692431,80.55681569046402,80.81217956542969,10322900
2025-12-10,80.74342135245104,82.50148971096286,80.5077049085411,82.35416412353516,10539600
2025-12-11,82.71757411326087,83.48365824885315,82.24613368727798,83.2282943725586,6894000
2025-12-12,83.59169138505851,84.3970627977483,83.34615122883247,83.82740783691406,9071500
2025-12-15,84.46582080446514,85.99798910957657,83.14972905382666,83.87652587890625,11718600
2025-12-16,84.11224055755031,84.99618667369238,83.20865452473458,83.5622329711914,7481400
2025-12-17,83.0613210790032,84.29884552473257,82.99257013720106,83.68990325927734,7947000
2025-12-18,86.1256724331027,88.96411619903877,85.7426303673391,87.8248062133789,16466100
2025-12-19,87.62837963347131,87.66766696101624,86.67568254705859,86.75425720214844,16986700
2025-12-22,86.58729488984959,87.03908793342694,84.50511141253101,84.6327896118164,7161600
2025-12-23,84.48546166750948,84.60332365125754,81.89255797138536,82.36399841308594,9511300
2025-12-24,82.3443445085783,83.11043610258707,81.9809498672738,83.06132507324219,3462700
2025-12-26,83.07115262814486,83.64080762446878,82.9140033215901,83.5622329711914,5046200
2025-12-29,83.60151824823818,85.24172475541211,83.46401635501948,84.04348754882812,5352400
2025-12-30,83.71937093658228,84.22027496158903,83.5327655102394,83.72919464111328,4540500
2025-12-31,83.59168679623856,83.66043773647608,82.61934992908193,82.7077407836914,5293400
2026-01-02,82.717578453246,83.44437530036531,81.53898107309638,82.47203826904297,11334900
2026-01-05,82.01041417671286,85.69351660979878,81.91219961048878,85.01582336425781,9894300
2026-01-06,85.01582261081799,89.02303982089197,84.81939348011068,87.86408996582031,11351100
2026-01-07,87.43192968995736,87.78550809076098,84.92742475977047,85.14350128173828,9547000
2026-01-08,84.32831356798904,87.69712487962428,84.08277340677158,86.60692596435547,8140100
2026-01-09,86.7738972456762,87.51051777831061,85.2417289356499,87.29444122314453,7593200
2026-01-12,86.82300298696687,88.62035877544275,86.03727146939424,88.35517120361328,7289500
2026-01-13,88.08999067153408,88.98375296221249,87.87391413064955,88.94446563720703,5561900
2026-01-14,88.64981869718933,89.88733566978892,88.54178043069862,89.52394104003906,8373200
2026-01-15,90.42753042559411,92.49006628463313,90.0052010478578,91.6159439086914,10001700
2026-01-16,91.6945255164232,91.99899294209449,90.57486289389281,91.33112335205078,8958200
2026-01-20,90.12305960351966,92.1364843565215,89.16053890940012,91.98916625976562,13555200
2026-01-21,92.14631496223001,94.79814580852141,92.05792409755625,94.70975494384766,17118100
2026-01-22,94.74904275098253,96.05531826414632,93.1677634441614,94.1204605102539,14150800
2026-01-23,95.36779704906837,96.143704857148,94.05170538267657,95.87852478027344,11759800
2026-01-26,95.47582506571013,96.22226917322679,94.08115889917677,94.61152648925781,14106700
2026-01-27,94.06152419188635,94.92583037832328,93.54098023503207,94.01242065429688,16403600
2026-01-28,100.47502813198507,102.95006944236022,93.40346761480247,93.46240234375,25961600
2026-01-29,95.03386578599765,95.171367676368,90.95789762441379,92.20523834228516,16602900
2026-01-30,91.06592970415421,91.54718628773651,89.37661231639046,90.30966186523438,10748000
2026-02-02,90.21144782665347,90.95789196600767,89.00339450879565,90.05430603027344,8675100
2026-02-03,89.98555983567293,92.71596519474556,89.66144502859974,91.3802261352539,8361300
2026-02-04,92.04809780466825,95.37762182634734,91.85166117765272,95.24011993408203,9077100
2026-02-05,95.13208613699176,95.7115573540374,93.65884508489293,94.3561782836914,6776700
2026-02-06,94.58207277655112,97.80355848183939,94.28742158677602,97.67587280273438,8067100
2026-02-09,97.2633750855275,98.19643226725661,96.50711462675405,97.21427154541016,7150600
2026-02-10,97.21426036470072,97.89194608939513,95.71154833873908,95.79012298583984,8543500
2026-02-11,95.99638197076098,97.54819763071048,95.59369999180444,97.35176849365234,6949100
2026-02-12,98.21606529992012,99.39465508620272,94.71957577309612,95.03386688232422,9537300
2026-02-13,94.7570904485393,95.80489228345867,92.52309060008157,92.71090698242188,8949000
2026-02-17,93.80813550349438,94.41111779003808,92.54286366996502,94.29249572753906,8660000
2026-02-18,93.94652398140207,95.54788788518589,93.17549943048894,94.65824127197266,6068100
2026-02-19,94.282603369835,94.83616542209494,93.66974160208181,94.6977767944336,5676700
2026-02-20,94.11456553385534,96.65499623468882,93.80813463558675,96.36833190917969,8788300
2026-02-23,95.03386737900422,96.06190263704178,92.4736700620724,93.68951416015625,7696700
2026-02-24,93.72905420127098,95.62696195303867,92.92837601822228,95.39961242675781,6537300
2026-02-25,96.15086600885117,97.0701662845495,94.79663323932772,96.80327606201172,6294100
2026-02-26,97.23821003521722,98.65175752065672,96.71430159718338,96.95154571533203,6246100
2026-02-27,95.29087091607654,97.29751353615826,95.00420660726279,96.89222717285156,7286900
2026-03-02,94.6088138359486,95.9927077341715,94.40123088245741,95.64673614501953,7250600
2026-03-03,93.82789738636136,95.9729286700957,93.31388355778915,95.5676498413086,7197200
2026-03-04,96.22994534899867,97.0503976560749,94.74720348679033,96.0322494506836,6233400
2026-03-05,96.00259117699312,97.79176385754215,95.82466186046895,97.55452728271484,9608100
2026-03-06,95.95316647671848,98.07843128547954,94.46053758196791,97.85107421875,10826700
2026-03-09,97.11958487512439,99.2250754505657,95.70603743481932,98.6220932006836,9376800
2026-03-10,98.22670179831063,99.97633375601404,97.1294722930745,99.61058807373047,8005800
2026-03-11,99.83794817427028,100.52001181768847,98.51336911549765,100.27288818359375,8815800
2026-03-12,99.85771367867515,101.26138163694776,98.74071757949497,99.02738189697266,12248300
2026-03-13,99.4820862665023,100.05541488873642,97.72256725626575,98.00923156738281,9400400
2026-03-16,98.08831520440336,98.75060472731597,96.25959429668578,96.69453430175781,6871000
2026-03-17,97.31728305124453,97.64348805475572,96.30902195320918,96.4474105834961,5382700
2026-03-18,95.08329483286401,95.81477870094425,91.49505472727252,91.59391021728516,7598400
2026-03-19,91.08977209307865,95.1524851988858,90.53621003013643,94.72743225097656,10524500
2026-03-20,93.87732332306466,95.24144301011188,91.15896346395002,91.48516845703125,13961900
2026-03-23,92.73066839120347,93.92674585390472,92.51319839041875,92.75044250488281,7438300
2026-03-24,92.2364220326626,92.51319929395918,90.73391366778921,90.9217300415039,6262800
2026-03-25,91.26769996808535,92.45389036408673,90.81299339823101,91.63343811035156,7007500
2026-03-26,91.24792659668198,91.69275365501119,89.68611098895481,90.17047119140625,6134000
2026-03-27,89.70588162529573,89.90357752132256,84.61513311564741,85.81121063232422,12433600
2026-03-30,85.40593392554253,86.8491351192656,85.22800459800871,85.72225189208984,7422100
2026-03-31,86.98751671245383,89.06335367113265,86.4537287730882,88.55921936035156,9564200
2026-04-01,89.21162757519484,89.98265206946341,88.45049013746198,89.38955688476562,8044500
2026-04-02,88.7668120193143,90.17047244522641,87.14568158963262,89.33025360107422,7340000
2026-04-06,88.96451132109432,93.72905484795943,88.78658199678753,93.68951416015625,7236700
2026-04-07,93.45227346533639,94.25295161869914,92.76032277163219,94.11456298828125,6205600
2026-04-08,96.37821705419664,97.0009658955655,94.89547525336285,96.091552734375,8232300
2026-04-09,95.88397487054354,96.7835085640466,95.07340961144685,95.80489349365234,5320500
2026-04-10,95.88397049177608,96.16074775664036,94.95478320977615,95.48857116699219,5356400
2026-04-13,95.48857181451537,96.54626067905612,94.35180157615859,96.35845184326172,5249200
2026-04-14,96.75384331799697,97.86095992301648,96.43752536536495,97.3370590209961,4995500
2026-04-15,97.35682518891993,98.0388888352288,96.6747690842259,97.20854949951172,5211600
2026-04-16,97.21843783294908,98.00923649243204,96.64510918190467,97.22832489013672,5645500
2026-04-17,97.93015653732466,100.26300432082965,97.7720013281051,98.84945678710938,8133400
2026-04-20,97.86095881021228,98.58256313793142,97.16901565345265,97.81153106689453,6581800
2026-04-21,97.86095694135243,98.01911968365691,95.7356922267274,96.67476654052734,4564200
2026-04-22,96.95154252839406,98.51336565093337,96.4474082209183,98.37496948242188,5730100
2026-04-23,98.81979781592366,99.65012958808411,98.05865281649528,98.39474487304688,4515300
2026-04-24,98.24647683393647,98.36509889988356,96.87246995524738,97.53475952148438,6092500
2026-04-27,97.6039517868211,98.35520977210953,96.71430516498152,96.76373291015625,5311600
2026-04-28,97.34694163785467,97.54463752112669,95.34029146873239,96.1607437133789,10383500
2026-04-29,100.82644016934796,106.03580292645384,98.92853251732421,104.28617095947266,25449200
2026-04-30,104.3356035542166,104.73099534389979,102.63539170876501,104.11813354492188,9485900
2026-05-01,104.4838685299995,106.28292826821091,104.21697832591079,104.68157196044922,6362300
2026-05-04,104.58272030502657,105.45259274329466,103.48549081521251,103.76226806640625,5487700
2026-05-05,103.55469091902386,104.84961636307304,103.14940453452958,103.73262023925781,6458500
2026-05-06,103.54480434230378,106.31259210509246,103.19883275735891,105.21536254882812,8665700
2026-05-07,104.7309984156399,104.87927411192747,101.75563514044775,103.0604476928711,9179300
2026-05-08,103.2185982161151,104.21697981470811,103.05055595404332,103.72273254394531,4538300
2026-05-11,103.7425029898608,106.79695515885756,103.7425029898608,104.5234146118164,6499500
2026-05-12,104.35537051782742,105.92708079167895,103.1395188893153,105.35375213623047,6366000
2026-05-13,105.54156041237488,106.80683977885039,104.25652201470743,104.73099517822266,8638900
2026-05-14,106.88591070888798,107.62728160565948,105.12639165387532,105.17581939697266,9941400
2026-05-15,105.14598882545822,107.26382019572907,104.40027259265355,106.20987701416016,6463900
2026-05-18,106.1800518540421,107.49251214847195,105.23547338742299,105.99113464355469,6587800
2026-05-19,104.93719369752951,106.94565283305177,104.50964940225947,105.77239227294922,5265800
2026-05-20,105.77239104214412,106.84622427160379,104.80793772293735,105.89170837402344,6632500
2026-05-21,105.25536230706942,105.55365183780751,103.02815859123014,103.53524017333984,8342800
2026-05-22,103.44576085673924,103.70427795179941,101.80518356187832,102.52107238769531,9095700
2026-05-26,102.49124340791361,103.37615941933215,100.22426721750128,100.8407211303711,9099100
2026-05-27,101.19866610812218,102.18300944143874,99.55808882871592,101.51683807373047,8901400
2026-05-28,101.1588885718506,101.66597772413685,99.79671846851406,100.17454528808594,6261500
2026-05-29,99.92597829515815,100.3336401562614,98.01694650056339,98.59363555908203,8206600
2026-06-01,97.6888303563728,97.7783126666516,95.04401970502285,95.95877075195312,8191500
2026-06-02,95.25282205600244,97.34082596624515,94.85510521933294,94.9644775390625,9546600
2026-06-03,94.93465377081897,97.63911167583618,94.67613667912555,95.3423080444336,8541800
2026-06-04,97.23145646409057,97.67888317717322,93.2741855825727,93.60230255126953,7524400
2026-06-05,93.75144684588217,95.44173395993228,93.10515791904493,94.74573516845703,7623300
2026-06-08,94.29830192354228,95.22299037728293,93.93042009500995,94.2784194946289,7306400
2026-06-09,94.6065363114621,97.87774583419579,94.42756410826087,96.85363006591797,10619700
2026-06-10,97.02265471768419,98.9913413154577,96.34653836618814,98.19591522216797,8724700
2026-06-11,98.39477148340725,101.97420792721113,98.3251716042656,101.69580841064453,10434800
2026-06-12,102.19295233411157,103.09775834666566,101.21855402839563,102.45146942138672,5305500
2026-06-15,102.89889975830386,103.0182170918255,100.83078574465569,101.00975036621094,7054400
2026-06-16,101.1787804199623,101.97420651545224,99.8862025842917,101.09923553466797,6646100
2026-06-17,99.96575149574453,101.22849436092386,98.1263195676816,99.24986267089844,6932300
2026-06-18,99.98562912683434,100.94014498555097,98.96151339047643,100.07511901855469,10603900
2026-06-22,100.07512421786107,101.21855734064619,99.3890628270264,99.5779800415039,5731000
2026-06-23,99.88620529278825,100.75123887573015,98.68311731690548,100.47283935546875,6001600
2026-06-24,100.66174616210228,104.06221794015043,100.66174616210228,102.93866729736328,6989500
2026-06-25,102.51112306560857,103.69432857991312,102.15317866776547,102.57078552246094,6853500
2026-06-26,102.84918535065916,104.32072780335845,102.12335154563391,104.00255584716797,17150800
2026-06-29,104.21135342580763,104.36049818672643,102.62049367624822,103.46563720703125,6788800
2026-06-30,103.38610019963662,103.98267165917173,101.54666078616162,101.6063232421875,7140000
2026-07-01,101.85489812266495,103.16735840413723,100.82083735759316,102.79946899414062,7464100
2026-07-02,103.40598397131986,105.14598850929879,102.59066786267101,103.6744384765625,7950200
2026-07-06,103.26678370417393,103.85341016145448,99.5183125557034,101.52677917480469,7404200
2026-07-07,102.97843892244994,105.14598771977494,102.30232257505084,103.0182113647461,5556600
2026-07-08,103.69433268384259,103.70427769134787,101.26826668818204,103.2767333984375,7084100
2026-07-09,103.05798533303941,106.83627637730683,102.6204960471215,105.8022232055664,7012700
2026-07-10,105.69285503091335,106.94565289476586,104.94713876565051,105.40451049804688,4686900
2026-07-13,105.73261749161969,107.6217668379383,105.34484564934279,106.7269058227539,6278500
2026-07-14,106.99536863730886,107.86040222208761,105.54370857442193,105.56359100341797,5153200
2026-07-15,105.7425589195302,106.796509673212,104.1119267185331,104.5096435546875,4786100
2026-07-16,105.39456387525078,108.08908436214062,104.93719214986389,107.75102996826172,6233800
2026-07-17,108.32771077983858,108.60611788499558,104.479819788403,104.8874740600586,7633400
2026-07-20,105.11616313538622,106.04085158285164,102.63044231809394,104.21135711669922,6163000
2026-07-21,104.45992527699262,104.88746954494955,103.32643723372404,103.85340881347656,5996000
2026-07-22,103.43581063255102,105.11616028696854,102.32221259150363,103.38610076904297,5599800
2026-07-23,102.19295436760999,102.84918831317785,101.3478107958055,102.62049865722656,6981400
2026-07-24,103.29661461908582,104.55936505385058,102.5310159381338,102.66027069091797,6397200
2026-07-27,103.21706558117364,105.02666997647628,102.95855608600019,103.0579833984375,5517500
2026-07-28,105.22553409223262,105.46416116356595,102.07364195741846,102.51112365722656,7055200
2026-07-29,103.07787216223039,104.31079518685061,102.5409555390864,103.5451889038086,12546300
2026-07-30,106.60759243184711,107.84050779625748,103.03809350053065,105.24541473388672,23417700
2026-07-31,105.97125482161236,107.5422322449635,103.9926155310372,104.64884948730469,12393200
2026-08-03,107.0848494700767,107.74108340516814,102.70998691273866,102.77958679199219,8830000
2026-08-04,102.47135093567887,105.05650661372731,101.21855312522281,104.37044525146484,9530900
2026-08-05,105.3846167603635,105.81216104077791,103.69432965313516,105.39456176757812,7857400
2026-08-06,105.53376263320975,105.68290739972336,103.09775926148657,104.55936431884766,6029500
2026-08-07,103.43581686575152,106.239709737212,103.07787244932523,104.97696685791016,6378200
2026-08-10,104.87753775660822,105.30508204752772,103.6843871935264,104.05227661132812,4947400
2026-08-11,103.96278495521112,106.27947857574647,103.53524067153214,106.05079650878906,5013300
2026-08-12,106.29936864897284,107.94988332667393,105.27524530038205,107.8703384399414,3924100
2026-08-13,108.54645420942255,109.87880450451249,107.83056540439725,107.93000030517578,5190000
2026-08-14,107.62000274658203,108.81999969482422,107.47000122070312,107.69000244140625,3499100
2026-08-17,106.45999908447266,108.33000183105469,106.41000366210938,107.91999816894531,5935300
2026-08-18,109.06999969482422,109.2300033569336,105.91999816894531,106.01000213623047,5351000
2026-08-19,106.66999816894531,108.23999786376953,104.58999633789062,104.9800033569336,6815500
2026-08-20,104.37999725341797,105.73999786376953,102.97000122070312,103.98999786376953,7583100
2026-08-21,104.51000213623047,107.41000366210938,103.37000274658203,107.08000183105469,5550000
2026-08-24,107.22000122070312,107.80999755859375,105.68000030517578,107.48999786376953,6781200
2026-08-25,106.8499984741211,107.13999938964844,105.36000061035156,105.76000213623047,5785200
2026-08-26,106.12999725341797,108.58000183105469,105.41999816894531,108.48999786376953,6049100
2026-08-27,108.56999969482422,108.73999786376953,106.7699966430664,107.26000213623047,6418200
2026-08-28,107.79000091552734,108.69999694824219,107.26000213623047,107.8499984741211,4832200
2026-08-31,107.5199966430664,107.7300033569336,106.01000213623047,106.25,7211300
2026-09-01,106.12000274658203,107.18000030517578,105.38999938964844,106.1500015258789,4628400
2026-09-02,106.18000030517578,107.9000015258789,105.62999725341797,106.72000122070312,5204200
2026-09-03,107.31999969482422,107.56999969482422,105.22000122070312,105.81999969482422,4217700
2026-09-04,105.5999984741211,106.30000305175781,104.36000061035156,104.47000122070312,4600800
2026-09-08,104.68000030517578,104.76000213623047,101.75,102.01000213623047,6257600
2026-09-09,100.63999938964844,101.08000183105469,99.69000244140625,100.04000091552734,5929100
2026-09-10,100.37000274658203,101.66999816894531,98.77999877929688,99.22000122070312,6980100
2026-09-11,100.27999877929688,100.41000366210938,98.45999908447266,98.73999786376953,5570200
2026-09-14,98.79000091552734,99.87999725341797,98.19999694824219,99.06999969482422,5814700
2026-09-15,98.9000015258789,98.9000015258789,96.04000091552734,96.58000183105469,6798600
2026-09-16,97.38999938964844,98.33999633789062,96.06999969482422,97.33999633789062,9300900
2026-09-17,98.11000061035156,98.68000030517578,96.30000305175781,96.66999816894531,6640300
2026-09-18,96.4000015258789,96.55999755859375,95.11000061035156,95.83000183105469,13095200
2026-09-21,95.12999725341797,96.44000244140625,93.62999725341797,94.9000015258789,7181200
