Date,Open,High,Low,Close,Volume
2021-09-22,74.37000274658203,79.63999938964844,74.0199966430664,78.5999984741211,26999200
2021-09-23,78.97000122070312,80.0999984741211,77.45999908447266,79.37000274658203,20944600
2021-09-24,78.94000244140625,83.33999633789062,78.11000061035156,83.11000061035156,29039000
2021-09-27,82.0,82.61000061035156,79.31999969482422,80.08000183105469,18493300
2021-09-28,78.54000091552734,79.41000366210938,73.88999938964844,74.41999816894531,23531900
2021-09-29,75.30000305175781,76.08999633789062,71.55999755859375,71.76000213623047,18633700
2021-09-30,72.91999816894531,75.24700164794922,72.23999786376953,73.87000274658203,17166400
2021-10-01,74.81999969482422,75.88999938964844,73.44000244140625,75.25,11689700
2021-10-04,74.02999877929688,74.19999694824219,69.97000122070312,71.2300033569336,18142600
2021-10-05,72.18000030517578,73.91000366210938,71.79000091552734,73.41000366210938,11896500
2021-10-06,72.37000274658203,74.5,71.31999969482422,73.12999725341797,10927300
2021-10-07,74.36000061035156,77.41000366210938,74.0999984741211,76.27999877929688,15547400
2021-10-08,76.91000366210938,77.41000366210938,74.73999786376953,75.0,8909200
2021-10-11,74.6500015258789,75.5999984741211,73.5,73.52999877929688,8990800
2021-10-12,74.12000274658203,75.9800033569336,73.52999877929688,75.26000213623047,13691100
2021-10-13,76.1500015258789,76.30899810791016,74.30000305175781,74.94999694824219,9998900
2021-10-14,77.05999755859375,77.2300033569336,75.7249984741211,76.63999938964844,12948800
2021-10-15,76.80999755859375,78.73500061035156,75.87000274658203,77.33999633789062,20414400
2021-10-18,78.5999984741211,79.30000305175781,72.61000061035156,75.80000305175781,33053900
2021-10-19,75.12000274658203,78.18000030517578,73.9000015258789,76.43000030517578,18720700
2021-10-20,76.56999969482422,77.5199966430664,74.66999816894531,75.6500015258789,15739300
2021-10-21,74.80999755859375,75.94999694824219,73.88999938964844,75.11000061035156,44450900
2021-10-22,58.75,60.779998779296875,55.029998779296875,55.13999938964844,153827500
2021-10-25,55.959999084472656,56.150001525878906,53.77000045776367,54.5,62506800
2021-10-26,55.2400016784668,57.18000030517578,54.880001068115234,55.38999938964844,52905700
2021-10-27,55.04999923706055,55.22999954223633,51.65999984741211,52.02000045776367,52581300
2021-10-28,52.68000030517578,54.959999084472656,51.9900016784668,54.38999938964844,34748800
2021-10-29,53.970001220703125,53.9900016784668,52.209999084472656,52.58000183105469,32465500
2021-11-01,52.9900016784668,54.11000061035156,52.25,53.97999954223633,22666700
2021-11-02,53.56999969482422,53.65999984741211,51.8650016784668,52.20000076293945,24120400
2021-11-03,51.95000076293945,52.970001220703125,51.470001220703125,52.939998626708984,16319300
2021-11-04,53.08000183105469,53.380001068115234,51.7599983215332,52.2599983215332,16371700
2021-11-05,52.150001525878906,53.56999969482422,52.06999969482422,53.16999816894531,17458700
2021-11-08,53.36000061035156,55.130001068115234,52.849998474121094,54.900001525878906,20154600
2021-11-09,55.29499816894531,55.650001525878906,54.20000076293945,54.81999969482422,12489000
2021-11-10,53.90999984741211,54.16999816894531,52.02000045776367,52.880001068115234,14812400
2021-11-11,53.459999084472656,54.59000015258789,53.20000076293945,53.290000915527344,13322000
2021-11-12,53.81999969482422,54.06999969482422,52.81999969482422,53.70000076293945,12972500
2021-11-15,54.13999938964844,57.13999938964844,54.119998931884766,55.529998779296875,22192000
2021-11-16,55.779998779296875,55.810001373291016,53.665000915527344,55.11000061035156,20754600
2021-11-17,54.45000076293945,55.667999267578125,53.86000061035156,54.560001373291016,15005300
2021-11-18,54.5099983215332,54.77000045776367,52.54999923706055,53.470001220703125,13069900
2021-11-19,53.93000030517578,53.93000030517578,50.7599983215332,51.31999969482422,18095000
2021-11-22,51.52000045776367,51.52000045776367,47.459999084472656,49.2599983215332,34273700
2021-11-23,48.56999969482422,51.029998779296875,47.86000061035156,50.66999816894531,21262500
2021-11-24,49.0,50.27000045776367,48.79999923706055,49.65999984741211,14813900
2021-11-26,48.77000045776367,50.25,48.56999969482422,49.7599983215332,10487300
2021-11-29,51.099998474121094,51.119998931884766,48.47999954223633,48.849998474121094,16171000
2021-11-30,48.779998779296875,49.400001525878906,46.29999923706055,47.61000061035156,25773000
2021-12-01,49.130001068115234,50.97999954223633,46.79999923706055,47.2599983215332,28507500
2021-12-02,47.2400016784668,48.290000915527344,46.5099983215332,47.90999984741211,14418100
2021-12-03,47.77000045776367,48.66999816894531,45.459999084472656,46.790000915527344,19611000
2021-12-06,46.209999084472656,48.32500076293945,44.91999816894531,47.91999816894531,15738500
2021-12-07,49.375,51.68000030517578,49.290000915527344,50.400001525878906,20782600
2021-12-08,50.619998931884766,54.834999084472656,50.20000076293945,53.41999816894531,26768000
2021-12-09,52.790000915527344,54.88999938964844,52.11000061035156,52.36000061035156,19408100
2021-12-10,52.630001068115234,53.310001373291016,50.05500030517578,50.81999969482422,13416900
2021-12-13,50.31999969482422,50.439998626708984,46.459999084472656,48.13999938964844,21235100
2021-12-14,47.599998474121094,48.314998626708984,46.380001068115234,46.849998474121094,16496600
2021-12-15,46.349998474121094,46.66999816894531,44.07699966430664,46.40999984741211,23804800
2021-12-16,47.40999984741211,48.02000045776367,44.06999969482422,44.70000076293945,21512200
2021-12-17,43.63999938964844,45.88999938964844,42.959999084472656,45.290000915527344,23105400
2021-12-20,44.220001220703125,45.150001525878906,43.380001068115234,44.41999816894531,12921600
2021-12-21,44.88999938964844,46.20000076293945,43.900001525878906,46.099998474121094,15203200
2021-12-22,45.98500061035156,47.209999084472656,45.459999084472656,46.77000045776367,12055000
2021-12-23,47.349998474121094,49.06999969482422,45.959999084472656,48.68000030517578,18546400
2021-12-27,48.45000076293945,49.25,48.02000045776367,48.63999938964844,8163900
2021-12-28,48.5,49.22999954223633,47.43000030517578,47.709999084472656,8984500
2021-12-29,47.595001220703125,47.91999816894531,46.560001373291016,47.060001373291016,7693700
2021-12-30,46.810001373291016,48.7400016784668,46.810001373291016,48.029998779296875,10170200
2021-12-31,47.79999923706055,48.45000076293945,47.0099983215332,47.029998779296875,8310700
2022-01-03,47.630001068115234,47.709999084472656,45.9900016784668,46.59000015258789,7931400
2022-01-04,46.849998474121094,46.9900016784668,42.459999084472656,44.029998779296875,26659100
2022-01-05,43.5,44.4900016784668,41.0099983215332,41.33000183105469,22163300
2022-01-06,41.25,42.43000030517578,39.81999969482422,41.68000030517578,17882300
2022-01-07,41.540000915527344,43.279998779296875,41.04999923706055,41.36000061035156,15715900
2022-01-10,40.7400016784668,41.775001525878906,38.5099983215332,41.709999084472656,20895900
2022-01-11,42.060001373291016,43.720001220703125,41.779998779296875,43.310001373291016,17386600
2022-01-12,43.810001373291016,44.34000015258789,42.060001373291016,42.72999954223633,12637500
2022-01-13,40.63999938964844,41.459999084472656,38.2599983215332,38.380001068115234,32180500
2022-01-14,37.720001220703125,38.33000183105469,36.560001373291016,38.040000915527344,25556100
2022-01-18,36.97999954223633,36.98500061035156,35.619998931884766,35.70000076293945,37008100
2022-01-19,36.029998779296875,36.47999954223633,34.7599983215332,35.04999923706055,23942000
2022-01-20,35.79999923706055,37.10499954223633,34.915000915527344,34.9900016784668,21672700
2022-01-21,34.0,34.619998931884766,32.0,32.119998931884766,37648400
2022-01-24,30.15999984741211,31.809999465942383,28.020000457763672,31.799999237060547,46502200
2022-01-25,31.010000228881836,32.09000015258789,30.084999084472656,30.65999984741211,26893800
2022-01-26,31.3799991607666,31.90999984741211,28.15999984741211,28.6299991607666,35467300
2022-01-27,29.6299991607666,30.670000076293945,28.170000076293945,28.299999237060547,35331900
2022-01-28,28.6299991607666,30.479999542236328,28.1299991607666,30.420000076293945,28380500
2022-01-31,30.649999618530273,32.630001068115234,30.649999618530273,32.540000915527344,25872900
2022-02-01,34.130001068115234,34.20000076293945,32.209999084472656,33.65999984741211,28108900
2022-02-02,34.150001525878906,34.244998931884766,31.729999542236328,32.06999969482422,41654600
2022-02-03,25.739999771118164,26.489999771118164,24.31999969482422,24.5,149336000
2022-02-04,35.27000045776367,40.650001525878906,34.099998474121094,38.90999984741211,308602500
2022-02-07,38.5099983215332,39.59000015258789,37.52000045776367,37.880001068115234,96743300
2022-02-08,35.5099983215332,37.7599983215332,34.869998931884766,37.560001373291016,85621100
2022-02-09,37.7400016784668,40.33000183105469,37.11000061035156,40.279998779296875,67166800
2022-02-10,38.5099983215332,41.970001220703125,38.505001068115234,40.619998931884766,65264300
2022-02-11,40.380001068115234,41.970001220703125,39.06999969482422,39.4900016784668,42826900
2022-02-14,39.959999084472656,41.88999938964844,39.5,39.619998931884766,37579800
2022-02-15,40.15999984741211,41.459999084472656,39.939998626708984,41.43000030517578,26091600
2022-02-16,38.959999084472656,40.599998474121094,38.959999084472656,40.0099983215332,35643500
2022-02-17,40.45000076293945,40.81999969482422,39.16999816894531,39.45000076293945,24624400
2022-02-18,39.61000061035156,40.400001525878906,37.939998626708984,38.0099983215332,23064200
2022-02-22,37.75,38.470001220703125,36.369998931884766,36.869998931884766,25433100
2022-02-23,37.189998626708984,38.150001525878906,36.15999984741211,36.97999954223633,24429900
2022-02-24,34.95000076293945,39.04999923706055,34.95000076293945,38.83000183105469,26703600
2022-02-25,38.84000015258789,39.564998626708984,38.099998474121094,39.150001525878906,19173500
2022-02-28,39.4900016784668,40.959999084472656,38.84000015258789,39.939998626708984,23393000
2022-03-01,39.810001373291016,41.31999969482422,37.459999084472656,37.84000015258789,28341900
2022-03-02,38.119998931884766,38.119998931884766,35.75,37.369998931884766,30985500
2022-03-03,37.29999923706055,37.41999816894531,35.0099983215332,35.65999984741211,23087700
2022-03-04,36.38999938964844,36.720001220703125,32.88999938964844,33.09000015258789,22212700
2022-03-07,33.150001525878906,33.34000015258789,30.190000534057617,30.219999313354492,32356700
2022-03-08,30.010000228881836,32.720001220703125,29.579999923706055,31.219999313354492,28109600
2022-03-09,32.0,34.22999954223633,31.780000686645508,33.68000030517578,26986400
2022-03-10,32.75,32.7599983215332,31.059999465942383,31.739999771118164,21145700
2022-03-11,32.380001068115234,32.40999984741211,29.7450008392334,30.049999237060547,23181900
2022-03-14,29.530000686645508,30.139999389648438,27.670000076293945,28.0,32917800
2022-03-15,28.850000381469727,30.158000946044922,28.576000213623047,29.579999923706055,38242700
2022-03-16,30.860000610351562,32.619998931884766,30.229999542236328,32.560001373291016,34041900
2022-03-17,31.170000076293945,34.31999969482422,30.920000076293945,33.970001220703125,25439800
2022-03-18,33.209999084472656,36.029998779296875,33.02000045776367,36.0,28400200
2022-03-21,35.4900016784668,35.77000045776367,34.20000076293945,35.16999816894531,19114700
2022-03-22,35.20000076293945,36.91999816894531,34.970001220703125,36.2400016784668,24395100
2022-03-23,35.689998626708984,37.189998626708984,35.119998931884766,35.880001068115234,16911400
2022-03-24,36.209999084472656,37.06999969482422,35.18000030517578,37.04999923706055,16601200
2022-03-25,37.04999923706055,37.25,34.75,35.400001525878906,22761600
2022-03-28,35.209999084472656,36.619998931884766,34.86000061035156,36.22999954223633,15152400
2022-03-29,36.72999954223633,38.27000045776367,36.33000183105469,37.869998931884766,18989200
2022-03-30,37.54999923706055,38.29999923706055,36.5,36.84000015258789,16516200
2022-03-31,36.75,36.869998931884766,35.76499938964844,35.9900016784668,15777700
2022-04-01,36.20000076293945,38.599998474121094,36.20000076293945,37.38999938964844,25281500
2022-04-04,38.25,39.56999969482422,37.369998931884766,39.34000015258789,25402800
2022-04-05,39.5,39.79999923706055,37.81999969482422,38.25,22261200
2022-04-06,37.369998931884766,37.7400016784668,35.63999938964844,36.470001220703125,21554000
2022-04-07,36.38999938964844,37.29999923706055,34.58000183105469,36.25,21490400
2022-04-08,35.880001068115234,36.83000183105469,35.40999984741211,35.66999816894531,21718400
2022-04-11,34.650001525878906,35.75,34.053001403808594,34.400001525878906,20890400
2022-04-12,34.720001220703125,35.95000076293945,33.189998626708984,33.56999969482422,19538500
2022-04-13,33.65999984741211,34.91999816894531,33.34000015258789,34.68000030517578,18160800
2022-04-14,35.349998474121094,35.38999938964844,33.16999816894531,33.189998626708984,17741900
2022-04-18,33.189998626708984,33.349998474121094,31.600000381469727,32.63999938964844,22468100
2022-04-19,32.369998931884766,34.2400016784668,32.31999969482422,33.630001068115234,29558200
2022-04-20,32.93000030517578,33.18000030517578,30.700000762939453,30.760000228881836,38448300
2022-04-21,31.364999771118164,31.75,28.7549991607666,29.420000076293945,69311500
2022-04-22,28.670000076293945,31.209999084472656,28.559999465942383,29.760000228881836,77506100
2022-04-25,29.280000686645508,30.790000915527344,28.90999984741211,29.90999984741211,42647800
2022-04-26,29.520000457763672,29.719999313354492,28.149999618530273,28.690000534057617,34701800
2022-04-27,27.969999313354492,28.989999771118164,26.559999465942383,27.09000015258789,40794900
2022-04-28,27.90999984741211,28.959999084472656,26.440000534057617,28.809999465942383,44665200
2022-04-29,29.06999969482422,30.3700008392334,28.399999618530273,28.459999084472656,39033200
2022-05-02,28.260000228881836,29.540000915527344,28.059999465942383,29.520000457763672,23474700
2022-05-03,29.40999984741211,29.729999542236328,28.475000381469727,28.93000030517578,24795100
2022-05-04,28.850000381469727,30.190000534057617,27.19499969482422,30.15999984741211,30175400
2022-05-05,29.649999618530273,29.649999618530273,26.940000534057617,27.270000457763672,27859000
2022-05-06,27.110000610351562,27.200000762939453,24.809999465942383,24.920000076293945,31983200
2022-05-09,24.979999542236328,25.1200008392334,23.18000030517578,23.389999389648438,31604500
2022-05-10,24.010000228881836,24.09000015258789,22.0,22.889999389648438,36436100
2022-05-11,22.809999465942383,23.875,21.700000762939453,21.84000015258789,35183400
2022-05-12,21.540000915527344,23.795000076293945,20.950000762939453,22.770000457763672,37016200
2022-05-13,23.31999969482422,24.799999237060547,23.200000762939453,24.75,35684700
2022-05-16,24.290000915527344,24.700000762939453,23.34000015258789,23.420000076293945,25171900
2022-05-17,24.084999084472656,24.704999923706055,23.329999923706055,24.540000915527344,28441000
2022-05-18,24.049999237060547,24.753999710083008,22.645000457763672,22.729999542236328,29460400
2022-05-19,22.729999542236328,23.739999771118164,22.280000686645508,23.200000762939453,30700800
2022-05-20,23.59000015258789,24.155000686645508,22.295000076293945,23.260000228881836,29598700
2022-05-23,23.309999465942383,23.309999465942383,21.709999084472656,22.469999313354492,43386300
2022-05-24,14.489999771118164,14.569999694824219,12.550000190734863,12.789999961853027,286479900
2022-05-25,12.90999984741211,14.569999694824219,12.859999656677246,14.15999984741211,162922300
2022-05-26,13.75,14.9399995803833,13.630000114440918,14.8100004196167,80386400
2022-05-27,14.850000381469727,15.635000228881836,14.609999656677246,15.579999923706055,66159100
2022-05-31,15.369999885559082,15.420000076293945,14.09000015258789,14.109999656677246,98324800
2022-06-01,14.109999656677246,14.710000038146973,13.479999542236328,13.930000305175781,80420400
2022-06-02,13.539999961853027,15.119999885559082,13.539999961853027,14.899999618530273,58591000
2022-06-03,14.59000015258789,14.869999885559082,14.199999809265137,14.489999771118164,34347400
2022-06-06,14.609999656677246,15.399999618530273,13.880000114440918,15.149999618530273,64278200
2022-06-07,14.8100004196167,15.479999542236328,14.70199966430664,15.279999732971191,36646900
2022-06-08,15.399999618530273,15.869999885559082,15.140000343322754,15.170000076293945,36326100
2022-06-09,15.260000228881836,15.260000228881836,14.0600004196167,14.100000381469727,36895100
2022-06-10,13.829999923706055,13.970000267028809,13.149999618530273,13.279999732971191,42426800
2022-06-13,12.84000015258789,13.020000457763672,11.920000076293945,12.020000457763672,43722300
2022-06-14,12.079999923706055,12.520000457763672,11.899999618530273,11.90999984741211,40211400
2022-06-15,11.979999542236328,13.430000305175781,11.880000114440918,13.199999809265137,59075900
2022-06-16,12.649999618530273,12.781000137329102,12.140000343322754,12.220000267028809,38525000
2022-06-17,12.319999694824219,12.619999885559082,12.029999732971191,12.420000076293945,48608000
2022-06-21,12.470000267028809,13.239999771118164,12.319999694824219,12.850000381469727,37130600
2022-06-22,12.630000114440918,13.489999771118164,12.579999923706055,13.079999923706055,31227400
2022-06-23,13.15999984741211,14.0,13.029999732971191,13.9399995803833,32057800
2022-06-24,14.109999656677246,14.720000267028809,13.979999542236328,14.699999809265137,37302200
2022-06-27,15.109999656677246,15.279999732971191,14.380000114440918,14.5600004196167,29269400
2022-06-28,14.359999656677246,14.789999961853027,13.699999809265137,13.729999542236328,24383600
2022-06-29,13.760000228881836,13.979999542236328,13.354999542236328,13.960000038146973,25595800
2022-06-30,13.729999542236328,13.779999732971191,12.829999923706055,13.130000114440918,32767200
2022-07-01,13.180000305175781,13.460000038146973,12.800000190734863,13.170000076293945,23318900
2022-07-05,12.970000267028809,14.399999618530273,12.656999588012695,14.380000114440918,28813100
2022-07-06,14.350000381469727,14.609999656677246,14.0600004196167,14.279999732971191,23266300
2022-07-07,14.399999618530273,15.114999771118164,14.279999732971191,15.100000381469727,25460900
2022-07-08,14.75,15.300000190734863,14.609999656677246,14.960000038146973,21290700
2022-07-11,14.59000015258789,14.84000015258789,14.0,14.0600004196167,21485300
2022-07-12,14.239999771118164,14.59000015258789,13.760000228881836,14.039999961853027,24850900
2022-07-13,13.739999771118164,14.244999885559082,13.420000076293945,13.829999923706055,24333700
2022-07-14,13.789999961853027,13.869999885559082,13.149999618530273,13.170000076293945,24256700
2022-07-15,13.5,14.09000015258789,13.449999809265137,13.649999618530273,38346800
2022-07-18,13.869999885559082,14.545000076293945,13.800000190734863,13.920000076293945,44254900
2022-07-19,13.970000267028809,14.220000267028809,13.460000038146973,14.149999618530273,34902400
2022-07-20,14.520000457763672,15.640000343322754,14.40999984741211,15.510000228881836,47768400
2022-07-21,15.539999961853027,16.545000076293945,15.470000267028809,16.350000381469727,116754700
2022-07-22,11.100000381469727,11.109999656677246,9.90999984741211,9.960000038146973,330993900
2022-07-25,9.729999542236328,10.130000114440918,9.65999984741211,9.949999809265137,137819200
2022-07-26,9.779999732971191,9.930000305175781,9.630000114440918,9.630000114440918,94591200
2022-07-27,9.710000038146973,9.84000015258789,9.380000114440918,9.550000190734863,120729300
2022-07-28,9.550000190734863,9.920000076293945,9.34000015258789,9.670000076293945,97531200
2022-07-29,9.670000076293945,9.930000305175781,9.470000267028809,9.880000114440918,74531400
2022-08-01,9.8100004196167,9.819999694824219,9.5,9.539999961853027,50125600
2022-08-02,9.550000190734863,10.130000114440918,9.510000228881836,9.869999885559082,66355600
2022-08-03,9.920000076293945,10.489999771118164,9.920000076293945,10.319999694824219,61691400
2022-08-04,10.329999923706055,10.5600004196167,10.100000381469727,10.25,48278000
2022-08-05,10.079999923706055,10.350000381469727,9.979999542236328,10.180000305175781,37576000
2022-08-08,10.25,10.800000190734863,10.170000076293945,10.40999984741211,49276000
2022-08-09,10.239999771118164,10.295000076293945,10.020000457763672,10.15999984741211,33603600
2022-08-10,10.460000038146973,10.869999885559082,10.399999618530273,10.569999694824219,50989800
2022-08-11,10.84000015258789,11.800000190734863,10.819999694824219,11.109999656677246,67196000
2022-08-12,11.3100004196167,11.640000343322754,11.130000114440918,11.619999885559082,40840900
2022-08-15,11.609999656677246,12.387999534606934,11.5600004196167,12.239999771118164,63880300
2022-08-16,12.399999618530273,12.729999542236328,12.0,12.609999656677246,67364900
2022-08-17,12.25,12.319999694824219,11.640000343322754,12.09000015258789,69571300
2022-08-18,12.020000457763672,12.779999732971191,11.829999923706055,12.5600004196167,62750400
2022-08-19,12.199999809265137,12.255000114440918,11.510000228881836,11.5600004196167,46401000
2022-08-22,11.039999961853027,11.350000381469727,10.890000343322754,11.010000228881836,41173200
2022-08-23,11.024999618530273,11.15999984741211,10.539999961853027,10.600000381469727,34913700
2022-08-24,10.680000305175781,11.020000457763672,10.630000114440918,10.859999656677246,27794600
2022-08-25,11.029999732971191,11.239999771118164,10.800000190734863,11.210000038146973,31252700
2022-08-26,11.229999542236328,11.34000015258789,10.5600004196167,10.670000076293945,35219500
2022-08-29,10.484999656677246,10.824999809265137,10.270000457763672,10.270000457763672,29417500
2022-08-30,10.430000305175781,10.59000015258789,9.850000381469727,10.010000228881836,59438200
2022-08-31,11.25,11.600000381469727,10.199999809265137,10.880000114440918,199520700
2022-09-01,10.9399995803833,11.670000076293945,10.779999732971191,11.640000343322754,80012400
2022-09-02,11.75,11.779999732971191,11.180000305175781,11.220000267028809,45734900
2022-09-06,11.270000457763672,11.279999732971191,10.670000076293945,10.770000457763672,38114800
2022-09-07,10.819999694824219,11.65999984741211,10.699999809265137,11.460000038146973,59443000
2022-09-08,11.319999694824219,12.680000305175781,11.3100004196167,12.529999732971191,84685200
2022-09-09,12.449999809265137,12.90999984741211,12.359999656677246,12.649999618530273,54592100
2022-09-12,12.6899995803833,12.9399995803833,12.4399995803833,12.649999618530273,32375100
2022-09-13,11.949999809265137,12.170000076293945,11.574999809265137,11.770000457763672,34931400
2022-09-14,11.65999984741211,11.720999717712402,11.270000457763672,11.520000457763672,32801200
2022-09-15,11.430000305175781,12.25,11.3100004196167,11.899999618530273,46012500
2022-09-16,11.699999809265137,11.699999809265137,11.270000457763672,11.300000190734863,42384900
2022-09-19,11.130000114440918,11.40999984741211,10.901000022888184,11.350000381469727,32212500
2022-09-20,11.1899995803833,11.380000114440918,11.010000228881836,11.119999885559082,25296300
2022-09-21,11.210000038146973,11.48799991607666,10.835000038146973,10.850000381469727,30721600
2022-09-22,10.850000381469727,11.0,10.350000381469727,10.460000038146973,28336800
2022-09-23,10.319999694824219,10.555000305175781,10.149999618530273,10.319999694824219,24400300
2022-09-26,10.300000190734863,10.600000381469727,10.100000381469727,10.180000305175781,23510800
2022-09-27,10.359999656677246,10.729999542236328,10.1899995803833,10.449999809265137,22067400
2022-09-28,10.420000076293945,10.789999961853027,10.399999618530273,10.760000228881836,18536700
2022-09-29,10.539999961853027,10.609999656677246,10.0,10.1899995803833,22950000
2022-09-30,10.15999984741211,10.329999923706055,9.805000305175781,9.819999694824219,29121900
2022-10-03,9.960000038146973,10.029999732971191,9.420000076293945,9.979999542236328,27802800
2022-10-04,10.300000190734863,10.819999694824219,10.25,10.819999694824219,34439900
2022-10-05,10.850000381469727,11.220000267028809,10.569999694824219,11.199999809265137,28942000
2022-10-06,11.300000190734863,11.850000381469727,11.270000457763672,11.350000381469727,31833700
2022-10-07,10.979999542236328,11.079999923706055,10.505000114440918,10.65999984741211,22935500
2022-10-10,10.619999885559082,10.654999732971191,10.324999809265137,10.40999984741211,19463800
2022-10-11,10.369999885559082,10.600000381469727,9.829999923706055,10.3100004196167,32994200
2022-10-12,10.300000190734863,10.555000305175781,10.010000228881836,10.510000228881836,31567900
2022-10-13,10.079999923706055,10.649999618530273,9.630000114440918,10.579999923706055,40447900
2022-10-14,10.829999923706055,11.020000457763672,9.970000267028809,9.989999771118164,27464100
2022-10-17,10.279999732971191,10.880000114440918,10.270000457763672,10.59000015258789,40747300
2022-10-18,10.960000038146973,11.135000228881836,10.539999961853027,10.600000381469727,38453900
2022-10-19,10.819999694824219,11.395000457763672,10.65999984741211,10.859999656677246,52275600
2022-10-20,10.899999618530273,11.359999656677246,10.619999885559082,10.789999961853027,125477800
2022-10-21,7.760000228881836,8.149999618530273,7.329999923706055,7.760000228881836,244675900
2022-10-24,7.579999923706055,8.569999694824219,7.489999771118164,8.3100004196167,161717500
2022-10-25,8.300000190734863,9.800000190734863,8.260000228881836,9.600000381469727,142016400
2022-10-26,9.300000190734863,10.039999961853027,9.260000228881836,9.579999923706055,104527900
2022-10-27,9.569999694824219,9.850000381469727,9.350000381469727,9.5600004196167,80704000
2022-10-28,9.649999618530273,10.100000381469727,9.600000381469727,10.079999923706055,54030300
2022-10-31,10.039999961853027,10.324999809265137,9.699999809265137,9.90999984741211,33479300
2022-11-01,10.229999542236328,10.649999618530273,9.800000190734863,10.25,78222300
2022-11-02,10.260000228881836,10.300000190734863,9.510000228881836,9.539999961853027,53841400
2022-11-03,9.399999618530273,9.539999961853027,9.130000114440918,9.15999984741211,32201600
2022-11-04,9.34000015258789,9.430000305175781,8.880000114440918,9.140000343322754,33927000
2022-11-07,9.399999618530273,10.020000457763672,9.34000015258789,10.010000228881836,37936000
2022-11-08,10.010000228881836,10.300000190734863,9.819999694824219,10.279999732971191,33869900
2022-11-09,10.25,10.25,9.329999923706055,9.5600004196167,34557800
2022-11-10,10.0600004196167,10.829999923706055,9.770000457763672,10.729999542236328,54710900
2022-11-11,10.699999809265137,11.819999694824219,10.529999732971191,11.579999923706055,51036900
2022-11-14,11.449999809265137,11.649999618530273,11.199999809265137,11.289999961853027,31516900
2022-11-15,11.760000228881836,11.960000038146973,11.470000267028809,11.779999732971191,41978100
2022-11-16,11.600000381469727,11.774999618530273,11.0,11.069999694824219,31818300
2022-11-17,10.75,11.020000457763672,10.670000076293945,10.920000076293945,18704300
2022-11-18,11.0600004196167,11.119999885559082,10.5,10.520000457763672,23502600
2022-11-21,10.40999984741211,10.449999809265137,9.84000015258789,9.960000038146973,28990800
2022-11-22,9.970000267028809,10.0,9.70199966430664,9.90999984741211,25742800
2022-11-23,9.979999542236328,10.479999542236328,9.920000076293945,10.319999694824219,21053700
2022-11-25,10.140000343322754,10.369999885559082,10.114999771118164,10.180000305175781,8242500
2022-11-28,10.079999923706055,10.135000228881836,9.75,9.84000015258789,25103600
2022-11-29,9.890000343322754,9.987000465393066,9.729999542236328,9.819999694824219,15519600
2022-11-30,9.84000015258789,10.319999694824219,9.649999618530273,10.3100004196167,45284300
2022-12-01,10.3100004196167,11.069999694824219,10.270000457763672,10.869999885559082,46607900
2022-12-02,10.53499984741211,10.75,10.319999694824219,10.5,32239400
2022-12-05,10.40999984741211,10.6899995803833,10.039999961853027,10.100000381469727,19332900
2022-12-06,10.069999694824219,10.069999694824219,9.149999618530273,9.420000076293945,43349600
2022-12-07,9.359999656677246,9.630000114440918,9.289999961853027,9.300000190734863,26051600
2022-12-08,9.489999771118164,9.739999771118164,9.350000381469727,9.399999618530273,17794000
2022-12-09,9.15999984741211,9.618000030517578,9.010000228881836,9.449999809265137,19248300
2022-12-12,9.470000267028809,9.6899995803833,9.260000228881836,9.460000038146973,25264900
2022-12-13,9.9399995803833,10.1899995803833,9.399999618530273,9.40999984741211,51002000
2022-12-14,9.4399995803833,9.914999961853027,9.329999923706055,9.539999961853027,30008700
2022-12-15,9.15999984741211,9.199999809265137,8.579999923706055,8.760000228881836,49291700
2022-12-16,8.789999961853027,9.010000228881836,8.359999656677246,8.470000267028809,32739500
2022-12-19,8.399999618530273,8.449999809265137,8.130000114440918,8.1899995803833,20680500
2022-12-20,8.09000015258789,8.510000228881836,8.050000190734863,8.210000038146973,19249900
2022-12-21,8.260000228881836,8.6899995803833,8.140000343322754,8.640000343322754,24570700
2022-12-22,8.449999809265137,8.699999809265137,8.220000267028809,8.680000305175781,29282000
2022-12-23,8.670000076293945,8.760000228881836,8.505000114440918,8.579999923706055,16986000
2022-12-27,8.399999618530273,8.6899995803833,8.265000343322754,8.5600004196167,26829300
2022-12-28,8.4399995803833,8.708999633789062,8.390000343322754,8.550000190734863,18172700
2022-12-29,8.635000228881836,8.960000038146973,8.529999732971191,8.8100004196167,30669900
2022-12-30,8.569999694824219,8.949999809265137,8.520999908447266,8.949999809265137,16248800
2023-01-03,9.149999618530273,9.279999732971191,8.6899995803833,8.850000381469727,15548400
2023-01-04,9.149999618530273,9.3100004196167,9.0,9.300000190734863,26092700
2023-01-05,9.149999618530273,9.369999885559082,8.920000076293945,9.140000343322754,21044000
2023-01-06,9.220000267028809,9.444999694824219,8.899999618530273,9.220000267028809,24456900
2023-01-09,9.390000343322754,9.520000457763672,9.199999809265137,9.199999809265137,16666200
2023-01-10,9.119999885559082,9.437999725341797,9.09000015258789,9.420000076293945,18594100
2023-01-11,9.460000038146973,9.75,9.300000190734863,9.65999984741211,24151800
2023-01-12,9.75,9.90999984741211,9.354999542236328,9.640000343322754,21738600
2023-01-13,9.5,9.8149995803833,9.399999618530273,9.800000190734863,16051000
2023-01-17,9.729999542236328,9.800000190734863,9.300000190734863,9.670000076293945,29736200
2023-01-18,9.770000457763672,9.850000381469727,9.25,9.40999984741211,23576500
2023-01-19,9.329999923706055,9.75,9.305000305175781,9.619999885559082,23414600
2023-01-20,9.6899995803833,10.0,9.475000381469727,9.989999771118164,23493400
2023-01-23,9.960000038146973,10.369999885559082,9.795000076293945,10.199999809265137,21301000
2023-01-24,10.170000076293945,10.470000267028809,10.020000457763672,10.260000228881836,21399100
2023-01-25,10.0,10.069999694824219,9.510000228881836,9.670000076293945,43033300
2023-01-26,9.989999771118164,10.34000015258789,9.890000343322754,10.1899995803833,29750600
2023-01-27,10.199999809265137,11.010000228881836,10.100000381469727,10.90999984741211,52512100
2023-01-30,10.800000190734863,11.15999984741211,10.6899995803833,11.09000015258789,41466400
2023-01-31,11.260000228881836,11.569999694824219,11.180000305175781,11.5600004196167,73903200
2023-02-01,10.069999694824219,10.470000267028809,9.850000381469727,10.369999885559082,118212400
2023-02-02,10.800000190734863,11.680000305175781,10.619999885559082,11.399999618530273,81750200
2023-02-03,10.869999885559082,11.609999656677246,10.779999732971191,11.0,44759900
2023-02-06,10.90999984741211,12.170000076293945,10.869999885559082,12.069999694824219,64353000
2023-02-07,12.210000038146973,12.4399995803833,11.819999694824219,12.210000038146973,53492300
2023-02-08,12.170000076293945,12.289999961853027,11.550000190734863,11.5600004196167,33392500
2023-02-09,11.800000190734863,11.829999923706055,10.890000343322754,10.979999542236328,34700500
2023-02-10,10.800000190734863,10.939000129699707,10.479999542236328,10.649999618530273,25603800
2023-02-13,10.800000190734863,11.149999618530273,10.630000114440918,10.710000038146973,25883300
2023-02-14,10.640000343322754,11.100000381469727,10.539999961853027,10.850000381469727,29261700
2023-02-15,10.850000381469727,11.279999732971191,10.819999694824219,11.260000228881836,23074900
2023-02-16,10.9399995803833,11.390000343322754,10.6899995803833,10.729999542236328,50141500
2023-02-17,10.579999923706055,10.680000305175781,10.170000076293945,10.359999656677246,35737500
2023-02-21,10.140000343322754,10.258000373840332,9.789999961853027,9.8100004196167,28713200
2023-02-22,9.859999656677246,9.989999771118164,9.75,9.899999618530273,17750200
2023-02-23,10.050000190734863,10.239999771118164,9.880999565124512,10.100000381469727,23914800
2023-02-24,9.850000381469727,9.9399995803833,9.680000305175781,9.8100004196167,20102200
2023-02-27,10.079999923706055,10.25,9.819999694824219,9.880000114440918,26116500
2023-02-28,9.970000267028809,10.25,9.930000305175781,10.149999618530273,32572900
2023-03-01,10.149999618530273,10.329999923706055,10.029000282287598,10.140000343322754,22501900
2023-03-02,9.899999618530273,10.140000343322754,9.880999565124512,10.100000381469727,17552800
2023-03-03,10.1899995803833,10.699999809265137,10.170000076293945,10.649999618530273,24543000
2023-03-06,10.869999885559082,12.175000190734863,10.829999923706055,11.65999984741211,81524000
2023-03-07,11.710000038146973,12.670000076293945,11.6899995803833,11.720000267028809,67925800
2023-03-08,11.279999732971191,11.489999771118164,10.979999542236328,11.050000190734863,36499500
2023-03-09,11.079999923706055,11.350000381469727,10.579999923706055,10.65999984741211,25967100
2023-03-10,10.649999618530273,10.699999809265137,10.220000267028809,10.34000015258789,23701000
2023-03-13,10.1899995803833,10.510000228881836,9.949999809265137,10.229999542236328,27246600
2023-03-14,10.550000190734863,10.699999809265137,10.1899995803833,10.369999885559082,26552900
2023-03-15,10.130000114440918,10.369999885559082,9.859999656677246,10.34000015258789,22619500
2023-03-16,10.75,11.180000305175781,10.380000114440918,11.09000015258789,52433400
2023-03-17,10.869999885559082,10.949999809265137,10.399999618530273,10.699999809265137,34496200
2023-03-20,10.75,10.918999671936035,10.470000267028809,10.65999984741211,17665600
2023-03-21,10.75,11.470000267028809,10.729999542236328,11.380000114440918,23426500
2023-03-22,11.350000381469727,11.699999809265137,11.020000457763672,11.050000190734863,21179600
2023-03-23,11.5600004196167,12.109999656677246,11.15999984741211,11.390000343322754,39608900
2023-03-24,11.449999809265137,11.734999656677246,11.319999694824219,11.5600004196167,19197900
2023-03-27,11.649999618530273,12.09000015258789,11.5600004196167,11.739999771118164,25453300
2023-03-28,11.609999656677246,11.699999809265137,10.880000114440918,11.0600004196167,31806300
2023-03-29,11.180000305175781,11.1899995803833,10.640000343322754,10.779999732971191,38808200
2023-03-30,10.850000381469727,11.0,10.670000076293945,10.90999984741211,22164200
2023-03-31,10.920000076293945,11.260000228881836,10.805000305175781,11.210000038146973,22284200
2023-04-03,11.069999694824219,11.305000305175781,10.979999542236328,11.239999771118164,15085400
2023-04-04,11.34000015258789,11.470000267028809,10.880000114440918,11.0,18604100
2023-04-05,10.850000381469727,10.899999618530273,10.329999923706055,10.390000343322754,21294500
2023-04-06,10.350000381469727,10.6899995803833,10.229999542236328,10.5600004196167,16512800
2023-04-10,10.359999656677246,10.420000076293945,10.15999984741211,10.359999656677246,18457500
2023-04-11,10.399999618530273,10.729999542236328,10.390000343322754,10.5600004196167,19691800
2023-04-12,10.6899995803833,10.779999732971191,10.359999656677246,10.619999885559082,21840300
2023-04-13,10.789999961853027,11.020000457763672,10.710000038146973,10.739999771118164,18569700
2023-04-14,10.670000076293945,10.949999809265137,10.550000190734863,10.6899995803833,19894800
2023-04-17,10.600000381469727,10.880000114440918,10.569999694824219,10.880000114440918,20609400
2023-04-18,11.149999618530273,11.34000015258789,11.010000228881836,11.039999961853027,26453100
2023-04-19,10.850000381469727,11.399999618530273,10.850000381469727,10.979999542236328,28011600
2023-04-20,10.800000190734863,10.875,10.119999885559082,10.140000343322754,34102800
2023-04-21,10.199999809265137,10.34000015258789,9.979999542236328,10.010000228881836,26418600
2023-04-24,10.020000457763672,10.265999794006348,9.920000076293945,10.220000267028809,15394600
2023-04-25,10.1899995803833,10.329999923706055,10.125,10.15999984741211,18736800
2023-04-26,10.399999618530273,10.399999618530273,9.8100004196167,9.880000114440918,37987600
2023-04-27,10.140000343322754,10.699999809265137,9.869999885559082,10.5,107216600
2023-04-28,8.619999885559082,8.710000038146973,8.40999984741211,8.710000038146973,95969900
2023-05-01,8.779999732971191,8.930000305175781,8.529999732971191,8.729999542236328,42409900
2023-05-02,8.579999923706055,8.670000076293945,8.270000457763672,8.3100004196167,41246400
2023-05-03,8.279999732971191,8.350000381469727,8.020000457763672,8.069999694824219,40353900
2023-05-04,8.039999961853027,8.09000015258789,7.860000133514404,7.909999847412109,29079600
2023-05-05,8.029999732971191,8.3100004196167,7.900000095367432,8.229999542236328,30314800
2023-05-08,8.3100004196167,8.494999885559082,8.1899995803833,8.420000076293945,21828100
2023-05-09,8.260000228881836,8.359999656677246,8.149999618530273,8.270000457763672,21062700
2023-05-10,8.489999771118164,8.729999542236328,8.420000076293945,8.699999809265137,38351300
2023-05-11,8.670000076293945,8.800000190734863,8.5600004196167,8.75,19587000
2023-05-12,8.75,8.8100004196167,8.449999809265137,8.550000190734863,17644800
2023-05-15,8.489999771118164,8.739999771118164,8.4350004196167,8.699999809265137,16590300
2023-05-16,8.59000015258789,8.6899995803833,8.395000457763672,8.609999656677246,20332800
2023-05-17,8.729999542236328,9.390000343322754,8.699999809265137,9.369999885559082,37859000
2023-05-18,9.210000038146973,9.75,9.199999809265137,9.6899995803833,32407400
2023-05-19,9.579999923706055,9.729999542236328,9.479999542236328,9.720000267028809,19546400
2023-05-22,9.729999542236328,9.970000267028809,9.664999961853027,9.760000228881836,17640600
2023-05-23,9.680000305175781,9.920000076293945,9.619999885559082,9.800000190734863,14442500
2023-05-24,9.680000305175781,9.930000305175781,9.609999656677246,9.800000190734863,13300500
2023-05-25,9.920000076293945,10.069000244140625,9.770000457763672,9.779999732971191,18991000
2023-05-26,9.869999885559082,10.399999618530273,9.84000015258789,10.279999732971191,20363100
2023-05-30,10.390000343322754,10.539999961853027,10.130000114440918,10.220000267028809,20578300
2023-05-31,10.050000190734863,10.229999542236328,9.829999923706055,10.199999809265137,30412400
2023-06-01,10.0600004196167,10.460000038146973,10.010000228881836,10.329999923706055,16856500
2023-06-02,10.470000267028809,10.585000038146973,10.289999961853027,10.40999984741211,20859500
2023-06-05,10.319999694824219,10.699999809265137,10.300000190734863,10.510000228881836,15119800
2023-06-06,10.430000305175781,10.630000114440918,10.34000015258789,10.510000228881836,16523200
2023-06-07,10.5600004196167,10.640000343322754,10.09000015258789,10.1899995803833,18951900
2023-06-08,10.1899995803833,10.210000038146973,10.020000457763672,10.039999961853027,16868300
2023-06-09,10.149999618530273,10.579999923706055,10.020000457763672,10.09000015258789,26631600
2023-06-12,10.210000038146973,10.239999771118164,10.020000457763672,10.229999542236328,18620600
2023-06-13,10.390000343322754,10.430000305175781,10.140000343322754,10.319999694824219,17588600
2023-06-14,10.300000190734863,10.387999534606934,10.069999694824219,10.25,17098900
2023-06-15,9.979999542236328,10.6899995803833,9.960000038146973,10.65999984741211,30121500
2023-06-16,10.760000228881836,10.835000038146973,10.420000076293945,10.680000305175781,28859500
2023-06-20,10.579999923706055,10.760000228881836,10.380000114440918,10.579999923706055,21910100
2023-06-21,10.550000190734863,10.619999885559082,10.145000457763672,10.229999542236328,21488100
2023-06-22,10.170000076293945,10.640000343322754,10.15999984741211,10.640000343322754,20672600
2023-06-23,10.399999618530273,11.149999618530273,10.38599967956543,10.819999694824219,27763600
2023-06-26,10.729999542236328,11.399999618530273,10.699999809265137,11.210000038146973,34008200
2023-06-27,11.359999656677246,11.619999885559082,11.119999885559082,11.479999542236328,31107100
2023-06-28,11.5600004196167,11.699999809265137,11.414999961853027,11.649999618530273,27255000
2023-06-29,11.949999809265137,12.039999961853027,11.579999923706055,11.680000305175781,23006700
2023-06-30,11.779999732971191,12.100000381469727,11.75,11.84000015258789,23685500
2023-07-03,11.899999618530273,12.020000457763672,11.84000015258789,12.020000457763672,8882000
2023-07-05,11.90999984741211,12.350000381469727,11.880000114440918,12.119999885559082,20616600
2023-07-06,11.970000267028809,12.140000343322754,11.760000228881836,11.90999984741211,22876700
2023-07-07,11.90999984741211,12.050000190734863,11.640000343322754,11.680000305175781,24289400
2023-07-10,11.770000457763672,11.979999542236328,11.654999732971191,11.779999732971191,20146400
2023-07-11,11.9399995803833,13.079999923706055,11.90999984741211,12.739999771118164,43989800
2023-07-12,13.0600004196167,13.619999885559082,12.944999694824219,13.369999885559082,40584300
2023-07-13,13.579999923706055,13.890000343322754,13.5,13.510000228881836,40065300
2023-07-14,13.489999771118164,13.630000114440918,13.0,13.149999618530273,27022900
2023-07-17,13.140000343322754,13.640000343322754,12.970000267028809,13.470000267028809,28982300
2023-07-18,13.489999771118164,13.510000228881836,12.869999885559082,13.369999885559082,33093100
2023-07-19,13.430000305175781,13.529999732971191,13.079999923706055,13.109999656677246,28630900
2023-07-20,12.9399995803833,13.265000343322754,12.829999923706055,12.930000305175781,20442800
2023-07-21,13.0600004196167,13.0600004196167,12.675000190734863,12.739999771118164,21404300
2023-07-24,12.859999656677246,12.930000305175781,12.545000076293945,12.680000305175781,23715500
2023-07-25,12.520000457763672,12.670000076293945,12.350000381469727,12.510000228881836,68993700
2023-07-26,10.359999656677246,10.729999542236328,9.989999771118164,10.729999542236328,137880000
2023-07-27,10.899999618530273,10.914999961853027,10.180999755859375,10.329999923706055,65311800
2023-07-28,10.300000190734863,10.75,10.289999961853027,10.680000305175781,49135000
2023-07-31,10.65999984741211,11.380000114440918,10.65999984741211,11.359999656677246,37947800
2023-08-01,11.260000228881836,11.329999923706055,11.039999961853027,11.279999732971191,19576400
2023-08-02,10.989999771118164,11.220000267028809,10.880000114440918,10.970000267028809,31209400
2023-08-03,10.899999618530273,11.0,10.6899995803833,10.789999961853027,23726800
2023-08-04,10.930000305175781,11.0600004196167,10.720000267028809,10.75,19986800
2023-08-07,10.760000228881836,10.795000076293945,10.5,10.569999694824219,16688200
2023-08-08,10.40999984741211,10.595000267028809,10.1850004196167,10.539999961853027,22353000
2023-08-09,10.539999961853027,10.579999923706055,10.390000343322754,10.4399995803833,14402000
2023-08-10,10.600000381469727,10.699999809265137,10.210000038146973,10.220000267028809,15646200
2023-08-11,10.100000381469727,10.229999542236328,10.020000457763672,10.029999732971191,16037000
2023-08-14,9.989999771118164,9.989999771118164,9.8100004196167,9.9399995803833,23922100
2023-08-15,9.859999656677246,9.899999618530273,9.5,9.5600004196167,21223100
2023-08-16,9.510000228881836,9.59000015258789,9.149999618530273,9.15999984741211,30289500
2023-08-17,9.170000076293945,9.279999732971191,9.029999732971191,9.039999961853027,20527900
2023-08-18,8.90999984741211,9.1850004196167,8.859999656677246,9.180000305175781,14782300
2023-08-21,9.239999771118164,9.390000343322754,9.140000343322754,9.359999656677246,13634000
2023-08-22,9.40999984741211,9.470000267028809,9.1899995803833,9.25,14946600
2023-08-23,9.1899995803833,9.329999923706055,9.1899995803833,9.239999771118164,10358900
2023-08-24,9.380000114440918,9.460000038146973,9.0600004196167,9.369999885559082,20443900
2023-08-25,9.390000343322754,9.40999984741211,9.0,9.25,19434900
2023-08-28,9.34000015258789,9.550000190734863,9.324999809265137,9.449999809265137,11979100
2023-08-29,9.479999542236328,9.899999618530273,9.425000190734863,9.890000343322754,18276500
2023-08-30,9.819999694824219,10.170000076293945,9.75,10.119999885559082,30608900
2023-08-31,10.130000114440918,10.4399995803833,10.130000114440918,10.350000381469727,20863600
2023-09-01,10.40999984741211,10.539999961853027,10.3100004196167,10.4399995803833,17971300
2023-09-05,10.270000457763672,10.600000381469727,10.229999542236328,10.460000038146973,20595200
2023-09-06,10.270000457763672,10.289999961853027,9.569999694824219,9.630000114440918,40061400
2023-09-07,9.449999809265137,9.819999694824219,9.414999961853027,9.720000267028809,17158300
2023-09-08,9.680000305175781,9.739999771118164,9.390000343322754,9.390000343322754,21002100
2023-09-11,9.479999542236328,9.635000228881836,9.430000305175781,9.4399995803833,16848000
2023-09-12,9.359999656677246,9.630000114440918,9.359999656677246,9.579999923706055,13528600
2023-09-13,9.489999771118164,9.538000106811523,9.279999732971191,9.289999961853027,12832400
2023-09-14,9.364999771118164,9.399999618530273,9.149999618530273,9.15999984741211,12847600
2023-09-15,9.1899995803833,9.244999885559082,9.039999961853027,9.15999984741211,16283700
2023-09-18,9.079999923706055,9.100000381469727,8.8100004196167,8.890000343322754,20619800
2023-09-19,8.819999694824219,9.005000114440918,8.619999885559082,9.0,20100200
2023-09-20,9.0600004196167,9.378999710083008,8.949999809265137,9.029999732971191,24692100
2023-09-21,8.859999656677246,8.975000381469727,8.609999656677246,8.630000114440918,21616300
2023-09-22,8.720000267028809,8.885000228881836,8.670000076293945,8.6899995803833,11432500
2023-09-25,8.600000381469727,8.710000038146973,8.550000190734863,8.600000381469727,10074700
2023-09-26,8.430000305175781,8.489999771118164,8.279999732971191,8.34000015258789,25839900
2023-09-27,8.390000343322754,8.609999656677246,8.369999885559082,8.489999771118164,14303900
2023-09-28,8.420000076293945,8.654999732971191,8.34000015258789,8.5600004196167,16715400
2023-09-29,8.739999771118164,8.930000305175781,8.670000076293945,8.90999984741211,21165600
2023-10-02,8.869999885559082,8.914999961853027,8.5600004196167,8.739999771118164,15763200
2023-10-03,8.579999923706055,8.767999649047852,8.470000267028809,8.539999961853027,17300000
2023-10-04,8.5600004196167,8.720000267028809,8.5,8.6899995803833,16226500
2023-10-05,8.65999984741211,8.84000015258789,8.550000190734863,8.739999771118164,11503400
2023-10-06,8.569999694824219,8.640000343322754,8.395000457763672,8.630000114440918,22566900
2023-10-09,8.539999961853027,8.680000305175781,8.5,8.609999656677246,13059800
2023-10-10,8.699999809265137,9.109999656677246,8.65999984741211,8.819999694824219,22342600
2023-10-11,8.850000381469727,9.130000114440918,8.819999694824219,9.109999656677246,18773800
2023-10-12,9.0600004196167,9.329999923706055,9.010000228881836,9.109999656677246,29718200
2023-10-13,9.100000381469727,9.140000343322754,8.670000076293945,8.680000305175781,27893000
2023-10-16,9.020000457763672,9.75,8.960000038146973,9.720000267028809,56297800
2023-10-17,9.5600004196167,9.770000457763672,9.539999961853027,9.6899995803833,24836000
2023-10-18,9.600000381469727,9.760000228881836,9.510000228881836,9.600000381469727,19250400
2023-10-19,9.550000190734863,9.869999885559082,9.460000038146973,9.649999618530273,21177200
2023-10-20,9.600000381469727,9.670000076293945,9.3100004196167,9.4399995803833,29382600
2023-10-23,9.350000381469727,9.880000114440918,9.300000190734863,9.489999771118164,37569200
2023-10-24,9.630000114440918,9.979999542236328,9.579999923706055,9.710000038146973,71921400
2023-10-25,10.369999885559082,10.869999885559082,9.100000381469727,9.1899995803833,94403200
2023-10-26,9.109999656677246,9.520000457763672,8.90999984741211,9.300000190734863,42454200
2023-10-27,9.329999923706055,9.550000190734863,9.180000305175781,9.300000190734863,24606500
2023-10-30,9.34000015258789,9.8100004196167,9.289999961853027,9.699999809265137,25083900
2023-10-31,9.789999961853027,10.055000305175781,9.600000381469727,10.010000228881836,28796700
2023-11-01,9.949999809265137,10.079999923706055,9.8100004196167,9.989999771118164,19548100
2023-11-02,10.140000343322754,10.59000015258789,10.100000381469727,10.430000305175781,30659300
2023-11-03,10.520000457763672,10.914999961853027,10.520000457763672,10.720000267028809,22876600
2023-11-06,10.739999771118164,10.869999885559082,10.619999885559082,10.729999542236328,18754900
2023-11-07,10.720000267028809,11.020000457763672,10.680000305175781,10.960000038146973,15836900
2023-11-08,11.039999961853027,11.25,10.859999656677246,11.229999542236328,21448600
2023-11-09,11.220000267028809,11.729999542236328,11.180000305175781,11.239999771118164,26971500
2023-11-10,10.949999809265137,11.369999885559082,10.920000076293945,11.319999694824219,19155400
2023-11-13,11.329999923706055,11.4350004196167,11.149999618530273,11.300000190734863,12118700
2023-11-14,12.050000190734863,12.425000190734863,12.039999961853027,12.149999618530273,38147400
2023-11-15,12.119999885559082,12.319999694824219,11.9399995803833,12.199999809265137,21312700
2023-11-16,12.130000114440918,12.34000015258789,11.800000190734863,12.069999694824219,22969600
2023-11-17,11.90999984741211,11.994999885559082,11.5,11.890000343322754,22109500
2023-11-20,11.880000114440918,12.300000190734863,11.869999885559082,12.149999618530273,14543300
2023-11-21,11.979999542236328,12.149999618530273,11.890000343322754,12.0600004196167,10266400
2023-11-22,12.170000076293945,12.319999694824219,12.029999732971191,12.3100004196167,10114300
2023-11-24,12.239999771118164,12.5600004196167,12.239999771118164,12.520000457763672,10797700
2023-11-27,12.40999984741211,12.800000190734863,12.40999984741211,12.680000305175781,16203000
2023-11-28,12.604999542236328,12.869999885559082,12.579999923706055,12.84000015258789,14907000
2023-11-29,12.9399995803833,13.085000038146973,12.819999694824219,12.979999542236328,15300000
2023-11-30,13.489999771118164,14.229999542236328,13.484999656677246,13.829999923706055,51167400
2023-12-01,13.75,14.239999771118164,13.614999771118164,14.140000343322754,23416300
2023-12-04,14.0600004196167,14.380000114440918,13.96500015258789,14.300000190734863,21274400
2023-12-05,14.15999984741211,14.65999984741211,14.109999656677246,14.600000381469727,18141100
2023-12-06,14.829999923706055,15.359999656677246,14.770000457763672,14.770000457763672,27154500
2023-12-07,14.739999771118164,14.850000381469727,14.539999961853027,14.760000228881836,15148800
2023-12-08,14.699999809265137,15.305000305175781,14.680000305175781,15.09000015258789,20718300
2023-12-11,15.819999694824219,15.949999809265137,15.520000457763672,15.75,32187100
2023-12-12,15.630000114440918,16.059999465942383,15.444999694824219,15.850000381469727,27396300
2023-12-13,16.0,16.540000915527344,15.84000015258789,16.450000762939453,26639300
2023-12-14,16.670000076293945,17.229999542236328,16.56999969482422,16.940000534057617,39763700
2023-12-15,17.040000915527344,17.219999313354492,16.530000686645508,16.920000076293945,35572600
2023-12-18,17.440000534057617,17.899999618530273,16.799999237060547,17.020000457763672,49763600
2023-12-19,16.540000915527344,17.2549991607666,16.170000076293945,17.18000030517578,52580600
2023-12-20,16.979999542236328,17.299999237060547,16.59000015258789,16.600000381469727,28279700
2023-12-21,16.940000534057617,17.290000915527344,16.700000762939453,17.229999542236328,34281600
2023-12-22,17.200000762939453,17.31999969482422,16.889999389648438,17.049999237060547,21576700
2023-12-26,17.059999465942383,17.100000381469727,16.68000030517578,16.780000686645508,13944300
2023-12-27,16.729999542236328,16.989999771118164,16.68000030517578,16.950000762939453,15975400
2023-12-28,16.920000076293945,17.200000762939453,16.81999969482422,17.049999237060547,13845200
2023-12-29,17.030000686645508,17.209999084472656,16.829999923706055,16.93000030517578,16693500
2024-01-02,16.520000457763672,16.55500030517578,15.930000305175781,16.139999389648438,29687000
2024-01-03,15.520000457763672,16.040000915527344,15.270000457763672,15.779999732971191,28496100
2024-01-04,15.75,16.280000686645508,15.6850004196167,16.200000762939453,15922900
2024-01-05,16.1200008392334,16.67799949645996,16.101999282836914,16.549999237060547,21581000
2024-01-08,16.670000076293945,17.329999923706055,16.459999084472656,17.309999465942383,20267500
2024-01-09,17.3799991607666,17.75,16.969999313354492,17.049999237060547,35649000
2024-01-10,17.18000030517578,17.450000762939453,16.81999969482422,17.3700008392334,19372600
2024-01-11,17.299999237060547,17.6200008392334,16.809999465942383,17.09000015258789,22803600
2024-01-12,17.0,17.010000228881836,16.371000289916992,16.43000030517578,19056400
2024-01-16,16.209999084472656,16.209999084472656,15.430000305175781,15.539999961853027,35778100
2024-01-17,15.529999732971191,15.59000015258789,15.180000305175781,15.5,20971500
2024-01-18,15.630000114440918,16.268999099731445,15.5,16.209999084472656,21257600
2024-01-19,16.399999618530273,16.56999969482422,16.170000076293945,16.420000076293945,15300300
2024-01-22,16.59000015258789,17.139999389648438,16.44499969482422,16.610000610351562,19540600
2024-01-23,16.639999389648438,16.639999389648438,16.170000076293945,16.329999923706055,17034500
2024-01-24,16.670000076293945,16.719999313354492,16.219999313354492,16.31999969482422,17403900
2024-01-25,16.469999313354492,16.510000228881836,16.204999923706055,16.290000915527344,14223000
2024-01-26,16.979999542236328,16.989999771118164,16.239999771118164,16.25,27636400
2024-01-29,16.299999237060547,16.899999618530273,16.094999313354492,16.889999389648438,18698300
2024-01-30,16.700000762939453,16.844999313354492,16.329999923706055,16.469999313354492,36009400
2024-01-31,16.030000686645508,16.600000381469727,15.819999694824219,15.890000343322754,14822100
2024-02-01,16.09000015258789,16.110000610351562,15.770000457763672,15.869999885559082,16179100
2024-02-02,16.674999237060547,17.110000610351562,16.110000610351562,17.049999237060547,35712600
2024-02-05,17.200000762939453,17.4950008392334,16.299999237060547,16.75,37737700
2024-02-06,16.780000686645508,17.5,16.770000457763672,17.450000762939453,88330600
2024-02-07,12.029999732971191,12.390000343322754,11.081000328063965,11.40999984741211,185977600
2024-02-08,11.289999961853027,11.5,10.819999694824219,11.100000381469727,87847300
2024-02-09,11.260000228881836,11.279999732971191,10.930000305175781,11.109999656677246,54218100
2024-02-12,11.279999732971191,12.079999923706055,11.199999809265137,11.640000343322754,65823300
2024-02-13,11.239999771118164,11.619999885559082,11.015000343322754,11.140000343322754,40428100
2024-02-14,11.34000015258789,11.449999809265137,11.180000305175781,11.399999618530273,24167900
2024-02-15,11.420000076293945,11.800000190734863,11.380000114440918,11.600000381469727,24335900
2024-02-16,11.34000015258789,11.4399995803833,10.989999771118164,11.170000076293945,43404100
2024-02-20,11.0,11.140000343322754,10.869999885559082,10.949999809265137,37406100
2024-02-21,10.829999923706055,10.960000038146973,10.6899995803833,10.739999771118164,25481800
2024-02-22,10.850000381469727,11.039999961853027,10.720000267028809,10.729999542236328,46990000
2024-02-23,10.75,10.890000343322754,10.489999771118164,10.800000190734863,22975400
2024-02-26,10.65999984741211,10.869999885559082,10.574999809265137,10.720000267028809,19388200
2024-02-27,10.800000190734863,11.050000190734863,10.75,10.899999618530273,18059800
2024-02-28,10.75,11.140000343322754,10.75,11.0,17656000
2024-02-29,11.050000190734863,11.196000099182129,10.9399995803833,11.020000457763672,19719300
2024-03-01,11.050000190734863,11.279999732971191,11.0,11.25,20749800
2024-03-04,11.260000228881836,11.270000457763672,10.699999809265137,11.029999732971191,21544900
2024-03-05,10.850000381469727,11.649999618530273,10.75,11.430000305175781,42821200
2024-03-06,11.600000381469727,11.630000114440918,11.104999542236328,11.15999984741211,27088300
2024-03-07,11.449999809265137,12.020000457763672,11.449999809265137,11.850000381469727,45365300
2024-03-08,12.0,12.645000457763672,11.989999771118164,12.390000343322754,43593500
2024-03-11,12.25,12.260000228881836,11.800000190734863,11.869999885559082,23993600
2024-03-12,11.949999809265137,12.130000114440918,11.699999809265137,11.770000457763672,17197100
2024-03-13,11.710000038146973,12.350000381469727,11.6899995803833,11.899999618530273,29908900
2024-03-14,11.859999656677246,11.890000343322754,11.34000015258789,11.390000343322754,21971800
2024-03-15,11.4399995803833,11.571999549865723,11.09000015258789,11.1899995803833,26649900
2024-03-18,11.239999771118164,11.329999923706055,10.930000305175781,11.0600004196167,28446200
2024-03-19,10.960000038146973,11.170000076293945,10.779999732971191,11.050000190734863,25976800
2024-03-20,11.029999732971191,11.380000114440918,10.970000267028809,11.199999809265137,28666800
2024-03-21,11.260000228881836,11.510000228881836,11.130000114440918,11.15999984741211,22605100
2024-03-22,11.149999618530273,11.430000305175781,11.062999725341797,11.399999618530273,25195800
2024-03-25,11.380000114440918,11.520000457763672,11.239999771118164,11.260000228881836,20246900
2024-03-26,11.399999618530273,11.748000144958496,11.3100004196167,11.3100004196167,20825700
2024-03-27,11.380000114440918,11.46500015258789,11.239999771118164,11.449999809265137,13358000
2024-03-28,11.399999618530273,11.680000305175781,11.350000381469727,11.479999542236328,15281000
2024-04-01,11.479999542236328,11.609999656677246,11.199999809265137,11.25,13156600
2024-04-02,11.0,11.140000343322754,10.722000122070312,11.079999923706055,14452700
2024-04-03,10.989999771118164,11.270000457763672,10.975000381469727,11.149999618530273,10552500
2024-04-04,11.220000267028809,11.380000114440918,10.979999542236328,11.020000457763672,15077800
2024-04-05,10.899999618530273,11.149999618530273,10.890000343322754,11.0,14656700
2024-04-08,11.0600004196167,11.359999656677246,11.020000457763672,11.109999656677246,14688900
2024-04-09,11.109999656677246,11.289999961853027,11.100000381469727,11.229999542236328,12667900
2024-04-10,11.020000457763672,11.1899995803833,10.859999656677246,10.880000114440918,20732500
2024-04-11,11.010000228881836,11.414999961853027,10.850000381469727,11.359999656677246,24554900
2024-04-12,11.180000305175781,11.229999542236328,10.829999923706055,10.850000381469727,22041000
2024-04-15,10.859999656677246,10.869999885559082,10.270000457763672,10.34000015258789,24598600
2024-04-16,10.279999732971191,10.430000305175781,10.083000183105469,10.40999984741211,24221400
2024-04-17,10.489999771118164,11.449999809265137,10.432000160217285,10.899999618530273,54242200
2024-04-18,11.170000076293945,11.779999732971191,11.069999694824219,11.630000114440918,55108200
2024-04-19,11.649999618530273,11.880000114440918,11.114999771118164,11.15999984741211,30405600
2024-04-22,11.529999732971191,11.75,10.875,11.140000343322754,24949800
2024-04-23,11.289999961853027,11.6850004196167,11.140000343322754,11.390000343322754,26017900
2024-04-24,11.324999809265137,11.479999542236328,10.960000038146973,11.079999923706055,32755900
2024-04-25,10.630000114440918,11.545000076293945,10.539999961853027,11.399999618530273,75962200
2024-04-26,14.479999542236328,14.9399995803833,13.779999732971191,14.550000190734863,159811900
2024-04-29,14.350000381469727,14.869999885559082,14.029999732971191,14.489999771118164,51922300
2024-04-30,14.479999542236328,15.359999656677246,14.380999565124512,15.050000190734863,56020000
2024-05-01,15.100000381469727,16.198999404907227,14.930000305175781,15.859999656677246,46850500
2024-05-02,16.020000457763672,16.309999465942383,15.710000038146973,16.299999237060547,28833500
2024-05-03,16.530000686645508,16.530000686645508,16.040000915527344,16.25,23896800
2024-05-06,16.389999389648438,16.969999313354492,16.09000015258789,16.84000015258789,32504100
2024-05-07,16.780000686645508,17.290000915527344,16.735000610351562,17.139999389648438,24966200
2024-05-08,16.389999389648438,16.979999542236328,16.329999923706055,16.739999771118164,31749000
2024-05-09,16.709999084472656,16.760000228881836,16.114999771118164,16.549999237060547,36751800
2024-05-10,16.579999923706055,16.600000381469727,15.84000015258789,16.010000228881836,26519500
2024-05-13,15.979999542236328,16.079999923706055,15.65999984741211,15.760000228881836,28884200
2024-05-14,15.710000038146973,15.890000343322754,15.380000114440918,15.619999885559082,29917500
2024-05-15,15.975000381469727,16.274999618530273,15.529999732971191,16.209999084472656,27499600
2024-05-16,16.030000686645508,16.174999237060547,15.75,16.020000457763672,21863100
2024-05-17,16.010000228881836,16.2549991607666,15.930000305175781,16.049999237060547,12200000
2024-05-20,16.170000076293945,16.649999618530273,16.170000076293945,16.43000030517578,22173600
2024-05-21,16.25,16.25200080871582,15.520000457763672,15.630000114440918,19987400
2024-05-22,15.65999984741211,15.920000076293945,15.550999641418457,15.90999984741211,12894400
2024-05-23,15.960000038146973,15.970000267028809,15.119999885559082,15.180000305175781,16728700
2024-05-24,15.329999923706055,15.489999771118164,15.149999618530273,15.220000267028809,9988900
2024-05-28,15.25,15.479999542236328,15.173999786376953,15.319999694824219,13320800
2024-05-29,15.029999732971191,15.404999732971191,14.920000076293945,15.15999984741211,13769700
2024-05-30,15.149999618530273,15.390000343322754,14.8100004196167,15.170000076293945,14737700
2024-05-31,15.319999694824219,15.34000015258789,14.899999618530273,15.020000457763672,20044000
2024-06-03,15.369999885559082,15.4399995803833,15.109999656677246,15.319999694824219,18039000
2024-06-04,15.149999618530273,15.319999694824219,14.789999961853027,14.890000343322754,16105100
2024-06-05,15.125,15.380000114440918,15.074999809265137,15.199999809265137,21285700
2024-06-06,15.100000381469727,15.399999618530273,14.9399995803833,15.199999809265137,14519200
2024-06-07,15.199999809265137,15.609999656677246,14.949999809265137,15.59000015258789,27041500
2024-06-10,15.390000343322754,15.574999809265137,15.050000190734863,15.1899995803833,19250600
2024-06-11,15.130000114440918,15.600000381469727,15.0,15.600000381469727,20771900
2024-06-12,15.800000190734863,16.17300033569336,15.699999809265137,15.869999885559082,16021600
2024-06-13,15.850000381469727,15.949999809265137,15.460000038146973,15.609999656677246,14274600
2024-06-14,15.510000228881836,15.6899995803833,15.329999923706055,15.59000015258789,8575900
2024-06-17,15.489999771118164,16.049999237060547,15.220000267028809,15.84000015258789,21176100
2024-06-18,15.699999809265137,16.040000915527344,15.489999771118164,15.800000190734863,16584100
2024-06-20,15.760000228881836,15.819999694824219,15.170000076293945,15.390000343322754,17256600
2024-06-21,15.380000114440918,15.595000267028809,15.25,15.510000228881836,27655200
2024-06-24,15.510000228881836,15.789999961853027,15.460000038146973,15.670000076293945,21115200
2024-06-25,15.920000076293945,16.770000457763672,15.680000305175781,16.709999084472656,22210600
2024-06-26,16.459999084472656,16.850000381469727,16.309999465942383,16.770000457763672,12905900
2024-06-27,16.8799991607666,17.030000686645508,16.559999465942383,16.56999969482422,12048400
2024-06-28,16.5,16.760000228881836,16.329999923706055,16.610000610351562,19872000
2024-07-01,16.43000030517578,16.530000686645508,15.630000114440918,16.020000457763672,17432500
2024-07-02,16.059999465942383,16.360000610351562,15.699999809265137,16.260000228881836,11636800
2024-07-03,16.25,16.399999618530273,15.569999694824219,15.75,11493200
2024-07-05,15.720000267028809,16.420000076293945,15.569999694824219,16.3799991607666,14257100
2024-07-08,16.440000534057617,16.558000564575195,16.059999465942383,16.5,11438900
2024-07-09,16.5,16.8700008392334,16.450000762939453,16.75,12025600
2024-07-10,16.780000686645508,17.31999969482422,16.549999237060547,16.84000015258789,24203000
2024-07-11,16.8799991607666,17.329999923706055,16.110000610351562,16.3700008392334,23400900
2024-07-12,16.18000030517578,16.3799991607666,15.65999984741211,16.18000030517578,14584700
2024-07-15,16.420000076293945,16.514999389648438,15.984999656677246,16.209999084472656,12002000
2024-07-16,16.360000610351562,16.469999313354492,15.680000305175781,16.139999389648438,21440900
2024-07-17,15.739999771118164,15.75,14.350000381469727,14.569999694824219,36770400
2024-07-18,14.760000228881836,14.907999992370605,14.34000015258789,14.569999694824219,14723700
2024-07-19,14.510000228881836,14.739999771118164,14.359999656677246,14.399999618530273,12221200
2024-07-22,14.59000015258789,14.90999984741211,14.5600004196167,14.779999732971191,10957500
2024-07-23,15.15999984741211,15.350000381469727,14.3100004196167,14.329999923706055,22477900
2024-07-24,13.989999771118164,13.989999771118164,13.489999771118164,13.579999923706055,19952200
2024-07-25,13.569999694824219,13.779999732971191,13.079999923706055,13.449999809265137,18876300
2024-07-26,13.649999618530273,13.720000267028809,13.244999885559082,13.329999923706055,18301700
2024-07-29,13.5,13.550000190734863,13.199999809265137,13.350000381469727,17491500
2024-07-30,13.3100004196167,13.34000015258789,12.829999923706055,13.09000015258789,29735800
2024-07-31,13.149999618530273,13.600000381469727,13.055000305175781,13.319999694824219,27561000
2024-08-01,13.8100004196167,13.949999809265137,12.710000038146973,12.8100004196167,62367500
2024-08-02,10.130000114440918,10.420000076293945,9.300000190734863,9.359999656677246,124970600
2024-08-05,8.510000228881836,8.970000267028809,8.300000190734863,8.710000038146973,52149400
2024-08-06,9.0,9.010000228881836,8.520000457763672,8.640000343322754,47097400
2024-08-07,8.739999771118164,9.050000190734863,8.289999961853027,8.289999961853027,37159100
2024-08-08,8.430000305175781,9.010000228881836,8.350000381469727,8.9399995803833,30984600
2024-08-09,8.920000076293945,9.109999656677246,8.829999923706055,9.050000190734863,26475900
2024-08-12,9.0600004196167,9.239999771118164,8.949999809265137,9.020000457763672,15243100
2024-08-13,9.079999923706055,9.539999961853027,9.079999923706055,9.229999542236328,21013800
2024-08-14,9.359999656677246,9.399999618530273,8.9350004196167,9.029999732971191,22886000
2024-08-15,9.180000305175781,9.430000305175781,9.140000343322754,9.300000190734863,20618200
2024-08-16,9.1899995803833,9.28499984741211,9.029999732971191,9.229999542236328,28183400
2024-08-19,9.279999732971191,9.520000457763672,9.25,9.5,17486100
2024-08-20,9.4399995803833,9.609999656677246,9.359999656677246,9.470000267028809,16353400
2024-08-21,9.520000457763672,9.539999961853027,9.350000381469727,9.479999542236328,17946300
2024-08-22,9.479999542236328,9.520000457763672,9.1899995803833,9.25,19806600
2024-08-23,9.350000381469727,9.489999771118164,9.324999809265137,9.430000305175781,17785900
2024-08-26,9.399999618530273,9.619999885559082,9.383999824523926,9.420000076293945,21843400
2024-08-27,9.279999732971191,9.569999694824219,9.279999732971191,9.5,17453900
2024-08-28,9.380000114440918,9.4399995803833,9.130000114440918,9.180000305175781,17945100
2024-08-29,9.289999961853027,9.4399995803833,9.15999984741211,9.220000267028809,19312600
2024-08-30,9.34000015258789,9.420000076293945,9.180000305175781,9.34000015258789,17230600
2024-09-03,9.220000267028809,9.25,8.8100004196167,8.859999656677246,20702800
2024-09-04,8.8100004196167,9.020000457763672,8.779999732971191,8.789999961853027,18958600
2024-09-05,8.770000457763672,8.979999542236328,8.720000267028809,8.869999885559082,15422900
2024-09-06,8.890000343322754,8.925000190734863,8.460000038146973,8.619999885559082,24928800
2024-09-09,8.6899995803833,8.760000228881836,8.420000076293945,8.529999732971191,26137700
2024-09-10,8.550000190734863,8.670000076293945,8.319999694824219,8.640000343322754,22445500
2024-09-11,8.680000305175781,9.0,8.680000305175781,9.0,27103200
2024-09-12,9.0,9.4399995803833,9.0,9.319999694824219,23132400
2024-09-13,9.489999771118164,9.789999961853027,9.470000267028809,9.520000457763672,30647700
2024-09-16,9.350000381469727,9.824999809265137,9.039999961853027,9.640000343322754,39019700
2024-09-17,9.800000190734863,9.960000038146973,9.385000228881836,9.420000076293945,28486700
2024-09-18,9.4399995803833,9.875,9.399999618530273,9.670000076293945,32524800
2024-09-19,9.989999771118164,10.34000015258789,9.8100004196167,10.069999694824219,37009900
2024-09-20,10.020000457763672,10.149999618530273,9.920000076293945,10.050000190734863,33630800
2024-09-23,10.15999984741211,10.279999732971191,9.9399995803833,10.199999809265137,35568400
2024-09-24,10.399999618530273,10.670000076293945,10.220000267028809,10.569999694824219,35147100
2024-09-25,10.59000015258789,10.800000190734863,10.550000190734863,10.59000015258789,31316700
2024-09-26,10.880000114440918,10.930000305175781,10.5,10.5600004196167,24807100
2024-09-27,10.800000190734863,11.069999694824219,10.744999885559082,10.869999885559082,25500900
2024-09-30,10.8100004196167,10.989999771118164,10.680000305175781,10.699999809265137,22537500
2024-10-01,10.779999732971191,10.90999984741211,10.399999618530273,10.420000076293945,19195700
2024-10-02,10.319999694824219,10.90999984741211,10.300000190734863,10.880000114440918,22138300
2024-10-03,10.630000114440918,10.949999809265137,10.60099983215332,10.739999771118164,15138800
2024-10-04,10.9399995803833,10.979999542236328,10.614999771118164,10.800000190734863,15497200
2024-10-07,10.789999961853027,10.890000343322754,10.420000076293945,10.479999542236328,18028200
2024-10-08,10.460000038146973,10.710000038146973,10.385000228881836,10.670000076293945,14134400
2024-10-09,10.6899995803833,10.789999961853027,10.609999656677246,10.680000305175781,11064600
2024-10-10,10.539999961853027,10.819999694824219,10.520000457763672,10.65999984741211,14692200
2024-10-11,10.550000190734863,11.1899995803833,10.550000190734863,11.130000114440918,17306000
2024-10-14,11.020000457763672,11.199999809265137,10.859999656677246,11.050000190734863,21296700
2024-10-15,11.050000190734863,11.204999923706055,10.854999542236328,11.039999961853027,16307500
2024-10-16,11.050000190734863,11.100000381469727,10.670000076293945,10.760000228881836,24720700
2024-10-17,10.595000267028809,10.6899995803833,10.260000228881836,10.460000038146973,28907700
2024-10-18,10.5600004196167,10.645000457763672,10.420000076293945,10.489999771118164,15179600
2024-10-21,10.449999809265137,10.5600004196167,10.28499984741211,10.329999923706055,17264900
2024-10-22,10.15999984741211,10.255000114440918,9.9399995803833,9.979999542236328,28940000
2024-10-23,10.210000038146973,10.479999542236328,10.0600004196167,10.149999618530273,32444300
2024-10-24,10.199999809265137,10.329999923706055,10.119999885559082,10.270000457763672,17213100
2024-10-25,10.329999923706055,10.539999961853027,10.289999961853027,10.449999809265137,18672500
2024-10-28,10.630000114440918,10.835000038146973,10.539999961853027,10.710000038146973,25316300
2024-10-29,10.75,10.930000305175781,10.539999961853027,10.890000343322754,59701100
2024-10-30,11.529999732971191,12.829999923706055,11.40999984741211,12.619999885559082,102519300
2024-10-31,12.569999694824219,12.729999542236328,12.079999923706055,12.15999984741211,76348300
2024-11-01,12.25,12.930000305175781,11.970000267028809,12.529999732971191,49753800
2024-11-04,12.359999656677246,12.470000267028809,12.0600004196167,12.119999885559082,29713400
2024-11-05,12.210000038146973,12.329999923706055,11.970000267028809,12.1899995803833,21861000
2024-11-06,12.15999984741211,12.359999656677246,11.395000457763672,11.8100004196167,36562900
2024-11-07,11.890000343322754,12.59000015258789,11.869999885559082,12.479999542236328,30530300
2024-11-08,12.40999984741211,12.449999809265137,11.869999885559082,12.010000228881836,39240000
2024-11-11,12.100000381469727,12.260000228881836,11.930000305175781,11.960000038146973,31883100
2024-11-12,11.800000190734863,11.904999732971191,11.229999542236328,11.260000228881836,38973900
2024-11-13,11.279999732971191,11.385000228881836,11.069999694824219,11.109999656677246,20588900
2024-11-14,11.109999656677246,11.180000305175781,10.699999809265137,10.760000228881836,32509000
2024-11-15,10.710000038146973,10.710000038146973,10.489999771118164,10.600000381469727,20919200
2024-11-18,10.600000381469727,10.6899995803833,10.460000038146973,10.550000190734863,34574800
2024-11-19,10.425000190734863,10.619999885559082,10.42199993133545,10.510000228881836,21393000
2024-11-20,10.539999961853027,11.0,10.463000297546387,10.59000015258789,17642000
2024-11-21,10.5600004196167,10.694999694824219,10.399999618530273,10.630000114440918,21430700
2024-11-22,10.520000457763672,11.470000267028809,10.5,11.420000076293945,39166000
2024-11-25,11.550000190734863,12.140000343322754,11.529999732971191,11.600000381469727,29295400
2024-11-26,11.550000190734863,11.630000114440918,11.300000190734863,11.600000381469727,27809600
2024-11-27,11.680000305175781,11.789999961853027,11.350000381469727,11.609999656677246,14146000
2024-11-29,11.699999809265137,12.015000343322754,11.670000076293945,11.8100004196167,8966700
2024-12-02,11.779999732971191,12.180000305175781,11.59000015258789,12.109999656677246,28007700
2024-12-03,12.09000015258789,13.050000190734863,11.961000442504883,12.859999656677246,37632900
2024-12-04,12.930000305175781,12.930000305175781,12.579999923706055,12.619999885559082,15865300
2024-12-05,12.579999923706055,12.59000015258789,11.71500015258789,12.170000076293945,49109600
2024-12-06,12.369999885559082,13.020000457763672,12.220000267028809,12.4399995803833,58197700
2024-12-09,12.5,12.625,12.199999809265137,12.5,32176100
2024-12-10,12.5,12.569999694824219,11.984999656677246,12.40999984741211,33103200
2024-12-11,12.420000076293945,12.739999771118164,11.989999771118164,12.0,21680000
2024-12-12,11.9399995803833,11.960000038146973,11.369999885559082,11.380000114440918,23124400
2024-12-13,11.40999984741211,11.548999786376953,11.079999923706055,11.3100004196167,17823800
2024-12-16,11.359999656677246,11.569999694824219,11.210000038146973,11.34000015258789,22364200
2024-12-17,11.34000015258789,11.425999641418457,11.114999771118164,11.180000305175781,19717400
2024-12-18,11.154999732971191,12.154999732971191,10.854999542236328,11.220000267028809,49598200
2024-12-19,11.34000015258789,11.569999694824219,11.140000343322754,11.300000190734863,26885300
2024-12-20,11.010000228881836,11.630000114440918,10.949999809265137,11.399999618530273,38555400
2024-12-23,11.524999618530273,11.59000015258789,11.0,11.260000228881836,37248300
2024-12-24,11.270000457763672,11.279999732971191,11.119999885559082,11.180000305175781,7892400
2024-12-26,11.109999656677246,11.380000114440918,11.069999694824219,11.199999809265137,12813800
2024-12-27,11.15999984741211,11.180000305175781,10.770000457763672,10.989999771118164,22670500
2024-12-30,10.720000267028809,10.994999885559082,10.5649995803833,10.859999656677246,28393800
2024-12-31,10.859999656677246,11.0,10.75,10.770000457763672,14617100
2025-01-02,11.0,11.380000114440918,10.779999732971191,11.239999771118164,16400500
2025-01-03,11.460000038146973,12.079999923706055,11.449999809265137,11.970000267028809,25565600
2025-01-06,12.100000381469727,12.59000015258789,11.979999542236328,12.569999694824219,26193600
2025-01-07,12.649999618530273,12.869999885559082,12.305000305175781,12.550000190734863,27577600
2025-01-08,12.300000190734863,12.59000015258789,11.930000305175781,12.039999961853027,25644800
2025-01-10,11.989999771118164,13.281000137329102,11.880000114440918,12.470000267028809,54521200
2025-01-13,12.239999771118164,12.449999809265137,11.9399995803833,12.149999618530273,21092900
2025-01-14,11.779999732971191,11.8100004196167,11.28499984741211,11.34000015258789,38181500
2025-01-15,11.680000305175781,12.350000381469727,11.619999885559082,11.84000015258789,35534700
2025-01-16,11.380000114440918,11.649999618530273,11.170000076293945,11.220000267028809,37764000
2025-01-17,11.359999656677246,11.600000381469727,10.800000190734863,10.859999656677246,48260600
2025-01-21,10.920000076293945,10.975000381469727,10.539999961853027,10.5600004196167,34096700
2025-01-22,10.680000305175781,10.760000228881836,10.449999809265137,10.460000038146973,24284100
2025-01-23,10.40999984741211,10.670000076293945,10.399999618530273,10.579999923706055,19161800
2025-01-24,10.649999618530273,10.899999618530273,10.649999618530273,10.890000343322754,19712200
2025-01-27,10.59000015258789,11.1899995803833,10.585000038146973,10.850000381469727,23584400
2025-01-28,10.880000114440918,11.199999809265137,10.765000343322754,11.1899995803833,21291500
2025-01-29,11.25,11.770000457763672,11.1899995803833,11.630000114440918,27625300
2025-01-30,11.640000343322754,11.664999961853027,11.140000343322754,11.350000381469727,19930600
2025-01-31,11.430000305175781,11.729999542236328,11.260000228881836,11.289999961853027,23111400
2025-02-03,11.0,11.300000190734863,10.954999923706055,11.170000076293945,56262600
2025-02-04,11.1899995803833,11.710000038146973,11.1850004196167,11.600000381469727,65699100
2025-02-05,11.53499984741211,11.569999694824219,10.59000015258789,10.630000114440918,91226400
2025-02-06,10.489999771118164,10.789999961853027,10.350000381469727,10.6899995803833,40553400
2025-02-07,10.720000267028809,11.050000190734863,10.600000381469727,10.920000076293945,31624300
2025-02-10,10.805000305175781,11.09000015258789,10.675000190734863,10.710000038146973,30217300
2025-02-11,10.4399995803833,10.920000076293945,10.350000381469727,10.869999885559082,24893000
2025-02-12,10.670000076293945,10.920000076293945,10.670000076293945,10.729999542236328,20670700
2025-02-13,10.760000228881836,11.260000228881836,10.756999969482422,11.25,29099000
2025-02-14,11.119999885559082,11.199999809265137,10.829999923706055,10.850000381469727,19265700
2025-02-18,10.880000114440918,11.045000076293945,10.71500015258789,11.039999961853027,23782000
2025-02-19,10.920000076293945,10.970000267028809,10.720000267028809,10.779999732971191,18582700
2025-02-20,10.779999732971191,10.829999923706055,10.571999549865723,10.680000305175781,16000300
2025-02-21,10.699999809265137,10.800000190734863,10.329999923706055,10.34000015258789,17290500
2025-02-24,10.390000343322754,10.550000190734863,10.100000381469727,10.420000076293945,17995900
2025-02-25,10.350000381469727,10.520000457763672,10.100000381469727,10.399999618530273,19790500
2025-02-26,10.479999542236328,10.585000038146973,10.100000381469727,10.15999984741211,23920000
2025-02-27,10.199999809265137,10.305000305175781,9.930000305175781,9.989999771118164,18277900
2025-02-28,9.970000267028809,10.260000228881836,9.859999656677246,10.25,21464800
2025-03-03,10.319999694824219,10.380000114440918,9.760000228881836,9.770000457763672,22076100
2025-03-04,9.600000381469727,9.854999542236328,9.239999771118164,9.600000381469727,27931800
2025-03-05,9.619999885559082,9.84000015258789,9.510000228881836,9.789999961853027,17542200
2025-03-06,9.625,9.930000305175781,9.520000457763672,9.600000381469727,22203700
2025-03-07,9.520000457763672,9.84000015258789,9.359999656677246,9.720000267028809,22471800
2025-03-10,9.489999771118164,9.588000297546387,9.050000190734863,9.079999923706055,25559200
2025-03-11,9.0,9.1850004196167,8.819999694824219,8.859999656677246,34704300
2025-03-12,9.039999961853027,9.140000343322754,8.774999618530273,8.890000343322754,34670300
2025-03-13,8.850000381469727,8.869999885559082,8.34000015258789,8.369999885559082,30348400
2025-03-14,8.579999923706055,8.680000305175781,8.454999923706055,8.640000343322754,26363200
2025-03-17,8.699999809265137,9.100000381469727,8.654999732971191,8.989999771118164,26734900
2025-03-18,8.90999984741211,9.069999694824219,8.65999984741211,8.729999542236328,25183100
2025-03-19,8.75,9.220000267028809,8.75,9.039999961853027,37970100
2025-03-20,9.020000457763672,9.59000015258789,8.989999771118164,9.229999542236328,59659200
2025-03-21,9.140000343322754,9.359999656677246,9.095000267028809,9.329999923706055,37538500
2025-03-24,9.550000190734863,9.670000076293945,9.390000343322754,9.539999961853027,21246300
2025-03-25,9.59000015258789,9.699999809265137,9.420000076293945,9.630000114440918,20013500
2025-03-26,9.65999984741211,9.680000305175781,9.260000228881836,9.40999984741211,22336700
2025-03-27,9.279999732971191,9.34000015258789,9.140000343322754,9.170000076293945,21307300
2025-03-28,9.130000114440918,9.210000038146973,8.8100004196167,8.890000343322754,20197800
2025-03-31,8.640000343322754,8.75,8.3100004196167,8.710000038146973,23438400
2025-04-01,8.739999771118164,9.109999656677246,8.664999961853027,8.930000305175781,24639800
2025-04-02,8.630000114440918,9.109999656677246,8.600000381469727,8.880000114440918,34093900
2025-04-03,8.420000076293945,8.479999542236328,7.96999979019165,8.020000457763672,50833000
2025-04-04,7.739999771118164,8.289999961853027,7.663000106811523,8.050000190734863,48737600
2025-04-07,7.789999961853027,8.489999771118164,7.460000038146973,7.730000019073486,54810700
2025-04-08,7.96999979019165,8.100000381469727,7.079999923706055,7.230000019073486,48519100
2025-04-09,7.170000076293945,8.90999984741211,7.105000019073486,8.819999694824219,68606600
2025-04-10,8.460000038146973,8.604999542236328,7.739999771118164,7.829999923706055,43912400
2025-04-11,7.800000190734863,8.100000381469727,7.670000076293945,7.960000038146973,28420800
2025-04-14,8.180000305175781,8.239999771118164,7.764999866485596,7.909999847412109,26061400
2025-04-15,7.900000095367432,8.029999732971191,7.710000038146973,7.869999885559082,25136100
2025-04-16,7.75,7.880000114440918,7.585000038146973,7.739999771118164,34484200
2025-04-17,7.659999847412109,7.949999809265137,7.650000095367432,7.880000114440918,32083700
2025-04-21,7.760000228881836,7.869999885559082,7.5,7.610000133514404,27528900
2025-04-22,7.659999847412109,7.920000076293945,7.630000114440918,7.849999904632568,25279500
2025-04-23,8.100000381469727,8.25,7.829999923706055,7.980000019073486,35707100
2025-04-24,8.050000190734863,8.4350004196167,8.039999961853027,8.329999923706055,33721600
2025-04-25,8.449999809265137,8.675000190734863,8.399999618530273,8.539999961853027,32816100
2025-04-28,8.550000190734863,9.010000228881836,8.550000190734863,8.829999923706055,53515600
2025-04-29,8.829999923706055,9.229999542236328,8.819999694824219,9.09000015258789,105509900
2025-04-30,7.769999980926514,7.980000019073486,7.46999979019165,7.960000038146973,151470100
2025-05-01,8.010000228881836,8.135000228881836,7.800000190734863,7.829999923706055,75366800
2025-05-02,7.869999885559082,8.479999542236328,7.840000152587891,8.449999809265137,79162200
2025-05-05,8.369999885559082,8.680000305175781,8.359999656677246,8.550000190734863,43996700
2025-05-06,8.460000038146973,8.569999694824219,8.34000015258789,8.359999656677246,32096400
2025-05-07,8.399999618530273,8.40999984741211,7.920000076293945,8.130000114440918,34217100
2025-05-08,8.289999961853027,8.359999656677246,8.069999694824219,8.220000267028809,46129000
2025-05-09,8.359999656677246,8.630000114440918,8.220000267028809,8.25,28078500
2025-05-12,8.854999542236328,9.210000038146973,8.654999732971191,9.210000038146973,53703200
2025-05-13,9.199999809265137,9.260000228881836,9.032999992370605,9.100000381469727,33201600
2025-05-14,9.140000343322754,9.229000091552734,8.9399995803833,9.029999732971191,29981300
2025-05-15,8.949999809265137,9.015000343322754,8.545000076293945,8.579999923706055,30819800
2025-05-16,8.619999885559082,8.779999732971191,8.489999771118164,8.75,30985000
2025-05-19,8.444999694824219,8.8100004196167,8.425000190734863,8.680000305175781,26112400
2025-05-20,8.649999618530273,8.690999984741211,8.4350004196167,8.529999732971191,28383300
2025-05-21,8.479999542236328,8.579999923706055,8.229999542236328,8.279999732971191,26762100
2025-05-22,8.305000305175781,8.470000267028809,8.164999961853027,8.430000305175781,25250100
2025-05-23,8.239999771118164,8.34000015258789,8.199999809265137,8.229999542236328,18213100
2025-05-27,8.34000015258789,8.449999809265137,8.25,8.420000076293945,23550500
2025-05-28,8.430000305175781,8.5,8.321999549865723,8.34000015258789,20226700
2025-05-29,8.46500015258789,8.479999542236328,8.210000038146973,8.279999732971191,22300700
2025-05-30,8.229999542236328,8.25,8.0,8.25,27217500
2025-06-02,8.180000305175781,8.289999961853027,8.053999900817871,8.199999809265137,20530300
2025-06-03,8.220000267028809,8.4350004196167,8.0600004196167,8.369999885559082,26362700
2025-06-04,8.375,8.630000114440918,8.28499984741211,8.449999809265137,25357700
2025-06-05,8.479999542236328,8.539999961853027,8.079999923706055,8.199999809265137,34346700
2025-06-06,8.300000190734863,8.375,8.170000076293945,8.270000457763672,26368500
2025-06-09,8.350000381469727,8.664999961853027,8.319999694824219,8.5,34168800
2025-06-10,8.46500015258789,8.829999923706055,8.350000381469727,8.489999771118164,39438000
2025-06-11,8.5649995803833,8.949999809265137,8.520000457763672,8.569999694824219,31720400
2025-06-12,8.470000267028809,8.520000457763672,8.239999771118164,8.300000190734863,30086300
2025-06-13,8.135000228881836,8.229999542236328,7.900000095367432,7.940000057220459,37891900
2025-06-16,8.039999961853027,8.28499984741211,7.889999866485596,8.270000457763672,39534000
2025-06-17,8.140000343322754,8.329999923706055,8.114999771118164,8.180000305175781,20844400
2025-06-18,8.140000343322754,8.319999694824219,8.100000381469727,8.229999542236328,27628000
2025-06-20,8.279999732971191,8.34000015258789,8.0,8.010000228881836,27505300
2025-06-23,7.960000038146973,8.09000015258789,7.75,7.909999847412109,35802200
2025-06-24,8.069999694824219,8.34000015258789,8.050000190734863,8.319999694824219,44830100
2025-06-25,8.380000114440918,8.420000076293945,8.0,8.029999732971191,45962200
2025-06-26,8.109999656677246,8.1899995803833,8.010000228881836,8.140000343322754,29046300
2025-06-27,8.300000190734863,8.949999809265137,8.229999542236328,8.720000267028809,63313600
2025-06-30,8.850000381469727,8.859999656677246,8.59000015258789,8.6899995803833,32390200
2025-07-01,9.0,9.529999732971191,8.90999984741211,9.350000381469727,74078500
2025-07-02,9.369999885559082,9.619999885559082,9.319999694824219,9.380000114440918,48022900
2025-07-03,9.40999984741211,9.460000038146973,9.1899995803833,9.270000457763672,21788700
2025-07-07,9.154999732971191,9.329999923706055,9.100000381469727,9.1899995803833,23871500
2025-07-08,9.300000190734863,9.350000381469727,9.154000282287598,9.319999694824219,24566500
2025-07-09,9.279999732971191,9.380000114440918,9.015000343322754,9.119999885559082,42212500
2025-07-10,9.15999984741211,9.399999618530273,9.029999732971191,9.34000015258789,39426800
2025-07-11,9.28499984741211,9.40999984741211,9.062999725341797,9.109999656677246,24968600
2025-07-14,9.079999923706055,9.569999694824219,9.055000305175781,9.539999961853027,36750500
2025-07-15,9.6850004196167,9.84000015258789,9.470000267028809,9.479999542236328,42268400
2025-07-16,9.550000190734863,9.670000076293945,9.220000267028809,9.65999984741211,45509900
2025-07-17,9.65999984741211,10.100000381469727,9.625,9.90999984741211,46404700
2025-07-18,9.920000076293945,10.069999694824219,9.850000381469727,10.010000228881836,28026600
2025-07-21,10.170000076293945,10.300000190734863,9.84000015258789,9.880000114440918,36633700
2025-07-22,9.960000038146973,10.40999984741211,9.890000343322754,10.350000381469727,38765900
2025-07-23,10.369999885559082,10.369999885559082,10.010000228881836,10.069999694824219,28357200
2025-07-24,10.0649995803833,10.079999923706055,9.6899995803833,9.739999771118164,38228200
2025-07-25,9.770000457763672,9.8100004196167,9.5600004196167,9.770000457763672,30500000
2025-07-28,9.875,9.899999618530273,9.5600004196167,9.6899995803833,51322200
2025-07-29,9.6850004196167,9.699999809265137,9.3100004196167,9.329999923706055,37391900
2025-07-30,9.350000381469727,9.430000305175781,9.199999809265137,9.319999694824219,32154300
2025-07-31,9.479999542236328,9.770000457763672,9.390000343322754,9.430000305175781,57157700
2025-08-01,9.149999618530273,9.199999809265137,8.880000114440918,9.050000190734863,37654500
2025-08-04,9.135000228881836,9.539999961853027,9.130000114440918,9.470000267028809,42411600
2025-08-05,9.489999771118164,9.545000076293945,9.220000267028809,9.390000343322754,73950200
2025-08-06,7.5,7.849999904632568,7.269999980926514,7.78000020980835,185515300
2025-08-07,7.809999942779541,7.940000057220459,7.449999809265137,7.539999961853027,82788300
2025-08-08,7.409999847412109,7.559999942779541,7.389999866485596,7.409999847412109,49915000
2025-08-11,7.440000057220459,7.46999979019165,7.159999847412109,7.190000057220459,51644600
2025-08-12,7.28000020980835,7.289999961853027,7.119999885559082,7.269999980926514,36548100
2025-08-13,7.275000095367432,7.349999904632568,7.199999809265137,7.320000171661377,53643300
2025-08-14,7.230000019073486,7.28000020980835,7.059999942779541,7.079999923706055,58598100
2025-08-15,7.119999885559082,7.300000190734863,7.099999904632568,7.150000095367432,46882400
2025-08-18,7.139999866485596,7.369999885559082,7.090000152587891,7.340000152587891,42926400
2025-08-19,7.389999866485596,7.409999847412109,7.139999866485596,7.179999828338623,45204100
2025-08-20,7.130000114440918,7.210000038146973,6.989999771118164,7.159999847412109,54540800
2025-08-21,7.099999904632568,7.119999885559082,7.03000020980835,7.050000190734863,43238400
2025-08-22,7.039999961853027,7.329999923706055,7.039999961853027,7.199999809265137,62429500
2025-08-25,7.150000095367432,7.190000057220459,6.989999771118164,7.0,58008900
2025-08-26,7.03000020980835,7.099999904632568,6.980000019073486,7.019999980926514,51012500
2025-08-27,7.010000228881836,7.070000171661377,6.989999771118164,6.989999771118164,32303300
2025-08-28,7.070000171661377,7.139999866485596,7.010000228881836,7.099999904632568,56691300
2025-08-29,7.119999885559082,7.329999923706055,7.090000152587891,7.139999866485596,78002400
2025-09-02,7.010000228881836,7.340000152587891,6.900000095367432,7.329999923706055,103226300
2025-09-03,7.420000076293945,7.635000228881836,7.199999809265137,7.25,91554600
2025-09-04,7.230000019073486,7.25,7.079999923706055,7.090000152587891,69922300
2025-09-05,7.199999809265137,7.329999923706055,7.079999923706055,7.309999942779541,102087200
2025-09-08,7.289999961853027,7.304999828338623,7.110000133514404,7.21999979019165,90378100
2025-09-09,7.190000057220459,7.329999923706055,7.130000114440918,7.28000020980835,91546500
2025-09-10,7.239999771118164,7.239999771118164,7.034999847412109,7.050000190734863,87807000
2025-09-11,7.079999923706055,7.400000095367432,7.070000171661377,7.289999961853027,107121100
2025-09-12,7.269999980926514,7.340000152587891,7.170000076293945,7.340000152587891,87512600
2025-09-15,7.269999980926514,7.639999866485596,7.269999980926514,7.460000038146973,141471300
2025-09-16,7.460000038146973,7.769999980926514,7.420000076293945,7.739999771118164,158453400
2025-09-17,7.789999961853027,8.25,7.724999904632568,7.989999771118164,155373200
2025-09-18,8.100000381469727,8.520000457763672,8.100000381469727,8.4399995803833,202130200
2025-09-19,8.470000267028809,8.479999542236328,8.029999732971191,8.15999984741211,194706900
2025-09-22,8.979999542236328,9.279999732971191,8.449999809265137,8.529999732971191,219706600
2025-09-23,8.59000015258789,8.859999656677246,8.319999694824219,8.420000076293945,148525500
2025-09-24,8.479999542236328,8.510000228881836,8.119999885559082,8.220000267028809,143609500
2025-09-25,8.260000228881836,8.350000381469727,8.050000190734863,8.329999923706055,247117100
2025-09-26,8.329999923706055,8.329999923706055,8.149999618530273,8.270000457763672,157895500
2025-09-29,8.319999694824219,8.739999771118164,8.274999618530273,8.399999618530273,187315600
2025-09-30,8.369999885559082,8.449999809265137,7.599999904632568,7.710000038146973,266823800
2025-10-01,7.539999961853027,7.860000133514404,7.519999980926514,7.710000038146973,184182100
2025-10-02,7.829999923706055,8.220000267028809,7.699999809265137,8.220000267028809,120857100
2025-10-03,8.220000267028809,8.710000038146973,8.220000267028809,8.539999961853027,174272600
2025-10-06,8.555000305175781,8.880000114440918,8.220000267028809,8.520000457763672,132566800
2025-10-07,8.5649995803833,8.569999694824219,8.109999656677246,8.130000114440918,104920600
2025-10-08,8.15999984741211,8.4399995803833,8.079999923706055,8.430000305175781,134815300
2025-10-09,8.414999961853027,8.515000343322754,8.220000267028809,8.380000114440918,101730500
2025-10-10,8.414999961853027,8.555000305175781,7.769999980926514,7.78000020980835,79016500
2025-10-13,8.029999732971191,8.09000015258789,7.929999828338623,8.050000190734863,44335900
2025-10-14,7.860000133514404,8.085000038146973,7.769999980926514,7.920000076293945,41364800
2025-10-15,8.005000114440918,8.100000381469727,7.760000228881836,7.909999847412109,39873800
2025-10-16,7.909999847412109,8.029999732971191,7.630000114440918,7.760000228881836,50038600
2025-10-17,7.630000114440918,7.789999961853027,7.630000114440918,7.650000095367432,37668400
2025-10-20,7.730000019073486,7.800000190734863,7.650000095367432,7.730000019073486,28562900
2025-10-21,7.730000019073486,7.940000057220459,7.659999847412109,7.849999904632568,32736900
2025-10-22,7.820000171661377,7.929999828338623,7.650000095367432,7.769999980926514,41557800
2025-10-23,7.75,7.960000038146973,7.710000038146973,7.869999885559082,26096300
2025-10-24,7.800000190734863,8.029999732971191,7.800000190734863,7.949999809265137,47645600
2025-10-27,8.069999694824219,8.069999694824219,7.889999866485596,7.909999847412109,35190500
2025-10-28,7.849999904632568,7.879000186920166,7.730000019073486,7.739999771118164,40433900
2025-10-29,7.739999771118164,7.909999847412109,7.681000232696533,7.739999771118164,35991900
2025-10-30,7.610000133514404,7.880000114440918,7.480000019073486,7.599999904632568,45899200
2025-10-31,7.679999828338623,7.820000171661377,7.630000114440918,7.800000190734863,45281800
2025-11-03,7.78000020980835,7.925000190734863,7.639999866485596,7.820000171661377,41430100
2025-11-04,7.619999885559082,7.670000076293945,7.449999809265137,7.46999979019165,45229200
2025-11-05,7.369999885559082,7.485000133514404,7.21999979019165,7.300000190734863,130490400
2025-11-06,8.579999923706055,8.630000114440918,7.869999885559082,8.010000228881836,162069700
2025-11-07,7.90500020980835,8.239999771118164,7.90500020980835,8.210000038146973,70167800
2025-11-10,8.319999694824219,8.755000114440918,8.229999542236328,8.6899995803833,81255400
2025-11-11,8.680000305175781,8.890000343322754,8.595000267028809,8.760000228881836,51421600
2025-11-12,8.859999656677246,9.130000114440918,8.760000228881836,9.09000015258789,50938900
2025-11-13,8.9399995803833,9.050000190734863,8.550000190734863,8.579999923706055,64029000
2025-11-14,8.350000381469727,8.654999732971191,8.3100004196167,8.569999694824219,56732200
2025-11-17,8.569999694824219,8.619999885559082,8.050000190734863,8.180000305175781,50923000
2025-11-18,8.180000305175781,8.404999732971191,8.100000381469727,8.25,57663600
2025-11-19,8.210000038146973,8.270000457763672,8.020000457763672,8.029999732971191,37344300
2025-11-20,8.225000381469727,8.300000190734863,7.760000228881836,7.78000020980835,48476300
2025-11-21,7.940000057220459,7.940000057220459,7.559999942779541,7.690000057220459,41191100
2025-11-24,7.730000019073486,7.800000190734863,7.619999885559082,7.679999828338623,36937400
2025-11-25,7.690000057220459,7.760000228881836,7.590000152587891,7.639999866485596,31509800
2025-11-26,7.670000076293945,7.739999771118164,7.590000152587891,7.610000133514404,29850400
2025-11-28,7.650000095367432,7.690000057220459,7.565000057220459,7.679999828338623,40363700
2025-12-01,7.579999923706055,7.699999809265137,7.489999771118164,7.639999866485596,46357000
2025-12-02,7.664999961853027,7.679999828338623,7.53000020980835,7.619999885559082,28274000
2025-12-03,7.619999885559082,7.699999809265137,7.550000190734863,7.659999847412109,25600600
2025-12-04,7.764999866485596,7.829999923706055,7.639999866485596,7.760000228881836,31167900
2025-12-05,7.75,8.0,7.699999809265137,7.909999847412109,33603100
2025-12-08,7.940000057220459,8.039999961853027,7.822000026702881,8.029999732971191,33689700
2025-12-09,7.96999979019165,7.989999771118164,7.849999904632568,7.920000076293945,22753400
2025-12-10,7.829999923706055,7.946000099182129,7.650000095367432,7.920000076293945,34068100
2025-12-11,7.800000190734863,7.889999866485596,7.619999885559082,7.639999866485596,28110200
2025-12-12,7.659999847412109,7.679999828338623,7.300000190734863,7.309999942779541,38344900
2025-12-15,7.340000152587891,7.440000057220459,7.190000057220459,7.260000228881836,42391100
2025-12-16,7.25,7.400000095367432,7.114999771118164,7.369999885559082,49031500
2025-12-17,7.28000020980835,7.75,7.28000020980835,7.5,61974600
2025-12-18,7.610000133514404,7.809999942779541,7.53000020980835,7.630000114440918,42644600
2025-12-19,7.59499979019165,7.610000133514404,7.434999942779541,7.570000171661377,42543300
2025-12-22,7.599999904632568,7.960000038146973,7.599999904632568,7.940000057220459,36700200
2025-12-23,7.840000152587891,7.860000133514404,7.735000133514404,7.809999942779541,22526300
2025-12-24,7.800000190734863,7.889999866485596,7.739999771118164,7.849999904632568,10508100
2025-12-26,7.849999904632568,7.909999847412109,7.809999942779541,7.860000133514404,12360000
2025-12-29,7.760000228881836,7.947000026702881,7.734000205993652,7.880000114440918,23767300
2025-12-30,7.880000114440918,8.100000381469727,7.835000038146973,8.069999694824219,28027400
2025-12-31,8.050000190734863,8.199999809265137,8.010000228881836,8.069999694824219,23424800
2026-01-02,8.229999542236328,8.239999771118164,7.949999809265137,8.130000114440918,34513200
2026-01-05,8.164999961853027,8.354999542236328,8.130000114440918,8.25,41095400
2026-01-06,8.260000228881836,8.800000190734863,8.253000259399414,8.789999961853027,49090000
2026-01-07,8.800000190734863,9.069999694824219,8.539999961853027,8.619999885559082,63485700
2026-01-08,8.619999885559082,8.675000190734863,8.289999961853027,8.399999618530273,56620500
2026-01-09,8.470000267028809,8.59000015258789,8.170000076293945,8.210000038146973,39691300
2026-01-12,8.210000038146973,8.319999694824219,8.16100025177002,8.1899995803833,39743400
2026-01-13,8.170000076293945,8.3100004196167,7.960000038146973,7.989999771118164,47098300
2026-01-14,7.914999961853027,7.96999979019165,7.78000020980835,7.900000095367432,47526500
2026-01-15,7.920000076293945,7.974999904632568,7.630000114440918,7.760000228881836,48478700
2026-01-16,7.769999980926514,7.789999961853027,7.519999980926514,7.53000020980835,38546800
2026-01-20,7.349999904632568,7.429999828338623,7.28000020980835,7.349999904632568,44464300
2026-01-21,7.400000095367432,7.550000190734863,7.335000038146973,7.369999885559082,52839000
2026-01-22,7.730000019073486,7.800000190734863,7.579999923706055,7.659999847412109,40818300
2026-01-23,7.630000114440918,7.739999771118164,7.545000076293945,7.619999885559082,24034400
2026-01-26,7.619999885559082,7.760000228881836,7.539999961853027,7.559999942779541,29342400
2026-01-27,7.599999904632568,7.630000114440918,7.414999961853027,7.460000038146973,39882600
2026-01-28,7.710000038146973,7.809999942779541,7.539999961853027,7.670000076293945,50306800
2026-01-29,7.769999980926514,7.769999980926514,7.139999866485596,7.239999771118164,62116700
2026-01-30,7.139999866485596,7.190000057220459,6.909999847412109,6.929999828338623,44351700
2026-02-02,6.900000095367432,6.929999828338623,6.639999866485596,6.659999847412109,54413900
2026-02-03,6.650000095367432,6.650000095367432,6.0,6.099999904632568,79356500
2026-02-04,6.099999904632568,6.119999885559082,5.860000133514404,5.909999847412109,106537900
2026-02-05,5.820000171661377,5.889999866485596,5.099999904632568,5.119999885559082,169934800
2026-02-06,5.224999904632568,5.360000133514404,5.170000076293945,5.21999979019165,93552500
2026-02-09,5.179999828338623,5.329999923706055,5.090000152587891,5.190000057220459,96437700
2026-02-10,5.364999771118164,5.449999809265137,5.210000038146973,5.230000019073486,87906900
2026-02-11,5.21999979019165,5.21999979019165,4.980000019073486,4.989999771118164,73316600
2026-02-12,5.010000228881836,5.010000228881836,4.71999979019165,4.820000171661377,76952900
2026-02-13,4.769999980926514,4.929999828338623,4.75,4.829999923706055,44250600
2026-02-17,4.800000190734863,4.869999885559082,4.659999847412109,4.730000019073486,57949500
2026-02-18,4.739999771118164,4.954999923706055,4.650000095367432,4.880000114440918,48234100
2026-02-19,4.840000152587891,5.010000228881836,4.769999980926514,5.0,46098200
2026-02-20,4.940000057220459,5.199999809265137,4.900000095367432,5.139999866485596,40827600
2026-02-23,5.079999923706055,5.170000076293945,4.889999866485596,4.929999828338623,38131900
2026-02-24,4.940000057220459,5.050000190734863,4.909999847412109,4.96999979019165,30182000
2026-02-25,5.03000020980835,5.079999923706055,4.940000057220459,5.070000171661377,26469900
2026-02-26,5.070000171661377,5.300000190734863,5.039999961853027,5.260000228881836,37329500
2026-02-27,5.130000114440918,5.21999979019165,5.025000095367432,5.210000038146973,37452400
2026-03-02,5.03000020980835,5.269999980926514,5.025000095367432,5.260000228881836,32492900
2026-03-03,5.099999904632568,5.28000020980835,5.0,5.25,33209500
2026-03-04,5.300000190734863,5.480000019073486,5.230000019073486,5.369999885559082,33690900
2026-03-05,5.389999866485596,5.519999980926514,5.21999979019165,5.340000152587891,33687900
2026-03-06,5.260000228881836,5.300000190734863,5.070000171661377,5.159999847412109,31058200
2026-03-09,5.070000171661377,5.170000076293945,4.929999828338623,5.130000114440918,34407300
2026-03-10,5.150000095367432,5.159999847412109,4.869999885559082,4.909999847412109,58640000
2026-03-11,4.960000038146973,5.039999961853027,4.78000020980835,4.860000133514404,51555000
2026-03-12,4.78000020980835,4.940000057220459,4.639999866485596,4.650000095367432,47033000
2026-03-13,4.690000057220459,4.71999979019165,4.519999980926514,4.559999942779541,45615700
2026-03-16,4.614999771118164,4.699999809265137,4.550000190734863,4.679999828338623,39344300
2026-03-17,4.71999979019165,4.815000057220459,4.630000114440918,4.650000095367432,28585400
2026-03-18,4.579999923706055,4.735000133514404,4.559999942779541,4.619999885559082,29590900
2026-03-19,4.550000190734863,4.639999866485596,4.5,4.559999942779541,30862200
2026-03-20,4.550000190734863,4.579999923706055,4.420000076293945,4.480000019073486,32799000
2026-03-23,4.5,4.599999904632568,4.460000038146973,4.510000228881836,31799300
2026-03-24,4.489999771118164,4.489999771118164,4.309999942779541,4.360000133514404,35646600
2026-03-25,4.449999809265137,4.559999942779541,4.409999847412109,4.489999771118164,35102800
2026-03-26,4.420000076293945,4.494999885559082,3.9000000953674316,4.010000228881836,104488700
2026-03-27,3.940000057220459,3.9700000286102295,3.809999942779541,3.930000066757202,51014100
2026-03-30,3.940000057220459,4.144999980926514,3.890000104904175,4.019999980926514,87662600
2026-03-31,4.079999923706055,4.639999866485596,4.050000190734863,4.599999904632568,119237000
2026-04-01,4.619999885559082,4.920000076293945,4.605000019073486,4.900000095367432,77491900
2026-04-02,4.739999771118164,4.860000133514404,4.550000190734863,4.630000114440918,62470600
2026-04-06,4.639999866485596,4.849999904632568,4.570000171661377,4.710000038146973,52168600
2026-04-07,4.71999979019165,4.869999885559082,4.639999866485596,4.800000190734863,44448500
2026-04-08,5.025000095367432,5.079999923706055,4.710000038146973,4.730000019073486,60098100
2026-04-09,4.710000038146973,4.960000038146973,4.619999885559082,4.949999809265137,57721100
2026-04-10,5.034999847412109,5.159999847412109,4.739999771118164,4.820000171661377,52405400
2026-04-13,4.760000228881836,5.159999847412109,4.760000228881836,5.150000095367432,54105800
2026-04-14,5.239999771118164,5.639999866485596,5.2210001945495605,5.599999904632568,84852600
2026-04-15,6.050000190734863,6.150000095367432,5.829999923706055,6.039999961853027,153321300
2026-04-16,6.130000114440918,6.210000038146973,5.934999942779541,6.019999980926514,78804700
2026-04-17,6.150000095367432,6.210000038146973,5.949999809265137,6.03000020980835,64356300
2026-04-20,5.980000019073486,6.050000190734863,5.809999942779541,6.0,47457600
2026-04-21,5.965000152587891,6.0,5.605000019073486,5.639999866485596,58973600
2026-04-22,5.730000019073486,5.940000057220459,5.699999809265137,5.840000152587891,32960300
2026-04-23,5.769999980926514,5.800000190734863,5.454999923706055,5.570000171661377,46460000
2026-04-24,5.590000152587891,5.690000057220459,5.480000019073486,5.650000095367432,32743700
2026-04-27,5.78000020980835,6.195000171661377,5.755000114440918,6.059999942779541,53121800
2026-04-28,6.0,6.139999866485596,5.929999828338623,5.949999809265137,31773600
2026-04-29,5.900000095367432,6.03000020980835,5.809999942779541,5.980000019073486,30209100
2026-04-30,6.019999980926514,6.099999904632568,5.880000114440918,6.070000171661377,34214600
2026-05-01,6.199999809265137,6.340000152587891,6.099999904632568,6.289999961853027,35456900
2026-05-04,6.239999771118164,6.300000190734863,6.125,6.170000076293945,35756100
2026-05-05,6.329999923706055,6.355000019073486,6.059999942779541,6.110000133514404,52138200
2026-05-06,6.199999809265137,6.21999979019165,6.010000228881836,6.110000133514404,75434200
2026-05-07,5.670000076293945,6.284999847412109,5.590000152587891,5.980000019073486,89579600
2026-05-08,5.909999847412109,6.090000152587891,5.710000038146973,6.079999923706055,40082000
2026-05-11,6.0,6.09499979019165,5.650000095367432,5.75,46562500
2026-05-12,5.699999809265137,5.748000144958496,5.434999942779541,5.550000190734863,44663400
2026-05-13,5.489999771118164,5.679999828338623,5.309999942779541,5.610000133514404,41460300
2026-05-14,5.460000038146973,5.519999980926514,5.179999828338623,5.360000133514404,56667900
2026-05-15,5.329999923706055,5.630000114440918,5.260000228881836,5.53000020980835,38028900
2026-05-18,5.519999980926514,5.710000038146973,5.454999923706055,5.670000076293945,45028100
2026-05-19,5.670000076293945,5.7729997634887695,5.480000019073486,5.550000190734863,31837900
2026-05-20,5.5,5.644999980926514,5.360000133514404,5.619999885559082,25728300
2026-05-21,5.539999961853027,5.889999866485596,5.489999771118164,5.690000057220459,31406700
2026-05-22,5.71999979019165,5.840000152587891,5.650000095367432,5.71999979019165,21693900
2026-05-26,5.659999847412109,5.835000038146973,5.630000114440918,5.75,25833700
2026-05-27,5.739999771118164,5.920000076293945,5.739999771118164,5.880000114440918,27345900
2026-05-28,5.869999885559082,5.949999809265137,5.739999771118164,5.909999847412109,25521500
2026-05-29,5.920000076293945,5.945000171661377,5.690000057220459,5.710000038146973,101982000
2026-06-01,5.789999961853027,5.989999771118164,5.789999961853027,5.860000133514404,41561100
2026-06-02,5.769999980926514,5.840000152587891,5.650000095367432,5.760000228881836,39813300
2026-06-03,5.690000057220459,5.760000228881836,5.579999923706055,5.730000019073486,33364600
2026-06-04,5.784999847412109,6.190000057220459,5.760000228881836,6.070000171661377,60188700
2026-06-05,6.079999923706055,6.179999828338623,5.739999771118164,5.760000228881836,36650400
2026-06-08,5.789999961853027,5.789999961853027,5.489999771118164,5.650000095367432,42011400
2026-06-09,5.670000076293945,5.775000095367432,5.269999980926514,5.590000152587891,41311500
2026-06-10,5.489999771118164,5.519999980926514,5.309999942779541,5.380000114440918,33813800
2026-06-11,5.320000171661377,5.340000152587891,5.110000133514404,5.329999923706055,32331800
2026-06-12,5.369999885559082,5.420000076293945,5.159999847412109,5.260000228881836,32795600
2026-06-15,5.389999866485596,5.739999771118164,5.380000114440918,5.710000038146973,47146300
2026-06-16,5.71999979019165,5.940000057220459,5.099999904632568,5.159999847412109,102121800
2026-06-17,5.070000171661377,5.070000171661377,4.699999809265137,4.739999771118164,71924400
2026-06-18,4.710000038146973,4.800000190734863,4.630000114440918,4.659999847412109,60953800
2026-06-22,4.599999904632568,4.809999942779541,4.519999980926514,4.630000114440918,48534200
2026-06-23,4.53000020980835,4.650000095367432,4.420000076293945,4.460000038146973,46289500
2026-06-24,4.440000057220459,4.570000171661377,4.34499979019165,4.53000020980835,42896200
2026-06-25,4.5,4.510000228881836,4.28000020980835,4.340000152587891,45241200
2026-06-26,4.320000171661377,4.429999828338623,4.269999980926514,4.409999847412109,42021400
2026-06-29,4.53000020980835,4.550000190734863,4.369999885559082,4.420000076293945,63331600
2026-06-30,4.400000095367432,4.480000019073486,4.349999904632568,4.440000057220459,37264400
2026-07-01,4.519999980926514,4.829999923706055,4.505000114440918,4.75,50441400
2026-07-02,4.739999771118164,4.869999885559082,4.739999771118164,4.840000152587891,37368600
2026-07-06,4.820000171661377,4.875,4.710000038146973,4.75,29609100
2026-07-07,4.78000020980835,4.809999942779541,4.605000019073486,4.650000095367432,36865800
2026-07-08,4.590000152587891,4.650000095367432,4.510000228881836,4.630000114440918,30912200
2026-07-09,4.565000057220459,4.699999809265137,4.5,4.699999809265137,26239000
2026-07-10,4.769999980926514,4.869999885559082,4.639999866485596,4.679999828338623,28281900
2026-07-13,4.699999809265137,4.775000095367432,4.639999866485596,4.659999847412109,25936900
2026-07-14,4.599999904632568,4.710000038146973,4.570000171661377,4.679999828338623,29934100
2026-07-15,4.744999885559082,4.880000114440918,4.735000133514404,4.760000228881836,42332600
2026-07-16,4.78000020980835,4.809999942779541,4.53000020980835,4.690000057220459,40981800
2026-07-17,4.599999904632568,4.644999980926514,4.429999828338623,4.53000020980835,42844200
2026-07-20,4.5,4.685999870300293,4.485000133514404,4.559999942779541,36332400
2026-07-21,4.53000020980835,4.635000228881836,4.510000228881836,4.559999942779541,21822400
2026-07-22,4.559999942779541,4.570000171661377,4.440000057220459,4.46999979019165,23525800
2026-07-23,4.400000095367432,4.449999809265137,4.28000020980835,4.409999847412109,33153500
2026-07-24,4.449999809265137,4.5,4.309999942779541,4.349999904632568,27497000
2026-07-27,4.409999847412109,4.559999942779541,4.400000095367432,4.519999980926514,30328600
2026-07-28,4.539999961853027,4.769999980926514,4.53000020980835,4.769999980926514,42682200
2026-07-29,4.75,4.894999980926514,4.715000152587891,4.730000019073486,24774900
2026-07-30,4.670000076293945,4.71999979019165,4.599999904632568,4.690000057220459,27239700
2026-07-31,4.659999847412109,4.730000019073486,4.590000152587891,4.690000057220459,34047100
2026-08-03,4.78000020980835,5.079999923706055,4.78000020980835,5.039999961853027,91437000
2026-08-04,5.329999923706055,5.820000171661377,5.269999980926514,5.789999961853027,88726100
2026-08-05,5.699999809265137,5.769999980926514,5.199999809265137,5.329999923706055,75229400
2026-08-06,5.199999809265137,5.414999961853027,5.179999828338623,5.21999979019165,32028100
2026-08-07,5.28000020980835,5.369999885559082,5.224999904632568,5.329999923706055,42440200
2026-08-10,5.28000020980835,5.400000095367432,5.260000228881836,5.349999904632568,29419300
2026-08-11,5.389999866485596,5.579999923706055,5.34499979019165,5.510000228881836,33803300
2026-08-12,5.46999979019165,5.506999969482422,5.190000057220459,5.199999809265137,30603500
2026-08-13,5.21999979019165,5.329999923706055,5.139999866485596,5.300000190734863,30888400
2026-08-14,5.369999885559082,5.550000190734863,5.269999980926514,5.409999847412109,33881700
2026-08-17,5.260000228881836,5.329999923706055,5.059999942779541,5.179999828338623,67871500
2026-08-18,5.199999809265137,5.309999942779541,5.099999904632568,5.110000133514404,25579500
2026-08-19,5.119999885559082,5.28000020980835,5.03000020980835,5.239999771118164,29988200
2026-08-20,5.210000038146973,5.300000190734863,5.050000190734863,5.210000038146973,28704800
2026-08-21,5.25,5.28000020980835,5.130000114440918,5.239999771118164,31732400
2026-08-24,5.210000038146973,5.559999942779541,5.171000003814697,5.53000020980835,43891600
2026-08-25,5.570000171661377,5.949999809265137,5.460000038146973,5.920000076293945,46456000
2026-08-26,5.96999979019165,6.0,5.320000171661377,5.420000076293945,69428600
2026-08-27,5.429999828338623,5.570000171661377,5.28000020980835,5.329999923706055,30980000
2026-08-28,5.349999904632568,5.590000152587891,5.329999923706055,5.429999828338623,27278200
2026-08-31,5.550000190734863,5.690000057220459,5.429999828338623,5.550000190734863,42441600
2026-09-01,5.440000057220459,5.46999979019165,5.28000020980835,5.349999904632568,30725700
2026-09-02,5.300000190734863,5.699999809265137,5.289999961853027,5.590000152587891,30326700
2026-09-03,5.699999809265137,6.039999961853027,5.682000160217285,5.699999809265137,37517400
2026-09-04,5.650000095367432,5.679999828338623,5.460000038146973,5.46999979019165,20163500
2026-09-08,5.440000057220459,5.510000228881836,5.400000095367432,5.429999828338623,21196400
2026-09-09,5.380000114440918,5.460000038146973,5.190000057220459,5.309999942779541,35946200
2026-09-10,5.239999771118164,5.550000190734863,5.215000152587891,5.519999980926514,40551300
2026-09-11,5.619999885559082,5.78000020980835,5.519999980926514,5.679999828338623,29155900
2026-09-14,5.730000019073486,5.929999828338623,5.599999904632568,5.840000152587891,29571600
2026-09-15,5.909999847412109,6.070000171661377,5.829999923706055,5.829999923706055,46425600
2026-09-16,5.849999904632568,5.880000114440918,5.670000076293945,5.71999979019165,35626400
2026-09-17,5.849999904632568,6.039999961853027,5.630000114440918,5.650000095367432,49720200
2026-09-18,5.639999866485596,5.650000095367432,5.510000228881836,5.53000020980835,29652700
2026-09-21,5.539999961853027,5.869999885559082,5.53000020980835,5.699999809265137,34963200
