Date,Open,High,Low,Close,Volume
2021-09-22,592.9877657315803,601.5347693688507,586.9151084858753,598.0252685546875,1696600
2021-09-23,598.4885627399826,605.4188745487518,594.6044472842483,599.6025390625,1179200
2021-09-24,602.7278151513397,608.1793453364035,597.2564892262795,601.1307983398438,1300900
2021-09-27,594.9496223150127,596.9311214311127,575.5487772251934,586.2349853515625,1708800
2021-09-28,577.0570283745839,580.2412538057965,562.0726186182885,568.2734375,1750100
2021-09-29,572.7588279311883,577.6287590986875,569.8013813153646,571.378662109375,1040900
2021-09-30,574.5925596835663,580.3596179837331,562.8909314208157,563.2261352539062,1510800
2021-10-01,562.4767851123266,568.0269314677266,544.1800509264403,564.5962524414062,1657600
2021-10-04,563.4430175152835,566.3709217764581,554.6396895000721,560.92919921875,1323700
2021-10-05,562.9302084018115,573.6755603827136,561.0965459910939,563.7681274414062,1384500
2021-10-06,559.4503426600344,567.8297751051626,557.8828694104649,567.4354248046875,1133500
2021-10-07,571.7139074182468,580.7636875000615,571.7139074182468,575.2332763671875,1027800
2021-10-08,576.9782061698877,581.1974658174058,572.1674210372256,575.637451171875,851400
2021-10-11,572.9560977927854,578.4174951185548,570.2549723975599,570.4520874023438,676000
2021-10-12,573.7445478659844,574.7204954594779,561.875352419911,567.7409057617188,1012000
2021-10-13,570.8364953081405,575.2036510746437,562.427519761542,565.4243774414062,1223100
2021-10-14,569.4465695797169,576.2683970670959,567.1003235065021,569.16064453125,845700
2021-10-15,571.9306191279355,575.5288692996115,569.7618734473916,574.1290283203125,874700
2021-10-18,575.2824000011251,582.508443323382,572.7587151261059,579.6890258789062,1534000
2021-10-19,582.6169819582916,588.5417429586101,581.2565517046335,583.7013549804688,765700
2021-10-20,601.1307112011787,601.2194009170597,591.4992728019221,597.0099487304688,1062100
2021-10-21,602.2642425195193,603.3190723008964,589.093762179228,599.7799682617188,959200
2021-10-22,600.2927347647171,603.3783426564783,596.4677651130021,603.27978515625,738700
2021-10-25,603.3191720388986,603.3191720388986,593.9539234533275,599.1294555664062,951900
2021-10-26,601.0123443178791,602.3333637669667,595.2946255664123,599.7111206054688,1051500
2021-10-27,608.0509567344088,617.1106031148887,600.4897690901859,603.6049194335938,1771100
2021-10-28,606.2764450484274,618.4611084302095,602.8162235154382,611.2745361328125,1280000
2021-10-29,612.8520692866869,625.1057520154408,608.1990477609544,624.0903930664062,1541700
2021-11-01,623.3804379062093,629.6600781353931,618.9344603256313,626.0914306640625,1582600
2021-11-02,628.8123919533148,634.2343783377358,623.8142991022548,627.1759643554688,1376600
2021-11-03,627.4715685836693,633.46534369817,619.4766192832208,633.25830078125,1216600
2021-11-04,633.5836638835395,634.3920398521439,621.5961131410733,630.6853637695312,1396100
2021-11-05,605.4680718851157,612.9701123501766,590.9470308553284,608.0509033203125,2693400
2021-11-08,612.6745323956411,617.4163030618497,606.6906244366387,615.6122436523438,1170900
2021-11-09,614.9024355649314,615.760090260704,606.2864174776674,609.8057861328125,927000
2021-11-10,606.9567798807274,619.9892326025009,606.9567798807274,617.9683227539062,1119100
2021-11-11,619.0625440065415,623.2621277542289,616.5980052033827,622.5227661132812,687600
2021-11-12,623.9325448306631,630.636139260097,620.9159514051823,626.2393798828125,888100
2021-11-15,627.5604220467615,630.1925330307051,623.0453694436262,623.390380859375,826100
2021-11-16,621.4383922077388,642.3278254798389,621.4383922077388,632.3809204101562,1346900
2021-11-17,634.204750704746,637.8226770175194,624.3662703511641,628.26025390625,1390300
2021-11-18,629.3743339152953,631.15865799295,622.2271698201976,628.585693359375,968700
2021-11-19,629.1178782058737,635.8608828871038,626.8702500917335,627.0279541015625,1222300
2021-11-22,630.92201727943,631.7106577671467,622.049676411438,624.9677124023438,1318900
2021-11-23,620.2751669560682,625.0859517378667,613.4730154741874,623.78466796875,1022500
2021-11-24,624.2676941207235,624.6915875849141,615.0503428390523,624.021240234375,1283200
2021-11-26,643.4517463480341,657.19401874016,627.8660035275241,629.6798706054688,1677700
2021-11-29,630.9220046045665,645.3642276839823,629.2264305985091,639.567626953125,1869900
2021-11-30,632.3414946822118,640.0209757413965,622.1383283579631,623.8536376953125,2562900
2021-12-01,625.6773461300794,628.634792496833,617.0021821548153,617.2683715820312,1502700
2021-12-02,613.8082907796122,624.5142346471903,610.1311573699606,618.67822265625,1481700
2021-12-03,625.1550589477408,627.5702593109163,609.5594471357509,627.0872192382812,1698500
2021-12-06,625.9929161945372,626.6435280265927,600.5687531174822,613.4237670898438,2319700
2021-12-07,624.1987423409904,628.7039270550739,615.3362693272102,619.7921752929688,1585300
2021-12-08,622.0496004476134,629.6206565100704,618.9935963673761,629.0982055664062,1267400
2021-12-09,629.0588570628386,633.2190307053017,626.0619989235267,628.0336303710938,1029300
2021-12-10,627.9251585125012,635.6342441210793,627.9251585125012,633.3964233398438,989700
2021-12-13,633.3863969578131,640.1786795308253,631.3654874138505,636.8466186523438,1181900
2021-12-14,631.1759447457584,634.4600489374798,615.7713116597976,623.3947143554688,1491500
2021-12-15,627.9707496125151,647.6752542253213,624.4893909258834,646.6989135742188,1422800
2021-12-16,646.4621528957201,655.0125965534908,642.0439411203442,652.1328735351562,1625100
2021-12-17,646.4326212535691,651.2256593264048,638.5824089724717,642.0933227539062,2475800
2021-12-20,641.4818564487099,647.3103451460231,631.5506905304043,640.367431640625,1001300
2021-12-21,639.6968719295676,641.0381064442715,626.9254083855283,636.4423828125,1201000
2021-12-22,639.7758281471156,644.4603381374664,636.5114667510591,642.7147827148438,918400
2021-12-23,644.2532173346372,647.1822397028736,640.0913690904481,641.728515625,840000
2021-12-27,647.8527987711768,653.612306006397,643.8192235296804,653.0797729492188,531400
2021-12-28,656.324398481767,657.4683784612403,644.2235522184956,646.3439331054688,818200
2021-12-29,651.0284619115681,655.9989512378215,645.1901007705289,653.5925903320312,644100
2021-12-30,655.5256762887808,659.7170799716922,653.2475275182852,656.2752075195312,555600
2021-12-31,655.8312989500606,663.0701250357004,654.1843409633055,658.0404052734375,778700
2022-01-03,653.8489412394653,655.1113219885643,631.3534390855203,636.028076171875,1888800
2022-01-04,628.5131348549211,629.2331108206877,604.1438655807217,609.479248046875,2598000
2022-01-05,609.4791547758044,620.0908079430092,607.2996040898328,609.9920043945312,1915400
2022-01-06,609.479135992501,618.1775347682492,601.204801237009,611.8460693359375,1686000
2022-01-07,612.437819838361,612.9111824661327,597.8320185233906,598.6998901367188,1741800
2022-01-10,591.5697342900221,616.7970067775716,590.6623754478373,616.4222412109375,2095700
2022-01-11,616.3827187586561,618.6313118096276,603.5520864539959,611.9447631835938,2474800
2022-01-12,610.1498324501432,623.1777188998393,610.1498324501432,616.5799560546875,1554200
2022-01-13,616.0967493762669,617.2703445005857,591.5794641887547,592.6051635742188,2018100
2022-01-14,589.6859707086765,593.936543727631,580.0802716027532,586.59912109375,2426200
2022-01-18,578.0585655415148,586.5991386613322,576.1255675177865,581.9639282226562,1849500
2022-01-19,585.5240593319635,594.2816283697849,584.0841678689507,585.188720703125,1875900
2022-01-20,586.8556105739731,594.1732905038182,578.6898023366522,580.0507202148438,1530300
2022-01-21,579.7845615134202,582.3881773211299,570.3070725199424,572.3287963867188,2095500
2022-01-24,562.9793205991501,568.2654647740316,544.7541348341799,567.861083984375,2586200
2022-01-25,560.7505029593268,569.0149070209525,552.988956436692,559.9220581054688,1864600
2022-01-26,567.3186135857811,567.6736355598091,550.6812172518711,555.138916015625,1892900
2022-01-27,560.740830583571,563.5317691690361,545.1882371323753,546.1054077148438,1933400
2022-01-28,546.9338267781009,564.4982716182622,536.2038283602944,564.1432495117188,1583900
2022-01-31,566.0861203657826,573.5911849715429,564.2813341731123,573.2854614257812,1886100
2022-02-01,580.1886990196675,587.634590038041,572.210275015259,586.1158447265625,2215600
2022-02-02,597.7827113046226,600.3172840258036,586.115803461806,595.8004150390625,2087200
2022-02-03,587.0035243314092,593.2067788696662,581.5497406801139,586.7273559570312,1758000
2022-02-04,584.1435323095047,590.9188074715721,579.6167903807839,586.2244262695312,1393200
2022-02-07,589.6563724460208,591.4808411675041,576.8356122373045,578.9559326171875,1243000
2022-02-08,569.9223406698239,584.4788464074286,569.9223406698239,579.429443359375,1143900
2022-02-09,585.9976573590282,590.2186159154379,579.8732555461863,581.7174682617188,1335300
2022-02-10,573.6500862117643,579.1137408255362,569.3600868251576,572.279296875,1931100
2022-02-11,570.9872808802437,576.8158290207817,556.785860512083,558.4821166992188,1726000
2022-02-14,556.7366186491831,560.928021163524,548.3044548477855,553.4525146484375,1387700
2022-02-15,559.6558895481083,563.3541866828757,546.1842523370634,548.9949340820312,1438600
2022-02-16,544.7541924327091,547.0520844061191,531.7361754268838,542.7620239257812,2154700
2022-02-17,543.2058301011419,543.2058301011419,532.1504265582776,533.0872802734375,1667300
2022-02-18,534.3988961426597,537.9689801334672,527.1798143166349,529.734130859375,1473700
2022-02-22,528.9354403038182,533.2550564681233,519.6354623628285,522.584228515625,1728000
2022-02-23,524.6651277589401,535.1683165180377,520.5625096361032,521.2922973632812,1520300
2022-02-24,511.64682041430575,534.9017183580352,506.8538441018635,532.72216796875,2174500
2022-02-25,529.4480684560316,542.4858268374512,527.1797921221626,542.2491455078125,1156900
2022-02-28,537.6041258823209,542.1111240016694,531.4107429975411,536.4995727539062,1772800
2022-03-01,537.1109534961289,540.0597187271662,531.3909340299376,535.5823364257812,1609900
2022-03-02,537.2588201375194,554.0244269346715,534.8721433599347,548.7777709960938,1643900
2022-03-03,550.316631213992,561.1156737473984,543.1074178303154,546.6478881835938,1355200
2022-03-04,542.6832038324213,543.7285867366948,529.6454425082477,539.7738647460938,1316900
2022-03-07,534.5271768806247,537.3872172181408,516.9331193335246,527.3771362304688,2168400
2022-03-08,519.3393965731196,528.3435200945339,512.7219502649746,516.7752685546875,1785200
2022-03-09,532.2587766227402,536.3417098859181,523.6984613027298,534.231201171875,1481000
2022-03-10,529.0340043474188,534.0834079155784,526.509302563339,530.8289184570312,1481200
2022-03-11,535.7500132654114,536.0064381197794,521.6373162628639,522.5051879882812,952200
2022-03-14,528.2942615906793,543.7876803688583,523.3533277386007,528.4915161132812,1102400
2022-03-15,533.1491183055518,545.1876633702392,532.5965323137641,543.352294921875,1253100
2022-03-16,549.4504099161052,558.4398232272385,543.7074312731974,555.1045532226562,1397700
2022-03-17,555.1537832015854,565.0905107264763,551.611331738385,564.6760864257812,1330600
2022-03-18,569.1757738689753,582.7536664851633,565.7517290906023,581.2932739257812,2622100
2022-03-21,574.1097500375683,582.3788456680547,574.1097500375683,581.5006103515625,1690900
2022-03-22,582.457639713167,586.8092456968183,578.7671492386647,579.5861206054688,1499800
2022-03-23,573.9023843143955,575.362837174835,562.4066105162727,563.7485961914062,1195100
2022-03-24,566.5412242271259,567.8141292889424,559.5549117470853,566.09716796875,971300
2022-03-25,570.2317215769618,573.3597495359747,560.7489250706834,566.689208984375,1037300
2022-03-28,569.3534206170475,575.5799041867386,567.3996455573106,575.4713745117188,945300
2022-03-29,584.9148467664905,588.7039907410726,577.1983370316877,585.0233764648438,1201300
2022-03-30,584.6878739677283,591.3189056273355,583.0695649696025,587.273193359375,1092900
2022-03-31,584.4903992052606,593.1739172268259,582.8326416015625,582.8326416015625,1637400
2022-04-01,584.3818379871706,586.2961641640852,576.7048389375317,584.5003051757812,1028700
2022-04-04,583.4444558057667,586.8685008303254,577.5041123022439,582.3294067382812,1027700
2022-04-05,577.1290324125464,585.8717527022272,573.0043634286608,576.546875,1082200
2022-04-06,571.5045655435752,582.2997751138395,565.4458753045122,579.635498046875,1232700
2022-04-07,575.2740010345332,608.9720430407205,574.2576646088951,604.1072998046875,2140200
2022-04-08,601.9266232819765,610.1759638612434,598.7295144602651,600.8016967773438,1629000
2022-04-11,590.5985441367601,595.6902244941383,576.8134072375215,577.9185791015625,1470100
2022-04-12,576.3495875040932,577.9086324872288,558.0451129460482,563.3834838867188,1411200
2022-04-13,563.9361733940257,570.6856722055487,557.1274710941276,569.166015625,1286300
2022-04-14,570.3796502723067,570.4190991799744,557.1668559792366,561.3704833984375,1225600
2022-04-18,561.4298331580746,567.3898720451882,558.4596608871655,564.557861328125,1161100
2022-04-19,567.1529374549041,568.3765161519119,560.8277414558321,566.551025390625,1139000
2022-04-20,567.4686724796014,590.6675207010958,567.4686724796014,583.3259887695312,1598100
2022-04-21,584.6382425055427,587.6182907253755,570.488072556941,572.7477416992188,1231900
2022-04-22,567.2417873268786,569.0772158416626,553.279099915299,553.8514404296875,1478000
2022-04-25,539.25712579503,542.592395883869,522.4821229544768,536.9579467773438,2597200
2022-04-26,527.0410401344584,530.9979774241314,507.2169649952643,509.60491943359375,2469900
2022-04-27,513.4532072986285,521.3374481803396,508.9140532168923,513.59130859375,1895900
2022-04-28,552.3218907697149,559.8213400451783,540.8458103190007,551.4930419921875,2737200
2022-04-29,550.5754461887036,558.8346647971448,544.2107996029974,545.6021118164062,2168700
2022-05-02,541.664829478619,546.0953940808704,528.8171316787135,538.2999877929688,1972000
2022-05-03,537.145336669712,546.4900296328311,534.2344290065485,539.0892944335938,1428000
2022-05-04,535.2014197067845,558.2621049323798,533.6818238162065,555.5287475585938,1251300
2022-05-05,552.5193082756092,554.0882910945594,535.8725878736204,543.2239990234375,1378200
2022-05-06,535.2114412736141,541.8424726499334,526.5279219929029,539.4446411132812,1116300
2022-05-09,531.5307137017726,531.5307137017726,508.0654775005941,510.5422668457031,1568600
2022-05-10,520.3112883013202,525.2254188910679,509.71344197756275,519.2653198242188,1682600
2022-05-11,513.5321001172639,525.4719898631939,512.7229457858663,513.11767578125,1146400
2022-05-12,506.9701926402258,520.6072899972123,505.3222519887935,518.8409423828125,1532700
2022-05-13,527.731770472749,544.5561011427013,525.9358510025298,534.2542724609375,1375100
2022-05-16,530.2282932002867,536.5830617491612,525.9753387673848,532.2412719726562,883700
2022-05-17,545.8684536766024,553.5553302311208,536.9382437658345,547.259765625,1554900
2022-05-18,540.1946557981346,543.0661155639199,532.0735987933214,534.994384765625,1403500
2022-05-19,532.8531414808999,552.5193622345691,530.3171480061983,543.4509887695312,2065500
2022-05-20,551.5225524903753,558.4299059317949,537.2342177871599,547.802490234375,2167600
2022-05-23,551.7691828426966,553.3677367875412,543.4705184803204,547.8616333007812,1180600
2022-05-24,545.1973161089887,545.9275122730352,536.0894981683952,541.55615234375,1012500
2022-05-25,543.54974139743,543.54974139743,522.6895116844737,527.1990356445312,1538300
2022-05-26,531.8564369480571,534.3825528403343,526.735124388917,532.9616088867188,1855200
2022-05-27,538.3493097799558,565.5247922356195,537.0665275124709,564.7748413085938,1721300
2022-05-31,561.1533999435671,565.7023712227347,555.0552006991669,560.05810546875,2630800
2022-06-01,562.0118677325391,565.5050535950678,543.0364003085439,548.8582763671875,1309500
2022-06-02,547.2202627453656,562.8506430394788,541.7437303743466,562.5545654296875,842600
2022-06-03,553.6144083027069,555.2228394735153,547.4175577224765,550.7133178710938,736400
2022-06-06,551.5522926725052,554.9566438684606,543.2535655377742,545.5626220703125,1114400
2022-06-07,543.2633247181399,554.1177370410891,542.8489003840101,553.239501953125,1113600
2022-06-08,551.7693018203241,553.0323897775326,542.4049127330363,544.75341796875,837400
2022-06-09,540.6779397111876,544.7138335719692,532.4384790925119,532.67529296875,832900
2022-06-10,523.2715189380193,526.794276735768,516.0286985512648,519.9066772460938,1177600
2022-06-13,504.82890144928297,511.0159061953904,501.99689115825606,505.1347961425781,1463700
2022-06-14,503.6834528970378,507.68218222071016,496.4955629292834,501.0274963378906,1009100
2022-06-15,508.274553568891,515.0872480236494,500.71152865277753,508.2449645996094,1320500
2022-06-16,497.19657726835925,499.7735293597135,491.5292050464013,498.4998779296875,1180100
2022-06-17,495.794481983628,505.9246047721922,494.4418263474594,494.560302734375,2175200
2022-06-21,499.90181005345937,510.0714345247552,499.16130253958846,507.040283203125,1463400
2022-06-22,502.00478690309427,518.8389766749661,502.00478690309427,512.6483154296875,1214800
2022-06-23,516.3807110381509,534.2220174063052,514.3073135501411,533.7579345703125,1365300
2022-06-24,534.2711300121144,538.2995070093228,530.4994718804963,537.9144287109375,1292000
2022-06-27,538.9315670233827,540.185452207101,532.9087359128739,536.7593994140625,767400
2022-06-28,535.7325259720825,538.2206507227658,527.537587479756,528.989013671875,858900
2022-06-29,529.2358554635551,531.506733346497,521.3963460584118,529.1370849609375,860700
2022-06-30,524.3286803675068,539.3165453720037,522.7983102088506,536.4039306640625,1364600
2022-07-01,537.0654796276553,542.0910240218599,527.2019282418745,541.330810546875,835300
2022-07-05,533.0270630283329,538.269852788907,526.5994494251555,538.171142578125,641700
2022-07-06,538.1020715445252,552.1025916056703,536.7197668887088,549.0023193359375,1220600
2022-07-07,546.0010130275051,551.796715162136,541.6073219370461,546.7514038085938,1243600
2022-07-08,542.9104793431479,551.1153001152197,541.9429021507925,546.701904296875,752500
2022-07-11,543.0388283018134,553.5638816220588,539.9286727255686,550.9672241210938,1089000
2022-07-12,543.9176636501587,546.6723302622165,522.9267316430177,524.2102661132812,1639400
2022-07-13,514.9687280413391,518.2269493585796,508.09679596689654,516.5287475585938,1916800
2022-07-14,510.5651102141252,519.717802441567,503.9104256125191,518.977294921875,1338600
2022-07-15,526.77736353923,533.4715205869499,520.6162899808302,532.0497436523438,1673000
2022-07-18,532.0300163643035,533.1654854847534,510.7527761720282,514.1690063476562,1317700
2022-07-19,521.8800745672106,530.8549917482535,517.3284362493152,530.0750122070312,1993700
2022-07-20,533.1655925129305,541.4296543758668,530.4602804448006,531.8327026367188,921700
2022-07-21,548.5186903188151,567.8903657075504,548.5186903188151,567.7225341796875,2150200
2022-07-22,566.2216830940637,569.3811940787466,551.5398913147371,554.4328002929688,1252500
2022-07-25,553.4257788003315,561.1764009027216,547.1956439408963,560.2581787109375,1194400
2022-07-26,562.2428056786099,566.3106563492803,559.3498962619179,566.0144653320312,1012700
2022-07-27,565.757791927138,577.9514618435012,559.8238469758949,574.5648803710938,1263900
2022-07-28,582.4833750299191,595.3681970935894,566.0539628892041,590.0760498046875,2294700
2022-07-29,595.338465470643,603.3261006892506,590.3030378593321,590.836181640625,2371200
2022-08-01,586.590601584668,591.2607770735632,580.8837877902902,582.0883178710938,1537800
2022-08-02,579.8667429389656,587.340939401347,575.8680143858173,578.6226806640625,1392700
2022-08-03,582.8685682924535,586.1366738761214,576.5198945958699,580.5383911132812,1077700
2022-08-04,583.3521046503747,585.4946229061837,576.1740990113025,582.5325927734375,999600
2022-08-05,577.8723559469483,583.1940909063549,573.7156186688117,582.789306640625,982500
2022-08-08,583.322420695132,585.7907789921346,575.1176001264014,576.5591430664062,921400
2022-08-09,576.5594686298067,578.6229835842112,568.7495448210076,573.5184326171875,767900
2022-08-10,581.7231646307501,585.2578720152931,576.529727031229,584.85302734375,991800
2022-08-11,587.5385354595342,592.2086511823175,584.6752150500637,585.04052734375,1086700
2022-08-12,587.0349550198994,596.3949522126364,584.9615577535247,595.5755004882812,989000
2022-08-15,595.3680404129094,598.4880188852428,591.5667926181546,596.8391723632812,855500
2022-08-16,592.406099562391,596.2665861289667,590.2931700109123,594.4893798828125,798000
2022-08-17,589.404431868759,593.0477307707264,587.0545501779156,588.4960327148438,989400
2022-08-18,590.5399887004778,591.1324309403984,581.8119061680127,587.479248046875,761000
2022-08-19,583.954389067581,585.7513613060593,578.5634723521465,581.1009521484375,851100
2022-08-22,573.3504148818206,576.7468791241384,567.2585220163343,568.8184814453125,723100
2022-08-23,564.7307352837189,569.2034294927106,560.4752879438112,565.7180786132812,913300
2022-08-24,565.727982262195,568.8973761599059,563.7532955312578,565.8958740234375,855300
2022-08-25,571.0300560317947,578.672144899615,565.8563860336076,578.0599365234375,928000
2022-08-26,576.608617854929,577.8427972595842,556.3779586958469,556.575439453125,771900
2022-08-29,554.0082672376305,554.9956106849058,548.3211593392987,549.6442260742188,704500
2022-08-30,550.365109848539,551.8264195070573,543.5228252208085,547.2747192382812,1058300
2022-08-31,549.1309289698938,552.063371096631,537.4309302253956,538.4182739257812,1166600
2022-09-01,535.5745369629986,544.0064275999043,534.6859038300302,543.7793579101562,913900
2022-09-02,546.7611516656069,550.8092353359103,534.7155506229625,536.6704711914062,796900
2022-09-06,540.3335853895455,546.139169689043,534.8241920721324,538.2503051757812,1043300
2022-09-07,536.5225368880248,547.274662903276,534.9131619973824,544.7371826171875,1139800
2022-09-08,542.9402267052443,560.001491424179,540.3632143138987,559.3893432617188,1854800
2022-09-09,559.2215675064916,565.0765079427399,558.7574846684095,562.1934814453125,1146600
2022-09-12,562.0452400608297,572.787541257533,560.2877398527007,571.8594360351562,1097200
2022-09-13,557.8490509961142,562.193386294777,550.1576671910977,552.734619140625,1642800
2022-09-14,555.7969894161569,563.4233987787323,545.9182614249771,551.3614501953125,1139400
2022-09-15,553.2089556859848,554.157335601929,543.5771926182377,545.2861938476562,890400
2022-09-16,541.0086887575225,541.3544201998752,529.9346103899401,534.7159423828125,1835500
2022-09-19,529.2528606236654,533.4612084626608,524.7184978731357,533.1253051757812,1072500
2022-09-20,526.7535026137957,528.9959931520082,522.100660339845,525.7063598632812,1053800
2022-09-21,526.6547684033216,533.6588134320949,517.8429594733689,519.3148803710938,1268900
2022-09-22,515.679519345849,520.5695020433534,512.2812343085001,513.9803466796875,1137500
2022-09-23,510.08814612579016,515.1954924144401,506.8182892493024,514.4743041992188,1366300
2022-09-26,509.880730775575,514.6521134486572,505.18833452175295,508.0729064941406,991900
2022-09-27,510.91794802192277,511.9157092209005,499.4487288638527,502.49139404296875,1166500
2022-09-28,504.4868565090998,514.8891856684915,501.4145866800462,511.5501708984375,1866700
2022-09-29,508.6656356593177,511.7478547438162,506.21573003046456,510.34503173828125,1074600
2022-09-30,508.5569746847301,515.2646704996042,500.59472124347093,501.0392761230469,1697200
2022-10-03,506.5910499238087,520.4904275037032,503.4496216442441,516.5883178710938,2462900
2022-10-04,524.2839311213187,535.0616593474044,522.8712799626671,533.3822631835938,1195300
2022-10-05,529.3023244096509,542.2632129314586,527.5241651255272,539.6453857421875,1167400
2022-10-06,537.7387641197284,539.6848448027347,530.6952254771637,534.0342407226562,971700
2022-10-07,528.5120813733721,529.3023677538117,514.5830954962926,517.2601928710938,976800
2022-10-10,517.7343664055502,517.7343664055502,503.7559398962855,504.64501953125,947900
2022-10-11,500.86139565626183,501.56277689971864,490.74555773080704,494.736572265625,1667200
2022-10-12,496.3171861754952,497.9866936499374,492.3755832783432,494.5982971191406,1098900
2022-10-13,483.2475937610546,508.52728444207185,482.33876769643473,504.34857177734375,1737600
2022-10-14,507.8457613823026,511.13533501236816,496.05055552098867,496.9494934082031,1267500
2022-10-17,504.1411418127664,514.8694567157318,503.1137757477488,510.95745849609375,1071100
2022-10-18,524.343284270821,526.2498720141058,514.9782067946268,518.0406494140625,970400
2022-10-19,507.76663048409245,509.5546778800294,492.6225533884393,499.4783630371094,1947800
2022-10-20,492.7016656702246,496.080204642574,479.6716182054122,480.9558410644531,3267100
2022-10-21,480.26432078917867,490.91359006852787,472.50951204083066,490.71600341796875,2836900
2022-10-24,493.6697136733713,503.06436404299143,489.7379688494823,498.88568115234375,1818800
2022-10-25,501.4936148169587,511.36248446972775,498.57940818074366,508.37908935546875,2382800
2022-10-26,493.9365273204523,511.3132408813797,489.2046069474243,496.900146484375,2446900
2022-10-27,492.60280973942815,501.25658588845084,484.1762552078185,492.2768249511719,2334800
2022-10-28,495.1712409468323,502.30368376796594,493.5610034594076,497.7298278808594,2017100
2022-10-31,494.3217290995672,510.2066817327302,494.3217290995672,507.73699951171875,2875200
2022-11-01,510.27590921109675,519.5817164931584,506.7788604184968,511.4119873046875,2112100
2022-11-02,509.7424816947679,509.7424816947679,484.1862113217705,485.0259094238281,1803300
2022-11-03,478.23912343551734,484.87763036683134,470.0002672689961,481.0348205566406,1471500
2022-11-04,487.28802588217485,489.6885798001371,477.96250384262447,489.5403747558594,1772200
2022-11-07,492.94858020705936,494.0253580571477,483.76137423814765,486.13226318359375,1340900
2022-11-08,488.2660054542137,494.6575434886475,481.88432564720074,486.20135498046875,2003100
2022-11-09,485.51976673765034,489.9355596518675,477.86375203083566,478.83184814453125,1061000
2022-11-10,500.8713220729297,514.3557815367857,500.10078239349474,514.2669067382812,1937600
2022-11-11,520.4706745609276,538.8451457225187,520.233594724451,532.1473388671875,2422500
2022-11-14,534.0143788861495,535.6147279151045,527.7018575525119,528.2847290039062,1458400
2022-11-15,537.1953126515315,546.1751026733124,533.9254561900078,539.4674682617188,1531400
2022-11-16,539.3784819564773,541.5320371581973,524.7776948403222,529.5096435546875,1133700
2022-11-17,522.8020709976165,524.9161334897819,512.7455320378943,523.4639892578125,1281800
2022-11-18,534.7454802464803,536.5730210042866,522.9601637152497,528.7490844726562,1228400
2022-11-21,526.3189342285241,533.4513473759255,526.0817940930227,529.7764892578125,1329600
2022-11-22,534.4491635783652,538.8353219640917,531.1200365028342,538.143798828125,1503600
2022-11-23,539.0426555488449,546.1158586936483,536.4149403817349,540.6528930664062,823600
2022-11-25,543.8140873967654,547.7359737616209,540.7319290879227,544.5648803710938,549200
2022-11-28,536.7113213697287,543.3300816966649,531.6336403172603,533.4810180664062,1822700
2022-11-29,528.966453632232,533.836659875704,524.1456289755947,533.2044067382812,1195600
2022-11-30,534.7454967643318,555.1648134761118,533.3130689476272,553.4261474609375,3132200
2022-12-01,560.7660546522172,562.425673826223,547.7162324292341,557.7135009765625,1423900
2022-12-02,546.8270652755222,557.950522188342,543.6066507291624,556.17236328125,1014400
2022-12-05,549.1189722323916,552.8630488156418,545.2564160291,550.45263671875,1824100
2022-12-06,545.7404482002369,549.7018277475328,539.1809583836414,543.8536376953125,1969700
2022-12-07,543.7647052878019,552.4678622255009,543.7647052878019,551.371337890625,952000
2022-12-08,553.337265467621,562.1095818519622,550.018026915432,561.0624389648438,1160400
2022-12-09,557.1603354161019,564.1742091375684,552.537097315068,553.43603515625,1157100
2022-12-12,558.5234433590629,561.9711092583842,556.5674748075766,560.7164916992188,1163000
2022-12-13,569.8445516256843,577.6191054535408,559.87688890871,564.4507446289062,1867300
2022-12-14,562.5036281389795,569.461944838431,557.1564551842589,560.6454467773438,2079900
2022-12-15,554.8732637555319,555.1203616951448,544.5346642445359,547.3614501953125,1366900
2022-12-16,543.0224073439173,544.4358001920795,525.3894734166417,530.2128295898438,2336400
2022-12-19,527.6529607748894,528.7303344265056,521.1493858890541,524.0156860351562,1053400
2022-12-20,523.6597808907645,524.7667747194347,513.9735547265808,522.364990234375,988600
2022-12-21,525.2907882107893,534.7793264523372,523.3337311993956,533.6229248046875,1208300
2022-12-22,528.5128564231406,533.0792822304651,521.5842802900141,532.881591796875,1103300
2022-12-23,531.7350772518737,536.7858059199461,529.1158748035417,534.4037475585938,621400
2022-12-27,534.4035835535633,542.4688931019407,530.5884063095698,539.1083374023438,1050000
2022-12-28,541.0258752872867,546.610312747086,536.7758028720299,537.1019287109375,826800
2022-12-29,542.2416732481247,555.0512541661283,539.8003741782981,550.544189453125,1027400
2022-12-30,546.3830388501299,548.5575131296686,538.9206919530662,544.2975463867188,686000
2023-01-03,546.8673145840463,549.6446933183128,540.6206707430183,546.7586059570312,1785800
2023-01-04,552.8075738275447,561.2187984913387,548.5179867937801,555.3971557617188,1935800
2023-01-05,549.3383007942558,557.7693124801843,545.8888227882926,550.4749755859375,2220000
2023-01-06,549.3086985942916,549.3086985942916,516.71155264528,528.7896728515625,2938100
2023-01-09,532.4861392406962,546.5312071322655,530.7762408899803,539.7508544921875,1871200
2023-01-10,541.1148251156507,565.9827963717912,541.0753111615852,561.4362182617188,2102800
2023-01-11,564.4903413537174,578.120243073965,561.446077603042,575.7975463867188,2013500
2023-01-12,575.214430007152,579.7215551800094,570.1637616577308,574.7894287109375,1635200
2023-01-13,571.9329878492225,578.0708628402549,565.8246729181997,577.062744140625,2040500
2023-01-17,578.2092245671441,584.4360810740757,574.9771639560613,581.0360107421875,2086300
2023-01-18,584.2681106054637,589.9216833353676,572.0318140168625,573.3167114257812,1749700
2023-01-19,568.3550017833627,580.3441395777778,567.0404237144671,577.0824584960938,1636000
2023-01-20,580.1859532566873,588.4390001817251,578.1597622484621,586.7686157226562,2394700
2023-01-23,586.3239190275233,602.148021007228,583.1511596447443,597.7991333007812,2307200
2023-01-24,602.7707410349036,602.7707410349036,570.0846758899626,573.9788818359375,2102600
2023-01-25,564.5200244743887,569.3334879169671,560.3390859621956,568.6416015625,1238300
2023-01-26,569.3434961632321,571.8045826923178,560.7246861984331,570.6679077148438,1210800
2023-01-27,568.2264682931157,570.806156405195,561.5943376168686,566.97119140625,1110000
2023-01-30,561.1793915603762,564.2433828831387,554.2507534150343,557.73974609375,1221500
2023-01-31,555.6541160834267,564.0060391773885,551.5226454410058,563.7095336914062,1799800
2023-02-01,579.2867142901254,590.6037548286322,569.6399983770381,580.5419311523438,2627500
2023-02-02,584.8017661903007,588.2611375303825,580.2551879882812,580.2551879882812,2312500
2023-02-03,577.7743895884789,585.9583038021728,575.8865875282613,580.937255859375,1283200
2023-02-06,573.8208054561122,577.0528663097189,566.7636727329411,569.4817504882812,1119500
2023-02-07,564.1542153413892,579.5335870131627,562.8000632794271,576.380615234375,1171100
2023-02-08,571.8439589344599,578.2981863626271,569.3433590435847,572.5061645507812,907200
2023-02-09,575.8964698775487,576.5488423959991,561.1101638148269,562.3258666992188,960800
2023-02-10,560.527025672611,565.073665498761,556.8106617487432,564.777099609375,763700
2023-02-13,567.9991311787652,570.5294119178731,562.4048598157323,568.3253173828125,997600
2023-02-14,569.2050950337431,572.3777948097579,560.052575273744,564.8462524414062,850100
2023-02-15,561.8612054763386,563.8873965329625,556.2372539101445,560.2501220703125,1038400
2023-02-16,549.6644092531345,558.8367135509573,544.90035383034,551.1074829101562,1173700
2023-02-17,546.5015557610385,554.9720803944919,546.4818289479317,553.202880859375,1182400
2023-02-21,542.2812618631252,547.8063390232842,537.8137109910189,544.3766479492188,1395200
2023-02-22,543.6154602800717,546.8672474067004,538.3868896615154,542.0340576171875,1705300
2023-02-23,546.9465183978568,551.1965922603175,540.5516506214409,544.5546264648438,1160200
2023-02-24,538.2880159646322,540.3142069848291,532.9111624368053,536.4891357421875,852600
2023-02-27,542.1229886019744,547.9841445191656,534.7496246567849,535.0658569335938,1110600
2023-02-28,534.1368261801199,538.9008822528501,532.634511553495,535.47119140625,1188800
2023-03-01,533.0792262569312,536.3211197861368,530.0349628139139,532.2687377929688,1126000
2023-03-02,528.6216078007546,544.4852842609268,525.7453538552639,542.3800048828125,941200
2023-03-03,549.0122033087498,554.0233576344483,543.2498614637766,552.9459838867188,1153600
2023-03-06,553.015119347687,560.7344570835393,548.873755190195,552.03662109375,1163100
2023-03-07,554.2999589293719,556.474432782032,541.7770527092457,542.4590454101562,1012800
2023-03-08,541.915557955288,553.3314727155433,539.1974801396722,548.3104248046875,1453000
2023-03-09,549.6941434524495,557.8582093394191,544.5742206570285,546.7882690429688,1013200
2023-03-10,545.4637995495935,549.0911807085037,533.6821857161409,537.5171508789062,1081700
2023-03-13,537.181148857127,545.0190900382843,531.8042940598565,535.2735595703125,1405800
2023-03-14,544.5109424009196,555.3210427447285,539.0218330548679,549.8616333007812,1409800
2023-03-15,541.1680709056881,543.9670455149958,528.6172652045428,536.7471313476562,1918900
2023-03-16,533.849343970805,552.4530168192307,533.849343970805,550.9793701171875,1135800
2023-03-17,549.2189144517118,549.2189144517118,537.9934344535703,541.3363647460938,1947900
2023-03-20,540.7626169350781,548.7836441201057,539.5955675607223,544.5308227539062,897200
2023-03-21,548.2990685234448,552.6606691332486,545.6088725291484,550.5936279296875,1000100
2023-03-22,550.5935837275044,561.7696222376203,548.2099851523235,548.2396850585938,928400
2023-03-23,551.8595949694703,554.4311122404255,544.3429821958186,549.1002197265625,951600
2023-03-24,542.5034419388367,552.5321729612816,538.3395986341638,552.1365966796875,1012600
2023-03-27,557.6157719839641,561.9378334483064,554.8761966405712,555.5289306640625,865600
2023-03-28,553.8473396758504,556.527634835038,544.896623144048,548.1505126953125,828800
2023-03-29,553.2243899689997,554.4211392631972,547.1517248745388,549.0606079101562,1239600
2023-03-30,553.8573457506207,558.0904272972316,550.7517740027606,556.7947387695312,1219900
2023-03-31,560.7508750155466,570.3543877215806,557.47718483231,570.0477905273438,1438700
2023-04-03,563.2629786252966,566.8234655996133,559.9101494989953,563.8168334960938,1034400
2023-04-04,565.122547670292,573.8754495791958,562.6994091751037,569.8599853515625,1085600
2023-04-05,570.1864033191713,573.7369916254436,563.6686609611087,573.4996337890625,1035600
2023-04-06,574.4786107263204,575.3984626437131,566.0620079381387,569.0389404296875,780700
2023-04-10,566.4477500018427,568.0598754882812,559.0893563666892,568.0598754882812,672600
2023-04-11,570.1564961281532,575.1708898786007,568.0993553836005,570.0576171875,1158800
2023-04-12,576.8523624457047,580.2150921767378,571.3138126876485,572.9951171875,847800
2023-04-13,578.8403275683129,585.6250661490377,575.6160766556869,584.6459350585938,1101900
2023-04-14,579.967865200296,583.0733769978822,575.6260041534852,582.381103515625,834900
2023-04-17,583.6667620790682,583.9140198262093,577.8314551002748,582.1436157226562,783500
2023-04-18,586.6635479970649,586.6635479970649,578.2666837981675,578.4447021484375,1158700
2023-04-19,569.4741956512762,574.3501117330838,565.063155576872,573.5588989257812,1409400
2023-04-20,559.7915904936015,561.6114342391381,554.2134407224777,559.7223510742188,2100900
2023-04-21,562.6301874686447,566.7049912815538,560.6125855036828,565.4093627929688,959200
2023-04-24,565.2510742453609,570.1269903301425,563.7477276546016,568.0005493164062,895100
2023-04-25,557.9619076036001,560.2861064939812,539.5164538260666,542.3648681640625,2495500
2023-04-26,522.2083706075994,537.4196722928085,511.54658739884314,527.2821044921875,4020100
2023-04-27,527.6481247274313,539.6846170620308,525.7492017994975,537.063720703125,2148400
2023-04-28,537.3603580161741,553.0661759394861,537.3603580161741,548.8133544921875,2046900
2023-05-01,549.8912914029391,550.7023040009977,539.3284484240869,542.4834594726562,1979800
2023-05-02,538.8735901131658,545.4605712813765,534.9966049638016,537.8549194335938,1060900
2023-05-03,544.0165096347561,552.0771367296977,543.2153969096983,544.3824462890625,1430200
2023-05-04,546.5385863945446,547.824375175143,536.7669538560199,539.6549682617188,1243500
2023-05-05,546.9935616126345,548.3188899053425,535.9757401902486,540.3868408203125,962400
2023-05-08,543.4231174247498,543.967072424041,535.1548324116637,536.6284790039062,1029100
2023-05-09,529.1712468523962,531.574585494167,523.4150778576943,528.79541015625,1225100
2023-05-10,533.4734787288232,533.9976338012513,524.1864625739515,527.6480712890625,1586100
2023-05-11,526.2535795665748,529.8635068279216,519.3006620240265,523.978759765625,2326300
2023-05-12,525.9172994611596,529.101950700523,515.7203910014196,518.8952026367188,1518200
2023-05-15,518.4994848760014,519.5182157483655,514.434582086048,517.9357299804688,1383800
2023-05-16,515.5423969193225,516.9666042176074,513.4752952147843,514.0489501953125,903500
2023-05-17,516.6302487858107,521.5952040122219,507.30369315605975,515.9478149414062,1284600
2023-05-18,515.0774668162531,518.8852726374294,512.9708258177051,517.7973022460938,1073300
2023-05-19,517.3026723377775,525.9072527773884,516.9367357537426,521.5950927734375,1313300
2023-05-22,521.6346773749732,528.775512095824,521.5753379336655,523.2171630859375,1161000
2023-05-23,520.5764376638122,523.4940911586974,514.0093177652941,519.3401489257812,1629400
2023-05-24,504.40584686010203,508.8564866853382,493.03198952894286,505.1179504394531,2482800
2023-05-25,508.3321973914743,516.5807418967973,504.702470785936,514.9290771484375,2262200
2023-05-26,521.8918955114362,526.8667506521675,516.096188065171,516.2940063476562,1603700
2023-05-30,518.074356580022,520.6656136255735,507.4818101616729,508.5796203613281,1793800
2023-05-31,508.03553345387036,508.03553345387036,496.1572917480111,502.8826904296875,4052200
2023-06-01,507.50153895302685,515.9281033380246,502.93222004823275,513.6829833984375,1830100
2023-06-02,518.8258701237154,521.377526499,512.9806634329465,514.4345703125,2564300
2023-06-05,518.3116559895354,518.7072925911743,507.78835018890913,512.8917846679688,1477400
2023-06-06,516.2742581224543,517.451207600617,507.0762805393838,510.59722900390625,1723000
2023-06-07,508.8861827975122,517.4709651969474,506.97729972047324,515.067626953125,1649400
2023-06-08,514.9389660951656,517.0159068544879,509.5091357062716,509.5981750488281,1580500
2023-06-09,512.2785969073717,516.0665427539254,508.9851062708438,512.4961547851562,1041600
2023-06-12,514.2862517123784,518.9841492517767,511.00266134622444,517.9456787109375,1246100
2023-06-13,519.7160911683965,521.6249141240226,517.2831130714499,520.2798461914062,1328800
2023-06-14,522.3877904599691,522.5857404277866,513.3122948649597,514.7572631835938,1996500
2023-06-15,514.796842895315,530.7605387163516,513.5696376299458,529.5927124023438,1723400
2023-06-16,533.1655963406484,536.49099957968,527.900500391066,531.76025390625,3428000
2023-06-20,506.72097815487746,525.3172204312921,501.92097847356774,521.9622192382812,2115400
2023-06-21,519.5770370586677,524.9807630183979,517.3700489899342,520.5271606445312,1617800
2023-06-22,520.7250904904587,524.5353704341039,516.0735383318549,522.86279296875,945600
2023-06-23,517.8055796803895,524.2583144085875,517.0732190853429,518.80517578125,3779700
2023-06-26,517.627426993203,520.7548192670921,510.56102939244414,516.6476440429688,956900
2023-06-27,514.9751354890032,516.9247950911712,498.12069187154935,504.3656311035156,2036000
2023-06-28,506.12724870238065,506.137155263187,501.4262231645842,504.89013671875,1395200
2023-06-29,504.74167412811414,509.83859950959373,500.862077774939,509.08642578125,999200
2023-06-30,511.15480053716146,518.2112913238814,510.6203899669573,516.3704833984375,1315500
2023-07-03,513.9853600856079,515.8855469697387,510.04635488716934,513.7576904296875,616200
2023-07-05,514.8661805350653,518.1618636839286,512.7977631816794,515.2323608398438,1432800
2023-07-06,509.4821410211543,513.7180402866394,503.77164454331114,511.986083984375,1506400
2023-07-07,509.69009149630415,514.1041284037191,508.0175138283637,508.43316650390625,1020700
2023-07-10,507.2059340926144,513.5696299763854,505.9193498950574,511.5209655761719,1026600
2023-07-11,510.9766862444117,514.7672140133424,509.9573374515526,513.9061889648438,1310900
2023-07-12,520.2896404075074,524.0702611946363,518.5873432147663,520.4974365234375,1678200
2023-07-13,529.4838534117915,530.9189151891243,518.6269891880437,521.219970703125,1364200
2023-07-14,524.2088399143171,526.4356413715695,519.8938080323355,523.9020385742188,953000
2023-07-17,520.8935512106098,521.6951975453421,513.9063435258205,519.844482421875,1290800
2023-07-18,520.1115403911734,520.3688089145493,514.361386534121,518.2805786132812,1461100
2023-07-19,521.5564585608248,533.8582917645907,521.5168927270366,530.0281982421875,1715400
2023-07-20,531.7899042480091,536.005991407306,524.9907418536577,532.72021484375,1147400
2023-07-21,533.1061897248721,558.8974990764837,525.4163423727624,556.3936157226562,2755800
2023-07-24,554.2260180286089,566.6565134453026,553.3550865963823,565.6272583007812,3196700
2023-07-25,549.7527184708188,574.1090236096188,548.5848920790576,565.0236206054688,3073900
2023-07-26,549.2381943402074,569.0715533400707,549.2381943402074,568.4876098632812,3559300
2023-07-27,569.467402081136,571.4467812188446,553.6125558582149,554.2459716796875,2260900
2023-07-28,556.611352717155,559.8575638995025,548.0604796926007,556.05712890625,1642800
2023-07-31,551.6726180184409,551.9299469131888,540.7860352186618,543.0029296875,2144800
2023-08-01,540.8951075055622,545.0220963873755,537.0649530284741,540.2122192382812,1517500
2023-08-02,538.2922118917387,550.1585808458034,537.0154736140967,548.050537109375,1398700
2023-08-03,544.6160488388899,547.0111401982442,539.6874159462685,542.7257690429688,1103200
2023-08-04,541.8649223696694,549.2677806987087,541.1325617849277,542.9832763671875,1102200
2023-08-07,544.3293073512197,548.7829107750024,541.2216673536622,546.100830078125,737300
2023-08-08,547.4664255072122,551.1580077553921,539.984376646801,550.049560546875,1002100
2023-08-09,549.0500741643162,550.653366353734,541.7263475563215,541.9342041015625,947100
2023-08-10,544.6954360017529,551.0294733213153,539.964751336,541.6373291015625,1168400
2023-08-11,537.4014749993602,541.6472218126371,535.3132443545044,538.1734619140625,925100
2023-08-14,535.1746059864241,536.7086126556536,532.799326984753,534.7688598632812,1068400
2023-08-15,530.2952992491012,533.4127841317253,526.6532500710885,528.9196166992188,894600
2023-08-16,524.6245669355025,525.6637288952953,521.318977217096,523.4171142578125,980700
2023-08-17,525.3767220544744,532.6905430029358,524.3969389742779,530.43408203125,1257000
2023-08-18,527.6431650248813,530.3549050550425,522.6947166761598,526.8909912109375,1093700
2023-08-21,531.0278701624154,531.0278701624154,524.8818757595409,526.772216796875,903800
2023-08-22,525.5251918690353,527.8014659296688,520.9231109417361,521.6159057617188,960700
2023-08-23,535.7286925078319,542.0033490134641,532.6309602823509,539.6181640625,1769100
2023-08-24,539.5787609881179,543.9531719361227,532.3737919858917,532.462890625,1326200
2023-08-25,533.2347417050634,538.4405177274913,530.4339641342129,536.0059204101562,749800
2023-08-28,538.707883518814,540.9940642194665,534.9569814497723,539.5689086914062,642700
2023-08-29,540.6078549198929,551.7220460456623,539.341084070625,549.6832885742188,1291400
2023-08-30,552.0191513968496,557.1358293803652,549.0203631102826,553.2364501953125,773500
2023-08-31,554.6219804733926,557.878036950455,551.2075398603292,551.35595703125,1192100
2023-09-01,557.6404761343713,560.0256008884261,551.0788309138077,551.4746704101562,1015500
2023-09-05,553.5135253618184,553.9192714436488,536.114768521611,536.4215698242188,1404900
2023-09-06,535.3427196197656,539.8161345887884,530.4734651739684,531.166259765625,1217900
2023-09-07,529.721388952422,533.1753955814371,525.1985007686601,526.1782836914062,1079200
2023-09-08,524.5354299959394,527.1679774622495,507.4930059633334,512.9263916015625,1834900
2023-09-11,510.0958929419922,512.2831287160416,507.552443813264,509.6307678222656,1555900
2023-09-12,509.6901001665062,509.6901001665062,504.1082368051418,505.721435546875,1568000
2023-09-13,494.04309925754825,520.8933799715543,492.87527290727473,505.6323547363281,2359100
2023-09-14,510.168303496829,513.2285069512378,501.66104548971185,510.67340087890625,1598300
2023-09-15,510.67331805141356,529.0446304921427,504.40427232423775,510.56439208984375,5179500
2023-09-18,510.5446001456037,510.5446001456037,502.4136573786105,502.83953857421875,1300100
2023-09-19,500.3537287073749,504.50337309949145,498.4621221758201,503.8398132324219,1181100
2023-09-20,506.44442001405827,506.9891404844452,499.303876032911,500.02685546875,1271300
2023-09-21,497.59057246106727,498.95728509695255,494.7482212198201,496.7586669921875,1606900
2023-09-22,498.0560390049213,502.27501616885064,496.7388629218993,497.9471130371094,1198000
2023-09-25,496.4021364811678,501.1658038837972,495.5404909802506,500.7894592285156,961500
2023-09-26,498.1550894582602,501.5619576967003,496.01589101387003,496.7586669921875,1190000
2023-09-27,497.77869708589765,499.7099265338851,490.15288257354905,493.49041748046875,1344300
2023-09-28,497.21417716200506,502.5126513124878,495.52065656651934,498.1748352050781,1443300
2023-09-29,504.30525245371615,506.0681061856225,499.9080163631395,501.2945556640625,1380500
2023-10-02,498.2342558773603,502.1065978847261,485.9537003060819,491.0144958496094,1652100
2023-10-03,488.15236884242313,497.6599074473375,487.85527053937005,494.7977294921875,1559400
2023-10-04,496.3823052860181,498.34324468196246,491.06403429962836,497.6103820800781,1022100
2023-10-05,492.5991770148303,495.61978746633605,487.95434846018543,493.22308349609375,917500
2023-10-06,491.0442700198506,497.32319952588057,488.32075801427,493.7479553222656,1108400
2023-10-09,490.2321062535538,492.8664884715701,485.6665247814437,491.3512268066406,1182500
2023-10-10,490.816459586027,494.7284251646358,488.1820771538355,491.3710632324219,1304900
2023-10-11,492.4307646161003,493.8271870845034,487.05307377777876,487.8849792480469,1207100
2023-10-12,487.1025701782603,491.0838384671912,466.07704766412786,477.9119567871094,2026200
2023-10-13,475.0102021075723,479.6054938477418,471.4151614815015,478.1991882324219,2004300
2023-10-16,478.19912455873316,487.3104906853594,475.65387191916403,483.8343200683594,1247700
2023-10-17,474.3862349395903,485.2406589089944,473.09876872962394,480.10064697265625,1355200
2023-10-18,476.3472192869687,476.3472192869687,462.37311086284296,462.7593688964844,2134800
2023-10-19,467.7507604275354,472.10840349078194,462.92767345269226,465.1461181640625,2014500
2023-10-20,464.98762571209915,466.6613498209194,458.78791320904605,459.88720703125,1599300
2023-10-23,457.3023662340683,464.94800743722465,455.54942597600564,457.3617858886719,1897500
2023-10-24,447.5769324065537,454.43029118422504,442.83309219563995,453.8459777832031,2376600
2023-10-25,418.92560038640477,434.6130234974433,411.5968843439924,429.0075378417969,7906700
2023-10-26,426.9773578664583,441.04056523974896,425.04612818971185,435.9203796386719,2971200
2023-10-27,435.33601363306923,435.7222413876468,423.25351348067284,427.2546081542969,2495600
2023-10-30,428.01718609917543,431.15666559898966,416.16248128424763,429.9285888671875,2946500
2023-10-31,432.28568618131493,442.2983216255979,428.9778609365874,440.4859313964844,2895400
2023-11-01,440.8425046856527,440.8425046856527,429.8197042096562,436.8612060546875,2275400
2023-11-02,440.55528722803683,443.82351968606525,437.6733127883521,443.2590026855469,1713900
2023-11-03,450.3103874927717,456.13375564034806,447.25015427718415,450.3598937988281,1921800
2023-11-06,452.30110939299226,455.054331417031,447.8939593946249,450.63726806640625,1613800
2023-11-07,449.5082012365088,459.382170714854,447.7552306559892,454.8165588378906,1708700
2023-11-08,457.06468169240105,459.54060134755935,448.7158576452496,449.93402099609375,1848100
2023-11-09,454.12329150208365,454.4203897735861,438.79238599635164,439.99072265625,2042400
2023-11-10,439.54510556828006,444.833666731224,433.04829431183447,444.1106872558594,1896500
2023-11-13,441.23864935946733,442.5063191776752,434.8804735655037,440.8623046875,1675000
2023-11-14,452.4099816920509,457.78767241722613,450.83530027535693,454.8363952636719,1822400
2023-11-15,460.18441312169796,470.2564390763381,459.5208532422257,466.0077819824219,2184000
2023-11-16,467.5131349295545,470.12772106465223,464.1953959480952,467.919189453125,1613400
2023-11-17,470.42477285041383,470.42477285041383,459.69910132782206,461.92742919921875,1556300
2023-11-20,462.53153221038275,467.13673703091126,461.41241161594854,464.51226806640625,1183500
2023-11-21,473.6731634762731,485.5972015926698,471.8608034967287,477.74359130859375,2915900
2023-11-22,481.3979999123038,485.8447721910749,481.03156863697524,482.83404541015625,1463800
2023-11-24,483.79478800331725,486.3004179379715,482.1210635962237,486.0528259277344,722800
2023-11-27,484.5077582164754,488.66731525386746,483.4480573689245,485.40899658203125,2427100
2023-11-28,483.7155439831276,484.04235211940846,475.9411492649743,481.2396240234375,1549600
2023-11-29,485.1713968448781,491.0244451620716,485.1713968448781,488.1722106933594,1195800
2023-11-30,491.123468562699,492.7080633538901,484.66628030136246,490.9848327636719,1914000
2023-12-01,486.1517953766787,494.3916634869752,484.8841256846046,491.3512268066406,1219700
2023-12-04,488.7168644597715,493.51024162231306,485.6368044759291,490.56884765625,1222300
2023-12-05,488.22172856344076,488.87537508954847,482.36864988403545,486.86492919921875,1613600
2023-12-06,490.23212913086735,491.89594001242796,486.91439049505345,489.0535888671875,1241700
2023-12-07,489.7667018303176,493.5003784317782,487.56808358954976,489.3408508300781,2101800
2023-12-08,488.0632172044323,490.9055683279787,483.31934635673645,485.052490234375,1871800
2023-12-11,487.8156421041982,492.65855595723133,486.5974786275357,490.22222900390625,2030900
2023-12-12,491.54932402831184,493.70834918506773,486.73615017426704,492.5793151855469,1420200
2023-12-13,493.7876450235078,513.872309601339,492.0941239745192,513.5454711914062,2776700
2023-12-14,524.7936558240391,529.639840759776,515.4680252529142,516.8455810546875,2763900
2023-12-15,516.102272070917,518.7879431821805,513.0795613328075,513.3868408203125,4354900
2023-12-18,516.4590699403118,519.164581349433,510.9786067916796,513.9715576171875,1607300
2023-12-19,516.3401519678736,524.1197675434177,515.1508955740845,523.40625,2569400
2023-12-20,523.267485521438,527.7172315440843,514.7148321974474,514.7742919921875,1497300
2023-12-21,513.4264393250246,522.3061507784149,513.4264393250246,521.84033203125,1016600
2023-12-22,523.356687749941,528.1433522847947,522.1773514540878,524.3080444335938,1081500
2023-12-26,522.1574784145812,526.478384381781,521.0673621206473,524.9522094726562,639100
2023-12-27,526.0523899334767,528.2921434120249,524.5459942159179,526.8848876953125,806000
2023-12-28,528.2227288443278,531.1958398884798,526.7361733222518,528.1632690429688,763400
2023-12-29,526.4488108489292,529.1840222851963,524.7739558220866,526.0325317382812,804300
2024-01-02,524.8135701834259,541.20530097749,522.6431966558113,539.2728271484375,2310800
2024-01-03,537.9447356718864,538.7970128862132,523.2377215048028,524.0801391601562,2170300
2024-01-04,522.593530412426,535.0013304518537,522.593530412426,532.5435180664062,1831300
2024-01-05,529.1839372502913,535.9230364689664,525.7153081475402,526.468505859375,1817200
2024-01-08,524.8827843275905,538.6879186174137,522.6727917919662,536.5274658203125,2126800
2024-01-09,533.6931163557366,554.2174482124441,531.8398825195451,536.9932250976562,2890000
2024-01-10,535.942756470176,544.4359489014884,529.0947189608202,539.0546264648438,2026600
2024-01-11,538.6582473018121,543.6232907341267,535.5661569150512,541.1060791015625,1983100
2024-01-12,543.5937317606964,548.122778252678,537.9249684873871,539.4412841796875,2013100
2024-01-16,538.6385042865063,545.9028220924847,536.3293712481347,537.1420288085938,1838900
2024-01-17,533.9211685258479,541.0566468200075,532.0283145245836,534.4166870117188,1966300
2024-01-18,532.5335849353534,542.126874112358,531.185789443342,539.5402221679688,1728200
2024-01-19,540.2736061711926,548.3208807985546,536.9834171583412,546.8045654296875,2124000
2024-01-22,547.9244931370491,553.6824151803589,545.5955805874224,548.429931640625,1818500
2024-01-23,551.2146714847785,552.0372489523509,540.4817261749344,545.8035888671875,1116600
2024-01-24,544.9215719183812,547.0424052327999,534.307606276157,535.1499633789062,1842500
2024-01-25,538.3608887794481,542.8701545033052,532.8210270717542,533.3859252929688,1748100
2024-01-26,549.034454703146,551.4228270700357,541.750357522809,542.4242553710938,3172300
2024-01-29,545.0702543873703,554.1778852392936,542.4539026491698,552.7706298828125,2445900
2024-01-30,554.4851083666767,564.8909951188664,554.4851083666767,562.0368041992188,2301300
2024-01-31,558.2510724660513,560.9268841878875,532.9598519646058,534.1490478515625,3589400
2024-02-01,537.2807452546433,548.9551281736694,529.4515297567431,547.2802734375,2163900
2024-02-02,544.099132042493,549.480455485693,537.033033666865,546.8740234375,1327500
2024-02-05,544.53516811647,551.9877246267652,541.7701363958809,546.67578125,1473700
2024-02-06,547.5379626122857,555.4761777928255,546.50730602064,555.2581787109375,1328100
2024-02-07,556.962707564675,560.9268549494769,547.0820992423387,547.3595581054688,1451400
2024-02-08,547.2505262802108,547.9045839453529,536.6068008581215,545.9522705078125,1549300
2024-02-09,544.7234821862055,549.1633083531655,543.3756259671542,545.8135986328125,1280800
2024-02-12,546.0613424207852,546.0613424207852,539.2330835310853,541.9584350585938,1073000
2024-02-13,536.5671923105797,541.2944577753533,529.6200138230149,533.7724609375,1268000
2024-02-14,536.785255300252,543.7720535333343,536.785255300252,543.3558349609375,1297000
2024-02-15,542.3548203558471,548.2712811431239,540.3925868063925,543.653076171875,1519000
2024-02-16,541.4231703086828,547.7360691682549,541.4231703086828,542.9295654296875,1028200
2024-02-20,539.9763596267743,545.4766024138944,537.4888472890949,543.2269897460938,989300
2024-02-21,541.2151354691574,548.0136339419005,539.4114410908212,547.8947143554688,786500
2024-02-22,550.0254043637703,555.7139457145923,545.3378198233074,555.4661865234375,1139600
2024-02-23,557.8248422574684,561.600689798749,555.8328487417858,559.6483764648438,970000
2024-02-26,558.2906831467366,560.916894306241,555.9815505255493,558.4293823242188,758600
2024-02-27,559.9158787862406,562.7304495454327,555.8130329409923,561.09521484375,901000
2024-02-28,560.1340937908075,567.8740899169734,559.9557143991581,566.9028930664062,1021400
2024-02-29,569.4993632486485,569.8462019589525,562.4629651576925,565.0693969726562,1794200
2024-03-01,559.499723323125,573.3147784861168,557.953708362461,571.1642456054688,1466000
2024-03-04,570.2426364167482,577.318593663147,566.3974085408232,576.4266967773438,1547700
2024-03-05,575.9213278364638,580.8963528565288,574.801451204552,579.3701171875,1973300
2024-03-06,583.0766343358126,592.9870050085593,580.5594219606518,586.1984252929688,1886800
2024-03-07,589.666908222896,593.5418355764596,587.1893161715394,592.3030395507812,1819500
2024-03-08,591.6489610817504,598.4078392190099,590.6183046003001,592.2534790039062,1600300
2024-03-11,588.8542466697984,594.6121681375209,584.354961311586,594.0571899414062,1380400
2024-03-12,593.5319634300737,595.2365176909735,589.3596767283674,591.896728515625,1146300
2024-03-13,593.6609181938396,593.6609181938396,585.7424818198677,588.0020751953125,1035200
2024-03-14,586.0681413775567,590.1538937898457,576.4190301429643,580.048583984375,1758000
2024-03-15,570.3895771545785,579.7908272640885,568.9615429941388,579.2949829101562,1920100
2024-03-18,580.9907743341743,581.9725365422685,573.4936095757787,575.2290649414062,1554400
2024-03-19,576.4487964976059,579.3940826783827,572.402689935206,577.8767700195312,1053600
2024-03-20,576.2207537217648,576.795950162179,571.5003054427973,575.2290649414062,728700
2024-03-21,575.1794671604678,582.2006403625769,572.7993899817563,579.275146484375,1230500
2024-03-22,581.9428152174584,584.0947629151319,574.9216417304832,578.2438354492188,1061200
2024-03-25,578.3628509849246,580.1677318772114,566.3435874849764,568.7930297851562,1226800
2024-03-26,569.2392127154652,570.2110482253295,563.120510681542,564.0923461914062,1784900
2024-03-27,567.7615836817504,574.9513261209107,566.3335496589266,574.5546264648438,1525800
2024-03-28,574.4853569422982,577.4504970134952,571.401219047553,576.3795166015625,1081400
2024-04-01,576.2206283518611,576.6966800218155,568.0789039743777,572.6505737304688,837600
2024-04-02,566.0063049158631,567.6326888513339,561.0776413097029,566.8095703125,1381300
2024-04-03,566.4823934461715,573.4440684318542,564.4593700142448,571.2127685546875,1151500
2024-04-04,575.5859680575788,577.1627796031906,563.8444086361728,565.867431640625,1231900
2024-04-05,565.4806670250294,578.9875219821589,564.3303348353452,574.6439208984375,1181300
2024-04-08,574.5347965360385,577.5693613911579,570.9250958426154,573.9893798828125,998900
2024-04-09,578.9281033269089,585.0269529891154,578.382626077221,584.3030395507812,1026300
2024-04-10,572.4918517607815,574.8520753129328,567.1367699961644,568.941650390625,1282800
2024-04-11,574.7430723497922,575.5364111652902,566.6112133032257,569.7945556640625,1295500
2024-04-12,566.1650115375185,568.6244408568888,556.9720977581605,560.5322265625,1201600
2024-04-15,565.9766371121957,565.9766371121957,549.9013994298286,553.2334594726562,1031700
2024-04-16,554.3935902354831,554.3935902354831,548.0864650718416,549.94091796875,1010300
2024-04-17,551.2400856367689,551.3789365863408,541.9083212739314,542.70166015625,1610100
2024-04-18,530.3552280901604,540.3415428867364,525.2381398394658,537.0194091796875,2075800
2024-04-19,538.4373900027784,541.6008793665071,534.688777675706,540.252197265625,1738400
2024-04-22,544.5858853090352,548.2650117258394,538.6357529834643,543.822265625,1522800
2024-04-23,562.793219696523,572.0952638154405,555.34562845898,569.8143920898438,2544000
2024-04-24,573.1959799398686,581.5856868342104,560.5320978307577,572.591064453125,2034900
2024-04-25,572.6011910883426,573.1862536396563,565.2428159214462,566.978271484375,1184000
2024-04-26,563.2196494876497,570.2209688756868,562.2378874170014,568.8325805664062,1438200
2024-04-29,570.3102484267936,574.6736421399721,566.551709731382,572.0952758789062,953800
2024-04-30,569.9235652786704,571.6689472505589,563.2494584979002,563.9932250976562,1515100
2024-05-01,565.1237523336356,577.0637239549908,563.6759254560359,570.2111206054688,1171900
2024-05-02,574.6638382068087,574.9712593306793,560.7901208127092,566.5022583007812,1357400
2024-05-03,575.0208843149375,575.0208843149375,566.8790971386296,567.6228637695312,1749700
2024-05-06,570.6275464042753,571.5994424520485,565.6096041953615,568.7830200195312,1140700
2024-05-07,566.7500949296083,571.7978170705202,560.641319138835,568.1087036132812,1890700
2024-05-08,567.9501121713078,570.5681245916696,562.9916681910972,568.8723754882812,1598100
2024-05-09,569.4573876227753,574.2571876034197,567.7417855262622,573.1266479492188,1513300
2024-05-10,575.3480332269336,589.0928850185293,573.9993510815492,588.1011962890625,1328800
2024-05-13,586.3558582602913,589.5887734444154,584.0551329726453,585.7905883789062,944600
2024-05-14,586.2466838036277,592.2166693353876,581.7742184685715,589.8564453125,1040900
2024-05-15,595.0132173887527,596.9965947800484,590.0845536247622,594.0413818359375,1188700
2024-05-16,593.2777840779353,595.1025179775698,588.3491201319557,592.1869506835938,1409400
2024-05-17,591.9886055543182,592.1373225486184,584.4616613841077,590.352294921875,1398400
2024-05-20,588.6961515090883,592.2761330901888,587.8234606350427,589.072998046875,805700
2024-05-21,589.0630276011049,589.0630276011049,580.4551778281232,585.2152709960938,1133200
2024-05-22,584.7689744906427,591.6711486377752,582.7360250542538,585.8895874023438,873000
2024-05-23,585.0963888655889,587.0797664549638,579.3048996723469,580.167724609375,1185000
2024-05-24,581.1296059441482,583.0733376789802,576.5182290578431,579.19580078125,883300
2024-05-28,576.835623417114,577.1331179598252,564.4395130717953,567.811279296875,1435500
2024-05-29,565.3717263072482,565.3717263072482,558.9852475728413,562.5850830078125,1324500
2024-05-30,546.9461185172355,559.2826683065633,545.7560799265068,558.082763671875,2431300
2024-05-31,559.8976809696165,563.8545101253853,555.7425019217923,563.2594604492188,2106700
2024-06-03,564.6576460609411,568.8623964841494,558.330667283116,564.8460693359375,943700
2024-06-04,566.0459281162878,568.9813482344675,560.5420683565873,564.9352416992188,995000
2024-06-05,565.1138556842952,570.7962738403616,562.0098648035058,570.498779296875,896100
2024-06-06,570.5085203420016,576.8354985347194,567.1863876998366,575.020751953125,1153800
2024-06-07,574.6934909842837,581.0799682195878,572.2936214335878,576.2603759765625,1231900
2024-06-10,575.1794757786528,577.440555185095,571.0738698214041,576.6471557617188,1540500
2024-06-11,574.1381414309155,575.1794023813768,569.1399920241095,571.1035766601562,1407700
2024-06-12,574.4456093803922,577.1330470351495,569.8243061159615,570.9052734375,1397900
2024-06-13,568.5946409497179,569.8541050173533,560.3041376171528,567.8707275390625,1304700
2024-06-14,568.486002890837,568.7241607174636,562.4127360353309,567.6821899414062,1413700
2024-06-17,562.124872071452,564.9530866131199,559.4454758603807,563.6630249023438,1318400
2024-06-18,565.2111333789337,567.6721780055019,560.3088502291859,564.8240966796875,1398100
2024-06-20,556.5676050800472,556.5676050800472,547.4974395910104,552.9554443359375,3071500
2024-06-21,554.4440806883571,564.2486483692918,553.8486255512055,560.2890625,3153300
2024-06-24,561.2913535492319,567.1463291951874,558.0264956649298,561.6287841796875,1557600
2024-06-25,560.5272324748357,564.000508482883,551.9432546844394,552.270751953125,1942300
2024-06-26,552.5485465228247,557.0935929336084,550.6035508493337,553.9080810546875,1091400
2024-06-27,552.4692340324524,553.9975143996267,545.0364322910858,546.5746459960938,1506900
2024-06-28,548.7081151048756,554.0073683725343,541.4638661127302,548.777587890625,6150900
2024-07-01,549.2242185733767,553.3127560182309,535.2815075852845,537.583740234375,1459400
2024-07-02,535.19207505998,537.4546951043255,529.386767190552,529.8531494140625,1316400
2024-07-03,528.930328688017,535.688329151491,528.3646736010496,531.5203857421875,908300
2024-07-05,534.537133191849,536.0454859631244,529.7737353946283,535.9760131835938,1233300
2024-07-08,537.3158873154841,538.8739071870986,531.3418323461154,532.1952514648438,1140100
2024-07-09,533.9814837537833,534.219641562035,524.3356685357,527.7990112304688,1567500
2024-07-10,529.17839712199,532.8997641903585,524.7822294268525,532.770751953125,1976200
2024-07-11,535.6386440844128,544.4409118916716,533.7630607413112,538.5462646484375,1402400
2024-07-12,538.5463581901467,547.4478397606716,536.7303139757197,543.9051513671875,945200
2024-07-15,542.4166296306614,545.4830025309687,538.844080490322,540.5211791992188,1326000
2024-07-16,545.0462717675907,551.5363744032509,543.5378583358445,551.1790771484375,1122100
2024-07-17,548.7775699263578,555.6844486691939,546.6439620181633,550.8218383789062,1131200
2024-07-18,547.4775471864333,552.9057516680735,533.6638509678966,536.4920654296875,1745000
2024-07-19,537.018023894115,538.0897338455443,527.4218164540363,530.2698974609375,1667300
2024-07-22,536.5417067583145,542.9424700105027,531.8875147481194,542.247802734375,1163700
2024-07-23,566.6102815602304,567.8706037507344,546.4652960281912,548.0233154296875,2005600
2024-07-24,548.6981470519389,570.8576626772339,548.4302498314262,570.3416137695312,2857300
2024-07-25,571.7409548845559,599.2095997300378,567.7615631495557,589.9607543945312,3625200
2024-07-26,596.2622602106053,609.9569404795864,594.724107156953,602.5042724609375,2715300
2024-07-29,599.6363364680717,603.169152179897,590.6554485487394,599.50732421875,1621900
2024-07-30,605.1539158862236,611.0386312947813,598.2470357624644,610.3638305664062,1627100
2024-07-31,609.5401409588,615.891299169134,604.637856993153,608.656982421875,1702300
2024-08-01,611.693529216322,617.548443685089,608.1904533024378,617.0225219726562,1458200
2024-08-02,617.2011029627145,617.2507090730923,600.8468950787271,610.9888916015625,1564700
2024-08-05,602.9012042338929,606.701977844217,588.2836921620349,593.4638671875,2117100
2024-08-06,595.6767685035543,608.2004045739834,592.0546135830945,597.42333984375,1316900
2024-08-07,596.3813272639815,597.1852007399507,581.2080942668058,582.8851928710938,1692100
2024-08-08,585.237091753291,596.5500724642496,583.014204731842,595.4584350585938,1116700
2024-08-09,595.4187083638886,596.7583762300582,589.3454423841068,591.6278686523438,963800
2024-08-12,591.7073683421606,594.9524201980179,587.0730422885694,594.4959106445312,1164000
2024-08-13,595.3989359420358,600.946281103508,594.8829475001108,599.5966796875,1042500
2024-08-14,597.4928738133531,598.8622813412328,591.2508612434397,597.5027465820312,1128100
2024-08-15,600.8965492985857,603.9728549076748,595.3988114067606,599.0805053710938,1241100
2024-08-16,597.1950662877304,601.9485314498247,595.0119126396349,599.3683471679688,1076200
2024-08-19,599.5766354136139,606.2155555190757,599.3384776541719,602.9605712890625,959400
2024-08-20,605.2629371188748,610.1056807103085,603.6851114871758,609.84765625,1075500
2024-08-21,610.3042465133377,613.4004193086555,604.3500587424759,605.5111083984375,965600
2024-08-22,608.4881795005525,609.0141618071336,597.4034839748598,599.249267578125,1138400
2024-08-23,602.137065588469,603.0599573642464,595.9744598441314,601.4920043945312,777300
2024-08-26,601.3729683378945,602.2759935046181,597.6516009595658,600.9661254882812,519500
2024-08-27,600.9758602071292,606.3147855583704,597.4033725722178,605.7392578125,737300
2024-08-28,605.5904261291862,613.2812508772422,604.558388871105,608.4583740234375,790500
2024-08-29,609.7385852201534,611.842393365648,605.0049866082255,607.0095825195312,722500
2024-08-30,611.4058168070391,613.2814006757956,600.3806592376317,610.373779296875,1059000
2024-09-03,606.8012401507046,610.334116781118,599.0410011635657,601.7997436523438,1282200
2024-09-04,601.0353786463518,607.991862582251,599.6163048632728,607.227783203125,1006000
2024-09-05,606.3744257861225,609.4805317395341,596.669131775653,602.2462158203125,1467600
2024-09-06,602.8515856115094,614.9683796737908,602.8515856115094,606.6622924804688,1868800
2024-09-09,609.8180128767103,617.5088389408733,609.411109450086,615.682861328125,1443300
2024-09-10,615.8812325583491,623.0858083019883,613.5293336098547,619.44384765625,1302900
2024-09-11,617.3301477448822,618.2431061589884,604.2110570781159,613.73779296875,1324100
2024-09-12,611.0087945515775,614.5812826785881,599.5668022980539,609.4705810546875,1397600
2024-09-13,610.5331909753309,612.7177319132787,603.5524056786701,606.8888549804688,1125100
2024-09-16,611.2778767859209,612.1615963580903,603.0062106800214,609.8479614257812,1198100
2024-09-17,608.8847212246635,612.2609287693348,602.7480188493249,606.2135620117188,1333000
2024-09-18,604.8731974354185,610.6126789987154,597.6441622508464,605.8463134765625,1092600
2024-09-19,613.2837515609584,619.3807566410974,607.5243915165206,615.9052734375,1474200
2024-09-20,614.7037355038302,614.7037355038302,603.9397013234956,609.3912353515625,1983100
2024-09-23,611.3275066973059,612.0920716971074,603.5423985887459,606.0745239257812,883200
2024-09-24,606.9285822955948,609.6593189349026,603.5623142198571,607.5938720703125,1361100
2024-09-25,609.5699423722347,609.6096403604372,591.8251234685242,595.5786743164062,1282500
2024-09-26,600.3252011337945,616.1932457079588,600.3252011337945,614.9917602539062,1312800
2024-09-27,615.0513680160034,619.4006922404496,609.7388068430449,610.1161499023438,871000
2024-09-30,608.1995722035302,614.6838594378671,604.7638478723894,614.2369995117188,1041300
2024-10-01,615.6569663713159,615.6569663713159,606.293029784743,608.6464233398438,1169200
2024-10-02,605.7270607136069,612.2510463289608,601.0897901861451,608.427978515625,665400
2024-10-03,605.5880114454073,607.2065983987056,595.151622655991,596.7106323242188,1258200
2024-10-04,598.4087304036012,599.759189393366,592.3514836414131,594.4168701171875,871500
2024-10-07,588.1708638565466,595.0920105995569,588.1708638565466,594.6550903320312,1165800
2024-10-08,594.8536272937104,598.0808609605153,590.5440630450657,591.2788696289062,883500
2024-10-09,589.9484188484931,595.8666926122141,588.9554235557118,595.0524291992188,890900
2024-10-10,592.986882574564,592.986882574564,585.7380302744373,589.6305541992188,1221100
2024-10-11,591.4676451859839,598.1901811325569,590.1469446674814,592.7386474609375,2138200
2024-10-14,596.5815005585775,600.3052321601604,591.0604502616018,599.5604858398438,1006400
2024-10-15,600.7620140218642,606.283064156174,595.1813866079888,596.3134155273438,1290600
2024-10-16,586.1351868616787,592.6194127932664,583.1562018168657,587.4061889648438,1369300
2024-10-17,600.1068019068298,604.1284207210697,592.6890955537893,595.0524291992188,1946100
2024-10-18,595.8268926540292,600.1563368438186,591.3881729389409,597.4951171875,1081600
2024-10-21,593.7017685379649,596.372927392781,587.6742818846777,591.1994018554688,914600
2024-10-22,583.3747932339002,587.0588275786013,580.0681019480146,582.2725830078125,1619600
2024-10-23,570.555127265167,574.636322478317,562.1146691261649,572.4517211914062,2058300
2024-10-24,568.3506950708066,570.8034246312717,553.3564924020992,553.4756469726562,1757500
2024-10-25,556.2361233815002,558.2816909177437,549.4341310081595,550.4966430664062,1090400
2024-10-28,555.3324518395659,555.4516063905477,546.5941079911482,548.66943359375,1116700
2024-10-29,547.1005790228862,549.7319795622542,543.4165455386408,543.9329223632812,1638300
2024-10-30,543.6648603791136,550.8541357762235,542.9201139950327,546.7630004882812,1452200
2024-10-31,544.7173411208806,548.2226426033628,540.6758441508904,542.4930419921875,1472400
2024-11-01,546.1473361498862,560.9131692804567,543.456297456661,554.0118408203125,1459700
2024-11-04,552.7805865944514,555.6404177532177,546.2963591502322,551.5790405273438,815100
2024-11-05,546.554400459911,557.8448103847834,546.385608264853,556.8616943359375,998400
2024-11-06,566.2057877346567,566.2057877346567,545.3528917545167,555.7594604492188,1423100
2024-11-07,561.042203071642,561.9160435639728,550.317868656573,551.9960327148438,1303800
2024-11-08,553.3266556242703,554.6374164657725,545.1543251175813,547.8751220703125,1620400
2024-11-11,545.233831836031,550.049834405287,541.2519113104951,543.0889282226562,1565800
2024-11-12,545.3130972581195,546.30609223941,536.2669275243884,536.9620361328125,1723800
2024-11-13,536.2173500223574,540.9837143454785,534.2313598370894,538.1040649414062,1212200
2024-11-14,536.1180658553192,538.5806742497309,527.9655544614051,529.2862548828125,1764800
2024-11-15,525.691681312748,525.691681312748,508.1156542117502,509.4859924316406,3953000
2024-11-18,507.42044588208734,509.1780664295763,495.1172232648745,497.7784729003906,3162200
2024-11-19,492.71426054300423,507.7184025504601,489.8444900448945,505.5536804199219,3658700
2024-11-20,503.5279883601319,510.25055489705557,499.20848352025666,509.2476806640625,1533900
2024-11-21,510.5186303290719,512.6038957730135,503.9052793996033,512.4847412109375,1956800
2024-11-22,511.0151622352171,513.3784955546581,503.6173665067041,509.6647033691406,1833500
2024-11-25,508.71136859647316,512.7231075182749,505.7919606298871,510.59808349609375,3063500
2024-11-26,510.5980821930918,510.5980821930918,503.71660325866833,509.3865966796875,1748500
2024-11-27,511.79963925506615,525.1554370746875,511.3726585837289,518.005859375,2914100
2024-11-29,519.465514965742,529.4351636334517,519.336420758245,525.9199829101562,2108300
2024-12-02,524.9966099198361,531.0936154066178,522.9112834940255,526.2378540039062,2558600
2024-12-03,526.5356192603944,532.2254614376,524.2418031453465,530.6763916015625,2665200
2024-12-04,528.8195591459407,532.7717210870212,521.16360526845,525.1653442382812,2579700
2024-12-05,523.5169811837105,523.715531722436,514.0537085595967,517.21142578125,2665300
2024-12-06,519.3365419759683,527.5982701460916,518.3435466758231,525.6519775390625,1869700
2024-12-09,525.9795746374075,534.3207576838842,522.9509517172072,533.4667358398438,2106600
2024-12-10,535.7506496387392,538.6005405901235,530.7856743774277,532.0963745117188,1938000
2024-12-11,531.252413776246,536.2472085525638,529.9019548963994,530.6168823242188,1389200
2024-12-12,527.6081249395793,528.1641997939206,520.379091225529,521.3224487304688,2539200
2024-12-13,520.3685093499752,524.7806879888096,513.9092423718832,523.5881958007812,1553500
2024-12-16,524.0352668636014,531.3789087580689,523.4190965091501,526.9369506835938,2595600
2024-12-17,522.7136577470465,532.5814220416305,522.7136577470465,525.5259399414062,2544800
2024-12-18,524.6911864395958,529.9977489896245,512.6670376780887,512.9452514648438,1774300
2024-12-19,515.4692120149866,519.1559837045577,505.67101806313264,513.4519653320312,2235600
2024-12-20,513.4521277319088,523.1310816235994,511.77271581119805,520.7659912109375,2758900
2024-12-23,516.9202665311016,522.9422889027281,516.333997752267,521.9982299804688,1558100
2024-12-24,519.9709060994544,525.6649780273438,519.0268474122196,525.6649780273438,488700
2024-12-26,521.3124329985211,524.0253659852197,520.4181094748817,523.8762817382812,777700
2024-12-27,520.7162800983069,524.9694879879644,519.7225467393406,522.7733154296875,943200
2024-12-30,519.4144720723407,519.6529583649964,512.5378544725401,515.588623046875,1035500
2024-12-31,517.059311315841,521.4515954628719,513.919080162543,516.9698486328125,1262900
2025-01-02,515.9165701479516,522.8031355699324,514.8433817087399,519.2952880859375,1816800
2025-01-03,521.0342762469202,533.4261019818961,519.4641605744976,528.68603515625,1515200
2025-01-06,526.5693672413114,541.9026651997846,525.1980103977321,533.8236083984375,1981800
2025-01-07,536.1390612850222,547.9346718447858,534.9068415782576,542.2306518554688,1839300
2025-01-08,540.9685954769279,544.3473133125667,534.8770048564465,541.51513671875,1837800
2025-01-10,538.3649578435078,553.6684141448748,537.9177657316864,538.9114990234375,2919900
2025-01-13,540.7697349175925,558.79607003624,538.2754548377177,552.0386962890625,2269900
2025-01-14,554.0063254159342,557.8819096216151,547.9246823550615,553.49951171875,2207400
2025-01-15,554.3839020888688,560.2767328951076,540.6505015004994,548.0140380859375,3251300
2025-01-16,547.6662793053226,558.2892904729812,542.9957207683074,558.18994140625,1835500
2025-01-17,558.9352715365195,561.459332363867,555.6062284839995,556.1428833007812,2140100
2025-01-21,560.564938698306,572.758065881511,559.0346112282542,569.4688110351562,2311500
2025-01-22,567.1037265468435,575.938030361397,566.4279951642661,570.9892578125,1702500
2025-01-23,572.3407016064517,573.0462134260016,559.1240609545739,571.24755859375,1246300
2025-01-24,569.7967421200724,573.9505399677838,568.2166795117532,571.2177734375,1156500
2025-01-27,576.0275046079277,580.4297971632463,569.5384567225582,579.9826049804688,1727800
2025-01-28,592.1657701233679,593.2588526259303,575.3815980778617,580.6284790039062,2156800
2025-01-29,571.3470486175789,573.4140311380148,563.1487478070421,564.6691284179688,2884300
2025-01-30,586.8988738186499,607.1412166702696,586.3026580884409,602.937744140625,3349700
2025-01-31,596.1107991321696,601.2583304282724,593.2587893688245,594.0040893554688,2165700
2025-02-03,589.4130649817366,596.6474122087956,585.6666708545434,590.0291748046875,2135600
2025-02-04,581.9203233863432,588.1509900786335,573.2350431938338,576.9317626953125,2097400
2025-02-05,585.9250889412073,586.3921751837674,574.2785624775787,578.73046875,1348800
2025-02-06,578.2931718686503,580.4098286968624,564.8082034099073,569.1210327148438,2034100
2025-02-07,571.1781097082742,573.8611413517756,562.9002935478294,567.8887939453125,1826900
2025-02-10,556.5900052353214,559.8295855452799,540.6008701692197,549.3953857421875,2972000
2025-02-11,547.0402797152643,550.4686720134639,538.5835989305963,541.813232421875,2234300
2025-02-12,535.7116749143387,538.5835178598041,528.8648383868132,534.6284790039062,2062200
2025-02-13,536.6161103748075,536.7949751332773,527.8812144131163,529.30224609375,1915400
2025-02-14,531.7466006099744,534.0918570119119,527.9803736909397,528.5169677734375,1517100
2025-02-18,528.328253268257,529.7095571999461,517.7847568398189,519.81201171875,2969600
2025-02-19,517.9537201718638,529.2624116954738,516.741394475034,527.5333251953125,1965200
2025-02-20,530.4351081657445,539.9749257101043,530.2462963705714,534.459716796875,1967800
2025-02-21,534.9862344188966,539.2195478989303,528.6661053105457,529.212646484375,1613900
2025-02-24,528.4774160995646,540.2134064392727,528.4774160995646,532.1939697265625,1375400
2025-02-25,531.4385822387799,537.8581208603587,528.9741431908496,536.1687622070312,1888700
2025-02-26,538.3351093402072,540.4418190375812,527.6226961415969,529.947998046875,1330500
2025-02-27,526.7779926532884,529.6797375293769,515.8767675776409,519.9510498046875,1539000
2025-02-28,524.949577177084,526.7283379979671,517.3177125018398,525.6452026367188,2229300
2025-03-03,527.592867402702,529.1430889267974,516.3736402647252,520.3585205078125,2330300
2025-03-04,519.7424167055696,521.5609049981987,509.24859534778017,513.3328247070312,2720100
2025-03-05,509.6659685012541,521.6205492351027,508.950448945512,520.9050903320312,1685200
2025-03-06,520.1598037599409,530.6635728831695,518.0729879193724,524.33349609375,1852900
2025-03-07,521.43180376764,529.6400520366295,516.0457852758233,528.3780517578125,1799000
2025-03-10,522.982079136857,532.849845204918,522.0578536364045,523.498779296875,2174000
2025-03-11,521.8889577389913,523.4590736682502,506.21779119670174,510.977783203125,1864100
2025-03-12,513.4520999649609,517.4270334650391,508.60267624265174,509.43743896484375,1412300
2025-03-13,508.7914250941568,513.2433306548782,505.1643047891231,505.7108459472656,1574500
2025-03-14,507.23262234184904,521.0572220166738,505.9496136808998,519.2172241210938,1745600
2025-03-17,519.8934976102917,522.8672632997512,511.87723591106777,516.7506713867188,1670400
2025-03-18,515.8357160551008,519.3067688398913,510.35560480641664,518.6702270507812,1232000
2025-03-19,517.6258930216266,519.6647569607761,510.63401079007116,515.596923828125,1603200
2025-03-20,515.6864287161787,517.8148308597719,510.2759457244409,515.82568359375,1537100
2025-03-21,513.4586058426562,515.7958296548735,507.2325650376006,514.91064453125,2192300
2025-03-24,517.9641041018074,523.941502775427,514.3239904459638,517.0789794921875,1100000
2025-03-25,518.6502824693565,520.4007419237535,508.1476167989185,511.549072265625,1170700
2025-03-26,511.5590238654529,515.1892426172197,508.57533273509824,510.8827209472656,1216100
2025-03-27,511.2009357615283,512.5336912538071,505.3031208964254,508.9034729003906,1249700
2025-03-28,509.8284082020096,510.58429392429184,496.6900981644365,497.44598388671875,1787700
2025-03-31,493.80586515217055,497.90350413155727,481.6422173053945,494.89990234375,2915800
2025-04-01,492.8709532502992,493.8158104308337,478.5988142111688,480.3492736816406,1837600
2025-04-02,477.89264091182577,488.69369622904105,476.99753069331285,486.40618896484375,2068700
2025-04-03,479.2751524862906,483.2733279806021,465.6295996064248,467.4794921875,2813600
2025-04-04,458.98585016825956,461.59162865045,434.84755513101055,435.5338134765625,3894200
2025-04-07,415.5030502811493,450.88004463306294,408.9786491343177,435.4939880371094,4076300
2025-04-08,448.7119099475739,451.66579528641347,411.0871668764966,417.03472900390625,3929200
2025-04-09,412.3801055935969,452.5608777345846,407.6260444351412,451.0888977050781,4597700
2025-04-10,443.97771524094554,446.16578962834444,413.05642104364574,425.12060546875,3902400
2025-04-11,427.65673589669007,438.3384780826871,417.7209543382777,435.7724609375,2657400
2025-04-14,445.56904543677877,448.3936312790061,439.60160286396473,446.8918151855469,2370500
2025-04-15,445.1612625376146,447.82671291162546,436.03108276802067,438.6070251464844,2545900
2025-04-16,438.9352344807088,443.52023540529404,432.99762777962786,434.4198913574219,1823500
2025-04-17,432.18207485483447,433.65402454220805,422.74354956753507,425.1802673339844,3038300
2025-04-21,423.191100948472,424.18567462872693,414.3592818114914,419.5609130859375,2314800
2025-04-22,427.46776133823766,434.63865952201206,424.1956357399511,432.37103271484375,3677800
2025-04-23,454.07262604520594,459.10516671029274,427.08986614171124,429.2978210449219,3492200
2025-04-24,427.6666906281081,430.11333342942595,415.5229542602226,424.3448181152344,3662400
2025-04-25,423.807730616182,424.4044808931008,414.5582075558704,421.93792724609375,2698300
2025-04-28,427.5970648872725,430.5012334551822,414.57809875599315,419.0536804199219,2531600
2025-04-29,419.5311059194328,428.00486333080147,416.5374292235089,425.2101135253906,2437300
2025-04-30,425.32946899098005,426.9804651004269,420.6947515552521,426.6721496582031,2944300
2025-05-01,423.5491482134579,426.54282481186425,413.1260350929134,417.611572265625,2771900
2025-05-02,426.14502529742435,429.09891061430557,420.127866117695,421.251708984375,2492400
2025-05-05,420.1079371364233,422.67395435482456,415.5925639073785,419.9786376953125,2637200
2025-05-06,417.17397628672404,421.26165987640826,404.29423393806405,404.8114013671875,4070200
2025-05-07,407.16852326543085,411.1070264414121,402.37467096296064,405.6368713378906,2959400
2025-05-08,404.86113483982496,413.4940275164874,400.6242410448812,408.5509948730469,3013600
2025-05-09,408.37194063334476,410.25166902061295,399.5699578925104,400.9424743652344,2318700
2025-05-12,408.90902800934055,430.38186962705834,407.476839514747,430.24261474609375,3716400
2025-05-13,428.8402859588853,432.61968427658337,424.9813350990797,426.6224060058594,2726900
2025-05-14,427.6269105930713,428.21370544898235,403.5781251907027,403.8466491699219,3201100
2025-05-15,401.24083607404594,404.8312626954465,388.38100620058594,402.7326965332031,4129600
2025-05-16,402.80237775823554,410.3909804967635,399.4904604515403,409.8240661621094,2498200
2025-05-19,406.01482353874735,411.823130176632,405.05008585690814,411.6739501953125,1665000
2025-05-20,410.41084563372,413.1459234046792,407.66584276475936,411.5048828125,2142000
2025-05-21,407.0989382451596,410.42081095738445,395.20381423623104,396.11883544921875,2965800
2025-05-22,392.50847304657594,399.5599963698506,391.6730348480474,398.3068542480469,2891400
2025-05-23,391.6432087271811,394.1893148303084,388.54014381099347,391.52386474609375,2318100
2025-05-27,399.7589499085808,405.5374205979555,398.32676137211814,401.3601989746094,2705700
2025-05-28,401.6486495834292,403.9560679106036,398.21738844232857,399.94793701171875,1931400
2025-05-29,400.86286838600876,405.1594335265204,399.2417389498776,401.55908203125,2499300
2025-05-30,399.53019319913244,403.239964033073,395.16403043183294,400.6341857910156,2521300
2025-06-02,397.96873284837716,398.33672025917525,390.55914668054015,394.3186340332031,2584000
2025-06-03,392.9262133618019,400.2164247532973,389.156770785659,397.75982666015625,3204100
2025-06-04,400.33580638998217,406.2634876670586,400.0076104143499,401.4696350097656,2280700
2025-06-05,402.5337932120219,403.04100512021586,394.5970847767565,396.1983337402344,2504000
2025-06-06,398.3864825018601,404.39371680673,398.3864825018601,399.7192077636719,2630000
2025-06-09,402.9813435940194,410.3710185175192,399.3412003984592,406.31317138671875,2164000
2025-06-10,409.17756785455856,417.6911162629317,404.52297024242546,412.29058837890625,2573800
2025-06-11,413.58353613371185,422.2065037254476,411.0374298137306,412.89727783203125,3062700
2025-06-12,411.73364369133503,414.54827399249456,407.6857213255705,413.0762939453125,2067600
2025-06-13,408.56622085021644,411.51320171368053,399.8049132524849,400.98968505859375,2385800
2025-06-16,405.09154472213135,405.09154472213135,395.45410090854176,403.2994384765625,1973200
2025-06-17,398.24179467690124,401.78614421885067,388.1463505977917,388.54461669921875,3040400
2025-06-18,388.54462495913145,394.0403509044665,383.76570509135286,390.8345031738281,2884300
2025-06-20,391.1630470317176,396.15100466659226,388.78353781163776,396.131103515625,3812600
2025-06-23,393.3932092299978,398.8391670365749,391.27256679289997,398.45086669921875,2486100
2025-06-24,400.0338794525812,404.3747309100129,397.42540050107016,402.59259033203125,2083000
2025-06-25,400.45203228894314,413.1758562367519,396.33021518725434,408.844970703125,3100800
2025-06-26,407.73988640446686,413.4845135859441,407.48101950480384,410.30853271484375,2927700
2025-06-27,410.5872675370812,412.5784764294855,405.16124153534133,406.4853820800781,3923100
2025-06-30,406.04733900115593,411.46342995674416,399.6854419927874,403.67779541015625,3919100
2025-07-01,404.5041625574494,427.2138988697473,403.0704896405893,419.617431640625,2603000
2025-07-02,423.13191311308395,428.5679051835976,419.89619848339566,425.8797912597656,2669300
2025-07-03,426.7360003987082,430.9971864880066,424.2071564348559,427.44287109375,1359300
2025-07-07,424.6850559798366,427.4329341412395,413.59403757373616,416.859619140625,2497200
2025-07-08,416.7401185492557,431.2361480327313,416.7401185492557,424.2967834472656,2620900
2025-07-09,420.34423356847566,427.5026323799527,410.0695877994163,418.034423828125,2735100
2025-07-10,418.9802222443005,436.5626011034057,416.4812756465521,428.83673095703125,2932800
2025-07-11,428.3588253181236,434.4021517726843,423.77903865697743,432.94854736328125,2511400
2025-07-14,427.11434470399047,428.60775150365475,420.18494566091107,423.4704284667969,2819300
2025-07-15,426.5568202880621,427.1143564112104,415.3662347518771,416.1527404785156,2090500
2025-07-16,416.471342181991,418.70148667968266,411.9612547284099,414.4801330566406,2762300
2025-07-17,413.17588574255814,425.1231402700538,411.47341047975306,423.1120300292969,2494600
2025-07-18,424.04788720554984,426.0291304621304,409.60165601080666,412.9269714355469,2652500
2025-07-21,413.11614037669904,413.1758742169951,401.587023064545,403.16009521484375,2733800
2025-07-22,404.5240577211121,427.1043602522333,403.3691528672138,425.7403869628906,3674200
2025-07-23,471.17979706413337,485.78529811621866,463.5036644658281,464.6585693359375,8928300
2025-07-24,464.6187773512253,482.4699592040056,462.99593711307455,472.9420166015625,6234000
2025-07-25,477.8702363350267,481.4743195938841,472.32471223925745,476.217529296875,4205500
2025-07-28,473.3502248592454,484.96891282462497,472.7827229795027,482.828369140625,3412200
2025-07-29,480.1203149246806,486.3727101069574,478.29837201829264,480.0406799316406,3164200
2025-07-30,481.85266046525084,482.7486984080983,471.5680493151979,475.1820983886719,2583500
2025-07-31,468.7106780748495,481.74313713309067,464.6884274494438,465.6242980957031,3413900
2025-08-01,459.0035553959749,462.0600685960686,449.46567736426647,461.0047302246094,2756900
2025-08-04,458.07763327207005,465.7139027180894,454.5332837079275,464.5191955566406,2092800
2025-08-05,464.92740914675124,467.8046904068158,462.7968008923794,464.369873046875,1992300
2025-08-06,463.18508018684986,464.44948693027317,444.31836325892255,446.9666748046875,2539300
2025-08-07,452.8606175728914,455.0808263953543,449.1868651698087,452.74114990234375,1490100
2025-08-08,451.4966541135795,459.6904897078882,449.4556771362911,458.69488525390625,1689900
2025-08-11,459.7602056925304,465.64423187121866,457.31099677239723,460.3575744628906,1706700
2025-08-12,458.8840794989511,476.08812425948474,458.8840794989511,475.3115539550781,2104200
2025-08-13,478.32823295947037,484.8394949587537,476.6157919878479,482.65911865234375,2054800
2025-08-14,478.6269023966298,483.7642253140485,477.1334956316862,482.90802001953125,1955200
2025-08-15,484.5905881459299,489.3893787338506,483.8637859245077,486.8605651855469,2462500
2025-08-18,487.9756150592309,491.07193032178407,484.99876746960194,485.3970031738281,2211100
2025-08-19,488.7621919154974,498.7281726546881,487.73672045931374,496.09979248046875,2578500
2025-08-20,496.5776561981426,498.17062950906234,490.594093685297,492.63507080078125,2351500
2025-08-21,490.27547613191166,492.60518698606336,480.6878000583471,481.6336364746094,1360600
2025-08-22,485.38704371634816,500.1817418689954,484.7498726579907,497.7922668457031,1778400
2025-08-25,497.0555335349473,497.3840696425825,487.0297891919521,488.5928955078125,1044300
2025-08-26,487.93576374754815,489.35947076794133,484.5905474996227,486.3328552246094,1341600
2025-08-27,484.49101582584603,488.82190141611795,480.85706552906623,485.9744567871094,1294800
2025-08-28,485.5065011486022,488.9811813196768,481.26524687694945,487.5873107910156,1407700
2025-08-29,487.7864505585654,492.1073702600548,483.7841315756447,490.5542297363281,1228200
2025-09-02,487.15922921528926,490.5343430110453,476.9244163019139,485.3870544433594,1303800
2025-09-03,484.8892762042237,487.3882533135803,479.41345125338376,482.420166015625,1219100
2025-09-04,479.96100690559814,488.10507485646167,469.5370265119665,487.33843994140625,1404200
2025-09-05,487.8462061527427,499.7934601809731,486.9700693293223,490.4347839355469,1442600
2025-09-08,485.6259984409625,487.9159070324083,478.83599880862306,485.50653076171875,2223700
2025-09-09,484.3416989970369,487.8362502099358,479.4034786898381,480.2895812988281,1505900
2025-09-10,479.0051979328651,483.68455090169675,473.5493051083267,474.4453430175781,1442700
2025-09-11,478.4675864925018,489.8374029957914,478.2485522920849,489.25,1509800
2025-09-12,486.4623144279852,489.10069073711435,477.3525390625,477.3525390625,1543200
2025-09-15,477.1034024307457,481.24883855250744,469.0915484641335,472.79852294921875,1663500
2025-09-16,468.6232412469149,482.89310409959177,468.4040104060518,479.05657958984375,1799800
2025-09-17,481.26876263855536,484.8661369577249,467.49718061291645,470.98492431640625,1947500
2025-09-18,475.47913347250113,480.57125533893634,471.3735655519528,479.4153137207031,1576400
2025-09-19,481.59763454987075,486.28115794999906,476.3460694535365,477.9006042480469,4244100
2025-09-22,473.81496494308306,480.05302286228977,469.0915428968916,473.32666015625,2352200
2025-09-23,469.4702392073468,473.90466847581996,465.64368967009693,468.10504150390625,3244900
2025-09-24,466.2614891200772,469.6794705553036,461.30889198324905,466.36114501953125,2409600
2025-09-25,465.37466854388254,467.1185405229018,455.8082790339768,457.6119384765625,3229300
2025-09-26,459.4454618413816,464.1090661612626,458.6980881845784,462.61431884765625,1886400
2025-09-29,465.20523752207316,465.7134613589709,455.0708673900626,460.42205810546875,3018300
2025-09-30,462.4947274573931,484.5472369044874,458.3891598479469,483.321533203125,4363900
2025-10-01,485.29461398335684,533.0269011657302,485.2348265253739,528.8714599609375,6092700
2025-10-02,523.8690777331809,538.0093892762576,521.1685457818879,523.1217041015625,3262000
2025-10-03,523.5202895316507,543.5299907913324,523.5202895316507,541.4174194335938,3048500
2025-10-06,538.1090468585494,543.9485119180574,534.5814650026342,542.0452270507812,2560100
2025-10-07,540.7796398256835,547.5159774382935,536.4548716661053,537.2819213867188,1870800
2025-10-08,536.2455256349574,547.3365543167778,533.7542803932441,534.3123168945312,2153200
2025-10-09,531.8709674326698,535.6875727688455,526.9881624894256,532.8076782226562,1830700
2025-10-10,532.9571249206876,536.0462448706025,521.8162828536318,522.9622192382812,1415800
2025-10-13,525.6827238420082,528.9711557327298,522.0554558023747,522.7430419921875,1686600
2025-10-14,519.913003762514,527.9945902299548,517.6310445931362,523.9887084960938,1601000
2025-10-15,523.0718885876294,530.5456257332694,520.5906175867054,526.0215454101562,1430400
2025-10-16,542.4537421064008,542.6928919414528,532.289448366732,534.9003295898438,2115900
2025-10-17,532.289434865941,538.9759594715516,530.1370255836433,537.0327758789062,2010200
2025-10-20,539.1055262604128,548.5324211291816,538.1090280603012,541.9356079101562,1665200
2025-10-21,557.1222816761845,566.3996783344342,551.8009540397278,556.0360717773438,3932400
2025-10-22,553.5547647397156,569.2894498381341,548.9509477996735,565.2138061523438,3461200
2025-10-23,565.9113807037411,576.2151385523869,560.4106908989389,569.9072875976562,1979300
2025-10-24,572.1394856733266,573.8036206949616,567.7947071465733,570.4952392578125,1655700
2025-10-27,570.08668376764,570.6646089340078,559.0753299663479,561.8057861328125,1563600
2025-10-28,562.1545455570948,563.669242313927,553.6245232291374,555.6773071289062,992700
2025-10-29,556.3549194335938,569.5684955778553,553.116300214762,556.3549194335938,1953600
2025-10-30,549.6683998358313,563.6492992096414,549.6683998358313,554.272216796875,1315100
2025-10-31,549.9872781829062,567.9242460656288,549.9374654364058,565.4031372070312,1872200
2025-11-03,561.6860961512436,563.7189912149453,552.2592629860561,562.90185546875,1835000
2025-11-04,556.4545808325267,567.3064617585286,555.0495450114308,563.2606811523438,1636000
2025-11-05,558.3877715275247,568.1634169528783,552.2593437667624,565.6522827148438,1682900
2025-11-06,560.899012686935,568.8610246483403,557.3913190865579,563.9981079101562,1277800
2025-11-07,564.8849997966121,575.3282827644017,561.3274934830201,570.4055786132812,2264000
2025-11-10,570.365621998779,581.6160638368424,566.3696548207239,574.3316650390625,1380300
2025-11-11,573.9332090915167,585.5324639217233,572.8071611447574,584.436279296875,1377700
2025-11-12,582.2439575606347,589.099870586098,579.9619983973627,585.9609375,1504200
2025-11-13,584.0475758544949,596.4241273993302,576.2250892439123,578.0985107421875,2745400
2025-11-14,576.1652731739829,582.2837864693901,570.9934452942204,576.6834716796875,1318000
2025-11-17,573.6342718692099,577.7597286151627,564.6059996860362,565.1739501953125,1624400
2025-11-18,560.878919184646,576.1950897862829,554.5113426869723,574.0128173828125,1916000
2025-11-19,572.6078723725507,572.6078723725507,565.2238464202994,571.78076171875,1247900
2025-11-20,571.3422243108902,578.4173980939514,566.4693942888185,570.734375,1167800
2025-11-21,570.9935148845664,587.7844865870683,567.555583651604,585.4227905273438,1933500
2025-11-24,584.3964354471038,585.8612587419061,577.0721365088058,584.0177612304688,1803100
2025-11-25,580.1613074352405,600.2108478475262,579.7626837969675,595.686767578125,1803400
2025-11-26,591.351847707208,594.4609168478949,585.1337094258342,591.1724853515625,2059900
2025-11-28,587.1267757213949,591.9199296209907,585.8911276872839,588.7610473632812,746000
2025-12-01,592.7669361322497,595.5870430977013,580.7093321148902,583.1009521484375,1754200
2025-12-02,579.9021559326427,582.4033761072164,575.9361126211068,578.337646484375,1918100
2025-12-03,579.254443900783,586.0505692415226,577.9789577722097,578.4174194335938,1186600
2025-12-04,577.0023528508059,578.4173631934698,558.1983768090956,573.2255859375,1961600
2025-12-05,575.9759482469802,577.0621580249963,567.6252886298656,570.7642822265625,1873700
2025-12-08,568.801172210518,572.5280658245031,564.0279676290842,566.2202758789062,1412100
2025-12-09,571.9900471950136,573.2356701200899,559.9423555022461,561.0983276367188,1416000
2025-12-10,561.0284556300335,572.4483462673435,561.0284556300335,571.8005981445312,1275600
2025-12-11,574.6007577605714,577.0521651026089,568.8410300869921,576.872802734375,1226400
2025-12-12,575.8265038806164,577.0322886890814,568.1933538555389,570.2760620117188,1576500
2025-12-15,572.6493996080288,574.7536380448886,564.1129636341121,574.3247680664062,1702200
2025-12-16,569.268757997227,573.2776513344335,559.4558163618459,568.590576171875,2015300
2025-12-17,565.9778701551066,571.4128816444756,559.9445344640588,561.0115966796875,2301800
2025-12-18,560.9019344731273,567.842738933923,553.003750387631,560.8421020507812,2287300
2025-12-19,560.1339931024621,568.3014529209424,557.391562356988,566.26708984375,3862600
2025-12-22,567.2643920982675,574.5642521270536,564.1928523242923,574.115478515625,1108400
2025-12-23,573.8062252378155,578.9619775148747,572.1208746115303,578.3436889648438,732000
2025-12-24,577.0273771975133,578.2141042263368,574.7437022016458,577.5260009765625,401000
2025-12-26,577.2068169874045,579.5702885954184,575.2721544826215,579.1414794921875,466100
2025-12-29,578.5232074907602,583.6889421711625,578.5232074907602,583.4595947265625,1042800
2025-12-30,580.6474069343342,582.8413637969131,578.2440670336842,581.8441162109375,665000
2025-12-31,582.1033868225619,583.998120639128,577.406328970058,577.8551025390625,739300
2026-01-02,577.9049501405278,592.0758596135282,575.4118312874626,590.879150390625,2052300
2026-01-05,592.1356831174649,609.767012076866,590.8791414956901,609.5177001953125,2488100
2026-01-06,604.3918521995294,626.3512628908369,604.3918521995294,619.011474609375,2554800
2026-01-07,616.9970153340263,625.0448096358317,613.0279290557575,615.4512939453125,2404300
2026-01-08,611.1731071292936,621.6442062028876,602.3275264003065,604.8306274414062,3147700
2026-01-09,606.9348286242534,620.6869115617121,602.8860059270435,617.1566162109375,2286500
2026-01-12,619.2707900116027,623.070300901264,604.9403469883572,613.7560424804688,3184800
2026-01-13,611.6318725690661,618.5128441201335,592.66420475573,605.4090576171875,2847700
2026-01-14,606.9547892312286,621.0059733104453,605.4289712433671,620.1184692382812,2460400
2026-01-15,618.2634922830109,628.1362667030099,616.9072503154247,622.9306640625,2541500
2026-01-16,622.3722430526997,627.9966729105155,617.0070464264668,617.0169677734375,2881000
2026-01-20,607.8223794747709,619.1411147785036,604.3320130626927,617.3062133789062,3108800
2026-01-21,620.5771365084446,636.2239525117558,618.5627379103096,634.548583984375,3182400
2026-01-22,635.6356139414609,642.2174232531112,633.062698286692,637.68994140625,2621700
2026-01-23,635.9248278723476,637.440663667535,620.9661142108778,624.2570190429688,2847400
2026-01-26,623.6188184409041,631.9059432628927,621.5145798218637,624.895263671875,1758300
2026-01-27,619.9090130261933,627.5878312833997,616.2989817886488,622.1926879882812,1638200
2026-01-28,616.9372610736172,618.8918273867575,604.6511635127767,606.3464965820312,2338100
2026-01-29,584.1876104372412,594.7085600571559,570.6350501369191,590.5300903320312,3950400
2026-01-30,580.1288025316213,584.337218877985,572.6494458454124,577.0173950195312,3760700
2026-02-02,574.3148631797284,582.4922440370174,571.7319653570659,580.168701171875,1778800
2026-02-03,578.4035703139763,587.2291866520759,564.8509495314488,568.5208740234375,2249800
2026-02-04,569.9369100981613,574.6937999973661,561.3705275676544,563.6641845703125,2740600
2026-02-05,562.1783001571815,565.2698038530154,539.8499754290091,540.8671264648438,3224900
2026-02-06,541.7447211575371,544.7564280794475,535.5717567092878,541.3358764648438,2959400
2026-02-09,539.7103721196526,547.2894289545912,535.5319025597358,545.2550659179688,2107600
2026-02-10,547.8977432190254,549.4335433829423,536.0704020232689,538.314208984375,2022100
2026-02-11,536.279872883465,537.9053913219504,520.9122534604171,525.718994140625,3367600
2026-02-12,525.3599740093974,525.5494534766466,492.2812901569073,508.416748046875,4742000
2026-02-13,513.0339790740526,518.9177026951016,502.86204258846993,503.43048095703125,3188300
2026-02-17,501.2066286259055,505.7540748933171,496.78882940577734,500.2093811035156,3775400
2026-02-18,499.14224794131786,512.744686386139,497.0480527890877,512.1463623046875,2662300
2026-02-19,508.59624589708244,514.0910895865984,502.61276065123445,513.7021484375,1776100
2026-02-20,509.28435196820516,513.4628216228203,505.1158645278008,509.523681640625,1362500
2026-02-23,506.61170465680357,517.4916479379624,504.4077658025024,515.0184936523438,1618300
2026-02-24,514.5896916930066,520.1942177679625,511.7974108692637,514.1807861328125,1314400
2026-02-25,517.5714158747253,517.5714158747253,509.8527305096733,512.2660522460938,1480700
2026-02-26,514.6694787982129,519.2268462192778,508.6759812703511,518.6883544921875,1551100
2026-02-27,514.3104624602669,519.8452350885241,508.0776956702786,519.6756591796875,2031100
2026-03-02,510.60072748750383,512.2860782806117,500.9274140852619,507.1801452636719,2050800
2026-03-03,500.1296194675162,509.3142607150158,492.01200994964114,506.70147705078125,2211500
2026-03-04,508.5962104607512,516.2251779645246,507.549112789116,511.27880859375,1679200
2026-03-05,501.7949961350797,519.1471272028797,500.6182513741556,517.4119262695312,3283700
2026-03-06,509.912618965401,512.9641940001735,498.6237695194222,500.5883483886719,1637000
2026-03-09,494.85416141305495,509.194585498933,490.77542274272645,508.5663146972656,2210500
2026-03-10,507.59898291417124,508.5363980088562,496.56942788121364,498.7035217285156,1864700
2026-03-11,498.02542400939535,499.9201882814751,489.7781976669363,494.3555603027344,1627400
2026-03-12,489.6485346509714,490.25684103294924,472.69532673026566,474.58013916015625,2516300
2026-03-13,478.0839283746173,480.7292408661607,462.9906438170065,463.5496520996094,3018600
2026-03-16,470.23782532457267,473.66175865011013,466.41457425937693,469.1697082519531,2995700
2026-03-17,474.67994190259185,480.1402798939266,470.5971708963115,471.8749084472656,2794900
2026-03-18,467.9518505270609,469.65882110573955,461.21377509875157,463.86907958984375,2419800
2026-03-19,460.4052246914525,470.1579543544494,457.53030753331893,469.37933349609375,1843800
2026-03-20,468.2413622771683,476.0874624136675,468.2313701944959,473.5519714355469,2285000
2026-03-23,483.44443536032315,487.06802756589786,474.7897686284794,477.2753601074219,1913200
2026-03-24,472.03464897081074,494.9141731624137,469.1697238292741,489.42388916015625,2241300
2026-03-25,494.5348329280156,499.0668212824252,482.1068143953998,489.90301513671875,1729500
2026-03-26,488.88482367444874,495.383333069827,484.9617735951405,487.9864196777344,1301900
2026-03-27,488.75505890482,489.8830675820995,470.9964772271876,472.5237731933594,1677800
2026-03-30,477.5848015694024,482.72569752239275,473.3223558887028,479.2019348144531,1819600
2026-03-31,486.8883609397599,493.4866693634566,478.8126560561838,490.66168212890625,2272000
2026-04-01,495.423221376933,500.1648299995834,490.9910626694044,493.6663513183594,1505100
2026-04-02,486.0797927024788,505.92467832270376,484.25300845141436,490.591796875,1696200
2026-04-06,491.1308733319539,492.4685025427056,479.10217205471787,487.3276062011719,1473700
2026-04-07,484.38280008578016,489.48378896755304,479.15206644216033,488.6352844238281,1287600
2026-04-08,501.11317490047054,506.38384611912403,498.8471960127608,502.5705871582031,1507900
2026-04-09,497.7291592661103,504.45727334497377,489.38394235759546,499.5758972167969,1491000
2026-04-10,499.2265153372122,502.92998336521345,494.93412369386743,495.23358154296875,1308700
2026-04-13,494.08558687364695,514.7390684751042,491.17076245403223,513.321533203125,1828900
2026-04-14,515.427851079741,529.0636922648048,513.0919581586975,526.28857421875,2572100
2026-04-15,527.9456637530069,531.9186130248627,523.83294718834,530.730712890625,2003600
2026-04-16,526.4483410298045,529.562824397124,513.3914309576833,515.0884399414062,1375100
2026-04-17,522.1859135893823,529.1436327936053,517.0849550071432,525.6697387695312,1988100
2026-04-20,521.9063922535425,527.8858006476083,520.219375348883,525.0907592773438,1437500
2026-04-21,528.9339354682744,537.4588269104036,522.0261772865101,523.643310546875,2141400
2026-04-22,525.689644682496,529.0536862155977,513.0719604492188,513.0719604492188,1801700
2026-04-23,471.8150198874224,475.5484335936513,454.7951522612701,465.87554931640625,5729400
2026-04-24,468.32121021901673,474.16088191001023,463.839151841546,468.8802185058594,2684400
2026-04-27,461.8426647604969,474.3704816436037,461.1838270661911,467.2131652832031,2280000
2026-04-28,471.15620553586933,472.1843847909402,463.3001130048421,469.38934326171875,2243000
2026-04-29,466.4245817038006,474.1608909776464,461.43341443035166,465.43634033203125,1387200
2026-04-30,463.40990258797234,479.13207864947543,460.18559773669364,478.1138610839844,2161200
2026-05-01,479.1520508553033,480.9788046451756,467.27307902058226,468.381103515625,1425400
2026-05-04,466.15507384164056,469.5590536084692,461.09402286944373,461.7828063964844,1815700
2026-05-05,463.9489196520781,475.6282624489053,458.82800797349864,465.9354248046875,2045900
2026-05-06,470.32765562504477,476.5766065002718,465.7757137269218,472.114501953125,1861500
2026-05-07,472.52376330265497,479.45150576594614,467.45275086616624,473.621826171875,2533600
2026-05-08,472.6535506665867,472.6535506665867,455.55380664287554,464.1785583496094,3905600
2026-05-11,464.03879774065894,465.9654114963703,447.0888128620516,451.80047607421875,3952900
2026-05-12,453.53738750131834,462.2819223774266,452.05002939120743,458.4886169433594,3055700
2026-05-13,454.3758954238346,462.58137561879204,443.73472316861563,445.2420654296875,2801200
2026-05-14,447.4181823730469,458.3688039575035,445.2619945797255,447.4181823730469,2100300
2026-05-15,443.2356019498256,444.1639822032724,436.5474561666272,437.5656433105469,2037800
2026-05-18,437.6654686628339,443.65486925893475,434.50105527721394,441.21917724609375,1908500
2026-05-19,441.21918696390134,454.1962218746043,439.2327121374827,447.0189208984375,3418500
2026-05-20,448.29663992284475,451.4410690820036,437.8850727334152,450.99188232421875,2851600
2026-05-21,450.10343725202114,450.9120038748286,440.3407157473216,448.5761413574219,2012700
2026-05-22,446.01067122706445,453.65714273171955,443.62490924060586,447.4880676269531,1686100
2026-05-26,446.5696859173163,449.4545951092615,442.8263106110204,447.38824462890625,1942600
2026-05-27,449.1351481754525,456.5919529222944,446.64955674772716,455.404052734375,2958600
2026-05-28,460.43516055990443,490.14259660261416,460.41520685861565,486.3592834472656,4372700
2026-05-29,481.3182236603384,498.11847878944405,480.1802229339308,491.63995361328125,4184100
2026-06-01,488.96468204749954,495.4033000465392,482.6458776530769,493.1672668457031,3194400
2026-06-02,488.55542328995426,491.0909142920592,475.66822593232513,481.2283630371094,1774500
2026-06-03,468.48094455562295,474.9395162862893,468.2812856773546,473.1127624511719,1938900
2026-06-04,481.2782962342167,487.78676733575816,475.23896560721386,481.178466796875,2241900
2026-06-05,483.36459133996505,485.93005855916306,468.7903772100323,471.9647521972656,1728100
2026-06-08,471.9647368052956,475.5783672834096,468.0816247412112,468.80035400390625,1939500
2026-06-09,472.64358165013164,493.4866703545295,472.5537442958843,493.19720458984375,2791000
2026-06-10,490.96112928756696,493.01751815822166,481.0586708262058,481.1884460449219,2051000
2026-06-11,483.125011338076,483.38453130648196,465.97533839359846,474.8197021484375,1776600
2026-06-12,477.3951665964001,481.06868893109953,466.8039240656109,468.5108947753906,2389700
2026-06-15,469.91981000055034,475.9751661899055,468.14117452734376,473.357177734375,1873600
2026-06-16,473.6369511736834,477.0743188284887,470.22955932133624,472.26800537109375,1517100
2026-06-17,467.5316588974032,471.7883754383714,457.28950934586993,461.3363952636719,2042500
2026-06-18,461.276421904047,467.581586354504,458.6484314590977,464.2541198730469,3358500
2026-06-22,461.2764201288509,467.99127417551176,458.55850228867376,463.65460205078125,1524600
2026-06-23,469.53010396038275,470.7591423296988,459.77756984165524,468.9905090332031,1824600
2026-06-24,477.753795578629,492.6224036343322,473.13733898753816,491.8230285644531,2125200
2026-06-25,492.4025730301179,515.5648423827341,492.1127866060057,505.3626403808594,2975400
2026-06-26,509.3395942285626,514.405687795323,499.1773703042581,512.6370849609375,4570100
2026-06-29,511.27811391731206,511.27811391731206,501.0559383252653,506.0321350097656,2076300
2026-06-30,507.9306738041277,507.9906254092663,494.72079807432937,500.9759826660156,2423600
2026-07-01,504.39335924505644,520.7707893606104,502.48481856271667,512.9368286132812,2220000
2026-07-02,518.2927008629696,528.7447107605508,511.58784906777277,523.0390625,2321800
2026-07-06,519.6017385115109,519.6017385115109,506.4418118321442,517.2035522460938,1857600
2026-07-07,524.5978906470965,526.9660705315165,513.0267429537835,516.2243041992188,1366600
2026-07-08,510.4587380905805,512.5671378655516,506.6116807669805,509.7392883300781,2021600
2026-07-09,509.5994082786255,524.4480129320328,506.5917342593164,524.3081665039062,1383900
2026-07-10,525.0975006679068,532.6717119502988,522.1996974867458,526.6463012695312,1233000
2026-07-13,523.7985280725272,534.3204314447087,521.3703965251007,528.105224609375,1168700
2026-07-14,524.607891427862,537.4080774879525,522.9491287099991,533.6609497070312,2122400
2026-07-15,536.828523595347,539.9561312392855,533.4211621145311,534.8800048828125,2108100
2026-07-16,535.8392995491383,544.033031572094,531.6025566171427,542.7739868164062,1895600
2026-07-17,538.6870682871117,541.6048757132024,531.2128168828591,532.0721435546875,1476000
2026-07-20,530.1636068236744,532.1420706875609,522.1597324820899,525.826904296875,1590900
2026-07-21,506.7115969830482,525.976828404273,494.6608366813825,523.05908203125,3525000
2026-07-22,524.3181051084015,528.4049995481696,517.203562958953,526.0568237304688,2334500
2026-07-23,573.2405965361229,587.040016665325,568.4043377690887,571.8816528320312,5806200
2026-07-24,569.5634256074837,573.5603619275363,555.4841905851991,567.8247680664062,2939400
2026-07-27,564.5672828759488,567.9146928126806,555.5841778145286,559.1015014648438,1962000
2026-07-28,571.5619102741547,588.1092246775204,568.5442037490734,575.968505859375,3034300
2026-07-29,578.2667703086897,584.0922610221459,570.7625126886966,576.0184936523438,2546800
2026-07-30,566.9354225310313,576.6080008925428,559.9907336311976,576.3282470703125,2264700
2026-07-31,572.9608333625465,577.1476265059064,562.4388694553514,573.860107421875,2112900
2026-08-03,575.5588550148498,583.1930183540014,572.3113441141583,573.5903930664062,1588900
2026-08-04,578.3167229963383,581.8639917648527,562.0691671789405,564.3174438476562,1941800
2026-08-05,567.4950092877316,577.5573038903824,563.9677446647958,577.387451171875,1552800
2026-08-06,576.358179321503,579.8655005432962,569.1936883656758,579.5757446289062,1719400
2026-08-07,577.5572986538563,593.804854564444,574.3297920894341,593.5450439453125,2206600
2026-08-10,588.0792869271896,599.230712890625,588.0792869271896,599.230712890625,1862600
2026-08-11,599.5304485724977,605.7457162917646,594.3544233336429,604.53662109375,1656100
2026-08-12,598.7510794042396,603.727245642681,594.5442819408979,602.5481567382812,1531600
2026-08-13,605.8255912954262,606.2852609150694,592.9355086205601,595.43359375,1448300
2026-08-14,591.6564981479607,594.2844887537145,587.0600456069249,587.8394165039062,1057600
2026-08-17,582.1038294957783,591.8663664497922,579.5557946651911,585.0615844726562,887300
2026-08-18,588.4189534396463,591.7663631305297,584.412015118562,588.5888061523438,1721600
2026-08-19,594.6541911969248,620.0047554597119,594.5442900830352,613.070068359375,2507200
2026-08-20,609.3828804890929,634.2138840188908,606.9047994821182,627.0693359375,2750100
2026-08-21,626.0001228935739,629.0278313141936,615.7979823609566,628.7880249023438,1556000
2026-08-24,629.5174675447973,629.5174675447973,615.4981841915464,628.2584228515625,1727100
2026-08-25,630.5266789838539,646.5044214656405,617.5566407093802,627.6688842773438,1535300
2026-08-26,621.7534213442552,635.5728461755403,621.7534213442552,633.2246704101562,1843000
2026-08-27,628.9878196084439,636.6419864806554,625.8502710853852,630.2169189453125,1466900
2026-08-28,626.1000843647329,629.5174477184507,616.9770726639629,621.7034301757812,1016600
2026-08-31,613.9094319437888,620.2445417851866,609.8824893729068,616.6273193359375,1429100
2026-09-01,618.525868742194,620.5243368156745,599.0608092227843,600.0400390625,1385000
2026-09-02,601.1692325928501,614.1292699431617,600.2399521735244,608.0739135742188,1617000
2026-09-03,613.5597056537806,622.4328478022663,603.0577461558072,617.956298828125,1804900
2026-09-04,608.1139069943098,615.2683963311696,605.0662551802783,613.3099365234375,1228900
2026-09-08,601.7387872232895,607.6342318202989,595.3636687861573,602.5581665039062,2695300
2026-09-09,601.4689444323894,609.0431556085776,596.8524880001972,605.22607421875,1962400
2026-09-10,596.0131348061944,606.1653874234307,594.3644351329852,602.718017578125,1545800
2026-09-11,609.4928126752635,614.7687366551064,605.6857334493773,609.3529052734375,1787000
2026-09-14,614.4690207465026,615.5282064544365,605.1861579004441,613.1500244140625,1271100
2026-09-15,615.469970703125,641.969970703125,613.9500122070312,641.3900146484375,3022500
2026-09-16,642.0,653.4000244140625,638.0,648.4299926757812,2880000
2026-09-17,656.75,663.5700073242188,649.0,658.3200073242188,4199600
2026-09-18,656.6099853515625,660.0999755859375,646.8099975585938,651.4500122070312,4579500
2026-09-21,653.8900146484375,660.4400024414062,649.1199951171875,658.760009765625,2303800
