Date,Open,High,Low,Close,Volume
2021-09-22,341.9200134277344,349.9200134277344,340.2229919433594,349.0,1435500
2021-09-23,351.8800048828125,352.3580017089844,344.79998779296875,348.989990234375,972500
2021-09-24,346.3900146484375,347.4599914550781,336.3599853515625,343.2099914550781,1211000
2021-09-27,338.4599914550781,345.4100036621094,338.4599914550781,345.1199951171875,1307600
2021-09-28,339.75,343.2099914550781,321.95001220703125,322.1499938964844,2854700
2021-09-29,326.20001220703125,328.45001220703125,311.80499267578125,312.79998779296875,2526800
2021-09-30,315.3999938964844,321.1400146484375,311.17999267578125,319.04998779296875,1911900
2021-10-01,319.75,326.45001220703125,318.2099914550781,324.3299865722656,1566700
2021-10-04,320.57000732421875,322.0799865722656,306.25,313.2200012207031,2018600
2021-10-05,312.3800048828125,323.614990234375,312.3800048828125,320.2300109863281,1701600
2021-10-06,315.80999755859375,325.239990234375,314.1300048828125,316.8800048828125,2239800
2021-10-07,321.0,328.8500061035156,319.05999755859375,324.1700134277344,1378700
2021-10-08,328.75,331.57000732421875,318.7300109863281,320.6000061035156,1450700
2021-10-11,317.8699951171875,327.239990234375,315.95001220703125,320.7200012207031,813100
2021-10-12,322.8500061035156,329.0,321.0199890136719,326.6300048828125,1067900
2021-10-13,330.0,346.989990234375,329.8800048828125,345.760009765625,1735300
2021-10-14,351.1000061035156,362.2900085449219,351.1000061035156,357.4599914550781,2334400
2021-10-15,357.2200012207031,357.92401123046875,352.2200012207031,353.30999755859375,1020900
2021-10-18,351.79998779296875,361.7900085449219,351.0,361.2699890136719,1241400
2021-10-19,364.0,369.1300048828125,360.1600036621094,365.0299987792969,1156700
2021-10-20,367.739990234375,371.9599914550781,361.2279968261719,366.5899963378906,1226500
2021-10-21,363.79998779296875,373.0,363.0,369.2300109863281,995500
2021-10-22,367.0,368.7349853515625,349.6199951171875,358.19000244140625,1836100
2021-10-25,361.32000732421875,363.760009765625,354.8999938964844,358.1700134277344,1326600
2021-10-26,362.0799865722656,363.79998779296875,352.05999755859375,353.9200134277344,1458500
2021-10-27,353.489990234375,356.2799987792969,342.69000244140625,345.6600036621094,5188700
2021-10-28,286.260009765625,303.9800109863281,278.0,284.92999267578125,21575300
2021-10-29,288.30999755859375,296.5400085449219,283.0,291.3599853515625,7085900
2021-11-01,292.510009765625,300.7799987792969,289.989990234375,300.6000061035156,3485100
2021-11-02,300.6099853515625,301.79998779296875,293.5199890136719,300.07000732421875,2373800
2021-11-03,300.3500061035156,314.42999267578125,294.6499938964844,312.42999267578125,4042200
2021-11-04,315.0,316.6300048828125,305.8900146484375,313.4200134277344,3116100
2021-11-05,314.44000244140625,315.81201171875,306.75,310.6000061035156,2611300
2021-11-08,309.54998779296875,317.0,309.54998779296875,313.010009765625,1617900
2021-11-09,313.489990234375,316.7099914550781,301.0,310.6000061035156,1553900
2021-11-10,308.739990234375,310.4800109863281,295.1099853515625,297.2799987792969,2932700
2021-11-11,300.0,302.1650085449219,293.42999267578125,298.0,1774300
2021-11-12,299.3299865722656,304.2200012207031,296.8500061035156,304.1600036621094,1381600
2021-11-15,304.55999755859375,309.5,299.1300048828125,304.5,2520400
2021-11-16,308.5,312.30999755859375,306.010009765625,310.75,2188900
2021-11-17,311.0,313.3900146484375,300.29998779296875,302.7799987792969,1736900
2021-11-18,301.1700134277344,303.75,285.5299987792969,290.989990234375,3526200
2021-11-19,292.3299865722656,295.01300048828125,284.82000732421875,285.0,2277000
2021-11-22,284.25,286.0,273.1400146484375,279.6099853515625,3692600
2021-11-23,277.2699890136719,281.0,266.2850036621094,275.1300048828125,2828800
2021-11-24,272.3800048828125,285.19000244140625,268.3599853515625,283.8900146484375,2326400
2021-11-26,285.739990234375,292.3500061035156,283.4800109863281,290.25,1811900
2021-11-29,289.0,295.9549865722656,281.4150085449219,293.2300109863281,2711500
2021-11-30,292.94000244140625,297.9949951171875,284.5199890136719,286.1499938964844,2914100
2021-12-01,284.6099853515625,288.7099914550781,255.36000061035156,259.5299987792969,4847800
2021-12-02,258.510009765625,269.75,254.46099853515625,267.1700134277344,3548700
2021-12-03,265.79998779296875,266.7099914550781,241.72000122070312,248.1699981689453,4045400
2021-12-06,244.0,254.85000610351562,235.0,251.10000610351562,2628000
2021-12-07,261.6700134277344,270.1099853515625,260.62701416015625,265.30999755859375,2332200
2021-12-08,265.0,274.9100036621094,259.1700134277344,274.80999755859375,1664400
2021-12-09,282.04998779296875,289.0,268.1499938964844,268.2900085449219,2492800
2021-12-10,268.79998779296875,278.0,263.0199890136719,264.5400085449219,1922600
2021-12-13,263.42999267578125,267.7300109863281,255.3699951171875,260.2300109863281,1428500
2021-12-14,255.0,258.9599914550781,250.8699951171875,255.8300018310547,2269100
2021-12-15,251.75,263.8739929199219,248.57000732421875,261.7300109863281,2653800
2021-12-16,267.8500061035156,274.0,256.67999267578125,260.8999938964844,2799700
2021-12-17,258.2099914550781,276.69000244140625,255.10000610351562,273.6300048828125,3494600
2021-12-20,267.3999938964844,272.7200012207031,264.239990234375,268.54998779296875,2385900
2021-12-21,271.989990234375,277.19000244140625,264.05999755859375,276.9200134277344,2037200
2021-12-22,275.9599914550781,279.79998779296875,264.69000244140625,268.7699890136719,1998200
2021-12-23,267.3299865722656,270.70001220703125,260.69000244140625,267.1700134277344,1941400
2021-12-27,266.44000244140625,268.79998779296875,261.8500061035156,262.3399963378906,1658900
2021-12-28,262.79998779296875,264.9599914550781,258.1400146484375,259.0899963378906,1951000
2021-12-29,257.5400085449219,259.8800048828125,253.11000061035156,257.7300109863281,1469600
2021-12-30,255.77000427246094,269.55999755859375,255.77000427246094,265.3500061035156,1433000
2021-12-31,264.9100036621094,270.25,263.0899963378906,263.3399963378906,1349500
2022-01-03,264.0,266.739990234375,255.8000030517578,262.2900085449219,2035200
2022-01-04,262.2900085449219,262.57000732421875,243.75999450683594,251.0,2274400
2022-01-05,246.0500030517578,249.94000244140625,234.17999267578125,235.19000244140625,2793900
2022-01-06,232.7100067138672,244.57000732421875,231.00999450683594,238.64999389648438,2109200
2022-01-07,239.1199951171875,244.80999755859375,228.5500030517578,230.1999969482422,2728800
2022-01-10,225.0,228.83999633789062,217.69000244140625,227.52000427246094,4572700
2022-01-11,227.41000366210938,236.197998046875,223.9499969482422,234.17999267578125,2359200
2022-01-12,238.49000549316406,240.75,224.66000366210938,227.11000061035156,2538900
2022-01-13,228.94000244140625,230.19000244140625,217.07000732421875,217.16000366210938,2984900
2022-01-14,216.74000549316406,220.9199981689453,210.89999389648438,215.16000366210938,2467200
2022-01-18,209.60000610351562,215.0,206.4499969482422,207.24000549316406,2973600
2022-01-19,207.24000549316406,212.41000366210938,203.2899932861328,203.69000244140625,2782300
2022-01-20,205.52000427246094,212.0,201.11000061035156,201.49000549316406,2814700
2022-01-21,201.94000244140625,203.42999267578125,191.47999572753906,192.05999755859375,3127000
2022-01-24,185.3800048828125,198.10000610351562,175.36000061035156,197.5,4520600
2022-01-25,195.9499969482422,198.33099365234375,183.02000427246094,185.83999633789062,3068500
2022-01-26,195.57000732421875,197.7949981689453,176.50999450683594,179.11000061035156,3111300
2022-01-27,183.55999755859375,184.47999572753906,172.61000061035156,176.75,3822600
2022-01-28,180.0,190.5800018310547,173.77000427246094,188.22999572753906,4454600
2022-01-31,190.63999938964844,206.5800018310547,190.63999938964844,206.1199951171875,3307400
2022-02-01,208.22999572753906,211.30999755859375,203.0,210.57000732421875,2601000
2022-02-02,212.3699951171875,214.13999938964844,193.0,197.39999389648438,3279000
2022-02-03,190.9199981689453,191.0989990234375,178.9499969482422,180.2100067138672,3829000
2022-02-04,181.94000244140625,194.72999572753906,179.0,192.0,3209900
2022-02-07,190.72000122070312,203.49000549316406,190.72000122070312,195.77999877929688,3626800
2022-02-08,190.14999389648438,199.1199951171875,188.4600067138672,198.47999572753906,3266700
2022-02-09,203.99000549316406,205.5,195.2100067138672,202.00999450683594,8845900
2022-02-10,227.8000030517578,233.60000610351562,203.66000366210938,205.91000366210938,22474300
2022-02-11,208.0,211.89999389648438,187.2100067138672,190.8800048828125,6843700
2022-02-14,191.0,202.5399932861328,188.48800659179688,195.7100067138672,4919800
2022-02-15,199.39999389648438,202.69000244140625,191.89999389648438,199.3699951171875,3612700
2022-02-16,196.6699981689453,196.72000122070312,184.1699981689453,186.99000549316406,3615700
2022-02-17,185.0,185.0,167.625,170.1300048828125,6211000
2022-02-18,172.72999572753906,173.39999389648438,157.72000122070312,158.3300018310547,7604100
2022-02-22,156.77999877929688,166.08999633789062,154.3470001220703,161.22999572753906,4513900
2022-02-23,160.1199951171875,163.77999877929688,156.2100067138672,157.14999389648438,3118900
2022-02-24,149.47999572753906,165.77000427246094,147.0,165.02000427246094,4115600
2022-02-25,164.39999389648438,167.5399932861328,156.35000610351562,167.17999267578125,3116900
2022-02-28,169.02000427246094,175.86000061035156,166.40199279785156,174.8000030517578,3149300
2022-03-01,175.00999450683594,176.781005859375,168.24000549316406,169.72000122070312,2280200
2022-03-02,170.77000427246094,170.77000427246094,160.19000244140625,166.0800018310547,2563900
2022-03-03,165.82000732421875,166.8699951171875,155.0749969482422,156.89999389648438,2273900
2022-03-04,158.6699981689453,162.7899932861328,147.2899932861328,148.82000732421875,3355900
2022-03-07,150.0,154.0,139.92999267578125,140.0,5441800
2022-03-08,138.13999938964844,143.47000122070312,134.10000610351562,137.16000366210938,3706300
2022-03-09,141.5500030517578,149.03500366210938,141.5500030517578,145.0399932861328,4806100
2022-03-10,142.61000061035156,142.9080047607422,136.00999450683594,140.86000061035156,3492600
2022-03-11,142.7100067138672,142.7100067138672,131.75,132.47999572753906,4904500
2022-03-14,131.0,135.85000610351562,124.0,125.16999816894531,4464800
2022-03-15,126.25,129.6300048828125,123.05000305175781,128.92999267578125,4146100
2022-03-16,133.0,144.63999938964844,132.14999389648438,144.08999633789062,6276900
2022-03-17,142.1999969482422,151.52000427246094,139.77999877929688,150.27999877929688,4411400
2022-03-18,150.61000061035156,159.92999267578125,148.85000610351562,159.66000366210938,4446600
2022-03-21,159.02000427246094,161.05999755859375,153.64999389648438,157.44000244140625,3712100
2022-03-22,156.89999389648438,166.97999572753906,155.84500122070312,163.13999938964844,3113500
2022-03-23,160.10000610351562,166.44000244140625,156.66000366210938,161.1999969482422,1762400
2022-03-24,162.0,162.3699951171875,155.32000732421875,161.94000244140625,2151800
2022-03-25,162.3000030517578,163.83999633789062,152.8300018310547,154.82000732421875,2622100
2022-03-28,156.50999450683594,161.4499969482422,152.33999633789062,160.74000549316406,1950000
2022-03-29,165.33999633789062,176.9550018310547,164.2899932861328,174.47999572753906,4125500
2022-03-30,169.92999267578125,175.58999633789062,167.1999969482422,168.6300048828125,2019400
2022-03-31,168.5,169.52499389648438,163.7899932861328,164.80999755859375,2045100
2022-04-01,166.0399932861328,173.58999633789062,166.0399932861328,169.5,1962700
2022-04-04,170.0800018310547,176.39999389648438,169.52000427246094,174.7100067138672,2201300
2022-04-05,174.7100067138672,175.0500030517578,163.42999267578125,165.6699981689453,2586600
2022-04-06,160.02000427246094,160.38999938964844,149.0399932861328,153.36000061035156,3334700
2022-04-07,153.2100067138672,157.27999877929688,146.0,152.5800018310547,1967700
2022-04-08,151.99000549316406,152.44000244140625,146.08999633789062,146.4199981689453,1831900
2022-04-11,144.25999450683594,148.50999450683594,141.0,145.30999755859375,1774400
2022-04-12,148.00999450683594,154.0,143.7100067138672,144.83999633789062,2283300
2022-04-13,143.58999633789062,148.25999450683594,140.5,145.9600067138672,1994900
2022-04-14,147.9600067138672,147.9600067138672,136.9499969482422,137.08999633789062,2782000
2022-04-18,136.9499969482422,138.16000366210938,128.5,131.61000061035156,3542000
2022-04-19,132.0,146.25999450683594,129.85000610351562,145.1699981689453,5056400
2022-04-20,144.0,144.47000122070312,130.19000244140625,130.36000061035156,3865400
2022-04-21,134.00999450683594,137.47000122070312,123.74500274658203,124.83999633789062,3421600
2022-04-22,125.0,129.7899932861328,121.47000122070312,122.77999877929688,2825200
2022-04-25,121.62999725341797,129.5500030517578,121.51000213623047,128.07000732421875,3208100
2022-04-26,125.83999633789062,126.25,119.9000015258789,120.05000305175781,2398000
2022-04-27,119.26000213623047,124.98999786376953,117.55999755859375,118.37999725341797,3231300
2022-04-28,119.80000305175781,120.5999984741211,109.67900085449219,118.91999816894531,5389600
2022-04-29,118.41999816894531,123.20999908447266,111.63999938964844,111.81999969482422,3575500
2022-05-02,111.5,118.30000305175781,109.12999725341797,118.02999877929688,3264700
2022-05-03,114.94000244140625,120.25,112.05999755859375,112.30000305175781,4245400
2022-05-04,112.61000061035156,118.95999908447266,105.55999755859375,118.4800033569336,8541600
2022-05-05,122.18000030517578,123.0,112.05999755859375,116.7300033569336,9282800
2022-05-06,115.1500015258789,115.5,104.5,107.37999725341797,6932800
2022-05-09,105.0,109.33699798583984,98.47000122070312,100.75,5114700
2022-05-10,104.52999877929688,107.19999694824219,93.7300033569336,97.7699966430664,5099400
2022-05-11,95.98999786376953,100.18000030517578,92.2300033569336,92.62000274658203,5466400
2022-05-12,90.96800231933594,102.16999816894531,87.66999816894531,99.22000122070312,6303600
2022-05-13,101.86000061035156,112.88999938964844,101.86000061035156,110.79000091552734,4832300
2022-05-16,104.5,108.73999786376953,99.18000030517578,99.68000030517578,5193900
2022-05-17,103.51000213623047,105.73999786376953,96.41000366210938,101.70999908447266,4054900
2022-05-18,100.86000061035156,105.33999633789062,96.44999694824219,97.61000061035156,2935400
2022-05-19,97.38999938964844,105.48999786376953,95.54000091552734,101.81999969482422,3366000
2022-05-20,104.02999877929688,105.63999938964844,97.52999877929688,103.02999877929688,3152600
2022-05-23,100.93000030517578,101.93000030517578,96.79000091552734,100.16000366210938,2888900
2022-05-24,97.58999633789062,98.11000061035156,90.06999969482422,92.16999816894531,4307800
2022-05-25,92.4800033569336,97.56999969482422,91.55799865722656,96.55000305175781,2251500
2022-05-26,95.13999938964844,101.98999786376953,94.62999725341797,100.81999969482422,2037100
2022-05-27,102.80999755859375,108.7300033569336,102.30999755859375,108.37000274658203,2960800
2022-05-31,108.37000274658203,110.58000183105469,103.73999786376953,105.16999816894531,3452800
2022-06-01,107.13999938964844,110.2699966430664,102.5999984741211,104.2699966430664,2782200
2022-06-02,99.0,110.9800033569336,98.30000305175781,109.20999908447266,3707600
2022-06-03,106.05000305175781,107.12999725341797,100.76000213623047,101.73999786376953,3022100
2022-06-06,104.58000183105469,105.2699966430664,99.20999908447266,101.33999633789062,2720600
2022-06-07,99.5,108.08000183105469,98.8550033569336,107.43000030517578,3622300
2022-06-08,107.12000274658203,110.30999755859375,105.78099822998047,108.38999938964844,1899600
2022-06-09,108.4000015258789,108.4000015258789,98.37999725341797,98.48999786376953,3712800
2022-06-10,96.05000305175781,96.0999984741211,89.63999938964844,90.7300033569336,5229200
2022-06-13,86.30000305175781,88.43000030517578,83.19999694824219,83.63999938964844,4563000
2022-06-14,83.70999908447266,85.7750015258789,81.01000213623047,81.86000061035156,2995900
2022-06-15,83.25,87.80000305175781,81.98999786376953,85.16000366210938,4638900
2022-06-16,81.9000015258789,83.18000030517578,77.13999938964844,78.7300033569336,4947900
2022-06-17,79.01000213623047,84.94000244140625,79.0,84.0199966430664,4779700
2022-06-21,85.0999984741211,87.91999816894531,84.28199768066406,85.16999816894531,3121900
2022-06-22,83.72000122070312,89.5999984741211,83.19000244140625,88.44999694824219,3139800
2022-06-23,89.0,98.37999725341797,89.0,97.41000366210938,3835800
2022-06-24,98.6500015258789,101.93000030517578,98.0999984741211,99.12000274658203,7623200
2022-06-27,99.12000274658203,99.48999786376953,94.26499938964844,97.20999908447266,2334700
2022-06-28,97.0,98.13500213623047,90.8499984741211,91.61000061035156,3138700
2022-06-29,91.2300033569336,93.04000091552734,89.04000091552734,89.5999984741211,3106800
2022-06-30,87.5999984741211,87.98500061035156,80.91999816894531,83.80999755859375,3825000
2022-07-01,85.2300033569336,87.55000305175781,83.25,85.16999816894531,2866700
2022-07-05,84.70999908447266,91.05999755859375,82.33999633789062,90.4800033569336,3829400
2022-07-06,90.20999908447266,92.41999816894531,87.5,88.69999694824219,2771900
2022-07-07,87.80999755859375,94.05999755859375,87.80999755859375,93.58000183105469,2634400
2022-07-08,91.5199966430664,95.94000244140625,90.4000015258789,92.70999908447266,2424800
2022-07-11,91.62999725341797,92.36000061035156,85.7300033569336,85.87000274658203,2606100
2022-07-12,86.5,89.72000122070312,82.8499984741211,83.51000213623047,2955900
2022-07-13,82.7300033569336,87.58000183105469,81.87000274658203,85.08999633789062,2703100
2022-07-14,83.73999786376953,85.44000244140625,80.63999938964844,81.18000030517578,3241000
2022-07-15,82.69000244140625,84.5199966430664,80.6500015258789,84.43000030517578,2693400
2022-07-18,86.08000183105469,88.75,84.80000305175781,85.30999755859375,2533600
2022-07-19,87.36000061035156,89.19000244140625,85.02999877929688,89.0999984741211,2667400
2022-07-20,89.86000061035156,94.76499938964844,89.58999633789062,93.4000015258789,4087900
2022-07-21,92.41000366210938,93.47000122070312,90.05999755859375,92.44999694824219,4008700
2022-07-22,91.75,92.7699966430664,86.44999694824219,87.33000183105469,3065600
2022-07-25,85.62000274658203,87.5199966430664,84.62999725341797,86.58000183105469,2191100
2022-07-26,85.0,85.0,78.41999816894531,78.94999694824219,4419400
2022-07-27,81.20999908447266,85.23899841308594,80.19999694824219,84.37999725341797,3127400
2022-07-28,83.45999908447266,86.18499755859375,80.23100280761719,85.5999984741211,3789500
2022-07-29,85.0,85.90499877929688,82.80999755859375,84.80000305175781,3137000
2022-08-01,84.58999633789062,89.97000122070312,82.56999969482422,87.37000274658203,3396200
2022-08-02,86.16000366210938,91.7699966430664,86.0999984741211,89.87000274658203,4445500
2022-08-03,92.29000091552734,97.79000091552734,91.3499984741211,97.69000244140625,3902500
2022-08-04,97.5,98.66999816894531,94.38999938964844,98.19000244140625,5642000
2022-08-05,85.09500122070312,86.12999725341797,80.12000274658203,84.91999816894531,17350200
2022-08-08,87.51000213623047,92.52999877929688,85.54000091552734,86.4800033569336,8974000
2022-08-09,84.87999725341797,85.9000015258789,80.5199966430664,81.26000213623047,5808800
2022-08-10,85.1500015258789,89.37999725341797,84.47599792480469,86.2300033569336,7711700
2022-08-11,89.08000183105469,90.73999786376953,84.65699768066406,85.58000183105469,5591100
2022-08-12,87.33000183105469,87.66999816894531,85.11000061035156,86.9000015258789,4470300
2022-08-15,86.08000183105469,88.5999984741211,85.5199966430664,87.45999908447266,3778700
2022-08-16,86.75,87.45999908447266,83.4000015258789,86.76000213623047,3976500
2022-08-17,84.01000213623047,84.79000091552734,81.08000183105469,81.38999938964844,3952200
2022-08-18,80.93000030517578,81.55999755859375,78.81500244140625,80.69000244140625,3780900
2022-08-19,78.98999786376953,79.79000091552734,75.5,76.04000091552734,4693200
2022-08-22,74.4000015258789,75.69000244140625,72.4800033569336,73.31999969482422,3975400
2022-08-23,73.45999908447266,75.58000183105469,72.70999908447266,72.83999633789062,3358700
2022-08-24,73.55000305175781,74.83999633789062,72.9000015258789,72.91000366210938,2939100
2022-08-25,73.62000274658203,75.77999877929688,72.66000366210938,75.7300033569336,2795500
2022-08-26,75.44999694824219,76.6500015258789,72.0999984741211,72.33999633789062,4012700
2022-08-29,71.43000030517578,73.70899963378906,71.02999877929688,71.12000274658203,2937000
2022-08-30,72.43000030517578,73.37999725341797,69.91000366210938,71.22000122070312,3495800
2022-08-31,72.93000030517578,73.5999984741211,69.43000030517578,69.58000183105469,4821100
2022-09-01,68.01000213623047,68.16999816894531,64.29199981689453,67.6500015258789,5790000
2022-09-02,68.58999633789062,69.06999969482422,66.2699966430664,67.01000213623047,3387700
2022-09-06,67.05999755859375,67.51000213623047,65.12999725341797,65.94000244140625,3287400
2022-09-07,66.0,68.05999755859375,65.44999694824219,67.9000015258789,2849100
2022-09-08,66.80000305175781,69.44000244140625,66.36000061035156,69.41999816894531,2616700
2022-09-09,70.4000015258789,72.80000305175781,70.18499755859375,72.19000244140625,3337200
2022-09-12,72.72000122070312,75.80000305175781,72.69999694824219,75.6500015258789,4813700
2022-09-13,71.1500015258789,72.88999938964844,70.54100036621094,70.87000274658203,3792900
2022-09-14,71.91000366210938,79.98999786376953,70.80999755859375,77.97000122070312,13407400
2022-09-15,76.5199966430664,81.2490005493164,75.72000122070312,77.69000244140625,6905200
2022-09-16,75.62999725341797,76.17400360107422,73.16000366210938,73.91000366210938,5241400
2022-09-19,73.26000213623047,76.05999755859375,72.83000183105469,76.01000213623047,4081900
2022-09-20,74.97000122070312,77.375,74.3550033569336,74.51000213623047,4669800
2022-09-21,74.5199966430664,76.23999786376953,72.5,72.80000305175781,3444100
2022-09-22,72.2300033569336,72.75,69.20899963378906,69.7699966430664,3433800
2022-09-23,68.12999725341797,69.94000244140625,66.5999984741211,68.12999725341797,4166500
2022-09-26,68.51000213623047,71.80000305175781,68.47000122070312,69.0,2994600
2022-09-27,71.19999694824219,72.5999984741211,68.30000305175781,70.11000061035156,2857200
2022-09-28,70.31999969482422,73.69999694824219,70.11000061035156,73.29000091552734,2618600
2022-09-29,71.20999908447266,72.4000015258789,69.11000061035156,70.58999633789062,2359500
2022-09-30,70.16000366210938,72.83000183105469,68.94999694824219,69.13999938964844,2457300
2022-10-03,69.51000213623047,71.16500091552734,67.79000091552734,69.62999725341797,3457400
2022-10-04,72.37999725341797,77.62000274658203,72.22000122070312,77.52999877929688,4619900
2022-10-05,75.66000366210938,77.05000305175781,74.06999969482422,76.25,2509800
2022-10-06,76.1500015258789,78.43000030517578,76.1500015258789,78.02999877929688,3037200
2022-10-07,75.93000030517578,77.95999908447266,75.52999877929688,76.83999633789062,4233600
2022-10-10,76.7300033569336,76.75,70.9800033569336,71.98999786376953,3852800
2022-10-11,71.5,71.76000213623047,66.55000305175781,67.83000183105469,3672500
2022-10-12,67.88999938964844,68.97000122070312,65.51000213623047,67.2300033569336,2884900
2022-10-13,63.5,67.2249984741211,62.099998474121094,66.38999938964844,6001700
2022-10-14,67.91000366210938,68.91500091552734,63.18000030517578,63.27000045776367,2621600
2022-10-17,66.2699966430664,68.9800033569336,65.58999633789062,68.38999938964844,2692200
2022-10-18,71.93000030517578,73.5,69.88999938964844,71.20999908447266,3095400
2022-10-19,70.44000244140625,71.62999725341797,68.30000305175781,68.76000213623047,2240200
2022-10-20,68.30999755859375,72.69000244140625,68.30999755859375,70.87000274658203,2667400
2022-10-21,70.48999786376953,75.48999786376953,70.48999786376953,75.44999694824219,4277800
2022-10-24,74.02999877929688,74.27999877929688,70.0,74.01000213623047,3007800
2022-10-25,75.69999694824219,76.7699966430664,74.125,76.61000061035156,5035600
2022-10-26,75.13999938964844,77.7300033569336,73.79000091552734,74.27999877929688,2587800
2022-10-27,75.70999908447266,76.95999908447266,73.80000305175781,74.5999984741211,2087500
2022-10-28,73.47000122070312,75.94000244140625,72.44000244140625,75.5999984741211,2080500
2022-10-31,75.5999984741211,76.2300033569336,73.66000366210938,74.37000274658203,2836400
2022-11-01,77.02999877929688,79.12000274658203,74.54000091552734,75.08000183105469,3327000
2022-11-02,73.91999816894531,74.48999786376953,67.30000305175781,67.38999938964844,6465700
2022-11-03,66.18000030517578,68.36000061035156,65.08000183105469,65.36000061035156,6912100
2022-11-04,48.349998474121094,48.9900016784668,41.0,42.7400016784668,44840800
2022-11-07,43.290000915527344,46.59000015258789,42.0,45.68000030517578,19710500
2022-11-08,46.02000045776367,46.15999984741211,43.5,44.459999084472656,7975700
2022-11-09,43.5,44.15999984741211,42.54800033569336,43.599998474121094,5474300
2022-11-10,46.59000015258789,50.9900016784668,46.220001220703125,50.709999084472656,9203700
2022-11-11,50.77000045776367,55.689998626708984,49.720001220703125,55.27000045776367,6953600
2022-11-14,54.189998626708984,54.970001220703125,51.90999984741211,52.84000015258789,5092600
2022-11-15,56.369998931884766,56.939998626708984,53.38999938964844,53.880001068115234,5547100
2022-11-16,52.540000915527344,53.2599983215332,50.439998626708984,50.810001373291016,4513900
2022-11-17,49.279998779296875,51.689998626708984,48.75,50.75,4016500
2022-11-18,51.0,51.4900016784668,48.53200149536133,49.25,3345200
2022-11-21,48.099998474121094,48.38999938964844,45.68000030517578,45.88999938964844,5433200
2022-11-22,45.86000061035156,46.279998779296875,44.70000076293945,46.09000015258789,4258100
2022-11-23,46.130001068115234,48.472999572753906,45.56999969482422,48.36000061035156,3879100
2022-11-25,47.790000915527344,48.779998779296875,47.279998779296875,48.560001373291016,1362700
2022-11-28,47.41999816894531,48.939998626708984,46.38999938964844,46.77000045776367,3464500
2022-11-29,47.06999969482422,47.959999084472656,45.45899963378906,45.75,3584200
2022-11-30,45.459999084472656,49.279998779296875,44.83000183105469,49.02000045776367,5496000
2022-12-01,48.66999816894531,50.84000015258789,48.369998931884766,49.439998626708984,4238600
2022-12-02,47.95000076293945,49.189998626708984,47.150001525878906,48.63999938964844,2533100
2022-12-05,48.540000915527344,49.63999938964844,45.27000045776367,46.09000015258789,3766900
2022-12-06,46.150001525878906,46.25,44.459999084472656,45.58000183105469,2678700
2022-12-07,45.7400016784668,46.060001373291016,44.310001373291016,45.29999923706055,3384900
2022-12-08,45.779998779296875,46.79999923706055,44.349998474121094,45.790000915527344,3368400
2022-12-09,45.70000076293945,47.11000061035156,44.95000076293945,45.54999923706055,3475300
2022-12-12,46.0099983215332,48.61000061035156,45.380001068115234,48.20000076293945,4595600
2022-12-13,51.599998474121094,53.63999938964844,48.529998779296875,49.75,8347800
2022-12-14,49.529998779296875,51.970001220703125,49.18000030517578,51.029998779296875,3773800
2022-12-15,49.47999954223633,51.150001525878906,47.9900016784668,48.04999923706055,4707700
2022-12-16,47.86000061035156,48.856998443603516,46.880001068115234,47.91999816894531,4454100
2022-12-19,47.91999816894531,48.56999969482422,45.86000061035156,46.310001373291016,3314900
2022-12-20,45.5,47.400001525878906,45.41400146484375,46.959999084472656,2817600
2022-12-21,47.08000183105469,47.61000061035156,45.61000061035156,46.90999984741211,4253100
2022-12-22,46.22999954223633,46.22999954223633,43.59000015258789,44.97999954223633,3637700
2022-12-23,44.689998626708984,44.91999816894531,43.75,44.75,1913500
2022-12-27,44.31999969482422,44.849998474121094,42.779998779296875,44.59000015258789,3004500
2022-12-28,44.279998779296875,45.439998626708984,43.784000396728516,45.290000915527344,2857000
2022-12-29,45.93000030517578,48.599998474121094,45.5,48.11000061035156,3458700
2022-12-30,46.900001525878906,49.060001373291016,46.599998474121094,48.959999084472656,3043300
2023-01-03,50.0,51.33000183105469,48.91999816894531,50.41999816894531,3949500
2023-01-04,51.47999954223633,52.779998779296875,50.2599983215332,52.119998931884766,3191600
2023-01-05,51.63999938964844,51.72600173950195,49.69499969482422,50.189998626708984,3510900
2023-01-06,50.029998779296875,50.72999954223633,48.04999923706055,50.119998931884766,2909400
2023-01-09,50.939998626708984,52.119998931884766,50.40999984741211,50.47999954223633,2579500
2023-01-10,50.33000183105469,51.04999923706055,49.540000915527344,50.41999816894531,2145800
2023-01-11,50.86000061035156,51.81999969482422,49.97999954223633,51.529998779296875,2339700
2023-01-12,51.95000076293945,52.7599983215332,49.40999984741211,52.720001220703125,3118900
2023-01-13,52.220001220703125,54.25,51.90999984741211,54.02000045776367,2619300
2023-01-17,53.79999923706055,55.56999969482422,52.31999969482422,55.2599983215332,3875000
2023-01-18,56.25,56.564998626708984,53.20100021362305,53.61000061035156,3508000
2023-01-19,52.40999984741211,53.29999923706055,51.04999923706055,52.099998474121094,2723800
2023-01-20,52.43000030517578,54.459999084472656,52.040000915527344,54.2599983215332,2722500
2023-01-23,54.939998626708984,56.380001068115234,54.130001068115234,56.36000061035156,3105400
2023-01-24,56.400001525878906,59.66299819946289,55.66999816894531,56.40999984741211,4880800
2023-01-25,53.619998931884766,56.56999969482422,52.849998474121094,56.560001373291016,3579600
2023-01-26,58.459999084472656,59.52000045776367,57.11000061035156,59.41999816894531,3919500
2023-01-27,58.84000015258789,61.492000579833984,58.70000076293945,60.38999938964844,3363800
2023-01-30,59.150001525878906,60.380001068115234,57.849998474121094,57.97999954223633,2851400
2023-01-31,58.369998931884766,60.25,58.209999084472656,59.84000015258789,3475000
2023-02-01,60.29999923706055,62.79999923706055,58.97999954223633,62.290000915527344,4373100
2023-02-02,65.25,67.18000030517578,64.1500015258789,65.44999694824219,5648300
2023-02-03,62.58000183105469,64.97000122070312,61.650001525878906,62.5,3085200
2023-02-06,61.20000076293945,62.689998626708984,60.84000015258789,61.540000915527344,2759300
2023-02-07,61.38999938964844,63.790000915527344,60.2599983215332,63.540000915527344,3379200
2023-02-08,63.099998474121094,64.08999633789062,62.369998931884766,62.45000076293945,2694200
2023-02-09,63.0,64.55000305175781,61.0,61.310001373291016,3460600
2023-02-10,59.970001220703125,61.099998474121094,59.16999816894531,60.06999969482422,3411700
2023-02-13,64.18000030517578,64.30000305175781,60.209999084472656,61.31999969482422,9214300
2023-02-14,60.52000045776367,63.279998779296875,59.86000061035156,62.099998474121094,6552400
2023-02-15,62.52000045776367,66.19000244140625,61.790000915527344,66.05000305175781,10676600
2023-02-16,73.45999908447266,79.69999694824219,72.68900299072266,75.44999694824219,22082200
2023-02-17,74.94999694824219,74.94999694824219,69.80000305175781,70.66999816894531,9330700
2023-02-21,68.66999816894531,70.43000030517578,66.05000305175781,66.48999786376953,6041000
2023-02-22,67.30000305175781,68.55999755859375,65.16000366210938,65.93000030517578,4356700
2023-02-23,67.25,67.41000366210938,63.41999816894531,64.88999938964844,5256700
2023-02-24,63.380001068115234,64.2750015258789,61.900001525878906,64.0999984741211,4342300
2023-02-27,64.44999694824219,65.25,63.38999938964844,63.77000045776367,3940900
2023-02-28,66.51000213623047,69.25,65.91500091552734,67.20999908447266,11497600
2023-03-01,66.87000274658203,67.8499984741211,65.58000183105469,65.73999786376953,3438700
2023-03-02,65.0,72.06999969482422,64.76000213623047,71.63999938964844,9306700
2023-03-03,71.52999877929688,75.25399780273438,71.5,73.87999725341797,5811700
2023-03-06,74.08000183105469,75.80999755859375,73.43000030517578,73.87999725341797,4232400
2023-03-07,74.16000366210938,76.20999908447266,73.45099639892578,73.69999694824219,3292800
2023-03-08,73.19999694824219,74.01000213623047,71.58000183105469,72.12000274658203,2915800
2023-03-09,72.06999969482422,74.0999984741211,68.69999694824219,68.9000015258789,4018700
2023-03-10,67.70999908447266,68.7699966430664,63.33000183105469,64.36000061035156,6387100
2023-03-13,62.75,65.68000030517578,61.900001525878906,63.209999084472656,4873700
2023-03-14,64.61000061035156,65.08999633789062,62.209999084472656,62.9900016784668,5278400
2023-03-15,61.88999938964844,63.6349983215332,61.29999923706055,63.400001525878906,3692500
2023-03-16,63.540000915527344,64.94999694824219,62.41999816894531,64.18000030517578,3615600
2023-03-17,63.439998626708984,64.13999938964844,62.09199905395508,62.86000061035156,3696200
2023-03-20,62.0099983215332,63.29999923706055,61.380001068115234,62.58000183105469,2782000
2023-03-21,63.2400016784668,65.82499694824219,62.88999938964844,65.58000183105469,3402000
2023-03-22,65.41999816894531,65.83999633789062,62.61000061035156,62.689998626708984,3494200
2023-03-23,63.2599983215332,64.48999786376953,61.459999084472656,62.380001068115234,4161300
2023-03-24,61.70000076293945,62.349998474121094,60.194000244140625,61.47999954223633,2785400
2023-03-27,62.630001068115234,63.119998931884766,61.5,62.34000015258789,2754700
2023-03-28,61.7599983215332,62.59000015258789,61.25,62.09000015258789,1778100
2023-03-29,63.119998931884766,63.720001220703125,62.20500183105469,62.91999816894531,2705900
2023-03-30,63.849998474121094,64.1969985961914,62.82500076293945,63.369998931884766,2200000
2023-03-31,63.689998626708984,66.77999877929688,63.09400177001953,66.62999725341797,3610600
2023-04-03,65.3499984741211,66.0,63.380001068115234,64.25,2583200
2023-04-04,64.51000213623047,65.0,63.619998931884766,64.19000244140625,2148900
2023-04-05,63.380001068115234,63.380001068115234,58.56999969482422,59.31999969482422,7988000
2023-04-06,58.84000015258789,60.880001068115234,57.880001068115234,60.7599983215332,3592700
2023-04-10,59.689998626708984,60.08000183105469,58.13999938964844,59.63999938964844,3594300
2023-04-11,58.849998474121094,60.400001525878906,58.08000183105469,59.040000915527344,2720000
2023-04-12,60.58000183105469,60.939998626708984,58.06999969482422,58.130001068115234,3326000
2023-04-13,58.70000076293945,60.97999954223633,58.529998779296875,59.849998474121094,3138000
2023-04-14,59.25,60.400001525878906,58.349998474121094,59.619998931884766,2204800
2023-04-17,59.54999923706055,60.439998626708984,59.02000045776367,60.22999954223633,2897700
2023-04-18,60.95000076293945,61.27000045776367,59.61000061035156,60.130001068115234,2132100
2023-04-19,59.02000045776367,59.599998474121094,58.61000061035156,58.959999084472656,2656300
2023-04-20,58.02000045776367,59.20899963378906,57.22999954223633,57.380001068115234,3079800
2023-04-21,57.560001373291016,58.15999984741211,57.0,57.2599983215332,2288600
2023-04-24,56.84000015258789,57.30099868774414,54.36000061035156,55.029998779296875,5763500
2023-04-25,54.52000045776367,54.619998931884766,52.630001068115234,52.72999954223633,3982800
2023-04-26,54.0,54.595001220703125,52.220001220703125,52.560001373291016,2604000
2023-04-27,52.58000183105469,53.59000015258789,51.59000015258789,52.77000045776367,3250100
2023-04-28,52.119998931884766,52.81999969482422,51.38999938964844,52.61000061035156,2514300
2023-05-01,52.349998474121094,52.84000015258789,51.52000045776367,51.970001220703125,2334700
2023-05-02,51.38999938964844,51.7599983215332,49.83000183105469,50.119998931884766,3149200
2023-05-03,50.22999954223633,51.34000015258789,49.70500183105469,49.83000183105469,3264500
2023-05-04,50.11000061035156,51.5,50.0099983215332,50.810001373291016,2377100
2023-05-05,51.66999816894531,52.650001525878906,51.650001525878906,52.369998931884766,3283000
2023-05-08,53.34000015258789,55.09000015258789,52.939998626708984,54.84000015258789,4233600
2023-05-09,53.7599983215332,56.36000061035156,53.59000015258789,56.0,9975200
2023-05-10,45.880001068115234,49.040000915527344,45.68000030517578,48.91999816894531,25503500
2023-05-11,47.77000045776367,48.099998474121094,46.900001525878906,47.47999954223633,8444700
2023-05-12,46.810001373291016,46.9900016784668,45.02000045776367,45.83000183105469,8676100
2023-05-15,45.599998474121094,47.380001068115234,45.29999923706055,47.380001068115234,5540000
2023-05-16,46.599998474121094,47.560001373291016,46.15999984741211,47.36000061035156,4455100
2023-05-17,47.83000183105469,48.4900016784668,47.45000076293945,48.02000045776367,4216500
2023-05-18,47.959999084472656,49.06999969482422,47.36800003051758,48.90999984741211,5399100
2023-05-19,48.91999816894531,51.290000915527344,48.84000015258789,51.209999084472656,6475000
2023-05-22,51.150001525878906,58.24700164794922,51.099998474121094,57.709999084472656,13122900
2023-05-23,57.61000061035156,61.63999938964844,57.5099983215332,59.130001068115234,10511800
2023-05-24,58.2400016784668,62.22999954223633,57.88999938964844,61.40999984741211,9081100
2023-05-25,62.5,62.63999938964844,59.0099983215332,59.08000183105469,5822000
2023-05-26,59.0,61.720001220703125,58.880001068115234,60.099998474121094,3887800
2023-05-30,61.84000015258789,63.84000015258789,61.34000015258789,62.66999816894531,5353500
2023-05-31,63.099998474121094,69.80999755859375,62.5099983215332,69.62000274658203,16110800
2023-06-01,67.5,68.69000244140625,66.76000213623047,67.30000305175781,5336300
2023-06-02,68.70999908447266,69.19999694824219,66.31999969482422,67.1500015258789,3398000
2023-06-05,67.08999633789062,67.19000244140625,65.05999755859375,65.66000366210938,3243600
2023-06-06,65.7699966430664,68.99299621582031,65.72000122070312,68.0199966430664,4056000
2023-06-07,69.0,69.29000091552734,64.58000183105469,64.8499984741211,4862000
2023-06-08,63.97999954223633,64.72000122070312,62.95500183105469,63.02000045776367,4393300
2023-06-09,63.43000030517578,66.08499908447266,63.34000015258789,63.88999938964844,3102300
2023-06-12,63.900001525878906,66.29000091552734,63.5,66.13999938964844,2670400
2023-06-13,67.4000015258789,68.52999877929688,66.25,66.76000213623047,3280700
2023-06-14,65.94000244140625,67.13999938964844,64.62999725341797,66.29000091552734,3382800
2023-06-15,65.7300033569336,68.7750015258789,65.29900360107422,68.06999969482422,2901100
2023-06-16,68.92500305175781,68.92500305175781,66.5199966430664,67.6500015258789,3287400
2023-06-20,66.80000305175781,68.38999938964844,66.16999816894531,67.13999938964844,3174100
2023-06-21,66.5,67.0780029296875,63.88999938964844,64.43000030517578,3045700
2023-06-22,63.95000076293945,65.91999816894531,63.41999816894531,65.4800033569336,2674300
2023-06-23,64.19999694824219,64.77999877929688,62.900001525878906,64.02999877929688,3369200
2023-06-26,63.43000030517578,66.05999755859375,63.119998931884766,63.47999954223633,2515200
2023-06-27,63.9900016784668,64.51000213623047,62.95500183105469,63.7599983215332,2328000
2023-06-28,63.56999969482422,65.16999816894531,63.20000076293945,63.810001373291016,2556000
2023-06-29,63.369998931884766,64.62999725341797,63.0099983215332,63.2400016784668,2485500
2023-06-30,63.97999954223633,65.29000091552734,63.34000015258789,63.619998931884766,2674900
2023-07-03,63.959999084472656,65.1500015258789,63.790000915527344,64.05999755859375,1292100
2023-07-05,63.529998779296875,66.0,62.61800003051758,65.2699966430664,3859600
2023-07-06,63.599998474121094,63.88999938964844,61.209999084472656,61.95000076293945,3858500
2023-07-07,62.11000061035156,64.26699829101562,61.900001525878906,62.45000076293945,2711400
2023-07-10,61.95000076293945,63.790000915527344,61.5099983215332,63.56999969482422,3216700
2023-07-11,64.3499984741211,66.69000244140625,63.689998626708984,65.33000183105469,3802400
2023-07-12,67.0,67.06999969482422,64.3270034790039,65.36000061035156,4063300
2023-07-13,66.48999786376953,69.54000091552734,66.41999816894531,69.52999877929688,5465300
2023-07-14,70.0,71.23999786376953,66.44000244140625,66.88999938964844,4283200
2023-07-17,65.73999786376953,66.62000274658203,62.84000015258789,66.47000122070312,6419600
2023-07-18,66.8499984741211,67.66999816894531,65.41999816894531,65.52999877929688,5874700
2023-07-19,66.69999694824219,69.44999694824219,66.11900329589844,67.61000061035156,7584300
2023-07-20,66.5999984741211,67.5,62.70000076293945,62.83000183105469,6707100
2023-07-21,63.27000045776367,63.52000045776367,60.720001220703125,62.2599983215332,5840200
2023-07-24,60.81999969482422,62.41899871826172,60.61399841308594,61.349998474121094,4101200
2023-07-25,61.75,62.709999084472656,60.29999923706055,60.40999984741211,2846100
2023-07-26,60.400001525878906,61.834999084472656,59.87099838256836,61.38999938964844,3424900
2023-07-27,62.7400016784668,63.08000183105469,60.64500045776367,61.099998474121094,3410700
2023-07-28,62.79999923706055,68.25,62.59000015258789,64.05999755859375,10352600
2023-07-31,65.04000091552734,67.19000244140625,64.9000015258789,66.02999877929688,4321100
2023-08-01,65.62000274658203,66.2020034790039,64.5199966430664,65.45999908447266,2621700
2023-08-02,63.560001373291016,63.810001373291016,60.81999969482422,60.97999954223633,4104400
2023-08-03,60.72999954223633,62.20000076293945,60.29999923706055,61.84000015258789,2699000
2023-08-04,63.119998931884766,63.56999969482422,61.040000915527344,61.279998779296875,3344600
2023-08-07,61.41999816894531,61.7400016784668,59.81999969482422,61.59000015258789,3122600
2023-08-08,60.0099983215332,60.095001220703125,57.099998474121094,58.400001525878906,9552400
2023-08-09,64.12000274658203,64.69999694824219,58.79999923706055,59.689998626708984,13310800
2023-08-10,60.650001525878906,63.56999969482422,59.88999938964844,60.58000183105469,6071700
2023-08-11,61.0,62.11000061035156,60.36000061035156,61.93000030517578,4423600
2023-08-14,60.650001525878906,62.36000061035156,60.11000061035156,61.77000045776367,2727600
2023-08-15,60.900001525878906,61.36000061035156,60.220001220703125,61.220001220703125,3575100
2023-08-16,60.790000915527344,61.90999984741211,60.310001373291016,60.349998474121094,2600600
2023-08-17,60.349998474121094,60.43000030517578,58.599998474121094,58.68000030517578,2874500
2023-08-18,57.4900016784668,59.470001220703125,56.529998779296875,59.310001373291016,2635200
2023-08-21,59.29999923706055,60.75,58.97999954223633,60.560001373291016,2245200
2023-08-22,61.0,61.02000045776367,60.0,60.22999954223633,1707100
2023-08-23,60.150001525878906,62.79999923706055,60.06999969482422,61.529998779296875,2512000
2023-08-24,61.939998626708984,62.2599983215332,58.97999954223633,59.15999984741211,2468900
2023-08-25,58.810001373291016,59.90999984741211,58.20100021362305,59.369998931884766,2331500
2023-08-28,59.709999084472656,59.939998626708984,58.54999923706055,58.56999969482422,1601800
2023-08-29,58.20000076293945,60.638999938964844,57.88999938964844,60.529998779296875,2531500
2023-08-30,60.060001373291016,62.380001068115234,59.92900085449219,61.9900016784668,2261300
2023-08-31,62.29999923706055,64.33499908447266,62.29999923706055,63.709999084472656,3184800
2023-09-01,64.70999908447266,65.8499984741211,64.5719985961914,65.41999816894531,2469500
2023-09-05,64.51000213623047,66.2300033569336,64.02999877929688,65.69000244140625,1780000
2023-09-06,65.25,66.26000213623047,64.9800033569336,66.08000183105469,1720000
2023-09-07,64.8499984741211,67.30999755859375,64.61000061035156,66.87000274658203,2617800
2023-09-08,66.68000030517578,67.4800033569336,64.70999908447266,65.4800033569336,2376300
2023-09-11,65.6500015258789,67.0199966430664,65.08999633789062,66.70999908447266,2152700
2023-09-12,66.4800033569336,67.62000274658203,65.4800033569336,65.80000305175781,1949700
2023-09-13,65.72000122070312,66.0,63.72999954223633,64.58000183105469,1680900
2023-09-14,65.19999694824219,65.31999969482422,64.11299896240234,64.62000274658203,1756300
2023-09-15,64.29000091552734,64.83499908447266,62.150001525878906,62.720001220703125,3714200
2023-09-18,62.0,62.59700012207031,60.77000045776367,60.86000061035156,2935300
2023-09-19,60.5,61.119998931884766,59.5099983215332,60.65999984741211,1868900
2023-09-20,61.04999923706055,61.944000244140625,60.18000030517578,60.22999954223633,1512900
2023-09-21,59.150001525878906,59.790000915527344,58.220001220703125,58.22999954223633,2380100
2023-09-22,59.61000061035156,60.119998931884766,58.275001525878906,59.290000915527344,2864100
2023-09-25,58.650001525878906,59.47999954223633,58.279998779296875,58.52000045776367,1696000
2023-09-26,58.0,59.369998931884766,57.849998474121094,58.279998779296875,1997000
2023-09-27,58.900001525878906,59.0,57.18000030517578,57.439998626708984,2182600
2023-09-28,57.0,58.29999923706055,56.02000045776367,57.93000030517578,1896700
2023-09-29,58.84000015258789,59.79999923706055,58.34000015258789,58.529998779296875,1471800
2023-10-02,58.33000183105469,58.599998474121094,57.314998626708984,57.84000015258789,1975800
2023-10-03,56.81999969482422,57.45000076293945,56.0,56.220001220703125,1870200
2023-10-04,56.689998626708984,56.93000030517578,55.54999923706055,56.27000045776367,1992500
2023-10-05,55.66999816894531,56.130001068115234,55.130001068115234,55.470001220703125,1631100
2023-10-06,54.65999984741211,57.25,54.52799987792969,56.849998474121094,1894900
2023-10-09,56.0099983215332,57.75,55.775001525878906,57.310001373291016,1664700
2023-10-10,57.66999816894531,58.60900115966797,57.45000076293945,58.13999938964844,1514800
2023-10-11,58.31999969482422,58.65999984741211,56.86000061035156,57.41999816894531,1560900
2023-10-12,57.380001068115234,57.5099983215332,55.779998779296875,56.290000915527344,1814100
2023-10-13,56.29999923706055,56.790000915527344,55.2400016784668,55.58000183105469,2357600
2023-10-16,55.43000030517578,57.65999984741211,55.209999084472656,57.34000015258789,1635700
2023-10-17,56.52000045776367,58.83000183105469,56.45000076293945,58.130001068115234,1552600
2023-10-18,57.650001525878906,57.959999084472656,55.88999938964844,56.02000045776367,1645800
2023-10-19,56.4900016784668,56.83000183105469,55.31999969482422,55.40999984741211,1358200
2023-10-20,55.11000061035156,55.11000061035156,53.279998779296875,53.33000183105469,2948300
2023-10-23,52.72999954223633,53.630001068115234,52.029998779296875,52.4900016784668,2295000
2023-10-24,53.13999938964844,54.46500015258789,53.08000183105469,53.619998931884766,1633300
2023-10-25,52.40999984741211,52.91999816894531,51.11000061035156,51.209999084472656,2110400
2023-10-26,51.34000015258789,51.959999084472656,50.1349983215332,50.75,1838800
2023-10-27,50.959999084472656,51.22999954223633,50.029998779296875,50.189998626708984,1250500
2023-10-30,50.869998931884766,50.95000076293945,49.90999984741211,50.40999984741211,1420300
2023-10-31,50.5,51.459999084472656,50.13999938964844,51.2599983215332,1468500
2023-11-01,50.9900016784668,51.23500061035156,49.85599899291992,50.4900016784668,1936400
2023-11-02,52.459999084472656,53.06999969482422,51.900001525878906,52.189998626708984,2183800
2023-11-03,53.25,54.529998779296875,53.02000045776367,54.099998474121094,3623900
2023-11-06,54.189998626708984,54.43000030517578,52.45100021362305,53.209999084472656,3358500
2023-11-07,55.11000061035156,56.220001220703125,54.439998626708984,55.40999984741211,4219500
2023-11-08,55.290000915527344,56.880001068115234,55.02000045776367,55.810001373291016,8346600
2023-11-09,57.209999084472656,60.2400016784668,55.56999969482422,56.0,12350000
2023-11-10,56.150001525878906,58.849998474121094,55.68000030517578,58.84000015258789,5913500
2023-11-13,58.4900016784668,58.9900016784668,57.41999816894531,58.439998626708984,3311600
2023-11-14,59.900001525878906,61.630001068115234,59.709999084472656,61.599998474121094,5004400
2023-11-15,62.0,62.47999954223633,61.1349983215332,62.15999984741211,4128200
2023-11-16,61.5,62.220001220703125,60.93000030517578,61.54999923706055,3080500
2023-11-17,61.4900016784668,63.279998779296875,61.32500076293945,63.11000061035156,2646900
2023-11-20,62.5,64.45999908447266,62.5,63.630001068115234,3245300
2023-11-21,62.95000076293945,63.40700149536133,62.310001373291016,62.529998779296875,1708100
2023-11-22,63.029998779296875,63.540000915527344,62.22999954223633,62.65999984741211,1505500
2023-11-24,62.58000183105469,63.54999923706055,62.46500015258789,63.040000915527344,750600
2023-11-27,62.66999816894531,63.86000061035156,62.400001525878906,62.849998474121094,2038100
2023-11-28,63.54999923706055,65.7249984741211,62.65999984741211,65.0999984741211,4383600
2023-11-29,65.94999694824219,66.94000244140625,65.62000274658203,66.12999725341797,3437000
2023-11-30,66.41999816894531,66.87999725341797,64.0999984741211,64.68000030517578,3276700
2023-12-01,64.5,66.7699966430664,64.0999984741211,66.76000213623047,2759000
2023-12-04,65.98999786376953,67.58899688720703,65.35199737548828,67.5199966430664,2957000
2023-12-05,67.0999984741211,68.5199966430664,66.5,68.37999725341797,2845800
2023-12-06,68.94999694824219,69.75,67.80999755859375,68.30000305175781,2463100
2023-12-07,68.30000305175781,68.93000030517578,67.58000183105469,68.77999877929688,1765700
2023-12-08,68.06999969482422,70.66999816894531,67.83000183105469,70.61000061035156,5206700
2023-12-11,70.38999938964844,71.44000244140625,70.05000305175781,71.16999816894531,2527100
2023-12-12,71.0,72.03800201416016,70.76000213623047,71.13999938964844,1785000
2023-12-13,71.51000213623047,72.79000091552734,69.77999877929688,72.58999633789062,4277500
2023-12-14,73.5,76.4000015258789,73.5,75.81999969482422,4130100
2023-12-15,76.16000366210938,76.66000366210938,74.48999786376953,75.95999908447266,3271900
2023-12-18,75.43000030517578,76.9469985961914,75.06999969482422,76.22000122070312,2057900
2023-12-19,76.23999786376953,78.16000366210938,76.02200317382812,77.8499984741211,2224300
2023-12-20,77.26000213623047,77.7300033569336,74.94000244140625,74.94999694824219,2601100
2023-12-21,76.19000244140625,76.43000030517578,74.86000061035156,76.20999908447266,1851500
2023-12-22,76.30999755859375,76.73999786376953,75.25,76.27999877929688,1408100
2023-12-26,76.19999694824219,77.2699966430664,75.88099670410156,76.91000366210938,1365500
2023-12-27,77.26000213623047,77.73999786376953,76.81999969482422,77.38999938964844,1865600
2023-12-28,77.01000213623047,77.78099822998047,76.9000015258789,77.16999816894531,1402500
2023-12-29,76.9800033569336,77.55999755859375,75.68699645996094,75.87000274658203,1814600
2024-01-02,74.36000061035156,74.69999694824219,70.80999755859375,71.12999725341797,3211900
2024-01-03,69.5199966430664,70.37999725341797,68.4000015258789,68.83999633789062,2418700
2024-01-04,68.38999938964844,69.19999694824219,67.73999786376953,68.48999786376953,1921100
2024-01-05,68.05000305175781,69.5,68.05000305175781,69.02999877929688,1770600
2024-01-08,70.37000274658203,74.47000122070312,70.37000274658203,73.63999938964844,6674500
2024-01-09,73.2699966430664,74.02999877929688,72.29000091552734,72.8499984741211,2497300
2024-01-10,73.12999725341797,73.48999786376953,71.20999908447266,71.26000213623047,2077400
2024-01-11,70.80000305175781,71.88999938964844,69.56999969482422,71.80999755859375,2490000
2024-01-12,73.45999908447266,75.37000274658203,72.91300201416016,73.20999908447266,3135100
2024-01-16,71.97000122070312,73.0999984741211,70.69000244140625,72.01000213623047,2042700
2024-01-17,70.7300033569336,72.04000091552734,69.44000244140625,72.01000213623047,1932700
2024-01-18,72.97000122070312,73.4000015258789,71.56999969482422,72.5199966430664,1549200
2024-01-19,73.2300033569336,73.66999816894531,71.6500015258789,73.36000061035156,2156200
2024-01-22,74.05999755859375,76.02999877929688,73.59400177001953,73.91999816894531,2035500
2024-01-23,74.51000213623047,74.83999633789062,73.44999694824219,73.80000305175781,1358000
2024-01-24,74.87000274658203,74.87000274658203,72.69000244140625,72.80000305175781,1704200
2024-01-25,72.93000030517578,73.2699966430664,71.64199829101562,72.5,2080000
2024-01-26,72.29000091552734,73.44999694824219,71.63999938964844,71.91000366210938,2365600
2024-01-29,72.2300033569336,74.58999633789062,71.79499816894531,74.58999633789062,2590100
2024-01-30,74.19000244140625,74.55999755859375,73.16999816894531,73.18000030517578,1326300
2024-01-31,72.20999908447266,72.44000244140625,70.18000030517578,70.33000183105469,2139600
2024-02-01,71.7750015258789,71.98999786376953,69.25,70.44000244140625,3571100
2024-02-02,70.62000274658203,71.05500030517578,69.93000030517578,70.81999969482422,2648000
2024-02-05,70.0,70.55000305175781,68.20999908447266,69.13999938964844,2348100
2024-02-06,68.95999908447266,69.43000030517578,68.12999725341797,69.12000274658203,2721900
2024-02-07,69.5,70.05000305175781,68.5199966430664,69.70999908447266,1895800
2024-02-08,69.70999908447266,71.13999938964844,69.26000213623047,70.36000061035156,2205500
2024-02-09,71.69000244140625,72.58999633789062,71.12999725341797,71.5999984741211,3310900
2024-02-12,71.68000030517578,72.83999633789062,70.9000015258789,71.18000030517578,2833700
2024-02-13,68.5,70.2699966430664,67.86000061035156,69.30000305175781,3466600
2024-02-14,69.25,72.43000030517578,68.8499984741211,72.2699966430664,8568000
2024-02-15,63.099998474121094,64.88999938964844,61.060001373291016,61.150001525878906,19152900
2024-02-16,60.65999984741211,61.060001373291016,58.15999984741211,58.59000015258789,10999700
2024-02-20,58.290000915527344,58.5,56.37799835205078,56.68000030517578,5784400
2024-02-21,55.709999084472656,56.599998474121094,55.56999969482422,56.25,5093400
2024-02-22,57.400001525878906,57.57699966430664,56.06999969482422,56.52000045776367,4988000
2024-02-23,56.529998779296875,58.310001373291016,55.9900016784668,58.0099983215332,5232600
2024-02-26,58.040000915527344,59.15999984741211,57.42399978637695,57.779998779296875,4527700
2024-02-27,58.099998474121094,58.18000030517578,56.9109992980957,57.7599983215332,4583000
2024-02-28,57.52000045776367,60.470001220703125,57.099998474121094,59.75,5132900
2024-02-29,60.189998626708984,60.849998474121094,59.20000076293945,59.59000015258789,4492900
2024-03-01,59.310001373291016,60.4900016784668,58.83000183105469,60.400001525878906,2580300
2024-03-04,60.279998779296875,60.361000061035156,58.96500015258789,60.22999954223633,2149400
2024-03-05,59.0099983215332,59.20000076293945,55.970001220703125,56.65999984741211,5930200
2024-03-06,57.56999969482422,58.58000183105469,56.54999923706055,58.560001373291016,4814600
2024-03-07,59.0,61.35499954223633,58.689998626708984,61.15999984741211,4960700
2024-03-08,61.41999816894531,63.09000015258789,61.3650016784668,61.86000061035156,3700400
2024-03-11,61.689998626708984,63.02000045776367,61.23500061035156,61.91999816894531,2816100
2024-03-12,62.59000015258789,62.849998474121094,61.75,62.209999084472656,2460900
2024-03-13,61.81999969482422,63.2599983215332,61.75,62.29999923706055,2392900
2024-03-14,62.029998779296875,62.77000045776367,60.54499816894531,60.88999938964844,2741400
2024-03-15,60.459999084472656,61.029998779296875,59.619998931884766,59.65999984741211,4010400
2024-03-18,59.7400016784668,61.18000030517578,59.59000015258789,60.709999084472656,2784100
2024-03-19,59.86000061035156,61.88999938964844,59.75,61.59000015258789,2852100
2024-03-20,61.349998474121094,62.255001068115234,61.099998474121094,61.90999984741211,2188100
2024-03-21,62.13999938964844,62.68000030517578,61.51499938964844,61.540000915527344,2781500
2024-03-22,61.380001068115234,61.84000015258789,61.02000045776367,61.56999969482422,2067400
2024-03-25,61.349998474121094,62.83000183105469,61.349998474121094,62.27000045776367,2125800
2024-03-26,62.599998474121094,62.65999984741211,60.68000030517578,60.709999084472656,2471900
2024-03-27,61.349998474121094,61.604000091552734,60.779998779296875,61.0099983215332,2068900
2024-03-28,61.0,61.470001220703125,60.810001373291016,61.150001525878906,5440700
2024-04-01,61.349998474121094,63.400001525878906,61.22999954223633,62.45000076293945,3858600
2024-04-02,61.130001068115234,61.599998474121094,60.61199951171875,60.88999938964844,2509900
2024-04-03,60.560001373291016,61.2400016784668,60.33000183105469,60.95000076293945,2997000
2024-04-04,60.79999923706055,62.2599983215332,59.90999984741211,60.130001068115234,2326200
2024-04-05,60.0,60.619998931884766,59.630001068115234,60.08000183105469,1832600
2024-04-08,60.08000183105469,61.36000061035156,60.060001373291016,61.27000045776367,2437200
2024-04-09,61.459999084472656,62.224998474121094,60.959999084472656,61.61000061035156,2186100
2024-04-10,60.63999938964844,61.95000076293945,60.310001373291016,61.849998474121094,2297700
2024-04-11,62.4900016784668,62.4900016784668,61.02000045776367,61.33000183105469,2367100
2024-04-12,60.810001373291016,61.209999084472656,60.47999954223633,60.849998474121094,2192100
2024-04-15,60.70000076293945,61.209999084472656,58.939998626708984,59.029998779296875,2420600
2024-04-16,58.869998931884766,59.5,58.45000076293945,59.16999816894531,2481400
2024-04-17,59.5099983215332,60.150001525878906,58.72999954223633,58.7400016784668,1720500
2024-04-18,58.75,59.599998474121094,58.40999984741211,58.41999816894531,2145900
2024-04-19,58.11000061035156,58.810001373291016,57.5,57.54999923706055,2058400
2024-04-22,57.95000076293945,58.88999938964844,57.61000061035156,58.61000061035156,1906800
2024-04-23,58.9900016784668,60.47999954223633,58.96099853515625,60.33000183105469,1870700
2024-04-24,60.939998626708984,61.119998931884766,59.790000915527344,60.97999954223633,1659600
2024-04-25,59.52000045776367,60.04499816894531,58.77000045776367,60.0099983215332,2266800
2024-04-26,60.970001220703125,61.25,60.4900016784668,60.88999938964844,1602600
2024-04-29,61.34000015258789,62.16999816894531,61.0099983215332,61.2599983215332,1731300
2024-04-30,60.810001373291016,61.33000183105469,59.869998931884766,59.880001068115234,1908100
2024-05-01,59.79999923706055,62.16999816894531,59.70500183105469,60.95000076293945,2013600
2024-05-02,61.599998474121094,61.88999938964844,60.43000030517578,61.52000045776367,1941500
2024-05-03,62.720001220703125,62.75,61.5,61.88999938964844,2243700
2024-05-06,62.58000183105469,63.540000915527344,62.38999938964844,63.310001373291016,2226000
2024-05-07,63.0,63.90999984741211,62.810001373291016,63.369998931884766,4908600
2024-05-08,60.189998626708984,60.540000915527344,57.79999923706055,58.619998931884766,8833000
2024-05-09,58.70000076293945,60.2400016784668,58.70000076293945,59.5,3824700
2024-05-10,59.61000061035156,60.220001220703125,59.02000045776367,60.099998474121094,2688200
2024-05-13,60.36000061035156,62.279998779296875,60.11000061035156,62.2400016784668,3073000
2024-05-14,62.32500076293945,62.89500045776367,62.119998931884766,62.220001220703125,2173400
2024-05-15,63.04999923706055,63.25,61.29999923706055,61.439998626708984,3997300
2024-05-16,61.470001220703125,62.08000183105469,61.2400016784668,61.540000915527344,2383200
2024-05-17,61.15999984741211,62.314998626708984,61.111000061035156,62.08000183105469,1679400
2024-05-20,61.689998626708984,62.0099983215332,60.52000045776367,60.90999984741211,2358600
2024-05-21,60.52000045776367,60.709999084472656,59.92399978637695,60.45000076293945,1693700
2024-05-22,60.310001373291016,61.380001068115234,59.720001220703125,60.16999816894531,1792800
2024-05-23,60.5099983215332,60.5099983215332,58.70000076293945,58.93000030517578,1845700
2024-05-24,59.209999084472656,59.58000183105469,58.720001220703125,59.04999923706055,1490300
2024-05-28,59.20000076293945,59.47999954223633,58.31999969482422,58.970001220703125,1337400
2024-05-29,58.11000061035156,58.84000015258789,57.72999954223633,57.779998779296875,3361800
2024-05-30,57.70000076293945,57.90999984741211,57.130001068115234,57.439998626708984,2660000
2024-05-31,57.31999969482422,58.25,56.29800033569336,57.400001525878906,3389800
2024-06-03,58.15999984741211,58.6510009765625,56.59000015258789,57.27000045776367,2152600
2024-06-04,56.619998931884766,57.599998474121094,56.560001373291016,56.7400016784668,1701700
2024-06-05,57.08000183105469,57.393001556396484,56.25,57.029998779296875,2206000
2024-06-06,56.970001220703125,57.880001068115234,56.939998626708984,57.380001068115234,1772600
2024-06-07,57.0,57.470001220703125,56.720001220703125,57.029998779296875,2669300
2024-06-10,56.75,58.119998931884766,56.5,57.79999923706055,2310400
2024-06-11,57.79999923706055,58.04999923706055,57.13999938964844,57.650001525878906,1751700
2024-06-12,58.189998626708984,58.400001525878906,56.41999816894531,56.81999969482422,2949600
2024-06-13,56.959999084472656,57.02000045776367,55.599998474121094,55.689998626708984,2177500
2024-06-14,53.84000015258789,54.58000183105469,53.029998779296875,54.2400016784668,4161800
2024-06-17,54.09000015258789,54.34000015258789,53.42499923706055,53.529998779296875,2679900
2024-06-18,53.310001373291016,53.81999969482422,52.650001525878906,53.02000045776367,2556300
2024-06-20,53.029998779296875,53.4900016784668,52.5099983215332,53.439998626708984,2267700
2024-06-21,53.27000045776367,54.869998931884766,53.060001373291016,54.720001220703125,7343100
2024-06-24,54.56999969482422,55.29999923706055,54.45000076293945,54.810001373291016,2652100
2024-06-25,54.75,55.65999984741211,54.33000183105469,55.439998626708984,2497800
2024-06-26,55.38999938964844,55.630001068115234,55.0099983215332,55.220001220703125,1599200
2024-06-27,55.20000076293945,56.31999969482422,55.0,55.9900016784668,2482000
2024-06-28,55.9900016784668,56.84000015258789,55.7599983215332,56.810001373291016,2646400
2024-07-01,57.0,57.09700012207031,55.939998626708984,56.75,1749100
2024-07-02,56.869998931884766,57.790000915527344,56.40999984741211,57.220001220703125,1424800
2024-07-03,57.189998626708984,57.81999969482422,56.111000061035156,56.43000030517578,1262500
2024-07-05,56.2599983215332,57.459999084472656,56.08000183105469,57.36000061035156,1430400
2024-07-08,57.5,57.540000915527344,56.56999969482422,57.400001525878906,1285900
2024-07-09,57.349998474121094,57.400001525878906,55.72999954223633,56.38999938964844,1595700
2024-07-10,56.599998474121094,56.599998474121094,55.380001068115234,56.029998779296875,1702200
2024-07-11,56.849998474121094,57.459999084472656,56.474998474121094,57.0099983215332,1769600
2024-07-12,57.470001220703125,58.04999923706055,57.040000915527344,57.869998931884766,1925600
2024-07-15,58.0,58.97999954223633,57.400001525878906,58.20000076293945,1754100
2024-07-16,58.720001220703125,60.0,58.54999923706055,59.97999954223633,2146000
2024-07-17,59.40999984741211,60.11000061035156,59.060001373291016,59.29999923706055,1715100
2024-07-18,59.5,59.810001373291016,57.560001373291016,57.650001525878906,2089900
2024-07-19,58.0,58.83000183105469,57.689998626708984,58.650001525878906,1870100
2024-07-22,58.75,58.86000061035156,57.72999954223633,58.0099983215332,2195200
2024-07-23,58.099998474121094,60.65999984741211,58.0,60.029998779296875,2676600
2024-07-24,58.939998626708984,59.47999954223633,56.279998779296875,56.400001525878906,2310100
2024-07-25,56.65999984741211,58.459999084472656,56.5,57.41999816894531,2426600
2024-07-26,58.06999969482422,59.029998779296875,57.45000076293945,58.849998474121094,1620000
2024-07-29,59.5,59.630001068115234,58.459999084472656,58.599998474121094,2529300
2024-07-30,58.83000183105469,59.89699935913086,58.65999984741211,59.0099983215332,1696200
2024-07-31,59.709999084472656,60.220001220703125,59.02000045776367,59.130001068115234,2168100
2024-08-01,59.58000183105469,59.68000030517578,56.15999984741211,56.27000045776367,3408900
2024-08-02,59.70000076293945,63.25,58.59000015258789,62.86000061035156,8081600
2024-08-05,58.0,60.84000015258789,57.650001525878906,59.91999816894531,3530900
2024-08-06,60.209999084472656,61.099998474121094,58.78499984741211,58.86000061035156,2523600
2024-08-07,59.58000183105469,61.18000030517578,58.91999816894531,59.0099983215332,2063500
2024-08-08,59.27000045776367,60.790000915527344,59.2400016784668,60.630001068115234,1662100
2024-08-09,60.689998626708984,61.10499954223633,59.72999954223633,60.40999984741211,1845900
2024-08-12,60.52000045776367,60.900001525878906,59.150001525878906,59.25,1592500
2024-08-13,59.5,61.5099983215332,59.31999969482422,61.45000076293945,1993600
2024-08-14,61.36000061035156,61.779998779296875,60.41999816894531,60.61000061035156,1911800
2024-08-15,61.029998779296875,61.029998779296875,60.09000015258789,60.70000076293945,2837600
2024-08-16,60.060001373291016,61.2400016784668,60.05500030517578,61.189998626708984,2451900
2024-08-19,61.369998931884766,62.2400016784668,61.04999923706055,61.880001068115234,1983700
2024-08-20,61.7400016784668,62.33000183105469,60.494998931884766,60.59000015258789,2053900
2024-08-21,60.869998931884766,60.869998931884766,59.18000030517578,59.25,2169800
2024-08-22,59.380001068115234,59.869998931884766,58.650001525878906,58.900001525878906,1928400
2024-08-23,59.20000076293945,60.880001068115234,59.16999816894531,60.7599983215332,1877400
2024-08-26,60.7599983215332,61.31999969482422,60.560001373291016,60.66999816894531,1520100
2024-08-27,60.16999816894531,62.119998931884766,60.130001068115234,61.9900016784668,1715400
2024-08-28,61.9900016784668,62.33000183105469,60.154998779296875,60.93000030517578,1814000
2024-08-29,61.380001068115234,62.970001220703125,61.28499984741211,62.36000061035156,1721300
2024-08-30,62.790000915527344,62.90999984741211,61.63999938964844,62.7599983215332,2753400
2024-09-03,62.2400016784668,64.30000305175781,60.95000076293945,61.20000076293945,2219900
2024-09-04,60.709999084472656,61.625999450683594,60.349998474121094,60.84000015258789,1470800
2024-09-05,60.599998474121094,61.39500045776367,60.380001068115234,61.349998474121094,1408000
2024-09-06,61.5,62.06999969482422,58.09000015258789,58.099998474121094,2377600
2024-09-09,58.540000915527344,59.540000915527344,58.525001525878906,58.84000015258789,1363900
2024-09-10,59.119998931884766,59.220001220703125,56.849998474121094,57.27000045776367,1883700
2024-09-11,57.36000061035156,58.970001220703125,57.15999984741211,58.939998626708984,1716000
2024-09-12,59.0,59.79999923706055,58.7599983215332,59.150001525878906,1508400
2024-09-13,59.33000183105469,60.25899887084961,59.209999084472656,59.459999084472656,1863100
2024-09-16,59.72999954223633,60.55500030517578,59.5099983215332,60.29999923706055,1412300
2024-09-17,60.68000030517578,60.810001373291016,59.86399841308594,60.099998474121094,1899300
2024-09-18,60.11000061035156,61.41999816894531,59.86000061035156,60.5,1759000
2024-09-19,61.79999923706055,62.83000183105469,61.40999984741211,62.630001068115234,2262200
2024-09-20,62.38999938964844,63.47999954223633,61.90999984741211,63.220001220703125,3613300
2024-09-23,63.619998931884766,64.0,62.689998626708984,63.029998779296875,1522900
2024-09-24,63.47999954223633,63.7599983215332,62.34000015258789,63.0,1188900
2024-09-25,62.880001068115234,63.400001525878906,62.380001068115234,62.65999984741211,1204200
2024-09-26,63.29999923706055,64.2699966430664,62.95000076293945,64.02999877929688,1489400
2024-09-27,64.41000366210938,64.75499725341797,63.869998931884766,64.66000366210938,1511800
2024-09-30,64.43000030517578,65.63999938964844,64.43000030517578,65.22000122070312,2193200
2024-10-01,65.19999694824219,65.58999633789062,63.189998626708984,63.72999954223633,2433500
2024-10-02,64.76000213623047,66.54000091552734,64.09300231933594,66.38999938964844,2518600
2024-10-03,65.54000091552734,66.79000091552734,65.5,66.2699966430664,1833400
2024-10-04,67.02999877929688,67.55000305175781,66.5,67.4800033569336,1763300
2024-10-07,69.16000366210938,70.2969970703125,68.27999877929688,68.58999633789062,3145500
2024-10-08,67.5999984741211,69.19000244140625,67.5999984741211,67.73999786376953,1615200
2024-10-09,67.66000366210938,69.20999908447266,67.6500015258789,69.16000366210938,1354200
2024-10-10,68.95999908447266,70.12999725341797,68.77799987792969,70.08999633789062,1421800
2024-10-11,70.0999984741211,71.0199966430664,69.9000015258789,70.27999877929688,1440300
2024-10-14,70.37999725341797,71.04000091552734,70.16999816894531,70.98999786376953,1293300
2024-10-15,70.83999633789062,71.19000244140625,70.06999969482422,70.1500015258789,1503800
2024-10-16,70.16000366210938,70.55000305175781,69.6500015258789,70.5,1137700
2024-10-17,70.38999938964844,70.56999969482422,69.70999908447266,70.20999908447266,1450000
2024-10-18,70.08000183105469,71.5,70.08000183105469,70.8499984741211,1342300
2024-10-21,70.73999786376953,71.4000015258789,70.4000015258789,70.56999969482422,944700
2024-10-22,70.26000213623047,70.88999938964844,70.25,70.63999938964844,1084100
2024-10-23,70.41999816894531,70.66000366210938,69.4000015258789,70.5999984741211,1831500
2024-10-24,70.87999725341797,71.87999725341797,70.5,71.23999786376953,1971800
2024-10-25,71.30999755859375,71.88999938964844,70.44000244140625,70.47000122070312,2136200
2024-10-28,71.41000366210938,71.6500015258789,70.36000061035156,70.58999633789062,1635300
2024-10-29,70.45999908447266,71.4800033569336,70.02999877929688,71.29000091552734,1733100
2024-10-30,71.05000305175781,71.86000061035156,70.5,70.56999969482422,3337900
2024-10-31,80.5,83.30000305175781,79.11000061035156,80.6500015258789,8582100
2024-11-01,81.0,85.58999633789062,80.02999877929688,84.83999633789062,6734200
2024-11-04,85.0,88.95999908447266,84.69499969482422,87.5,4380000
2024-11-05,87.5,89.22000122070312,86.5250015258789,88.69000244140625,4277900
2024-11-06,90.0,91.19000244140625,88.94000244140625,90.30000305175781,3727600
2024-11-07,90.12999725341797,92.52999877929688,89.41000366210938,92.41000366210938,3732000
2024-11-08,91.55999755859375,92.5250015258789,90.75,92.29000091552734,2796000
2024-11-11,93.56500244140625,96.04000091552734,93.05000305175781,94.05000305175781,3145200
2024-11-12,95.06999969482422,98.48999786376953,94.3499984741211,96.47000122070312,4499600
2024-11-13,96.87999725341797,100.06999969482422,96.2300033569336,99.8499984741211,4715100
2024-11-14,100.4800033569336,101.0,96.87999725341797,97.12999725341797,3386100
2024-11-15,97.6500015258789,98.0,96.06999969482422,96.58999633789062,3158300
2024-11-18,96.37999725341797,97.61100006103516,94.3499984741211,96.41000366210938,3123200
2024-11-19,95.98999786376953,96.3499984741211,94.08999633789062,96.3499984741211,2292100
2024-11-20,95.37999725341797,98.79000091552734,94.69999694824219,98.44000244140625,2763000
2024-11-21,98.62000274658203,102.48999786376953,98.5999984741211,102.06999969482422,4216400
2024-11-22,102.5199966430664,104.73999786376953,102.22000122070312,104.3499984741211,2504200
2024-11-25,105.9000015258789,108.44000244140625,105.0,105.41000366210938,5962900
2024-11-26,104.91999816894531,105.91999816894531,103.7509994506836,104.41000366210938,1761900
2024-11-27,104.80999755859375,105.18000030517578,102.16000366210938,102.91000366210938,1397600
2024-11-29,103.27999877929688,104.87000274658203,103.05999755859375,104.54000091552734,910400
2024-12-02,105.45999908447266,107.4800033569336,105.08000183105469,105.0999984741211,1903500
2024-12-03,104.4800033569336,107.55699920654297,104.26000213623047,107.30000305175781,1714300
2024-12-04,108.55000305175781,110.66000366210938,108.19000244140625,109.94999694824219,2839300
2024-12-05,110.0,110.87999725341797,108.94999694824219,110.33000183105469,1636700
2024-12-06,111.0,113.56999969482422,110.4000015258789,113.41999816894531,2631200
2024-12-09,113.41999816894531,113.9000015258789,108.27999877929688,110.19999694824219,2517200
2024-12-10,110.19999694824219,112.33300018310547,107.30999755859375,108.44000244140625,2200000
2024-12-11,108.5,113.33000183105469,108.31999969482422,112.98999786376953,2870200
2024-12-12,112.0,115.19999694824219,111.92500305175781,114.95999908447266,2288200
2024-12-13,115.5999984741211,116.43000030517578,111.7699966430664,112.9800033569336,2178400
2024-12-16,112.72000122070312,113.53299713134766,110.80999755859375,111.58999633789062,3186300
2024-12-17,110.0,110.94000244140625,108.12999725341797,109.76000213623047,3659800
2024-12-18,110.7699966430664,111.79000091552734,104.8499984741211,105.45999908447266,3434800
2024-12-19,106.4000015258789,107.4000015258789,104.75,106.02999877929688,2192200
2024-12-20,104.55000305175781,108.27999877929688,103.77999877929688,107.93000030517578,9641200
2024-12-23,107.80999755859375,110.66000366210938,106.55000305175781,109.69000244140625,1973800
2024-12-24,110.02999877929688,111.4800033569336,109.94999694824219,111.37999725341797,868600
2024-12-26,111.02999877929688,112.11000061035156,110.6500015258789,111.48999786376953,981400
2024-12-27,111.47000122070312,111.54000091552734,108.7699966430664,109.29000091552734,1001100
2024-12-30,107.30999755859375,109.3499984741211,106.32599639892578,108.62000274658203,1118200
2024-12-31,108.5,108.69000244140625,106.58999633789062,108.08000183105469,1549000
2025-01-02,109.55000305175781,109.94000244140625,107.30999755859375,109.06999969482422,1335400
2025-01-03,109.80000305175781,113.08999633789062,109.37000274658203,113.08999633789062,1925100
2025-01-06,114.26000213623047,114.97000122070312,112.02999877929688,113.01000213623047,1829500
2025-01-07,113.7300033569336,113.7300033569336,108.88999938964844,109.81999969482422,1810500
2025-01-08,113.16999816894531,113.83999633789062,108.7509994506836,111.05999755859375,2741000
2025-01-10,108.98999786376953,109.5199966430664,107.30999755859375,108.08000183105469,2351200
2025-01-13,107.04000091552734,108.94999694824219,105.52999877929688,107.95999908447266,2014900
2025-01-14,109.27999877929688,111.76000213623047,108.55999755859375,108.69000244140625,1573900
2025-01-15,111.19999694824219,113.69999694824219,110.5,112.36000061035156,2102500
2025-01-16,114.08000183105469,117.91999816894531,113.73999786376953,114.62999725341797,3049900
2025-01-17,115.83999633789062,116.12999725341797,111.4000015258789,111.94000244140625,2792100
2025-01-21,113.55999755859375,114.3499984741211,111.66000366210938,113.87999725341797,2438200
2025-01-22,114.2300033569336,116.37000274658203,111.97000122070312,112.6500015258789,1994800
2025-01-23,112.12000274658203,113.44999694824219,109.75,113.4000015258789,3592100
2025-01-24,137.5399932861328,141.39999389648438,133.50999450683594,136.22999572753906,17519400
2025-01-27,135.82000732421875,142.30999755859375,135.43600463867188,138.99000549316406,7540200
2025-01-28,141.77999877929688,148.3699951171875,139.61000061035156,146.97000122070312,7048300
2025-01-29,145.85000610351562,147.88800048828125,143.4499969482422,146.10000610351562,4603300
2025-01-30,146.1999969482422,149.22000122070312,144.60000610351562,148.35000610351562,3454700
2025-01-31,150.0,151.9499969482422,146.0,146.5800018310547,4087300
2025-02-03,142.5399932861328,147.3090057373047,141.16000366210938,146.57000732421875,3107300
2025-02-04,147.47000122070312,148.0,144.57000732421875,145.9199981689453,2217200
2025-02-05,146.83999633789062,147.80999755859375,144.77999877929688,147.11000061035156,2419000
2025-02-06,148.14999389648438,149.19000244140625,145.22000122070312,147.42999267578125,2449900
2025-02-07,147.5,148.30999755859375,145.22999572753906,145.64999389648438,2249000
2025-02-10,146.19000244140625,146.49000549316406,142.89999389648438,144.4600067138672,1768100
2025-02-11,143.7899932861328,145.6199951171875,141.3300018310547,143.24000549316406,2021100
2025-02-12,141.22999572753906,144.6699981689453,139.60000610351562,144.58999633789062,2903500
2025-02-13,145.27999877929688,147.4199981689453,142.48500061035156,147.27999877929688,5911600
2025-02-14,131.86000061035156,131.9499969482422,122.01000213623047,125.16999816894531,15503300
2025-02-18,126.7699966430664,126.83999633789062,121.28299713134766,125.58000183105469,7411500
2025-02-19,123.62000274658203,124.41999816894531,120.0999984741211,121.2300033569336,4877700
2025-02-20,120.62000274658203,121.76499938964844,116.52999877929688,118.0,3821300
2025-02-21,117.44999694824219,119.1500015258789,112.94000244140625,114.30999755859375,3306500
2025-02-24,119.27999877929688,120.08999633789062,113.91000366210938,118.0199966430664,3644300
2025-02-25,116.5,118.5,111.73799896240234,115.2699966430664,3516400
2025-02-26,116.5,119.98999786376953,116.5,119.22000122070312,2092600
2025-02-27,120.0999984741211,121.70999908447266,116.91999816894531,117.23999786376953,1835800
2025-02-28,117.0,120.0,115.7770004272461,119.93000030517578,3049800
2025-03-03,119.9800033569336,121.4729995727539,116.26000213623047,116.41000366210938,2358500
2025-03-04,114.01000213623047,116.64299774169922,109.25,114.77999877929688,3196500
2025-03-05,115.11000061035156,117.33999633789062,113.93000030517578,116.76000213623047,1852700
2025-03-06,114.77999877929688,115.98999786376953,107.8499984741211,108.80999755859375,3099600
2025-03-07,108.33000183105469,109.69999694824219,101.72000122070312,106.08000183105469,5235900
2025-03-10,103.01000213623047,103.01000213623047,97.55999755859375,98.56999969482422,4118300
2025-03-11,98.94999694824219,102.0999984741211,97.97000122070312,100.08000183105469,3289100
2025-03-12,103.31999969482422,104.61000061035156,100.08000183105469,102.80999755859375,2352200
2025-03-13,101.7300033569336,102.05000305175781,94.52999877929688,94.9000015258789,4140200
2025-03-14,98.0,99.58499908447266,97.26100158691406,98.97000122070312,2363900
2025-03-17,98.01000213623047,101.70999908447266,96.70999908447266,100.41000366210938,1691000
2025-03-18,99.37999725341797,100.83899688720703,97.62000274658203,99.26000213623047,1420100
2025-03-19,100.37999725341797,104.19000244140625,100.125,103.0,2000800
2025-03-20,101.4000015258789,104.0199966430664,101.18800354003906,101.79000091552734,1450000
2025-03-21,100.66000366210938,103.55000305175781,99.66999816894531,103.44999694824219,2330100
2025-03-24,106.38999938964844,107.58000183105469,105.0,106.2699966430664,1728200
2025-03-25,106.97000122070312,108.97000122070312,104.94999694824219,105.88999938964844,1677100
2025-03-26,106.06999969482422,107.31999969482422,103.2699966430664,104.19999694824219,1222400
2025-03-27,103.20999908447266,103.48999786376953,100.76000213623047,101.81999969482422,1073100
2025-03-28,101.06999969482422,101.81500244140625,97.75299835205078,98.9800033569336,1343600
2025-03-31,96.81999969482422,98.3499984741211,94.12999725341797,97.91000366210938,2099300
2025-04-01,98.08999633789062,98.95999908447266,96.27999877929688,98.16999816894531,1549500
2025-04-02,96.29000091552734,101.4000015258789,96.29000091552734,100.36000061035156,1703700
2025-04-03,95.27999877929688,95.27999877929688,88.7699966430664,89.52999877929688,4848100
2025-04-04,84.83999633789062,87.5,80.36000061035156,83.58000183105469,3442500
2025-04-07,78.31999969482422,87.38999938964844,77.51200103759766,83.70999908447266,2991300
2025-04-08,86.55000305175781,86.90499877929688,79.80999755859375,81.33999633789062,2561700
2025-04-09,80.54000091552734,93.44999694824219,78.3949966430664,91.9800033569336,3946900
2025-04-10,88.66999816894531,89.76899719238281,83.83999633789062,85.7300033569336,2464900
2025-04-11,85.45999908447266,86.95999908447266,83.16999816894531,86.86000061035156,1931200
2025-04-14,89.56999969482422,90.2699966430664,85.37000274658203,86.41999816894531,1630000
2025-04-15,86.69000244140625,88.55000305175781,86.12999725341797,88.30999755859375,1520700
2025-04-16,86.9000015258789,88.06999969482422,84.01000213623047,85.7699966430664,2094900
2025-04-17,86.05000305175781,86.61499786376953,84.55000305175781,84.97000122070312,1494200
2025-04-21,83.83999633789062,84.0,80.9000015258789,81.55999755859375,2016300
2025-04-22,82.6500015258789,84.55000305175781,82.11000061035156,83.87000274658203,1876600
2025-04-23,88.5999984741211,90.5199966430664,86.80999755859375,87.12999725341797,1948100
2025-04-24,88.1500015258789,93.64600372314453,87.96499633789062,93.52999877929688,2348400
2025-04-25,93.41999816894531,95.80000305175781,93.0250015258789,95.06999969482422,2286200
2025-04-28,96.2699966430664,96.77999877929688,94.34700012207031,95.68000030517578,2894600
2025-04-29,95.68000030517578,97.30500030517578,95.5,96.4800033569336,3700800
2025-04-30,93.16999816894531,96.86000061035156,92.44999694824219,96.70999908447266,3353600
2025-05-01,99.0,99.42400360107422,97.0,97.87999725341797,5043800
2025-05-02,102.68000030517578,104.25,97.12999725341797,100.11000061035156,7165000
2025-05-05,99.16000366210938,105.70999908447266,98.58000183105469,103.05000305175781,4073800
2025-05-06,101.31999969482422,103.61000061035156,99.58000183105469,100.87999725341797,2810400
2025-05-07,100.72000122070312,104.2699966430664,100.5199966430664,103.55999755859375,3152400
2025-05-08,105.2699966430664,107.30999755859375,104.94000244140625,105.2300033569336,3676600
2025-05-09,106.55000305175781,107.27999877929688,104.69999694824219,105.69000244140625,1665300
2025-05-12,110.31999969482422,111.63500213623047,108.58000183105469,111.19000244140625,2776700
2025-05-13,111.73999786376953,115.52999877929688,111.51000213623047,114.54000091552734,3401100
2025-05-14,114.41000366210938,115.66999816894531,113.26000213623047,114.29000091552734,2542000
2025-05-15,112.77999877929688,114.2699966430664,111.69999694824219,114.2300033569336,3069200
2025-05-16,114.0999984741211,117.2300033569336,113.47599792480469,116.33999633789062,3351500
2025-05-19,114.48999786376953,116.33999633789062,113.80000305175781,116.1500015258789,2557800
2025-05-20,115.86000061035156,117.875,115.84400177001953,117.55999755859375,2811600
2025-05-21,115.86000061035156,116.66500091552734,113.4739990234375,114.55000305175781,2779100
2025-05-22,113.55000305175781,116.38999938964844,112.69000244140625,115.87999725341797,1865700
2025-05-23,113.62999725341797,115.30999755859375,113.2300033569336,113.48999786376953,1958000
2025-05-27,114.94999694824219,116.98999786376953,114.26000213623047,116.94999694824219,2013800
2025-05-28,116.8499984741211,118.41999816894531,116.12000274658203,117.87999725341797,2029000
2025-05-29,119.25,119.5199966430664,115.04000091552734,117.2300033569336,2301000
2025-05-30,116.7699966430664,118.22000122070312,114.91999816894531,117.69999694824219,2757900
2025-06-02,117.5999984741211,121.16999816894531,116.8740005493164,119.5999984741211,3020200
2025-06-03,119.81999969482422,119.81999969482422,115.7699966430664,117.4800033569336,2814800
2025-06-04,117.08999633789062,119.94000244140625,116.0,119.87000274658203,1927600
2025-06-05,119.83000183105469,123.45999908447266,118.97000122070312,120.80000305175781,2099900
2025-06-06,121.86000061035156,122.5,120.61000061035156,121.7300033569336,1696900
2025-06-09,121.48999786376953,122.25,120.11000061035156,121.41999816894531,1573700
2025-06-10,121.25,121.5999984741211,117.12000274658203,119.12999725341797,1987300
2025-06-11,118.56999969482422,120.0,117.73999786376953,118.19000244140625,1557800
2025-06-12,117.61000061035156,119.27999877929688,114.91000366210938,115.80000305175781,2136700
2025-06-13,113.22000122070312,115.01000213623047,112.31999969482422,113.38999938964844,1976300
2025-06-16,114.19499969482422,117.04000091552734,114.19499969482422,116.66999816894531,1440500
2025-06-17,115.80999755859375,116.98999786376953,115.21299743652344,116.31999969482422,1273500
2025-06-18,116.2699966430664,117.2750015258789,115.30999755859375,116.68000030517578,1971800
2025-06-20,117.06999969482422,117.41999816894531,115.52999877929688,116.5,2885200
2025-06-23,115.94999694824219,117.91999816894531,113.72000122070312,117.76000213623047,1401700
2025-06-24,119.55999755859375,121.84500122070312,118.66999816894531,121.62000274658203,1637000
2025-06-25,122.11000061035156,122.66999816894531,119.16000366210938,119.81999969482422,1354600
2025-06-26,120.08000183105469,121.66999816894531,117.44000244140625,121.43000030517578,1715000
2025-06-27,121.79000091552734,123.9800033569336,121.30000305175781,122.73999786376953,2919900
2025-06-30,124.1500015258789,125.52100372314453,123.0199966430664,124.36000061035156,2076500
2025-07-01,124.55999755859375,125.19000244140625,117.19999694824219,117.2300033569336,3035100
2025-07-02,116.48999786376953,117.18000030517578,114.52999877929688,116.51000213623047,1992800
2025-07-03,116.38999938964844,121.2300033569336,116.06999969482422,120.2699966430664,1607200
2025-07-07,119.79000091552734,121.97000122070312,118.9010009765625,121.48999786376953,1521300
2025-07-08,122.0,122.30999755859375,119.33999633789062,122.12000274658203,1485700
2025-07-09,122.5,122.94999694824219,121.05999755859375,121.48999786376953,1615100
2025-07-10,121.88999938964844,121.88999938964844,114.91000366210938,117.31999969482422,2881100
2025-07-11,117.01000213623047,117.08000183105469,112.11000061035156,113.16000366210938,2771700
2025-07-14,114.0,118.58999633789062,113.44000244140625,118.4800033569336,2936900
2025-07-15,118.4800033569336,128.10000610351562,118.47000122070312,126.16000366210938,5998400
2025-07-16,127.7699966430664,128.1300048828125,119.26000213623047,122.16000366210938,4488400
2025-07-17,122.94000244140625,127.26000213623047,122.61000061035156,126.41000366210938,2585400
2025-07-18,126.6500015258789,131.4199981689453,126.55999755859375,131.0,3349600
2025-07-21,132.1999969482422,133.8000030517578,129.44000244140625,131.10000610351562,3465600
2025-07-22,130.5399932861328,131.47000122070312,127.02999877929688,131.0,2113100
2025-07-23,130.9499969482422,134.02999877929688,129.8000030517578,132.6999969482422,2372000
2025-07-24,133.41000366210938,135.39999389648438,130.66000366210938,131.6699981689453,1818500
2025-07-25,132.0,133.1199951171875,130.2100067138672,131.05999755859375,2017400
2025-07-28,131.9600067138672,132.91000366210938,130.72000122070312,131.50999450683594,1113700
2025-07-29,132.52999877929688,132.52999877929688,128.55999755859375,129.85000610351562,2071900
2025-07-30,129.64999389648438,131.63999938964844,128.1300048828125,130.9199981689453,1531400
2025-07-31,132.22999572753906,132.22999572753906,128.10000610351562,129.0,2431800
2025-08-01,126.08000183105469,126.16500091552734,120.16000366210938,121.16000366210938,2802900
2025-08-04,122.69999694824219,125.95999908447266,122.0999984741211,125.31999969482422,2452800
2025-08-05,125.8499984741211,126.27999877929688,123.1500015258789,124.6500015258789,2095000
2025-08-06,125.94000244140625,130.66000366210938,125.80999755859375,130.22000122070312,3190800
2025-08-07,131.33999633789062,132.39300537109375,119.13899993896484,122.38999938964844,6509600
2025-08-08,103.44999694824219,105.75,97.61000061035156,98.66999816894531,17652200
2025-08-11,99.0,99.01000213623047,91.83999633789062,92.44000244140625,7871200
2025-08-12,92.77999877929688,97.87000274658203,92.55000305175781,95.2300033569336,6241200
2025-08-13,95.20999908447266,103.8499984741211,95.20999908447266,101.70999908447266,6462600
2025-08-14,100.08999633789062,101.79000091552734,99.44000244140625,100.83999633789062,3668900
2025-08-15,104.6500015258789,107.44000244140625,104.2300033569336,105.66999816894531,10053800
2025-08-18,104.81999969482422,107.83000183105469,104.70700073242188,105.05000305175781,24831700
2025-08-19,105.0,105.8489990234375,103.01000213623047,103.33000183105469,5323900
2025-08-20,101.9800033569336,102.43000030517578,98.93000030517578,101.94000244140625,4402700
2025-08-21,100.43000030517578,101.3499984741211,99.44999694824219,100.97000122070312,2605800
2025-08-22,101.06999969482422,106.68000030517578,100.13999938964844,106.37999725341797,3688800
2025-08-25,105.88999938964844,106.19999694824219,104.31999969482422,104.58999633789062,1600100
2025-08-26,105.0,105.0,102.04000091552734,102.44000244140625,4303200
2025-08-27,102.8499984741211,105.13999938964844,102.55999755859375,103.1500015258789,1901100
2025-08-28,104.12000274658203,107.04000091552734,103.69999694824219,106.38999938964844,2640800
2025-08-29,106.55000305175781,107.41200256347656,104.77999877929688,105.61000061035156,2224200
2025-09-02,102.72000122070312,105.0250015258789,101.80999755859375,104.19000244140625,1835100
2025-09-03,103.68000030517578,105.71299743652344,103.0,105.23999786376953,1678400
2025-09-04,104.37999725341797,106.43000030517578,102.5,106.02999877929688,1792300
2025-09-05,107.16500091552734,111.25,106.9749984741211,108.66999816894531,2500500
2025-09-08,109.20999908447266,110.18499755859375,106.58999633789062,109.08000183105469,1938500
2025-09-09,109.30000305175781,110.07499694824219,107.0,107.0,2188200
2025-09-10,107.51000213623047,109.19000244140625,104.12999725341797,104.25,2419800
2025-09-11,104.76000213623047,105.0999984741211,102.47000122070312,102.55999755859375,3571100
2025-09-12,102.79000091552734,103.47000122070312,100.88999938964844,102.33000183105469,2937000
2025-09-15,103.44000244140625,104.83999633789062,102.66000366210938,104.4800033569336,3389300
2025-09-16,103.70999908447266,104.07499694824219,100.69999694824219,102.11000061035156,2673200
2025-09-17,103.0,104.77999877929688,102.2699966430664,103.52999877929688,2187600
2025-09-18,104.70999908447266,108.51000213623047,104.68000030517578,108.37999725341797,2183600
2025-09-19,108.5999984741211,108.5999984741211,105.72100067138672,106.5,6576300
2025-09-22,105.7750015258789,106.13899993896484,103.76000213623047,105.19000244140625,2203100
2025-09-23,105.43000030517578,105.55999755859375,102.98999786376953,103.43000030517578,2198200
2025-09-24,104.55000305175781,106.18000030517578,102.37000274658203,103.23999786376953,1847000
2025-09-25,102.0,102.30999755859375,100.7699966430664,101.33000183105469,2263900
2025-09-26,101.7699966430664,102.61000061035156,101.06999969482422,102.33999633789062,2571400
2025-09-29,103.36000061035156,104.58999633789062,102.58999633789062,104.29000091552734,1707200
2025-09-30,104.05000305175781,104.3499984741211,98.44000244140625,100.08999633789062,4315500
2025-10-01,101.30999755859375,104.0,100.70999908447266,102.69999694824219,3222300
2025-10-02,102.19999694824219,105.76000213623047,102.19999694824219,105.41999816894531,2888900
2025-10-03,105.16000366210938,105.16000366210938,99.2249984741211,102.94000244140625,5511600
2025-10-06,103.75,110.48999786376953,102.87999725341797,109.69999694824219,4357000
2025-10-07,110.0,110.79499816894531,104.9800033569336,107.55000305175781,2671600
2025-10-08,108.80000305175781,114.22000122070312,108.2300033569336,114.05000305175781,3625300
2025-10-09,113.7699966430664,115.33000183105469,112.4800033569336,113.95999908447266,1965600
2025-10-10,114.91000366210938,115.74700164794922,107.04000091552734,107.12000274658203,2435300
2025-10-13,109.0,110.80000305175781,107.66000366210938,110.52999877929688,1161900
2025-10-14,108.51000213623047,109.22000122070312,105.70500183105469,108.0999984741211,1751500
2025-10-15,109.12000274658203,109.55999755859375,106.38500213623047,107.86000061035156,2052000
2025-10-16,109.2300033569336,111.69000244140625,106.13899993896484,106.2300033569336,2124000
2025-10-17,104.91999816894531,108.0,104.5,106.6500015258789,1405100
2025-10-20,107.95999908447266,110.7030029296875,107.16999816894531,109.0199966430664,1369000
2025-10-21,109.08499908447266,111.94000244140625,108.4000015258789,111.11000061035156,1460800
2025-10-22,109.95999908447266,111.41999816894531,108.67400360107422,109.41000366210938,1628200
2025-10-23,108.87999725341797,111.52999877929688,108.87999725341797,110.81999969482422,1131500
2025-10-24,112.0,113.69000244140625,111.54000091552734,112.55999755859375,1272000
2025-10-27,114.16999816894531,115.0,113.35199737548828,114.48999786376953,2144900
2025-10-28,115.0,115.37000274658203,113.33000183105469,113.4800033569336,1523500
2025-10-29,113.08999633789062,113.81500244140625,111.18000030517578,111.61000061035156,2099800
2025-10-30,110.94999694824219,114.7300033569336,109.51000213623047,112.86000061035156,4818700
2025-10-31,126.8499984741211,138.18499755859375,124.0,134.8800048828125,10240200
2025-11-03,135.69000244140625,138.07000732421875,131.53500366210938,136.10000610351562,3583400
2025-11-04,133.19000244140625,134.87100219726562,129.6020050048828,129.97000122070312,2519000
2025-11-05,130.5,132.84100341796875,128.57000732421875,131.41000366210938,1735700
2025-11-06,132.8699951171875,133.86000061035156,126.81999969482422,127.4800033569336,2276300
2025-11-07,125.11000061035156,127.76000213623047,123.0199966430664,127.68000030517578,1684400
2025-11-10,129.6300048828125,131.5590057373047,128.72999572753906,130.61000061035156,1223900
2025-11-11,130.0,132.19000244140625,129.4429931640625,130.63999938964844,1183600
2025-11-12,131.50999450683594,132.44000244140625,128.02000427246094,128.42999267578125,1327200
2025-11-13,126.41999816894531,127.98999786376953,123.69999694824219,123.98999786376953,1956600
2025-11-14,120.79000091552734,127.94499969482422,120.48999786376953,125.36000061035156,1544400
2025-11-17,124.27999877929688,124.98999786376953,119.62000274658203,120.22000122070312,2517600
2025-11-18,116.9800033569336,122.51000213623047,116.62000274658203,120.68000030517578,2208800
2025-11-19,120.41999816894531,123.15499877929688,118.73999786376953,120.1500015258789,1719000
2025-11-20,121.5,125.0,118.19999694824219,118.87999725341797,1722300
2025-11-21,119.02999877929688,120.87000274658203,114.72000122070312,120.56999969482422,1904100
2025-11-24,120.66000366210938,125.06999969482422,120.56999969482422,124.38999938964844,3074600
2025-11-25,124.73999786376953,129.4199981689453,124.19000244140625,128.5399932861328,2224900
2025-11-26,128.27999877929688,129.16000366210938,126.94000244140625,127.01000213623047,1262900
2025-11-28,128.30999755859375,131.0,127.41000366210938,129.69000244140625,934400
2025-12-01,128.0500030517578,129.25999450683594,126.27999877929688,127.55999755859375,2065100
2025-12-02,129.2899932861328,132.2100067138672,127.56999969482422,129.77000427246094,2005600
2025-12-03,127.8499984741211,130.25999450683594,127.2300033569336,128.1199951171875,1912000
2025-12-04,128.8000030517578,128.99000549316406,124.56999969482422,125.22000122070312,2579700
2025-12-05,125.12999725341797,128.63999938964844,123.0,127.31999969482422,2672200
2025-12-08,127.58999633789062,130.99000549316406,127.02999877929688,130.1300048828125,2020700
2025-12-09,129.6999969482422,132.22999572753906,129.22999572753906,129.64999389648438,1813200
2025-12-10,129.64999389648438,136.0,129.22000122070312,134.97000122070312,2511600
2025-12-11,134.30999755859375,135.7550048828125,132.60000610351562,134.24000549316406,1736100
2025-12-12,134.0,135.36000061035156,131.27999877929688,132.9199981689453,1993700
2025-12-15,134.75,135.1999969482422,131.52999877929688,133.9600067138672,1914600
2025-12-16,132.7100067138672,140.60000610351562,132.7100067138672,137.5,3374600
2025-12-17,137.50999450683594,142.97000122070312,137.1999969482422,139.22000122070312,3109700
2025-12-18,140.6699981689453,142.3209991455078,138.5,138.89999389648438,2159500
2025-12-19,140.41000366210938,143.3300018310547,138.8350067138672,141.74000549316406,4568800
2025-12-22,143.5,143.99000549316406,140.8000030517578,141.9499969482422,2005700
2025-12-23,141.0,142.48300170898438,139.64999389648438,140.97000122070312,1830500
2025-12-24,140.30999755859375,141.41000366210938,139.60000610351562,140.30999755859375,556000
2025-12-26,139.88999938964844,140.875,139.6999969482422,140.4600067138672,634200
2025-12-29,139.5399932861328,141.75999450683594,139.0,141.52000427246094,1083500
2025-12-30,143.0500030517578,145.89999389648438,142.4550018310547,144.13999938964844,2414300
2025-12-31,143.89999389648438,144.0,142.1199951171875,142.24000549316406,1430800
2026-01-02,142.85000610351562,144.7899932861328,136.50999450683594,138.36000061035156,2056900
2026-01-05,136.2100067138672,138.53500366210938,133.52000427246094,136.24000549316406,2838100
2026-01-06,134.72999572753906,139.5749969482422,132.60000610351562,139.3800048828125,2457300
2026-01-07,140.0,143.7899932861328,139.72500610351562,142.89999389648438,1575100
2026-01-08,141.89999389648438,141.99000549316406,134.0850067138672,137.42999267578125,2386800
2026-01-09,137.40499877929688,138.47000122070312,130.77999877929688,131.38999938964844,2674100
2026-01-12,129.0,133.30499267578125,128.55999755859375,132.00999450683594,1863800
2026-01-13,132.32000732421875,133.52000427246094,128.55999755859375,129.8300018310547,1261900
2026-01-14,128.50999450683594,129.60000610351562,120.80999755859375,123.02999877929688,3322400
2026-01-15,124.19999694824219,124.73999786376953,119.29000091552734,119.77999877929688,2628400
2026-01-16,120.62999725341797,121.72000122070312,118.58999633789062,119.06999969482422,1745700
2026-01-20,116.19000244140625,121.11000061035156,116.11000061035156,119.72000122070312,2394200
2026-01-21,120.12999725341797,121.98999786376953,118.72100067138672,120.2699966430664,1353200
2026-01-22,121.48999786376953,126.44999694824219,121.48999786376953,126.41999816894531,1715100
2026-01-23,127.18000030517578,129.91000366210938,126.5,128.3000030517578,3375400
2026-01-26,129.3300018310547,136.2550048828125,128.85000610351562,133.97000122070312,2861500
2026-01-27,135.94000244140625,136.89999389648438,132.80999755859375,133.85000610351562,2112300
2026-01-28,134.85000610351562,137.63999938964844,133.97000122070312,135.86000061035156,1922200
2026-01-29,132.22000122070312,132.4949951171875,121.63999938964844,123.72000122070312,3625800
2026-01-30,121.16999816894531,123.91999816894531,119.62000274658203,120.45999908447266,2958100
2026-02-02,120.87000274658203,123.70500183105469,118.22000122070312,120.0,2456600
2026-02-03,117.5999984741211,117.79000091552734,106.41000366210938,109.5,4624800
2026-02-04,108.63999938964844,113.58799743652344,105.0,111.8499984741211,3868600
2026-02-05,110.33000183105469,112.61000061035156,108.19300079345703,109.05000305175781,2985400
2026-02-06,110.08999633789062,115.36000061035156,109.32499694824219,115.0199966430664,3273300
2026-02-09,114.94000244140625,117.19000244140625,112.48999786376953,116.9800033569336,2607800
2026-02-10,118.79000091552734,121.5999984741211,115.0,118.76000213623047,2953400
2026-02-11,120.0,120.0,109.12000274658203,110.44000244140625,4701100
2026-02-12,111.01000213623047,113.44999694824219,107.08000183105469,110.41000366210938,5042700
2026-02-13,106.9000015258789,116.47000122070312,105.1500015258789,113.0,6475900
2026-02-17,111.0,111.38999938964844,105.62000274658203,108.48999786376953,4219900
2026-02-18,107.87999725341797,112.5,105.5999984741211,110.62000274658203,1901600
2026-02-19,109.69999694824219,111.55999755859375,107.26000213623047,110.95999908447266,1692000
2026-02-20,109.83000183105469,114.9000015258789,109.01000213623047,113.13999938964844,2172400
2026-02-23,111.1500015258789,111.1500015258789,106.12000274658203,108.5,2865900
2026-02-24,108.41000366210938,117.06999969482422,107.12000274658203,113.8499984741211,3091500
2026-02-25,115.4000015258789,119.80000305175781,114.19000244140625,118.31999969482422,2527800
2026-02-26,119.98999786376953,122.29000091552734,118.5,119.61000061035156,2043300
2026-02-27,116.62000274658203,121.27999877929688,116.0,120.95999908447266,2852200
2026-03-02,122.70999908447266,125.75,121.16200256347656,123.80999755859375,2003500
2026-03-03,121.04000091552734,125.37000274658203,117.98999786376953,123.51000213623047,2011500
2026-03-04,123.77999877929688,123.77999877929688,120.25,122.98999786376953,2142200
2026-03-05,123.55999755859375,128.0500030517578,123.25,125.4800033569336,2179800
2026-03-06,124.68000030517578,128.4499969482422,122.6969985961914,128.02999877929688,1640400
2026-03-09,125.5,127.7699966430664,123.76000213623047,126.66000366210938,1992200
2026-03-10,127.0,127.88999938964844,123.80999755859375,125.1500015258789,1594900
2026-03-11,125.48999786376953,128.39999389648438,123.72000122070312,126.68000030517578,1158700
2026-03-12,126.37000274658203,129.8000030517578,124.67500305175781,125.51000213623047,1319000
2026-03-13,125.62999725341797,127.7699966430664,122.23999786376953,124.5,1303000
2026-03-16,125.1500015258789,128.2899932861328,124.50199890136719,126.31999969482422,1497700
2026-03-17,126.04000091552734,130.16000366210938,125.61499786376953,126.87999725341797,1093100
2026-03-18,126.08000183105469,129.32000732421875,125.1500015258789,126.55000305175781,1104000
2026-03-19,126.23999786376953,128.6699981689453,125.16000366210938,127.3499984741211,1240600
2026-03-20,125.3499984741211,126.8499984741211,123.12000274658203,124.11000061035156,3580100
2026-03-23,125.97000122070312,129.16000366210938,125.27999877929688,127.08999633789062,1446000
2026-03-24,126.22000122070312,127.58499908447266,122.19999694824219,122.79000091552734,1584100
2026-03-25,124.62000274658203,128.2899932861328,122.83000183105469,125.43000030517578,1537900
2026-03-26,124.4800033569336,128.5500030517578,123.08000183105469,126.0999984741211,1721600
2026-03-27,124.33999633789062,124.3499984741211,118.79499816894531,119.98999786376953,2091500
2026-03-30,120.70999908447266,123.55000305175781,119.19999694824219,120.9800033569336,1396200
2026-03-31,121.22000122070312,125.86000061035156,120.0999984741211,125.81999969482422,1573800
2026-04-01,127.5,132.67999267578125,124.87000274658203,130.4600067138672,1892700
2026-04-02,128.0,132.1750030517578,126.25,130.9499969482422,1075200
2026-04-06,134.0800018310547,135.5500030517578,130.57000732421875,131.52999877929688,2055100
2026-04-07,131.8300018310547,134.5,130.9250030517578,132.55999755859375,3078300
2026-04-08,137.5,139.0,129.4600067138672,129.61000061035156,2926900
2026-04-09,128.5,129.0500030517578,118.76000213623047,124.83000183105469,3978800
2026-04-10,124.5999984741211,124.5999984741211,112.98999786376953,117.6500015258789,3207100
2026-04-13,118.13999938964844,124.36000061035156,116.19999694824219,124.23999786376953,2356400
2026-04-14,126.19999694824219,128.64999389648438,122.70999908447266,124.0,1877000
2026-04-15,126.26000213623047,134.5399932861328,125.40499877929688,134.07000732421875,2195500
2026-04-16,136.6300048828125,138.99000549316406,135.08999633789062,136.9600067138672,2423900
2026-04-17,139.0,140.37600708007812,137.24000549316406,140.11000061035156,1814600
2026-04-20,139.41000366210938,145.66000366210938,138.0,145.6199951171875,2062200
2026-04-21,145.75999450683594,149.89999389648438,143.58999633789062,145.3000030517578,2191700
2026-04-22,152.11000061035156,154.63999938964844,146.86000061035156,150.4499969482422,3382300
2026-04-23,147.38999938964844,149.0,138.77999877929688,141.58999633789062,2480700
2026-04-24,142.75,144.3300018310547,141.17999267578125,143.7899932861328,1582700
2026-04-27,143.97999572753906,144.57000732421875,140.88999938964844,142.58999633789062,1819400
2026-04-28,143.35000610351562,145.5,141.15499877929688,142.16000366210938,2108600
2026-04-29,141.69000244140625,143.1750030517578,140.0,140.91000366210938,1813400
2026-04-30,143.0,148.56500244140625,139.05999755859375,148.05999755859375,5725600
2026-05-01,177.77000427246094,184.1300048828125,171.00999450683594,183.33999633789062,7393600
2026-05-04,183.10000610351562,192.6999969482422,181.88999938964844,189.6699981689453,5316000
2026-05-05,191.55999755859375,196.3699951171875,189.6999969482422,195.5800018310547,3382700
2026-05-06,196.5,200.0,189.41000366210938,191.39999389648438,2944400
2026-05-07,198.55999755859375,201.39999389648438,194.55299377441406,197.07000732421875,2588900
2026-05-08,198.75,203.7100067138672,194.67999267578125,201.6999969482422,2874100
2026-05-11,201.0,203.7100067138672,196.42999267578125,198.58999633789062,1981200
2026-05-12,197.02999877929688,198.47000122070312,191.47000122070312,192.77999877929688,2974800
2026-05-13,193.02000427246094,196.30999755859375,189.5500030517578,192.61000061035156,2670200
2026-05-14,192.58999633789062,198.39999389648438,188.17999267578125,198.0399932861328,2835000
2026-05-15,197.7899932861328,201.49000549316406,193.0,198.2899932861328,3734400
2026-05-18,197.0,199.5,192.47999572753906,197.67999267578125,2721500
2026-05-19,199.5,202.5,195.27999877929688,195.9499969482422,2919100
2026-05-20,194.42999267578125,196.42999267578125,186.7899932861328,189.3300018310547,3049700
2026-05-21,191.0,191.0,181.6699981689453,183.3000030517578,2789500
2026-05-22,186.8800048828125,188.3699951171875,183.44000244140625,187.8800048828125,1322900
2026-05-26,188.0,189.8000030517578,180.36000061035156,189.64999389648438,2204500
2026-05-27,190.0,190.9499969482422,180.91000366210938,181.57000732421875,2396300
2026-05-28,186.0,188.74000549316406,182.10000610351562,184.60000610351562,1659100
2026-05-29,187.92999267578125,193.0800018310547,182.11000061035156,190.63999938964844,3865400
2026-06-01,195.36500549316406,231.36000061035156,194.51300048828125,227.5399932861328,7290700
2026-06-02,217.8000030517578,229.6199951171875,215.97999572753906,229.3000030517578,3006200
2026-06-03,223.7100067138672,227.9600067138672,215.3800048828125,227.25999450683594,3220500
2026-06-04,226.0,238.47999572753906,222.6199951171875,236.63999938964844,3930200
2026-06-05,233.7949981689453,237.3000030517578,224.22999572753906,225.99000549316406,3389100
2026-06-08,225.6300048828125,227.5,212.00999450683594,212.5399932861328,2957100
2026-06-09,210.0,213.88999938964844,194.531005859375,204.69000244140625,2340400
2026-06-10,201.19500732421875,211.74000549316406,199.0,207.08999633789062,2014100
2026-06-11,204.0,208.3699951171875,199.07000732421875,206.6199951171875,1890900
2026-06-12,205.88999938964844,206.6199951171875,198.22000122070312,204.0800018310547,1567800
2026-06-15,208.0,209.85000610351562,201.63999938964844,202.0,1813900
2026-06-16,200.05999755859375,201.08999633789062,189.8000030517578,192.67999267578125,2463500
2026-06-17,192.30999755859375,193.5,185.25999450683594,188.11000061035156,1826000
2026-06-18,185.27000427246094,188.83700561523438,179.35000610351562,186.1699981689453,4716700
2026-06-22,184.47999572753906,188.95599365234375,179.1999969482422,183.63999938964844,1821200
2026-06-23,181.75,188.5749969482422,180.61500549316406,184.0399932861328,2057600
2026-06-24,189.0,193.1999969482422,185.5500030517578,188.33999633789062,2195900
2026-06-25,185.89999389648438,195.66000366210938,182.66000366210938,190.8800048828125,2656700
2026-06-26,188.1300048828125,194.3300018310547,185.3070068359375,191.57000732421875,2158700
2026-06-29,194.5399932861328,201.49000549316406,192.7899932861328,198.77000427246094,1843300
2026-06-30,195.0399932861328,206.94000244140625,194.47000122070312,206.3300018310547,1776200
2026-07-01,207.8000030517578,210.77499389648438,203.38999938964844,209.27999877929688,1550100
2026-07-02,209.14500427246094,211.9600067138672,205.0240020751953,209.30999755859375,1652900
2026-07-06,206.99000549316406,213.8800048828125,206.27999877929688,209.0800018310547,1505600
2026-07-07,213.58999633789062,220.27000427246094,207.7030029296875,211.97000122070312,2146100
2026-07-08,208.375,216.30999755859375,206.35800170898438,215.5,1498300
2026-07-09,212.57000732421875,218.66000366210938,207.4499969482422,218.60000610351562,1516200
2026-07-10,228.5,229.22000122070312,213.93800354003906,214.55999755859375,2066000
2026-07-13,213.22999572753906,220.1699981689453,208.99000549316406,218.24000549316406,1922600
2026-07-14,211.69000244140625,222.7100067138672,210.36000061035156,217.8300018310547,2114700
2026-07-15,222.22999572753906,223.69000244140625,211.0500030517578,211.5399932861328,1583800
2026-07-16,212.05999755859375,213.9149932861328,206.47000122070312,206.6999969482422,1510000
2026-07-17,202.75,209.8000030517578,200.0500030517578,206.77999877929688,2413900
2026-07-20,205.94500732421875,212.7899932861328,202.0399932861328,205.24000549316406,1554900
2026-07-21,202.3000030517578,207.8300018310547,194.0,196.22000122070312,1426800
2026-07-22,194.74000549316406,194.74000549316406,182.38999938964844,183.3800048828125,1931900
2026-07-23,184.6999969482422,186.0,179.64500427246094,185.05999755859375,1826000
2026-07-24,188.10000610351562,192.22000122070312,186.00100708007812,191.4600067138672,1403200
2026-07-27,194.4199981689453,198.72000122070312,191.8300018310547,194.47000122070312,1301500
2026-07-28,193.32000732421875,196.6999969482422,188.52999877929688,194.3300018310547,1126100
2026-07-29,193.6300048828125,195.0,182.60000610351562,188.25,1687200
2026-07-30,186.6699981689453,191.69500732421875,184.0399932861328,190.94000244140625,1219700
2026-07-31,192.11000061035156,197.80999755859375,190.72000122070312,197.35000610351562,1561400
2026-08-03,199.4949951171875,199.99000549316406,194.57000732421875,196.58999633789062,1764400
2026-08-04,194.24000549316406,199.99000549316406,189.3300018310547,194.0500030517578,3255700
2026-08-05,191.50999450683594,198.47999572753906,187.94500732421875,193.22000122070312,2318000
2026-08-06,187.10000610351562,194.99000549316406,187.10000610351562,193.1999969482422,4539700
2026-08-07,235.25,254.5,227.02000427246094,241.27999877929688,8126900
2026-08-10,244.5,255.57000732421875,242.6999969482422,250.05999755859375,3369400
2026-08-11,248.77000427246094,258.3529968261719,244.08999633789062,255.9499969482422,2936400
2026-08-12,252.6300048828125,257.989990234375,244.3699951171875,246.6199951171875,3092600
2026-08-13,247.38999938964844,254.57000732421875,245.55999755859375,249.4199981689453,2162300
2026-08-14,250.80999755859375,251.94000244140625,233.30999755859375,238.1999969482422,2797800
2026-08-17,237.72999572753906,240.0,228.17999267578125,228.61000061035156,3150200
2026-08-18,230.64999389648438,239.42999267578125,229.02000427246094,232.10000610351562,2633100
2026-08-19,232.1199951171875,234.47999572753906,220.28599548339844,221.8699951171875,2144900
2026-08-20,219.85000610351562,222.8699951171875,216.5500030517578,219.88999938964844,1528400
2026-08-21,219.38999938964844,225.6999969482422,215.7899932861328,225.3000030517578,1535200
2026-08-24,222.58999633789062,226.4499969482422,219.19000244140625,222.58999633789062,1377700
2026-08-25,221.85000610351562,227.91000366210938,219.67999267578125,223.97000122070312,1764400
2026-08-26,220.07000732421875,228.64999389648438,219.55999755859375,228.4600067138672,1372300
2026-08-27,233.30999755859375,241.80999755859375,231.68499755859375,241.33999633789062,2042900
2026-08-28,240.80999755859375,243.97999572753906,237.2899932861328,237.77999877929688,1756900
2026-08-31,234.69000244140625,239.48399353027344,232.60000610351562,235.6300048828125,1956700
2026-09-01,231.0,234.8800048828125,224.55999755859375,228.64999389648438,1674300
2026-09-02,226.08999633789062,230.92999267578125,222.9250030517578,226.75,1292500
2026-09-03,230.3699951171875,241.00999450683594,229.1999969482422,240.47999572753906,1616700
2026-09-04,239.52000427246094,239.52000427246094,231.2100067138672,232.97999572753906,1474900
2026-09-08,229.02999877929688,229.02999877929688,221.86000061035156,225.88999938964844,1809000
2026-09-09,226.02000427246094,231.97999572753906,225.0,227.19000244140625,1454500
2026-09-10,224.8699951171875,234.3699951171875,222.6300048828125,231.1300048828125,1399500
2026-09-11,230.32000732421875,235.32000732421875,226.6300048828125,227.35000610351562,1250300
2026-09-14,229.25999450683594,233.8800048828125,225.52000427246094,231.8800048828125,1352600
2026-09-15,230.00999450683594,244.88999938964844,226.74000549316406,242.16000366210938,2248100
2026-09-16,241.8800048828125,243.9499969482422,235.1999969482422,238.8800048828125,2247500
2026-09-17,237.69000244140625,247.27999877929688,236.17999267578125,246.24000549316406,1587900
2026-09-18,248.6300048828125,249.4459991455078,238.5,243.83999633789062,4056000
2026-09-21,247.1199951171875,266.4800109863281,244.13999938964844,266.05999755859375,3021000
