Date,Open,High,Low,Close,Volume
2021-09-22,369.9515886621068,376.401574578552,369.9515886621068,373.38671875,3629400
2021-09-23,374.3916521480859,379.00532895380337,372.2995372564838,372.77459716796875,2681600
2021-09-24,371.7787882938182,372.6467157157365,370.21654681510466,371.90667724609375,1950400
2021-09-27,372.59185535604763,376.5385968833462,369.9698392199531,370.2530517578125,2608600
2021-09-28,367.8137650368113,369.0927938949531,362.71588360693005,364.1776428222656,3115400
2021-09-29,362.69765274317893,367.12859941707114,361.6013262677296,365.8130187988281,2056300
2021-09-30,366.79964191454303,368.6268338786586,356.7226793476751,356.9784851074219,3779900
2021-10-01,357.7642494536188,359.67366201626464,350.0169442478059,358.52252197265625,3146600
2021-10-04,357.7824958860425,361.00748896473755,351.5152400987345,353.5708312988281,3074800
2021-10-05,355.6994915997476,361.79318967218916,355.6081264163296,359.43609619140625,3269400
2021-10-06,356.987685779869,360.6694770477306,352.5019254612328,360.1852722167969,2809200
2021-10-07,362.47837549924526,372.9025097115742,362.43267896858185,369.7323303222656,2813700
2021-10-08,371.2945891248079,373.77042671438045,367.85034191331425,373.1674499511719,2012200
2021-10-11,372.74721718020857,375.6889978035761,369.28468007675554,369.9972839355469,2164200
2021-10-12,370.10685753766563,373.09433426388716,367.54879992202785,368.3984375,2415700
2021-10-13,368.48988478399724,370.2896703977034,363.71176666214205,368.6817321777344,3021800
2021-10-14,388.8813216940748,396.04391181700254,381.7004418053593,384.03924560546875,6038800
2021-10-15,385.583262945268,393.29401706148377,385.08079619031815,391.0831298828125,3312000
2021-10-18,391.0190807095154,391.0190807095154,387.2185180746877,387.9311218261719,2232800
2021-10-19,389.9502077599098,390.85468685007646,386.81657985509196,387.7119140625,1616800
2021-10-20,390.10553194497953,397.89850550771405,389.959353224323,397.49652099609375,2764000
2021-10-21,397.87118688111224,404.26636095268003,397.48746416928975,404.06536865234375,2465100
2021-10-22,402.74967383695923,410.4695715063433,402.40250288178146,410.3507995605469,2736200
2021-10-25,411.11828673013196,413.53019406170546,407.8658865144597,410.65234375,3553500
2021-10-26,411.56594480816125,418.16211051290594,408.9165213940616,415.3573913574219,3103900
2021-10-27,415.35725995808866,420.6561051099848,414.2974853515625,414.2974853515625,3520400
2021-10-28,413.8590495165526,418.33566500581514,413.4205133343026,416.0882263183594,1672600
2021-10-29,415.147203660945,421.5241144224684,413.9138433601527,420.68359375,2497800
2021-11-01,421.91698488855667,425.5165559858839,412.1963083729392,414.8731384277344,2203100
2021-11-02,416.83737134007896,417.00181194900205,411.46542173599806,412.98199462890625,2600000
2021-11-03,411.5019860895253,417.98849638591815,408.4140266720808,417.8149108886719,2438200
2021-11-04,418.0616068790584,418.8929827273385,413.09164155618686,417.294189453125,2517300
2021-11-05,418.271693111471,421.6428649744325,415.3025057657712,416.4262390136719,2905000
2021-11-08,417.3763876407677,424.08217972980424,415.0558457191463,422.6478271484375,2279900
2021-11-09,422.64783171565057,424.3379901103683,420.51916502789703,424.2283630371094,2657800
2021-11-10,425.1785033565132,425.73578359606165,417.175392579952,420.162841796875,2818200
2021-11-11,420.2542235141805,421.030785807692,416.08822735502105,417.8697509765625,2246800
2021-11-12,420.8663446328749,421.1678190905111,417.5865099665102,419.33148193359375,2609500
2021-11-15,418.42696232162143,418.6188096724115,411.57499241460795,411.84906005859375,2849600
2021-11-16,413.84984065206373,418.74672968086696,410.54262761268916,410.7710266113281,3383800
2021-11-17,411.47451601795814,414.736032550145,409.9579433115502,410.158935546875,2281500
2021-11-18,409.9579505551169,413.6854100352214,408.47790158844435,410.6340026855469,2073800
2021-11-19,409.40984085063366,410.61579444142563,401.5255017367276,401.9822998046875,3536100
2021-11-22,404.55868067564234,405.4083184601352,399.5978599433847,399.7348937988281,2598700
2021-11-23,398.33706172701375,408.8525343343295,398.32791684378094,408.4962463378906,2857000
2021-11-24,408.04861677172914,412.01362090120597,407.1350205792946,411.26446533203125,2248800
2021-11-26,406.4771802146549,409.45548447679755,400.3469304432166,401.9000549316406,2480600
2021-11-29,405.2346813049563,413.9321060845035,402.4847481396313,412.9454345703125,4079700
2021-11-30,408.4323173974434,412.3516529256185,403.12432567398594,405.83770751953125,7435400
2021-12-01,413.75862189752877,416.5268174388817,405.76465465492186,405.9473571777344,4325500
2021-12-02,404.8601003903664,409.19056480178295,401.2696744597235,407.48211669921875,4738700
2021-12-03,410.41519749618084,416.5287713073149,408.0321224358395,411.8359069824219,3038300
2021-12-06,414.4297119719745,423.2563407538968,413.8522647848698,421.72564697265625,4721500
2021-12-07,424.1454968005893,426.89522449459633,421.8357356074269,425.9603271484375,3105200
2021-12-08,427.2068529129304,430.9464982056381,423.9071741169167,429.7457580566406,3228300
2021-12-09,429.44330334380965,434.8969411125347,428.37089723817724,433.8337097167969,2977400
2021-12-10,432.62382847006705,438.5632504222564,431.7164272723058,438.3341064453125,2572300
2021-12-13,437.2250593660768,440.19478453115664,434.4661847156893,438.25164794921875,2724800
2021-12-14,439.7272405956484,442.742782813459,437.37163407352375,439.46142578125,3018000
2021-12-15,440.50639517438333,454.0717076764837,440.084778080929,453.1368103027344,4188600
2021-12-16,452.79767598647766,455.5015581483406,449.22300754642754,451.74359130859375,4080800
2021-12-17,450.4237455849549,451.991082557542,445.8041951707393,446.4824523925781,5707200
2021-12-20,441.7895578569371,444.5484601048635,435.6118456046454,443.375244140625,3145600
2021-12-21,446.3908202512431,448.2056507473866,441.97294532034806,446.5649719238281,2536000
2021-12-22,446.5099740451723,454.11757130854056,445.36425409331076,452.9076843261719,1687500
2021-12-23,453.7050109372417,456.59221904887136,451.69770774202794,454.0533142089844,1706500
2021-12-27,457.07811288100044,458.56296152525294,455.20831798096077,457.8297119140625,1349400
2021-12-28,460.12105200754985,463.16409037944686,458.65452513191616,460.9826354980469,1495500
2021-12-29,462.6692162342257,464.9056638349727,460.1211361608079,463.4024658203125,1573900
2021-12-30,465.55637369071667,466.7479391015351,461.63343009647605,462.3483581542969,1309800
2021-12-31,462.08260254266565,464.5848369284252,460.15778749630465,460.24945068359375,1695400
2022-01-03,458.2878938696961,460.94595805980566,451.91768095623803,460.377685546875,3033600
2022-01-04,461.2209823414457,461.7250878740276,449.9287610721979,449.94708251953125,3908100
2022-01-05,453.49417468976856,455.53814868627154,448.8379821777344,448.8379821777344,3921100
2022-01-06,439.95644560304174,443.75108337277317,424.4846394571997,430.4698791503906,6555200
2022-01-07,428.67337673785573,428.9300168660969,417.54613209754564,420.3417053222656,5494200
2022-01-10,417.95858114919355,426.9960054643052,416.5287250829961,426.207763671875,5831800
2022-01-11,428.2242286893358,431.20310006535715,422.23898978191994,429.8740539550781,3332800
2022-01-12,429.8465820491687,435.66684435269076,427.43598306265153,434.2003173828125,3502300
2022-01-13,436.189341779177,436.79425729041697,427.10607076833634,428.4350891113281,3005300
2022-01-14,430.68986810181457,433.69623597001964,426.2811122374397,429.5899658203125,3665400
2022-01-18,426.3635342793445,426.8584650219239,420.1124812393216,422.5322265625,3938800
2022-01-19,428.9576003465328,435.82274615327736,423.0090306089047,423.93475341796875,4030900
2022-01-20,425.63948237441366,432.28465704767126,423.45802745448333,424.3746032714844,3228600
2022-01-21,424.8329362327094,431.5147824793128,422.6056634744006,422.69732666015625,4273200
2022-01-24,419.85590360898055,425.41952569572237,410.7451374811336,423.70550537109375,4780700
2022-01-25,416.1896105438115,421.15743607764244,409.956877866675,418.728515625,3428900
2022-01-26,420.2041709503865,425.18117064465844,415.6212921221423,420.1858215332031,4435900
2022-01-27,419.8650353884095,429.58074458381185,418.88432052866074,423.0914001464844,3508100
2022-01-28,422.9080746426816,427.3809690868461,417.1153087896924,427.1793212890625,3364400
2022-01-31,426.20775459158546,433.7053380559303,425.65780350745507,433.146240234375,3500500
2022-02-01,435.3735447045282,435.3735447045282,424.1454901305693,429.33331298828125,3148600
2022-02-02,429.92909633478126,441.7712694608859,429.92909633478126,439.7547912597656,3026800
2022-02-03,457.05058677211764,458.45294684109905,443.22863390791997,447.99481201171875,4370900
2022-02-04,441.56041897007515,448.78304119641854,440.1305628713415,442.8619689941406,3066400
2022-02-07,444.45682733800373,446.6107863182381,441.14797376162727,443.3477783203125,2937200
2022-02-08,441.19371892133273,454.31908966246056,441.19371892133273,452.24761962890625,3534700
2022-02-09,455.5383000502213,459.1404372388234,454.8875388822204,456.5465393066406,2818100
2022-02-10,451.1752721419036,452.9901023331182,444.6034391845645,446.11578369140625,2626100
2022-02-11,444.2459924887056,449.5163038186779,436.6934161598208,438.242431640625,2493800
2022-02-14,435.4743083393913,437.8849071324782,430.1765014142131,434.82354736328125,2549500
2022-02-15,436.2351397844369,441.0288418519068,435.5568825636196,438.3341064453125,3001000
2022-02-16,435.83181883371674,441.54209647730335,432.07385223576813,440.0022277832031,2651800
2022-02-17,438.2790376565131,439.3055980186365,429.7732158353408,431.10223388671875,2403100
2022-02-18,431.01986442800205,435.3002866597916,427.88516219735027,428.7834167480469,2992300
2022-02-22,425.1353960635858,428.2151056956936,419.62679381293276,423.925537109375,3029800
2022-02-23,428.21503557454633,428.70081961304265,420.56162231231997,421.27655029296875,2840300
2022-02-24,412.0191762798717,418.49937441390546,408.55452059948226,417.8577880859375,3933000
2022-02-25,418.5544278351996,436.0885313175818,418.16948157655395,436.06103515625,3314400
2022-02-28,426.9868792262804,437.49083097738617,426.7668819943747,436.17095947265625,3918300
2022-03-01,431.60642337183475,437.1700176251979,428.7100402759579,436.5192565917969,2917600
2022-03-02,438.2974209648308,446.52828241205594,438.02245939033565,444.8876037597656,3675900
2022-03-03,445.4558666671768,450.3870492551333,441.99121104529905,445.99664306640625,3139400
2022-03-04,440.58890168872387,457.97634881767084,437.655847419807,457.05059814453125,4170100
2022-03-07,458.2879417235665,458.2879417235665,442.7244731528308,446.2532958984375,4123300
2022-03-08,438.8565174274091,444.07183638992484,432.18384618135326,433.9620056152344,3849500
2022-03-09,442.32112595028275,447.0323388682626,434.0811186698413,445.06170654296875,3115500
2022-03-10,439.34229880471366,452.5226642711362,437.9674350017629,450.4420471191406,2834800
2022-03-11,448.45632887982003,453.9444802943251,443.56573721038313,443.89666748046875,2615000
2022-03-14,450.8189097078996,455.59001752016843,446.1121588001346,448.5390930175781,2704100
2022-03-15,450.4512355264299,459.5889628343221,447.9783479278573,457.7228088378906,3043000
2022-03-16,459.4878168423755,464.70019337313,450.46042787904105,458.0445556640625,3497100
2022-03-17,455.9669575673718,466.1894380950896,455.21313449316415,466.0975036621094,2357200
2022-03-18,467.67861085767674,469.46203198491975,461.0781291478928,465.27008056640625,5065600
2022-03-21,464.249743926074,471.5948476835261,463.6521841511415,466.68585205078125,2617700
2022-03-22,468.16590063195383,470.53767994463607,464.0934605597107,464.53472900390625,2752500
2022-03-23,461.730836004373,466.1342339741742,460.86670292334026,462.6133728027344,2753200
2022-03-24,464.2405324843457,474.150486030837,463.19253048943364,472.0177307128906,2789200
2022-03-25,472.6888166987051,474.83997584241246,468.13832874352096,471.6224670410156,2551100
2022-03-28,472.8083153397502,475.4007148054959,467.7430283633708,471.7787170410156,2643000
2022-03-29,475.363858835639,477.6529333590746,466.35484658703257,469.5080261230469,3478400
2022-03-30,473.5344449883701,479.13293379460134,471.11671297401335,478.7835998535156,3041200
2022-03-31,475.3638882658509,479.7673144913408,468.53361197896953,468.80938720703125,3979700
2022-04-01,469.46211508837723,473.23123056516175,465.7114313858261,471.2179870605469,2344100
2022-04-04,470.8687100351875,471.1168797377817,463.80855412459016,468.8554382324219,2657500
2022-04-05,468.83698712009226,482.37808449912467,466.99841070001344,475.9706726074219,3268600
2022-04-06,476.39354560607245,490.45870117946134,476.1913291167137,488.83154296875,3955600
2022-04-07,487.22278223686595,494.834516031255,485.74274159092465,493.6118469238281,2867000
2022-04-08,495.49644690128315,504.66172530408153,494.6690648988854,501.89471435546875,3986700
2022-04-11,499.7250465225097,503.41140120735434,493.3268365160834,494.062255859375,3574000
2022-04-12,492.1959845260858,497.0866036291464,487.9397325235059,490.63323974609375,3575700
2022-04-13,490.27471102512266,494.8343999659577,485.9540459554247,493.6576843261719,3012000
2022-04-14,495.0367523059368,508.6330061394231,490.96431184733353,491.6537780761719,4211300
2022-04-18,494.48519877959455,497.33497006468417,487.5721328120159,490.9735107421875,2087100
2022-04-19,492.63748181600005,498.69556104537713,492.0399219031274,494.3013916015625,2207600
2022-04-20,498.38306247065884,504.10100979744203,495.49648322100535,501.9407043457031,2986300
2022-04-21,501.47171655811417,503.7699370739625,492.76608417635225,494.062255859375,2539900
2022-04-22,489.11646190402183,490.30232344513274,478.19531394637283,478.89398193359375,3453300
2022-04-25,478.3975899551195,483.78460520846477,470.4273491132273,481.9552307128906,3030400
2022-04-26,481.9276077268543,483.784587732942,472.0636638946627,472.3118896484375,2895300
2022-04-27,473.3507027192684,478.85728663808715,468.6715568034333,472.3395080566406,3353700
2022-04-28,475.05138610456765,483.8030278504412,471.75111673075025,482.0931091308594,2582700
2022-04-29,476.97268607362514,477.9379836232562,466.04236336933224,467.5040283203125,2873200
2022-05-02,469.5815905674162,472.0636798624358,453.5216250231994,460.7012634277344,3184300
2022-05-03,460.68296467610594,464.7186258510106,457.3275678870525,459.2948303222656,2763400
2022-05-04,459.1844625654966,468.62554241694096,453.2918217514254,466.6490783691406,4002600
2022-05-05,466.27218444398784,469.452941981485,449.7433996986921,454.790283203125,3359700
2022-05-06,445.8640413053393,461.087453785113,445.8548394446267,459.2948303222656,3260300
2022-05-09,450.81902821749384,454.70762827038925,445.33087531726613,447.1602783203125,3862700
2022-05-10,453.9536554243542,456.2886550587826,442.28788716510223,448.6217956542969,4275500
2022-05-11,445.2940590248671,460.1221552693268,445.2940590248671,446.9119873046875,3936300
2022-05-12,446.8660955709518,447.59234126011927,433.3709486306747,440.1552734375,3997600
2022-05-13,442.15923513417584,447.6933398308406,437.40650294026887,446.22247314453125,2453400
2022-05-16,446.2316454002462,455.5624141175375,445.0733334027732,449.734130859375,2338800
2022-05-17,454.12836280903986,454.790251423571,449.03549841540934,452.7770080566406,2289000
2022-05-18,448.8516336121225,449.7249405073919,430.557777288602,433.33404541015625,3240500
2022-05-19,426.8438713484017,442.7107653986619,425.93375702247766,439.9253234863281,3813800
2022-05-20,442.5269090345318,448.12537018394,434.1889592539126,446.52581787109375,3068200
2022-05-23,447.04065344579715,455.72790984685827,447.04065344579715,452.3633117675781,2279800
2022-05-24,451.17755082832286,457.87914290376176,449.21946209475453,457.401123046875,2658100
2022-05-25,458.28359289972076,461.7677034095599,451.60957892336023,457.8883056640625,3161600
2022-05-26,461.24368250768964,466.31817165677813,459.10175320625353,461.69415283203125,2705800
2022-05-27,451.370517025356,466.18023681640625,449.89047645399546,466.18023681640625,3349100
2022-05-31,462.9719493323032,463.42239160259,455.6544226328947,456.68402099609375,4003100
2022-06-01,458.09965949128514,460.9126788744782,448.4103549189273,452.79534912109375,1765900
2022-06-02,454.12836104998416,456.10482502666014,443.98861354385986,452.52880859375,2093500
2022-06-03,448.9159616702564,451.98640872257016,445.7628101069489,446.4154968261719,1756900
2022-06-06,449.9272330441532,453.78825484367553,447.0406825814888,450.61669921875,1781500
2022-06-07,449.9915838463235,457.4469978469774,447.8036733932514,456.9781799316406,2341900
2022-06-08,454.1283556242394,457.7135738735411,449.1182238798849,453.6962890625,3268100
2022-06-09,453.0988018106627,456.38984143556587,448.2541347284671,449.92724609375,3148800
2022-06-10,445.67094225054706,450.5983419680114,442.1133011329518,445.5146789550781,2599900
2022-06-13,436.7814009761692,442.49017276478327,429.546607429909,431.7896728515625,3764600
2022-06-14,429.7672303534871,431.311627785112,420.5008177092883,424.4813232421875,3814200
2022-06-15,426.7336349846517,431.16458321634224,419.65510393742034,426.8531188964844,2550700
2022-06-16,418.2917005184568,422.3602226974349,415.7823181820293,420.7734069824219,3135600
2022-06-17,415.84692088800847,425.7276019070459,414.87823715938714,417.05548095703125,5277400
2022-06-21,422.3602140341099,447.5555056957831,421.7051996296007,443.127197265625,5726800
2022-06-22,438.8833687342456,457.51922466451117,437.79474694138486,451.76239013671875,5061000
2022-06-23,456.62431140783775,464.5860368443534,453.86581836150435,461.10797119140625,4687700
2022-06-24,460.76666712768997,461.0618951981608,448.8840047589741,457.26092529296875,15861100
2022-06-27,454.6684900273367,472.2526355164241,454.43784837483213,466.5050354003906,3907100
2022-06-28,472.42788837729785,478.45221858761596,465.9698944591015,469.0697326660156,4978200
2022-06-29,469.4479735440971,478.5352592849402,466.8278880381451,475.77679443359375,3823400
2022-06-30,473.7840280325167,476.33955532769687,470.25061062690673,473.85784912109375,3568900
2022-07-01,472.64931405409504,477.45590617694444,463.4144136368577,477.3359680175781,2426600
2022-07-05,468.3316748146981,471.431484761989,454.1333627672976,466.11749267578125,3029600
2022-07-06,466.4866089784713,477.34518003218346,465.25034490593276,475.38934326171875,2506700
2022-07-07,475.3524942504404,477.24374473189727,472.56632478539484,474.54986572265625,2385400
2022-07-08,472.64010581045204,487.4565235684155,471.4407804587137,478.4707336425781,3092100
2022-07-11,474.9925571597585,481.0907079857221,472.1787407003204,476.9207458496094,1743600
2022-07-12,473.5072828225338,478.9412133280702,471.0809282860106,474.586669921875,2706500
2022-07-13,468.72836043039086,472.22486713461444,462.38109851375526,462.4272155761719,3467700
2022-07-14,456.6704831608784,466.7172473045774,454.16110079389523,463.525146484375,3765500
2022-07-15,485.3254324596669,490.796246194246,475.53701335721604,488.7297058105469,5742500
2022-07-18,489.882897158634,490.9530497098001,478.5814555575168,479.1534423828125,3212000
2022-07-19,480.7402484378501,492.50297244270365,480.2789651435421,492.1431579589844,2953500
2022-07-20,492.14321778839275,492.6967352852546,475.79530657003914,479.2456970214844,4327500
2022-07-21,479.1718339256422,482.0132982386093,471.56066020571166,482.0041198730469,2667600
2022-07-22,485.27000563399673,486.7460895914152,478.2585223727683,481.035400390625,1850300
2022-07-25,485.3531204777118,491.62656252384744,483.62786901374903,488.4713439941406,2337200
2022-07-26,492.4659598405679,496.00863978518686,489.9104890637001,490.4271240234375,2637800
2022-07-27,492.22625621878774,496.2117514386585,487.15213896292096,493.2134094238281,2268100
2022-07-28,495.87028071396696,502.18989530013175,490.5655231074821,499.560546875,2344500
2022-07-29,498.195161296839,501.73778524200486,495.1322336575648,500.3447570800781,2945700
2022-08-01,500.2802342919345,501.5533807710525,489.8828901488041,493.9237365722656,2335000
2022-08-02,495.92559944879673,498.6748858459089,490.54702111053246,493.9974670410156,2114200
2022-08-03,495.658221286239,501.52573230411133,494.2097847311563,498.7857360839844,1802900
2022-08-04,497.5308897243486,498.5826290954576,491.5065594910877,492.4198913574219,2368000
2022-08-05,488.9602338376781,494.0343494718427,486.70916937670734,493.62841796875,2373400
2022-08-08,498.1027645785888,499.3851452969129,492.11531808079116,495.049072265625,1656400
2022-08-09,498.18590422595116,503.4814268651368,494.8462180393779,495.6580810546875,2147200
2022-08-10,498.4258442338049,500.0126317699292,492.47527835534476,496.0824890136719,2291400
2022-08-11,496.56219781367935,496.92201227288245,488.65579593086807,491.5987854003906,3006200
2022-08-12,494.13595862924586,502.2453563203401,493.06580598565597,501.59954833984375,1981000
2022-08-15,499.72656208367505,504.8376163452356,496.8573938873552,502.46661376953125,1447300
2022-08-16,502.99258141312873,505.0498870151407,500.39093671393454,503.83209228515625,1773000
2022-08-17,503.0202045822499,505.37273815329263,499.63440092267865,502.7987976074219,1471700
2022-08-18,502.80800604600637,505.68640918656695,499.86501648965833,503.001708984375,1486400
2022-08-19,503.2600499238897,510.2992371617334,502.6327114308346,505.8616943359375,2258000
2022-08-22,499.46837492080306,506.96884633151694,499.43143621683896,502.4021301269531,1672900
2022-08-23,501.221109941999,501.221109941999,491.92168060181194,494.31109619140625,2039600
2022-08-24,495.12298154662153,498.05673625411333,493.5915459354115,494.9200439453125,1761200
2022-08-25,493.58233463346386,500.0495351021734,490.11347542618506,499.6343688964844,1965800
2022-08-26,500.2709407536247,501.12892087834047,487.3180705003852,488.2683410644531,1906700
2022-08-29,485.27001393588205,491.63574576776426,482.38237607827404,488.74810791015625,1594000
2022-08-30,489.33854675875983,489.96594162589474,481.38602682647956,482.3547668457031,2013400
2022-08-31,480.49113130332347,486.28482012515815,478.9596392527431,479.11651611328125,2891300
2022-09-01,479.11646551280177,483.66471149916015,475.2047926495882,483.4248352050781,2085300
2022-09-02,488.60969421788616,488.7665147656741,474.0239192397705,476.3672180175781,1944200
2022-09-06,479.67004364043066,486.60776246324326,476.8931091762252,477.5942687988281,2711900
2022-09-07,476.96697113266856,482.9636545221508,474.82660968888086,481.2845764160156,2504400
2022-09-08,480.61111194602876,487.5672442789908,478.6368057829307,486.66314697265625,1557500
2022-09-09,488.48638251208286,488.48638251208286,483.6277094068132,485.25653076171875,2495500
2022-09-12,485.8672334558824,495.1403747298297,483.55357996323534,491.6513671875,2792000
2022-09-13,484.9417583126196,486.10784867756854,473.80845915130107,475.650146484375,3172500
2022-09-14,475.6871421658687,476.9642833699154,468.3760030223931,471.7724304199219,2648100
2022-09-15,477.81572738983533,488.62511016774897,475.81675554478744,483.9330139160156,3058100
2022-09-16,479.8702151399371,483.8496874642196,478.53754859798886,482.1838684082031,3981700
2022-09-19,479.93495604676974,484.9416763631603,474.73381205483713,484.52520751953125,2130800
2022-09-20,485.1638127438346,485.56175431624445,476.4367196453416,483.8311462402344,2421700
2022-09-21,485.89495188534056,488.65280836151516,473.8546918690478,473.91021728515625,2427700
2022-09-22,472.93851374897633,482.1375736076757,468.38523146868766,478.8892517089844,2285600
2022-09-23,475.2800016502641,476.2979866973568,468.6351949148936,475.3262634277344,2536900
2022-09-26,469.56985887957416,474.3637420060468,461.805224415504,470.467529296875,2867400
2022-09-27,472.327637524725,478.2690827309757,466.0437479436785,470.4767150878906,2583400
2022-09-28,468.7276582760076,477.7879324827368,463.4710165278131,475.631591796875,3027300
2022-09-29,476.3997056287374,476.3997056287374,465.01651531064454,470.9024353027344,2392000
2022-09-30,473.003313189843,478.0470607248669,467.20991595959197,467.39501953125,3116000
2022-10-03,469.2829039787514,479.2131139036709,467.7281357717019,477.0845642089844,2562400
2022-10-04,479.7128838707509,485.48781033163175,478.30622098299676,484.1736145019531,3189800
2022-10-05,482.16534103640606,489.89292035701874,481.3601942180208,487.78289794921875,2281800
2022-10-06,488.94897804609934,489.1803433680714,478.2228568657754,480.4347229003906,2187300
2022-10-07,475.844424649648,475.844424649648,463.7116404651818,467.2191467285156,3273700
2022-10-10,467.91325727379433,468.5703269145612,458.1218605199192,461.6756286621094,2459100
2022-10-11,459.92653321459886,469.05156866774877,458.2699494721833,462.5548400878906,2844500
2022-10-12,464.7019588262337,470.365778337732,461.07413754334016,462.6936950683594,2254300
2022-10-13,456.6688628305033,475.1965585527788,451.3844587845347,471.9019470214844,3999700
2022-10-14,481.2398725747051,490.41116913873003,473.7713931585821,474.8819580078125,5628900
2022-10-17,479.1484039067303,485.2286924346261,476.87180488191393,482.9798278808594,3282300
2022-10-18,492.345464042369,492.345464042369,479.69442253982737,483.28521728515625,2345500
2022-10-19,482.8502417211538,484.7752173285708,476.2424334959458,481.5361022949219,2500500
2022-10-20,484.0625259944451,489.95771000928255,481.0363059266556,482.0542907714844,2390800
2022-10-21,479.4445085147255,496.53780915701276,479.3982467439951,493.94647216796875,2896000
2022-10-24,497.96297879665843,505.7460836373771,497.71308616505985,501.2298278808594,2627100
2022-10-25,497.70386385731746,503.37694673407736,494.103861955725,499.9527282714844,2411900
2022-10-26,501.02615364389084,506.8195493850638,499.94337993223235,502.6827087402344,2863500
2022-10-27,505.78309288201,505.78309288201,499.5269658876083,501.4148864746094,2212100
2022-10-28,504.34867557587876,511.7801577830344,503.1641143481397,510.1513366699219,2761900
2022-10-31,513.6309946437708,516.4999019294943,509.124002867282,513.7698364257812,2770400
2022-11-01,513.63102083867,514.2695913942747,503.65452092439125,506.51422119140625,3338900
2022-11-02,503.83036540212976,513.2423475660976,502.5902788824524,502.9234313964844,2696200
2022-11-03,501.35950990159114,507.0325934825385,498.0186074036451,503.0901184082031,2245300
2022-11-04,506.27364367984853,506.93074160364097,487.84773220123515,498.0555419921875,3513100
2022-11-07,498.05557468249384,506.1811533584681,495.5568174605638,504.39501953125,2540300
2022-11-08,506.2736476151611,513.4459734657603,501.60007884190685,511.826416015625,2797000
2022-11-09,512.5020608338511,513.2701531555786,499.23091899586944,500.3599548339844,2672600
2022-11-10,508.0135736913418,510.5771201181013,494.15017851655676,503.6083679199219,3426400
2022-11-11,505.5610947934306,505.5610947934306,471.6614100050642,483.1649169921875,7034300
2022-11-14,483.0907743356523,489.55047580978294,475.1410373142492,475.4557189941406,5238400
2022-11-15,474.58583691904875,478.13036973754174,463.443274256449,465.5163269042969,5103800
2022-11-16,468.1817045903012,475.80749786953413,467.7929983560337,473.39202880859375,3430800
2022-11-17,473.98427964861315,487.699624197756,473.98427964861315,476.8995056152344,4246300
2022-11-18,483.20171668867596,493.2707373853,480.7400151606684,490.4943542480469,3566000
2022-11-21,489.5783028632314,492.2991614086399,476.9642605287559,478.63934326171875,3349600
2022-11-22,481.18444415398267,485.5525952263023,481.15665319645433,484.09967041015625,2567400
2022-11-23,485.86719210984876,490.90170394085214,484.01626947323984,490.22613525390625,2238300
2022-11-25,494.1963736520485,500.5357614688563,492.8267088941232,497.5465393066406,1419200
2022-11-28,495.890007822951,499.36048814325056,492.0585839927766,492.5953674316406,2699900
2022-11-29,492.03998176110065,493.24307012512827,484.6178207232645,488.6435546875,3751000
2022-11-30,490.23530693779946,507.22681844120405,488.162282772543,506.9306640625,9688900
2022-12-01,511.18782414863966,511.7801329766403,495.86218625961624,496.8894348144531,2997800
2022-12-02,494.63360841612183,499.99923434958447,494.2715523256158,497.724853515625,2346200
2022-12-05,493.38964646006866,501.6423723157018,492.82338846371294,496.6851501464844,2424800
2022-12-06,496.109684784367,501.8374244922762,495.94259501882516,500.658447265625,3097700
2022-12-07,502.06952813755345,506.77603175162966,500.9462474432975,503.9910888671875,2849100
2022-12-08,505.8013282126784,511.77038250780976,504.798789539335,508.6419677734375,2272300
2022-12-09,508.65119241653554,509.1710461017446,500.24066803738106,500.5470275878906,2852400
2022-12-12,503.00697408618794,506.93378127084827,500.62125670191114,506.7295227050781,2714100
2022-12-13,511.09278448500186,511.4919528861711,496.74102316336086,499.6373596191406,3369700
2022-12-14,503.08145395923765,504.5203300558635,493.4641296477955,499.7673645019531,2654600
2022-12-15,495.71047385857213,495.78475485680923,487.80121901043066,489.8528137207031,2963800
2022-12-16,487.504208968107,488.11687138990516,478.7501564856631,486.15814208984375,7109100
2022-12-19,486.9935912702808,489.4165343171814,483.58669412866095,486.0652770996094,1808100
2022-12-20,489.2123064882056,489.2123064882056,482.44491615614436,482.9183654785156,2086100
2022-12-21,486.0931558624687,490.0384911051995,480.9595512793404,489.72283935546875,2182000
2022-12-22,488.7388610356098,491.0875232503449,484.23655965311247,489.30517578125,1851600
2022-12-23,486.529399604913,493.2225646972656,485.4154680071203,493.2225646972656,1292300
2022-12-27,495.65484435082965,497.4279563824151,491.8673061653821,493.8539123535156,1596700
2022-12-28,496.71312393135037,499.5723477516293,489.8992722498624,490.56768798828125,1694200
2022-12-29,494.3644324872884,495.4227242925152,490.94824296953817,491.8951416015625,1379700
2022-12-30,492.0065857599906,492.470742916368,487.21650883649244,492.1736755371094,1849600
2023-01-03,487.48562638432026,487.9497834709955,475.4453620928682,481.46087646484375,3525600
2023-01-04,481.4608165137138,481.4608165137138,464.71402297939693,468.3344421386719,5070400
2023-01-05,465.09468032486143,466.09724713948054,453.48146126856733,454.8367919921875,5497100
2023-01-06,456.35000921164504,457.5382503456683,452.5903477449825,454.8739929199219,4841300
2023-01-09,457.11120102989565,464.1478102378118,453.51862958975227,454.9296569824219,3702800
2023-01-10,453.806406727992,455.31027121376246,448.0786955934018,451.16070556640625,3164000
2023-01-11,450.5015979736711,460.0725149376893,450.2323789281254,458.03021240234375,4274200
2023-01-12,454.8739582252681,462.97815139404594,450.4366174802666,460.13751220703125,3726800
2023-01-13,451.26280493124085,472.97608780076087,451.16070396696716,454.47479248046875,5390100
2023-01-17,455.987916435551,457.6031739719382,449.09981305861066,450.3066101074219,4495600
2023-01-18,453.06376141396476,454.40982841743823,440.7171931382611,442.1003723144531,4398200
2023-01-19,443.6134946394433,451.5227496194034,443.16792196219524,449.63824462890625,4549600
2023-01-20,450.7244053663107,452.07973620494977,444.6625145990232,451.8291015625,3525900
2023-01-23,451.7919427766206,454.9667897686719,446.8811811135427,450.98431396484375,3418700
2023-01-24,464.3984881194046,464.3984881194046,445.5908326587,456.3592834472656,3036300
2023-01-25,454.205559879653,459.8496976167493,450.9100558797058,457.1947326660156,3037300
2023-01-26,457.19473406336823,460.8615864096438,455.4123583710005,457.1761779785156,3005000
2023-01-27,458.0023898053179,458.0023898053179,449.7403987758991,451.2071228027344,3177100
2023-01-30,452.84091310199983,459.7475724896907,450.0466785075196,450.9657287597656,3606900
2023-01-31,462.3004856867124,469.2628423988617,457.7795999277412,463.4051818847656,5567000
2023-02-01,464.11070011369884,468.2231252603233,460.13751643244177,461.3721618652344,3451200
2023-02-02,458.828610451982,459.5155539316848,430.6357112011194,437.07818603515625,11169900
2023-02-03,441.1627703269872,444.4582744264076,436.0755982792177,438.182861328125,5440100
2023-02-06,438.16432898057775,444.6346804802879,437.245306932395,441.17205810546875,4174200
2023-02-07,437.2731670392283,443.80847918269694,435.4072462680614,442.69451904296875,3394600
2023-02-08,441.3855215307821,450.2694945743159,441.05131371167255,448.5799560546875,3466400
2023-02-09,450.81722761166986,454.59547318919806,447.818762559324,450.9100646972656,3664600
2023-02-10,454.06625051934367,460.1281400620259,453.71348665167,458.8192138671875,3418100
2023-02-13,458.587254674192,464.03645496921615,456.5078397509551,459.8404846191406,2589000
2023-02-14,458.8564578331812,462.25409138235165,454.02921240891766,457.5010986328125,2072600
2023-02-15,454.54902394958236,456.5727420244224,453.3793673692996,456.0343322753906,2242500
2023-02-16,455.9415231309721,458.58722432188637,452.33965942740053,452.4139404296875,2611500
2023-02-17,452.4417803834049,463.6558034803877,452.413932090536,463.30303955078125,3891500
2023-02-21,461.09368461951715,465.45674445759687,455.33812512089077,456.0900573730469,2877300
2023-02-22,457.48251212441625,458.48510731089124,453.6393061226638,453.8435363769531,2982800
2023-02-23,451.77342098350783,457.9652612303899,451.04004478603963,456.4428405761719,2511800
2023-02-24,454.48403139224644,457.20401339623754,448.3850289265996,449.6103820800781,2940400
2023-02-27,453.7320855200494,455.74653964019564,447.4102685834519,448.67279052734375,3006200
2023-02-28,448.06943375008046,448.7099444936786,439.94668438458626,441.8218688964844,3902100
2023-03-01,439.6588723148268,444.11479744896224,438.16430005916385,441.1534729003906,2996900
2023-03-02,441.1441972971532,445.9899987108529,439.324709338762,443.4557189941406,2188800
2023-03-03,443.6785085439351,444.755356458069,440.2251784502995,444.2540588378906,2863300
2023-03-06,446.8626128805161,449.62899946312615,444.66251270534286,446.3149108886719,3812700
2023-03-07,448.35721094322145,449.136991486292,438.68416433222586,439.9095458984375,2589200
2023-03-08,437.93217957953834,441.31125652430075,433.2999012553826,436.8646240234375,3036600
2023-03-09,439.97454930321004,439.97454930321004,430.50573263881574,431.58258056640625,2780400
2023-03-10,431.12600049024996,436.7995658174896,426.3002132138577,428.85284423828125,3787500
2023-03-13,427.287886368434,438.20648359174487,427.287886368434,431.97393798828125,2971600
2023-03-14,432.8775066424273,437.71261983690755,427.66042558977534,432.8122863769531,3258200
2023-03-15,429.46778910176045,436.81828958729636,427.83745298416716,433.60418701171875,3770200
2023-03-16,432.9334162407675,441.0199049396304,431.43352066897853,439.7435607910156,2940500
2023-03-17,439.15665061357686,439.7342508397163,434.41467671527965,437.3958740234375,5290000
2023-03-20,437.86169258798935,447.010213924604,437.86169258798935,444.34576416015625,3119400
2023-03-21,445.678024267489,448.52878123234666,443.19058457852555,447.2710876464844,3163300
2023-03-22,448.99458433960825,452.525406138431,442.3521245458266,443.0042419433594,2632200
2023-03-23,444.7650174157782,447.802109829137,434.7594207441636,437.7778625488281,3284900
2023-03-24,436.91140653469057,444.2712030378918,435.6164403507899,443.4420471191406,2533200
2023-03-27,452.34837707915256,453.0377956654292,445.8643055760311,448.9479675292969,2271800
2023-03-28,449.041168638974,450.70877762006415,438.50454100201364,440.2652893066406,2369500
2023-03-29,442.6222110381745,443.33957703336034,433.1569715863173,434.684814453125,3733200
2023-03-30,434.66619497102107,438.2436143736654,429.5515789581981,437.91754150390625,3324600
2023-03-31,439.27772580603573,443.45139624104075,437.95484050320545,440.2745666503906,3996700
2023-04-03,452.0223529392286,462.2049598695991,450.42926114984084,460.3976135253906,4729100
2023-04-04,459.31689292132796,462.1769749222147,458.2082621578677,459.5218505859375,2624700
2023-04-05,463.3787651241071,476.74749744832303,462.1769666381283,474.4091491699219,4964800
2023-04-06,476.0581840681114,479.07662607862994,472.47143863897094,477.7444152832031,3472600
2023-04-10,475.88112349174787,480.1479618244809,473.34711428481444,479.9523010253906,2714500
2023-04-11,480.8466575541888,486.5108697136823,479.9895256842488,485.3463439941406,3065300
2023-04-12,489.08215208135096,490.6845690410523,484.4799441587311,485.55133056640625,3422400
2023-04-13,488.0853070415924,494.17814195123384,484.9085059219982,490.2466735839844,4224400
2023-04-14,486.3059670543254,491.1876500395418,473.72908859602387,476.79412841796875,4872000
2023-04-17,473.9339901847219,474.74449548496665,468.3722145652334,470.79443359375,3660900
2023-04-18,469.22936784750783,472.3223266830886,464.0775069818038,469.9839782714844,3232000
2023-04-19,466.41588106663664,467.64562716999365,450.5597075555318,452.9539794921875,5809100
2023-04-20,452.27383078032744,456.16799786656486,450.2149573198321,454.12774658203125,3283000
2023-04-21,456.531344808654,457.174165266175,449.17154810909216,450.7366638183594,3165300
2023-04-24,450.35476103744,456.69909566008414,449.64672021538166,455.5066223144531,2322400
2023-04-25,458.9908187015157,464.4128572788969,457.034409805153,458.2828063964844,2937300
2023-04-26,452.64649419618246,454.35137580723375,445.65001442597287,449.9261779785156,2930000
2023-04-27,449.2275138656776,457.4071424918042,449.2275138656776,456.9320068359375,2473200
2023-04-28,455.2736881695807,460.1833186569677,454.7426575868303,458.4411926269531,2398900
2023-05-01,460.7702076871962,465.2420034174561,458.1803036770236,461.8043212890625,2105600
2023-05-02,461.3851139459372,462.7452720960862,455.8140123804148,459.6523132324219,2152300
2023-05-03,460.59321173474723,461.5714304078978,454.65879315468885,455.9723815917969,1749700
2023-05-04,453.7458610419292,456.2053533935187,448.9946181068453,453.96014404296875,2555700
2023-05-05,460.27648763602093,466.6021996943111,458.38529888838434,460.4814453125,2329400
2023-05-08,458.39460908369597,460.54665040039146,454.9289793061544,458.9349365234375,1738500
2023-05-09,459.13986205655476,465.2512905049859,456.7735379318822,456.84808349609375,2038600
2023-05-10,455.9351278440427,459.72683060831855,454.2954948782302,456.559326171875,2018700
2023-05-11,454.63088741488974,456.6059186883368,452.4508984566053,455.33892822265625,2384200
2023-05-12,455.33888017921737,459.1957745659107,454.3979343029983,457.6399841308594,1536500
2023-05-15,457.79838286080184,458.1617285619911,450.6249208964698,453.5688171386719,2169700
2023-05-16,454.2768505705042,455.75812397198155,446.2556105308582,446.91705322265625,2178900
2023-05-17,447.17787339922927,452.20861878880993,444.8860947586832,451.6589660644531,2682000
2023-05-18,449.0877198967289,449.5535302185514,441.48572046369515,446.4605712890625,3040100
2023-05-19,446.78659508711894,451.6496557590578,445.13763685929075,446.0785827636719,2317900
2023-05-22,447.5878387837544,449.2275002674596,445.2308396163316,447.7555236816406,2242800
2023-05-23,443.6191269787195,450.33613252746994,440.2280424997719,446.6562194824219,2874200
2023-05-24,447.74612267145704,450.23356195941585,446.14376267706496,447.9510803222656,1904700
2023-05-25,444.9699665000197,448.82686112805106,441.86765387777183,445.0351867675781,2684100
2023-05-26,445.3704732507889,454.99412848964533,445.3145782978515,448.5938720703125,3135200
2023-05-30,444.0849275010112,452.6465236045461,443.47937976074195,447.0381774902344,3180800
2023-05-31,445.42647549977477,454.0719142831732,444.4855295140031,453.9228515625,4944100
2023-06-01,454.43522407389156,464.67372545202744,452.870079845946,459.8758850097656,3376600
2023-06-02,458.3573647712003,466.7605728902487,456.8294932418426,465.4190368652344,3064500
2023-06-05,466.4624306831935,468.51197887832416,463.4067163514029,464.1240539550781,2688800
2023-06-06,465.7171244222333,465.7171244222333,450.59694053421265,454.2302551269531,3816600
2023-06-07,456.44754216271184,456.9040271766763,448.6685041628458,449.1622619628906,4381700
2023-06-08,451.2677131662726,458.1896473561742,449.4417163318866,456.7083740234375,2725900
2023-06-09,456.4847593729995,464.15200698949496,453.9135059024613,459.8665466308594,3174100
2023-06-12,458.63680449049986,460.6398115010482,455.3016152921745,458.906982421875,2207700
2023-06-13,457.3046232143837,460.83547343308777,455.24574954167076,457.71453857421875,3016600
2023-06-14,423.55197661211764,429.13237455755296,415.2046360905378,428.4150085449219,14672400
2023-06-15,432.16622531385934,441.53003887521027,431.15595727733995,435.8144836425781,6798100
2023-06-16,436.0482966392137,438.2746315072643,428.3682735044324,428.8921203613281,7699100
2023-06-20,427.26446358526624,440.1174675418224,427.26446358526624,439.0885009765625,4597700
2023-06-21,438.67692933757075,448.42424992141014,437.0305370580294,445.973388671875,4886500
2023-06-22,447.3111063404333,451.98833158188876,447.14273308314506,448.12493896484375,3179000
2023-06-23,447.4513435033531,451.14636225297465,445.78625273424154,446.20721435546875,4862600
2023-06-26,447.2736534753664,450.2389979231064,442.46545282222945,448.1342468261719,2968300
2023-06-27,447.2643410417372,451.9883270694381,446.9275659830056,451.4083557128906,3693200
2023-06-28,450.84704107371164,450.99671569173375,443.38220862714275,443.8218688964844,3670100
2023-06-29,444.4111601905941,448.74227473933513,442.5402703499294,445.6833801269531,2979300
2023-06-30,447.14268580076765,450.9780158027039,444.4485997789683,449.6122741699219,3970400
2023-07-03,447.23622505111285,449.2100001431417,445.5524070549726,447.0304260253906,1915700
2023-07-05,445.29981093232794,446.4784805788723,440.21098866305596,440.8003234863281,5053100
2023-07-06,439.05105925063657,441.9041547098685,436.5253466607335,439.0603942871094,3913600
2023-07-07,434.9818879973511,438.35883045727684,431.0717350813803,431.78265380859375,4131600
2023-07-10,430.3046498627648,433.20453473438596,429.5188795800213,433.1577453613281,4339200
2023-07-11,432.52169852470115,436.37572734321856,431.371119449255,433.0081481933594,3086800
2023-07-12,433.11101337949503,434.8135300459108,422.11953517817955,422.5404968261719,7287600
2023-07-13,422.82106904967543,425.533853384961,418.31221805486695,418.8454284667969,7276800
2023-07-14,432.69004367177723,453.690793901264,430.4075557444316,449.172607421875,11379300
2023-07-17,450.0518970905174,453.31661931230633,447.4232991179754,452.8301696777344,4582000
2023-07-18,457.7412331403885,471.8571215806808,456.0293815612793,467.7224426269531,8816400
2023-07-19,474.7756986351007,481.43603301293234,470.0423498635218,471.18359375,4956500
2023-07-20,473.9524792266122,475.842067499064,468.2181978724878,471.6886901855469,2963100
2023-07-21,472.4464638046284,477.4604636155743,471.9506791196435,473.8309326171875,2887300
2023-07-24,472.7083862615139,476.87112772773594,471.9974675084565,475.8421325683594,2279000
2023-07-25,477.0769728913018,479.4155855035141,474.5325612273142,477.9469299316406,2730600
2023-07-26,478.51747648330314,482.55857662297785,473.92443874887533,475.20599365234375,3697200
2023-07-27,475.7392201903684,477.54462199803726,470.65039764472743,472.6148376464844,3028300
2023-07-28,472.59612250391524,474.71960075379525,465.1780511010422,470.4446105957031,2930000
2023-07-31,470.52870811147915,475.0936830480348,466.8430535215965,473.68115234375,2441600
2023-08-01,474.73830075843506,477.11433886785005,470.0517125359405,472.1564636230469,2161200
2023-08-02,476.7869556361585,477.5166015809475,470.519462831485,472.2126159667969,3220500
2023-08-03,470.4258777953068,473.3350975974978,468.6952991005172,472.2686767578125,2442900
2023-08-04,477.0769195561077,477.9188142928804,469.3594987985825,470.2762451171875,2411200
2023-08-07,473.0919703080616,480.44455469601945,472.0723386295735,477.7691955566406,2430900
2023-08-08,470.52874308790655,475.36500535410823,467.7411072553317,473.2041015625,2422600
2023-08-09,471.4641713375076,473.08250109162265,468.54558817778167,469.6961669921875,1916900
2023-08-10,471.9039256242919,478.98522235808065,470.3230213396279,470.97784423828125,2179700
2023-08-11,472.98902954178294,477.7036800323079,471.69811095708445,475.21539306640625,2029600
2023-08-14,476.2818388936462,480.351030548399,475.4399440627532,477.9469299316406,2127200
2023-08-15,478.55487084181834,480.4912771087176,473.5876608990497,473.9805603027344,1817500
2023-08-16,475.20602056136687,477.5446328672791,470.3697577518344,471.0526428222656,1454100
2023-08-17,463.49425170342647,468.87305990598026,460.0705199261863,462.0723571777344,3009500
2023-08-18,462.8394516478765,468.6017959709165,461.6420832526678,466.26318359375,2364400
2023-08-21,465.39323643536426,467.95634651947654,464.18650443004583,465.55224609375,1533500
2023-08-22,463.4381628326758,464.71971788291745,459.61216775686074,460.5569763183594,2079400
2023-08-23,461.1743282348078,462.10977311966536,456.43161581717663,457.8441467285156,2011400
2023-08-24,459.70571744963536,463.4381623141182,455.7581385112014,456.5906982421875,2311100
2023-08-25,458.2932034123213,459.4437824327907,453.3633902452209,457.5448303222656,1923500
2023-08-28,458.82632872062607,461.2304288018386,457.5541374457886,459.5653381347656,1344500
2023-08-29,459.7431284014371,461.11823361290755,456.4690710929373,461.01531982421875,2113700
2023-08-30,462.10038061536557,464.64479168483854,458.6392518865122,459.7991943359375,2283400
2023-08-31,460.57565087097674,461.9414210195438,445.5430725798812,445.8143310546875,4927700
2023-09-01,448.078144648607,449.62162315344676,442.80222126768246,445.4963073730469,3165900
2023-09-05,447.14270314363876,453.3166457584724,446.7124064435412,449.77130126953125,3443300
2023-09-06,450.9686280509016,451.96956094449587,445.6272456695212,446.1510925292969,2596100
2023-09-07,448.91999320905944,455.66454281567854,447.70392628133766,453.5130310058594,2928000
2023-09-08,450.9399310841613,453.5505903056705,449.58764428437934,451.4845886230469,1858400
2023-09-11,452.6209214022161,454.36760853535264,448.8833468166304,450.1792907714844,2059200
2023-09-12,448.30111489234406,454.1798055129442,443.3615107653275,450.6676025390625,2195200
2023-09-13,452.10444181898407,454.55547267623933,450.25444012441056,450.6112976074219,2197800
2023-09-14,453.2313273696643,455.7105008561009,449.61583857074186,454.1422424316406,2334300
2023-09-15,456.15192301261663,459.9834124490918,454.649407356151,457.053466796875,5334300
2023-09-18,458.65931296674324,458.96919895062723,454.1423084847413,456.45245361328125,1997500
2023-09-19,454.29252171293547,456.1425233754631,447.5123156291114,451.38134765625,3230700
2023-09-20,453.3440428091922,464.95113908747237,449.95395403910567,462.1526794433594,3724800
2023-09-21,464.0872280029196,474.37023815418576,463.04482693206864,470.6138916015625,4703900
2023-09-22,468.60420800071876,478.39887424778846,467.6932928628684,475.271728515625,4558500
2023-09-25,477.3001380098725,479.8168830801874,475.7694223514009,479.19708251953125,2758500
2023-09-26,477.9386881319682,478.3894599714661,473.65645596199806,474.6612854003906,2420200
2023-09-27,475.3937672657787,475.5158244370167,470.529277435124,473.0460510253906,2593700
2023-09-28,475.14961369216337,482.83136330368285,474.2480986459597,479.0280456542969,2922000
2023-09-29,478.79316782165586,478.82133926501837,473.1116783686624,473.4779357910156,3006200
2023-10-02,474.73638869306876,483.4793102173807,472.49198690077617,483.2257385253906,3550400
2023-10-03,482.0331515543895,482.67172357920117,477.39406134954453,478.43646240234375,3143200
2023-10-04,478.4552155119303,480.643303306069,475.75064155897087,479.5163879394531,2801700
2023-10-05,480.4554016673659,486.64400655001464,480.0891728568734,484.7845764160156,2790700
2023-10-06,484.9912606884679,493.91258292225154,484.5498602045402,492.8420104980469,3647200
2023-10-09,489.40498632970537,494.77653396978576,488.5597854941957,494.4384765625,2341600
2023-10-10,494.4291076367528,495.96922345657833,491.217447430862,492.3067626953125,2455700
2023-10-11,489.1889720948744,493.5745477536974,488.54100005285596,492.2034606933594,2819300
2023-10-12,492.52266690937205,496.3823559680117,490.43792240112504,493.5274963378906,2377300
2023-10-13,500.7679294440868,511.2951108641895,499.59407119410065,506.5433349609375,5245400
2023-10-16,510.0930671584279,513.4738134058923,503.46311786472546,505.2568054199219,3827600
2023-10-17,507.05038951703835,509.3887058346379,502.0074993744989,503.9608154296875,2586000
2023-10-18,509.9614822884752,510.8442258391723,502.78690541220715,503.40667724609375,2551400
2023-10-19,504.1205050993622,505.54793515673686,497.011612241749,499.24664306640625,2351200
2023-10-20,498.65490349582967,501.8759631318619,494.6825861654459,494.9267578125,2811100
2023-10-23,494.9268414618615,495.6311564163464,488.5973495910273,489.7994079589844,2357700
2023-10-24,491.0107877714719,498.34505155369635,490.26893001911895,493.02044677734375,1978200
2023-10-25,495.1520782224253,499.93199564737097,488.40004507164684,497.9129943847656,2380100
2023-10-26,493.6778361184935,498.1572402159756,490.69154761440626,496.17578125,2675800
2023-10-27,493.9500507766821,495.59345199135925,489.5081904065433,492.7010498046875,2585600
2023-10-30,493.020418891037,499.4249957821347,491.0859029686515,497.7064514160156,2555400
2023-10-31,502.41127815864286,503.98893660263616,499.2371611990984,502.9371643066406,2464200
2023-11-01,497.6970377488138,503.190728084938,494.7107495999682,499.2183532714844,2747400
2023-11-02,499.5940108520605,504.13921466663817,494.8516355583703,503.4724426269531,2350900
2023-11-03,502.0074972175291,503.33158401576344,496.5889495547488,498.5610656738281,2739500
2023-11-06,499.24651319232805,503.369116292164,497.76274061432497,500.9650573730469,2684900
2023-11-07,502.749365607242,506.7780836215064,499.1433053245561,505.0689392089844,2604800
2023-11-08,507.10662781801324,508.42137163186163,501.60359557598764,504.0357971191406,1769200
2023-11-09,504.85294988152185,507.9613243373342,501.92300417828534,506.1676940917969,1819600
2023-11-10,509.6235022806935,509.6235022806935,503.36921082934253,508.2430725097656,2480800
2023-11-13,508.18674620571664,511.00400605942895,505.1440574171767,509.5202331542969,1507900
2023-11-14,506.19587038320196,509.6141019979282,503.8293538429867,507.53875732421875,2454000
2023-11-15,507.1537021917363,507.5387597918734,499.31235208093466,505.61358642578125,2473700
2023-11-16,505.6136607895501,511.6707816580354,504.73091697116445,506.93780517578125,2360300
2023-11-17,507.3602839262464,507.5950555522781,496.1569888100858,503.6226806640625,2676900
2023-11-20,501.1058973398856,503.6696422755969,499.4061531902619,502.505126953125,2518400
2023-11-21,505.0125963101278,508.674999493579,501.65065038582253,506.72174072265625,2115700
2023-11-22,509.89587169831,511.2388161019749,507.3509834557695,510.6377868652344,2234500
2023-11-24,511.7363683898677,514.2343704253624,509.74550971654224,513.774169921875,1135000
2023-11-27,513.7742033434065,517.3333778761614,508.5435419560361,510.4780578613281,2675800
2023-11-28,512.3939031934989,512.5723319670216,507.1725832050462,507.6045837402344,2859300
2023-11-29,497.7157935916848,508.85334457515404,496.44804987454467,502.3924255371094,4550000
2023-11-30,503.1531223150045,520.1975647804122,501.48157819280425,519.28662109375,7121200
2023-12-01,518.6554942381684,522.688524976965,513.6990372609639,515.5836181640625,3462200
2023-12-04,516.6200518068787,520.0217057413751,511.7012668890852,516.638916015625,2709200
2023-12-05,517.4114888755726,520.6435946421145,513.8779008778441,518.5045776367188,2645600
2023-12-06,515.960309187242,520.0310088815829,515.5268350833942,517.816650390625,2239700
2023-12-07,519.531790668599,519.6825893402646,513.0959886256069,516.6295776367188,2511700
2023-12-08,518.466770129318,519.8896372147254,513.1145698934611,518.0427856445312,2039900
2023-12-11,518.0335234397547,518.2596639092251,507.95100574840814,512.3043823242188,3655300
2023-12-12,514.3019007728711,515.894373267128,511.3337216058336,514.2265014648438,2706100
2023-12-13,512.605777889445,517.7129737640923,507.50801411717765,517.32666015625,2876600
2023-12-14,512.8885248863796,513.4727401871744,498.8484359470886,503.4090881347656,5386800
2023-12-15,499.41381680029696,502.71183257161965,492.7801143534555,500.46917724609375,9030100
2023-12-18,498.5751941557745,500.79898540416355,494.9191032836882,496.1629333496094,3260300
2023-12-19,494.3160962051524,497.1712059214699,491.6682627496895,493.79779052734375,3645600
2023-12-20,493.6186527941164,494.5421362137718,486.0991960948929,486.1557312011719,3847800
2023-12-21,488.93554792638344,490.7635932311581,486.69289262940737,489.8778381347656,2491600
2023-12-22,489.8778726205215,492.8272457814101,488.1252265126294,490.2830505371094,1759500
2023-12-26,489.8777680053326,491.38540911778273,488.07796175779265,490.0191345214844,1390800
2023-12-27,489.75527086270785,492.968454741562,489.3877639270928,492.61981201171875,1851800
2023-12-28,493.2605982506784,497.4066979245199,492.761214376799,494.6081237792969,2001000
2023-12-29,495.625750411447,497.7553353341029,493.6846350197283,496.08746337890625,2080100
2024-01-02,496.43615612008904,508.5162649443833,496.2759253891662,508.21478271484375,3415700
2024-01-03,511.7012069484073,515.234794904541,508.3466564158973,510.7495422363281,2891400
2024-01-04,513.5482238961451,517.3173851724471,511.6636432579941,513.9439697265625,2994400
2024-01-05,515.4327161178106,515.4327161178106,502.92850732452257,506.3678894042969,2815400
2024-01-08,508.27132584606585,509.0722494620233,497.5291952169335,505.5575256347656,2648900
2024-01-09,506.952168966156,508.4692425088667,501.60939919979035,507.3008117675781,2677000
2024-01-10,507.04636226491937,509.96749655767235,505.2089422813618,506.6129455566406,2180000
2024-01-11,505.18997698772904,508.98737604179615,503.68233588934027,508.53509521484375,2814100
2024-01-12,488.91669572313754,497.9815231493288,483.51739110063676,491.4137878417969,6327300
2024-01-16,493.4867820758017,494.23117056994596,486.7399525735181,489.18994140625,3736700
2024-01-17,491.1969956004274,500.0356235507138,489.99083670392486,494.645751953125,3791300
2024-01-18,476.0732558907221,487.0132593259383,468.7516431279427,486.5421142578125,7367000
2024-01-19,485.279435590856,487.68226401208983,472.86005810193416,474.4996337890625,6143400
2024-01-22,474.85769228655437,483.93195087528846,467.8470513911766,483.3854064941406,5922900
2024-01-23,482.92367468281896,488.18166952734634,482.5279289456938,485.7694091796875,2672900
2024-01-24,488.01207803464683,491.62100779892717,483.3477304200986,483.6115417480469,2918800
2024-01-25,459.4512607655882,466.9142115684822,451.35699165207535,464.92596435546875,14671000
2024-01-26,464.81292956938444,474.622174442453,461.6279839493983,474.16046142578125,6212200
2024-01-29,474.0756293212684,477.2794391456312,472.22874850080296,475.4231262207031,4554100
2024-01-30,475.4231046689206,476.8459433138923,470.41011391277465,474.5467529296875,4931200
2024-01-31,475.39487087108233,485.27948655041513,475.39487087108233,482.2076110839844,5358100
2024-02-01,479.46552141320353,480.77531862597147,473.97198206711727,477.8730773925781,4242600
2024-02-02,478.91895369561865,483.31000035106103,476.22401775433957,480.7846984863281,3804500
2024-02-05,480.53029645594813,484.525626409386,471.19219723752656,473.93426513671875,3646300
2024-02-06,474.85771753094576,481.45374881763274,473.45371435911784,481.1993408203125,2745400
2024-02-07,484.34655124014824,490.9331499423128,483.10272138674014,489.41607666015625,4109100
2024-02-08,490.58453009258216,492.0262041292155,487.4278810649897,490.0757141113281,3343000
2024-02-09,489.03911936327944,490.35834848026303,486.49492464499525,488.31353759765625,2715400
2024-02-12,488.313576724646,489.0391585484077,483.21581228958195,487.76708984375,3194000
2024-02-13,491.87546135069744,496.52094491747033,484.5350417412884,487.02264404296875,3436000
2024-02-14,485.52441190727393,488.6057189750544,484.6103605927257,487.1074523925781,1918500
2024-02-15,487.4844124441556,491.6398867080036,486.0332488021558,490.8200988769531,2292100
2024-02-16,492.15810306635376,493.5621061000051,488.94491916142715,491.4513854980469,2135500
2024-02-20,493.957952628268,495.0509839240457,489.4349137845352,490.9897155761719,2600200
2024-02-21,493.4491339797323,493.4679981894071,487.67288997218856,491.84722900390625,2095900
2024-02-22,493.94849737857777,496.34189360285245,488.66226355524526,496.1157531738281,3186800
2024-02-23,496.3513668343308,499.88495511269576,493.91080989109486,496.8130798339844,2502000
2024-02-26,497.8306848400113,502.0615579516028,494.05209254715663,495.0038146972656,2308900
2024-02-27,494.4762150815281,495.2583320519547,482.49968592213366,483.7906188964844,3780600
2024-02-28,466.8482523481777,469.77876102541575,456.43595728884554,469.52435302734375,9558600
2024-02-29,469.73165707170364,472.7941001719705,463.22986054857375,465.11444091796875,6833200
2024-03-01,461.1756892720987,461.74104039546876,449.70800471282223,461.2793273925781,7315000
2024-03-04,455.3523038134187,458.9330238018482,452.39352755975864,454.0613708496094,5239800
2024-03-05,454.55138553582293,455.0319339857389,443.46061142514304,445.8446044921875,5296200
2024-03-06,447.06013486406636,452.11079619491585,441.17082150827383,445.3263244628906,5577500
2024-03-07,446.6455730485128,453.4206421638337,446.26866270439643,451.14971923828125,5102000
2024-03-08,452.5025038976381,458.1028655190242,449.13472881693076,450.8375549316406,4673600
2024-03-11,451.2442979731,463.83561978515723,450.29829315554633,462.7382507324219,4410100
2024-03-12,461.7733326933837,465.69924688236466,461.0354500961048,462.9274597167969,4153800
2024-03-13,466.87226554782313,469.2183677798412,459.1244841412313,461.65032958984375,3669000
2024-03-14,462.3314028065594,463.23955920490613,458.9920074810942,462.5962829589844,3378500
2024-03-15,461.13002283920173,464.69645032190266,461.13002283920173,464.31805419921875,5713500
2024-03-18,465.5289897356377,465.5289897356377,460.11784087050154,460.75164794921875,2970500
2024-03-19,463.23013306068066,466.7965603781628,461.45163960970586,466.68304443359375,2511700
2024-03-20,465.87899809698206,467.8939929967458,463.0126046272582,467.5439758300781,3548200
2024-03-21,465.69925266190785,469.40760426718805,464.7532478398214,465.14111328125,3693400
2024-03-22,468.46162164701417,469.05758046256113,463.3247932786042,463.6086120605469,2847300
2024-03-25,464.1099496127683,464.9424384361274,457.93253957052,459.6448059082031,2786100
2024-03-26,461.7733373964603,466.7020144250237,459.0299291924708,465.7276306152344,3113300
2024-03-27,467.0425842434602,468.9629728447396,464.781618899757,466.4749755859375,2653100
2024-03-28,468.27234578197977,469.09536528570555,462.8801072220354,467.9885559082031,3820000
2024-04-01,467.77097725735297,469.01024118979655,462.31254015697004,463.258544921875,2928700
2024-04-02,434.78383845231616,438.6435255697354,425.32378987358766,433.4026794433594,11867000
2024-04-03,437.0542399613403,437.85834985643663,430.95249714124196,434.916259765625,4460400
2024-04-04,435.93795563122995,436.78935421002024,427.51851836136746,430.79168701171875,5182000
2024-04-05,426.35488963547226,433.03368096347,425.7116133243379,431.1322021484375,5747400
2024-04-08,431.349794839901,432.5133910966351,429.09829887487973,431.378173828125,4532300
2024-04-09,429.7510401583172,434.93515662345277,428.02930457061694,434.8973083496094,3521200
2024-04-10,430.8957191292482,433.9702347436297,425.4940397795182,425.74945068359375,4493500
2024-04-11,426.0711063152105,426.4305638806568,417.6422002690789,417.8692321777344,5844100
2024-04-12,416.56378210489834,418.3611855887473,412.81761089322254,415.4853515625,6045700
2024-04-15,418.1341737976843,424.1413108015389,418.12470451017407,421.56817626953125,5376800
2024-04-16,451.02666713380256,453.8457716373521,440.45981041043433,443.5721740722656,11816500
2024-04-17,452.75787370131036,461.6503124708516,448.9643854609171,453.1268005371094,8759800
2024-04-18,459.88133661821723,474.89442878144655,459.72997237973044,466.5506591796875,8880400
2024-04-19,470.16437624976953,479.90821394808216,468.80212705527873,474.0713806152344,6618600
2024-04-22,470.90228322469846,472.4537450037274,464.1478237493178,464.7059631347656,4697700
2024-04-23,464.4883695749195,467.6196432394575,458.783961628821,459.9286193847656,3646700
2024-04-24,457.6582021507769,462.46389384427295,454.7539604786597,460.9881286621094,3724400
2024-04-25,462.5584910245286,470.2873628112301,461.20571111237854,467.19390869140625,4329700
2024-04-26,465.434332931094,470.38194812345967,464.8667243121013,468.60345458984375,2727000
2024-04-29,468.9440304654754,470.4954921921257,461.43275005765213,462.6247253417969,2192100
2024-04-30,462.55848499798896,463.26798857662754,456.53243922258207,457.58251953125,3367500
2024-05-01,453.38229748373715,462.7761187949374,451.3105445351335,457.97039794921875,2729200
2024-05-02,458.13120568334534,467.03311436029554,457.80956751410775,466.35198974609375,3561400
2024-05-03,464.3559038617401,466.181715073026,459.5502121639734,465.8600769042969,2487600
2024-05-06,465.8884487262289,468.1493851589104,465.4343560345396,467.68585205078125,2029500
2024-05-07,469.21840750458546,474.56332915482545,468.31025092843674,473.91058349609375,3752100
2024-05-08,476.9472478850342,479.6244287392009,473.07806288684446,476.0390625,3078900
2024-05-09,475.026883384027,480.54207888887635,475.026883384027,479.65283203125,2342900
2024-05-10,481.5164817893712,485.8492002876752,479.624472037743,485.1207580566406,2784600
2024-05-13,484.4017491703949,486.8802771419582,479.91769563007887,484.1084899902344,2454500
2024-05-14,486.79514945551074,488.2992647017758,479.90820703272715,486.1329345703125,2949700
2024-05-15,487.03163117821924,494.3726371193155,487.03163117821924,489.604736328125,2981200
2024-05-16,491.92245689005125,499.6418300389256,491.4589238132323,493.1239013671875,3655800
2024-05-17,494.70377027268114,497.45661893461374,491.9319830374089,496.3025207519531,2657200
2024-05-20,496.30252187251483,496.30252187251483,488.6493173416715,489.30206298828125,2476200
2024-05-21,490.3331452759963,496.38754049301775,488.0627109823991,495.2807312011719,2521900
2024-05-22,494.59027266085593,497.86347029464,492.5374582616969,493.1996154785156,2299100
2024-05-23,490.3331216300294,492.1399650490636,487.409941948457,488.923583984375,3055400
2024-05-24,488.24248261269236,489.21689519013455,480.11630552509195,480.7312316894531,2527800
2024-05-28,479.2933391000089,479.2933391000089,474.79981617856146,476.48370361328125,2912800
2024-05-29,465.7559449065741,467.2317099111628,447.7156285667837,458.5473937988281,7521600
2024-05-30,456.2769938106535,459.7866631639473,452.190246578106,455.6431579589844,5169700
2024-05-31,456.36216182606745,471.4982380553892,456.36216182606745,468.62237548828125,6694800
2024-06-03,467.4493235656447,471.7536335549958,466.44656085775495,470.5805969238281,2795100
2024-06-04,471.6401470852222,480.82584553775615,467.8845069038399,478.1959533691406,3178400
2024-06-05,481.23264127612674,481.611037412711,471.86717089446205,475.95391845703125,2464400
2024-06-06,476.4552953569867,477.4486176846837,470.42924960743403,474.8187255859375,2419600
2024-06-07,474.93225915994583,475.7079611570143,463.9396879733815,464.1950988769531,3416300
2024-06-10,464.4882896962792,468.6412640257993,459.9380095752314,468.2723083496094,3332800
2024-06-11,464.35588262849745,470.9022482702908,463.81668185633464,469.4264831542969,4599700
2024-06-12,473.0024005815961,473.0024005815961,461.1016728856643,466.44659423828125,4048200
2024-06-13,463.80723776956154,474.8944153137493,458.22581515636307,470.44818115234375,4951700
2024-06-14,470.0035435958223,470.96848695105734,465.1789422987463,470.27789306640625,3188400
2024-06-17,466.77235847283794,468.4728989100881,464.2738353402528,464.77734375,2407200
2024-06-18,466.1833111257991,467.08583979649217,455.096617623378,457.0061340332031,3692700
2024-06-20,456.0466418377889,461.63275223080524,454.21308509182404,460.3027038574219,5258100
2024-06-21,460.2266856873785,463.89374095985534,456.5691108794198,458.4691467285156,6368600
2024-06-24,464.4257931156933,466.35435751961205,460.283728484619,465.4898376464844,5139800
2024-06-25,466.116846371815,466.116846371815,456.57865751484144,460.2837219238281,2916100
2024-06-26,460.28371035714406,463.0767655319419,457.40515704339305,459.8467102050781,3153100
2024-06-27,460.8062310495898,464.5398239188724,457.95617697693865,462.12677001953125,2991900
2024-06-28,471.56046649544436,483.9392008332233,464.9483488218406,483.80621337890625,22734200
2024-07-01,481.4216150459034,483.4736573774629,468.254379658707,469.9263916015625,4523100
2024-07-02,469.555891610644,473.55545915061106,468.7293806146571,473.3369445800781,3312000
2024-07-03,472.27296987844943,473.1849790915184,462.2027727179894,465.40435791015625,2239200
2024-07-05,464.558764080947,465.19528884558076,460.28368342989535,463.6182556152344,3499000
2024-07-08,464.73930851813276,469.1948952649788,461.87026459053465,464.8818054199219,3450600
2024-07-09,463.92229964504077,470.6389341883783,461.79426849952785,467.51336669921875,3056800
2024-07-10,466.401846401621,476.4340343162992,465.6228246715184,475.89251708984375,3189800
2024-07-11,472.82399779319576,483.3026957850933,472.82399779319576,479.1510925292969,3535100
2024-07-12,481.5831082029946,488.8507396651879,478.2675258687056,485.9626770019531,3570600
2024-07-15,498.0374029038367,504.2980467335775,488.119213145167,489.6107482910156,5128000
2024-07-16,507.2145996507091,522.4338475687714,500.78295966354295,521.4363403320312,11062000
2024-07-17,526.3099680387368,544.9398069622404,523.7449078611432,544.6263427734375,10330800
2024-07-18,536.2852171288213,552.435524819149,533.3591451469129,536.1332397460938,6834800
2024-07-19,538.7742419355767,541.4153199964428,533.4731248819505,537.07373046875,4290400
2024-07-22,534.9077514553953,536.047784925422,529.2361704691662,530.6137084960938,3377300
2024-07-23,530.8605165826484,530.9080638683864,525.1794277198853,526.9749755859375,2785600
2024-07-24,532.0100875111657,533.083612505082,525.3789803325838,531.7725830078125,3156200
2024-07-25,533.9102259297562,541.4058834093581,530.661179936451,531.7061767578125,3102900
2024-07-26,532.0099949733734,550.1838410475622,532.0099949733734,541.244140625,3201900
2024-07-29,537.4346706720836,542.7927277950421,533.6820882054799,538.4226684570312,2965000
2024-07-30,538.5652023803156,550.4688972155138,537.7006535691509,547.5238647460938,4139100
2024-07-31,537.1782002164763,551.8654999171006,534.2141485850061,547.3623657226562,4713200
2024-08-01,548.3502956042524,558.1354675230791,538.7550808612493,544.1417236328125,3680800
2024-08-02,553.2240465064399,561.9736759407472,546.497902243171,560.3491821289062,5094000
2024-08-05,553.0244212794424,557.4895170545439,538.4321600941888,541.4722290039062,4587400
2024-08-06,539.8097905613333,548.6544565085891,534.4136948605593,539.9427490234375,3216500
2024-08-07,538.2896732246444,543.077800949413,529.1885427336514,537.7861938476562,4320700
2024-08-08,536.1617032375603,543.8378656178437,536.1617032375603,537.938232421875,2860800
2024-08-09,536.3231664352138,537.6437054345001,529.7585672551753,530.8320922851562,2976700
2024-08-12,534.2140582408877,540.5601706855246,533.007516985024,537.0355834960938,2532400
2024-08-13,541.5008141390878,546.9539088220073,540.5603054861491,545.5383911132812,2369400
2024-08-14,546.4883267728984,552.0744370649096,544.6168192080231,550.6968994140625,2344400
2024-08-15,550.6969523774777,554.1835604050807,544.8448666434709,550.6399536132812,2751800
2024-08-16,551.8844455560344,552.577998132067,545.4053157764746,548.806396484375,2728900
2024-08-19,549.1864772007076,554.1455438295313,548.2269496461759,549.8515014648438,1847900
2024-08-20,550.8679908643078,554.6300835429378,546.7354351822751,551.6280517578125,1677500
2024-08-21,552.4448825314033,554.2309207065026,548.5687935147528,549.1768188476562,2844300
2024-08-22,550.2979099159775,553.8129880069449,542.0992501842962,549.7943725585938,2282000
2024-08-23,551.9604714067981,555.960068158365,549.5379370448557,555.2950439453125,2376400
2024-08-26,558.658057917458,562.4961676418333,556.4635187172763,557.7840576171875,1800000
2024-08-27,560.0071367432082,562.7337420124285,554.6015894659654,557.9931030273438,1581900
2024-08-28,559.5700737380882,563.2086586684782,554.6869676309688,559.12353515625,1657000
2024-08-29,561.1566063227564,562.9901340426695,555.1619952646687,562.0021362304688,1953200
2024-08-30,560.5107293949216,563.6077979568962,557.2711928958397,560.7007446289062,2944700
2024-09-03,562.9046290705421,570.6377307688786,562.2396049384367,568.7567138671875,3175500
2024-09-04,570.010804247145,577.5539495427288,567.9967707108982,573.9818725585938,2935000
2024-09-05,573.9913642923317,575.7108945126679,560.1970847004549,565.7261962890625,2144800
2024-09-06,566.0872254646363,570.5903015424628,562.657674373996,567.0467529296875,2926400
2024-09-09,568.4147455404757,569.5167408468524,546.5168434384794,564.4056396484375,3411400
2024-09-10,565.4602794630325,574.5709203336662,561.6032083967675,569.08935546875,2863500
2024-09-11,559.6936352430965,561.840685265089,550.0319101441306,560.2731323242188,3563600
2024-09-12,559.1140675225236,560.9950844263178,554.0599652911604,559.009521484375,3395800
2024-09-13,561.5366968257066,567.8067928913875,557.879092466975,564.61474609375,2241900
2024-09-16,567.2649927945904,570.8783068422758,560.3624835372196,561.6781616210938,2548600
2024-09-17,558.6940987459889,559.3709659999801,549.5225241783676,551.0193481445312,3416000
2024-09-18,549.9706117117114,557.2735860737967,545.6327140704756,553.583984375,2988300
2024-09-19,556.5108236681908,557.5691270670596,547.7969139702079,550.1708374023438,2945700
2024-09-20,545.0511623364752,551.8583570192366,543.0967313316205,548.1973266601562,5398700
2024-09-23,549.6179662948906,552.4209259127857,545.3372687231985,546.6815185546875,2386100
2024-09-24,544.2123050696067,550.399776601806,539.6169733315662,548.3786010742188,3188500
2024-09-25,550.9336311935276,554.0225951472519,546.3669293224493,549.4463500976562,2658800
2024-09-26,548.1973811616377,549.7227766853481,544.2980037511181,548.0162353515625,2751900
2024-09-27,550.7524211035354,559.3615309237556,549.7132621884472,554.72802734375,2986200
2024-09-30,556.3012190120108,559.0850922809298,551.763088360552,557.4262084960938,3009700
2024-10-01,557.7311815152938,561.2587237030691,553.6983746697852,556.1104125976562,2648400
2024-10-02,576.0935459932883,576.3414358841483,557.0162658573573,564.7005615234375,3667000
2024-10-03,563.0797335099742,565.5776021355871,557.1306095103431,565.1199951171875,2645800
2024-10-04,564.5288545358791,568.3424012224558,561.0108553899078,563.6422119140625,2462600
2024-10-07,561.3445311963218,564.8244159090875,556.1390770833293,556.3583374023438,2591100
2024-10-08,560.6485074451257,561.7449252833503,552.5447215507132,554.4705810546875,2231400
2024-10-09,555.0236939381289,565.167744553346,553.5459558762594,563.661376953125,2207700
2024-10-10,567.4367411086508,571.0310279177738,565.1295613765094,569.8392944335938,2143200
2024-10-11,568.6856925275561,573.4812561429711,568.4092312993753,570.1729736328125,1909700
2024-10-14,571.1834586160413,580.2597180924391,569.5341183419029,577.1802978515625,2447100
2024-10-15,526.2885751951244,543.1444460432475,517.6890080428955,530.3594970703125,11939400
2024-10-16,531.045959480461,549.3223670660832,529.2440445690324,544.7080078125,5103900
2024-10-17,534.4495386009352,542.9251022349496,532.676195094474,539.6455078125,5588700
2024-10-18,540.4272978408269,544.3362187328067,536.7948963694453,543.0586547851562,3687000
2024-10-21,543.0871924488488,552.2778538419337,542.1910066584011,544.8318481445312,3018000
2024-10-22,541.3806802594868,546.3287601627705,539.1307013390633,543.2969970703125,2593800
2024-10-23,545.4611700003335,547.3774866925413,533.8965839813851,538.3203125,2911900
2024-10-24,538.6539728915345,545.0512189600205,534.1921298651349,534.6688232421875,2590200
2024-10-25,539.7694140709984,544.8605248941295,537.3382895087052,538.2440185546875,2513700
2024-10-28,539.8552027979595,541.8382633681331,536.5755503200241,538.8922729492188,1826500
2024-10-29,536.585146324685,541.2185920392432,534.5257983248079,535.9273071289062,2600300
2024-10-30,535.0883156320617,543.7259972948832,534.8023112439106,536.7186279296875,2323600
2024-10-31,534.7354518931534,541.9525950469664,534.7354518931534,538.1867065429688,2490000
2024-11-01,538.7779209904292,543.7450869569424,537.6148170748394,541.1041870117188,2548300
2024-11-04,540.3224204286291,542.0862209054185,529.5300749755365,531.7705688476562,2656600
2024-11-05,532.2568035985682,542.2291921530567,528.5576582082637,540.5989379882812,2608100
2024-11-06,575.7502821964858,577.2756777220197,563.3085385440312,568.8763427734375,6591300
2024-11-07,570.7831235149234,579.3159466824958,568.3615420851443,577.22802734375,5254300
2024-11-08,580.6125409847195,590.9091064282,576.9896829088797,587.1051025390625,3875800
2024-11-11,588.144345957129,601.3296436334028,585.3032136960227,596.1051025390625,3003200
2024-11-12,590.6993497750459,595.3709097059754,585.1697185353202,586.0181884765625,2809400
2024-11-13,584.4260700620375,584.4356132398294,574.9494035640961,577.62841796875,3409400
2024-11-14,575.3497233614548,577.7522762001488,561.5351609191642,565.5012817382812,3079200
2024-11-15,564.3287199864048,571.0119710209079,562.4505758496931,564.624267578125,3423900
2024-11-18,561.9642575910776,566.4451867096537,558.0363090505656,562.1644897460938,2577100
2024-11-19,555.5575932505019,559.4856008615868,549.8849876780237,550.104248046875,3198300
2024-11-20,555.5479991479616,574.5489895832752,554.4420379611487,572.5087280273438,3928600
2024-11-21,572.0320481310365,575.8455951185767,568.9144548478874,569.6390380859375,2722900
2024-11-22,570.6591833152557,573.2333392349468,561.2301741845532,563.32763671875,3197900
2024-11-25,569.724830853977,581.4133609089213,567.2746200935594,577.5902709960938,5146200
2024-11-26,579.8878543322984,580.1071146287323,570.9641697517961,578.5054321289062,2693600
2024-11-27,582.5479214498957,588.6686479620755,578.4197406165681,580.0214233398438,2269800
2024-11-29,580.4218879996573,587.0765676140579,578.3435117019023,581.7566528320312,2010800
2024-12-02,585.3794478470995,585.3794478470995,572.7661601242579,580.1549072265625,3364900
2024-12-03,582.3762168400204,587.0478347408776,576.6273255503766,577.0181884765625,2329900
2024-12-04,582.5383492679298,593.7978436588327,578.6770866523442,582.3190307617188,4147600
2024-12-05,577.4091663742048,580.6029887169589,547.139137002016,551.9822998046875,5943700
2024-12-06,554.975953819511,554.975953819511,518.7758864134536,524.0004272460938,13003600
2024-12-09,528.288009469148,538.7963283565504,521.2441833620846,536.5377197265625,7684700
2024-12-10,537.8584060838397,543.3614057902136,533.10192828906,540.911376953125,5360600
2024-12-11,531.7907056926853,534.1258939065568,509.7882874486305,510.61138916015625,10363000
2024-12-12,508.697361592264,511.0612310081688,492.102201535203,493.6047668457031,9403800
2024-12-13,493.48989072929646,504.86915118802494,488.78122417925243,498.1219482421875,8202900
2024-12-16,495.74846634630455,499.28953850286507,474.7700627959383,477.08612060546875,8880000
2024-12-17,466.08016163153644,474.3107411690288,455.3804228361206,464.6637268066406,14132700
2024-12-18,467.4486951133283,484.780766061991,465.12308668947605,478.25372314453125,10147600
2024-12-19,478.65573797785754,482.01494071719804,465.35281029969497,468.2335205078125,7418100
2024-12-20,468.27183097174014,481.04836777486844,467.73588893833903,478.64617919921875,10956900
2024-12-23,479.2490661056043,486.9245437196781,477.61250084992594,484.58935546875,4286000
2024-12-24,482.7326946808944,484.35968017578125,479.0863615911976,484.35968017578125,1824400
2024-12-26,483.9290100979631,490.21676330825005,483.04854648797027,489.1927490234375,3387000
2024-12-27,487.5370575125413,491.13552080526983,485.9866226842077,488.0825500488281,3471800
2024-12-30,485.0869796951987,487.8337186508308,479.15332843287564,485.9866027832031,5408600
2024-12-31,487.4701065168841,489.0492224309575,481.7182658071358,484.1300048828125,4214000
2025-01-02,486.17802361801967,490.1114577820387,481.6703576005243,482.83795166015625,4234900
2025-01-03,484.5989542847071,494.11193925921845,483.67062097466163,490.9632873535156,3019500
2025-01-06,490.96331991004246,497.94972584013743,487.9199285623013,491.6045227050781,4444800
2025-01-07,496.5619835525128,497.18408517647435,489.25976637311146,492.15960693359375,3914500
2025-01-08,492.39887000252276,502.1319858293564,487.62323238788747,501.98846435546875,4141700
2025-01-10,504.017357001273,512.4489071325982,496.1982702601154,498.32293701171875,5467500
2025-01-13,512.056470531481,523.8855711376139,510.2381231520407,517.8944702148438,6472500
2025-01-14,516.4684768019594,521.1579542562351,513.5016073137851,520.3827514648438,3978300
2025-01-15,514.0279561139679,522.8231867718822,511.3769857751324,520.0764770507812,4103900
2025-01-16,507.56795755131867,516.6503487301088,488.09214719993344,488.65679931640625,9059900
2025-01-17,483.90028354491017,499.40439844566,481.20141412327683,487.8624572753906,7495700
2025-01-21,491.9682046041321,502.4478427206806,490.79105977915685,502.4382629394531,5682100
2025-01-22,499.25122827755627,501.91183693561766,493.8343884012058,497.3945617675781,3756100
2025-01-23,505.194533488856,508.6494464076692,497.0118234762414,507.012939453125,4580800
2025-01-24,505.42420878978515,511.66415085541803,501.97887569127585,509.6352233886719,3671200
2025-01-27,516.7843915063802,528.201914800998,516.7843915063802,520.17236328125,4263000
2025-01-28,519.6842020130431,523.0242744930464,514.7363034572775,519.1769409179688,3162700
2025-01-29,518.4590572642506,520.1338830684776,511.07071089769636,514.9849853515625,2737600
2025-01-30,516.2961557032027,523.6079810256822,512.0181999031394,522.1341552734375,2924700
2025-01-31,519.9043671882162,525.5700490673097,518.152961006524,519.1865844726562,4120500
2025-02-03,518.7174981219481,530.1158587718204,517.8274548118872,524.6320190429688,4083600
2025-02-04,521.7800872881458,525.2350000351615,518.248594711364,522.0193481445312,2869900
2025-02-05,507.9316718371925,517.4734257901581,499.4905412610567,516.6216430664062,4621600
2025-02-06,514.7840966090739,515.9420817569304,502.7062133825961,507.2712707519531,3926800
2025-02-07,506.467331592882,509.52030208987003,502.8209989164544,504.39056396484375,3349100
2025-02-10,505.0031530770558,511.2143563631004,500.897457281188,510.45831298828125,3143100
2025-02-11,512.0182424156168,524.0195461716747,505.5773587313162,510.984619140625,2631900
2025-02-12,516.6598642456339,519.0524727832415,502.93589438536253,504.7447204589844,3859200
2025-02-13,508.0943934127043,511.3770454523883,504.4575815545851,508.3623352050781,2835100
2025-02-14,506.27597920204147,510.29557332827073,500.4475589570147,501.0218200683594,3705300
2025-02-18,488.9918038182675,493.8344415480791,475.6506152120064,479.22039794921875,8759300
2025-02-19,479.79458094861525,489.8722473300854,476.7511897807977,489.0874938964844,4380300
2025-02-20,483.48879900298374,486.5896105385031,478.7514220844743,480.8377990722656,4144300
2025-02-21,420.6684056575439,449.5232869066216,419.66352179201164,446.3841857910156,19864900
2025-02-24,446.6330192158042,447.89632354822794,437.3688458579918,441.6946716308594,6919300
2025-02-25,440.9769000392206,450.53778396734697,430.73655264595436,450.1741027832031,9101000
2025-02-26,444.69021441002207,452.729373208984,438.5173019423581,443.6757507324219,5108400
2025-02-27,446.14496281111104,454.9784552588532,445.0443394662692,448.4322814941406,4216800
2025-02-28,446.93928495082304,455.8971974993831,444.52754600466795,454.5573425292969,6146300
2025-03-03,453.9926864879923,456.7681065892119,445.22616517845296,446.98712158203125,5700200
2025-03-04,449.57116440500977,458.6247873400197,446.42248325026156,454.2223815917969,5864100
2025-03-05,450.8344521084428,458.5003500631979,450.77703183961677,455.5335388183594,3637100
2025-03-06,455.5527056130581,467.15206815014176,451.7245316163097,466.7692565917969,4964000
2025-03-07,463.0463368317312,478.44519221837675,462.6061050061744,472.2818298339844,5434100
2025-03-10,473.1467786592118,478.5002990725891,459.14305710320787,461.5555114746094,5108900
2025-03-11,463.7469017946689,467.8509311745396,458.595240446582,467.1493225097656,4101000
2025-03-12,464.36204833191636,468.64869548352925,460.2099446165103,462.4109191894531,3680800
2025-03-13,460.8154686213413,465.24627998025414,456.53841281084254,462.80499267578125,2876600
2025-03-14,462.3052022026116,470.42679181173037,459.6524644213674,469.6578674316406,3915900
2025-03-17,468.5622203388484,481.1530462172392,467.06285436659016,479.6248474121094,5152300
2025-03-18,482.71965880946505,486.3046971689864,478.4714653485289,484.2190246582031,3617600
2025-03-19,485.4109077911811,486.6699904249576,480.62445203958976,483.6424255371094,3317600
2025-03-20,485.612705274438,494.39747962312816,483.94034235535645,491.42755126953125,4965400
2025-03-21,491.79273647815694,498.82824008304135,485.4588708223117,496.76177978515625,10244900
2025-03-24,495.06065243203824,498.10742915726814,491.25454270853396,496.4254455566406,3840900
2025-03-25,498.1363254046434,498.828313403757,491.6486445982708,493.47479248046875,3015100
2025-03-26,495.17601707239777,502.6248020906111,492.91731803040346,498.0594177246094,3253800
2025-03-27,496.2236344296338,500.8275018177545,493.0134811267191,495.67578125,2822200
2025-03-28,496.7810641100203,500.7313086893422,495.03179411223596,495.9833068847656,2379100
2025-03-31,499.00122906715745,507.59376396653477,498.43419321524357,503.39361572265625,5238700
2025-04-01,505.3063120253093,507.6418593682081,500.70250372341405,502.78814697265625,2962500
2025-04-02,502.62479840118885,504.5951104331501,496.713803642369,502.8650817871094,2378900
2025-04-03,509.3911406258622,527.1817313185994,508.7183354348925,519.4349975585938,6457900
2025-04-04,519.6271929458845,530.29575057982,504.4412964473089,504.6430969238281,9919000
2025-04-07,493.4459658022488,508.63186347543876,484.01721911662395,504.3067626953125,7356700
2025-04-08,559.5431455447566,562.2727908490316,526.1822349948534,531.5838012695312,11762300
2025-04-09,538.3693495397179,566.492126011833,532.9101181292106,556.0157470703125,12691900
2025-04-10,557.6881069668129,578.487050519715,557.4574443069624,571.2977905273438,8646000
2025-04-11,566.0307078999451,582.792877998004,563.7336434857122,576.170654296875,6121500
2025-04-14,571.8744444886884,572.479963299417,556.7750157684902,564.2430419921875,4839300
2025-04-15,569.2216671243757,569.8175651725213,559.3892906670426,560.9078979492188,3871300
2025-04-16,562.5707202706009,571.6918686590175,560.3024590759666,562.3015747070312,4192100
2025-04-17,463.21834245105015,470.75362622836434,429.7228311888887,436.4603576660156,29120200
2025-04-21,432.2794345824846,435.87406467132274,408.2991407913538,408.7989196777344,13029900
2025-04-22,408.13573791180534,414.7290995521164,400.90799531896727,410.5769958496094,10156900
2025-04-23,410.4712970982419,421.7934487263773,407.2803267903852,411.3266906738281,8345700
2025-04-24,410.95183433645883,413.1912623586536,407.18417832421324,407.7608642578125,7629100
2025-04-25,407.09771809019946,407.09771809019946,396.00622887389494,402.36895751953125,9263800
2025-04-28,403.435803041004,407.6359519138755,399.39903044415905,403.67608642578125,6614300
2025-04-29,404.819825070438,405.35805748905136,393.1997244644461,393.3246765136719,9909100
2025-04-30,393.13245612074945,397.1980616104099,385.41455486125045,395.44879150390625,9192800
2025-05-01,395.33346996825,395.9774130392777,384.3188580561398,385.10699462890625,9316800
2025-05-02,384.41498062124424,386.37570134836074,377.83120969466114,384.3765563964844,11392900
2025-05-05,383.6076247060655,393.77643427420776,382.137091521285,389.07647705078125,8157200
2025-05-06,387.14459512434087,388.9899845077576,378.12918676297863,379.17681884765625,7858600
2025-05-07,379.9841105047682,380.1474867635757,370.7091786961875,375.86083984375,8517200
2025-05-08,374.8420581710729,375.72631388080873,370.39200545410995,370.56500244140625,7218300
2025-05-09,370.6803867830438,371.5261596632456,363.82749992197813,365.84588623046875,8381100
2025-05-12,366.191877852336,372.1605089084568,362.193558815852,364.0293273925781,11004800
2025-05-13,322.6909045025759,328.7076087148276,297.0863270760972,299.2777099609375,59478300
2025-05-14,308.95639472248365,310.38847434140655,295.17371365468586,296.03875732421875,40029600
2025-05-15,264.2155928928031,265.89757651531465,239.20690981913114,263.6869812011719,121849200
2025-05-16,268.4349835596553,283.0441951679507,258.6794843961571,280.5644836425781,71094300
2025-05-19,292.9246581980693,303.9969353423754,285.69694454223344,303.61248779296875,62524700
2025-05-20,308.44694607321827,312.02236352275327,300.43106764213616,309.0812683105469,41487000
2025-05-21,289.30119915806216,297.9129475713515,288.4073519942358,291.2042541503906,45506900
2025-05-22,282.46754582259956,293.7896975770974,281.1315561433609,285.1394958496094,27159600
2025-05-23,284.59164447135413,288.0517310501712,280.3049971347609,284.0822448730469,16873600
2025-05-27,287.85949422545355,288.2920160495313,277.89254414347016,283.5343933105469,20144600
2025-05-28,282.5732538613015,291.9731384797555,281.8812365561376,286.52349853515625,16114200
2025-05-29,285.26439927879665,291.5886738730659,283.5343707828771,286.5811767578125,16221100
2025-05-30,286.38894351898296,293.76085019866997,284.34172451847985,290.1758117675781,16309300
2025-06-02,291.33876752327063,301.3633823965458,289.2723364660184,292.8765869140625,19074400
2025-06-03,291.3195392437919,293.83770405735305,288.34964055922416,289.5126037597656,12805700
2025-06-04,291.74247719436215,295.6831304969881,288.53229475380886,288.7052917480469,11255600
2025-06-05,288.70525922917665,290.66597960409365,282.6789339587987,284.3417053222656,13529000
2025-06-06,285.67775554361003,292.5594757611877,285.6008484286258,291.4349365234375,12589000
2025-06-09,293.18420043157903,295.45246163976805,289.4357852722593,291.4060974121094,12170300
2025-06-10,291.9923489580734,293.2610522323578,288.9071186000579,291.9827575683594,11384100
2025-06-11,290.9159169259242,299.4700002736276,290.4834243960088,298.4896545410156,14711400
2025-06-12,299.2969488722581,306.40933049814646,296.51928846888956,306.1210021972656,15957200
2025-06-13,303.6220281405662,305.08296964676526,299.7871153497196,301.3441467285156,13762400
2025-06-16,302.97036702133624,303.2317046269717,295.0234528859143,297.8014831542969,14240100
2025-06-17,297.5982052299578,300.0180962155984,295.7300269388827,298.9726867675781,11593900
2025-06-18,297.69499281341933,301.7991482267862,296.41731275631173,297.3562316894531,12205600
2025-06-20,299.5825034578706,299.6696159884273,291.925964848967,292.33251953125,16177900
2025-06-23,292.2260128958774,292.77775509874414,286.05044672544614,291.04510498046875,12274700
2025-06-24,291.79048143829215,296.02044636611373,289.73838896663904,295.82684326171875,8781400
2025-06-25,294.6266169203876,294.6266169203876,290.19335941670323,292.34222412109375,8722100
2025-06-26,292.8746181391438,296.88194286425545,291.63563494639317,292.9230041503906,6532700
2025-06-27,293.2424310935155,300.5021047841651,292.51646372445055,299.20501708984375,15304400
2025-06-30,299.0984962484714,302.37019326388145,296.52372894959655,301.97332763671875,10074100
2025-07-01,301.9733459572185,316.0861366486659,301.1118506202054,315.6893005371094,17865500
2025-07-02,310.46230840679226,312.0884975153165,296.6108554835377,297.70465087890625,18177200
2025-07-03,299.9116053681315,302.24438382084645,298.3532097539006,298.6629333496094,6161100
2025-07-07,298.1305375850749,298.72097674345264,291.5484466230953,293.9779968261719,9031200
2025-07-08,294.4813999149907,298.42096019622454,294.06515619345305,297.8402099609375,9613800
2025-07-09,293.47473147043183,293.8715971773171,289.17700227841607,293.2037048339844,12816700
2025-07-10,293.3488615466291,295.15893527177866,287.09587153074375,289.9126281738281,11355600
2025-07-11,290.4062814720168,294.37490879731246,288.4510200909225,294.3555603027344,9808200
2025-07-14,291.97442536835626,294.2975151601079,289.41900591964696,290.9483642578125,10681400
2025-07-15,290.10619990897203,291.0451187841121,281.70434557577727,282.362548828125,16019000
2025-07-16,283.17562873088633,286.50540105981344,281.4333190530525,283.1175537109375,9714000
2025-07-17,282.96270796231926,283.6112518086275,274.7350777903966,278.8392333984375,14792700
2025-07-18,278.6650075934505,278.8392326718181,271.8118591141176,273.5928955078125,14979700
2025-07-21,275.51910346724213,277.3194880588381,272.18933133470483,273.0992126464844,10319200
2025-07-22,273.57351724569526,277.90994293601125,272.9636999980735,275.993408203125,14600300
2025-07-23,278.2874614187549,283.2627714297771,275.81918444639285,283.1369323730469,13111100
2025-07-24,274.0284717724064,279.9426713921275,269.3048396584953,269.6532897949219,22585200
2025-07-25,271.9957579849408,276.97106823531607,270.969726527959,272.0538330078125,16486600
2025-07-28,274.41564910755665,275.86758375891935,270.7277374562702,273.0798645019531,15779400
2025-07-29,257.18601893332965,264.16497607929324,252.20102000367157,252.70437622070312,41706000
2025-07-30,256.3148506594471,258.0862274672673,249.84890880133145,257.51513671875,22371800
2025-07-31,253.02380237671227,253.02380237671227,239.81120314660248,241.56320190429688,29606900
2025-08-01,242.57957388569935,243.4313803138949,227.08259596813002,230.15101623535156,39989200
2025-08-04,230.60594180808408,234.48744171814297,229.35726976064024,233.2581329345703,17427900
2025-08-05,233.43237412591424,243.9927822279844,232.35794190738343,242.95706176757812,23795900
2025-08-06,242.60859617797857,245.04785048851582,237.4493866942283,237.90432739257812,12946400
2025-08-07,238.5238341189576,240.77917449058737,231.82557704721881,236.8299102783203,11369900
2025-08-08,236.94604585991644,243.034500020713,236.5395059353711,242.8505859375,10185700
2025-08-11,245.73509198077002,250.11993338823706,244.0605315072611,244.2831573486328,11779500
2025-08-12,245.88031059004078,254.4564056426357,245.54151991216753,253.18838500976562,12171800
2025-08-13,255.91802965621497,263.4680784353771,254.4660949264001,263.1002502441406,19480300
2025-08-14,263.3809350568843,265.0748587099922,258.44435164560446,262.79046630859375,25011100
2025-08-15,292.04214547519825,300.3568882122322,285.2664500185539,294.2684631347656,68198500
2025-08-18,303.144607228976,306.26142831638623,297.56919791921246,298.6048889160156,39600500
2025-08-19,299.0017389123798,300.5504751269292,289.62223862978476,294.4910583496094,22348600
2025-08-20,296.5818475525214,297.3562304289715,286.2247313597963,290.2320556640625,16679000
2025-08-21,292.6035766345606,296.7464292443508,288.2574318925995,293.6296081542969,13359000
2025-08-22,296.29147375255474,300.72470127364335,294.82016105060586,297.5691833496094,14930000
2025-08-25,298.60487313179885,298.9727013058523,293.0294641167507,295.0911865234375,8917100
2025-08-26,294.55880662235927,299.05979792707626,284.77278170034737,290.8031311035156,16303200
2025-08-27,290.90963766752935,296.1656340638053,290.8709111386949,294.1426086425781,9982800
2025-08-28,294.50079383155054,294.7137454638956,289.80619844100585,292.6036071777344,11235000
2025-08-29,292.6132063128697,300.0664823682122,291.2677622848226,299.9406433105469,12065400
2025-09-02,298.43064853983117,302.8639055904262,297.4530030798271,298.9049377441406,10957100
2025-09-03,298.23701535088134,299.6696013761131,293.9683538633225,298.014404296875,9654600
2025-09-04,296.29147376822226,301.9152983513664,294.3555608779231,300.434326171875,7725700
2025-09-05,300.4924170051095,307.7520907256819,298.32420390659865,305.2838134765625,14126700
2025-09-08,309.46533238224737,311.34317016147895,303.74470651331217,309.988037109375,18438600
2025-09-09,321.8455217832889,340.4399570413705,316.6766378503889,336.77142333984375,46408900
2025-09-10,334.48703017591345,337.40058855772145,330.4603277789615,335.6679382324219,17804300
2025-09-11,337.8168179729651,349.41294745916144,334.7580718929745,342.2790832519531,18943500
2025-09-12,344.4957126450456,350.7003173584641,341.1659399199086,341.21435546875,14016200
2025-09-15,342.1494399462258,342.5877505388127,333.64585773745233,338.8668518066406,11035900
2025-09-16,338.4869315014284,339.98699701756243,329.5450392653686,330.9671630859375,12695800
2025-09-17,328.93138396387235,334.1036568566598,328.93138396387235,332.74969482421875,8467700
2025-09-18,334.6199468357373,335.98362943951753,325.45400809289674,326.1358642578125,11255600
2025-09-19,327.7722315420273,332.11654462342204,325.1812201416126,327.9573059082031,13656800
2025-09-22,325.78516527282153,333.5971710589619,323.9734220131043,332.44775390625,8903700
2025-09-23,332.15554257109517,343.5520936054497,331.14250854611834,338.6720275878906,12504100
2025-09-24,341.1169531409808,345.30541311628707,338.8181484734079,342.6851806640625,9016300
2025-09-25,339.85059606074145,341.1071457328094,334.6880737275095,336.59722900390625,8104900
2025-09-26,338.9057887667535,340.8928859402125,332.44774524754814,335.1556396484375,6774700
2025-09-29,335.0582842806241,336.58754097692173,332.59390547037697,336.2271423339844,6878900
2025-09-30,334.8341777664455,340.2597161593411,333.45099513810294,336.3439636230469,7429700
2025-10-01,334.98033264658636,339.65585389960705,332.7692198568235,339.2662048339844,8825500
2025-10-02,338.2824047650262,345.87033541468,335.7108637419195,344.5456237792969,8564200
2025-10-03,347.98404588176226,358.4552243092751,347.3606312231566,350.8575439453125,13494800
2025-10-06,351.66599167683506,353.117336149959,347.84765133361765,349.464599609375,7181700
2025-10-07,350.0880452744822,355.2603182962649,348.77305405811995,354.2278137207031,7236200
2025-10-08,357.41294026376534,364.91323748098864,356.31224428431375,360.3254089355469,9438300
2025-10-09,362.85800183233414,366.4620474561767,356.58503263175186,358.1532897949219,8759800
2025-10-10,359.81892450880235,359.81892450880235,343.36701323281136,345.3053894042969,13141900
2025-10-13,345.53914239238424,349.8445144711653,344.15598940570504,349.35748291015625,5659400
2025-10-14,345.743758076041,352.9323197996358,344.2339422221326,350.5945739746094,5974800
2025-10-15,350.0685670322262,354.77327893077995,346.6203751846734,351.78289794921875,6579600
2025-10-16,352.4550493853661,352.61090307539865,345.2080162921412,347.4191589355469,5872100
2025-10-17,341.89616210225205,349.0945029745603,341.7305582890092,347.3509216308594,8608400
2025-10-20,349.2406427804422,356.08830617619896,348.2373588311709,355.0265808105469,5996500
2025-10-21,355.6694171272672,361.4261039302107,352.12381314959583,355.8934326171875,6885300
2025-10-22,354.52001185010187,354.55898269896664,348.71460386326936,352.11407470703125,7833000
2025-10-23,346.3573918148306,352.8836273758504,344.4677364880268,351.1011047363281,5756700
2025-10-24,351.9972042484119,355.9421779366814,350.6919631630593,353.097900390625,5462100
2025-10-27,354.071983391527,356.7214365608302,352.0264446674387,356.4876708984375,7766400
2025-10-28,370.8063760208146,371.1180833825795,349.32829410917196,358.2994079589844,18858700
2025-10-29,354.83175503456454,356.65324853286586,344.70150330785884,346.04571533203125,11874900
2025-10-30,338.50643293984757,345.34437563613955,334.6881218381804,335.80828857421875,11441900
2025-10-31,335.4576347488759,337.29859871206804,328.37617636506985,332.7010192871094,8390800
2025-11-03,330.3340313465691,331.8633175824834,318.1290216159704,325.1325378417969,11181400
2025-11-04,319.13231385848337,327.7722492229931,318.7134738391959,322.2492980957031,9646600
2025-11-05,317.8367572482962,321.64534729207605,315.81071920974017,319.2394104003906,9697100
2025-11-06,320.3888776178953,323.7493777886428,313.1126243976539,313.2197570800781,7922100
2025-11-07,311.36904966993393,316.13220331531824,306.0117020081513,315.801025390625,9402900
2025-11-10,311.6904400245728,315.83995831851723,308.94360469051406,313.23919677734375,9283800
2025-11-11,314.9146147475993,319.35634047798845,311.583335312832,318.9570007324219,7157800
2025-11-12,319.9310727655453,334.2692843856479,318.59658119983766,330.265869140625,10403300
2025-11-13,329.5742822700864,330.23663809697223,322.69739861047674,323.8954772949219,7788700
2025-11-14,318.46997066807813,319.6972700691676,312.1775010814912,313.511962890625,8676500
2025-11-17,312.2846372515878,319.3758154633895,311.1449703398488,312.2066955566406,6485400
2025-11-18,308.7877755793916,309.2650570211989,300.761474830703,305.44671630859375,9182100
2025-11-19,305.7876743157023,306.82992914578324,296.6314855498956,301.0732116699219,8181100
2025-11-20,302.74854848270024,306.58635945893553,301.95955975304213,303.4596252441406,7337600
2025-11-21,303.82004331141417,315.4406096571707,303.36223243791255,311.6709899902344,8406300
2025-11-24,316.1127181611407,317.39848867487115,309.3819381150768,310.77484130859375,10773800
2025-11-25,312.7911523817683,319.4927115758689,312.5768573008158,317.81732177734375,6149100
2025-11-26,318.11928341409225,326.49623252363176,317.43745703867125,321.1583557128906,5504200
2025-11-28,323.067540655824,323.4474098298547,320.3596462659403,321.216796875,2464500
2025-12-01,318.6745269453515,321.49930434100474,314.6516410865056,314.82696533203125,6154600
2025-12-02,314.98276965401567,320.17454245487124,314.42754657080894,316.1224365234375,7978100
2025-12-03,317.5446185401456,332.5549367443995,316.5803054378969,330.8990173339844,9770000
2025-12-04,330.59701814015074,332.4087910072381,320.19403111638314,324.8403015136719,8061600
2025-12-05,326.31112380512167,327.0027002516846,319.9894640831421,322.32720947265625,5906000
2025-12-08,322.3272916604559,322.7195306155714,316.57107202381127,317.34576416015625,4782800
2025-12-09,316.894639081939,320.03258013608115,316.22782997459854,317.32611083984375,4628400
2025-12-10,316.4926256697473,322.3566981053691,313.4037028528859,322.003662109375,5910500
2025-12-11,323.964889169776,332.6727314078914,322.3861176902447,330.20159912109375,7513200
2025-12-12,330.9566402470831,338.291630780554,330.8291558641754,335.2124938964844,7979000
2025-12-15,334.3789640140598,338.27199587227017,330.46633068403304,334.4868469238281,6447200
2025-12-16,333.8200517828203,334.37897804920493,324.6120879365693,327.72064208984375,6334000
2025-12-17,327.14206322068014,329.01503635163436,324.0727717826809,325.2004699707031,4685600
2025-12-18,322.5527687928765,323.77853406198807,318.2773138986521,321.7781066894531,6354900
2025-12-19,321.69965881067884,328.11287143391104,319.74824997022523,321.07208251953125,10553000
2025-12-22,316.6397026430911,323.4059214629105,315.4139372798661,318.85589599609375,7872400
2025-12-23,317.7183603265456,321.4446748044559,317.48302296926164,318.5028381347656,4463300
2025-12-24,318.8951411847105,322.61164036290637,317.84587881104187,321.2289733886719,2842700
2025-12-26,320.856335890976,325.45540967620923,319.9345579941973,325.39654541015625,4359300
2025-12-29,324.47482808326515,327.7696711460541,321.9154143417118,322.5626220703125,4346800
2025-12-30,323.3372733311646,329.6327869327114,323.12153744889264,325.72015380859375,4432500
2025-12-31,325.87707455108585,326.8674725874873,323.48437823434796,323.70989990234375,4285200
2026-01-02,324.4845927435845,333.6631391122548,321.1505170252981,329.8779602050781,6863600
2026-01-05,328.94640751074036,340.21363324450624,327.37742184791705,335.3890075683594,7956600
2026-01-06,341.5962793505171,345.7736671379334,338.42889104605666,342.2042541503906,9441900
2026-01-07,342.2140819842231,343.3221487155281,331.48618131790766,335.0752258300781,7461400
2026-01-08,334.3985942399352,341.15499710704864,334.19264411998415,340.1253662109375,5059300
2026-01-09,340.51759584784224,342.2925015847546,335.8400862980764,337.3110046386719,4129100
2026-01-12,334.8006860364687,336.0068200899902,327.46569479023043,333.9083251953125,7146400
2026-01-13,334.87908297019857,335.2124875436862,326.3967930031341,327.4558410644531,5605900
2026-01-14,328.86793597407745,333.5160286109023,327.62256915022044,328.46588134765625,5740900
2026-01-15,328.7012241113832,332.86882599562944,321.69963858141296,332.3883056640625,6943500
2026-01-16,328.3678119481101,329.6818587310364,324.02370675332185,324.6022644042969,8039100
2026-01-20,321.0524395601062,333.30030671748546,320.16989453432086,331.86859130859375,7596500
2026-01-21,332.84920309131024,341.33149292224937,332.1235596151242,341.0079040527344,8933300
2026-01-22,340.4489839349073,348.0683609450301,340.0469292856779,347.59765625,7491400
2026-01-23,347.4113127291759,350.9317071763275,346.14631452558734,349.3529357910156,9082200
2026-01-26,347.0876909760341,347.9114016111286,340.5371789096768,344.8224792480469,10399500
2026-01-27,288.2705746047087,293.69335896723425,274.96365963889974,277.2190856933594,65836900
2026-01-28,278.21931612398555,289.2217870569602,278.21931612398555,288.3196105957031,23396900
2026-01-29,288.623596430627,289.86899316683935,283.6126820924317,286.6231689453125,13456400
2026-01-30,286.43684392453247,287.27037032138344,279.18031926695124,281.3670654296875,12022200
2026-02-02,280.4747261855329,284.76981295353994,276.8072456694325,280.0530700683594,8664200
2026-02-03,279.1803171568922,282.50457709447846,273.1985764978856,278.6703796386719,10809100
2026-02-04,276.54245071365676,278.98416546782244,268.7367562069888,270.5705261230469,12944100
2026-02-05,268.9721802809009,271.52177847485666,261.12728117698475,263.34344482421875,13035300
2026-02-06,261.88230892891403,272.423890770905,261.24491694225503,271.286376953125,9572800
2026-02-09,268.83483048731824,274.7479208968081,268.0209355231403,270.35479736328125,10371600
2026-02-10,272.13953381308454,274.0713413766361,267.36395636522684,267.92291259765625,7284700
2026-02-11,267.1580308957466,274.2674704297252,264.56919992859014,273.5025939941406,6333100
2026-02-12,272.7671258575986,280.7591102609402,270.46268092603174,278.8567199707031,12336900
2026-02-13,280.09225087105136,287.7704307745099,278.99397006029994,287.50567626953125,10281900
2026-02-17,288.30000883573047,288.52556043229754,282.7497397683958,283.4851989746094,6091700
2026-02-18,284.377578031072,284.50506242316317,280.7395146362062,282.61248779296875,6632000
2026-02-19,285.25030822073364,285.25030822073364,281.32785926949714,284.30889892578125,4931800
2026-02-20,283.29888397474485,285.16204133647784,280.0138268252642,284.3775634765625,6974100
2026-02-23,282.95565202692393,286.11322466070015,276.2090649023382,276.8660583496094,7247500
2026-02-24,276.7287838236561,276.9248883144977,266.53039267075826,268.63873291015625,9684500
2026-02-25,271.91396846973794,279.2195114888904,271.50209817356273,278.69000244140625,11380600
2026-02-26,281.4160980059485,289.53556576941844,279.70002666767726,281.102294921875,10210000
2026-02-27,279.1803129234154,288.4274790393609,278.3467865455038,287.5841369628906,9723300
2026-03-02,282.573240677092,289.58461255547417,281.92603297549965,289.21197509765625,8141400
2026-03-03,283.3871388529354,288.0450472755065,278.8468991181569,283.6028747558594,7051100
2026-03-04,283.406772199052,288.6334226238421,282.1025410732585,286.299560546875,7796000
2026-03-05,284.42656919311247,285.7406159339096,281.1807450619272,283.17138671875,5397900
2026-03-06,281.7691239489905,285.68175730053696,277.56228896311245,280.9258117675781,6816900
2026-03-09,278.6825254902615,281.8448924528684,275.3818211832701,281.81524658203125,10348800
2026-03-10,283.99921055550647,284.19683962143057,275.6189600693905,279.01849365234375,6075600
2026-03-11,279.0580549356083,282.85287712727273,277.2989962609529,281.894287109375,6878800
2026-03-12,281.42981524537,284.1771098102745,273.03970219902897,273.7907409667969,10512300
2026-03-13,274.7888644946905,279.5521686416635,274.54180552638564,278.7714538574219,4737600
2026-03-16,280.6392236042361,284.01897327504025,277.73380783329816,282.1314392089844,4854000
2026-03-17,284.4142561376558,285.5902591728541,281.48908656302933,284.1869812011719,5752000
2026-03-18,281.84486739927934,285.0072039222152,279.73992028125355,280.9850769042969,4544100
2026-03-19,280.65898641682674,284.16721168361096,276.77522669495943,277.140869140625,5542100
2026-03-20,275.70792697160425,279.76959224550603,271.76487534013773,272.3479309082031,38893000
2026-03-23,275.85614907409126,277.4471941978335,265.9243614270812,266.36907958984375,10424200
2026-03-24,265.70695555412027,270.1639086768414,264.4420149324948,269.07684326171875,5911700
2026-03-25,271.76484893713547,272.8321303468297,263.9676538860649,267.3671875,8121200
2026-03-26,266.81378639915397,271.4091072097051,264.03684608470036,264.8966064453125,6218800
2026-03-27,264.35309023186505,264.5211035963603,252.95873207232574,255.97283935546875,10735300
2026-03-30,257.119221076063,259.24392232728957,253.6505334149961,258.7102966308594,7774700
2026-03-31,259.9060317076502,268.6815709876363,259.5206052453565,267.40673828125,9170800
2026-04-01,270.9841413969268,272.0613148441149,267.5747458421163,270.7568664550781,5473400
2026-04-02,269.08675746280807,275.7573496838748,268.3356885397691,273.998291015625,6407000
2026-04-06,274.61097692785967,279.96719823107287,273.9883835303555,278.0500183105469,7097000
2026-04-07,305.2166521040811,308.7545232213582,297.21193558771154,304.1098327636719,22099800
2026-04-08,308.3295702834321,309.2881602178994,301.2439063119584,302.3804016113281,9645000
2026-04-09,302.22229553435415,304.26795098630464,300.56206654084286,303.2994689941406,5742000
2026-04-10,304.3272252898824,306.71873902621456,300.6213410567302,300.7497863769531,5212900
2026-04-13,299.6825108634778,309.6340527574118,299.3564063143342,309.31781005859375,7972200
2026-04-14,308.83357604431984,315.85991802738965,308.83357604431984,310.4938049316406,5864500
2026-04-15,312.28251008911855,314.0218147327601,307.4895604690128,310.3554382324219,5041200
2026-04-16,311.2942713469933,314.8617880440979,309.4264912428012,312.67779541015625,5205600
2026-04-17,316.28486761573873,321.44345989199303,313.40912786917517,320.8110046386719,9414700
2026-04-20,320.3761995931397,321.57195659057567,316.3540722325493,319.674560546875,9050600
2026-04-21,348.85713434036967,353.472178702815,341.16866091402386,341.9394836425781,26097300
2026-04-22,346.7522179221875,354.34186240718094,344.99315922396926,349.36114501953125,11807300
2026-04-23,350.5074689695779,352.6519539416425,346.3766505322415,350.3888854980469,7255800
2026-04-24,352.2961973442777,354.0651480045056,347.256218509828,350.74468994140625,8554600
2026-04-27,349.7465417706892,352.2961769099271,344.84490056056404,350.5173645019531,7256100
2026-04-28,352.6420862239859,365.28163151709003,351.53526686870356,362.45526123046875,10604100
2026-04-29,361.6943118802069,366.47736965325623,360.7159680643861,366.3785400390625,9046600
2026-04-30,364.1747868031508,367.613828109226,358.72959785711384,366.1216125488281,6879900
2026-05-01,367.5842026752116,368.513146797899,362.7023151057061,364.4416198730469,4945400
2026-05-04,364.21429688196605,366.46747332966095,360.360183242299,366.388427734375,4916900
2026-05-05,366.12160978462725,367.4260581192055,357.55359213486105,359.58935546875,6489000
2026-05-06,358.8284404495387,364.2143076961161,354.0354905816196,362.9592590332031,6695500
2026-05-07,362.3267825015715,365.45947304961004,360.42935652558276,365.3902893066406,5235400
2026-05-08,367.6138623558188,375.5098876953125,367.6138623558188,375.5098876953125,6455100
2026-05-11,375.9743375633532,380.2830313516125,371.6458597568035,379.9173889160156,6949600
2026-05-12,378.3461148231528,392.7447189140002,377.51600029829973,391.7268371582031,9236300
2026-05-13,391.83549141965085,399.3954891946478,388.3766661486073,396.440673828125,8454100
2026-05-14,396.28255351740535,397.1719597005697,391.34137454586664,394.39501953125,5342500
2026-05-15,389.661393370787,392.9522357226725,385.6590501412673,389.2167053222656,9811200
2026-05-18,385.41197520580425,387.5268143663777,378.9884422857075,386.5286865234375,8400700
2026-05-19,385.41195752188855,390.34324445585156,382.9512600592197,384.660888671875,5016800
2026-05-20,384.9672762725209,388.75223659432163,376.22141283224954,378.7908020019531,7783900
2026-05-21,376.63642186697786,381.5677088398597,376.0632583748818,377.9804382324219,4732500
2026-05-22,377.4270609393932,385.94564940819987,376.5277626686598,383.8999938964844,5598600
2026-05-26,381.4590342432408,381.9729060229619,371.981856156588,372.4265441894531,6498100
2026-05-27,373.978089171931,380.0063339481963,372.65385673887687,379.4924621582031,4544000
2026-05-28,380.4312519906984,384.6806841025421,376.47830871934457,378.02984619140625,4330800
2026-05-29,379.26514757156605,380.5893799715138,371.0331563353153,375.8359680175781,10257900
2026-06-01,371.6853813293241,378.84022958868775,371.49764425852044,375.3912658691406,6623700
2026-06-02,373.5333823120854,375.60865338618567,370.31172392082095,373.4740905761719,3874400
2026-06-03,375.52961840237487,382.90184930871817,372.37714366678557,372.5649108886719,6808400
2026-06-04,385.4119903823484,396.6581194399012,385.2341151633045,391.8058776855469,12666100
2026-06-05,394.83975259392224,399.2868138360328,392.52728436705246,394.77056884765625,10897300
2026-06-08,392.45809969895464,403.9018573320044,390.3432605482298,401.78704833984375,6963200
2026-06-09,405.1668188073661,408.14141845703125,402.6468293766872,408.14141845703125,8590400
2026-06-10,408.6355178300448,411.0863535582731,399.7907950421236,402.66656494140625,6512900
2026-06-11,403.9018510073829,405.1569297923697,398.3677244184781,400.7790222167969,4938100
2026-06-12,404.1983674177345,405.0680198185554,400.04776465329513,403.714111328125,7269600
2026-06-15,404.2110392057612,411.6253760831061,397.2041664686265,408.52447509765625,6777900
2026-06-16,408.166667860176,409.2301268352938,404.0520200618331,405.15521240234375,4815100
2026-06-17,406.6162060558993,408.6437298747245,396.1506502177288,397.08489990234375,5838800
2026-06-18,400.30508514209487,403.7141170062105,396.70724395946763,398.50616455078125,11896900
2026-06-22,399.67896817834475,406.9541476446936,399.67896817834475,404.191162109375,5818600
2026-06-23,407.01375906554006,407.39143834852035,400.3746474166842,406.74542236328125,6675900
2026-06-24,408.02754057105534,410.89983825863845,397.5520359316292,403.3165283203125,6858800
2026-06-25,404.16133931155116,415.02444159806856,404.16133931155116,412.98699951171875,6014400
2026-06-26,413.61313803856785,425.31109566973157,413.61313803856785,425.2713623046875,10588200
2026-06-29,423.91969011086917,424.08866307831835,413.26529391722636,417.2507629394531,5167400
2026-06-30,420.13300160884575,420.15286829196674,410.7209557472728,413.0863952636719,5779800
2026-07-01,414.5573140678119,425.4005496015332,411.19802480675855,423.92962646484375,4985900
2026-07-02,425.5099032988985,427.56724243960514,417.9663567804552,422.7568359375,3928800
2026-07-06,420.8982555962246,421.8424537826169,412.50990548941394,415.4319152832031,6379000
2026-07-07,421.35547715852107,425.97701352040843,419.546608111588,425.56951904296875,5800500
2026-07-08,424.5358632950858,428.13370427403623,421.236174203027,422.995361328125,3859200
2026-07-09,424.49610771371175,431.6421079373234,420.92808185525126,429.03814697265625,5566000
2026-07-10,429.02823519316007,430.2109246052771,421.05729739652094,422.0213623046875,3798600
2026-07-13,423.8600586972866,428.90895639358115,422.9258089520534,426.4640197753906,3863800
2026-07-14,428.3623316954033,429.5052877671748,419.2087042833569,422.587890625,5135900
2026-07-15,416.9227440878186,421.5144651938549,411.8340829429332,415.95867919921875,6764800
2026-07-16,446.63980262892494,458.7949371104763,417.79738207388664,420.7889709472656,13281900
2026-07-17,424.10851014493676,434.7927210350189,422.49842926373356,423.48236083984375,10718100
2026-07-20,424.6352826432401,428.3821997886642,414.8256906800468,418.97015380859375,4818800
2026-07-21,419.8944835510819,434.32561195838645,417.92658999657095,433.6795959472656,6833600
2026-07-22,432.2881481663885,433.6497590080594,427.07027780386676,428.67041015625,4234100
2026-07-23,425.6490319049457,427.8554470044401,417.82720014306483,420.9678649902344,4868700
2026-07-24,422.63756051053787,426.3745593613837,416.3562613820867,418.16510009765625,3752500
2026-07-27,419.9242977601041,420.2920285503067,410.01531178461545,415.0841064453125,4615700
2026-07-28,417.36006944549115,427.82562584403445,412.5695600114177,426.1658630371094,5917300
2026-07-29,425.6390950681477,429.03814797487155,417.77749995314144,417.99615478515625,5257900
2026-07-30,412.6490895753043,424.7247269708298,408.7729631722832,418.8906555175781,3647500
2026-07-31,419.4173861384651,420.2224265621711,411.5259760202005,411.8638916015625,3920900
2026-08-03,414.8753627675596,416.7736773978178,410.79053011629577,412.8180236816406,3209600
2026-08-04,413.0168058398714,413.4541155038886,404.1812276531693,405.0558166503906,5266300
2026-08-05,400.7225079776698,413.81189151849264,395.3654798398698,410.2239990234375,5399000
2026-08-06,412.72857459868203,414.4181828862322,399.93734267646886,401.49774169921875,4712400
2026-08-07,399.1322922233893,408.12692502274075,398.2079910410381,404.58868408203125,4095900
2026-08-10,406.09939795446246,410.5420430290281,405.4931153467772,406.238525390625,3182200
2026-08-11,406.4969587134404,408.3853248271201,398.86396686589376,399.7286376953125,3398900
2026-08-12,398.5260459867315,404.7079813067043,398.0489726285335,403.1078186035156,3317200
2026-08-13,403.10783381523447,404.8272573401537,396.15067298241183,396.6177978515625,4170200
2026-08-14,395.5642702547857,400.7125617691589,394.1330805188561,399.2714538574219,3476400
2026-08-17,396.1308110575831,396.4587781552261,389.0344923640698,393.1988525390625,5295100
2026-08-18,394.99774525157386,396.34943790617217,391.1017523988161,391.5191650390625,3605100
2026-08-19,392.15526703416754,394.3716001815704,383.9656746212449,386.2317199707031,5268500
2026-08-20,385.8739371481429,390.3066337673781,381.4809738935195,382.4947509765625,4497200
2026-08-21,383.6377017073448,391.25082657781496,383.6377017073448,387.7225341796875,4879600
2026-08-24,388.64688547516835,397.1345997494796,388.4679640045169,396.31964111328125,4683900
2026-08-25,395.3654892531199,396.58797268780876,393.1988379276376,394.16290283203125,2655000
2026-08-26,393.9044956601749,403.7637998223176,393.58647707234917,398.5558776855469,3557000
2026-08-27,394.44119329325724,397.43278212180275,391.360158894761,392.63232421875,3668200
2026-08-28,393.99396168554,394.3119802653936,390.2569628122352,390.5451965332031,2455500
2026-08-31,391.1116881429976,392.07575305843136,385.3372471573089,387.02685546875,5748000
2026-09-01,389.6804891479818,397.15448677524853,389.38233725575066,393.8746643066406,3716200
2026-09-02,396.82648354309646,398.68506474678935,394.083395182361,397.214111328125,3265300
2026-09-03,397.57191455176616,402.6804729256668,392.8807991736857,398.4862976074219,5488900
2026-09-04,394.6200883073414,399.76841036462207,392.78143435561344,394.7095642089844,5565400
2026-09-08,389.99855125422266,401.41825440621807,388.0505547204797,398.38690185546875,7049400
2026-09-09,402.69041430628795,404.0420766863295,375.7661756497595,390.6545104980469,7735200
2026-09-10,393.57650281663535,396.826479685953,385.2279163988086,385.90374755859375,4339900
2026-09-11,388.0306670998862,389.3326475544677,373.5995091898494,376.7699890136719,7478400
2026-09-14,381.44000244140625,386.4599914550781,379.2799987792969,383.54998779296875,4474000
2026-09-15,383.54998779296875,383.79998779296875,375.5,375.92999267578125,4391400
2026-09-16,375.8999938964844,380.2200012207031,373.6300048828125,375.260009765625,4414900
2026-09-17,376.45001220703125,380.5,374.20001220703125,375.2099914550781,4833700
2026-09-18,375.2900085449219,378.489990234375,372.4200134277344,376.8999938964844,8606300
2026-09-21,377.8699951171875,378.95001220703125,373.82000732421875,377.55999755859375,5701600
