Date,Open,High,Low,Close,Volume
2021-09-22,177.25438057624666,178.83573652677188,176.6200605185053,176.95956420898438,2907200
2021-09-23,178.05846229229695,181.6410686382805,177.95124271036872,180.2205352783203,3553500
2021-09-24,179.72021593648887,183.0347936521919,179.6666129637814,182.07884216308594,2908500
2021-09-27,181.89121212407642,184.48213599023808,181.85548135428238,182.22178649902344,2449600
2021-09-28,180.06867142519297,181.14970119672716,178.42478310480382,179.6844940185547,3792800
2021-09-29,179.84530912795805,181.03355844152253,179.51473471444973,180.18479919433594,3448800
2021-09-30,180.69406712870935,180.7476701095751,175.0476501808907,175.11912536621094,4098900
2021-10-01,176.70937143798233,181.29261613734465,176.2626618534829,180.23838806152344,3468600
2021-10-04,182.21291138376316,184.59833990561944,181.9002227261042,183.6066436767578,5531900
2021-10-05,183.2671164165736,189.37810152507234,183.2671164165736,187.5912628173828,4177300
2021-10-06,185.68826979013195,190.2536430998009,184.53576485574257,189.79800415039062,3074400
2021-10-07,191.68311158659262,192.4871834953935,188.7794988912055,189.2976837158203,2655200
2021-10-08,192.2370173790134,193.6218199357543,191.6116266337905,193.4073944091797,3352100
2021-10-11,193.7469103959695,194.82795374979378,191.96900107711681,192.00474548339844,2312000
2021-10-12,191.7724583462557,192.40679208411882,190.29832186928135,190.6646270751953,1975500
2021-10-13,190.9773020437063,193.4967509787855,190.52166311464782,192.8445587158203,2206100
2021-10-14,194.5688346970039,197.97275970999496,194.32760769291534,197.74940490722656,2559400
2021-10-15,199.1788854392665,201.64471760787683,198.28546620871987,201.1622772216797,2747400
2021-10-18,200.12592698851887,202.40414897314648,199.1431602869158,201.8502197265625,2287000
2021-10-19,203.074237804994,203.2439896767565,200.90322151573955,201.6983642578125,1933300
2021-10-20,202.0467661931043,204.0659025054333,200.32247351372237,203.70852661132812,3454200
2021-10-21,205.03974997700757,207.35370292499215,202.7525985201195,206.63003540039062,3361500
2021-10-22,208.25605764153931,214.10794352590997,207.68426979816198,212.2675018310547,3809000
2021-10-25,212.90182520177876,215.4748635553855,211.90118630024023,214.67079162597656,3158000
2021-10-26,216.12705966618378,217.91389821270425,214.2151429667067,215.0638885498047,2409700
2021-10-27,214.9209426984819,217.3421149780571,213.81311150121945,213.86671447753906,2886300
2021-10-28,214.7333295143453,216.60057253873177,214.5099746942274,216.47549438476562,1998200
2021-10-29,214.79585492768712,217.00260157070363,213.88456347355782,215.67140197753906,2387000
2021-11-01,216.35035425006265,216.4486308880598,212.32102572467295,213.93812561035156,2547300
2021-11-02,214.67073985801437,216.60052838222254,213.2948804448713,214.81369018554688,1933200
2021-11-03,214.2597570044792,215.13530383141295,211.7760395744148,213.93812561035156,2535600
2021-11-04,214.20621874073532,214.32236761879307,210.84696688784834,211.9190673828125,3007800
2021-11-05,213.52721534033782,214.6707909678788,212.58912233723865,213.37533569335938,2313900
2021-11-08,214.42064362203956,214.42064362203956,212.26749972053557,213.92926025390625,1612900
2021-11-09,213.545089957712,215.4034037815979,212.95542993395554,215.31405639648438,1778800
2021-11-10,215.8769116286441,216.65418206375222,214.8405419601688,215.79649353027344,1613800
2021-11-11,215.3140203129143,215.43016916759757,213.53611125408466,214.92091369628906,1443600
2021-11-12,215.322958860923,218.03001797620246,214.29553222258085,216.60055541992188,1803800
2021-11-15,216.67204360041222,217.12768251709716,215.19789363614439,215.7250213623047,1633800
2021-11-16,216.21638525186103,218.29805371587412,215.29616452574092,215.7428741455078,1986100
2021-11-17,215.63570188825156,216.1717589687191,213.2413308633272,214.19729614257812,3023200
2021-11-18,214.0096207031599,215.7875297485214,212.6605626722289,214.63502502441406,2754200
2021-11-19,215.48381271839543,217.100899542015,212.83928547464657,215.5910186767578,2589000
2021-11-22,215.93940185230144,220.7817319202379,215.15320228487428,217.9138641357422,2381400
2021-11-23,217.44039268585044,221.35355993336603,216.89540636983276,221.005126953125,3004500
2021-11-24,220.34398593416265,220.8085541117811,219.08426156591895,220.3171844482422,2145700
2021-11-26,214.76011414499493,215.92154821244648,212.33001280225844,214.2329864501953,2566700
2021-11-29,215.7606944220799,217.10975224141094,213.83090605731405,213.93812561035156,3749000
2021-11-30,212.49081857950725,213.91135183118462,210.22153981703178,210.52529907226562,4488300
2021-12-01,212.30322593924893,214.16153966065892,208.35431439343876,208.39004516601562,3934700
2021-12-02,210.2394401659281,215.70716202216184,209.14052459090317,214.4921112060547,3783200
2021-12-03,215.4659448025314,217.1277053527054,212.67848076965797,214.8048095703125,2961100
2021-12-06,217.37781410163927,221.21058994040396,216.00195459060487,219.834716796875,2623700
2021-12-07,220.9068736103404,223.30124466602877,220.50483761107313,221.09449768066406,2270700
2021-12-08,220.94258855749374,222.17549788200517,219.06640263443828,221.2106170654297,1814500
2021-12-09,220.72821259663954,222.80988160254012,219.83479312453625,220.89796447753906,1983000
2021-12-10,222.1397670551073,223.08678930141932,220.737105888163,221.9789581298828,1937800
2021-12-13,221.18378681505274,221.98785860180257,218.34270681238084,219.548828125,2548300
2021-12-14,219.34336328361798,220.6745629231201,217.35104209942725,218.53929138183594,2682200
2021-12-15,219.85264913217895,220.99622488161177,218.00326441758946,220.78179931640625,2517600
2021-12-16,221.48755438643687,223.26544984750646,220.04020603035863,221.8806610107422,2297200
2021-12-17,221.36004966156534,222.0153693038336,217.44614412620288,217.8590850830078,4937100
2021-12-20,215.4263389840903,216.25220714367214,213.71177186785235,216.01881408691406,2769900
2021-12-21,217.86803378910025,219.38512284405596,216.1355092123097,217.43714904785156,2746200
2021-12-22,217.23963561089403,218.68490811472086,216.42273947882288,218.03857421875,1623000
2021-12-23,218.37972466234558,221.55752194748234,218.27199320181978,220.50723266601562,1655700
2021-12-27,221.01887899719017,222.85014912012574,220.30970066066644,222.58084106445312,1176500
2021-12-28,222.5000959675297,224.71737793030317,222.03329616021438,223.72991943359375,1119700
2021-12-29,224.43010683556616,226.01004039186267,223.9184337706867,225.3457489013672,1106200
2021-12-30,225.56119808538662,225.91129450790385,223.146424482413,224.00819396972656,1163300
2021-12-31,224.0081905371394,227.4104225605039,223.64912220585742,226.15365600585938,1516700
2022-01-03,227.33863476733842,227.56305592702975,221.27926345567192,222.41932678222656,2450200
2022-01-04,224.42114015842307,228.37094674617958,223.84662258752067,226.24343872070312,2647500
2022-01-05,226.97951649334908,228.64921010230273,225.9112698164409,226.92564392089844,3651300
2022-01-06,228.0118913692706,228.64026785793757,226.10880437571333,227.5540771484375,2342300
2022-01-07,226.9256543400168,229.90595969964602,225.83049187296604,228.71205139160156,2346800
2022-01-10,228.48762912486333,228.48762912486333,222.9848188906475,224.67247009277344,3341400
2022-01-11,225.09440377312296,225.48938717175528,219.9955620391621,221.20742797851562,3087200
2022-01-12,222.27566121702142,223.48754077990773,220.8662899668858,221.7280731201172,2480800
2022-01-13,222.17696544570057,223.31702886129025,221.44984302312773,222.28468322753906,2615100
2022-01-14,220.17508465076727,222.83222314236775,219.5107931790778,221.07276916503906,2525500
2022-01-18,219.75320188344958,220.41747974839717,212.5717247872426,213.68484497070312,5752100
2022-01-19,215.44427961715982,216.97034052493234,212.77815556109118,214.98646545410156,4910900
2022-01-20,212.94874490171023,220.5252052238425,212.75125319112723,217.30252075195312,4256100
2022-01-21,219.62751631914844,224.89692050902943,217.4551212427698,221.12664794921875,4932400
2022-01-24,218.06551686561838,220.75857036276963,214.66329864115178,220.02247619628906,5093200
2022-01-25,217.81417668507302,220.53415975105335,214.71716775522776,219.1427459716797,3325400
2022-01-26,221.36004522316645,224.5558002508151,217.56284314908552,219.82501220703125,3529100
2022-01-27,222.02431198311595,223.22720594170366,217.88598583514542,219.5646514892578,3045500
2022-01-28,219.9326771758092,220.90217796788525,215.08518691300577,220.76751708984375,2659900
2022-01-31,219.9327028447112,220.2827992523568,217.96677159501735,219.52874755859375,3522000
2022-02-01,219.76216448091924,222.96690507406134,218.87346549439542,221.4677734375,2438500
2022-02-02,220.85732920512143,226.03697290483558,220.85732920512143,225.55221557617188,2640200
2022-02-03,224.69047956308043,225.9382607282605,218.62212232148943,219.34925842285156,3666700
2022-02-04,219.60952698486608,220.9111667196904,216.4855888817721,217.58973693847656,3603500
2022-02-07,219.17866279438198,219.91475700189847,215.57893898606153,216.47662353515625,3067400
2022-02-08,218.31687413458482,220.08531374783348,217.2845424080028,218.0924530029297,3027700
2022-02-09,220.08534387725794,221.38698387953485,218.78370387498103,221.27029418945312,3135200
2022-02-10,218.63103159042484,220.92012947906687,216.28807483106263,217.3473358154297,2034800
2022-02-11,216.64717833287398,219.47489278372387,213.388592846193,214.37603759765625,2379100
2022-02-14,215.56098828289097,218.8106018637552,213.99004037207428,217.73338317871094,2429400
2022-02-15,219.9327109577099,224.4031761043037,219.46591116443676,223.8107147216797,3248500
2022-02-16,223.0297338968243,228.77492349783378,223.0297338968243,227.84132385253906,3493100
2022-02-17,226.49478142679888,227.38349404205485,224.02614897088895,225.30984497070312,2697500
2022-02-18,225.73175854188008,228.44275596744293,224.71737063705342,225.4893798828125,3319300
2022-02-22,225.31881308222268,226.4678481646843,220.17508465076727,221.07276916503906,4360300
2022-02-23,222.66163409152648,225.8484164731179,219.31327509165268,219.77110290527344,3346900
2022-02-24,215.81234635711505,217.95781188773012,212.58067649203076,217.32044982910156,3944100
2022-02-25,218.53827463903397,224.03196182242294,217.9068202974583,222.28192138671875,2548100
2022-02-28,216.97766325497082,222.3540750801978,216.17481126626126,221.866943359375,3358100
2022-03-01,220.883654336753,222.4081741201613,217.38357406548047,218.69158935546875,3327000
2022-03-02,219.40424008197812,228.56939044595845,219.16067424890164,227.6582794189453,3528900
2022-03-03,229.06555759273093,237.77966852500737,228.52431693049334,230.4457550048828,7218000
2022-03-04,229.74211243353662,238.86217081782374,228.79493785946963,238.71783447265625,5924800
2022-03-07,238.14946377137565,243.68825618074604,235.6958015283153,235.85816955566406,5794000
2022-03-08,235.89427053453016,237.47291288036354,228.31679278039752,228.6505584716797,6229800
2022-03-09,232.15069141752565,233.95485450990302,226.90958607184493,228.83102416992188,6204400
2022-03-10,227.32451604691045,234.45998332634815,225.1234351971249,234.22543334960938,4501100
2022-03-11,233.64813246661652,237.60825584046424,233.64813246661652,235.91233825683594,3873800
2022-03-14,237.5721765293039,238.03224691512577,230.6171356996953,232.43032836914062,3839200
2022-03-15,235.939433508636,236.60699261836405,231.65454587158084,234.6584930419922,2913800
2022-03-16,236.4355493697899,238.98842771523522,234.77572283466287,238.28480529785156,3958600
2022-03-17,235.37111318889953,238.52839838653082,233.1339411954433,237.75259399414062,3761500
2022-03-18,238.1495207133443,238.29385705972203,234.22546060481258,235.73194885253906,6342900
2022-03-21,235.30795195075683,239.44850250647318,234.75766795050276,238.6095733642578,5158400
2022-03-22,239.95366667814548,241.03617543429468,237.96007437373433,239.82736206054688,3704700
2022-03-23,239.10566760538364,243.35446282780552,238.61853599429392,241.4691162109375,2877100
2022-03-24,242.6598930388274,246.0607299563559,242.00136371592944,243.75140380859375,3400200
2022-03-25,244.79783048603483,246.79142271557433,243.82359466556207,246.61102294921875,2814300
2022-03-28,246.01568583310754,248.4332578234599,245.0504519502392,248.37913513183594,2548400
2022-03-29,248.25289185074584,249.71425978238437,243.002769813168,246.8185577392578,2759500
2022-03-30,247.28759747012685,249.7592918854823,247.04401785474923,249.596923828125,2770400
2022-03-31,248.58661410636248,251.6266244611577,246.4576873779297,246.4576873779297,3793000
2022-04-01,247.3507716679149,247.5672624302151,231.83495801837182,234.50511169433594,6367000
2022-04-04,234.32470951119728,235.16363873589435,228.53333391466415,232.5024871826172,4633400
2022-04-05,231.2575996929954,234.07211709237436,227.03586488794082,227.42376708984375,5042600
2022-04-06,225.45722498323096,225.96240219069784,216.82431209797244,219.1426544189453,6794200
2022-04-07,219.75606516644217,221.9030234473559,216.51759602642255,220.8836669921875,4793100
2022-04-08,217.60009807185818,221.33471488906272,216.21088486934312,218.28567504882812,3530700
2022-04-11,217.32044674422818,220.36947270378886,216.11166089740024,219.30502319335938,2912100
2022-04-12,219.7471011554273,223.85156175783214,218.74578994732386,221.0641326904297,3097700
2022-04-13,220.79345446780493,222.19168349180376,218.8990916496811,220.6761932373047,3062000
2022-04-14,222.2729006652545,223.6260230648352,220.58601247847253,222.1015167236328,3180200
2022-04-18,221.00994033367164,222.66075092751615,216.69799239486582,218.4119415283203,3173200
2022-04-19,220.80249860653078,221.99323906124448,219.76509659455013,221.5692596435547,2269000
2022-04-20,221.99323901397176,224.83480407435187,221.99323901397176,222.87728881835938,2937700
2022-04-21,221.43393799683912,225.98945214148353,218.7908321505547,220.4687042236328,4179600
2022-04-22,218.53824173107702,218.89908256097857,210.94271776119484,211.35768127441406,5105300
2022-04-25,210.93370816151673,213.75722751885016,207.53285722387912,213.2700958251953,4129900
2022-04-26,212.5304014400631,214.56910062235065,210.5728725224956,210.7172088623047,2316200
2022-04-27,209.77002030537676,214.7224525623116,209.544499936449,213.60386657714844,3489800
2022-04-28,213.6038564070388,216.3912984954199,213.27910654065798,215.82298278808594,4531800
2022-04-29,214.78560532205174,216.39130925100324,210.94272941809305,211.34866333007812,4407100
2022-05-02,212.42215181634037,213.19794247171993,206.2338720577559,210.06771850585938,3665800
2022-05-03,210.17592920726142,210.59087890132147,207.12688997716,209.37307739257812,2285000
2022-05-04,210.42853732413872,214.37062873658337,208.75066532735542,213.87448120117188,2598400
2022-05-05,212.38607640944974,213.19794427593237,207.08183263872624,208.81382751464844,3005500
2022-05-06,207.95686084596178,208.01098353719348,203.6629575772887,207.10890197753906,2774900
2022-05-09,204.77247482452225,205.45805172327923,202.4451031945801,203.19383239746094,3288900
2022-05-10,205.66554776783656,205.88203849910744,196.90633112885655,200.80332946777344,3845200
2022-05-11,201.03786565193494,205.78280896208082,200.67703859008986,201.95799255371094,2457500
2022-05-12,201.5160003741391,205.65655145642057,200.13581668004528,203.80728149414062,3230900
2022-05-13,204.6552404180054,209.5986573089036,204.51091782863568,208.16433715820312,3263800
2022-05-16,207.57796988690885,208.76871028272805,205.06116861448515,205.57534790039062,3091900
2022-05-17,208.80481537492008,210.26618306649442,206.83827045811339,209.45431518554688,2916400
2022-05-18,209.5715317961818,209.59859313369498,202.1383770149779,202.9592742919922,2620700
2022-05-19,197.94375156292875,198.7285718858913,191.89079195892492,195.3006591796875,5428100
2022-05-20,194.84958504853012,196.1576003433756,189.65360106918385,192.6665496826172,3796000
2022-05-23,194.38955716269172,195.84190900129164,193.34313926656478,195.6524658203125,3079300
2022-05-24,194.6240542418366,196.3019261291085,192.38689631369715,195.8328399658203,2159700
2022-05-25,196.36510570633425,198.05200756918714,194.53388125625779,196.1305694580078,2006700
2022-05-26,196.86124531318848,200.78530541227406,196.86124531318848,199.62161254882812,2045300
2022-05-27,201.13697756757813,203.48717167886454,200.38382383250746,201.89920043945312,1537400
2022-05-31,201.20048109961812,201.2458544738299,198.968255086901,199.4310302734375,4405400
2022-06-01,200.6923558137269,201.980879483918,199.5580905569377,200.82847595214844,2796200
2022-06-02,202.2802975187937,204.97531248151452,200.1841778469018,204.5216064453125,2091900
2022-06-03,203.08795016073105,204.45815163237523,201.3366510202759,203.26036071777344,1964400
2022-06-06,204.47626464018842,205.392759836254,203.36015149570494,204.32200622558594,2151300
2022-06-07,198.65067776716288,207.85183694933036,197.08992767073113,207.57054138183594,3772300
2022-06-08,204.69406763334703,204.93907283043805,199.6307053542052,201.1551513671875,2409300
2022-06-09,200.14795759948493,201.7903718107702,196.61811010860464,196.71792602539062,2198300
2022-06-10,194.03195389107393,195.23881378794727,190.565632614128,191.57286071777344,2752200
2022-06-13,188.28803572230015,190.2843398378644,185.30265560959893,188.80526733398438,3374500
2022-06-14,190.13917323537063,192.60733587674986,188.36065282514969,189.1864013671875,2631600
2022-06-15,191.60005403806448,193.28784105087826,187.87967283933096,190.41134643554688,2236000
2022-06-16,186.69102702072178,190.17548721774665,186.309915484736,188.9141845703125,3124500
2022-06-17,188.87783348147966,189.86692324793398,186.6456073462765,187.33523559570312,6079700
2022-06-21,190.60195386473652,191.89954679049814,188.82341968800034,190.07565307617188,2956000
2022-06-22,187.8343204684395,191.66360095958325,187.3896835175493,189.64007568359375,2098400
2022-06-23,190.30247539871274,191.78156161989185,188.26986721744905,190.32969665527344,2504700
2022-06-24,190.61099302286084,197.67974138838412,190.61099302286084,195.8013916015625,5516500
2022-06-27,196.7450943379183,196.7450943379183,192.7615420042993,194.05007934570312,1827600
2022-06-28,196.11900443651652,198.58716674354855,193.41490609456977,193.60546875,2156400
2022-06-29,194.21341356529717,194.21341356529717,190.97395951968423,193.41488647460938,2179000
2022-06-30,190.5565415834199,193.65988931340013,189.66728159958004,193.53285217285156,2314100
2022-07-01,192.82506126801633,196.19156607698665,191.736169573587,195.3295135498047,1765900
2022-07-05,193.45118860092344,193.46934071988002,188.4422699116747,190.71080017089844,2236000
2022-07-06,190.10285844002675,192.8976897148908,187.997655461813,190.302490234375,2655800
2022-07-07,190.58377701806364,193.47842405664647,189.44951180520272,192.94305419921875,2007200
2022-07-08,192.42584101465815,193.35140539373253,186.6093251239248,190.2843475341797,1850900
2022-07-11,189.47672871096975,191.572848560834,188.95951098570964,190.43858337402344,1818500
2022-07-12,187.36249362850748,189.34972884240122,186.11027403102318,187.38064575195312,2653900
2022-07-13,186.0104170250035,189.29524449625785,185.37521745886264,187.5711669921875,1902500
2022-07-14,184.6584020710138,186.8997115478123,183.64210473112593,186.4913787841797,2306600
2022-07-15,189.78524337619564,191.32785508965148,188.61468780886656,189.76710510253906,3997500
2022-07-18,190.93769001367752,193.0791835451507,190.14824576196915,190.75621032714844,1990100
2022-07-19,192.47120484377632,197.1625243183587,192.01749873777015,196.8177032470703,2387700
2022-07-20,196.81770057710048,197.6797532436271,194.26787451129783,194.59454345703125,3152100
2022-07-21,192.82510780885653,194.51289518869456,190.38416658170243,192.28065490722656,4130900
2022-07-22,192.56193011048,194.42211386067066,191.28247571130683,193.64173889160156,2612600
2022-07-25,193.63271000337275,197.4257006145612,192.91586037913592,197.23513793945312,2534200
2022-07-26,196.32772141204052,197.480138884274,194.59456063457358,195.9738311767578,1927900
2022-07-27,196.36399496094623,200.71957629945018,195.71065706787007,199.53086853027344,2041500
2022-07-28,199.95735634365874,203.35108301389144,198.82309107438448,203.0244140625,2337200
2022-07-29,202.73404256936408,207.09869326220448,202.60700540862072,206.2548065185547,2337000
2022-08-01,205.15677189842654,206.87177999233083,204.46714377595987,206.05511474609375,2245100
2022-08-02,204.7484739951852,204.7484739951852,201.037161678689,201.89920043945312,2954300
2022-08-03,202.84292357760827,205.50164860849384,202.2349590457021,204.7394256591797,1922300
2022-08-04,205.05700675896566,207.7792433812665,203.65051506824125,206.3001708984375,1891900
2022-08-05,205.0751601165066,207.8336871514924,205.0751601165066,207.45257568359375,1482200
2022-08-08,208.7048163624898,209.91167630993345,206.69942920867447,206.76295471191406,1662500
2022-08-09,207.49793752850942,208.84998663514068,207.08960482460398,207.33460998535156,1778700
2022-08-10,210.6194541803174,214.55761995269876,209.53056226875734,213.93150329589844,2411500
2022-08-11,215.22910645715854,219.49394111759676,215.0566959201729,217.09837341308594,2746600
2022-08-12,217.76982474389098,218.84963346206445,216.50852253734354,217.7335205078125,2186700
2022-08-15,216.5085568734317,216.5992897859988,214.58483359045636,216.1183624267578,2070500
2022-08-16,215.73727741988836,219.92044873673913,215.73727741988836,219.00396728515625,2486800
2022-08-17,216.07298174325155,219.0674446769679,215.6646490354745,218.58651733398438,1686800
2022-08-18,219.17634827270433,219.8478383207367,217.82431288473677,219.51210021972656,1457500
2022-08-19,218.68636804554248,218.68636804554248,216.22727457817876,216.4359893798828,2082500
2022-08-22,213.6774093975764,215.86427600408865,213.02407154130708,215.5194549560547,2891100
2022-08-23,215.27447656937147,216.9168904455983,214.5031706564639,215.63743591308594,1638900
2022-08-24,215.3561259814985,216.8896547215337,214.9205720288884,216.22723388671875,1779700
2022-08-25,216.49947550574709,217.89689806062142,215.22002096870293,216.93504333496094,1624100
2022-08-26,216.4541002400105,216.9804009778826,209.56684496046321,209.8572235107422,1728800
2022-08-29,208.35999000307808,212.43427586477742,207.65220957753732,210.8916778564453,2139900
2022-08-30,210.76391717797335,211.23842961176956,204.8781890946172,205.5352020263672,3159400
2022-08-31,206.36557539027834,207.01346815168708,204.36717619843492,204.86904907226562,2420700
2022-09-01,204.0933984621619,206.48418670621868,203.30863388927318,206.28343200683594,2263200
2022-09-02,208.1632190149523,208.1632190149523,203.42725707376607,204.34890747070312,1571800
2022-09-06,204.34894667874903,209.60503669176614,203.947437192024,208.03550720214844,2956400
2022-09-07,206.94957970195978,209.8878835027962,206.94957970195978,208.7746124267578,2858500
2022-09-08,207.81650666123292,210.3989299517792,207.35111434851305,210.1890411376953,2181800
2022-09-09,210.89167302430488,212.87183200963636,210.78217550818013,211.5943145751953,2016400
2022-09-12,213.8847100701755,214.70596922848318,212.21480345264806,213.67483520507812,2635500
2022-09-13,210.01564580219886,211.5943092137739,205.81807867832586,206.4933319091797,2378300
2022-09-14,203.83792120209603,204.29417940951487,195.28763292681768,198.88294982910156,5915000
2022-09-15,201.97637502983318,205.033310515108,198.96506814897492,199.257080078125,4148500
2022-09-16,195.15075700566555,195.9172674365713,189.4201551526928,193.45347595214844,7984100
2022-09-19,192.42234209982976,197.64193738217378,192.10296969211305,197.2860565185547,2863800
2022-09-20,195.15986717792418,196.38264966820103,192.19418904256577,194.61236572265625,2094100
2022-09-21,196.09068384679588,197.9795998174173,193.23450254632687,193.35313415527344,1917600
2022-09-22,192.86946105732181,193.91884931618657,190.56991589982673,190.8710479736328,2508400
2022-09-23,188.43462655877613,189.00951631578815,184.43780048411082,186.12596130371094,2585500
2022-09-26,185.18607589740242,186.01646914275065,181.67288227409517,183.2880401611328,3708100
2022-09-27,183.27891514980305,184.71155858421474,179.3003432920264,179.9938507080078,5466100
2022-09-28,180.92463108957583,185.75183673408011,180.18549503109952,184.17318725585938,3284900
2022-09-29,182.64014214348902,182.97778266171895,180.10334780078168,181.77325439453125,2072400
2022-09-30,180.6965550788395,181.89194968995105,177.69436743405313,177.77650451660156,3267600
2022-10-03,179.78398014752298,184.07280432634929,178.8897040745882,182.7405242919922,2489900
2022-10-04,185.0948437226753,187.43088373743163,184.48345933786774,187.4126434326172,2896500
2022-10-05,184.84847964692196,185.67885910473018,182.02879299497155,183.06906127929688,3065800
2022-10-06,182.6492771562725,183.78992260125736,180.52311237595333,180.869873046875,2586800
2022-10-07,178.8714693836553,179.9117375271018,176.6723015086138,178.50645446777344,2875700
2022-10-10,179.88438989288872,180.74215766786904,176.76358499856914,177.07383728027344,2859500
2022-10-11,176.04265862424094,178.67071025825098,174.88375892120249,175.7871551513672,3094700
2022-10-12,175.9514405442588,178.71636446197337,175.1301673290415,175.3126678466797,2381300
2022-10-13,171.8633417625974,180.85163420312136,170.54019571865572,179.5284881591797,3482900
2022-10-14,181.39912987277302,181.76414478880704,176.49892123763945,176.8365478515625,2719400
2022-10-17,178.99922672010453,182.2386628398817,178.94447796198423,181.22576904296875,3002200
2022-10-18,184.53818295624552,185.89783737009307,181.59987910944122,183.9998016357422,2551300
2022-10-19,182.49414501363307,184.11842295968373,181.3443655318058,182.55801391601562,2386900
2022-10-20,175.70505873490114,177.7399666760893,169.57294660574752,170.13870239257812,6103200
2022-10-21,169.2261850590599,174.4549007955545,167.62928115651627,173.8617706298828,6711600
2022-10-24,175.96967636249872,177.94071532008718,175.1484170921185,176.5628204345703,2994300
2022-10-25,176.6449327961861,177.96807883944558,175.81453950030277,177.58482360839844,2770000
2022-10-26,179.94825285145632,180.89727781852258,177.3840836881144,178.65248107910156,4134600
2022-10-27,179.99386044652275,182.4393977224785,178.4699597247631,178.88970947265625,3148200
2022-10-28,179.41897038259805,181.44475790756096,178.05019578053637,181.27137756347656,3724100
2022-10-31,181.1983840559098,181.2348785845549,177.97718842815584,179.8934783935547,3130300
2022-11-01,179.94823297303893,180.68736903610733,176.63580787840303,179.6014862060547,3042400
2022-11-02,179.17258663578824,181.54512073509167,175.3491409922916,175.686767578125,3020000
2022-11-03,173.6336211499085,178.1323342856496,173.5788723932046,176.28904724121094,3238800
2022-11-04,178.45172090373313,180.47750860668177,177.1924437035498,179.4919891357422,3334000
2022-11-07,181.13450163730766,181.13450163730766,178.36957811665482,179.12696838378906,3757800
2022-11-08,180.81511382199923,187.17535405859138,180.46836706835123,186.16246032714844,6285100
2022-11-09,185.70624879909317,186.64613978594318,184.27360497331048,185.61500549316406,4682700
2022-11-10,192.43146240249223,194.53937305335458,190.798050253229,194.35687255859375,4923400
2022-11-11,197.20389297232032,200.35207133988538,195.9719904301067,198.4722900390625,5176500
2022-11-14,197.87915467841788,202.0858551541739,197.36813388158242,197.97039794921875,3999000
2022-11-15,198.75518396474763,199.90496347703476,190.47866791071147,192.23069763183594,6235200
2022-11-16,192.67784696384825,194.53938835899552,192.06646260015563,193.6998748779297,3864600
2022-11-17,192.20332363922034,193.7728528782601,188.90000497738836,191.4641876220703,4561400
2022-11-18,193.09759033566857,193.62685150311765,190.9896797408991,192.15769958496094,2499500
2022-11-21,191.53720137698224,194.67626025986092,189.98592616362373,193.6998748779297,2365400
2022-11-22,194.88614825096727,198.68220616588334,194.2017609017346,194.5485076904297,2962500
2022-11-23,194.08310462418962,194.5758573264599,192.14857441868443,193.927978515625,2405000
2022-11-25,194.36599742718494,196.57428549234464,193.8914849901743,194.66712951660156,1101900
2022-11-28,192.750835230048,193.84585212502319,189.511399225996,190.27792358398438,2755400
2022-11-29,190.67945748710858,194.58502706530697,189.9038128782288,194.15614318847656,2280600
2022-11-30,194.11048760704412,199.79546081841468,192.27633467562984,198.40843200683594,5173000
2022-12-01,199.98708007338425,199.98708007338425,196.09063148750582,197.03964233398438,2638400
2022-12-02,195.04128917264657,196.95756554150503,194.54852244644204,195.94467163085938,1760000
2022-12-05,194.31123835892413,194.86787390244876,192.00257305313212,192.595703125,2504500
2022-12-06,193.02455141671408,194.57582617791994,190.44212888988486,192.66867065429688,3097600
2022-12-07,192.54096469310937,195.9993957997085,192.16682961903237,193.65423583984375,2828600
2022-12-08,194.1196443462148,195.78955132563414,193.0337474095516,194.39340209960938,1585400
2022-12-09,193.8184826674932,194.41162669675566,192.58659385083237,192.8603515625,2334400
2022-12-12,194.03751064923642,197.0123094672025,192.3311092266123,196.9484405517578,3017500
2022-12-13,201.57487626091398,202.07676308827698,196.96667937267043,198.94683837890625,3585000
2022-12-14,200.133117521902,202.31403131340434,197.43206266256914,198.5453338623047,2749800
2022-12-15,195.972021083801,196.29140739993093,192.32195540869571,193.73635864257812,3373200
2022-12-16,191.47773346707748,193.49763480066485,189.7332623987737,193.00184631347656,5194100
2022-12-19,192.99265709873703,193.1854722952462,187.98880644463708,189.4945526123047,2355300
2022-12-20,189.5588355943103,190.0729907899449,186.9972219457816,188.59478759765625,4081900
2022-12-21,190.47700863142177,192.02865084077703,189.79758113625581,191.35841369628906,2756400
2022-12-22,190.08213520472296,191.59705750954728,188.34685470605967,191.57870483398438,2399300
2022-12-23,191.15635701849214,193.4976120660666,191.15635701849214,192.72637939453125,1639500
2022-12-27,193.2313983023552,194.14034627912702,191.75319503673978,193.1028594970703,1139700
2022-12-28,193.02020206541533,193.9383403234571,189.85262787710676,189.9352569580078,1631200
2022-12-29,191.00948503294737,193.1395726053989,190.1831661699976,192.0928955078125,1484800
2022-12-30,190.66975573232415,191.88170486456673,187.9245175079943,190.11888122558594,1554200
2023-01-03,190.32087500176655,190.8533968772272,188.3377069944902,190.58714294433594,1766300
2023-01-04,191.05536926635398,193.00183172182452,190.5779475028387,192.11123657226562,1830900
2023-01-05,190.72484235220517,191.59707083107259,186.1616944255468,186.45550537109375,2317500
2023-01-06,189.87100255888618,195.15029776489422,189.13648911959282,194.6544952392578,3375200
2023-01-09,194.81975787507287,198.20769026548652,193.81899054301533,194.14952087402344,2259500
2023-01-10,194.0760706927859,194.99420895662206,192.6896729481993,194.9023895263672,1225300
2023-01-11,195.7838306070205,197.09676174842122,194.76469645830312,196.72032165527344,1840500
2023-01-12,197.68436886592846,198.54742116943916,194.70960953344604,197.11512756347656,2034600
2023-01-13,195.48084594761994,196.59178554256465,194.79224216226945,195.77464294433594,1693500
2023-01-17,196.91312558553122,199.19929503390787,195.0584822660812,196.76622009277344,2186200
2023-01-18,197.0783928911984,198.14343674853328,192.07454164329442,192.3316192626953,2719400
2023-01-19,190.6147016603862,192.09290495075265,188.66825285928726,188.67742919921875,3065600
2023-01-20,189.00791527790054,191.63379088002512,186.86865176203716,191.57870483398438,5344000
2023-01-23,192.1846855791717,195.53588424540922,190.99110317418425,192.92837524414062,3155600
2023-01-24,188.21833579610808,190.0546122428994,184.5457829025255,186.5473175048828,4462600
2023-01-25,184.5090702694735,185.17930727429555,180.90077963485152,183.73782348632812,4163900
2023-01-26,182.2229198345496,185.09669735928614,178.57790945648856,184.98651123046875,4207000
2023-01-27,185.14257885381664,187.16249428078527,184.23363092135912,185.82200622558594,3429400
2023-01-30,184.40807757962614,187.2451214784688,183.62765444436627,183.811279296875,2617500
2023-01-31,183.7286343835301,187.49300657914986,183.29710831199446,187.47463989257812,2958700
2023-02-01,186.57487817329917,191.9827118540087,186.03316596359312,190.90847778320312,3080100
2023-02-02,190.972764123764,197.29873637497656,190.00871611831892,195.9398956298828,3446000
2023-02-03,193.3323784647199,195.45327558547174,192.43259289071534,193.07528686523438,2142100
2023-02-06,191.90927306865237,193.15794172797015,191.03704447795275,191.85418701171875,1665600
2023-02-07,190.09136604283083,193.15795891184376,189.6506635384769,191.92764282226562,2067500
2023-02-08,191.31247268783466,192.42342619277005,189.6139252421938,190.18316650390625,1805100
2023-02-09,191.1013051619184,191.56037431182304,185.87709599445495,186.20762634277344,2989900
2023-02-10,185.6659365595384,189.22831780805168,185.24358675814258,188.67742919921875,2599900
2023-02-13,188.14490278015884,191.83582274783532,187.7868293958851,189.18240356445312,4095400
2023-02-14,189.0079535821928,189.0722159790384,185.09668941420875,187.3277587890625,2174600
2023-02-15,185.10584020659894,186.49222382372625,183.0951153380718,186.48304748535156,2880000
2023-02-16,183.33385569163784,186.418801052299,183.12268779766256,184.1051025390625,3375000
2023-02-17,182.54426092870364,185.1425799521506,182.30553600791202,185.08749389648438,7063800
2023-02-21,183.08596368002074,183.78374375183375,177.8250210790336,177.88929748535156,4462300
2023-02-22,177.80662581852624,178.5686821141593,174.51968977614857,175.71327209472656,5816000
2023-02-23,176.8610043575986,177.80668578819592,175.12572334313867,177.49452209472656,3125400
2023-02-24,175.6398695922856,178.66053860701385,174.74009792976562,178.13720703125,3371400
2023-02-27,197.74225126829415,198.54642934646157,193.8970425538282,196.1154327392578,12140400
2023-02-28,194.59953677946527,195.40370078358214,190.97615848527354,191.595458984375,6091200
2023-03-01,190.49548583491458,194.24826967283002,190.39380880020445,192.25172424316406,2775200
2023-03-02,191.01313656430648,196.1062131620208,190.65264777226602,195.3667449951172,2812900
2023-03-03,195.9675549826579,196.77173313749566,192.26099001232961,193.51808166503906,3665800
2023-03-06,193.7029258364618,194.8583403245149,192.11307437256622,193.02816772460938,2300400
2023-03-07,191.7341038788005,191.98367736890162,189.16446306718572,189.8577117919922,3898000
2023-03-08,189.01658214679256,189.62663031003297,186.2158584058428,188.16619873046875,2980800
2023-03-09,189.3215975176314,189.3215975176314,184.330198614555,184.46885681152344,3342100
2023-03-10,183.83103231412554,187.72245958795676,180.41099486996816,181.2244110107422,3909500
2023-03-13,179.89343829639333,184.08065994027163,179.07078361392277,180.33712768554688,2774700
2023-03-14,181.97315221472113,184.5890122581163,178.05399537292016,180.38330078125,3168900
2023-03-15,176.70448767556857,178.460726350974,175.06841663333122,177.50865173339844,5749600
2023-03-16,176.6212918372906,178.9506115241884,174.8280861952286,178.3128204345703,6357200
2023-03-17,178.71028947116676,178.71028947116676,173.5247880126004,175.63226318359375,11852800
2023-03-20,175.7338815138308,177.33298499319716,174.68939662113135,175.33642578125,2956800
2023-03-21,176.92629390111864,178.1186753174823,174.12557061451213,175.19778442382812,3338900
2023-03-22,174.2919530488496,175.78936563136975,171.6206354605298,171.66685485839844,3325400
2023-03-23,171.934924657081,173.63570560749199,169.7904825692661,172.1105499267578,3854900
2023-03-24,170.20641826649518,174.29196219814645,169.938368311474,174.24574279785156,4263600
2023-03-27,176.1960756321448,179.06150908019077,175.7801292552814,178.60858154296875,3666800
2023-03-28,178.6085921234881,182.52776320703825,178.6085921234881,181.70510864257812,5635300
2023-03-29,183.45208070534656,184.74613921144413,182.5369874090619,184.02516174316406,3152100
2023-03-30,185.19905047916146,186.2065683778846,182.55546195952974,183.3503875732422,3050700
2023-03-31,183.82180827346127,186.15112769617082,183.61845420696076,186.0309600830078,3422600
2023-04-03,185.7167137846015,186.65028367540125,183.00842881487193,184.44113159179688,1908400
2023-04-04,184.29325102238784,184.61675864112144,180.30013147818508,181.05809020996094,3556700
2023-04-05,180.36484880196227,181.44631519646745,179.385059458437,179.51446533203125,2382200
2023-04-06,179.8749290769492,183.65544181142317,179.403510949801,183.60922241210938,3280000
2023-04-10,182.25970799670415,184.21930068575963,182.17652153319875,183.3596649169922,2402000
2023-04-11,184.34864939811942,184.92173033016826,183.48901389586885,183.84950256347656,3598000
2023-04-12,184.64448907938322,185.50412486552975,183.2302627544737,183.6924285888672,2315400
2023-04-13,183.84029778247606,184.5890040665121,181.84373828892672,182.94369506835938,2894400
2023-04-14,183.1378565549636,184.53359243835627,182.43535538902597,183.50758361816406,1947800
2023-04-17,184.54281625879392,187.34354015103742,183.43362105167867,184.90330505371094,2740800
2023-04-18,185.51334294728449,186.6964862264398,183.96971092063933,184.3764190673828,2388100
2023-04-19,183.10084117915122,186.9090969187362,183.10084117915122,186.71498107910156,2619800
2023-04-20,187.07544595272438,192.09457317714262,186.17884329703506,187.26956176757812,2989200
2023-04-21,187.63007699524135,188.31407335414673,183.1655536644192,183.8033447265625,6029400
2023-04-24,182.94369904384848,186.43767118139624,182.40758505129085,185.1251220703125,2723700
2023-04-25,183.10084450222428,184.44112251048838,179.44973747826998,180.01358032226562,2594400
2023-04-26,178.93210227397702,179.6623179890974,175.96499180702332,177.00949096679688,2377500
2023-04-27,176.77841324750548,179.11697099768705,176.0389451686406,178.89512634277344,2287500
2023-04-28,178.27584800660355,182.20425767741682,178.27584800660355,180.89170837402344,1814900
2023-05-01,180.73454221267892,184.7461376518971,180.73454221267892,183.5999755859375,2195000
2023-05-02,182.50927163065833,182.9437086110678,178.38676059228825,181.23370361328125,2693800
2023-05-03,182.2597029185076,183.08237160418943,180.48498789226534,180.54969787597656,2017400
2023-05-04,180.62364690682438,182.46305782082905,179.3480647461801,182.14878845214844,1866300
2023-05-05,183.66469222441347,187.1771552423909,183.14706876781958,186.0032501220703,2065000
2023-05-08,187.1679312269212,187.48220062028082,184.4041743632199,184.81088256835938,1973000
2023-05-09,183.88655568266643,185.51337444164275,182.86054690344506,185.4116973876953,1606700
2023-05-10,186.82588881648797,187.2695781165517,182.0101293278885,183.9974365234375,1703500
2023-05-11,183.6924083877082,183.84030482345324,182.13953812492684,183.0915985107422,1397200
2023-05-12,184.33946387524696,184.40417386415422,182.43534283286775,183.93276977539062,1459500
2023-05-15,183.78484776209086,184.9310239864363,182.57397566201698,184.53355407714844,1630500
2023-05-16,184.0528904821329,184.21002515036471,181.63114637710905,181.97314453125,1893900
2023-05-17,182.13029814576987,184.97724125830288,181.96392522239847,183.79409790039062,2273000
2023-05-18,182.99916052524281,184.15457498929482,180.3925528285153,183.766357421875,1947800
2023-05-19,184.03442848643462,184.92177893028799,182.32440937282445,183.9142608642578,1798800
2023-05-22,185.79990409849137,186.66877812584573,181.24295573075602,183.2857208251953,1744000
2023-05-23,183.19330179139968,183.19330179139968,180.1152755393809,181.520263671875,2434100
2023-05-24,180.95640947118105,181.15976356071926,176.8338841427577,177.38848876953125,2970800
2023-05-25,176.60276678579956,179.16316888344463,176.27925923676668,178.590087890625,2467500
2023-05-26,178.93212434408258,179.27412254477005,177.55486509387924,178.4884490966797,2287400
2023-05-30,178.7769041487072,181.177844956518,177.94867378552945,180.7218475341797,2453400
2023-05-31,179.67030879994044,180.4520066074419,177.84633304932524,179.15847778320312,3569300
2023-06-01,179.1026433641285,182.45278289382193,178.90721181333498,182.09915161132812,2713800
2023-06-02,183.49505162236383,186.78937191256756,183.21588397046423,184.87234497070312,2522700
2023-06-05,184.94676927728278,186.32404823867412,184.4163224112024,184.9374542236328,2140600
2023-06-06,183.36476303595938,184.00687701522125,181.6152509385928,182.73196411132812,2341900
2023-06-07,182.67612984191427,187.65481352510625,180.65673676446,187.47801208496094,2582800
2023-06-08,187.4873012960708,187.86884931644425,183.820748358346,187.04061889648438,2180700
2023-06-09,187.77580019728757,187.77580019728757,184.91887572423354,185.81224060058594,1806800
2023-06-12,185.70986925771751,185.7750178405337,182.27596527226066,185.15151977539062,2096400
2023-06-13,183.69045322855044,185.69123013976687,181.09409509075704,185.12356567382812,3577800
2023-06-14,186.2496171697749,190.80953517785724,185.47722022885563,188.66917419433594,3259400
2023-06-15,189.05073711160296,192.4846416277258,188.6692032096408,191.6284942626953,2288600
2023-06-16,192.0472213870217,192.54043646339304,190.28839432982747,190.4652099609375,4139800
2023-06-20,188.85526225177875,190.0650405818974,187.06851861643366,187.40353393554688,2412600
2023-06-21,186.55673089079426,189.99993601259226,186.24033140495854,189.51602172851562,2191200
2023-06-22,189.4974116188995,189.51601332916226,187.85955232993146,189.2554473876953,1809300
2023-06-23,187.86886025841008,187.97122646008754,185.24457083346738,186.0169677734375,7413900
2023-06-26,186.29614553405298,187.80370756230337,185.95182931766936,187.35702514648438,1764800
2023-06-27,187.64553605870375,189.26477958428484,186.7335551809715,188.8925323486328,2433900
2023-06-28,188.94832511869626,189.30195636632521,187.64549557444812,188.99485778808594,2498200
2023-06-29,188.32485015123723,190.6420410525086,187.6548193894185,190.4466094970703,1957400
2023-06-30,191.30276410867322,192.27987925153786,189.24613922178142,190.41868591308594,2298700
2023-07-03,189.14377533138065,192.73587908647698,188.03636300950544,191.8238983154297,1057400
2023-07-05,190.43728134866427,191.50746172330867,189.35778592047097,189.75794982910156,1818100
2023-07-06,188.00844148193505,188.9204222298776,186.67769507828876,188.4551239013672,1518500
2023-07-07,187.11507766746965,190.22326711098887,186.58463075417026,188.74362182617188,2074800
2023-07-10,188.5947039395014,191.16314535608808,188.38065650495327,190.6420135498047,2025200
2023-07-11,191.70291470994096,192.81032702319106,190.80023480080993,192.43807983398438,2101000
2023-07-12,193.62925890661876,196.0022690916191,191.70291695433923,194.42025756835938,3261500
2023-07-13,194.89483906787453,196.2814331134085,194.09453962388335,195.99295043945312,2214300
2023-07-14,195.76960856814298,196.97008617308012,195.30431025300282,196.34658813476562,1603000
2023-07-17,195.94644355209974,196.19770864302885,194.58778028958045,195.29502868652344,1471700
2023-07-18,194.9227895969191,198.21709564279823,194.58777421939084,197.86346435546875,1893600
2023-07-19,198.08678142713816,200.07825746836713,197.7517661024559,199.38031005859375,2036600
2023-07-20,200.10619706891742,202.5164389911604,199.72464903341174,201.7347412109375,3137600
2023-07-21,198.7103020900431,202.19073868262322,197.3237079657745,201.7347412109375,6040100
2023-07-24,201.30665588906945,203.89371320548852,200.79482493802752,201.8836212158203,2165200
2023-07-25,201.27873555647184,202.35823103752895,199.84562301765823,200.59010314941406,2766100
2023-07-26,220.39321347583424,223.78988567865434,217.18265776909854,221.4820098876953,14540700
2023-07-27,219.1089758165426,219.9837389291828,214.41877500380033,215.99148559570312,5806700
2023-07-28,215.76812866000662,218.92285057209807,214.2698675631268,216.61497497558594,3595800
2023-07-31,216.57773832572994,218.2621158654187,214.4280624955293,215.91702270507812,2988700
2023-08-01,215.42380461499062,216.04730261151013,213.22759614675658,215.43310546875,3486300
2023-08-02,215.10742218204112,216.3172007356916,213.91625953838553,214.22335815429688,2740200
2023-08-03,213.65567839854424,215.64715463296565,212.68786414433944,213.9348602294922,1914100
2023-08-04,214.52115831839333,216.66153359886468,212.39939894812545,212.6692657470703,3176300
2023-08-07,214.3256905903302,215.74020133171717,212.7343784310743,213.75802612304688,2211300
2023-08-08,214.32570937837403,214.38154290467722,210.65915635350117,212.76231384277344,2513700
2023-08-09,211.47808589956102,213.86041101990844,211.0220884352063,213.3392791748047,2562500
2023-08-10,214.009307658813,215.28422049513495,213.59054201620438,214.31640625,2737700
2023-08-11,213.80457207804568,214.95851699138788,213.36719053345988,213.5626220703125,2346200
2023-08-14,212.7995260185834,214.02792036495183,212.4086771446782,213.85110473632812,1682100
2023-08-15,212.95773634546217,213.21830227437658,209.81232928934432,209.8867645263672,2146200
2023-08-16,209.7099701985728,210.4637512470436,208.13725951730476,209.03062438964844,2169200
2023-08-17,209.6540983356647,210.93832616658045,208.51878356603618,208.80726623535156,2075400
2023-08-18,207.76498181623063,210.02633882940498,207.6626156271606,209.6261749267578,1660100
2023-08-21,209.60758186471156,210.1193986313951,207.8952733405726,208.42572021484375,2000600
2023-08-22,208.704909316013,209.0120079066061,206.1923012654428,206.9739990234375,1636200
2023-08-23,207.3648458848855,208.14654363527472,206.00616857606644,207.64402770996094,2026500
2023-08-24,207.79295005807649,208.67702836443053,207.03916893352627,207.07640075683594,1738900
2023-08-25,207.73709078810148,209.83093329681037,206.85302679104672,208.62115478515625,1609900
2023-08-28,208.3698952767189,211.47808461961722,208.33266345956378,208.95616149902344,1731300
2023-08-29,208.8538379181432,209.60763327167996,207.52309127875262,207.93255615234375,2362100
2023-08-30,208.5596668737413,209.77652521214756,207.47385393898628,208.63455200195312,2690700
2023-08-31,208.64388781057045,209.51441484725373,206.43482672460317,206.46292114257812,2410300
2023-09-01,207.46449550757026,208.17588279047695,205.6579400215709,206.8935089111328,2303700
2023-09-05,205.43328791441144,205.76090856523112,201.4176568228621,201.9137725830078,2679700
2023-09-06,202.02608445955508,202.36306038086053,198.16022379053388,199.21795654296875,2344800
2023-09-07,198.83416349256768,200.05102170536395,196.47533218745698,197.1024932861328,2882100
2023-09-08,196.86847572421297,198.60014586980984,195.67032812147391,198.25381469726562,3188200
2023-09-11,198.91839080690266,199.19920641951094,196.6157342058404,198.07595825195312,1943900
2023-09-12,197.5424193001301,201.16491378794265,193.6297681813864,200.19142150878906,2828200
2023-09-13,200.2195140633557,200.3224793245979,197.29906561048833,198.56272888183594,2919700
2023-09-14,200.44417938760571,202.70940096450087,198.19768266355962,201.90440368652344,2798700
2023-09-15,199.43327073918687,200.50972849683382,198.61891809797785,199.67665100097656,4222800
2023-09-18,200.48159403356016,200.7156046798499,198.31933794710324,199.51747131347656,2206800
2023-09-19,199.04944627246277,199.85444345185505,196.47532921175062,198.22573852539062,2156000
2023-09-20,199.4894133250772,201.15556816899993,199.28348279085054,199.35836791992188,2116800
2023-09-21,198.4972013647229,199.6485298209048,197.37395304531054,197.87940979003906,2370300
2023-09-22,197.2335429718107,199.40515438157422,195.39889318723965,195.85755920410156,2416500
2023-09-25,194.65009292804453,196.1103173772104,193.88254527678933,195.1461944580078,1427400
2023-09-26,194.09781475644706,194.9215369025994,191.5330526177588,191.73898315429688,1990200
2023-09-27,192.08533974254416,192.40359085086368,188.57517941669363,189.45504760742188,2760800
2023-09-28,189.48313526461314,191.72029124593857,188.6968627483204,191.05569458007812,2112600
2023-09-29,192.7124649769502,192.7124649769502,190.32555336752648,190.6063690185547,2246700
2023-10-02,188.97767069454915,190.10091914075724,187.33024059230252,189.67970275878906,1888000
2023-10-03,189.02446525420544,192.0197990397048,188.70621416387573,190.7467803955078,2087500
2023-10-04,190.48468727328606,191.88875130724148,188.47220120443447,189.33335876464844,1911900
2023-10-05,189.2397614554109,189.47377214340784,186.74988430723263,187.8076171875,2037200
2023-10-06,187.04938816684506,191.14925918716625,186.5813668826212,189.5111846923828,1760500
2023-10-09,188.57516275053666,191.57049644062758,187.93864630727364,191.2335205078125,1557700
2023-10-10,191.90746635802577,193.7982622101693,191.12117968418528,193.15240478515625,1972900
2023-10-11,193.98550301301378,196.51281556008686,193.76084761307533,196.0822296142578,2851100
2023-10-12,196.56897124335688,196.6719365138947,192.64694996043124,194.68753051757812,1851200
2023-10-13,195.52993281222723,196.98080165924955,193.7795377684663,194.4628448486328,1874600
2023-10-16,195.82950161104165,199.6672681516773,195.3801908266439,197.34588623046875,2358900
2023-10-17,196.47533854099166,199.7327771143457,196.16645704797054,197.8232421875,2479900
2023-10-18,196.70002530163956,196.94339127775766,192.32870732001686,192.7499237060547,3487200
2023-10-19,204.590834158109,206.02297816702102,196.69998775879102,196.87783813476562,6031000
2023-10-20,198.89969976100053,201.21172615521587,196.57830379962428,197.8232421875,5485700
2023-10-23,196.8404159262968,198.10407930260155,194.21013818677136,194.47222900390625,2576500
2023-10-24,195.11809677134286,195.69845295416914,191.1960755969436,192.3006134033203,2937500
2023-10-25,190.81233719320403,193.8357515441598,189.38954808803888,192.09471130371094,2457300
2023-10-26,191.27096371176765,193.09624413757592,189.00574207013912,189.30528259277344,2626300
2023-10-27,189.60479963112002,190.9807834890794,187.1804525605735,188.8185272216797,2427600
2023-10-30,190.24132149930958,193.79827229579013,189.46440435249323,192.63758850097656,2230100
2023-10-31,193.18982926757357,194.612618001287,191.55175473771234,194.33180236816406,2057800
2023-11-01,193.8169823527353,195.06192074961558,192.31932273246434,194.28500366210938,2444200
2023-11-02,195.23042329389804,198.35680233186216,194.4628614614699,197.87005615234375,1776600
2023-11-03,199.3770814043754,199.7608623129034,198.03854729110355,198.56272888183594,1634800
2023-11-06,198.44103527193224,199.55492827404913,195.96052804418383,199.47068786621094,1547200
2023-11-07,199.12436290288534,199.25540831176244,197.4114030192844,197.8887939453125,2324200
2023-11-08,198.5252651836578,199.34898721553026,197.53306234501662,198.44102478027344,2483100
2023-11-09,199.18986172420512,199.23666670927366,196.11027367093308,196.7842254638672,1496400
2023-11-10,197.72028858873432,198.36616031434735,195.164896106545,197.9636688232422,2673600
2023-11-13,197.60796342672867,197.60796342672867,194.82791562747124,196.00732421875,2185100
2023-11-14,198.8903316983947,203.4020639780387,198.8809764140398,201.89503479003906,2610400
2023-11-15,202.52217721852503,206.3037830326669,202.00735093268383,204.13217163085938,2709700
2023-11-16,204.3942643990883,205.6579276326983,202.9246706491437,205.33030700683594,1438200
2023-11-17,206.66886104161628,207.13688239069478,203.8981826534833,205.18992614746094,2002600
2023-11-20,204.9933349252347,207.5019223050685,203.04636455081234,206.9590301513672,2548000
2023-11-21,206.9590504222281,208.73752587120813,205.0869649884056,207.80148315429688,2422300
2023-11-22,208.49413503823985,209.93563436588,207.9137789106203,209.1961669921875,1716200
2023-11-24,209.03704550770624,210.6002349747959,208.85919512400483,209.93563842773438,1045600
2023-11-27,209.43020714085216,209.75781352911036,205.33969066736253,205.78900146484375,2369200
2023-11-28,205.65794439805006,208.43797802944388,205.4426442970455,207.08071899414062,1827600
2023-11-29,208.57840811818605,209.56125586424912,206.72504746864468,207.30538940429688,1228900
2023-11-30,208.0354673025229,211.20865113685713,206.53779343331362,210.86231994628906,4430100
2023-12-01,212.86545333563993,217.48950611359746,211.7702851960516,216.57217407226562,3239000
2023-12-04,216.00119532238628,219.69857519137173,215.8046343656169,218.94036865234375,3881900
2023-12-05,217.9013715604711,218.21963693011654,216.13225144736276,217.32102966308594,2632400
2023-12-06,218.21027068763135,219.02463755284796,217.01213716858334,218.0698699951172,1804900
2023-12-07,218.77581874464968,219.22763639852454,217.00617925268878,217.90042114257812,2075100
2023-12-08,218.04162001948464,219.24647672901773,216.03665664303162,216.28140258789062,2544800
2023-12-11,216.42260361719067,218.70053641400258,216.06490682360817,218.4087371826172,1810200
2023-12-12,219.40650205307406,220.77137726608095,218.87937902154246,219.23707580566406,2427500
2023-12-13,219.25588682633955,222.90811684489154,217.96631698212974,222.795166015625,3926700
2023-12-14,225.5907942483491,230.6832043475428,225.0071815010341,228.60293579101562,4863600
2023-12-15,223.68939463499603,228.60295681329944,223.4634786123869,227.7746124267578,4768500
2023-12-18,228.78179653340413,229.5724810380374,226.79566312767852,226.94627380371094,2457600
2023-12-19,227.1628015998076,229.1395131566077,225.9108770989875,228.40530395507812,2314200
2023-12-20,226.1179422826038,227.90639748216827,223.74587427104504,223.87765502929688,2724800
2023-12-21,224.1412297970702,228.1134970688213,223.65176658778356,227.89700317382812,2603100
2023-12-22,228.7347324878961,230.57025524636686,228.10406643052536,229.2806854248047,1824800
2023-12-26,229.31834322821481,231.96338057131993,229.31834322821481,230.8903045654297,1454100
2023-12-27,230.2878700973723,232.21752817323627,229.9678331693237,231.37977600097656,2206000
2023-12-28,231.59628443629677,232.490526442968,230.80559984800172,231.5774688720703,1208500
2023-12-29,231.5492320150013,232.0669329306309,230.36319076516696,231.20094299316406,1228700
2024-01-02,230.598491003999,231.54920833567638,228.49940675759467,229.1394805908203,2622200
2024-01-03,228.5464931585266,229.6383991127849,226.83332888239454,227.5110626220703,1748200
2024-01-04,227.07808625482954,229.75136149398634,226.786272643145,226.9086456298828,2305400
2024-01-05,227.69934043753508,227.79347571816672,224.41422884368905,225.826171875,2316900
2024-01-08,225.12957063716487,226.54151343325591,223.5764393066747,226.49444580078125,2567800
2024-01-09,225.24252562757474,225.24252562757474,222.1927383239884,223.472900390625,2055200
2024-01-10,222.9457797278128,225.0825095466225,222.89871209397012,224.9695587158203,1683400
2024-01-11,224.4518612520058,224.4518612520058,221.01613915467146,222.50338745117188,2219300
2024-01-12,223.3410921406213,224.0282335411809,221.0160920972655,223.75526428222656,3018700
2024-01-16,223.8400246060918,224.26360461733879,221.4773642171567,222.34336853027344,2578700
2024-01-17,221.08199237433388,224.23533694464342,220.70548005087505,221.96681213378906,2311100
2024-01-18,221.73147474997054,224.7530383855621,221.27024933645768,224.01882934570312,2326500
2024-01-19,224.48949999107415,226.1085289026683,222.62572513233954,225.2237091064453,2272100
2024-01-22,228.50882827289078,229.67603954619176,226.9556968654321,228.83828735351562,3005300
2024-01-23,229.6760457456398,230.1749310894059,228.0381868061086,229.04537963867188,2398300
2024-01-24,229.4501255166539,231.01267908250747,228.1040802001953,228.1040802001953,2843400
2024-01-25,229.77017824651972,231.04091822713426,223.21875693043805,227.38870239257812,4154600
2024-01-26,227.2945699754229,227.99113364584937,224.27300583926424,226.27796936035156,2493400
2024-01-29,225.6096279024343,231.12561837977816,225.1389802998044,230.77734375,2844600
2024-01-30,229.55366208470383,232.48109081101683,228.0852438307636,232.217529296875,2435400
2024-01-31,232.77287500926087,233.44120089607307,229.48776407608318,229.61012268066406,2798900
2024-02-01,230.93734510463605,234.7966609055325,230.34433893610628,234.6366424560547,2116300
2024-02-02,233.55416799534052,235.0790760356068,231.44567587135813,233.75184631347656,1994200
2024-02-05,232.82936715337877,234.4954492708346,232.0104305847226,232.16104125976562,2701300
2024-02-06,232.1610668067099,236.09568853778296,232.1610668067099,235.20144653320312,2357300
2024-02-07,236.02037504260383,236.8769428001647,234.34487065454766,234.5331268310547,2337200
2024-02-08,234.44841279973826,234.60843126730194,231.9445640090999,234.2130889892578,1871500
2024-02-09,233.57299686032636,234.90022657642612,232.0292732638425,234.80609130859375,2012500
2024-02-12,234.18478808874406,234.44836391550817,232.49987627675176,232.8763885498047,2259600
2024-02-13,231.55860232946745,231.8127560365977,229.43128050314547,231.19149780273438,2664100
2024-02-14,231.8974807274493,235.66266144108673,230.664386341817,235.42733764648438,2579500
2024-02-15,235.3238069688603,236.63220676108617,234.18483342339988,235.84152221679688,2252300
2024-02-16,234.7684425495263,235.06024176750716,231.60569005894715,232.11398315429688,2202400
2024-02-20,232.11398336810464,232.80113921568784,230.49495445101772,232.63169860839844,1907200
2024-02-21,234.79669028366416,236.698110716997,232.80114894281576,236.5663299560547,1721700
2024-02-22,237.19699236046455,239.99264036832494,235.4273527156168,239.5690460205078,2507600
2024-02-23,240.2844167884261,242.93886164073444,239.9831954463923,241.82814025878906,1943500
2024-02-26,241.9034482007991,243.4754238498979,237.57349882799812,237.80882263183594,2806400
2024-02-27,237.83705587049056,240.68917917037396,237.39464597854595,238.420654296875,2206300
2024-02-28,238.91267387863007,242.0728303821651,237.7678388218332,240.31298828125,1885800
2024-02-29,240.62519367901402,241.96872672630084,239.8020322713658,240.02911376953125,3022100
2024-03-01,239.24381204789887,239.83042121870082,237.2663593474474,239.3573455810547,2811400
2024-03-04,239.71687615637916,241.1171759340701,238.86534582441945,239.82095336914062,1834900
2024-03-05,240.18053610709143,241.85521367252753,238.7991487254674,240.03860473632812,1368800
2024-03-06,239.7925897725891,241.24965643435084,237.33259059731807,237.48397827148438,1911000
2024-03-07,239.70744088715958,239.70744088715958,235.33621200451657,235.6295166015625,2395600
2024-03-08,234.88204500661675,237.70157165554062,234.27650879133532,237.4461212158203,2409100
2024-03-11,236.7459536155999,237.9380989261907,233.9737231017039,236.414794921875,1539600
2024-03-12,235.98904533858428,238.6004176166274,235.79981797416767,237.65426635742188,1633900
2024-03-13,236.78382418874313,237.27582691762683,235.08076336213324,235.82821655273438,2129000
2024-03-14,234.1062356246525,234.62662178575064,230.48248844174344,232.8100128173828,2519700
2024-03-15,230.34051164058258,233.11274222271473,230.13235721719568,230.98390197753906,3258900
2024-03-18,231.8638258227439,232.3936682192203,230.72844719641986,231.20152282714844,2280700
2024-03-19,231.14474255347872,231.977345797661,228.28736186846703,229.64036560058594,3244300
2024-03-20,229.80123202347787,234.21975685547798,229.5836068300716,233.04652404785156,2564800
2024-03-21,234.20083377649473,236.8784437295937,233.34930336810035,234.74960327148438,3215400
2024-03-22,234.98613887242973,235.67682528322942,231.68406561801368,231.7786865234375,1676900
2024-03-25,231.3056186087214,231.99630504262748,229.5836162448372,230.71900939941406,1974700
2024-03-26,230.84200335592124,231.07854119447185,227.54940068569138,227.7291717529297,2801900
2024-03-27,229.1389033557638,231.58944607147197,228.9591467450068,231.4569854736328,2150500
2024-03-28,232.63019917830806,233.47227319870169,231.0690554177642,232.6869659423828,2265900
2024-04-01,232.28015371552138,232.70591893063016,229.56470399257591,230.19862365722656,2493800
2024-04-02,229.2240681274212,230.74737222237377,227.89944771082804,229.47006225585938,2019400
2024-04-03,229.79174353133126,231.8070502616483,227.83321800173013,228.54283142089844,2097200
2024-04-04,230.1702439792269,231.7408442549888,226.84924348621695,227.7291717529297,2062500
2024-04-05,228.56176344024496,229.7349817455996,227.75752910624607,228.97805786132812,1503700
2024-04-08,228.9686178473035,230.38784481743144,227.1141549206688,227.35069274902344,2139200
2024-04-09,228.05085776551587,228.82670879903526,225.19347665827507,227.8237762451172,1736900
2024-04-10,225.35430047965826,225.79899272742534,223.17816412843345,224.09593200683594,2181000
2024-04-11,224.10540301447168,224.92855004586372,222.37394436037673,223.44309997558594,1692400
2024-04-12,222.16577276756192,222.7996923727927,220.68977912706964,221.77784729003906,2595000
2024-04-15,224.90963053046372,225.1083142174867,219.9707196190266,221.34263610839844,2298000
2024-04-16,221.80622824002165,221.80622824002165,218.51362596756263,218.8069305419922,2025400
2024-04-17,219.31787678550913,219.63010845060572,215.59949462583458,216.88626098632812,1997000
2024-04-18,218.29602922460853,218.9488759319479,216.76326873754957,217.43502807617188,1570200
2024-04-19,218.26764446740674,220.27348059213628,218.021635891045,219.58279418945312,2971900
2024-04-22,220.44380104222574,222.9605525789065,219.54494573935042,221.84410095214844,2200000
2024-04-23,222.7239965289836,224.54061961777757,222.16577076127075,223.56607055664062,1980800
2024-04-24,221.27639981723289,221.5224083948873,216.97142295375798,219.48817443847656,2951100
2024-04-25,227.30339167864747,230.49191691408748,223.40523853679974,230.43515014648438,3897500
2024-04-26,230.76629295842432,231.64622116200516,227.76699511324694,229.716064453125,2255500
2024-04-29,230.28375481921543,231.23936239538628,226.5748436088415,227.9751434326172,1625800
2024-04-30,226.8113813676226,227.1425400837132,224.02023803601105,224.3892364501953,1737000
2024-05-01,223.1214147245172,224.31356020911912,221.56025635966796,222.30772399902344,1651700
2024-05-02,223.29171846228078,225.23133161600927,220.6519625497434,224.89071655273438,2440900
2024-05-03,229.22408363288815,230.27431217233885,226.84923458724262,227.41693115234375,2174700
2024-05-06,228.78881127507094,228.78881127507094,226.16796850131576,226.32882690429688,1527700
2024-05-07,228.37253346980438,230.04722530446273,226.8870834438573,229.32815551757812,1585300
2024-05-08,228.46712653927835,233.13164492583337,228.20220536390636,232.6585693359375,1739000
2024-05-09,232.35584857235227,235.49706352415885,231.7597686063161,233.33038330078125,1765100
2024-05-10,234.64550106867034,235.1091203608876,233.3398077734899,234.0778045654297,1299500
2024-05-13,234.0872761954003,235.02395666100261,232.1382069972164,232.45042419433594,1317200
2024-05-14,233.5290896419993,233.6993899599237,230.06617213962664,231.7503204345703,1357500
2024-05-15,232.61129738427883,233.58583204528506,232.16660512881506,233.26412963867188,1769200
2024-05-16,232.88565081645118,233.95480626949464,231.75027228812536,232.6585693359375,1526000
2024-05-17,233.04652580822687,233.62367868221654,230.22699895949987,231.7786865234375,2105700
2024-05-20,231.7408188159786,231.7408188159786,228.8172149173371,230.51083374023438,1130300
2024-05-21,227.07632037455468,227.12363082872412,221.91032773369915,222.30772399902344,2967600
2024-05-22,222.12794902012982,222.58209761047928,219.99910855414225,222.07118225097656,2634200
2024-05-23,221.61700302926187,222.2320100034363,219.31786242381983,220.17886352539062,2815700
2024-05-24,219.5071176447032,221.52242468088988,218.5988059779767,219.55442810058594,2305500
2024-05-28,219.6490150434273,219.76256301487373,215.94957449119764,216.6781005859375,2480900
2024-05-29,214.57764625379238,216.04418365129018,213.5179614212318,213.71665954589844,3279100
2024-05-30,213.8775116332387,217.06603700439385,213.34766919689378,216.89573669433594,2840400
2024-05-31,217.10506168460816,221.99601481678414,216.0773887341034,221.53927612304688,5524500
2024-06-03,221.7105593864406,222.1863331190295,216.32479724886304,217.25732421875,2593900
2024-06-04,217.05748049940183,218.66559794707163,215.27809148709702,216.59121704101562,1820800
2024-06-05,217.64743824792836,217.98999590138123,215.0497178455967,216.3914031982422,2920800
2024-06-06,216.6197322691611,217.82820137900995,215.44933318137163,217.2477569580078,2023200
2024-06-07,216.51506722135653,219.54099519900274,215.70626072441652,216.9242401123047,2555600
2024-06-10,216.33429867870058,217.89483577246932,215.28759077213473,217.8567657470703,1884800
2024-06-11,216.7434710989299,217.8377448288552,215.3637302378836,216.3914031982422,1619900
2024-06-12,217.84725613727193,220.06436324078038,214.8308527315733,215.49693298339844,1931900
2024-06-13,214.7166730787826,215.2400270723608,210.65357598196118,211.3577117919922,3283900
2024-06-14,210.61549876306364,211.42431986365813,207.960687896403,211.33868408203125,2130500
2024-06-17,208.8932111167433,211.72881846016443,208.66483450110314,210.65357971191406,3134500
2024-06-18,210.6535562441806,212.98484433954317,210.4346899004433,211.79541015625,2057100
2024-06-20,211.53847710605044,214.50730002412095,210.73918086187135,214.25990295410156,2267800
2024-06-21,215.17343870178547,215.62066718393731,212.32830647780327,215.15440368652344,3322600
2024-06-24,215.67774007696033,218.26595020141772,215.00213502528732,215.39227294921875,2407600
2024-06-25,213.95543539929335,214.22186750562898,208.94077661315384,213.20370483398438,3079500
2024-06-26,213.14663088244876,214.23139440526847,212.07137760721574,212.77552795410156,1921500
2024-06-27,213.69850635097157,214.41216686596167,211.98571821110326,212.6422882080078,1815000
2024-06-28,214.00299887080902,216.4199373346711,213.44158940412177,215.29710388183594,3492600
2024-07-01,215.18289938987257,216.83859686923893,213.28931509263828,213.9649200439453,1697300
2024-07-02,213.96496953675523,214.61201486168554,212.97536653407877,214.57395935058594,1530500
2024-07-03,215.01166688731593,217.0479778371948,214.10768519972575,214.64056396484375,1219800
2024-07-05,214.2503927081445,215.69673414443247,212.0237755195916,214.25990295410156,1659400
2024-07-08,213.63190583130935,213.79366715021808,211.36723284712562,212.56617736816406,1781600
2024-07-09,211.50995338406653,212.1094328879679,209.93990599318133,211.0341796875,1514200
2024-07-10,211.56701807264417,213.65090893228063,211.176880204424,213.53672790527344,1832700
2024-07-11,213.9554403737182,217.87581104619932,213.39401636853012,217.63792419433594,1517900
2024-07-12,218.5418773786546,221.1681428285938,217.63791030316344,219.0652313232422,1912300
2024-07-15,219.42683934370407,224.9933830005665,219.12233720206652,224.55567932128906,2569500
2024-07-16,224.56517435297988,232.00628159113566,224.47001381030046,231.28309631347656,3417400
2024-07-17,231.64469781583048,234.13774731925352,230.99763804366415,232.07289123535156,2933000
2024-07-18,230.88346676672455,233.95696088596227,230.44574856238566,231.23553466796875,2491300
2024-07-19,232.93879763086986,232.93879763086986,229.79868842551113,230.57896423339844,3870100
2024-07-22,231.0166772195927,231.57808670240237,229.18970794911064,231.48294067382812,2187000
2024-07-23,230.49330423561278,231.13083920038122,227.69575277983554,227.8955841064453,2538300
2024-07-24,226.65860304524824,229.07554173496652,225.36449791329076,225.8783416748047,3288800
2024-07-25,224.43198502854906,228.08592379894236,219.71230322719455,223.9467010498047,3017600
2024-07-26,225.72610015717243,231.36876988896853,224.46054023397457,228.71395874023438,2818600
2024-07-29,229.31342181962114,232.0729035761279,228.3808948783655,230.41720581054688,2023000
2024-07-30,231.3687421545396,235.2796025096349,231.045219526493,233.53826904296875,1914400
2024-07-31,233.62391960078656,237.1065720185025,232.63430218283747,234.77528381347656,2285700
2024-08-01,235.38425249847757,237.25880185332807,231.97771139980154,232.62477111816406,2166100
2024-08-02,231.7303409489237,232.08240884645198,224.27972294278072,228.34283447265625,2114600
2024-08-05,225.52622462024416,226.43971643411916,220.05482754154838,223.4899139404297,2494400
2024-08-06,223.97523462793433,229.80821039404074,223.35672009805677,226.99163818359375,2514600
2024-08-07,228.22863825844337,230.21736874009298,225.01240356142085,225.36447143554688,1939200
2024-08-08,225.74511328535837,229.21825553191962,225.421576130437,228.8852081298828,1444800
2024-08-09,228.81862838193337,228.81862838193337,225.46917711801532,226.01156616210938,1621100
2024-08-12,226.8013360680483,226.8013360680483,223.51848581435067,225.2788543701172,1782100
2024-08-13,226.4968372131618,227.41983939653733,223.8325014627828,225.77366638183594,1486200
2024-08-14,226.4397431898486,230.5123650306915,225.81171840106947,229.5322723388672,1903100
2024-08-15,232.11095366002868,233.38603822920763,230.98813468117734,231.90162658691406,2128000
2024-08-16,232.17758103045406,233.50974167120464,231.6066467447255,232.68190002441406,1951400
2024-08-19,233.12913032780196,234.7087026138776,232.33934418476417,234.1472930908203,1686500
2024-08-20,234.14726860167622,235.2605772836504,233.42408330710586,234.55642700195312,1552000
2024-08-21,235.72682520308604,236.2692141717129,233.1291049561663,233.82373046875,1482900
2024-08-22,234.10920886824871,235.03221102045273,231.0642600504185,232.48207092285156,2722300
2024-08-23,233.1291120998331,235.0226966455275,232.20610996384013,234.8894805908203,2449200
2024-08-26,235.75538691415093,237.45866495113864,235.03221609164433,235.83151245117188,1680600
2024-08-27,236.45003083202775,238.36263597753586,236.03134763134852,238.21990966796875,1466200
2024-08-28,238.3340736416207,242.06413763219496,237.7060488855929,240.42747497558594,2359700
2024-08-29,241.51225298981637,242.311549353311,239.20950993148477,240.9318084716797,1287700
2024-08-30,240.9891791882371,245.17912088408664,240.9891791882371,244.97824096679688,2386600
2024-09-03,244.76779559718315,245.80095074367568,243.02677299054434,244.13644409179688,2585800
2024-09-04,244.35645023971733,246.8723391026005,241.1518010386814,244.60516357421875,2880300
2024-09-05,244.70084829496386,244.99738047171792,239.0281432336914,240.61611938476562,2562500
2024-09-06,240.49174261813863,242.6632513551656,238.42547615926446,238.79855346679688,2406200
2024-09-09,239.8316868101379,241.1996320312083,238.98030453913432,240.21432495117188,2162500
2024-09-10,240.9222384674942,241.65881767048597,238.78898762130422,241.6205596923828,1694700
2024-09-11,239.76471038322444,240.5873955004143,232.86754641968645,236.76095581054688,2372100
2024-09-12,237.16275483579403,238.6933367092469,234.76166893606654,238.09066772460938,1867900
2024-09-13,239.09511142920252,241.06572574065643,237.76542408140622,238.31068420410156,2267800
2024-09-16,239.9943169863251,242.58672186372473,238.65505425332492,241.47705078125,1651000
2024-09-17,242.28064277286032,243.99296841982806,242.0223539602109,242.54849243164062,1640400
2024-09-18,242.9885175054722,243.51465596088846,239.65951856430127,240.30044555664062,1568200
2024-09-19,239.15249600718937,242.98849678832912,235.37388948961777,237.66018676757812,3406700
2024-09-20,232.9153946222387,234.96253940241638,232.01617890255795,234.74252319335938,6802600
2024-09-23,234.45552787473844,234.7138166469207,232.32229178485014,233.41282653808594,2740600
2024-09-24,232.63796480115784,238.22456313519268,231.07868598728137,238.15760803222656,2772700
2024-09-25,236.79924110595854,238.47330866342358,234.4459885993371,234.84776306152344,2347200
2024-09-26,236.28267818446065,237.5262741468789,231.834447369065,232.67625427246094,2398600
2024-09-27,234.06332343327003,236.74183430271472,233.35544138835152,233.623291015625,1954500
2024-09-30,234.3694538080207,236.29223468444624,232.89628080663715,235.7852325439453,2923200
2024-10-01,235.48869292192467,236.61750036481524,233.0876069648522,234.89559936523438,1925000
2024-10-02,234.41726483552463,235.50779956520228,231.70049615411142,232.79103088378906,2568300
2024-10-03,231.91097337091446,232.45624811983924,229.20377970499516,230.1890869140625,1990200
2024-10-04,231.23180093123406,232.62844354168018,226.89835822618994,228.4958953857422,2137900
2024-10-07,227.3862122360942,227.81668385112275,225.0807784488086,226.59222412109375,1684100
2024-10-08,227.36709262378554,228.57243075032497,227.0131515405128,227.25230407714844,1783200
2024-10-09,226.82180530166428,228.30455377080432,225.64517904922621,227.3670654296875,2046700
2024-10-10,227.1470302647217,228.57238434852954,226.03735921679248,228.4575958251953,1900700
2024-10-11,229.66292170615435,232.0161740413613,229.15591959341833,231.79615783691406,1663800
2024-10-14,232.1214183730015,235.48868977194996,231.4613697123095,234.62774658203125,1735800
2024-10-15,236.00526190065293,237.9089064779404,234.7138325489558,235.1251678466797,1858000
2024-10-16,235.25907401842403,239.3724996532005,234.847738753301,237.33493041992188,1500100
2024-10-17,236.16786116712439,236.16786116712439,230.06468522087937,231.23175048828125,2177900
2024-10-18,232.00661448856803,234.09203181015113,230.98304941257973,233.5084991455078,2866100
2024-10-21,233.15456621311557,233.15456621311557,229.03157918333338,229.92123413085938,1547900
2024-10-22,230.61952396222796,231.44220908691736,228.275832550161,230.9734649658203,1818400
2024-10-23,230.8300047136012,231.6813870621691,229.69163643475753,230.87783813476562,2156100
2024-10-24,219.465469371029,223.8467450209067,217.6861741472508,220.73776245117188,5181100
2024-10-25,220.20205381238588,221.8187270153862,219.3315352266611,220.30728149414062,2952000
2024-10-28,220.0776934926176,223.33017623923584,220.0776934926176,221.9143829345703,2493000
2024-10-29,222.03875398641256,224.21026283512944,221.4169633074472,221.92396545410156,3682100
2024-10-30,221.45521867086396,224.4685343821289,221.2447632996386,222.0961456298828,3079400
2024-10-31,220.72821040915287,223.69369283591618,220.29772420495962,222.00050354003906,2594700
2024-11-01,223.41626733318918,224.6502878046374,222.22050483900244,222.5935821533203,2653300
2024-11-04,221.88566664488644,223.11012616713555,219.48458101543255,219.93418884277344,2195600
2024-11-05,220.59427732364946,223.74151787935153,219.54200045880106,223.72238159179688,1483700
2024-11-06,237.31580946986642,240.797869270126,231.8344382819306,237.70802307128906,5318700
2024-11-07,238.48286520298177,239.04726157440984,231.6909286694971,232.03530883789062,2921300
2024-11-08,231.46138770277625,233.53722988148198,230.36127732269486,231.01177978515625,2209300
2024-11-11,233.27892617464593,235.2686768199969,231.34656979652542,231.45179748535156,3299100
2024-11-12,231.83445742283052,232.1118679219173,228.2375942003642,228.54371643066406,2362900
2024-11-13,229.02201239978072,230.47604914599788,227.96973552067945,229.97862243652344,2563900
2024-11-14,229.83512815530568,230.62911625807394,224.63118168121025,225.3582000732422,2766000
2024-11-15,224.68855433918813,227.51055083027413,223.84673289496084,225.34861755371094,2068500
2024-11-18,224.87989488475327,225.24341137886995,223.73196573092986,224.2389678955078,1401400
2024-11-19,223.02405584193036,223.93283242676824,221.79959620403528,223.16754150390625,1773900
2024-11-20,223.33975088334952,224.1528752694202,221.78047182153185,223.42584228515625,1158000
2024-11-21,223.91372415385393,229.51944510270624,223.53107137113815,228.64894104003906,3490700
2024-11-22,229.58641372879316,232.14056082992064,229.0794115662123,231.87271118164062,2664900
2024-11-25,232.89627893036737,239.70733751521422,232.50406532394405,238.50201416015625,4224400
2024-11-26,236.05308158143967,236.4452951900273,231.93967020241354,234.9721221923828,3305300
2024-11-27,235.36432934099926,237.13406376512734,234.23553649292126,234.5894775390625,2040800
2024-11-29,234.45555528865452,235.92874295010094,233.50852067443574,234.04421997070312,1484900
2024-12-02,233.441547951711,233.9581255498108,229.97862426216017,230.3325653076172,3100000
2024-12-03,231.24132262207272,231.24132262207272,224.90856932828814,226.70700073242188,4196800
2024-12-04,226.42960950741545,227.52971988897772,223.4736877786927,224.80337524414062,3264900
2024-12-05,225.11904121921057,225.31992115234104,223.43541281294208,224.4494171142578,2011400
2024-12-06,225.46341811887663,226.4008918521029,223.2440758643861,223.43540954589844,2585100
2024-12-09,223.45467489742262,226.07166946574472,222.91588448881586,224.69581604003906,3095700
2024-12-10,224.51301748009868,229.9682922378454,223.012082507837,228.1113739013672,3092600
2024-12-11,227.55332237950847,229.4006099041524,224.4745098384353,224.9267120361328,2862600
2024-12-12,225.37890336833956,225.66754524160459,223.1082764760892,224.85935974121094,2242700
2024-12-13,224.34943164230503,228.54431838051906,224.34943164230503,226.08126831054688,2715600
2024-12-16,225.17687809649988,226.17750142608986,222.8004307208327,224.0704345703125,2839500
2024-12-17,221.944100071069,223.7047994052878,220.64523362122418,221.17440795898438,3642400
2024-12-18,221.09741767428577,222.35780528750726,215.9115389515216,216.03660583496094,3582400
2024-12-19,215.92117351449465,218.01862416659287,214.612676365562,214.6992645263672,2785300
2024-12-20,214.67040976240492,219.27902001521406,213.45813142339372,217.74923706054688,5949400
2024-12-23,217.08536963239308,218.90379451927782,216.2483066533315,218.528564453125,1939300
2024-12-24,219.1058101448128,221.2994648632923,218.05709221064072,221.04931640625,669000
2024-12-26,220.0583433672908,222.05957524338348,219.88515235792084,221.5111541748047,1021700
2024-12-27,219.92363720664676,222.95434028366225,219.65424203006478,221.22250366210938,1455900
2024-12-30,219.53877374110291,220.9338737150677,218.1917978749238,219.16354370117188,1659700
2024-12-31,219.36558926167706,220.80878392787233,218.35535005915332,219.40406799316406,1784700
2025-01-02,221.27060848924071,221.8863709773313,219.68310018303495,220.44317626953125,3177200
2025-01-03,221.1070457832691,223.5700957088874,220.18340940163,222.73304748535156,1994500
2025-01-06,223.41616628914522,223.50275444732205,220.2411350275739,221.29946899414062,2798800
2025-01-07,222.252003932312,223.7240614851809,221.06858828177633,221.80941772460938,2752700
2025-01-08,220.94350382900427,223.3103497802728,220.33735731007056,223.04095458984375,2062800
2025-01-10,220.15456383090597,221.29948604385848,216.22907220083,216.6812744140625,2711300
2025-01-13,215.2572792360277,218.42269425219575,214.0738637850909,218.1725311279297,2278100
2025-01-14,220.16416977589054,220.88576714516307,219.0096169212417,220.69334411621094,1823400
2025-01-15,224.1762361711028,224.46487803798226,221.71318631147724,222.11727905273438,1892300
2025-01-16,221.56885664204586,226.22557585206434,220.87613671920747,225.99465942382812,2296900
2025-01-17,230.19916823640176,230.19916823640176,223.4065342689506,225.38851928710938,3643700
2025-01-21,226.66817192809467,228.35189919597596,226.09090281624023,227.76499938964844,2630500
2025-01-22,227.76498240329948,228.02476155877523,225.2923164626769,226.87020874023438,2757500
2025-01-23,237.30930527066323,240.21494132801874,232.89313308702694,238.6562957763672,5226200
2025-01-24,238.10790130128262,241.01353768260958,236.4049419645784,239.35867309570312,4048500
2025-01-27,241.13861420550126,247.11343248157206,240.53246768902514,244.7850799560547,4537400
2025-01-28,244.38096301354344,246.57461772753663,239.3875071290021,239.72425842285156,3167200
2025-01-29,240.24380089797268,243.4092160660901,239.62803843173046,240.0994873046875,3026900
2025-01-30,239.93594645343092,242.1007386137884,237.7134288510804,240.4554901123047,2490500
2025-01-31,239.25282213348177,242.49519495006652,238.28107629409973,238.40614318847656,2987200
2025-02-03,233.05669695766042,237.34780231817092,228.09211835538724,233.81678771972656,3962300
2025-02-04,233.49928742737052,236.23173258177653,233.162536119348,234.2786102294922,2895100
2025-02-05,234.98096412468024,235.94309395408425,233.7975485451754,235.22149658203125,2436900
2025-02-06,236.06816927622162,236.43378329960936,233.57625660750213,234.28822326660156,1574500
2025-02-07,234.75005547689597,234.8751223680141,231.67122836834716,232.91238403320312,2185500
2025-02-10,234.538403832603,235.24075453096978,232.4313370565659,235.0771942138672,2315000
2025-02-11,235.51977021190203,238.59859761639618,234.62499645763862,238.3484344482422,2584800
2025-02-12,234.1342982255234,239.79161159994123,234.1342982255234,239.098876953125,2656900
2025-02-13,239.73387695046225,242.3027617166687,237.9828083745067,241.46571350097656,2279800
2025-02-14,241.9660211101454,243.6112547953021,239.66653154738967,239.781982421875,1696300
2025-02-18,240.53243678859624,242.24502656405625,239.03151673198496,241.6581268310547,1709300
2025-02-19,240.1957091537716,240.7826089445578,235.14452748388467,237.70379638671875,2488500
2025-02-20,237.24195215601307,238.34839548046557,236.04890599777684,238.27142333984375,1425400
2025-02-21,237.4247760991174,238.3580431844761,232.6526058065327,236.2509765625,3292500
2025-02-24,235.9527094721073,236.68392281028696,233.04707346353052,233.1529083251953,5576700
2025-02-25,233.69169002751826,237.51134623818464,233.57623915757276,236.5780792236328,2911600
2025-02-26,236.61657975069275,238.56971679311536,235.51013632929585,236.18362426757812,2477000
2025-02-27,235.7121971618355,237.93471476568035,234.53839757073305,235.78916931152344,3012400
2025-02-28,236.94037337621688,239.05902436446198,234.58955116404326,238.6527099609375,3252600
2025-03-03,240.24896182426528,241.5646529716259,235.82786226134684,237.8013916015625,2218000
2025-03-04,235.7311303009623,236.06973306295177,233.00301472654274,233.65118408203125,3037800
2025-03-05,233.94139077420277,237.0661516285936,233.3319117649573,235.67306518554688,3051700
2025-03-06,235.37315891243074,237.48212626166435,233.9704036397621,237.2789764404297,2311100
2025-03-07,238.07225551571395,242.17411941176036,236.97908154479302,241.18734741210938,2835800
2025-03-10,239.55240750043743,243.0738138257939,238.10127827688422,240.20057678222656,2420700
2025-03-11,239.38794944176234,240.00709732384524,229.69440203515705,230.0330047607422,3357900
2025-03-12,228.97851813192392,230.63279716932846,226.39550990245132,229.75245666503906,1927500
2025-03-13,229.42351267424684,230.33288930330093,225.91179016972066,226.6566925048828,2399900
2025-03-14,227.96274582455683,229.99433281677264,227.25653367500226,229.79116821289062,2116800
2025-03-17,229.72345068594186,231.7066489355414,228.28199025575202,230.11041259765625,2139000
2025-03-18,230.71020633621478,232.18068816116434,227.8563216632306,229.36549377441406,2184200
2025-03-19,229.288073520409,230.37159331865584,227.24681793504402,228.6882781982422,2058300
2025-03-20,226.6470327603375,228.25295262694473,225.66026076545663,227.14041137695312,2869500
2025-03-21,225.48611706437336,226.6179959987108,223.80280198267607,226.2600555419922,4167700
2025-03-24,229.2397159942474,230.08136617963615,226.26006236069009,227.53704833984375,3291100
2025-03-25,227.53705990897748,228.8333984760206,226.70507856145056,228.1078338623047,1849000
2025-03-26,228.17555807699088,230.97139977065981,228.0110985375574,230.2748565673828,1709900
2025-03-27,230.56509305060277,230.56509305060277,227.0146652286022,228.281982421875,1913900
2025-03-28,227.93370366829168,228.98818735589694,224.45098764487548,224.58642578125,1918000
2025-03-31,223.0482320721402,230.3425831892556,222.77735579973458,228.54318237304688,3478100
2025-04-01,227.01466866554807,229.9265961137313,226.22137757160056,229.44288635253906,2367300
2025-04-02,227.47901715717018,230.73921609853338,226.96628601095134,230.69085693359375,2023600
2025-04-03,223.8125036342704,225.38938735601684,215.81194036453178,216.67294311523438,5754800
2025-04-04,212.8323027842962,214.52528701098944,205.62503002870363,206.3118896484375,6784500
2025-04-07,204.23193173893242,209.19479850989475,198.1178333982681,203.1290740966797,5055900
2025-04-08,210.4427659487929,210.63624689949202,197.99208151259106,201.48446655273438,5126200
2025-04-09,199.8882022193933,217.37914766290248,199.656030998635,216.2472686767578,5361000
2025-04-10,214.16733556142526,214.4672332472606,207.22125581284632,212.17445373535156,5088800
2025-04-11,211.63267547897007,213.0934883091176,208.0919314788486,211.4682159423828,2965000
2025-04-14,213.94483087943468,215.99577039500733,212.1454298982003,215.02835083007812,3197700
2025-04-15,215.5313817801088,217.0018635388403,212.43564236302925,212.90968322753906,2807000
2025-04-16,212.54206723978834,213.35469610009363,208.39184396193238,209.54307556152344,3293600
2025-04-17,210.41372892018606,214.99930239567485,210.22024798385365,213.08380126953125,4545800
2025-04-21,211.05224206750526,211.84551838296838,206.40862550627074,209.010986328125,3379600
2025-04-22,210.92648656159577,211.49726056211048,207.95651617330742,209.8332977294922,3353300
2025-04-23,214.0996117451774,217.26307771084666,211.2167057070104,212.6194610595703,3879500
2025-04-24,201.46512408770394,208.79816615002545,199.89790911864918,208.4305419921875,5205100
2025-04-25,207.02778624931886,207.76301980217815,204.6769637994635,206.34091186523438,3454900
2025-04-28,206.1183955133742,207.70496289679062,203.9320327659985,205.6830596923828,3053300
2025-04-29,204.4060725834401,207.9565153631688,204.4060725834401,207.55018615722656,2886400
2025-04-30,206.5150312923821,208.9432487990987,203.6708157458662,208.63368225097656,3139100
2025-05-01,208.47891282126724,208.47891282126724,205.64438062812965,207.1051788330078,4458500
2025-05-02,209.75590070619606,212.45499458558115,208.8078189785175,211.17799377441406,2926800
2025-05-05,209.73654919344466,211.6617045385155,209.21413440030534,209.475341796875,1895600
2025-05-06,207.7630173517638,209.1754563906241,206.0603642570734,206.25384521484375,2265100
2025-05-07,206.77625843070462,207.90813752459295,205.7701338394812,206.88267517089844,3277100
2025-05-08,207.90812551262377,211.78747234164794,206.90200097952953,209.77523803710938,3335500
2025-05-09,209.678515972633,210.62658298657607,208.11128628320793,209.27220153808594,2172900
2025-05-12,219.66227844480352,223.99631385181203,219.13987838820074,223.34814453125,4965900
2025-05-13,223.4835951042138,224.43167693475883,220.61035772899282,220.8135223388672,3028100
2025-05-14,219.93315419261614,221.30688816496877,215.86999508596531,220.90057373046875,3253000
2025-05-15,221.7809192896338,223.90923922688808,220.2717472388835,223.32879638671875,2607600
2025-05-16,223.79315429381592,224.41230218220846,222.62257020584795,223.88021850585938,2006800
2025-05-19,221.6164669422646,222.5742175878677,220.72644274912102,222.0227813720703,2509400
2025-05-20,221.200481507156,222.4000871029628,220.3878526011182,220.8909149169922,1982900
2025-05-21,218.27885789285054,219.49780110054252,216.19889719296046,216.33433532714844,2183600
2025-05-22,216.08283607022204,217.040586760155,214.69941840698556,215.60879516601562,2848900
2025-05-23,212.94839537599537,215.7442373999587,212.84197863065484,214.87356567382812,3227900
2025-05-27,216.37305129590118,217.63069961208276,215.48302711749656,217.0405731201172,2613300
2025-05-28,217.66939914240905,218.1047349883637,214.72845020023357,214.94126892089844,3073200
2025-05-29,215.19280161493705,216.30532816460627,212.60979325323987,215.26051330566406,2980600
2025-05-30,215.0172088237121,216.6231311758803,214.4137794343997,215.73744201660156,4179600
2025-06-02,212.9343508822086,214.12175452721908,211.58149129992094,213.04141235351562,4587000
2025-06-03,212.01948874972103,216.42844964473335,211.74697131015503,215.85421752929688,6229300
2025-06-04,215.92234697531018,216.23378910233367,213.49887248681037,214.96852111816406,3976800
2025-06-05,215.04638173052453,215.83473677280566,213.53779357684436,214.75439453125,3084600
2025-06-06,217.01242791885286,218.17063448307724,216.21433050948966,217.4601287841797,2953400
2025-06-09,217.9856976138854,219.24122328635164,217.28493426378316,218.15115356445312,3128500
2025-06-10,218.5015298854756,223.07594647188088,217.3919904168489,220.54542541503906,3122200
2025-06-11,220.9542176310065,220.9542176310065,218.62807704718125,219.68894958496094,2655100
2025-06-12,218.56967135735024,219.465087890625,217.53798125816684,219.465087890625,1939200
2025-06-13,217.70344807838907,219.44562907391565,216.81777381336292,217.4017333984375,1670100
2025-06-16,218.05380488359353,220.14636733177744,217.7910297832893,218.6475067138672,2659500
2025-06-17,217.7910551616325,218.0246330557875,213.78112804929145,214.69601440429688,2767900
2025-06-18,215.07557074602198,216.20457995282484,214.3650799741052,216.0780487060547,2414500
2025-06-20,216.66204654802297,217.80078333903012,215.2994593240196,216.56471252441406,4274300
2025-06-23,216.48683498314162,219.9322572325614,215.89314796927596,219.84466552734375,2665300
2025-06-24,221.4700528821434,221.93722351600667,219.80573615056838,221.8204345703125,2777100
2025-06-25,220.84715091541673,220.9347426235618,219.44562418074983,220.74981689453125,2005400
2025-06-26,221.3435303026017,224.0881894427274,220.80822286203596,223.26089477539062,2960200
2025-06-27,222.9494550493084,225.4897038519111,222.9494550493084,225.2269287109375,7430700
2025-06-30,224.76947142695553,225.80114670382503,223.66965936523147,223.9324493408203,3579000
2025-07-01,223.48472440593636,230.77460267888222,223.2997986844962,229.2757568359375,2687500
2025-07-02,229.94731109487032,231.06659289939927,228.24406973462226,230.82327270507812,1752100
2025-07-03,231.33911108090356,232.79903225157585,229.96678161621094,229.96678161621094,1327600
2025-07-07,229.43146683495596,231.1639053803269,227.5822393520364,229.06163024902344,2580900
2025-07-08,228.76963932734398,232.47783654496163,228.0494062383271,230.21981811523438,2574300
2025-07-09,230.9887406857314,232.10800769746933,229.88892859777044,230.1711883544922,2432800
2025-07-10,230.83299745196862,234.30761691453606,229.2952120598123,230.66754150390625,2630100
2025-07-11,229.32442419576157,229.97652056911554,227.81585079155522,228.81832885742188,3211700
2025-07-14,227.82557173266864,228.5847295695365,225.21717146282307,227.07614135742188,1973400
2025-07-15,226.81335419170665,227.75743776867273,224.86679256515168,224.96412658691406,2419300
2025-07-16,225.80113384198606,226.71602012251952,223.56258514833544,225.00303649902344,2356500
2025-07-17,221.4213790728084,224.18549294400606,220.6914184824585,221.41165161132812,5211300
2025-07-18,222.31679836688153,222.31679836688153,216.39924932572833,218.8616485595703,5794500
2025-07-21,219.93224914107154,221.2461840753391,218.91030139787293,219.81546020507812,2814100
2025-07-22,220.7206213497244,224.37042439459958,219.96146350447728,223.11489868164062,3806300
2025-07-23,223.30956507909607,224.98360936275938,221.23647207466814,224.827880859375,3740100
2025-07-24,219.96145848058805,224.49695052502372,213.352888452751,214.6278839111328,9784100
2025-07-25,217.11948820582109,220.23398387535542,215.26051826595847,218.73513793945312,8254700
2025-07-28,219.20230565923018,224.79867032803878,218.81299927487814,223.11489868164062,6858400
2025-07-29,220.34103705541708,224.22443274688234,213.27502387919193,217.79104614257812,19091000
2025-07-30,219.81547359306137,220.51623695387306,216.56470444942912,219.2606964111328,8361200
2025-07-31,216.53552194579407,217.80079003618113,214.90041722671225,216.03915405273438,5546800
2025-08-01,214.65710849956062,214.92962596732582,212.7884109272757,213.53782653808594,4637300
2025-08-04,213.99525210050183,217.43093225452867,213.76167420516708,216.12673950195312,4181100
2025-08-05,216.77884315881897,217.43093955700758,215.66930356545384,217.01243591308594,2430000
2025-08-06,217.88837005333895,220.24370783001393,216.47711584989187,219.43589782714844,3135700
2025-08-07,221.10019972283328,222.30707327306368,216.1656737409912,216.71070861816406,3113700
2025-08-08,216.92484006639202,218.46262558773725,216.1754096554323,216.30194091796875,2345500
2025-08-11,216.74962195463513,217.79103949478446,212.84677145931673,213.78111267089844,4419600
2025-08-12,214.42350618984366,215.29946788388963,212.35041318346444,212.953857421875,3224200
2025-08-13,213.57672126740013,217.52823857176963,212.68130479679644,217.21678161621094,3096800
2025-08-14,216.23380765108251,216.44793062912905,213.4404963253222,215.60118103027344,6245600
2025-08-15,217.3044256588908,217.6840046070394,214.52084175543862,214.88095092773438,3739200
2025-08-18,214.80307535594451,215.47464150214583,213.06090921165594,214.19964599609375,3188400
2025-08-19,215.01718995566205,219.00764712787705,214.18016788373293,217.79104614257812,4899200
2025-08-20,218.98820053651872,220.81797336446084,218.44316561357965,219.6500244140625,4521500
2025-08-21,219.45535004098832,220.13664362895582,217.5574554562623,219.28016662597656,3435500
2025-08-22,220.63302987721892,225.139324793799,216.2435239058522,221.7620391845703,5317300
2025-08-25,222.13185491723164,222.83261822482243,215.22157070499665,217.35305786132812,5993000
2025-08-26,216.6133759493724,217.0318944226563,214.47216112521426,216.78857421875,3758000
2025-08-27,216.55497490742343,217.04161530047384,214.5208216287335,215.04638671875,3464900
2025-08-28,218.2776939770174,218.85192609739136,214.93933303699927,216.40899658203125,6299300
2025-08-29,216.83011496800447,219.09244721090806,216.6342461221323,218.95533752441406,5012800
2025-09-02,217.6234039347243,218.17184266931844,214.8126330041773,217.40794372558594,3955400
2025-09-03,216.8496997004787,217.90740936842607,214.23481258131775,217.18267822265625,5881000
2025-09-04,218.0641186287342,218.86718538562616,215.95848742520704,218.4558563232422,3601000
2025-09-05,217.58422769502351,218.56358687712859,214.35233940530975,215.7626190185547,4001800
2025-09-08,214.79305082535666,215.5569497486207,211.80600250037074,212.7755584716797,4131200
2025-09-09,212.99102205455742,214.11729403435206,211.19879303112867,211.59054565429688,3111200
2025-09-10,210.56221039217192,211.61013182158268,206.48807287434272,210.748291015625,5004700
2025-09-11,210.33697411950024,212.30548068072537,209.7395644252227,211.58074951171875,4126700
2025-09-12,210.7384915243072,211.81579255048436,209.47512481527622,210.4740753173828,6207200
2025-09-15,211.551355904597,212.57968595853947,209.89625156203962,211.78640747070312,4484400
2025-09-16,213.93120352898,214.49923359847162,210.99312623812713,211.54156494140625,4425900
2025-09-17,211.84518944204558,215.13583700276456,211.6689119563564,212.68743896484375,4797500
2025-09-18,212.99102531796748,215.9976651035329,212.30547689671252,215.81158447265625,4349300
2025-09-19,217.08475711879416,217.08475711879416,214.69511835397046,216.05642700195312,8632100
2025-09-22,216.0955984745325,224.27325365748132,214.7245015912785,221.1882781982422,8136000
2025-09-23,221.1882671910339,224.27324249675237,220.79651456971703,223.2742919921875,5183000
2025-09-24,224.5964400841566,227.27008643201617,223.67584007402016,225.6051788330078,5925900
2025-09-25,226.28093078167774,227.70099853647164,225.72268890254782,227.21131896972656,6034400
2025-09-26,227.23092086317502,230.63908662133105,227.0056574924761,230.34527587890625,4940900
2025-09-29,230.88392118781582,232.46069002782747,230.23754055788524,231.30503845214844,5097300
2025-09-30,232.10810513684817,232.10810513684817,229.97310948626676,231.49110412597656,3797500
2025-10-01,231.05041203036774,232.3529615109178,229.1700442299463,229.894775390625,3950800
2025-10-02,230.58032995007653,232.0983396824579,228.69996209963392,229.6793212890625,3873400
2025-10-03,230.01230272048423,232.8328620035482,229.67932417841013,231.91226196289062,3176600
2025-10-06,232.10813320888582,233.31274085518962,230.63909439110807,232.50967407226562,3261100
2025-10-07,232.87202326857152,233.30294369627532,226.48659726788844,227.07421875,3024100
2025-10-08,225.42888209333722,228.91541322200467,224.48870567738675,227.847900390625,3580300
2025-10-09,227.9360461173346,228.66076229937417,225.37011507071,226.76080322265625,2331300
2025-10-10,227.74996446108534,229.03292250666073,220.5712603775991,220.7965087890625,2762700
2025-10-13,222.05010412035818,222.716076137821,220.17953943188348,221.1882781982422,2079700
2025-10-14,219.29810472058563,223.1469940499696,218.72028639372996,222.39288330078125,2306200
2025-10-15,222.4516471270227,223.29389663312915,219.95427818906933,221.0609588623047,2483700
2025-10-16,221.59958516486384,222.80419265958508,218.61253695582573,219.4156036376953,2971200
2025-10-17,220.46354700195053,223.95006331378858,220.17953941324168,221.3743438720703,3237300
2025-10-20,221.9815329293456,224.4789015751502,221.1392835217677,222.6083221435547,2922100
2025-10-21,221.6191738861339,223.4407824898011,220.7671362137819,221.864013671875,2727700
2025-10-22,222.30474464614343,224.1263533104876,220.5614865091064,220.5908660888672,3756800
2025-10-23,218.6713132801429,221.27641224692675,214.57759914134107,215.49818420410156,5148500
2025-10-24,215.9584715956926,216.702794082069,211.54156739695316,212.13897705078125,4128600
2025-10-27,213.6961758392379,214.41110387560758,211.9333262790207,213.72555541992188,4692000
2025-10-28,213.85286561619873,216.3502344494291,213.06937530367853,213.0987548828125,2782500
2025-10-29,212.16836181404508,213.65699187934686,211.08127257948829,211.9039306640625,3587900
2025-10-30,211.5905389939095,215.75281521710716,211.24775732740662,214.3131561279297,2806900
2025-10-31,213.01060945281898,216.42857817508366,211.8745492825504,215.8213653564453,2586300
2025-11-03,215.40025270432008,216.43837100682344,213.52967315117974,214.30337524414062,3552700
2025-11-04,214.09770593521432,216.5656951954242,212.97144888206307,216.35023498535156,2737800
2025-11-05,215.21418875370134,216.77136632812903,212.79517028301066,212.8931121826172,2707600
2025-11-06,212.4523757690069,214.04873598456348,211.8549810264669,213.49050903320312,3429800
2025-11-07,214.69511620308555,217.10433136760366,213.69616567583338,216.90846252441406,3735400
2025-11-10,216.49714154377457,220.00324925980033,216.18375437175195,219.25894165039062,4095300
2025-11-11,219.86613188955866,220.25786957686134,218.82801356875518,220.15994262695312,2698000
2025-11-12,220.15992885651272,222.37327504462,218.89654724788835,218.93572998046875,1945700
2025-11-13,217.79968294633676,219.00429052859582,216.38940336523598,216.90846252441406,2682200
2025-11-14,217.14350192782868,219.60168790127832,215.87033210272767,218.4166717529297,2886400
2025-11-17,218.25019013592805,219.0728482262893,216.3110482808607,216.43836975097656,2921100
2025-11-18,217.13371396752808,217.388341955309,215.3512732215597,216.2620849609375,3863100
2025-11-19,216.7419680797764,217.4079400633042,215.42963042355635,216.6048583984375,3396500
2025-11-20,216.98680970308533,218.86717746760038,215.89972045474317,216.64404296875,3955100
2025-11-21,217.73113394509923,222.7454480236017,217.11413289703037,221.55062866210938,3595600
2025-11-24,221.9129917314442,221.9129917314442,217.90741629483705,219.8661346435547,4483200
2025-11-25,221.08054670750371,224.71396089732343,220.610443541469,224.40057373046875,2582500
2025-11-26,224.27324702871704,227.0448352372229,223.71500513599787,225.89898681640625,3233700
2025-11-28,226.16341333299945,227.66184666030978,225.71291646865086,227.0448455810547,1207600
2025-12-01,226.6824603186201,229.28754412659322,226.36905823847775,226.5845184326172,3463000
2025-12-02,226.80978818397014,228.98396675212038,224.63560961581993,227.44638061523438,5190100
2025-12-03,227.9752221151854,230.99165009539004,227.5443016974655,230.37464904785156,3576500
2025-12-04,230.85454946260953,232.81326784261208,229.48345257414184,232.3921356201172,3162200
2025-12-05,232.24437307986764,233.53485116176648,231.47600553778403,231.80108642578125,2494700
2025-12-08,231.26913097879964,233.82050547895548,230.63867521367905,231.92913818359375,2461800
2025-12-09,230.66822966320743,231.2691339964953,228.04789174878798,228.10699462890625,3785200
2025-12-10,228.55028654123214,233.23931555562922,228.39268386769277,231.9488525390625,4938300
2025-12-11,230.31360243136388,232.6778078757506,229.25955094183414,232.5989990234375,2888600
2025-12-12,232.29363805913388,236.41131440996847,231.722285119006,236.3719024658203,2928000
2025-12-15,236.4211473984929,237.57369868831034,234.58888290490452,236.88414001464844,3289100
2025-12-16,237.91847547321925,237.91847547321925,231.65331473102012,232.36257934570312,2755700
2025-12-17,231.78138796631734,234.39188062499056,231.03272637140202,233.20977783203125,2530100
2025-12-18,233.26887678823073,234.4608250315242,230.5894358193159,230.9243621826172,3053400
2025-12-19,230.92436703329776,231.98826406076623,228.57985237843653,230.73719787597656,4721900
2025-12-22,231.23959275599702,231.71243084905052,229.0428354063644,231.1115264892578,2095600
2025-12-23,231.18048175181553,231.72228324507705,229.77181290058803,230.65838623046875,1980700
2025-12-24,230.33331346184718,231.95870286166056,230.33331346184718,231.5449676513672,921900
2025-12-26,231.16077780409353,231.4366012703697,229.2595499494918,229.95896911621094,902500
2025-12-29,229.95897240387734,231.16078110894185,229.614185550477,231.03271484375,1554100
2025-12-30,230.49090447290232,231.13122074288424,229.44671351435625,229.58462524414062,1884300
2025-12-31,229.6634427648445,230.008229617948,227.7228179738087,227.87059020996094,1768600
2026-01-02,227.90015052390982,229.24971648538357,226.21564316620152,228.45179748535156,2569900
2026-01-05,227.5750792542075,230.94407908085913,226.6293879722732,228.5109100341797,2560800
2026-01-06,228.03804882127187,230.78643799616853,227.75236485584713,230.1362762451172,2240400
2026-01-07,230.4121121838433,231.7419871983325,221.1128926776733,221.13258361816406,4476700
2026-01-08,221.14244281702437,227.52580978021643,220.97497963632551,226.42251586914062,2198200
2026-01-09,227.17116289093406,228.00849377202755,223.4770825883179,225.0335235595703,2620800
2026-01-12,222.63976524948205,226.26489742320186,221.64483163871017,226.07772827148438,3279400
2026-01-13,226.80669535330003,227.31893035589363,224.41292339285525,225.870849609375,2249700
2026-01-14,223.94009884760683,226.94462081740713,222.48217254289742,223.7529296875,3015200
2026-01-15,224.38336085472707,227.31891911384284,223.6248388270986,227.07264709472656,2426800
2026-01-16,226.59982734307707,228.46164335683866,225.49653341825606,226.06788635253906,3863400
2026-01-20,221.2803627042784,224.60010506119073,216.69969364809455,218.3842010498047,6026700
2026-01-21,220.13765542459632,226.501316610508,219.82241999394608,225.96937561035156,3477800
2026-01-22,226.04816893297993,229.37777154194774,225.8708452576125,227.91983032226562,3785800
2026-01-23,228.4616333511187,230.19538301865632,225.8905527750747,226.22547912597656,3189000
2026-01-26,226.42250595583116,228.8162628255043,225.9693588157636,227.44699096679688,4165200
2026-01-27,231.49570775616934,233.34767822821928,225.7526422238299,229.08224487304688,5212400
2026-01-28,228.2941720018149,230.83570115730055,224.23561375400544,224.31442260742188,4248100
2026-01-29,226.43234915149853,230.28404719400916,224.50156987978878,230.0968780517578,3539900
2026-01-30,229.00343645688318,231.8601859923573,227.21056886349808,231.59422302246094,3841100
2026-02-02,231.38734842622023,232.22467934260513,227.2893782302985,231.72227478027344,5532400
2026-02-03,231.30853493372774,238.62774735125936,230.51061597573505,237.88893127441406,4636700
2026-02-04,238.92327627910913,247.90729054086088,238.92327627910913,246.03561401367188,5382000
2026-02-05,246.9320413915185,248.370276684669,244.8042474090159,247.70040893554688,4418600
2026-02-06,248.13384094544585,249.51295827315477,246.11440733388878,248.8529510498047,4345000
2026-02-09,247.95653077985963,251.13836111505478,245.35589881268362,250.54730224609375,3412100
2026-02-10,251.03986611472308,257.64979933054497,250.30104998581214,257.4232482910156,4828100
2026-02-11,258.37878669831247,259.9844852389082,256.9208453719575,258.8910217285156,4634600
2026-02-12,260.49671472076784,261.4128394920534,255.7781340298112,257.86651611328125,5965900
2026-02-13,256.9602333291287,259.1175786431702,254.31034397192713,256.7927551269531,3976700
2026-02-17,257.09812702281005,260.22086944743626,256.6055829854086,258.8811340332031,3257800
2026-02-18,257.25574474295354,261.1173032239923,256.684406887023,261.04833984375,3266200
2026-02-19,261.2946449118435,261.67884373964324,258.20145353547605,259.04864501953125,3243200
2026-02-20,258.7728038692935,263.18600952433536,257.6300980283674,262.1319580078125,3374900
2026-02-23,262.1910486563312,263.8164379862209,258.6841374741138,259.82684326171875,2758900
2026-02-24,259.8564259301464,263.2648227008388,259.8564259301464,262.6836242675781,2385400
2026-02-25,262.87077495961495,263.8854145366371,257.6202383626185,260.3095397949219,3540000
2026-02-26,260.9991246124995,262.6245140926173,259.8958006013688,261.4916687011719,3821900
2026-02-27,260.22414184833843,263.77908566617606,258.9863467772415,262.39276123046875,3819800
2026-03-02,262.3927517558201,265.5219012089165,259.76860212416415,264.3633117675781,2687500
2026-03-03,260.9767051774223,263.3235900569353,256.05523068156396,263.2443542480469,3146100
2026-03-04,263.6206535800584,264.3732426801358,259.70920892942326,264.0959777832031,2327600
2026-03-05,262.5016933303573,264.28413650464415,256.7979235240131,257.6594543457031,3137600
2026-03-06,257.3623512483308,257.3623512483308,249.5394922572049,251.62889099121094,4099100
2026-03-09,248.79681604167362,252.1933185562234,245.23196009625957,251.13377380371094,2863900
2026-03-10,250.10392544691277,252.03488271508442,247.48968777947672,247.7669677734375,2320000
2026-03-11,247.7669662153479,248.8562167934602,244.14269868261522,248.65817260742188,2228300
2026-03-12,245.83599956705382,246.3806324236782,240.8749223308278,241.7166290283203,3028500
2026-03-13,243.26139148759717,243.74659748146073,238.24088746514286,240.0728302001953,2785400
2026-03-16,242.77618317215286,243.22178639583143,239.5678127640202,239.8450927734375,2218000
2026-03-17,242.81579162709642,243.35051245273817,237.94381690110043,239.95401000976562,2465600
2026-03-18,239.22122421261616,240.06291578022862,233.73530809282332,234.26014709472656,2974200
2026-03-19,233.9135684620067,234.0224950354017,229.45750609370808,231.8934783935547,3514400
2026-03-20,232.11132424358667,233.82444349038116,230.76460261022265,232.62625122070312,5047600
2026-03-23,236.93379356868115,238.61719190031465,235.28010111097385,236.04257202148438,2434100
2026-03-24,234.72555403212903,239.37967570146893,233.19070019415892,237.3298797607422,2481600
2026-03-25,239.18161970730046,240.04313538450643,236.25052932796658,238.9736785888672,2800600
2026-03-26,237.0130098793196,239.23112901034602,235.95345002956415,236.8545684814453,2225700
2026-03-27,236.2901272566871,238.80533534734988,235.97325956995206,236.45846557617188,2675000
2026-03-30,239.2905344570567,240.0827263157679,236.52778253720228,236.8941650390625,2770500
2026-03-31,238.43893431170608,241.35023074656127,235.80491787475427,240.25106811523438,4177200
2026-04-01,240.75611259299401,243.72682095178794,239.637140942711,240.74620056152344,2444500
2026-04-02,238.13196919747537,242.43950220585435,237.65666010800436,242.3206787109375,2327900
2026-04-06,241.05316411212567,243.47925462022835,240.23128145413426,243.14256286621094,1450900
2026-04-07,242.5385143082156,244.34075121527505,240.9541456559844,243.70700073242188,2878900
2026-04-08,248.04424978951732,250.15344243898122,244.6081292630179,246.67771911621094,3297300
2026-04-09,246.5786798257477,249.6682266572899,245.67757648010948,248.69778442382812,2999100
2026-04-10,248.54926226850586,249.76724844648692,246.83615803819708,248.0640411376953,2431600
2026-04-13,248.54924866216953,249.51967576086264,246.24199685145192,248.88592529296875,1590900
2026-04-14,248.64827711301055,250.26235159279543,246.6281871183431,249.57908630371094,2264700
2026-04-15,249.3810582692214,249.55930862608596,244.57842220250552,245.60826110839844,2971200
2026-04-16,245.04382325137294,248.8463261139709,244.46948452059462,248.6185760498047,2639000
2026-04-17,249.97519135915692,253.58954690467002,248.52944007506986,248.68788146972656,4482800
2026-04-20,248.9354478054336,251.10406724045518,246.39054893428744,249.7177276611328,2637200
2026-04-21,251.04465408693275,251.04465408693275,246.07366475726835,248.79681396484375,3233000
2026-04-22,250.76739232839918,252.27254030288302,246.47966825480256,246.96487426757812,3844700
2026-04-23,260.1944434694302,268.6114501953125,252.51020177646814,268.6114501953125,8477300
2026-04-24,270.21562609099846,272.1069806283696,265.7793575777188,266.0764465332031,3565700
2026-04-27,266.81912926610363,268.17574788813556,263.16515563907956,266.2843933105469,2829300
2026-04-28,268.77976694182826,268.86888456101764,264.3138228534369,265.12579345703125,2703900
2026-04-29,264.2147921676307,265.18520416362657,260.5311128242107,262.1947021484375,3243900
2026-04-30,261.7589882245665,267.5914929395629,260.6301348659382,266.84881591796875,3317000
2026-05-01,267.1260798721604,267.1260798721604,263.382988905073,263.71966552734375,2069200
2026-05-04,263.10572267841815,264.2048701555276,259.4022194132088,260.83807373046875,2778000
2026-05-05,261.81839679133196,262.4719561887559,259.38242465155537,261.4322204589844,1768000
2026-05-06,262.84828614604453,267.641025487013,262.531403325251,265.6110534667969,3019900
2026-05-07,265.5317989758507,266.2051522579705,261.5213549371595,262.30364990234375,2032500
2026-05-08,261.5510671086409,263.60086309759845,260.3429778524039,262.06597900390625,1787800
2026-05-11,263.0364236533405,264.3930422936425,260.76877449202834,260.7786865234375,1609700
2026-05-12,261.867948397567,264.3732445185751,258.4912396745374,263.0067138671875,2542400
2026-05-13,262.58092111877926,265.9675116730843,261.26389017685466,262.06597900390625,1866400
2026-05-14,262.77896629394604,266.79932270662965,261.10546475738056,266.710205078125,3947000
2026-05-15,266.37350804391303,268.0767153264353,264.5118593607366,267.91827392578125,3314100
2026-05-18,268.35398459978745,273.701253525751,266.93795422157933,272.44366455078125,3197000
2026-05-19,270.8295687195046,272.7902470430407,268.5223319425798,268.90850830078125,2578700
2026-05-20,267.3340402517677,271.94854408903404,262.10559486964576,263.2047424316406,3795100
2026-05-21,262.39276646779683,266.01703413466134,261.34311864412433,262.8482666015625,2308800
2026-05-22,263.25429070584346,265.76949902831313,261.85805408579716,263.28399658203125,2597300
2026-05-26,263.6206760716326,269.99779946477327,263.55135228658304,268.4530334472656,3092300
2026-05-27,269.90866139361077,276.9690496312671,269.90866139361077,276.6620788574219,4045800
2026-05-28,272.96848404984087,273.59233762134454,262.2541223090623,264.3930358886719,6081800
2026-05-29,263.0691910355095,267.76738946402077,258.3112721911934,261.42681884765625,6342500
2026-06-01,258.98812894500526,262.5715058472368,257.4651975586332,262.2828369140625,2578700
2026-06-02,262.32264869572316,265.010158467457,261.1580398643452,263.4573669433594,2523500
2026-06-03,262.7406923289192,265.98564327052856,260.9191589355469,260.9191589355469,2876300
2026-06-04,265.88609641207927,267.58818895924804,259.41612165066044,262.68096923828125,2325200
2026-06-05,263.2682546964959,272.86374006625925,263.2682546964959,271.0621032714844,2784100
2026-06-08,270.52457457903495,272.7343210228244,267.1502496877646,267.428955078125,2424400
2026-06-09,268.1655288624121,270.26576764346106,266.5828771306876,270.0268859863281,2848700
2026-06-10,269.2305843764517,271.5099843227278,265.4083261094407,265.7965087890625,1914000
2026-06-11,266.31410209848775,268.50395185461855,263.3379234369997,267.0407409667969,2908500
2026-06-12,268.722937797145,272.4755122262893,266.5131913540471,271.4403381347656,1927100
2026-06-15,271.1317930687356,271.3806382709163,265.80649966674713,266.085205078125,2552700
2026-06-16,268.2451545129988,269.53916774250354,264.9703736444342,266.214599609375,2011300
2026-06-17,264.7016072249828,265.11968052411953,254.309844495097,256.8580017089844,3676100
2026-06-18,256.8878591238498,262.4619975842523,254.93692129452273,255.69342041015625,3443000
2026-06-22,255.3549833895934,261.42681197521887,254.04107352320702,258.70941162109375,2323200
2026-06-23,259.8342036206556,261.6557370564366,256.9376419468643,257.4154052734375,2090000
2026-06-24,259.71477323582036,262.0738208854972,257.20639416397233,258.7591857910156,3236900
2026-06-25,260.7997371710722,266.74216185424785,260.7997371710722,266.4933166503906,3089400
2026-06-26,268.2949486945248,269.52921116305146,265.5078642352368,267.1104431152344,4584200
2026-06-29,267.060638606745,272.2366305708006,266.97105798593674,271.4403381347656,2828200
2026-06-30,272.0276104487472,272.07736733501355,267.53843359893995,270.7435607910156,3219900
2026-07-01,269.5093078338274,277.512147378058,268.7528087257876,276.4471130371094,2223300
2026-07-02,277.7112404592698,281.49367531129644,277.29316716168677,280.94622802734375,2272500
2026-07-06,281.5036224273078,282.6781644008506,278.13923069240604,281.2846374511719,2393300
2026-07-07,283.11614118466167,284.46987480887867,278.90570002712843,281.81219482421875,2037000
2026-07-08,282.8075764734216,282.8075764734216,278.8658771720254,279.64227294921875,1944900
2026-07-09,280.6973617563067,284.11151031990687,279.66215730679045,283.72332763671875,2025700
2026-07-10,283.72334636034043,287.5655015947507,283.683522623644,285.63446044921875,1876200
2026-07-13,288.5011454023478,289.06851970542056,285.35573866927786,287.79443359375,2276600
2026-07-14,290.25303646143135,290.31275687706096,286.66965964060176,286.96826171875,2945700
2026-07-15,286.90854378684736,287.76458704596655,284.1314533061975,287.0279846191406,2602300
2026-07-16,289.6259465347667,298.67395417237265,288.8296540620623,298.03692626953125,3630800
2026-07-17,298.7436281882887,301.7496671059416,296.7230064887631,300.35614013671875,3521900
2026-07-20,299.55986317850744,300.59503733681726,294.1549223614927,294.8815612792969,3295800
2026-07-21,295.4887212962713,295.4887212962713,290.32272303780155,291.7759704589844,2868100
2026-07-22,292.1442479747264,294.5530827377049,289.5662154963947,291.2085876464844,3381400
2026-07-23,308.4685031881013,314.53036860200524,301.42122050481044,302.9242248535156,7447500
2026-07-24,303.0834765929492,307.89118265404625,301.24204649612915,305.9004211425781,3661900
2026-07-27,305.2832918921307,305.2832918921307,295.60818966928264,297.9174499511719,3061600
2026-07-28,300.1471201466134,301.6501244244517,292.582220364079,293.0898742675781,4835200
2026-07-29,294.0553922467798,294.0553922467798,289.1581056291087,290.8403015136719,3054900
2026-07-30,292.5125269011244,292.5125269011244,283.47448334236446,288.1228942871094,3453800
2026-07-31,288.36181072063306,292.58221531125633,286.5800707017538,290.78057861328125,3775000
2026-08-03,291.14885767353644,292.61206853229345,287.62520145470376,289.8847351074219,2342600
2026-08-04,288.0034506129899,295.4588424007139,286.66964410851136,294.9810791015625,2476600
2026-08-05,293.677144830341,295.15028889853266,291.6166993885429,294.1748352050781,2586600
2026-08-06,294.63269515524934,296.7727576427106,293.3387123609544,294.01556396484375,1818400
2026-08-07,291.38775737726127,295.7276333375665,289.954406635932,291.7759704589844,2603100
2026-08-10,290.7805983762121,293.27901390826725,289.89469488218356,290.89007568359375,1793000
2026-08-11,290.53173367217784,293.13962633654427,288.9988388354597,291.51715087890625,2101500
2026-08-12,291.0891497862955,293.0998079714226,289.73541616661623,292.3731994628906,1797700
2026-08-13,293.8463597337638,298.0070745961476,293.8463597337638,296.4144592285156,2314400
2026-08-14,296.6732345173925,299.2413339856124,291.7958746854059,292.32342529296875,2267900
2026-08-17,293.9857087219663,301.39134388509336,293.92598830747414,298.5146789550781,2076600
2026-08-18,300.8638061956197,302.2672967495336,297.2605326093748,297.36004638671875,1800800
2026-08-19,300.4357745156773,306.199037872645,299.4702539213432,300.4059143066406,3224000
2026-08-20,299.3607602247239,306.22888131665246,298.6241881910701,302.5658874511719,4107300
2026-08-21,304.8453349088271,306.86595672691186,302.4663602052819,306.6270446777344,2684600
2026-08-24,307.0749771113229,309.7326572157263,304.2978561710562,308.4286804199219,2268900
2026-08-25,306.5474002102978,309.83214442126183,305.39275493496393,308.159912109375,2198900
2026-08-26,307.3039267392097,312.69887368922997,307.21434611198924,309.1851806640625,2447600
2026-08-27,305.7710161171633,308.3092248881051,305.0145170239402,306.2488098144531,2144100
2026-08-28,307.34369343038713,307.5626784034607,305.2534182234042,305.989990234375,1717700
2026-08-31,305.2300109863281,306.3599853515625,300.010009765625,300.6700134277344,3705900
2026-09-01,301.0,302.239990234375,288.6700134277344,290.6199951171875,3042500
2026-09-02,291.6400146484375,291.82000732421875,285.69000244140625,289.7300109863281,1892600
2026-09-03,291.1000061035156,291.9200134277344,286.239990234375,289.1499938964844,2044600
2026-09-04,287.1199951171875,292.5799865722656,287.1199951171875,289.6199951171875,1279200
2026-09-08,287.1000061035156,291.07000732421875,287.1000061035156,288.45001220703125,1783200
2026-09-09,286.7300109863281,286.75,284.260009765625,284.739990234375,1908700
2026-09-10,285.19000244140625,288.6700134277344,283.8900146484375,285.7799987792969,2507800
2026-09-11,287.7699890136719,289.0199890136719,282.9800109863281,284.3999938964844,1595100
2026-09-14,283.95001220703125,285.6400146484375,282.8500061035156,285.0799865722656,1251800
2026-09-15,285.30999755859375,286.30999755859375,282.69000244140625,283.989990234375,1762300
2026-09-16,287.0799865722656,288.4700012207031,280.32000732421875,280.9200134277344,2644000
2026-09-17,283.75,284.0199890136719,278.95001220703125,282.4800109863281,2166500
2026-09-18,281.25,281.3399963378906,278.70001220703125,279.3699951171875,4853000
2026-09-21,278.79998779296875,279.20001220703125,268.260009765625,269.6300048828125,5738200
