Date,Open,High,Low,Close,Volume
2021-09-22,145.13623173154147,147.86764377909196,143.7705136620601,146.28089904785156,4229800
2021-09-23,146.83351091278342,148.28605458138097,146.56510846122444,147.4571533203125,2527500
2021-09-24,147.22822845073466,148.96496653806292,146.67563161099943,148.42816162109375,2312900
2021-09-27,147.9149928051663,148.88599707977926,147.34660417221892,147.49659729003906,1847600
2021-09-28,147.370331288119,148.2623882865703,146.91247390301672,147.43348693847656,3093900
2021-09-29,147.63876125091033,148.37292317737857,145.60203648532288,145.8388671875,2467400
2021-09-30,146.24148373577376,147.8124492200526,143.67584367023386,143.75479125976562,2902800
2021-10-01,144.37837160325677,144.3941635234966,141.17329839980562,143.27317810058594,3014500
2021-10-04,142.49165038403964,143.43896088603876,139.83128381321305,140.84963989257812,3512500
2021-10-05,140.89705067959557,142.9179836378384,140.226044370802,141.8364715576172,2491800
2021-10-06,140.83383554539546,143.02055269514022,140.3838682160721,142.64952087402344,2119200
2021-10-07,144.44941745366745,145.2704286678359,143.02055583471355,143.36001586914062,2518400
2021-10-08,142.64958647506856,145.64941421769166,141.84436682854562,144.8520965576172,2781700
2021-10-11,145.4914674283221,145.50725934859875,143.30475022968005,143.4705352783203,1780200
2021-10-12,143.69160483628042,144.26788357021948,142.59430103267727,143.6679229736328,2615700
2021-10-13,143.8178897237892,145.98881525151316,142.62585858865717,145.30201721191406,3780400
2021-10-14,148.128178098457,151.39640752135253,147.82819178880752,151.11221313476562,4106400
2021-10-15,151.53851388441097,153.15683068354883,150.5517294723961,152.9515838623047,3153400
2021-10-18,152.73054456364045,154.41991898905337,152.4147783712244,152.66738891601562,2305000
2021-10-19,153.07000707363537,153.8673366602015,152.39900083995656,152.98316955566406,1974500
2021-10-20,153.78833213677854,154.3725126818839,152.5173536874785,154.15147399902344,1952000
2021-10-21,154.41994161185403,157.88552848016525,154.27783837245275,157.44345092773438,2997300
2021-10-22,156.99343027585869,161.16950815611662,156.89870283820517,160.89320373535156,3735900
2021-10-25,160.26959109362627,162.27473185208441,159.33806028296283,160.9642791748047,4829700
2021-10-26,168.94536606019417,173.86350779964746,168.6690736771384,172.15045166015625,6596500
2021-10-27,171.40049390933294,171.68468828944341,166.16659780705078,167.5244140625,3309000
2021-10-28,168.37699972979584,168.9690704024595,166.52974212205532,168.85855102539062,2236400
2021-10-29,167.94281004511603,170.57160505556215,167.55598623513845,168.5190887451172,2362000
2021-11-01,169.6164343703193,169.6164343703193,165.70086771822432,166.49029541015625,1868400
2021-11-02,166.4902486064631,166.4902486064631,164.5482637758388,165.10086059570312,2206700
2021-11-03,164.83246379290867,168.03753750361315,163.71936813110017,167.94281005859375,1765800
2021-11-04,168.2664782220274,168.56646454700513,165.62979308412275,166.34817504882812,2451900
2021-11-05,166.97970106088115,167.12969420680596,163.45884926072816,164.3745880126953,2117800
2021-11-08,164.8008752696601,165.69293217063108,163.62463604169727,165.2271728515625,2166100
2021-11-09,165.45610310339544,165.88240068937978,164.20880623603404,165.74819946289062,1552900
2021-11-10,165.6929191422622,168.10856509741006,165.34556915341886,167.0744171142578,2415500
2021-11-11,168.62171628229194,170.90316124115176,167.57966621602418,168.37698364257812,2113700
2021-11-12,167.8875442557294,169.79006741349724,167.35862927849456,168.2980499267578,1600300
2021-11-15,168.03753575461198,168.46382129846995,166.4349989159396,166.97970581054688,1378300
2021-11-16,167.02706803450485,168.86643551247116,166.97180232884267,167.25599670410156,2302800
2021-11-17,167.35074907545814,167.56388583902876,163.79832513411415,164.08251953125,2542300
2021-11-18,164.40617419115537,164.57195927370626,162.18788474392443,163.78253173828125,3919400
2021-11-19,164.79795817408305,167.1303435268756,163.66350538431004,165.38502502441406,2677600
2021-11-22,165.4247125028835,168.42349055062124,164.73450910094803,167.29696655273438,2220500
2021-11-23,167.4159800079833,169.27236432485364,165.4247314053803,168.03477478027344,2345300
2021-11-24,167.07481688311478,168.18547081053032,165.2184208826918,165.38502502441406,2518700
2021-11-26,163.5445454662415,166.22599770296006,162.45769009216903,162.87022399902344,1941000
2021-11-29,161.96582465524662,163.42554506513804,159.85556956614232,162.34661865234375,3435100
2021-11-30,161.442196479548,161.442196479548,157.15823148876376,157.37242126464844,6267600
2021-12-01,159.3636865241716,160.3712040776584,153.90558758560914,154.0245819091797,2938400
2021-12-02,154.92102692593207,159.16533481612916,153.76277530294112,158.58619689941406,2423400
2021-12-03,159.49063491115913,160.75203546597123,156.88852038027903,159.2447052001953,2606400
2021-12-06,160.2443085462164,162.32282379217187,159.76037803797217,160.29983520507812,3006700
2021-12-07,162.1006638604425,163.33825323842234,161.34700490387488,162.94158935546875,2250600
2021-12-08,163.44142394753536,164.60761697604627,161.35496761260893,162.41009521484375,1615500
2021-12-09,161.8785188779522,164.92489432699747,161.64844706706376,163.85389709472656,1931500
2021-12-10,165.01215179280737,166.48774171131723,164.48855263667372,165.8927459716797,1887900
2021-12-13,164.1792076468718,166.05940301474132,163.12408007977135,163.67147827148438,1909700
2021-12-14,162.7908813402236,164.33786831164718,161.10903007951927,161.63262939453125,1930500
2021-12-15,163.94120809925005,165.36127184001876,162.25142787899904,163.2430877685547,3703400
2021-12-16,164.89319259658228,168.05063393775706,164.86939373034699,164.98838806152344,2932600
2021-12-17,167.23353166623284,168.6059856088109,163.74288147767726,163.89361572265625,5625800
2021-12-20,162.65597964493702,163.41757957392045,159.79206612354238,160.59332275390625,2936400
2021-12-21,162.04512717199407,165.06771616701658,161.60880657935994,164.29818725585938,2317000
2021-12-22,164.4727133743968,165.46437305245422,163.85390659848593,165.36123657226562,1716500
2021-12-23,165.97214405708706,169.15338474633842,165.97214405708706,168.3362579345703,2573900
2021-12-27,168.89155182571616,171.04940437139442,168.66149209414385,170.65274047851562,1807200
2021-12-28,170.21641952304424,171.4778078842022,169.55795596279407,170.31161499023438,1375400
2021-12-29,170.1925996752387,171.62852095270918,169.62140273206958,170.24813842773438,1154900
2021-12-30,170.343375293846,171.35883408295675,169.0026491458982,169.69284057617188,1207000
2021-12-31,169.08987922094641,170.8986655553708,167.97922519286865,170.0418701171875,1579900
2022-01-03,170.28782576619838,171.0811536516318,167.2890473276778,169.37550354003906,2319600
2022-01-04,170.08947010429088,173.4690541728618,169.45481756851865,172.38218688964844,2741200
2022-01-05,171.99347408290689,172.92959510155626,169.94668685127837,170.21641540527344,2710800
2022-01-06,170.61305686789248,172.25525105246027,169.2406033070511,171.86651611328125,2102200
2022-01-07,172.42980934620127,174.09579053238312,170.70827729598025,173.07240295410156,3014000
2022-01-10,172.19182373012092,172.33461694212306,167.08279009906522,167.9713134765625,2853800
2022-01-11,167.7888004737324,167.7888004737324,165.04388143755824,167.60633850097656,1771700
2022-01-12,168.12203850629984,169.3437701886632,166.67818809695152,167.56671142578125,1865700
2022-01-13,167.8364039633362,169.48652700923333,166.54327595647774,166.9716796875,1828500
2022-01-14,165.1946228385315,165.93242389092745,163.0288416167343,163.85389709472656,1921600
2022-01-18,162.25136548226143,163.4572147284689,159.86344163918844,163.1002197265625,2339700
2022-01-19,162.67188301292921,164.41720191498706,161.4104945983041,161.6484832763672,1701700
2022-01-20,163.19549194696708,164.21095071737793,160.33950658942194,160.4822998046875,1706800
2022-01-21,160.7044264241903,162.2672711328169,158.9828943580997,160.21255493164062,2570400
2022-01-24,157.88018468649918,162.48943006089578,155.72233177998416,161.94203186035156,3660900
2022-01-25,158.7052161642304,161.47392221825748,156.42835732811682,160.20460510253906,3817200
2022-01-26,161.29942019505137,163.45726075569922,156.46011559029424,157.8722381591797,3074700
2022-01-27,159.14156118216906,160.04595438802843,153.84212519477322,154.56405639648438,3371000
2022-01-28,155.3335862422484,157.35657456086204,152.9060051020007,157.27723693847656,3066200
2022-01-31,157.2137720817777,160.6409540625856,156.19831344418023,160.4188232421875,4626700
2022-02-01,178.50667879587238,185.4165690618132,176.12669546419264,183.01278686523438,19125300
2022-02-02,182.9810488512175,184.29797588016837,179.0540787347293,184.13931274414062,5474000
2022-02-03,182.33845430835285,184.20277943608343,180.2678683154096,181.42613220214844,3503300
2022-02-04,180.31545741945553,180.73593226014015,176.84861905546086,178.33213806152344,3623100
2022-02-07,178.88750874446006,180.52176224705124,175.75385392157503,178.54637145996094,3295900
2022-02-08,178.29250090381717,179.72048131389377,177.03904147956743,178.6574249267578,2759600
2022-02-09,180.7755834415556,182.74304490028942,178.18141051637514,178.5542755126953,2130300
2022-02-10,176.60269258744643,177.7847553040422,173.95298078255698,175.07156372070312,3379500
2022-02-11,174.73838985920412,175.53965874410778,168.27277265067457,169.36756896972656,3821000
2022-02-14,169.52622042908402,170.50993915902419,167.96336368627476,169.76422119140625,3641400
2022-02-15,171.33499570411422,174.1116428383224,171.12079382144205,172.35838317871094,3149000
2022-02-16,171.23982044184274,172.9375415484769,169.37549516121123,170.81141662597656,2226700
2022-02-17,169.82769132000163,170.0418811144842,166.37671047956516,167.162109375,2815600
2022-02-18,166.3710084131354,168.53655383292968,165.85160331416523,167.29795837402344,2823900
2022-02-22,166.79452633160315,168.24888011772296,165.14839820405598,166.98631286621094,3558300
2022-02-23,167.3858667300463,168.57651865849604,163.15067505906498,163.3983917236328,2836000
2022-02-24,159.90632994736026,165.74769158822582,159.05929422285425,165.56390380859375,3347000
2022-02-25,165.6038459676261,169.07988917702684,165.30817360859567,167.76937866210938,2657100
2022-02-28,164.74886191728328,168.55253696553706,163.44633753571483,168.14500427246094,3536700
2022-03-01,167.38588904877162,168.29685391361787,162.8470377937397,164.2774200439453,2986100
2022-03-02,164.53311049673255,170.50233134515366,164.40526498715505,168.97607421875,2854200
2022-03-03,170.90983781424188,172.79569582971038,169.2637098892407,169.7511444091797,3019500
2022-03-04,168.67236244004846,168.76824959052084,165.46000877426732,168.12098693847656,2442900
2022-03-07,165.77167945724025,167.00228831058186,159.9303172497549,160.76136779785156,4043100
2022-03-08,161.4885426442373,166.5787683401455,158.64377631254254,162.54335021972656,4001000
2022-03-09,167.01029883406557,167.23404371350836,164.8607384914645,165.23631286621094,3097600
2022-03-10,163.41434706256146,165.70773766475185,162.90292856681654,165.555908203125,2284100
2022-03-11,166.14722916754772,167.1460942997544,162.78305823045525,162.93487548828125,2006600
2022-03-14,164.28535538891146,166.93834723126085,162.4154826478891,163.25453186035156,2237200
2022-03-15,165.80365975776425,168.79225704872198,165.05251107185066,168.23289489746094,2865400
2022-03-16,169.88704308530967,174.21012354899693,169.8151155050449,174.12222290039062,3022000
2022-03-17,172.60389167742625,177.85393256867323,171.61301309491927,177.65415954589844,3520200
2022-03-18,176.58340473623295,176.75920600942052,173.27516325752728,175.62449645996094,6278200
2022-03-21,174.35392170947682,177.2386449174406,173.36304303375698,174.6495819091797,2244600
2022-03-22,175.46468495997192,176.11993429156178,173.6267702704814,174.53773498535156,2182100
2022-03-23,173.78658575876833,173.97837229564405,171.18154931373763,171.46922302246094,1939300
2022-03-24,171.60507272981624,172.17243363212978,170.46237658485444,171.5331573486328,1882500
2022-03-25,171.40528515264245,172.2363357156561,169.46349686587735,172.0845184326172,1754200
2022-03-28,172.89156806609165,175.672405173229,172.65983672098764,175.440673828125,2353200
2022-03-29,177.36650926804558,178.97268019317542,176.19184276394878,177.758056640625,3034800
2022-03-30,177.39848203457728,177.63821215163844,174.65760143064347,175.96011352539062,2200200
2022-03-31,175.1210537735812,176.46353503319236,171.37332153320312,171.37332153320312,2858600
2022-04-01,171.72490181734497,171.9726306313943,162.7910572426822,165.12440490722656,3993600
2022-04-04,163.6460905080195,164.828755773715,161.88809006115986,163.98171997070312,3204600
2022-04-05,160.01822435239515,161.5764518138199,156.63006879553865,157.5889892578125,6270700
2022-04-06,156.28644714023596,157.35722771529063,154.42456093205226,155.3355255126953,3911700
2022-04-07,155.37550183383505,155.37550183383505,151.44396935634606,153.98507690429688,3627900
2022-04-08,150.81264470930378,153.3058202880326,148.6710837895461,152.6026153564453,5465800
2022-04-11,151.62775640067196,155.18371452057605,150.74076350396058,152.49876403808594,2787300
2022-04-12,152.61062569971838,153.5295890501892,149.27042613985824,150.1414337158203,3428800
2022-04-13,149.79784965764523,151.85949708551976,149.1665599051537,150.924560546875,2296000
2022-04-14,152.72249400133688,152.85833820916594,150.10147261847,150.2453155517578,2624300
2022-04-18,149.98960991018862,150.86861624501893,148.36745365033073,149.55810546875,2552600
2022-04-19,150.4291191688285,153.026169034957,149.95765765795613,152.37890625,2448800
2022-04-20,153.40973809593896,154.00905732779916,152.02731181520542,152.171142578125,2526000
2022-04-21,153.05010933314264,153.05010933314264,150.07748573800492,150.86859130859375,2618200
2022-04-22,150.43707205083604,152.57864518646645,149.38227683545443,149.55007934570312,3964200
2022-04-25,149.13459263987542,152.09921810134884,146.37771458363108,151.53985595703125,5354900
2022-04-26,149.18252943986062,149.76586335003478,144.49984851351724,146.27383422851562,7811800
2022-04-27,145.89030771071447,149.70196974206613,145.38687558864885,148.95082092285156,3978600
2022-04-28,150.42111255827626,152.49874485795925,148.72702888804886,151.9553680419922,3176700
2022-04-29,148.75104688807264,150.66087725567263,143.48503084514485,143.82064819335938,4853500
2022-05-02,144.06035876728396,144.62771966488472,140.01695368303504,142.701904296875,5026600
2022-05-03,143.2292810482223,143.8046283704421,141.079721218426,142.33428955078125,3266300
2022-05-04,142.28635991633197,147.20078442578992,141.44731063977287,146.87315368652344,3920500
2022-05-05,145.1551048228081,146.5055726993604,142.09459218285735,143.66879272460938,3249700
2022-05-06,143.14938358792153,144.67565269483896,140.3685460028869,143.77267456054688,2826600
2022-05-09,142.00668201944603,146.72132118168378,141.31146350530886,144.9792938232422,3925400
2022-05-10,146.39370129236053,147.43252368105283,143.58889181675374,145.44277954101562,3510200
2022-05-11,144.85944132124348,145.99415084692612,141.36741210944365,141.80691528320312,4934100
2022-05-12,140.75211057029583,142.8457283953546,138.39479083554042,142.75782775878906,5352400
2022-05-13,142.54021180438008,144.32136539477136,141.64560747577846,143.49122619628906,3598100
2022-05-16,143.31389949137986,146.65052884681933,142.5240603832361,144.885498046875,3003600
2022-05-17,147.48873008365175,148.10931452247277,145.35296923926973,147.6015625,2640900
2022-05-18,144.65180354439914,145.18373313177756,138.23645282240008,138.8086700439453,4275300
2022-05-19,137.1403817001636,137.98663120771735,133.2556988721499,134.90789794921875,4382900
2022-05-20,136.35857985808832,137.98660107639543,134.23892901781866,137.84957885742188,3483300
2022-05-23,139.17943347603924,140.76715511578846,138.18005158012255,140.54954528808594,2837700
2022-05-24,139.25997826974498,140.82352192580672,137.3095823815868,140.32383728027344,2865100
2022-05-25,138.5185165300047,141.08949702959336,137.90599942609666,140.1223602294922,3370100
2022-05-26,141.4360655006892,145.09507038809394,141.4360655006892,143.7652587890625,2628400
2022-05-27,143.98285204065712,147.1260620062075,143.92644197883186,147.1099395751953,2959800
2022-05-31,145.20790112521422,148.78631840922213,144.01509946314886,146.88427734375,8734300
2022-06-01,146.8762222590249,148.28663370111045,144.5470289980075,145.25625610351562,3253800
2022-06-02,146.83593110576015,148.3672301295651,145.2401546507259,148.3511199951172,2317800
2022-06-03,146.9810041861857,149.5358625873199,146.7392291780446,149.49557495117188,3802200
2022-06-06,150.61581307803044,152.227711720397,150.341780962492,150.80117797851562,2649200
2022-06-07,148.97974049650026,149.91463238505574,146.85203472969334,149.51165771484375,2984000
2022-06-08,147.11798820619066,147.69021765288127,143.4509285201797,144.6195526123047,3592200
2022-06-09,144.26493293522486,146.19920644651688,142.2420045039597,142.2903594970703,2891600
2022-06-10,139.6710308031703,141.0411422973537,138.49433929068098,139.46954345703125,3220600
2022-06-13,137.68036905777277,140.9444673360282,136.60845463416806,139.20361328125,4302900
2022-06-14,140.27549607471954,143.4348162592603,138.6555299038242,140.36415100097656,3925500
2022-06-15,141.12174193457918,145.13536642001523,139.78386300682993,141.75038146972656,3465100
2022-06-16,137.93019406451302,139.66298053428756,137.60781919035458,138.7764434814453,3355500
2022-06-17,138.1880990927022,140.00148536812355,136.57620018121656,137.873779296875,7578300
2022-06-21,139.13911707613906,141.041158331841,138.961807207554,140.63818359375,2845800
2022-06-22,139.32445894144703,142.49990131943048,138.9214842700849,141.9679718017578,2671000
2022-06-23,142.95124694282995,144.27300352054667,141.23458301368981,143.9667510986328,2923600
2022-06-24,145.69147875515824,148.79437661489726,145.69147875515824,147.73052978515625,4826400
2022-06-27,148.97977174021798,149.06842667816957,145.91716114476048,146.52967834472656,1902300
2022-06-28,147.295317442749,149.32631350548598,144.67598172334993,145.0064239501953,2380800
2022-06-29,145.3368815871328,146.37655107956996,143.19305286570065,145.9816436767578,2101000
2022-06-30,144.1924232484573,148.2060481829075,143.1124539054941,147.11801147460938,3728200
2022-07-01,146.50545724793244,149.99521906112977,146.2878475017479,149.09255981445312,2962500
2022-07-05,146.9165285455727,149.0764795945786,146.4651987944467,148.80245971679688,2471800
2022-07-06,148.9233663047159,149.87439322886033,147.25505702533312,149.23768615722656,2005000
2022-07-07,149.85012247035152,150.72054904501374,147.51287480902755,150.05967712402344,2961800
2022-07-08,149.6728740626526,150.1483812748977,147.5612781934511,149.4230194091797,1938200
2022-07-11,148.06899873905394,150.56744635925125,148.06899873905394,148.8104705810547,2275900
2022-07-12,146.30399453577184,147.07771137576748,143.50734911602444,144.56314086914062,4207600
2022-07-13,143.8055610611535,145.87685714567505,142.03247464933224,143.39453125,2414400
2022-07-14,142.59664037044888,143.8458645658606,141.1459410961008,143.68467712402344,2487000
2022-07-15,145.5303310507968,147.3356503570857,145.5303310507968,147.15834045410156,5014100
2022-07-18,146.94877765782564,148.21411201108884,144.85330398384122,145.13539123535156,2289200
2022-07-19,146.07833625983022,149.8662961750054,146.07028119262839,149.7534637451172,2710800
2022-07-20,149.78571009646427,151.11552176890558,148.51230849062077,150.59165954589844,1754800
2022-07-21,150.67225656991434,151.63133844259298,149.7695970651878,150.72061157226562,2320100
2022-07-22,152.03432529371256,152.55818759129934,149.63259903586456,151.5023956298828,2255200
2022-07-25,152.29218734718376,153.07394686553326,150.68028872381217,151.44593811035156,2816100
2022-07-26,144.4664521823187,148.1657575461396,143.9909449146165,146.30401611328125,4961000
2022-07-27,147.40009156779175,149.12482286552205,145.11925319266686,148.21409606933594,2739300
2022-07-28,148.8266288064483,152.38086884240528,148.1335117855892,151.71192932128906,2452500
2022-07-29,151.9617856403826,157.74849733615,151.50238850745018,157.07150268554688,4093100
2022-08-01,155.61271704499876,157.82102290508757,155.48376218503466,157.4341583251953,2086100
2022-08-02,156.77329724931116,157.13597205796088,154.69394610248946,155.97540283203125,2075100
2022-08-03,156.91030856581028,157.43417081648724,155.35481965138064,155.88674926757812,1916700
2022-08-04,155.30645106204315,156.86999490738856,154.41991407708872,156.77328491210938,1627300
2022-08-05,155.91092250334705,158.6995130804311,155.91092250334705,158.57861328125,1785900
2022-08-08,159.46516931906731,160.41618383063238,157.6517829354572,158.03863525390625,2102500
2022-08-09,158.34490995872468,159.19921451885673,157.33747301558515,158.48997497558594,2022400
2022-08-10,161.00457478277207,163.34182399031224,160.3920451410431,163.10003662109375,2791400
2022-08-11,163.89786395981892,165.94496994339482,162.60028498549434,164.76022338867188,2730600
2022-08-12,164.45979186845545,166.4491693296974,163.72089333792502,166.3679656982422,1883100
2022-08-15,165.51541470573915,167.35862852682538,165.06881941121108,167.171875,1618200
2022-08-16,165.8564202179982,168.6496568077197,165.46667002104076,167.55348205566406,2296000
2022-08-17,164.41920096727642,167.3667044356468,164.3055233182199,166.4410400390625,1767300
2022-08-18,165.96199353216906,169.07190468737156,165.65343456112424,168.93386840820312,1913900
2022-08-19,169.63216370399167,170.02191389500126,167.8701538520017,169.24240112304688,2704300
2022-08-22,166.8633176556171,168.60096922709027,166.59536047623894,167.59410095214844,3593500
2022-08-23,167.74836038881992,168.60906446753742,166.0025936170768,166.67654418945312,2088000
2022-08-24,165.56410811297908,166.53037441391737,164.72776267719493,164.8657989501953,2024000
2022-08-25,165.38547730835654,166.48977993095477,164.435454171185,166.45730590820312,1984400
2022-08-26,166.3598497645581,167.0256724586323,161.4798014540127,161.5285186767578,2203900
2022-08-29,161.0007510589414,162.01573461786145,160.11568836914773,160.18064880371094,1928000
2022-08-30,160.5054226030999,161.10629727052108,158.02886048796935,158.37802124023438,2238000
2022-08-31,158.51604543066384,159.29554572855685,157.54166386333065,157.9395294189453,2627700
2022-09-01,157.83400246986668,160.03447981974628,156.80277573645247,159.6447296142578,2343300
2022-09-02,161.92644034655657,162.37303565880524,157.80154504513453,159.19004821777344,2665100
2022-09-06,158.16689270520362,159.3117969899489,155.34118230003045,159.11692810058594,3760600
2022-09-07,158.25622650934605,160.04260742808628,156.6484960724155,159.3848876953125,2902300
2022-09-08,158.5323066119336,159.5960073329784,157.1844055561345,159.25497436523438,2166300
2022-09-09,160.42427300846066,161.91832607269896,160.0751121655494,161.3336944580078,1748000
2022-09-12,162.03200294969358,163.17690755527622,161.9914011230536,162.53543090820312,2382600
2022-09-13,159.27931801542726,160.51352890943616,156.01512793088986,156.47796630859375,2382500
2022-09-14,156.5835336150263,157.00577022580788,153.95270427769483,155.0570068359375,2608300
2022-09-15,154.87024076547021,155.22751694417533,149.8765268411261,150.21755981445312,4041800
2022-09-16,144.26569117421494,145.1345229847669,140.63610923972806,143.48619079589844,12562000
2022-09-19,143.16138456122812,146.4824074566438,142.62547032271956,146.18197631835938,3018000
2022-09-20,144.82595697886327,145.11827270396265,141.81348068992432,142.6498260498047,2827400
2022-09-21,143.78664734726993,145.81661467644994,141.0989725858256,141.14768981933594,3162900
2022-09-22,139.5236829518904,139.53992615586398,136.18641695654586,136.3000946044922,5238500
2022-09-23,133.88040264137948,134.5137514255833,131.46067278384518,133.43380737304688,4252800
2022-09-26,132.62992324840155,133.12523570062572,130.00720930790422,131.3388671875,4163600
2022-09-27,132.79230876964385,134.8628774776913,131.94784799405318,133.7910614013672,3371200
2022-09-28,134.2051812268006,136.5599380595012,133.4906288571819,135.69923400878906,2958100
2022-09-29,135.04964239075224,135.36631672808534,132.96283049324688,134.23765563964844,2494900
2022-09-30,133.94534056638764,134.23765629380688,131.1521041465892,131.1683349609375,2823300
2022-10-03,130.429475105375,133.62057805182684,129.44696538884466,132.4269561767578,3494500
2022-10-04,134.46498316641473,137.33941022006786,133.95342765409674,137.13641357421875,3414500
2022-10-05,135.64239365473017,137.9403177217689,135.35007791924275,136.35693359375,2811400
2022-10-06,135.90225007617292,136.76295424950624,133.75048964283963,134.4650421142578,2375000
2022-10-07,133.1333718708642,133.1739613021755,128.5699972632458,129.21958923339844,3491000
2022-10-10,130.76236012871234,131.37947807963909,128.6187152869281,129.706787109375,3141700
2022-10-11,129.41448415611362,130.91665258081568,128.66745764832697,129.4388427734375,2164600
2022-10-12,129.8366842139307,131.32262154300514,129.09778564313572,129.4956512451172,2229200
2022-10-13,126.75928188272823,133.8316935919518,125.75241361529136,132.88978576660156,2574100
2022-10-14,133.6287131564015,134.4325723966597,131.11966378576383,131.2820587158203,1936400
2022-10-17,133.3525950112382,134.88724964033173,132.9466015920078,133.75047302246094,2274700
2022-10-18,135.99156989658792,137.02279678453402,133.66928674141252,135.5937042236328,2282500
2022-10-19,135.42316464761956,135.78855624888328,133.7017565057059,134.61929321289062,2129900
2022-10-20,133.70177193344605,134.1564826354817,130.17775160273249,130.71365356445312,2832600
2022-10-21,131.2414363064989,134.82228883797285,130.75423924877967,134.42442321777344,3161000
2022-10-24,135.6424074488826,138.22451971666354,135.25265722524207,136.04840087890625,4471300
2022-10-25,139.88909630249896,141.93530667428217,135.21205641407363,135.601806640625,7698800
2022-10-26,136.00778659619397,138.4518623606206,134.391928432376,137.2176513671875,4819800
2022-10-27,137.98092278780834,138.5655543250468,134.862896182494,135.1876983642578,3325300
2022-10-28,134.27015855189956,136.02405328529105,131.9397600395291,135.73985290527344,4771600
2022-10-31,134.89534738211245,137.86720913236437,134.31883140368754,136.2270050048828,2908900
2022-11-01,137.19329982425043,137.77791894130223,133.81543164830822,135.9265899658203,2454500
2022-11-02,134.91162333888926,138.53309049491602,133.61245168605186,133.63681030273438,2824000
2022-11-03,131.80981832270484,134.72484795209536,129.97473262076304,133.1739501953125,2671800
2022-11-04,134.7978999652162,135.16330387144924,132.03715029769077,134.53807067871094,2400900
2022-11-07,134.7005026600929,137.69673622150796,134.28639381279987,137.3313446044922,2624400
2022-11-08,137.87538205608766,139.1096056487018,136.12960273700804,137.05526733398438,2715600
2022-11-09,136.5680614515706,137.29884461333393,133.0684003367953,133.1739501953125,2687100
2022-11-10,137.2800600876778,141.2550399641926,137.2800600876778,141.23045349121094,3338900
2022-11-11,141.55010361129706,146.6970808756834,141.38617710137743,146.04141235351562,3851400
2022-11-14,145.9758344052314,148.74602715898763,145.65619774178538,145.71356201171875,3082500
2022-11-15,146.27088214486847,148.80338893635295,145.93485033599768,148.72962951660156,3105000
2022-11-16,147.81990499017488,147.89366441616423,144.16456141915944,145.1152801513672,2713500
2022-11-17,143.42695974820484,144.32030181037814,140.64857514245887,144.29571533203125,2517400
2022-11-18,146.30366587310127,146.89376626671222,144.86939651476501,146.68067932128906,3003000
2022-11-21,146.00861708364943,148.13134525888333,145.803721459055,148.02479553222656,2465600
2022-11-22,148.72963455490543,149.89344018291672,147.91005206989723,149.7705078125,2210300
2022-11-23,150.27864917436952,150.74580470091703,149.74592554647842,149.8524627685547,1583500
2022-11-25,150.5163143817028,150.71301867499443,149.33612613946087,149.59019470214844,912400
2022-11-28,148.31983571091627,149.39348671031792,146.24629313058276,147.45108032226562,2043000
2022-11-29,150.79500396855153,151.77850056711625,149.36892577183815,151.53262329101562,3671400
2022-11-30,151.41788701595488,155.49940490722656,150.74582327375833,155.49940490722656,7146900
2022-12-01,155.3764731735401,157.03203355237247,154.4011678637618,155.8764190673828,3934700
2022-12-02,153.49960534070325,156.0976929456217,152.92590007535725,155.22073364257812,3661500
2022-12-05,154.12249367867986,154.15527147654834,148.00840264468795,148.47557067871094,5004700
2022-12-06,146.72170446528304,147.106909350528,142.5090497149684,143.50894165039062,5598200
2022-12-07,142.93521856771065,145.10712023669964,142.59919916352652,143.15650939941406,5124300
2022-12-08,143.53349714743288,147.97563310375838,143.30401503203873,147.22161865234375,3109600
2022-12-09,146.91835687711674,147.63959349090968,145.3693464267381,145.59063720703125,3487100
2022-12-12,146.4429911300209,150.24586583260313,145.90207619911018,149.598388671875,3214500
2022-12-13,154.0733076227285,154.56504958394535,149.10662752417267,150.68023681640625,3863700
2022-12-14,150.319662085725,153.46685657019572,149.81971615153782,151.05728149414062,3188900
2022-12-15,148.7542597837161,149.4099284437103,147.04133494518388,148.51658630371094,3478300
2022-12-16,147.8198921696794,149.07385232608908,145.5742317395774,146.04959106445312,8241400
2022-12-19,145.89390544410097,147.49210164277864,144.7055130830588,146.23812866210938,3690200
2022-12-20,145.33656029102102,145.5332645850899,142.17297146996967,142.30410766601562,3062200
2022-12-21,144.53338178251244,145.0415189408585,142.83683997060976,144.8038330078125,2833000
2022-12-22,143.26303526303263,143.96787677113343,141.55830202237402,143.92689514160156,2626400
2022-12-23,144.18098344248335,145.22185694683458,142.73852242901017,145.07432556152344,1897600
2022-12-27,145.13986423082912,145.7381684695424,143.93507693621018,145.00872802734375,1294200
2022-12-28,145.066088371952,145.45129310990367,142.09100018482943,142.28770446777344,1455900
2022-12-29,143.25482126524616,144.5825534339777,142.95157973874217,144.0416259765625,1369200
2022-12-30,142.82044997528772,143.30401318190266,140.87804334298016,142.47622680664062,1670900
2023-01-03,142.8286592047463,144.1072060240157,142.3205095030035,143.65643310546875,2206500
2023-01-04,144.61535297881903,145.77915881607012,143.5908746883686,145.15628051757812,1965100
2023-01-05,143.32859965781765,144.17276867979822,142.05824421024857,142.47622680664062,2736800
2023-01-06,143.9432689069845,147.1478267644979,142.84501892556452,146.66427612304688,3690100
2023-01-09,146.8855578517797,150.5081105374583,146.68885357485317,148.90992736816406,3214600
2023-01-10,148.59850349046323,148.80339911879508,145.2791918103198,146.5167694091797,2324200
2023-01-11,147.13962336603558,149.54100623733032,146.69705438434997,149.3524932861328,2674700
2023-01-12,150.3687827819311,150.55728323086,148.08214090009875,149.94259643554688,1832200
2023-01-13,149.3115127405888,150.18847189442377,148.1559110833799,149.28692626953125,2078100
2023-01-17,148.8525787689645,149.47546951086701,146.59872675586138,146.7052764892578,2703300
2023-01-18,146.54132641351617,147.97559552339655,144.6235067194192,144.8365936279297,3085100
2023-01-19,144.3776648887993,145.24642039013963,142.32870851551084,144.3694610595703,2711600
2023-01-20,144.8530141129193,146.04140622494478,143.52528197214212,145.9922332763672,2296400
2023-01-23,146.30366491210026,148.92633886907134,145.23821768614656,147.91824340820312,2240100
2023-01-24,145.50870551679557,148.6559125559545,145.45953255624985,147.51669311523438,1958400
2023-01-25,145.89387560247997,145.90207943117483,143.35317736852775,145.443115234375,1722000
2023-01-26,146.4020296464837,147.34454454277355,144.28750524278206,147.2789764404297,1627000
2023-01-27,147.19704029388964,150.66387119806387,146.54137171124518,149.23779296875,2831600
2023-01-30,148.10674670222897,149.04107017392636,144.56614459526915,145.04150390625,4593300
2023-01-31,146.5167680542217,152.50791417030644,146.5167680542217,151.81126403808594,6872100
2023-02-01,151.36052223276297,152.3030498113742,148.18054996158742,151.6063995361328,4005200
2023-02-02,152.46695401629574,158.76135504993823,152.45876269218581,156.7779541015625,4995900
2023-02-03,154.95024231483725,157.56471210042807,153.4668002122505,157.08116149902344,2766300
2023-02-06,155.72067830315083,156.19603766393453,154.22903211870846,154.7043914794922,2243300
2023-02-07,153.97494497571927,155.07319492104384,152.27021204438412,154.3191680908203,2037800
2023-02-08,153.04065305451505,154.24544045854626,152.44236126730482,152.73741149902344,1970000
2023-02-09,152.47511782643986,153.6881088910962,151.26213926761957,151.41786193847656,2135600
2023-02-10,150.3523904438715,152.10629629906128,149.62296260002705,151.8030548095703,2533900
2023-02-13,151.41783886015602,153.63891252678815,150.1638788676266,153.59793090820312,2481400
2023-02-14,152.60625727045826,153.95037205500174,151.59817430850973,153.07342529296875,1876400
2023-02-15,152.13089148424552,153.29469707109118,151.64734083659533,153.1307830810547,1750000
2023-02-16,151.7457068339375,153.08163041610862,150.0819552282601,152.07354736328125,2633000
2023-02-17,151.39555580719122,152.13967177970588,149.94039035641373,151.47824096679688,2510100
2023-02-21,148.14620371889654,148.46866823459348,145.62447064942998,147.55091857910156,3994800
2023-02-22,147.47652789354876,148.36121124453933,145.59142214271145,146.0213623046875,2376900
2023-02-23,147.12099491000043,149.0557065239872,147.04658583622802,148.77459716796875,2341200
2023-02-24,147.8155133538033,149.76676463535776,146.9639091511234,148.94822692871094,2674400
2023-02-27,150.37859591955285,151.70974626436555,149.6758099016391,150.66796875,2925400
2023-02-28,149.8163541055216,151.9743054423958,149.75848458987264,150.8829345703125,3703000
2023-03-01,150.41992915198256,152.75151448147247,150.10575328969935,151.37075805664062,2307500
2023-03-02,151.15578086310293,153.05741327144898,150.29590066720525,152.69361877441406,2334500
2023-03-03,153.99176014674998,154.35555477988294,152.64406983291323,153.52047729492188,2499600
2023-03-06,153.33025791196724,155.1657573206315,153.25584884253084,154.2066650390625,2419500
2023-03-07,153.11528853401592,153.7767318974974,151.05654937687524,151.52783203125,2822300
2023-03-08,151.45342969286295,152.61095888079595,150.7093136988938,152.37945556640625,2277900
2023-03-09,153.47910172523498,155.13270402753653,150.89121008501803,151.2053985595703,2497400
2023-03-10,151.04831737892408,152.3960074089093,148.43562248760978,150.0974884033203,3442600
2023-03-13,148.05528672637925,152.01565865014757,147.34423723879016,150.66796875,4435900
2023-03-14,153.0822215725998,155.2980551236697,150.69276685213038,153.0078125,4892100
2023-03-15,149.99824945277132,152.9168562370789,149.6261914923663,152.42904663085938,4306700
2023-03-16,151.75935013525557,156.075253048838,151.75935013525557,155.37246704101562,4710200
2023-03-17,157.05086588156746,158.69620460666178,153.3385370295669,154.43817138671875,20535900
2023-03-20,154.0000083910847,154.4630277249165,150.12232082114,151.70977783203125,3974300
2023-03-21,152.64401451980848,154.47951396477325,151.96604418045206,154.43817138671875,2965600
2023-03-22,154.1984129921266,156.77802851820434,153.22279370018128,153.40467834472656,2758400
2023-03-23,152.77630351758893,155.92641363371806,151.67665656032892,153.19796752929688,2901700
2023-03-24,153.03263647850923,154.1240201566815,151.8999228316671,153.84291076660156,2586700
2023-03-27,154.93427333114892,155.40555606159833,153.39642262460674,154.87640380859375,2283400
2023-03-28,154.95905623368702,156.3976946484579,154.07438564220053,155.21536254882812,1850100
2023-03-29,156.69538767509843,158.33245073507882,156.1496957831094,158.30764770507812,2546100
2023-03-30,158.6548668830741,158.91117321247745,156.42250637564487,157.99342346191406,2075300
2023-03-31,158.68793809727129,160.49863462786413,157.86113695022317,160.3911590576172,2571200
2023-04-03,159.432055251447,160.19271073819553,158.1835901508027,160.16790771484375,2735200
2023-04-04,160.95338363653673,161.12701743476575,157.03434151522112,157.59657287597656,2498700
2023-04-05,156.95990959585578,158.65485428550076,156.55478515225082,156.5961151123047,2718300
2023-04-06,155.71146682048285,156.72842873337999,154.22322218210607,155.9181671142578,2206100
2023-04-10,154.95906255751933,157.54695406952263,154.42991035163837,157.3071746826172,2157900
2023-04-11,157.50561447330855,159.65530244689688,156.75322242095422,159.1178741455078,2844400
2023-04-12,159.15921864714784,160.432486845292,156.2819542269373,156.96820068359375,3729000
2023-04-13,157.8528607473099,158.4150920422621,155.88507013895222,157.91900634765625,2355600
2023-04-14,157.91903466538733,159.58917667966477,157.2989337439264,159.46514892578125,2034900
2023-04-17,159.75452366667486,160.71361605525325,159.22537142056,159.81239318847656,1920500
2023-04-18,160.0521900953257,160.95340044466505,159.47343173409794,160.4986572265625,2461400
2023-04-19,160.6309330110724,162.23492932651837,160.49037832371684,162.0778350830078,2652200
2023-04-20,161.94555413383014,163.54128708036785,160.49865197015447,161.20970153808594,3336300
2023-04-21,161.1187650552275,162.46645520934698,160.0769999605258,161.39988708496094,3371700
2023-04-24,161.52386377280465,163.1361233983227,161.00297504148972,161.9290008544922,3689100
2023-04-25,151.03177048346336,151.30461638758865,145.69890537988465,145.75677490234375,12474900
2023-04-26,144.88038843986428,146.39343633459293,142.31731197638968,142.6811065673828,5845600
2023-04-27,142.83816221631682,147.30289599853526,142.3668921208513,146.97216796875,4679000
2023-04-28,146.2114988015894,149.22105420431896,145.93865293343197,148.66709899902344,3440800
2023-05-01,148.78284041285926,151.04827974007992,148.55133713749157,150.6431427001953,2807800
2023-05-02,149.40296663438306,149.46084877107955,146.90602360630203,147.03831481933594,3527800
2023-05-03,146.75719060555687,147.17059114247394,145.10358845788863,145.37643432617188,3825200
2023-05-04,144.31814472130966,144.64059666844494,142.92084874506205,143.2763671875,3495100
2023-05-05,144.83902845910956,145.75677829764214,143.69805137962575,145.3020477294922,2775300
2023-05-08,145.4425933313172,145.81465132563818,143.53268469328302,144.18585205078125,2589100
2023-05-09,142.9291091847616,143.69804080608074,142.3338113540578,143.04486083984375,2180600
2023-05-10,143.6401594502747,143.84685973661377,140.43217958516155,141.85427856445312,3233300
2023-05-11,141.82121251938636,142.00310979740132,139.87822460240181,140.74636840820312,3136500
2023-05-12,141.16375131996966,141.7898101757905,139.30227322174505,140.65455627441406,3346600
2023-05-15,139.86990313073315,141.00515710781139,138.78473182750824,140.9467315673828,3048400
2023-05-16,139.81145350178488,140.09526376285572,138.6928854505785,139.07687377929688,3458900
2023-05-17,139.97840301107362,143.38416442963432,139.16035640780922,143.0419158935547,3882200
2023-05-18,143.27564768441428,144.761492935452,141.70632282894547,142.77479553222656,2747200
2023-05-19,142.84991206610644,143.1253794371271,141.3807527539964,142.68295288085938,2350100
2023-05-22,143.25059385496175,143.450937245801,141.33903335734692,143.1671142578125,2675400
2023-05-23,142.39916766528398,143.79319049408653,141.28061225590227,141.7313690185547,2660500
2023-05-24,140.94669915889003,141.6228405748433,139.77804850982199,140.00343322753906,2410500
2023-05-25,140.7213110129469,143.64291845864446,140.3790625123806,142.93338012695312,2976900
2023-05-26,143.35077365794143,144.33577950754,142.89166130165393,143.21722412109375,2291800
2023-05-30,143.31737864520989,143.442585306933,141.00513130686755,141.70631408691406,2542200
2023-05-31,141.1219927682123,141.2555550299724,138.81810107024268,139.4024200439453,5106100
2023-06-01,139.8281360953144,141.00512965047972,138.74297774059866,140.0952606201172,2524800
2023-06-02,140.87159188806433,142.69134300247367,140.1787518607085,142.02354431152344,2752200
2023-06-05,141.86492604761162,141.86492604761162,139.9199684519134,140.11196899414062,2314100
2023-06-06,138.99338658335787,140.78809599141334,138.71791920247873,139.89491271972656,2521900
2023-06-07,139.6945959297837,143.30068809584424,139.31895044946137,143.15878295898438,3435600
2023-06-08,143.14207458496094,143.25893838000525,141.5978039173893,143.14207458496094,3676000
2023-06-09,142.74143508866234,143.05864235365271,141.53939991312137,142.3157196044922,2838500
2023-06-12,142.60784814256425,143.42590750168475,141.93170665750284,143.15878295898438,2795100
2023-06-13,143.00017778170158,144.72810621314915,142.83323131294895,144.31907653808594,3528000
2023-06-14,144.96183458622,147.49945404144609,144.48602377369056,145.980224609375,4476000
2023-06-15,146.4643805157133,149.66979863546143,146.43098357895795,149.41937255859375,4162900
2023-06-16,150.2457803095628,150.47950792663752,146.99862226820338,149.06878662109375,8469300
2023-06-20,147.2990936406137,149.15221563791172,147.2990936406137,147.97523498535156,3088200
2023-06-21,145.3541859550756,147.40765201711332,144.30239884979684,144.9368133544922,4935300
2023-06-22,143.7097091209116,144.8282644174095,142.70801762050755,143.05860900878906,4192700
2023-06-23,141.5727923337768,142.874992819956,140.82986960834373,141.3140106201172,11278600
2023-06-26,141.25556042252376,144.44427993628918,141.25556042252376,144.20220947265625,3763100
2023-06-27,144.7364588835866,146.4894287672402,143.96849488554025,145.804931640625,2711600
2023-06-28,145.34578751610994,146.9818932325853,144.96181196956795,146.6313018798828,2746400
2023-06-29,146.43096996451314,147.07372719669988,145.905076525706,146.9568634033203,2301600
2023-06-30,147.4076118125987,149.96192939354256,146.54782550887438,149.62803649902344,4892900
2023-07-03,148.80166902067305,153.72667315281595,148.73488787878765,153.401123046875,3330000
2023-07-05,149.72824324145017,151.67320109621988,149.2440894944207,150.22909545898438,4820200
2023-07-06,149.13555357596312,149.75325676068397,148.2423702592903,149.65309143066406,3011100
2023-07-07,148.67643255783526,151.6898625193165,148.61799429394162,150.0537567138672,3145300
2023-07-10,149.98695165658725,152.28250004187618,149.98695165658725,151.36428833007812,2372700
2023-07-11,151.86515708162378,154.84520295037294,151.38935903821914,154.628173828125,2896600
2023-07-12,156.15576927870296,156.65660868774876,154.82017204684914,155.67161560058594,2586000
2023-07-13,155.7968050923382,156.7818108081058,154.70329118869967,154.72833251953125,2857200
2023-07-14,154.2442233150456,154.98714606379585,153.50964343324256,154.6448974609375,2213500
2023-07-17,153.99376909099405,154.0104675590422,152.274196260807,152.54132080078125,2556000
2023-07-18,152.6081047714262,154.3443633647242,152.6081047714262,154.06890869140625,2387500
2023-07-19,154.09396028660458,155.654929646283,154.09396028660458,155.279296875,3018900
2023-07-20,155.78847228417533,157.10737098763283,154.92868590426295,156.0472412109375,2703600
2023-07-21,156.02218252113937,158.1674704311178,155.8802774073211,156.3477325439453,5071500
2023-07-24,155.14573222571696,158.05899734963066,155.02886841560812,157.2158966064453,2460200
2023-07-25,156.77345238115691,161.08908239173155,152.04044988131358,154.16905212402344,10006600
2023-07-26,152.9670312837864,154.53635606262873,151.68987236898772,153.91864013671875,4189100
2023-07-27,154.5279893794736,156.2893018281947,153.63481885827645,155.69664001464844,3251400
2023-07-28,157.25762828572874,158.30940252236562,156.67330926537494,156.8402557373047,2299000
2023-07-31,156.77346156927058,157.199189685082,155.4295215655724,156.20584106445312,2323100
2023-08-01,155.98046868039432,156.09733248399596,153.40110939841549,154.84521484375,2823500
2023-08-02,153.55133065956264,154.72832409334166,152.62476325765957,153.0504913330078,2008500
2023-08-03,152.2074236958403,154.0605589003551,151.30589742846556,151.50624084472656,3692800
2023-08-04,152.03212123833896,152.42445243392686,150.6464413874199,151.0387725830078,4437100
2023-08-07,151.92360619774084,152.9586946934908,150.87183197099435,152.04881286621094,4411700
2023-08-08,152.80843187788605,153.86856169292582,146.9318321355504,150.71322631835938,6433400
2023-08-09,149.51953943133958,151.39771592135352,149.0520842095547,149.7282257080078,3249400
2023-08-10,150.3209239788304,152.1323196167217,150.1957045508167,150.57135009765625,3964800
2023-08-11,150.15857193603048,150.7987227583264,148.1622889663711,148.7687530517578,3558500
2023-08-14,148.34759549464383,148.6171407956015,147.03359428404355,147.8337860107422,2980700
2023-08-15,146.9409494014523,147.03360399819954,145.51744371171196,145.9385986328125,2269300
2023-08-16,144.9615515997021,146.20816676191163,143.6812368410752,143.81600952148438,2500300
2023-08-17,144.33823759228224,144.4982785436894,143.23481358327118,143.81600952148438,2986500
2023-08-18,143.03262712623547,145.01206032558255,143.03262712623547,144.2371368408203,2868300
2023-08-21,143.95919540396065,144.64988287366702,140.72472830834357,141.92080688476562,3512000
2023-08-22,142.35039450544596,143.49593665580804,140.160383295079,140.5478515625,2701000
2023-08-23,141.26379706838367,142.61991650309758,140.95213366982256,142.24929809570312,2375200
2023-08-24,141.53331905951958,142.19875101964854,140.64047270022266,140.66574096679688,2207400
2023-08-25,141.02793174724454,142.64517796647277,140.5394033454893,142.24085998535156,2506900
2023-08-28,142.93999374943436,143.748616944174,141.47438268462392,142.21560668945312,1967800
2023-08-29,142.6367326503785,144.81831185908493,142.35035041464818,144.6667022705078,3261200
2023-08-30,144.91939599882258,145.50901025712494,144.02654971444665,144.8856964111328,2713300
2023-08-31,144.90258093644073,145.45850859292958,142.60307835158417,142.6873016357422,3549800
2023-09-01,143.63068108897036,143.76544089872567,140.95212904776312,141.508056640625,3286600
2023-09-05,141.0868932521293,141.5248979523045,137.81030860354318,138.11354064941406,4897500
2023-09-06,138.03776488104765,138.3494154636186,135.9909449278071,136.71533203125,3883500
2023-09-07,136.44579458103217,137.0017093847335,135.2075979158534,136.6563720703125,3013200
2023-09-08,136.8079759109845,136.8079759109845,135.27497853718518,135.6455841064453,3561500
2023-09-11,136.11728702614997,136.69005159749352,135.05596831052154,135.5192413330078,3638000
2023-09-12,132.55431559780567,133.0849749906734,130.6422812236688,131.88047790527344,6232500
2023-09-13,131.87203963804737,133.1270860516876,131.28242526180443,132.9501953125,4071900
2023-09-14,134.56738852189343,135.51078409396916,133.95250606029654,135.38442993164062,2796400
2023-09-15,135.3844581493761,136.0077720632855,134.47476197203324,135.18231201171875,4382300
2023-09-18,134.6937782374596,134.895924386342,133.1523495890865,133.45558166503906,2729200
2023-09-19,133.33764557279017,133.65771456099358,131.82990381452234,133.09336853027344,2348900
2023-09-20,133.59034612620337,134.28103351350396,132.53745882335699,132.78172302246094,2300300
2023-09-21,132.24262899238778,132.89962956044556,130.75173715596745,130.92019653320312,3801200
2023-09-22,130.91179843914938,131.2655670421963,129.30298350298975,129.53041076660156,3206200
2023-09-25,128.81447564102572,130.88656411350746,128.72183386983468,129.97686767578125,2900500
2023-09-26,128.87343798311548,129.72416650886717,127.86266849102908,127.94689178466797,3461800
2023-09-27,128.43541985792936,128.7049652159781,126.80133646949169,128.37646484375,3419500
2023-09-28,128.56176175656233,131.0297235483573,128.39328949759533,130.97918701171875,5571600
2023-09-29,131.82146119821095,132.52057975518744,130.60853323683614,131.29080200195312,5034600
2023-10-02,130.68438225862045,130.91180954151992,129.41249887413622,130.62542724609375,3243600
2023-10-03,129.93473092707373,131.70358699943296,128.8902747933185,129.50515747070312,3687600
2023-10-04,130.05262287067896,130.87809569614748,128.41012139571944,129.4798583984375,2600400
2023-10-05,128.90710156981692,129.69887493302974,128.53649600965454,129.19349670410156,2922100
2023-10-06,128.77235068150333,130.68438503508528,128.28380936282832,129.9431610107422,2383500
2023-10-09,129.25243525193434,130.38955861429727,128.48593025516013,130.00209045410156,1765800
2023-10-10,130.14529181781973,131.77937500234103,129.9515641487912,131.02130126953125,2083400
2023-10-11,131.2150504394974,131.6025186936736,129.2693164008457,130.8107452392578,2209800
2023-10-12,130.97920113593423,131.0213192052178,129.34511772772103,130.8781280517578,2340300
2023-10-13,131.50142392993544,132.55431135661667,130.20427227542126,130.62542724609375,2759600
2023-10-16,132.02364785316368,133.49769006093373,131.50140701690947,131.9478302001953,3349700
2023-10-17,130.7180682091669,132.79857457533245,130.57487707640033,132.39425659179688,2937000
2023-10-18,130.97919192107568,131.2234561415272,129.41249496341297,129.56411743164062,2974700
2023-10-19,130.11160435708686,130.67595041773868,127.84578879024565,128.08163452148438,3035100
2023-10-20,128.31746734945872,129.15977711993324,127.98054858231976,127.99739837646484,5022500
2023-10-23,127.39937300807203,127.67733681876878,124.56921121590325,124.79663848876953,4552700
2023-10-24,125.28519370532518,126.52339043035704,124.94826199461176,125.77373504638672,2802300
2023-10-25,125.28517361806952,125.41993342811796,122.98565843876509,123.76058197021484,3565800
2023-10-26,120.029145130276,123.22149358069008,116.17978321894213,116.41564178466797,10581400
2023-10-27,116.60094949231703,117.74649143313421,112.59997759755072,113.56864166259766,6594600
2023-10-30,114.47835684841108,117.27481940568576,113.13065568777192,116.89578247070312,5665500
2023-10-31,116.761000935252,119.03524807805312,116.42408209694138,118.97628021240234,3996900
2023-11-01,119.08577979576768,119.72593070368478,116.28088623885219,117.75492858886719,3566800
2023-11-02,119.52376882835152,120.77039672547707,119.37215921667973,119.5995864868164,3904600
2023-11-03,120.64404802309483,121.97489925864848,120.29027939379013,120.3323974609375,3272000
2023-11-06,120.63562580036618,120.86305307378802,119.00996099794956,119.83543395996094,2931300
2023-11-07,119.16999554715913,119.69223640081741,118.42877160919426,119.48165893554688,2952600
2023-11-08,119.71750991617974,120.80408402944839,119.15316382683241,119.56588745117188,2896600
2023-11-09,120.3997826634861,120.3997826634861,117.8138850260297,117.88127136230469,3411100
2023-11-10,118.2051040367755,118.29884373082321,116.33884022091961,117.69379425048828,5683900
2023-11-13,117.31884688639397,118.06876451172337,116.75640866739691,117.74493408203125,3211500
2023-11-14,119.33847357725463,122.517092820868,119.22769976937431,122.00578308105469,4258800
2023-11-15,122.71310624967535,126.0365810093446,122.67049493159782,125.41449737548828,4766700
2023-11-16,125.49971540339155,126.29223127730879,124.11066710459035,125.19293212890625,3729300
2023-11-17,125.84910430552097,126.16441766352357,124.58788988295733,126.1047592163086,3320200
2023-11-20,125.99397595482316,128.06475327050634,125.15883577525199,127.459716796875,4733300
2023-11-21,127.40006675274293,127.91989363219444,126.5478923931928,127.63015747070312,3080700
2023-11-22,128.64423331389108,128.88284106885592,127.77501191900639,128.46527099609375,2640200
2023-11-24,128.82320552837996,129.56459311287193,128.4652938323097,129.5560760498047,1644400
2023-11-27,128.7124110999023,129.0532886497294,127.45972673912817,127.47676086425781,3320000
2023-11-28,127.57050320583822,128.74650802157493,126.95693660659725,128.45677185058594,3073900
2023-11-29,129.12145355955764,130.7746737818395,129.06179511705466,129.77761840820312,2981600
2023-11-30,130.25482071745677,130.44230006594236,128.47376690684357,129.1981201171875,4664400
2023-12-01,129.5219826864529,132.06145858011868,128.69537253596246,132.0103302001953,3945300
2023-12-04,130.99625160969194,133.1352047019727,130.62980985101498,132.87103271484375,2717800
2023-12-05,132.0870085509001,132.5386598624675,130.85987555224625,131.37118530273438,2485300
2023-12-06,132.10407450400214,132.99033012758915,131.62685893721306,132.3341522216797,2995800
2023-12-07,132.82839097513465,134.31117879309224,132.51309067601213,133.36526489257812,3241200
2023-12-08,132.99884303856305,134.37083111454245,132.90510334980976,133.19483947753906,2845900
2023-12-11,132.64089167428514,133.25445805825913,131.9506327431006,132.75167846679688,3742100
2023-12-12,132.89659118912044,133.88511658493942,132.0188526230662,132.40232849121094,3039900
2023-12-13,131.95065156426074,134.12369840053194,131.2518754736513,134.00439453125,4058100
2023-12-14,135.46162160232922,139.3049227064446,135.30822347897563,138.3590087890625,6401900
2023-12-15,137.51536680998493,139.59467424569235,136.39902052355552,138.85328674316406,8738200
2023-12-18,139.22827051823666,139.6032293694421,137.53243862415786,137.6858367919922,3883800
2023-12-19,138.0607562766451,138.22267147721533,136.48424159367568,137.72840881347656,3926500
2023-12-20,133.68057287609116,136.8080508702883,133.3652725588442,133.7572784423828,5624500
2023-12-21,134.3026778971346,134.57536691762115,132.29154598384707,133.92771911621094,3778600
2023-12-22,134.64353906712827,135.998493080023,134.49015393501847,134.85658264160156,2332500
2023-12-26,133.8339707625474,135.10370209389993,133.8339707625474,134.66909790039062,2384000
2023-12-27,134.66057109973218,135.01848270435093,133.16926624558087,133.65499877929688,3116400
2023-12-28,132.8539730641565,134.43901784068828,132.8539730641565,134.0555419921875,2254900
2023-12-29,133.85951428646794,134.80542809361924,133.0499514612644,133.98733520507812,2186500
2024-01-02,133.74023451636882,136.7910200204218,133.19484349349133,134.9332733154297,4363800
2024-01-03,134.02144819323468,135.7428308192421,133.0925683765765,134.25152587890625,3257200
2024-01-04,133.8339652873075,134.91623019919834,133.28857430078278,133.7828369140625,3173400
2024-01-05,133.2971070375537,135.8877242805603,133.1522389619409,135.25711059570312,2537300
2024-01-08,135.12926625988516,136.3393520377563,134.200386519261,136.27969360351562,2469500
2024-01-09,135.5127541725633,136.56944193066028,134.8991876664405,136.2967529296875,2639500
2024-01-10,136.46719291327574,137.60910336315067,135.8024979945039,137.38754272460938,2399200
2024-01-11,137.57501926616393,137.60058345457645,135.39345516731123,135.70875549316406,3341800
2024-01-12,136.54387253786544,137.20005033251073,134.8906524595665,134.90769958496094,3474500
2024-01-16,134.7884278728071,134.7884278728071,132.2063403932225,132.36825561523438,5331400
2024-01-17,130.8684223582522,131.93364030541588,129.5475495031395,131.71206665039062,3930000
2024-01-18,132.30857364969006,133.72318607116148,131.08145361267674,133.39083862304688,3095800
2024-01-19,133.75727501571944,134.48161532099346,132.10405490239856,133.69761657714844,3097600
2024-01-22,134.45605703935365,135.73431846107636,134.05553408696207,135.15484619140625,2631600
2024-01-23,135.52127883908113,136.73989485826348,135.18041431794998,136.39901733398438,3443000
2024-01-24,137.02107168378782,137.04664887040275,133.390814596489,133.4334259033203,3187600
2024-01-25,135.11224369158865,136.6291129707433,134.77989622038393,136.10076904296875,4070000
2024-01-26,136.40755116561718,137.49833326713363,134.85658764440413,135.75137329101562,2818200
2024-01-29,134.99293094548773,135.28266708021118,133.36527494836568,134.66058349609375,5459700
2024-01-30,125.09918191212626,127.40004977567287,123.19883698444723,123.61639404296875,16983600
2024-01-31,123.40335318003676,124.06804806619351,120.92352294921875,120.92352294921875,10906800
2024-02-01,121.00873686459484,121.6052562062558,118.96352397800109,121.3581314086914,6774900
2024-02-02,120.90649222795705,121.34109643401123,118.92092457513505,120.88092803955078,4343000
2024-02-05,120.37812694994808,120.37812694994808,118.36699524867149,118.52039337158203,4536700
2024-02-06,120.76162712041491,124.78387789835156,120.45484384886954,124.34927368164062,7566800
2024-02-07,124.48563384823963,125.94284474290174,123.6419765386491,125.47415924072266,3985200
2024-02-08,125.0991883412126,126.18997039188685,124.28962536654545,126.05361938476562,3316400
2024-02-09,125.86614063231214,125.97692745154748,124.34075436732638,124.63900756835938,2825900
2024-02-12,124.84355880915419,126.07920917967274,124.71573784098517,125.65312194824219,3253700
2024-02-13,124.42597080097163,125.01397317654184,122.11658561950279,123.48005676269531,3706000
2024-02-14,123.73570855182896,124.32371091260262,122.26145062043942,122.90058135986328,3831400
2024-02-15,123.79538300160948,125.68721127515681,122.85798592799598,125.25259399414062,3855400
2024-02-16,125.5197282045335,128.38929372867136,124.89928089396474,127.88948822021484,5442400
2024-02-20,127.43275108844131,129.0614217256193,126.70027467082961,128.08766174316406,4254900
2024-02-21,128.22553030426735,128.76841170191418,126.70026328933201,127.76881408691406,3017100
2024-02-22,127.36381291452147,129.15621452888098,126.83815660863253,129.02694702148438,3027500
2024-02-23,129.21653362930937,129.6129355914424,128.01011574276322,128.0790557861328,2414200
2024-02-26,127.60511403566905,127.76021928711857,126.29527937789148,127.10530853271484,3052900
2024-02-27,127.10527776871578,128.24276859991284,126.99324857047054,127.76881408691406,2382200
2024-02-28,127.0449760588473,127.85500518179748,126.72613984409993,127.33797454833984,2258700
2024-02-29,128.26002124843043,128.87185595985034,127.32073774333554,127.76021575927734,3338600
2024-03-01,127.54475568400474,128.05318678826887,126.53653234674915,127.58784484863281,2936200
2024-03-04,128.46684633162798,131.1899191776267,128.0962952008705,129.78529357910156,4562200
2024-03-05,129.3285390689624,130.6038967644294,128.39786837801094,128.96661376953125,3614400
2024-03-06,130.121376137695,131.88792725147778,129.57848142031068,131.45706176757812,3471200
2024-03-07,132.04300174166886,133.45623967354703,131.38809109239733,132.1981201171875,3514800
2024-03-08,132.64623985608117,133.74064185282475,131.73280714579553,132.67210388183594,3448900
2024-03-11,132.611770381984,133.76648665580188,132.31015930123934,133.3528594970703,3266000
2024-03-12,133.387293818994,135.8604699536831,133.01675591685438,135.6191864013672,3879500
2024-03-13,135.93802994986075,136.9376408060368,133.1804940957269,133.3614501953125,4244800
2024-03-14,133.13742701655423,133.3270088706961,131.54321955644426,132.6117706298828,4101600
2024-03-15,132.21536752237137,133.31839518683168,131.78450206635276,132.16366577148438,8821700
2024-03-18,132.7755093920583,132.99955471055543,130.5436293362412,130.71597290039062,5181600
2024-03-19,130.0438232693673,132.4049577014932,129.44061422280123,132.01718139648438,4210000
2024-03-20,131.41394337466727,133.4131650870194,130.99169056068735,133.3614501953125,2862300
2024-03-21,133.7061598273169,134.49895061949627,132.96507078152345,133.8440399169922,4036400
2024-03-22,136.7049717105059,136.97210615100596,134.45585382740413,134.6626739501953,3939400
2024-03-25,133.95605613345006,135.5502634432918,133.5855181846259,134.92120361328125,3807700
2024-03-26,135.5933697314717,136.14487701143602,123.2533762624356,123.90828704833984,18208800
2024-03-27,124.42532554948131,127.182861831256,124.11510189597102,126.95881652832031,7078800
2024-03-28,126.90710134678707,128.44098115209667,126.3642067233569,128.0790557861328,5197000
2024-04-01,128.5185212268609,129.23375931442482,126.08844739285458,127.20868682861328,5421900
2024-04-02,127.24317489084721,130.12135264797035,127.04496733677497,128.5271453857422,4935000
2024-04-03,129.94040327164174,131.29332716534665,128.57025422631418,131.2157745361328,4314200
2024-04-04,132.10332715371933,132.95643218442487,128.854598531009,129.25961303710938,3689100
2024-04-05,128.99246049374398,130.73316005325267,127.69123882321998,130.43154907226562,3374000
2024-04-08,130.8796677112709,131.18126557792323,129.26822230202643,129.35440063476562,3196400
2024-04-09,128.85461650246867,130.26785460948784,128.61333290973147,129.75082397460938,2664300
2024-04-10,127.73434023385458,127.96701120867208,125.89886275175517,126.8984603881836,4024400
2024-04-11,127.05359880053906,128.58747866370652,126.76061346689345,128.40650939941406,2232500
2024-04-12,127.57924726552552,127.79467996501174,124.39084594292336,124.8734130859375,4123900
2024-04-15,125.70067229021413,126.27803036993421,123.59804695572963,124.82171630859375,3271000
2024-04-16,124.55457931132868,124.7010851363761,122.977623325156,123.13272857666016,4197100
2024-04-17,122.79664761990782,123.58943843368282,121.80566238993141,122.58121490478516,4165700
2024-04-18,123.29645671993524,123.49465114196057,122.26238228675415,123.00347137451172,3430600
2024-04-19,123.35678385127741,124.19266394921355,122.83975315549408,123.02933502197266,5118500
2024-04-22,123.4084913544129,125.87304232186992,122.84835836469017,125.2612075805664,4578500
2024-04-23,125.81270996594625,129.03558822884006,125.16641179831298,128.28587341308594,6371100
2024-04-24,127.4758425812072,127.50170660462169,123.89966469400433,126.34697723388672,5284700
2024-04-25,127.49306517569353,127.90669226482825,125.19224559074001,127.010498046875,3553300
2024-04-26,126.53654796703351,128.15660608447487,126.53654796703351,127.18284606933594,2607600
2024-04-29,127.76022250368348,130.01796647372856,127.38107194093779,128.0101318359375,2654700
2024-04-30,127.13974495238156,127.72572868086931,126.38143085823555,127.08804321289062,2402900
2024-05-01,126.924333867134,127.65681036512754,125.26981217708213,125.74376678466797,2842200
2024-05-02,127.08805895374128,127.37243170513057,126.31250646738427,126.864013671875,2038800
2024-05-03,127.49306196210286,127.7084946498215,126.17461496518214,126.1832275390625,2039300
2024-05-06,127.1656490969766,127.3724561201963,125.95921781598527,126.39008331298828,2073600
2024-05-07,126.9932595772652,127.32072147807658,126.13152880583998,126.7519760131836,3403500
2024-05-08,125.91611072114975,127.47584149454678,125.74376717666388,127.33797454833984,2799600
2024-05-09,127.60508314427743,127.87221755641777,126.86399421916218,127.58784484863281,2510600
2024-05-10,128.09322921871453,128.94713559650677,127.6575675834345,128.4069061279297,2504500
2024-05-13,128.82514409104058,131.37811475766972,128.82514409104058,131.22128295898438,4185600
2024-05-14,131.92705721116036,133.67841216713296,128.85128718508668,128.903564453125,3597300
2024-05-15,129.3566562683534,129.82716497603604,128.77285798769142,128.903564453125,2695900
2024-05-16,129.39148366689716,130.7246069804444,128.41560602438827,130.4022216796875,2298700
2024-05-17,130.33254740529088,130.44582369453184,129.1126867463533,130.0363006591797,1956700
2024-05-20,129.23467787477898,130.32383199671986,128.3372026465884,128.59860229492188,1812700
2024-05-21,128.46789364945505,128.7118630797661,126.44641746077866,126.70781707763672,2750200
2024-05-22,125.83651169759953,126.25474316657247,124.40754199121487,125.27015686035156,3590500
2024-05-23,124.60792874481673,124.75605209658481,121.14006605639354,121.20106506347656,4437200
2024-05-24,122.23792044149731,122.41219571001591,120.18159724913919,120.81767272949219,2995400
2024-05-28,120.24260209929793,121.30561747133896,118.70907804725138,119.87664794921875,3314700
2024-05-29,118.77879361174202,119.30157959241772,117.01871689752335,117.11456298828125,3996900
2024-05-30,117.00999100709332,119.36257437040183,116.39135895759433,119.24929809570312,4077000
2024-05-31,119.850523248714,121.17493839486399,118.6045240091242,121.05294036865234,5887400
2024-06-03,121.67158944130334,121.80228262285245,119.67626486273313,120.60857391357422,2728300
2024-06-04,120.16419781980562,120.51272181681476,118.06430550517919,118.17758178710938,3874800
2024-06-05,118.63065212689372,119.97249734286906,117.80289771969032,119.8679428100586,3109000
2024-06-06,119.37999197246141,119.99863732097742,118.36926712151181,119.85922241210938,2852500
2024-06-07,119.28414060706237,121.62800213927449,118.83106211629293,119.92892456054688,3209300
2024-06-10,119.17088918080638,120.29489036632563,118.85721226700177,119.96378326416016,3633000
2024-06-11,119.1621786413116,120.22519421050846,118.89207052534738,119.67626953125,2659800
2024-06-12,120.6608492484688,120.73927845147767,118.68295489098168,118.8746337890625,3484600
2024-06-13,118.77880570317714,118.77880570317714,116.59177558106768,117.53280639648438,4944200
2024-06-14,116.84446676553512,118.2385761508658,115.79886810736306,118.19500732421875,3800200
2024-06-17,118.07301031151097,118.75264139146235,117.34981040944213,118.36927032470703,4117600
2024-06-18,118.76135601704145,119.58040196055727,116.68760252561519,116.93157196044922,4104100
2024-06-20,116.77475501010993,119.79824799260982,116.43493944729512,119.25801849365234,4165700
2024-06-21,119.04017537583616,120.75668320180965,118.7526371146219,119.02275848388672,9144100
2024-06-24,120.06835009705539,121.67158173408352,119.4932735439894,120.76541137695312,3695900
2024-06-25,120.27743899337992,120.27743899337992,116.80086821432707,117.07097625732422,4818700
2024-06-26,118.91820552385553,121.07037523372371,117.71578835747447,120.3733139038086,6104300
2024-06-27,120.23388304403522,120.23388304403522,117.79417563011917,118.35182189941406,3732500
2024-06-28,118.6568098589399,119.54556341689354,118.23857836504266,119.24060821533203,6609600
2024-07-01,119.05760553641457,120.32974330131918,118.11657485319827,118.45639038085938,2668200
2024-07-02,118.16016326564652,118.46513176464542,116.80960937704212,117.55023956298828,3280400
2024-07-03,118.27343319806275,118.92692569333906,117.79420270912568,118.10787963867188,1539900
2024-07-05,117.51535609853813,118.90077009534494,117.14069350312326,118.80492401123047,3237500
2024-07-08,118.80493028853057,119.65011490346879,117.98588430742856,118.09043884277344,2773700
2024-07-09,117.85518246224856,118.38669019664695,116.69632090051641,117.00128936767578,3116800
2024-07-10,117.05357586089814,118.29085342470655,116.59177554818582,118.19500732421875,2834800
2024-07-11,118.40409890054066,121.15748316586556,118.29954438006921,120.45171356201172,3449600
2024-07-12,121.11392183555668,124.93032161265243,120.84381377742189,124.0328598022461,4801300
2024-07-15,124.6079265160987,126.55969527778831,124.38138726956475,125.60123443603516,4164000
2024-07-16,125.49670060825268,128.5811927021079,125.49670060825268,128.3720703125,3805100
2024-07-17,128.0757881581134,128.7728360067585,127.56169742103474,128.4156036376953,2863600
2024-07-18,127.23063498712844,129.08654461903637,125.86265099212683,126.13275909423828,3412900
2024-07-19,127.0999335037547,127.1086552463194,124.80836212157703,126.49871826171875,3073800
2024-07-22,126.99537895569254,127.36133316924936,125.20045497214939,126.49871826171875,3629800
2024-07-23,113.39401142245815,115.24121252635669,108.8979867427466,111.25055694580078,25353900
2024-07-24,110.23110280501066,112.61852657472532,108.74114089137477,111.99117279052734,11642500
2024-07-25,112.6359603615825,112.87992980819675,110.25724496175584,110.7277603149414,7761900
2024-07-26,112.2612871817505,113.15004064194969,111.93019337919631,112.25257873535156,7271300
2024-07-29,112.522690483345,112.60982813152154,111.22442062707906,112.0608901977539,5414300
2024-07-30,112.13930345804769,114.02136493341189,111.9301943798993,112.42684173583984,4747700
2024-07-31,112.61852835721461,114.2740371890116,111.05014387189577,113.59440612792969,7025800
2024-08-01,114.17819842501268,115.44162783569341,112.93221249821896,113.77739715576172,4790600
2024-08-02,113.16747216529565,113.82967307355504,110.83231885503893,111.58165740966797,5099000
2024-08-05,110.5099297978838,111.48580758695167,109.61246791072223,109.80415344238281,5243000
2024-08-06,109.83900609190191,111.34639823010116,108.41003650250792,108.47974395751953,5608300
2024-08-07,109.13324576419195,110.75390767022823,107.39059912524277,107.45159149169922,4741900
2024-08-08,107.34701889988122,110.08297330065781,107.27731809395425,109.9697036743164,3823200
2024-08-09,110.082967943485,110.082967943485,108.63657491394163,109.6298828125,3825000
2024-08-12,109.79543422730873,109.89128030757276,108.54072673852022,108.79341125488281,2549500
2024-08-13,109.18551474779802,110.62319944532985,108.78470684898551,110.21367645263672,3057600
2024-08-14,110.10040980339282,110.4837941724916,109.55147853209424,110.1526870727539,3155700
2024-08-15,111.42482191948434,112.74923041893292,111.42482191948434,112.00861358642578,4448300
2024-08-16,111.97374071930895,113.32429435132575,111.85175600195281,112.96704864501953,3255900
2024-08-19,112.73763249265178,114.60835953187589,112.63173999643963,113.78770446777344,3157800
2024-08-20,113.68181333523307,114.00830340159368,112.58761112297664,113.72593688964844,2342300
2024-08-21,114.40539136682216,114.5201099182911,112.58761398155067,112.86116790771484,4895900
2024-08-22,113.10823234738476,113.10823234738476,111.30810715016581,111.92579650878906,5083000
2024-08-23,112.53466974519303,114.06124780308295,112.01404680415233,112.92293548583984,6310300
2024-08-26,113.71710659070881,114.34362876204537,113.29355008120471,114.06124877929688,4501400
2024-08-27,114.41422415670051,114.47598636275545,112.28759534729821,112.86116790771484,3214000
2024-08-28,112.6052632791155,113.62003770795046,111.75814354604042,112.23464965820312,3361100
2024-08-29,112.96705399257297,113.20529694263537,111.8552064327856,112.0493392944336,3477600
2024-08-30,112.5170309953258,113.56710299677042,111.96992984964606,113.43474578857422,4116100
2024-09-03,112.58761592168251,113.23179022144234,112.11993584710666,112.5082015991211,5821200
2024-09-04,112.67586857590095,114.29951319634364,112.18171030385811,113.76123809814453,5710400
2024-09-05,114.08772136879212,114.09655415872865,111.79344457663461,112.41996002197266,5311100
2024-09-06,112.65820699536398,113.07294417378846,111.81108725599685,112.54349517822266,3590200
2024-09-09,112.77292466567381,114.46716413120036,112.60526323766646,113.72593688964844,3770800
2024-09-10,114.21126450371386,114.8466060359251,113.41709432075952,114.56423950195312,2590100
2024-09-11,114.07008242766655,114.07008242766655,111.48459286656383,113.39061737060547,3404400
2024-09-12,113.72593278913305,113.87594209704183,112.4905473654472,113.32001495361328,3443500
2024-09-13,113.54061968463552,113.64650544012228,110.88454875577166,112.27876281738281,5214500
2024-09-16,113.11707697850973,114.28186082461724,112.92294409338855,113.7524185180664,4589600
2024-09-17,114.71424543795472,116.03787134685419,114.20244180409263,115.28781127929688,3141700
2024-09-18,115.59666271055437,116.59379853727006,115.12016330778293,115.28781127929688,2939600
2024-09-19,117.1408978289399,117.86448648570291,116.29377128743924,116.59380340576172,4092300
2024-09-20,113.39061946409143,114.0083088616335,111.66108241866414,113.47886657714844,14211500
2024-09-23,114.16714823541588,114.18478688590925,112.8170441863364,113.60240173339844,2991700
2024-09-24,114.18478071131355,114.54657499614363,113.49649636996843,114.29067993164062,3829500
2024-09-25,114.30832877203183,116.31141977202309,114.04361435915915,116.04669189453125,5048200
2024-09-26,116.98206243289086,118.4468648490224,116.98206243289086,117.65269470214844,3997100
2024-09-27,118.21743257485271,119.65577690996338,118.21743257485271,118.47332763671875,4104400
2024-09-30,118.91454076111812,120.82938452952975,118.91454076111812,120.30876159667969,4115600
2024-10-01,120.27348540980128,120.41467541485886,116.4879075038371,117.59976196289062,3658500
2024-10-02,117.79387787648845,118.58804797739158,116.95557075766867,117.37030792236328,2258400
2024-10-03,116.99969473271803,116.99969473271803,115.00543668384091,115.34957885742188,3635000
2024-10-04,116.34670879858413,116.86733169535442,115.08484524878274,115.81725311279297,3270500
2024-10-07,115.6319423426896,116.28493590879867,114.84659158428302,115.77313232421875,1955600
2024-10-08,116.04669723468295,116.28495368185143,115.15546058622131,115.5613784790039,2618200
2024-10-09,116.41730303731151,117.75858104708114,116.26729371836514,117.36149597167969,2703900
2024-10-10,117.10560130783297,118.31450865370437,116.96441131374931,117.22030639648438,2462600
2024-10-11,117.59975226138909,119.03808324231937,117.44974294262306,118.77336883544922,2429800
2024-10-14,118.2439105449713,118.98513779747609,117.59091693798264,118.74689483642578,2319600
2024-10-15,119.07339139132782,120.36171309588684,117.95271766176371,118.06743621826172,2957500
2024-10-16,118.69395228456959,120.23818263904664,118.69395228456959,119.86756896972656,4056700
2024-10-17,119.87639442467137,120.21170383946821,119.10868222519858,119.48812866210938,3800700
2024-10-18,120.13228162206799,120.40582881009574,119.29398794322277,119.94696807861328,3237500
2024-10-21,117.82035140278492,118.11155070217293,115.69372266352647,115.88785552978516,4414000
2024-10-22,115.43782759325,116.56732056169054,114.5112868160369,115.88785552978516,3280100
2024-10-23,115.80844100547094,116.56732035460168,115.19073817868075,115.95845031738281,3454500
2024-10-24,127.95051310777899,127.9593324338336,120.51174146390981,122.08244323730469,11959800
2024-10-25,122.07358695534568,123.82960195492711,121.04997981595295,121.27058410644531,4916700
2024-10-28,121.18236871862048,121.58827313406837,119.27634413021829,119.42635345458984,4069000
2024-10-29,118.9057294447714,120.07052672683945,118.21744503795635,118.51746368408203,3061700
2024-10-30,118.24391698352223,119.40871427055627,117.89095545300123,118.06743621826172,2754600
2024-10-31,117.93506542080796,119.05573914918384,117.3879710096947,118.29685974121094,3303600
2024-11-01,118.75571258709078,119.4528162752858,117.74092469247016,118.28803253173828,2266700
2024-11-04,118.56158398786958,118.92337829718555,116.56732582087677,117.36149597167969,2422200
2024-11-05,117.09676703593632,118.12037428316056,116.54085332127283,118.10272216796875,2537900
2024-11-06,119.43518062948736,119.82343291069046,116.65555820260037,118.1733169555664,5624600
2024-11-07,119.25869139919409,119.47929572177094,118.27920766836813,118.37627410888672,3075500
2024-11-08,118.34098297173712,118.34980229734968,116.69086695269927,116.86734771728516,3111700
2024-11-11,117.06147426641746,118.00565371142636,115.80844340162314,116.13493347167969,4684100
2024-11-12,116.41730481381894,116.7438083620318,114.72306525886509,114.83778381347656,3243500
2024-11-13,115.28780192159279,118.51745210867116,114.53775537953443,117.9615249633789,5345600
2024-11-14,117.93505981545087,118.18213556773416,116.51436750751266,117.0438232421875,2971300
2024-11-15,116.72614500839997,118.3409700845154,116.55848358768482,118.30567932128906,3337600
2024-11-18,118.18061826625011,120.86937868643486,117.93942952008297,120.7085952758789,4037800
2024-11-19,120.36022849858969,120.36022849858969,118.51113732759843,118.98457336425781,3835900
2024-11-20,119.14537009440963,119.18109520089595,116.8585816299211,117.99303436279297,3848600
2024-11-21,117.70718797685468,118.40394338369656,117.02828830738443,117.34986877441406,3014700
2024-11-22,117.62678179602236,120.672861527164,117.62678179602236,120.43168640136719,3677500
2024-11-25,121.46787080959487,123.87078946893158,121.46787080959487,122.86138153076172,5029000
2024-11-26,122.57553433340865,122.90604263239246,119.97609364967387,120.55673217773438,3424800
2024-11-27,120.73540322971445,122.46836394800034,120.73540322971445,121.19989776611328,2453400
2024-11-29,120.41382769251273,121.99493291991608,120.27089999990717,121.23564147949219,1533500
2024-12-02,121.61081574304814,121.61081574304814,118.93098285877618,119.71707153320312,2832300
2024-12-03,119.66345655156702,119.88677592032303,115.68836088344398,115.86702728271484,5604700
2024-12-04,115.79556911404575,115.79556911404575,114.16086961913877,115.0362777709961,4793200
2024-12-05,115.59905357996001,115.84022870996732,113.848223545792,113.97328186035156,4632500
2024-12-06,114.42884799506034,114.83082012570205,112.02592944855164,112.20458221435547,5745000
2024-12-09,112.71375696917674,115.04520501035083,112.15099458891632,114.81295776367188,6139500
2024-12-10,115.50078762448243,116.94789286475124,114.39311857777867,116.32260131835938,6415900
2024-12-11,116.42086050211707,116.56378817621018,115.11666932910056,115.3399887084961,7485500
2024-12-12,115.4650519278712,115.6258489756499,113.9822147294885,115.21493530273438,4980100
2024-12-13,115.25959847833121,115.26852634670134,113.96434878732667,115.0184097290039,4284800
2024-12-16,114.85762304034351,116.39406143685267,114.54497046197258,114.83082580566406,4515900
2024-12-17,114.33953813879326,115.10775745587668,113.24973832548108,113.73210906982422,3549500
2024-12-18,113.35692553152212,113.56237555709913,110.54309980969644,110.60562896728516,4849400
2024-12-19,110.82894596152983,111.35598326279664,109.2746449242829,109.56049346923828,6391800
2024-12-20,110.80214575579748,113.28545620138803,108.98879345841301,112.26712036132812,12899000
2024-12-23,111.95447594699844,112.49044110903343,110.9897345662354,112.32965087890625,3419000
2024-12-24,111.847288330729,112.82989233518539,111.21306204771471,112.78523254394531,1579200
2024-12-26,112.17779447886224,113.49984141414437,112.05273616917789,112.87454986572266,3011100
2024-12-27,112.41897579234168,113.32118800592748,111.97233702732231,112.65122985839844,2904000
2024-12-30,111.79368583521251,112.40111483687298,110.95400276419655,111.94554138183594,2953900
2024-12-31,111.99913492156477,112.66909307303446,111.69542383084523,112.64229583740234,3400800
2025-01-02,113.48196396255439,113.6427541703472,110.3554930006009,110.65027618408203,3050500
2025-01-03,110.73069008951826,111.06120525381837,109.6587596993476,110.5788345336914,3490400
2025-01-06,111.39171412603788,111.6597001324226,110.59669760630842,110.95401000976562,5049200
2025-01-07,111.82048322706369,113.51771192364448,110.77535013625608,111.64183044433594,3725300
2025-01-08,112.47257279124737,113.24971985105122,111.85620913816174,113.23185729980469,4536300
2025-01-10,111.66863373153598,112.043808684695,109.78381746640308,110.12326049804688,5231800
2025-01-13,110.17685376487857,111.81155337665109,108.58682075830221,111.66863250732422,6939200
2025-01-14,111.99021469298827,112.49044796602433,111.26665520572715,112.41004943847656,4247600
2025-01-15,113.89288610290266,114.30379295259117,113.07107240352568,113.8660888671875,4315900
2025-01-16,115.68837044366563,116.71564780303467,115.02735378093578,116.0724868774414,5471300
2025-01-17,116.26006261432418,116.6441790318598,115.61690171592328,115.8848876953125,4261100
2025-01-21,116.50125396395796,119.31508636496689,116.26006521408098,118.68978118896484,5282700
2025-01-22,118.50219936611218,119.19001324436495,117.24267478853254,118.40393829345703,4420700
2025-01-23,118.75231290123463,119.40440165902965,117.92155773936827,119.3508071899414,3282600
2025-01-24,119.16321859479157,119.60985736558214,118.38607149532271,118.83271026611328,3212300
2025-01-27,119.60986661300436,122.25397433785578,119.46695255435576,121.71800231933594,4944400
2025-01-28,121.27134718383968,122.37008831081744,120.90511377184656,120.96763610839844,3094500
2025-01-29,121.51255254573425,122.00385795870767,119.36869172773075,119.50267791748047,4262100
2025-01-30,104.86185541421021,105.38889273453515,97.9210915604711,102.6375961303711,41170400
2025-01-31,102.73584838530385,104.14722167229105,101.26193913002514,102.03909301757812,15844600
2025-02-03,100.3418665039752,100.54731651922508,97.72456307046563,99.41285705566406,12635200
2025-02-04,99.45751180815712,100.18107120458937,98.44811070458661,99.84162139892578,9347800
2025-02-05,99.79697343308787,100.64558441741778,99.16274716208507,99.957763671875,7122900
2025-02-06,100.35972572155232,101.71751133749878,100.28826188594115,101.36019897460938,6318200
2025-02-07,101.71750513228042,101.7978968310639,100.60090832584741,101.03861236572266,4830700
2025-02-10,101.40486621762949,102.52146317429244,100.72598017489862,101.97657012939453,6101500
2025-02-11,101.83364708910585,102.46787337157757,101.31554444195972,102.30708312988281,4589100
2025-02-12,101.2530092363228,102.58399088160974,101.19941476401377,102.0658950805664,5172900
2025-02-13,102.31601056792765,103.736318589669,102.14628565394594,103.29861450195312,5854000
2025-02-14,103.67379137437612,104.29908975512423,103.31648580271084,103.81671905517578,5942300
2025-02-18,103.789534068276,104.90398784449779,103.21870987355028,104.57780456542969,5407800
2025-02-19,104.16102226830047,104.59593563598135,103.51771824048913,104.197265625,4252000
2025-02-20,104.17007701458472,105.67413818476649,104.06134695264957,105.64695739746094,5801200
2025-02-21,105.5110516456858,105.8734782902663,104.4328411917682,105.40232849121094,6459900
2025-02-24,105.62884350832807,106.98793823104137,104.97647693539159,105.24829864501953,6269900
2025-02-25,105.52011584833978,107.22351211774328,105.52011584833978,107.01512145996094,4985600
2025-02-26,107.00605695984034,107.43190774767734,105.75569229759164,105.90972137451172,3445300
2025-02-27,106.00938292965255,107.57687513764192,106.00032036307331,106.5802001953125,4821600
2025-02-28,106.73424006278098,108.39233034608661,106.73424006278098,107.84869384765625,8754900
2025-03-03,108.56449156494617,109.61552818747272,107.6131224467183,108.05709838867188,5165100
2025-03-04,107.35941925411501,107.51345524119117,105.64696047682162,105.8191146850586,5387000
2025-03-05,106.4443065279171,108.35609349777583,106.29933309951659,107.83963775634766,6812000
2025-03-06,107.76715434080229,109.25309736850764,107.06948183727049,109.18061065673828,5742100
2025-03-07,108.36515259766821,110.23164740867476,108.11145601879885,110.19540405273438,5635800
2025-03-10,109.66988201350485,112.08000634312889,108.77288145094704,109.28933715820312,6279900
2025-03-11,108.97221545794363,109.2530997439788,105.04896714793247,105.42951202392578,6498300
2025-03-12,105.01272596266291,105.16675504717179,104.15196177749279,104.43284606933594,4970900
2025-03-13,104.89492290203486,106.43523433224159,104.16101399710949,104.40565490722656,4629100
2025-03-14,104.91305639152466,105.93690529585791,104.27880801820007,105.79193878173828,4020700
2025-03-17,106.0093857839678,107.62217704285219,105.93689907480797,106.96981048583984,4427900
2025-03-18,106.95170008939861,107.82151992481266,106.78860843821388,107.69467163085938,3930700
2025-03-19,107.2506999348632,107.70373151991976,105.33890609290752,106.43524169921875,5010300
2025-03-20,105.34796862607814,107.10573350293788,105.32985040308677,105.99127960205078,3655600
2025-03-21,103.61737990567451,104.57780460960682,101.89585857935741,104.2878646850586,19575300
2025-03-24,104.8496324270829,106.18154640938685,104.42378162591486,104.922119140625,6611600
2025-03-25,104.94929894565125,105.1033280259484,99.5672814881163,99.62164306640625,10645500
2025-03-26,100.301185127703,101.79619066582917,99.99312698344258,100.58206939697266,6609200
2025-03-27,100.40991519123122,101.27973496131791,100.04748855885018,100.58206939697266,4031700
2025-03-28,100.80859409316032,100.88107389587587,99.32265099042993,99.35889434814453,3284100
2025-03-31,98.76994468561969,100.44616010967839,98.12664068666585,99.65788269042969,6536100
2025-04-01,99.67601499323409,99.75755736347979,98.01791767110178,98.99646759033203,5877400
2025-04-02,98.62496080626025,100.11996620911991,98.3893824796205,99.84814453125,4540000
2025-04-03,96.71316741405751,97.3021097754013,90.57912364567434,90.71503448486328,10057700
2025-04-04,89.0931870917563,91.14088473921313,87.49851408570385,88.53142547607422,9567700
2025-04-07,86.0760037332618,89.88146639638373,84.47227491582554,86.5833969116211,8729800
2025-04-08,88.61297990727942,88.61297990727942,82.18898850143991,83.28532409667969,8233800
2025-04-09,82.61484442588238,90.778475948916,82.04402708758825,90.29826354980469,8849800
2025-04-10,88.9029194014974,88.91197505590853,85.1518184867251,87.48945617675781,7553700
2025-04-11,86.75555135105823,90.33449822395377,84.81657665716916,87.96061706542969,5544100
2025-04-14,89.22004287478563,91.45802004630995,88.7851295046754,89.40125274658203,4926900
2025-04-15,89.23815274397104,89.31063945099007,87.18139254947438,87.43508911132812,5767000
2025-04-16,87.38979270882065,87.5710094961044,84.73502726135777,85.35115051269531,4632800
2025-04-17,86.02163385654642,88.17806156929542,85.76793729183629,87.37166595458984,4740100
2025-04-21,86.59245678565537,87.2901223841982,85.73169954018243,87.20858001708984,3930800
2025-04-22,87.22669310428562,88.61297547794483,87.03642067951975,87.74314880371094,4305300
2025-04-23,89.31970868590336,90.44322507772542,87.86094643362446,88.07839965820312,5817200
2025-04-24,87.88811483457587,89.68212269444211,87.24481090603385,89.62775421142578,6641000
2025-04-25,88.83043220549709,89.38313128094727,87.98779319806594,88.712646484375,4577700
2025-04-28,88.70358135956563,89.66400606042538,87.45320982237216,87.96966552734375,8664600
2025-04-29,86.9820644953167,89.51904414151548,86.54715113124622,87.64349365234375,10314600
2025-04-30,87.40790091551526,87.47132505060274,85.23334827825367,86.34780883789062,9305800
2025-05-01,85.9400854207741,87.06360175233215,84.78032573494477,85.71356964111328,7501500
2025-05-02,86.98205580680411,88.48612383989887,86.88238831484179,87.344482421875,5689600
2025-05-05,86.68306441632933,87.3897926041051,86.08506630079353,86.5833969116211,5406800
2025-05-06,86.07599718084064,86.54714696592096,84.9977798461914,84.9977798461914,5154300
2025-05-07,84.90718170958658,85.51424239501515,84.44508754166152,85.13369750976562,5890000
2025-05-08,85.7951214816609,88.38646263147841,85.57766134953113,87.84281921386719,6649600
2025-05-09,88.06933337017489,88.53142750150597,86.71023867672952,86.88239288330078,5619000
2025-05-12,91.14088274475561,93.17952469367131,90.92342953909751,91.70264434814453,8336500
2025-05-13,91.8566694060206,91.92915610898132,89.98111917136501,90.43415069580078,7031800
2025-05-14,90.47040970515319,90.75129399956099,89.50092235157827,90.28919982910156,6175500
2025-05-15,90.51571335863954,90.97780751750071,89.91770833979407,90.9234390258789,4523300
2025-05-16,91.76607140408719,92.10131724602824,90.92343242858169,91.80231475830078,6321200
2025-05-19,90.6603182259435,91.30499462284423,90.59585058625342,91.2773666381836,6217700
2025-05-20,90.81688641386346,91.16685261594881,89.67488515181734,89.84066009521484,4671800
2025-05-21,89.05782487271802,89.51831002102875,88.23816187084056,88.2750015258789,5298600
2025-05-22,88.182910719012,89.59199422559095,87.72242554554458,89.3064956665039,5179900
2025-05-23,88.05396240170441,88.56970347120213,87.70399625118026,87.83293151855469,3318500
2025-05-27,88.80917077780298,89.99722336774413,88.35789727550547,89.84066009521484,6117400
2025-05-28,89.93275958052799,90.30114914014493,88.90127021888983,89.09467315673828,3816500
2025-05-29,89.59199544324096,90.55901713124385,89.14993360551397,90.3471908569336,4593900
2025-05-30,89.99721872146014,90.25508928088851,88.99335744203316,89.8314437866211,6763200
2025-06-02,89.58278131841392,89.82223557271726,88.35789611399387,89.6656723022461,4274800
2025-06-03,89.27886786299695,90.64190004443954,88.61576808761573,90.32877349853516,4098100
2025-06-04,90.50374960729592,90.96423476400159,90.06168779166816,90.76162719726562,3933800
2025-06-05,90.93661132027961,90.99187431982736,88.94731899771608,89.21440124511719,4584200
2025-06-06,90.19062607467018,90.94582147574,90.19062607467018,90.48533630371094,3043400
2025-06-09,90.71557180896015,91.9128359733622,90.66031584109238,91.46155548095703,4037200
2025-06-10,91.78391225124402,94.54682341555919,91.72864924997414,94.36262512207031,6902500
2025-06-11,94.50077136850558,95.1546594959249,92.9719571631575,93.16536712646484,4917400
2025-06-12,93.07325595816393,93.07325595816393,92.26280462639575,92.94432067871094,3106400
2025-06-13,92.4562084970274,93.46927442877437,91.82994840761995,92.09703063964844,4240000
2025-06-16,92.94432022052928,93.46006836224454,92.58514236861717,93.10088348388672,4293700
2025-06-17,92.59435275185406,92.935114284818,91.47076788653871,91.79310607910156,3800500
2025-06-18,91.74706990974066,92.32727870776004,91.15764944070456,91.36946868896484,4363000
2025-06-20,91.84836563076186,92.56672129767188,91.27736154930874,91.42471313476562,11096600
2025-06-23,91.29577978394758,92.51146025194431,90.92739729932987,92.46541595458984,5077200
2025-06-24,93.22061820893379,93.56137273513953,92.19834057742452,92.66803741455078,3686800
2025-06-25,91.75626238866352,92.35489444934572,90.82608750624709,91.51681518554688,6058100
2025-06-26,92.21674766005802,93.29428818163859,91.90362115095354,92.64960479736328,4161700
2025-06-27,93.01800191752818,93.9021325777292,92.49304911845739,93.18377685546875,5869900
2025-06-30,93.16535261362418,93.26665287543628,92.33647799444783,92.96273803710938,5446800
2025-07-01,92.78776473567841,97.52155187322907,92.76013674882226,96.21377563476562,6819300
2025-07-02,96.01115099543212,97.52154168158994,95.73485710285266,97.19920349121094,5243200
2025-07-03,98.01887706314577,98.04650505009975,95.90064239501953,95.90064239501953,2961300
2025-07-07,95.7809101122652,96.04799233940558,92.81538465571184,92.87985229492188,5299800
2025-07-08,93.28508613657249,95.50462099162785,93.20219515261613,94.2889404296875,6511400
2025-07-09,94.78626964897614,95.09019156016447,93.84688295473973,94.0771255493164,4566500
2025-07-10,94.6204875755357,96.23218561622235,94.38104035424612,94.78626251220703,3645800
2025-07-11,94.15080030123804,94.76784873844018,93.19299031106279,93.26666259765625,4342900
2025-07-14,93.01799369637678,93.09167300149305,91.70100597981582,92.2075424194336,4030600
2025-07-15,92.37332035007583,92.70487020744788,91.65495764147269,91.66416931152344,4033400
2025-07-16,91.82995067498261,92.30885918094312,90.75241707624046,91.75627136230469,4782700
2025-07-17,91.47998762832505,92.097036083739,90.50375426785398,91.63655090332031,3949900
2025-07-18,91.83915486583332,91.89441083261843,90.78924933824351,91.37866973876953,4572400
2025-07-21,91.69179821379078,91.72863786791734,90.9273982266127,91.0839614868164,3750200
2025-07-22,91.36024989935039,93.22061381877747,91.17605865204574,93.14693450927734,5751700
2025-07-23,93.68109900244457,95.72565417002659,93.38638879076716,95.34805297851562,5079500
2025-07-24,94.97045434624341,95.32042051038441,94.0402724298968,94.42707824707031,3676800
2025-07-25,94.74022188566923,95.92827447346639,94.19684572856227,95.37568664550781,5473600
2025-07-28,94.91519424186578,95.20069980494485,93.27586827748088,93.55216217041016,7045900
2025-07-29,90.43006318535605,90.43006318535605,83.55041489544003,83.66092681884766,26112300
2025-07-30,83.61490296630332,83.80830590598971,80.13363599905519,80.29019927978516,20976500
2025-07-31,80.03231557339997,80.19809049830428,78.98241005782117,79.35079956054688,15782000
2025-08-01,78.96399218044327,79.7007712368611,77.61937637495969,77.82199096679688,11276600
2025-08-04,78.65086891916988,79.30475702136937,78.07065310451902,78.30089569091797,8579500
2025-08-05,78.30089654217383,80.17967691078813,78.1811729254654,79.92180633544922,9513400
2025-08-06,79.94022175872132,80.10599668736745,78.95478385689304,79.43368530273438,6331600
2025-08-07,79.96785003649141,80.74146168872123,79.60867219417821,79.65471649169922,6839200
2025-08-08,79.66393995251764,80.17047648533772,78.97321214946113,79.82050323486328,6285100
2025-08-11,80.26256371952653,81.2664179822028,78.95478756896914,79.48894500732422,8701400
2025-08-12,79.78365248711408,81.30325484793185,79.66392888074435,80.52043151855469,7308600
2025-08-13,81.14669111454938,81.32167771444723,79.56262112469346,81.2111587524414,13633200
2025-08-14,80.1336305055957,82.25185805202943,79.81129229488253,81.55192565917969,12487300
2025-08-15,81.57954526438964,82.34395224730204,81.21115576437019,81.4874496459961,8897400
2025-08-18,81.63759133379821,82.05047339698669,81.06518925861145,81.17779541015625,9385600
2025-08-19,81.49683353829091,82.86684280074104,81.3091637825578,82.3882827758789,7227600
2025-08-20,81.78772458000738,82.98882810485027,81.524976919699,81.58128356933594,7076400
2025-08-21,81.496840065311,81.5625252009925,80.68046868743288,80.8399887084961,6193200
2025-08-22,81.12149000493778,83.79583066198572,81.05580487197669,83.34541320800781,10230700
2025-08-25,83.09205683688558,83.19527735244085,82.08800858850982,82.33197784423828,6029900
2025-08-26,82.2006070180619,82.82930858367398,81.67512596729867,82.0692367553711,5478000
2025-08-27,82.2099893101265,82.62287135272933,81.7783431561063,82.444580078125,5482200
2025-08-28,82.76361570227061,82.8011510822592,81.1308660480467,81.89093780517578,8618500
2025-08-29,81.84403503588852,83.08267410672715,81.64697963361223,82.05047607421875,6838500
2025-09-02,81.28101636919153,81.49683587856791,79.58257424672229,79.97669219970703,10058800
2025-09-03,80.10805263144992,80.58661261131357,79.55441473355334,80.0329818725586,7430900
2025-09-04,80.36140845211594,80.40832946676798,78.51283215743621,79.27291107177734,10741500
2025-09-05,79.39490444944884,81.01826864393054,79.00079365578604,79.79840087890625,8585400
2025-09-08,79.80778808986652,79.80778808986652,77.93106180588745,79.1227798461914,11783700
2025-09-09,79.03831783939968,79.69516906908946,78.86941221474495,79.19783782958984,7889700
2025-09-10,79.1509290040151,79.92038648833572,78.55976280626693,78.68174743652344,6684600
2025-09-11,77.34927438261144,79.63888274893245,76.94577794361459,79.43244171142578,10453500
2025-09-12,79.56380673039338,79.77962623053662,78.70051441153605,79.15092468261719,5545500
2025-09-15,79.63887716255293,79.92038179101695,78.73804946501217,78.84126281738281,6389000
2025-09-16,79.22599567792467,80.08928799929272,79.1133895302558,79.94853210449219,6185500
2025-09-17,79.82655192246546,81.04642686642671,78.56914875300185,78.99140930175781,9007000
2025-09-18,79.45120247202524,79.84531325837688,78.82250090915826,79.80778503417969,8067300
2025-09-19,79.86408355143007,80.33326509871416,78.83188557923351,78.87879943847656,18120200
2025-09-22,78.63483364336699,80.41771787406545,78.00612490143527,79.038330078125,10224300
2025-09-23,79.26353674195113,80.44587632022454,78.93511106997038,79.20723724365234,7486300
2025-09-24,79.1133933742871,79.77963033896299,78.55037692687083,78.72866821289062,6988400
2025-09-25,78.6348325363654,78.81311666143986,77.28358734891594,77.49002838134766,9021100
2025-09-26,77.64016204564614,78.70989542284507,77.54632716607722,78.55976104736328,6845800
2025-09-29,78.75681271901033,79.31044349369398,78.31578093082933,79.29167938232422,7275300
2025-09-30,79.2916830921362,79.33860411146898,77.5463271282643,78.3814697265625,9876200
2025-10-01,78.25010720806677,79.38552582870057,78.18442206998525,79.17908477783203,7074800
2025-10-02,79.45120236467763,81.7408106312995,79.3292177383457,80.29573059082031,9815500
2025-10-03,80.41771843186656,81.9472549356747,80.15497789748403,81.43115234375,7098900
2025-10-06,81.50622627649726,81.68451757138011,80.49279232528353,81.28102111816406,6987000
2025-10-07,81.656357061027,82.04108938372353,80.51156004715585,80.68046569824219,4726800
2025-10-08,80.56785397690086,81.75019345280067,79.95791654795259,80.9338150024414,4896000
2025-10-09,80.96196846220668,81.14964538079754,79.64825866864041,80.02360534667969,5784700
2025-10-10,80.1362111520653,80.75552708288686,77.46187771618096,77.76215362548828,8506000
2025-10-13,78.05304718017578,78.81311904149808,77.75277125824599,78.05304718017578,6132200
2025-10-14,77.41495721639032,79.10401369204126,76.9457756575031,78.86942291259766,6306800
2025-10-15,79.04770016215576,79.69517294803644,78.45653402666156,78.90694427490234,4903000
2025-10-16,79.52626949598067,80.44586844666465,78.68174130844274,80.36141204833984,7056200
2025-10-17,80.38956761614402,81.43115126301007,79.98607118394237,81.0839614868164,9396100
2025-10-20,81.30915472093906,82.10676183262773,81.07456397284584,81.55313110351562,5456500
2025-10-21,81.4029946197432,83.2327997043112,81.04641923789306,82.63224792480469,6181500
2025-10-22,82.34136331179498,82.77300948544348,81.57190584413593,81.71266174316406,5258500
2025-10-23,82.13492252552524,83.01698614686015,80.98073990017322,81.66574096679688,5764800
2025-10-24,82.50087591583646,82.86683692496672,81.76895389757595,81.84402465820312,5256200
2025-10-27,82.78239343520805,83.81459140848864,82.78239343520805,83.72075653076172,12012900
2025-10-28,92.38184501274117,94.37117737670549,89.14449515751977,90.42066955566406,30027000
2025-10-29,90.92738674358363,92.23171089307452,89.82950362364825,91.39656829833984,10789200
2025-10-30,91.09629559162815,92.24109977093511,89.01312826982598,89.20079803466797,10073600
2025-10-31,89.06942974235294,90.92739195571208,88.75038970321907,90.47697448730469,7305400
2025-11-03,90.46759001692419,90.46759001692419,87.82139919894364,88.29058074951172,7693100
2025-11-04,87.97153902437348,88.7691462130327,87.15516056493611,87.50235748291016,6457700
2025-11-05,86.7329016535965,88.23428118236058,85.48487701190979,87.18331909179688,6215300
2025-11-06,87.36160609303691,88.13106357434458,86.9205742758589,87.8307876586914,6571800
2025-11-07,87.64312032205098,90.28930413922303,87.45544339510876,90.03594207763672,7741700
2025-11-10,89.9327222431736,90.00779301452278,86.37633215000619,87.3240737915039,9771900
2025-11-11,88.02784142442182,89.61367737784539,87.13639932986985,89.17264556884766,6859200
2025-11-12,89.66059622002331,90.55203829292893,89.47291930631428,90.25176239013672,5814500
2025-11-13,90.17670265705617,91.13383713621442,89.84827696681289,90.05471801757812,6119500
2025-11-14,89.81073249436827,90.74909560536466,89.29463707880568,90.06409454345703,6583000
2025-11-17,89.9495222769033,91.08558839583814,89.31943298228865,89.92088317871094,6488200
2025-11-18,89.3576250035952,89.43400079136792,87.89697265952313,88.62252807617188,6347800
2025-11-19,89.00439885454968,89.73949577473068,88.19291886375248,88.22156524658203,5604300
2025-11-20,88.57479208660295,89.58674578998776,86.72271927828335,86.7513656616211,7452700
2025-11-21,87.42918094581759,91.85887452645797,87.17141449112064,90.36958312988281,8913200
2025-11-24,90.40776457855551,90.45550126574888,89.11895414388935,89.3194351196289,6554600
2025-11-25,89.78723878883008,91.05695174042353,89.30035221676545,90.2550277709961,5840200
2025-11-26,89.97816383828012,91.45791374322334,89.51037489327575,91.33380126953125,4685800
2025-11-28,91.20015420458648,91.98298786491613,90.97103411179637,91.44837188720703,2554800
2025-12-01,91.20969354612713,92.27893267432108,90.7228070262643,90.9041976928711,4772500
2025-12-02,91.11423266949491,91.64884862237467,90.21683536265007,91.24788665771484,4854500
2025-12-03,91.7061284195626,93.79687014593266,91.54383532869635,93.75868225097656,7259000
2025-12-04,93.85415121346755,94.21693258483401,90.2168396900482,90.46505737304688,9451300
2025-12-05,90.69418119357117,91.5056539896364,90.29321919319965,90.57007598876953,5523600
2025-12-08,90.73235937172353,92.05935771908416,90.57006628661519,91.21924591064453,5617400
2025-12-09,91.26698199858049,92.78491992510848,91.20015500078344,92.57489013671875,4738300
2025-12-10,92.7371745459148,95.57256185635858,92.69898665309451,95.12386322021484,7188100
2025-12-11,95.57256395514115,96.6131567438615,94.51287357779336,95.92579650878906,5264200
2025-12-12,96.4795020685494,97.05231318574455,95.48663869129928,96.3458480834961,4510200
2025-12-15,96.42222656793511,96.67044424009117,95.2288821797181,95.53437805175781,5061700
2025-12-16,95.60120227049705,96.11672790527072,94.62743648276629,95.57256317138672,4841800
2025-12-17,95.63938751251595,96.80409273468733,95.3816283440727,96.384033203125,5978800
2025-12-18,96.73727095701415,98.22656241848647,96.6036169686049,97.45327758789062,7611600
2025-12-19,96.52723705305063,97.5582883054949,95.58211038010793,97.30052185058594,17317500
2025-12-22,97.02366898584134,97.37690154491258,95.49618963401291,96.16446685791016,5464400
2025-12-23,96.12627879185705,96.32675977358907,95.35298668106658,95.64894104003906,4645300
2025-12-24,95.65848384403714,96.48905416552302,95.37208555923233,96.09764099121094,1845500
2025-12-26,95.96398041364657,96.31721297942225,95.4198156566169,95.98307800292969,2856700
2025-12-29,95.95443070468292,96.4222196318067,94.5701469437719,95.16204833984375,4352600
2025-12-30,95.20023900585544,95.62984005379113,94.98066044303768,95.12386322021484,3397900
2025-12-31,95.04749255427065,95.28616143455646,94.56061328267685,94.69426727294922,3926400
2026-01-02,94.799286473845,96.62271301467668,93.94962580407793,96.44132232666016,5032000
2026-01-05,96.37449509484064,97.68240323720623,96.03081130974597,97.37690734863281,5733600
2026-01-06,97.45327773549755,100.47004855735646,97.45327773549755,100.45095825195312,6936000
2026-01-07,100.73735471014434,101.53928591088699,99.38171725957967,100.6323471069336,5688200
2026-01-08,99.86860822283762,103.05722101117847,99.41036076160489,102.12164306640625,6294100
2026-01-09,103.58229099299332,104.69925957176717,101.902060085866,103.1622314453125,5504400
2026-01-12,102.9712976150841,103.73504091073937,102.31256920467133,103.13359069824219,4335900
2026-01-13,102.23620026597122,103.15269519558096,101.33881020960605,101.74932098388672,4706200
2026-01-14,101.66339206648101,103.0858638072217,101.50109897936704,102.53215026855469,4042200
2026-01-15,102.8376442458441,104.05007890508153,102.36030650410409,103.69685363769531,4133300
2026-01-16,103.1813378761531,103.72550266246478,101.97844461245484,102.06436920166016,4669300
2026-01-20,101.19561018363038,102.29348854328529,100.3841374077451,101.71113586425781,5601000
2026-01-21,102.61806791091414,104.36512583172896,102.24574504694979,103.56320190429688,3950700
2026-01-22,104.05008444986406,105.05249667437455,103.93552804724318,104.34603881835938,3487300
2026-01-23,104.59425066513593,104.73745345399635,102.68489956992077,103.08586883544922,4049600
2026-01-26,103.30543868949604,103.69685915467362,101.94025238414383,102.12164306640625,8194000
2026-01-27,101.84478895497423,107.5632935156342,100.00226483422648,102.34121704101562,14449300
2026-01-28,102.66580515570378,103.27679689903682,98.89483252338687,98.99984741210938,9254900
2026-01-29,99.64902984843347,102.35076336399605,99.48673675533938,101.1860580444336,10939800
2026-01-30,101.05239946458298,102.93311135093107,100.48914441991009,101.40563201904297,7186700
2026-02-02,101.74931656586706,105.65393586580794,101.43427190271792,105.27206420898438,8662400
2026-02-03,105.66348792125416,109.1194159609516,105.64439761544203,106.78045654296875,7698600
2026-02-04,107.87833749255377,111.63021270731122,107.82105929012273,111.44882202148438,11371500
2026-02-05,110.74235872462972,111.37244805487875,109.69221712447745,111.2674331665039,6624500
2026-02-06,111.02876557567201,112.40349336774163,110.58006691716464,112.02162170410156,6738200
2026-02-09,111.85933360109875,112.65171606384831,110.74236494412206,112.5753402709961,5221000
2026-02-10,112.89037575315366,114.14099830389668,112.0693542558976,113.31997680664062,5845200
2026-02-11,114.274660096205,115.42027512310112,113.88324690928955,114.56106567382812,6649600
2026-02-12,114.92383445870145,116.86183184851225,111.7447705684241,112.71853637695312,10174100
2026-02-13,112.81400014840845,114.5610580314511,111.75430977892987,113.83550262451172,4973500
2026-02-17,113.68063521924044,114.41630157230739,111.72529322277285,111.81241607666016,5234300
2026-02-18,111.4832914551051,112.6352007293674,110.55402290051241,112.40288543701172,4359500
2026-02-19,111.89952289750791,112.36416085026788,110.83473651284639,111.84144592285156,3845400
2026-02-20,111.39617905438824,113.39023408773451,110.63146683646171,112.99336242675781,4947500
2026-02-23,112.45127779088352,112.62551610231337,110.80569948251147,111.33808898925781,5181500
2026-02-24,111.24129565444228,112.6158382811154,110.83474204122969,111.67689514160156,2658000
2026-02-25,111.69625516096923,112.04473180751249,109.3343595311028,110.20555114746094,4023500
2026-02-26,110.5540214604553,113.02239633453047,110.5540214604553,112.89655303955078,5314300
2026-02-27,112.24800872802734,113.17727732464304,111.37681711083441,112.24800872802734,6239600
2026-03-02,110.7573013305664,111.56073398550588,109.54731506174312,110.7573013305664,5013000
2026-03-03,109.27627997805635,109.953869338615,107.32094540532272,109.60540008544922,4839900
2026-03-04,109.89578928302434,111.91889012032779,105.99479481968945,106.96278381347656,11433900
2026-03-05,106.43038971819428,106.91438422784532,99.93518428489783,100.73861694335938,11566300
2026-03-06,98.60903860983476,99.14142810995061,96.2277866400633,99.0833511352539,9494800
2026-03-09,97.73785702256455,97.73785702256455,93.90462121342885,96.74082946777344,10354800
2026-03-10,97.02153812537911,98.95751607361625,96.3633053275717,97.68944549560547,6255500
2026-03-11,97.7184880372673,98.25088494918808,96.67306551457663,97.57329559326172,4053200
2026-03-12,96.44074570552759,96.44074570552759,94.30149080649402,94.7564468383789,6366300
2026-03-13,95.08555843763956,95.60826597515172,93.85620832730372,94.09820556640625,4431500
2026-03-16,94.84357043158008,95.25012406040969,94.28213500976562,94.28213500976562,4867700
2026-03-17,95.4824424667219,95.88899610875953,94.3111765636113,94.64028930664062,4187600
2026-03-18,94.28213013176149,94.57252240082806,93.15925934622811,93.74005126953125,5417800
2026-03-19,92.70430481989007,93.8949345591354,91.96863848499665,93.4690170288086,5304800
2026-03-20,93.98204996561876,94.5144468781869,92.1235128283865,92.79142761230469,34639800
2026-03-23,94.36924922661852,96.18907334417885,93.778775322751,94.54348754882812,7412100
2026-03-24,93.94333710402455,95.6953948624746,93.18829946681893,95.2888412475586,4249800
2026-03-25,96.10195078149727,96.41170697912229,94.4563723663338,95.22108459472656,3351000
2026-03-26,94.75644426392272,95.77283568563274,94.08852947907498,94.3789291381836,3790900
2026-03-27,93.41094404418739,93.83686159272112,91.04904838074823,91.76536560058594,5914700
2026-03-30,93.04310572595914,93.31414146546014,91.66855572750829,91.91055297851562,5232600
2026-03-31,93.68197768701215,95.27916107284197,92.70430669317433,95.23075866699219,6868300
2026-04-01,95.68570721273001,96.50849635164245,94.56284385949142,94.77580261230469,5101600
2026-04-02,92.96566685783873,95.70507757134246,92.46230842908594,95.03716278076172,4060300
2026-04-06,94.91132961275468,94.91132961275468,93.30446423968911,94.04981994628906,4690800
2026-04-07,93.69165555778774,94.75644197349808,92.5687847805576,94.44668579101562,4480900
2026-04-08,96.99249219752576,98.28960126239625,96.08258758428654,97.23448944091797,5926700
2026-04-09,96.78922254351032,98.59936471635545,96.52786875083038,98.38640594482422,4361800
2026-04-10,98.88975468257645,99.12206996274234,98.01856315049237,98.44447326660156,4491000
2026-04-13,97.65072744719835,98.84135716406217,96.73114085328292,98.75423431396484,3799900
2026-04-14,98.78328708537124,100.15782978589897,97.97017243008705,99.91583251953125,4703600
2026-04-15,99.65446755659454,100.38045932816324,98.7639194225778,100.25462341308594,5193500
2026-04-16,100.0513439510471,102.3551551197597,100.0513439510471,101.6969223022461,5295700
2026-04-17,102.78107377929045,104.14593444844141,102.1809179320814,103.03275299072266,5506200
2026-04-20,102.34548273743715,104.05882006011487,102.15188050157205,103.68130493164062,3639300
2026-04-21,104.08786158241969,104.68801745333538,102.20028588504275,102.90691375732422,4082200
2026-04-22,103.57482334655519,103.57482334655519,101.90019912147721,101.92924499511719,3634500
2026-04-23,103.03275711576099,104.83321734430162,102.64556001771035,104.27178192138672,4422800
2026-04-24,103.9426615242816,104.29113817307493,103.05211337077439,103.59418487548828,4168000
2026-04-27,103.77810369978306,105.04616697413387,103.69098823139419,104.77513122558594,6570600
2026-04-28,100.66117272822726,102.55843025724205,97.23449082673515,100.61277770996094,12540100
2026-04-29,101.25165137714383,103.33282927517675,100.0513470440433,103.19731140136719,6216600
2026-04-30,103.34250886803616,105.61728156654021,103.33282691007987,105.31720733642578,6091200
2026-05-01,105.8786370593696,106.3239111253369,103.52642342957976,104.12657928466797,4225200
2026-05-04,99.04463634862913,99.53831281726312,92.90758949942179,93.22702026367188,18538500
2026-05-05,93.4980598904182,95.25012511336831,93.43030095153088,94.9306869506836,7129300
2026-05-06,95.76315240242272,97.56361253957262,95.4243577282644,96.69242095947266,7358700
2026-05-07,97.14737775813141,97.87336951655597,96.16970678893873,96.89569854736328,5808700
2026-05-08,97.50553717007526,97.79592944478257,96.80858389450549,97.5539321899414,4780800
2026-05-11,97.4958500280627,97.64104985028098,96.5956199925131,96.79889678955078,5328000
2026-05-12,97.17641687764731,97.17641687764731,93.79813727436309,95.2888412475586,6197700
2026-05-13,95.13395896015166,96.05355295306374,94.87260517626996,95.29851531982422,5029800
2026-05-14,95.87931565506447,96.79890227258598,94.80484724902516,95.26947784423828,5443700
2026-05-15,95.02747936055937,96.1309862413931,94.4079669848341,95.76315307617188,5567500
2026-05-18,95.30052523736092,95.70409438083773,93.00709000700122,94.03076934814453,6396200
2026-05-19,93.67641949799253,95.34974454818854,92.38698077569342,95.31037139892578,5199500
2026-05-20,95.1824091548917,97.40694333080025,94.64104523579334,97.318359375,4792500
2026-05-21,96.61950015312217,97.5545880388369,95.62534878886501,96.70808410644531,4478400
2026-05-22,97.64317148595315,99.58225589057278,97.27898300018784,99.43460845947266,4540300
2026-05-26,99.91692524581491,101.05871654171759,99.84802411166268,100.36970520019531,4609600
2026-05-27,101.2752691805154,103.20450852399918,101.2752691805154,102.83047485351562,6114100
2026-05-28,102.36784539514858,105.20264456415187,101.43275750357627,104.99594116210938,6192700
2026-05-29,104.92704116489628,105.62589767737163,103.73603154422756,105.01563262939453,10464200
2026-06-01,103.90336057561699,107.99807799222276,103.41120747321689,107.3090591430664,6088500
2026-06-02,107.56497990987215,108.60834207466247,106.42318862740242,107.22047424316406,5894400
2026-06-03,107.13188408606804,109.20877078595322,106.66926647637102,106.96455383300781,6303800
2026-06-04,108.14572869483531,109.47454060956227,107.86027898565298,108.490234375,5759800
2026-06-05,108.74615778507899,108.96269885192582,106.81691092691769,106.83660125732422,4048200
2026-06-08,107.555133666408,107.64372512819308,105.93103446683695,106.00977325439453,4544500
2026-06-09,106.51177690968761,107.4862379807442,104.4053621651577,106.17711639404297,5901900
2026-06-10,104.13960410460724,104.32661718526991,101.21621334475144,101.63946533203125,5569600
2026-06-11,102.12176811935534,106.9547151598095,102.02333900141332,106.94486999511719,5086900
2026-06-12,108.24415879674922,108.72646675334813,105.56684461294515,106.40350341796875,3714500
2026-06-15,107.0137731396474,108.88395645433145,106.56099318087723,107.1220474243164,4890000
2026-06-16,107.33859476682228,109.09065861193471,107.33859476682228,108.29336547851562,4986600
2026-06-17,108.16540987670186,108.28352932653779,103.28325192839097,103.48011016845703,4759700
2026-06-18,104.425040249466,105.93103503054488,103.17497469053704,103.21434783935547,13306400
2026-06-22,103.2537262067075,107.09252204942727,103.2537262067075,105.55699920654297,5483400
2026-06-23,105.27154657133939,105.70464370854096,103.64744732615436,104.16912841796875,4023900
2026-06-24,103.99195049237784,104.61206068870119,101.23589015606463,104.47425842285156,4999900
2026-06-25,104.54316509034794,107.68310440628098,104.54316509034794,107.59451293945312,5819500
2026-06-26,106.94486935480708,107.54529673321684,105.83259855070688,106.44287109375,6288600
2026-06-29,106.3444465035632,106.72832533434291,105.19281001122411,106.3149185180664,3077600
2026-06-30,106.23617159555243,106.3050727311955,104.37583342352936,105.81291961669922,3363900
2026-07-01,106.34444821686125,109.31704978944707,105.61606369411624,107.82090759277344,4218600
2026-07-02,108.58866418745136,109.10050012842979,107.55513963072062,108.92333221435547,3377000
2026-07-06,109.03159513300639,109.03159513300639,107.31890443729272,108.29336547851562,3169300
2026-07-07,108.98238899080734,110.53759466511862,108.0965118655882,110.20292663574219,4619300
2026-07-08,109.77967343955216,109.77967343955216,107.3189078464136,108.21463012695312,3752500
2026-07-09,109.09065902981962,111.44315027036889,106.80706892356702,109.00206756591797,6272900
2026-07-10,110.02574423648757,111.63016812536821,109.3662608943841,110.70491790771484,3410400
2026-07-13,111.26597934854202,112.19122962619589,110.84272736085573,111.11833190917969,2866400
2026-07-14,111.60063580711837,112.23059118312081,109.5926502299879,111.8860855102539,3066700
2026-07-15,112.33886845216938,113.61846956785648,110.85257143693082,111.16754913330078,4072000
2026-07-16,111.47267966433009,115.47880568830413,111.47267966433009,115.34100341796875,5057600
2026-07-17,115.06539728551859,116.56153941831721,114.48465271743002,115.87252807617188,7152500
2026-07-20,116.04970694931974,116.22688237252662,110.89194436547416,111.37425231933594,7648300
2026-07-21,112.7325911735451,114.53387337441788,111.59079985325553,114.5141830444336,4349600
2026-07-22,114.77010087316492,115.73472424883565,113.99249807769756,114.02202606201172,3196900
2026-07-23,114.70120591445284,114.97681046243498,112.06326486858563,112.30934143066406,4198400
2026-07-24,112.86055302871041,113.6283106667843,111.52189598962657,112.98851013183594,3881100
2026-07-27,113.06725705351614,113.06725705351614,110.60649152835643,111.17738342285156,6719200
2026-07-28,106.895652454234,107.48623467581666,101.47212315725216,103.87383270263672,14291000
2026-07-29,103.39152239626374,104.09037888525611,102.34816024504417,102.91905212402344,6032900
2026-07-30,103.54901115758835,103.8344608620444,101.21621022648358,103.61791229248047,5910500
2026-07-31,104.08053852576037,104.32661508294892,102.23004551918035,102.58439636230469,5610900
2026-08-03,104.04116605607544,105.66527284607663,103.41121066632452,105.19281005859375,5712800
2026-08-04,105.44872206326667,107.70278419578824,103.99195307111485,107.39765167236328,4303200
2026-08-05,107.3090571198475,107.58466916010984,105.24201563067145,106.00977325439453,3936800
2026-08-06,105.48809544141477,105.48809544141477,101.48196943983241,101.58039855957031,8997400
2026-08-07,101.58039951277006,103.59823027980384,100.83233218801399,102.86000061035156,5645300
2026-08-10,102.85999715136246,103.22419314618948,102.09223952249602,103.07654571533203,4650700
2026-08-11,103.2930978266309,104.09038346711745,102.18082698434561,102.79109954833984,4367700
2026-08-12,102.98795286923279,102.98795286923279,101.23588907107064,102.27925872802734,5217400
2026-08-13,102.86000285252895,104.09038566176973,102.68282742761185,103.88368225097656,4253700
2026-08-14,103.9821091071462,104.2380308285946,102.82062746015485,102.86000061035156,4264900
2026-08-17,103.22000122070312,103.23999786376953,101.97000122070312,102.0199966430664,4547500
2026-08-18,102.01000213623047,102.80000305175781,101.33999633789062,101.93000030517578,3624600
2026-08-19,102.62999725341797,104.12999725341797,102.43000030517578,102.86000061035156,4265200
2026-08-20,102.25,103.4000015258789,101.56999969482422,102.58000183105469,3740400
2026-08-21,103.22000122070312,103.4000015258789,101.7699966430664,102.01000213623047,3584100
2026-08-24,102.30000305175781,102.8499984741211,101.8499984741211,102.72000122070312,4256400
2026-08-25,103.08000183105469,106.16999816894531,103.05999755859375,105.13999938964844,7281200
2026-08-26,105.08999633789062,107.11000061035156,104.55000305175781,105.6500015258789,4638200
2026-08-27,104.80000305175781,106.25,104.19999694824219,105.68000030517578,2808500
2026-08-28,105.91999816894531,106.38999938964844,104.88999938964844,105.33000183105469,2343400
2026-08-31,104.87000274658203,105.05000305175781,103.80000305175781,104.2300033569336,5029700
2026-09-01,103.75,103.94999694824219,101.91999816894531,102.66000366210938,3657700
2026-09-02,103.30000305175781,104.1500015258789,102.7300033569336,103.01000213623047,3131200
2026-09-03,103.62000274658203,104.37999725341797,102.25,103.5,4810800
2026-09-04,103.06999969482422,103.45999908447266,102.22000122070312,102.29000091552734,3106400
2026-09-08,102.0199966430664,102.19000244140625,100.47000122070312,100.4800033569336,3704900
2026-09-09,100.11000061035156,100.38999938964844,99.0999984741211,99.22000122070312,3453800
2026-09-10,99.0,100.51000213623047,98.80999755859375,99.97000122070312,2681600
2026-09-11,100.54000091552734,100.88999938964844,99.05000305175781,100.27999877929688,3729900
2026-09-14,100.0,102.61000061035156,99.9800033569336,102.45999908447266,4279400
2026-09-15,102.94000244140625,103.08000183105469,101.94999694824219,102.3499984741211,3904300
2026-09-16,102.0999984741211,102.0999984741211,98.1500015258789,98.7699966430664,4943500
2026-09-17,100.23999786376953,101.05000305175781,99.5,100.16999816894531,3196000
2026-09-18,99.91999816894531,100.0,98.69999694824219,99.05999755859375,9400700
2026-09-21,98.76000213623047,98.80999755859375,94.2300033569336,94.75,9559100
