Date,Open,High,Low,Close,Volume
2021-09-22,39.46725672923022,39.64950302205515,39.37977928731442,39.408939361572266,15907900
2021-09-23,39.51100041345341,39.80988424947897,39.37249143863264,39.6713752746582,14714100
2021-09-24,39.62762958563258,39.78071578576812,39.54744078150709,39.634918212890625,12663900
2021-09-27,39.69323704274502,39.839034610804724,39.64220831105272,39.70781707763672,13118200
2021-09-28,39.693244601218524,39.868199491519604,39.387069371904865,39.48183822631836,19528200
2021-09-29,39.43080935455847,39.84633069372221,39.43080935455847,39.642215728759766,14823000
2021-09-30,39.729697754625754,39.73698638384718,39.36520511467506,39.372493743896484,18736600
2021-10-01,39.379785461568055,39.773438183195545,39.30688526449361,39.583900451660156,18618400
2021-10-04,39.6932494729376,39.98484191951372,39.569320527977666,39.729698181152344,18159200
2021-10-05,39.83174928908017,39.95567821416688,39.598474256883975,39.73698043823242,13218200
2021-10-06,39.613050229347905,39.795296503354685,39.37248381284738,39.751556396484375,21339800
2021-10-07,39.86221117555845,40.09087860589191,39.70730688780671,39.758941650390625,18069600
2021-10-08,39.736807555895695,39.810573506976354,39.25734153634637,39.2720947265625,21384600
2021-10-11,39.286848879088254,39.30898007348132,38.34266712556907,38.490196228027344,32088400
2021-10-12,38.490200188665604,38.490200188665604,37.7009226452634,37.86320495605469,42154000
2021-10-13,37.774679240728304,37.92220833276122,37.516505440083236,37.87794876098633,27246900
2021-10-14,37.81893489679657,38.35003844757218,37.73779376388551,38.29840087890625,27764900
2021-10-15,38.416432307672885,38.95491112896647,38.372172733664435,38.556583404541016,27005500
2021-10-18,38.4754415512729,38.59346426590722,38.091867025240504,38.29103088378906,20853500
2021-10-19,38.35741535634666,38.667223898945515,38.29840259744218,38.6155891418457,16094800
2021-10-20,38.940154337683246,39.640915385006856,38.88851957972203,39.545021057128906,30659500
2021-10-21,39.66305653682431,39.781079280729145,39.14670597703407,39.38275146484375,17771100
2021-10-22,39.40486599401418,39.40486599401418,39.00654113207633,39.04342269897461,16074000
2021-10-25,39.07293564169777,39.16882716896495,38.69673628004337,38.785255432128906,15987400
2021-10-26,38.87376303564324,39.220453121486415,38.77049352863111,39.15406799316406,15185200
2021-10-27,39.220456989225895,39.242588181398844,38.704109403245404,38.8221321105957,15007400
2021-10-28,38.910639649602714,39.20569775828073,38.814745342199956,38.9475212097168,18374700
2021-10-29,38.726234721144486,39.13193756973224,38.65984677763863,39.08768081665039,17763200
2021-11-01,39.27207964436443,39.36797112311778,38.99914995100794,39.058162689208984,14177700
2021-11-02,39.131934429179694,39.16144080478826,38.73360680011253,38.77786636352539,16913800
2021-11-03,38.79262652520572,39.146694654512,38.740991765549595,39.05080032348633,12240000
2021-11-04,39.02867503899887,39.02867503899887,37.767306700738835,38.24677276611328,30807500
2021-11-05,38.372168259115355,38.94752858471522,38.372168259115355,38.53445053100586,17442800
2021-11-08,38.57870270408544,38.66721901738415,38.291022575452466,38.600833892822266,15985200
2021-11-09,38.57870728597003,38.63034204268371,38.350039881633265,38.53445053100586,16014100
2021-11-10,38.66723094859606,38.91802959189823,38.51232664905512,38.80000686645508,16261100
2021-11-11,38.903274802518865,38.903274802518865,38.62296980616591,38.68935775756836,10983700
2021-11-12,38.73361322835447,38.740991230422495,38.57133376334109,38.60821533203125,14378500
2021-11-15,38.68197701522003,38.75574296371055,38.40905004051311,38.65247344970703,14282700
2021-11-16,38.733613109050914,38.81475424824934,38.38692298777123,38.401676177978516,15876100
2021-11-17,38.36479175095999,38.40167613337702,38.069736388806845,38.15825271606445,17679200
2021-11-18,37.988588330525786,38.099235829857136,37.71566139642667,37.79680252075195,19490300
2021-11-19,37.826310915878295,37.85581729465512,37.37634848812275,37.516502380371094,21105200
2021-11-22,37.509125537492594,38.37954404111641,37.361599266817294,38.01810073852539,22751600
2021-11-23,38.03284927016402,38.46805846867217,38.03284927016402,38.17300033569336,21501600
2021-11-24,38.084492408586556,38.43856055780676,38.05498602601399,38.10662078857422,15474500
2021-11-26,37.73042242720614,38.504946641882746,37.69353804383976,38.20988845825195,17048100
2021-11-29,38.069739217300274,38.24677188496862,37.863200167059375,38.10662078857422,18652500
2021-11-30,37.81155963476874,37.885325585433634,36.91163754772342,37.081295013427734,47766200
2021-12-01,37.25095361682275,37.56076217742735,36.6903464440644,36.71247482299805,26295500
2021-12-02,36.75672437905055,37.74516255386288,36.71984000570044,37.42060089111328,27364400
2021-12-03,37.31733504788351,37.98121443874197,37.26570029680373,37.9295768737793,24711700
2021-12-06,38.09186183166236,38.30577885210944,37.59026465938515,37.67140579223633,22433100
2021-12-07,37.61977473232903,37.62714992063845,36.97802642184135,37.46487045288086,27754700
2021-12-08,37.413233509854884,37.50912502169856,36.992777453668914,37.24357604980469,20452700
2021-12-09,37.17718804944634,37.17718804944634,36.78623555922673,37.000152587890625,23628300
2021-12-10,37.12555780130671,37.12555780130671,36.874759175077244,37.02228546142578,18498700
2021-12-13,36.95590053294459,37.28046514280703,36.653467118953344,37.08867645263672,27618800
2021-12-14,37.155060919828635,37.730424122370444,37.01490982394312,37.361602783203125,31555900
2021-12-15,37.49437985195067,37.649284143867675,37.2362032182054,37.287837982177734,24115700
2021-12-16,37.36896782489609,39.03603858715563,37.28782670209057,38.910640716552734,40091300
2021-12-17,39.131935040654454,39.25733573200897,38.62296271592624,39.22045135498047,54501100
2021-12-20,38.89590140998839,39.345863932390124,38.86639502500512,39.16145324707031,23418000
2021-12-21,39.28684553219133,39.3384831054537,38.836885888157454,38.932777404785156,23905300
2021-12-22,38.785252502247914,39.02129792887758,38.40167798050386,38.9254035949707,16486500
2021-12-23,38.98441432278287,39.16144980323032,38.85163841591816,38.85901641845703,14921400
2021-12-27,38.866391607112405,38.962285942933256,38.68935894054846,38.85901641845703,19705800
2021-12-28,38.82212753149038,39.161442423364576,38.80737434307633,38.88851547241211,12126500
2021-12-29,38.925403962648346,39.006545106421875,38.60821739001555,38.62297058105469,15109500
2021-12-30,38.637718662952686,38.77786973846684,38.416426454394454,38.54182434082031,15615500
2021-12-31,38.50494685086914,38.58608799250217,38.26890142823672,38.327911376953125,15911400
2022-01-03,38.40904177300518,38.77048780809982,38.34265384059525,38.681968688964844,18240100
2022-01-04,38.8295048819363,39.61878221581898,38.76311693731612,39.441749572753906,26376800
2022-01-05,39.71468578030285,40.30479941764121,39.47126232209115,39.84746170043945,28697300
2022-01-06,40.1867660769038,40.2384008306665,39.58189940664096,39.655662536621094,21563800
2022-01-07,39.76017758622205,40.58136210982324,39.76017758622205,40.49177932739258,26512500
2022-01-10,40.67841531402696,40.932235592752846,40.17077475657517,40.2155647277832,24929400
2022-01-11,40.252884106654726,40.372331604545,39.685522730601356,40.00653076171875,18598500
2022-01-12,39.857226686271154,40.05879007966895,39.63326830953537,39.90201950073242,12778300
2022-01-13,39.95428466796875,40.33501370280507,39.70046436214925,39.95428466796875,18178200
2022-01-14,40.006533609359835,40.08865234611202,39.62580464998233,39.775108337402344,18695800
2022-01-18,39.640736357596204,39.99160632017673,39.25254331754034,39.88709259033203,21570300
2022-01-19,39.91695514219708,40.073725739605486,39.46903548816303,39.93935012817383,18374200
2022-01-20,39.93188430541197,40.26782047125863,39.62580717027724,39.86469650268555,24297100
2022-01-21,40.11105345547178,40.237965026503225,39.61834380749682,39.68553161621094,25294800
2022-01-24,39.64820116822191,40.09611794339029,38.96885911213814,39.53622055053711,32500600
2022-01-25,39.66312605977543,40.20062553846939,39.01364313268506,39.491424560546875,32075900
2022-01-26,39.28240609862356,39.46157454387739,37.931188679819826,38.08795928955078,41504700
2022-01-27,38.0058429599164,38.87181766363687,37.93119109751081,38.21487045288086,35339600
2022-01-28,38.40148897098848,39.51381954155517,38.2148565351594,39.491424560546875,29490800
2022-01-31,39.20774604195836,39.804969321605036,38.97632077518924,39.7377815246582,25182400
2022-02-01,39.86469962279365,40.01400333139535,38.976327178570756,39.71539306640625,33045600
2022-02-02,39.98413781485978,40.5216373437981,39.79003846869394,40.16330337524414,24160200
2022-02-03,40.312608584834564,40.738130336518346,40.08865021780918,40.15583801269531,21219800
2022-02-04,39.95427499864225,40.18570026046003,39.737780674469334,39.79750442504883,16199800
2022-02-07,39.73778735553595,39.83483704265189,39.200284901091536,39.56608581542969,15438900
2022-02-08,39.57355277448424,39.69299745673205,39.25254750476926,39.43171310424805,13911700
2022-02-09,39.67806579915983,40.05879479969246,39.47650238201234,39.93935012817383,16449300
2022-02-10,39.81990950622241,39.96921607275113,39.49143733808793,39.595951080322266,18644400
2022-02-11,39.5287621279397,39.909491156212816,39.34212963710692,39.80497741699219,18833100
2022-02-14,39.75271966357908,39.902026222483,39.19282220352867,39.76765060424805,16081700
2022-02-15,39.790042234262515,40.006536584018235,39.67806446037147,39.834835052490234,12824100
2022-02-16,39.7079230644669,40.163306744303185,39.63327121600886,39.86469650268555,17277700
2022-02-17,39.64073617392077,40.00653707446783,39.401846836015345,39.99907302856445,17462500
2022-02-18,39.984139875926545,40.28275010788805,39.775109580989565,40.18570327758789,20298500
2022-02-22,40.31261266272797,40.33500764736037,40.00653553234831,40.23796081542969,19858400
2022-02-23,40.23796276944485,40.26035775516478,39.74525314910733,39.872161865234375,17841900
2022-02-24,39.543684256456515,39.68552389267695,38.6030551175226,39.26000213623047,30079700
2022-02-25,39.62579860872447,40.7157313083196,39.62579860872447,40.40218734741211,31444200
2022-02-28,40.16330333509528,40.38726170924447,39.86469311882476,40.066253662109375,30593900
2022-03-01,39.939342756344665,40.45444727323321,39.760174358244036,40.021461486816406,24693100
2022-03-02,40.06625576043107,40.61868910353028,39.96174203687361,40.4171257019043,20712900
2022-03-03,40.59629709202199,41.171125461466346,40.446990541241476,40.80532455444336,27577700
2022-03-04,40.633629044562085,41.35029717726227,40.506717460850126,41.14126968383789,26913800
2022-03-07,40.872515964452155,41.238316903735125,40.68588347146379,40.82025909423828,24962800
2022-03-08,41.029277537124635,41.31295966135721,39.70791943610275,39.75271224975586,36526700
2022-03-09,40.10358739927193,40.17077520461891,39.5735490025188,39.62580871582031,23049800
2022-03-10,39.566080009746365,39.81990025956935,39.40184253992407,39.7377815246582,17501800
2022-03-11,39.83484044765387,39.999077955614055,39.57355324428213,39.595951080322266,20838500
2022-03-14,39.88708680401212,40.06625235838749,39.1480210608046,39.192813873291016,23124100
2022-03-15,39.33466024796182,39.5660855471195,38.97632623002407,39.38691711425781,20477600
2022-03-16,39.46903161257483,39.56608128858711,38.782225530728766,39.18535232543945,28500700
2022-03-17,39.17789304199538,39.2226858660364,38.81955899302484,39.08831024169922,22931500
2022-03-18,38.90912888918802,39.036040424654686,37.923709869384766,37.923709869384766,70390600
2022-03-21,38.34923029400143,38.677705188030245,38.05062011953913,38.147666931152344,39892800
2022-03-22,38.21487206281088,38.41643551714073,38.035706446375116,38.07303237915039,28676600
2022-03-23,38.11035339198004,38.416430557681345,38.043165582543864,38.05063247680664,25988800
2022-03-24,38.10289426448506,38.21487206281088,38.02077550370778,38.07303237915039,21087300
2022-03-25,38.11780885372329,38.41641903560089,38.050621064438474,38.28204345703125,18765800
2022-03-28,38.341770767474216,38.36416575005669,38.03569366511129,38.199928283691406,21688600
2022-03-29,38.31191950052602,38.32685044231035,38.04316824397992,38.25966262817383,28193400
2022-03-30,38.23726184929445,38.54333899006052,38.13274812041611,38.52840805053711,23821200
2022-03-31,38.56573115211655,38.63291895116042,38.02076471444312,38.028228759765625,31027600
2022-04-01,38.08795223790303,38.96139077136824,37.938645702465266,38.90913391113281,30550300
2022-04-04,38.834484120690064,39.19281811601653,38.55080197313707,39.16295623779297,25793000
2022-04-05,38.96885819851813,39.49142965581988,38.91660133756648,39.4018440246582,23150600
2022-04-06,39.42424684773296,39.88709460952677,39.245078410510935,39.71539306640625,28661700
2022-04-07,39.632273235157555,40.03275094974008,39.32246912185636,39.79850769042969,22790600
2022-04-08,39.84384589094448,40.561685532959274,39.670053620976574,40.448341369628906,24852200
2022-04-11,40.70524997138498,41.332415976205354,40.58435088258922,40.72792053222656,33614900
2022-04-12,40.7052474972291,40.84125932416494,40.365217929889525,40.55412292480469,21136400
2022-04-13,40.49368076693389,41.08306351516141,40.49368076693389,40.909271240234375,19798000
2022-04-14,40.80347612947775,40.94704287817319,40.63723882285894,40.67502212524414,16915100
2022-04-18,40.62213462496755,41.015057416259005,40.21410196849655,40.34255599975586,14394300
2022-04-19,40.48612041774986,40.73547351538491,40.395443943644835,40.61457443237305,12890000
2022-04-20,40.62213466913077,41.173739870025955,40.57679930861909,41.11328887939453,19563400
2022-04-21,41.26440415312186,41.94446034934985,41.1586178258727,41.566650390625,32821100
2022-04-22,40.38032932788477,40.455893052806154,38.884202163977925,39.2242317199707,44958400
2022-04-25,38.793538814598975,38.86909967700037,37.43342311413891,37.99258041381836,46028400
2022-04-26,37.97745412403993,38.27214830024172,37.30495288807558,37.33517837524414,29507700
2022-04-27,37.4107560050282,37.4107560050282,36.58712984594239,36.61735534667969,30582000
2022-04-28,36.791141492482524,37.153838793218455,36.49645011578845,36.57201385498047,33011700
2022-04-29,36.39066031262159,36.420885805432256,34.88697519360008,34.985206604003906,41014200
2022-05-02,35.143880850061464,35.55947410776317,34.41848642610048,34.932308197021484,33309400
2022-05-03,35.05321821987342,35.82395111706632,34.803865069804544,35.642601013183594,33263100
2022-05-04,35.69549075341726,36.587119718666436,35.51414068165337,36.549339294433594,29564600
2022-05-05,36.29242769377426,36.51911599984445,35.82394410065486,36.148860931396484,20664300
2022-05-06,35.96751463351581,36.60223561563489,35.90706652603211,36.47378158569336,19322000
2022-05-09,36.36799847464754,36.91960083594755,36.08086201175777,36.738250732421875,24391300
2022-05-10,36.949820162921334,37.35785278340317,36.09596873249407,36.36799240112305,23007300
2022-05-11,36.40577402973018,36.66268496054765,35.98262576648326,36.1790885925293,20133200
2022-05-12,36.1262004007764,36.40577904912192,35.82395118786191,36.31510543823242,21623900
2022-05-13,36.458666334180464,36.609790916203075,35.97506997767743,36.4057731628418,21080500
2022-05-16,36.254652307411604,37.17650975829118,36.08841496185313,37.05561065673828,22754700
2022-05-17,36.98759550255501,37.18405541263318,36.6702336386303,36.980037689208984,22043100
2022-05-18,36.987602798520385,37.37296776380684,36.74580460805402,36.942264556884766,22365100
2022-05-19,36.617348132373365,37.16139550860758,36.3679950065739,37.10094451904297,23186400
2022-05-20,37.05560158248749,37.47874689307098,36.964925116681385,37.42585372924805,24181800
2022-05-23,37.622327034353944,37.98502435153201,37.40319650445614,37.53165054321289,16761800
2022-05-24,37.546757607744034,38.40060903405921,36.91959449250238,38.294822692871094,25414700
2022-05-25,38.158811708440105,38.74063948038499,38.07569304352488,38.71797180175781,19831500
2022-05-26,38.770866180922916,38.99755162163912,38.46861700499347,38.52906799316406,15500400
2022-05-27,38.347716825827604,38.861538680888835,38.18147949552495,38.838871002197266,13347300
2022-05-31,38.733078189725035,38.95976648549913,38.423274118956705,38.7557487487793,25016600
2022-06-01,38.86909361296546,39.012663264576545,38.57440226012834,38.838871002197266,15358100
2022-06-02,38.95220867166057,38.98243416209198,38.07568962637984,38.7557487487793,13527800
2022-06-03,38.49127966674079,38.72552289167409,38.302374677025306,38.39305114746094,10819800
2022-06-06,38.48372855358415,38.80108758421136,38.32504903827055,38.71797180175781,12898100
2022-06-07,38.649968582192024,39.065559053325536,38.48373124075387,39.02777862548828,15383000
2022-06-08,39.088221299933025,39.26201354979525,38.86909081349139,38.95220947265625,13249700
2022-06-09,39.00510526943008,39.11844942728647,38.47617067020308,38.49128341674805,12078400
2022-06-10,38.272154046682466,38.838869045108396,38.13614221646332,38.40060806274414,19868500
2022-06-13,38.249486778067336,38.377943687644354,37.32763226137543,37.47119903564453,23762500
2022-06-14,37.47119520579238,37.66010020221552,36.94981845335065,37.146278381347656,20278700
2022-06-15,37.19918102552968,37.65255486191043,36.72313950619167,37.13873291015625,22005600
2022-06-16,36.66268181719068,37.00271138506968,36.277314012773985,36.90447998046875,22029300
2022-06-17,36.73068710905284,37.3956334880432,36.67023612802579,37.04804611206055,36469500
2022-06-21,37.259621090084146,38.46861186741468,37.19161517870547,38.272151947021484,34258500
2022-06-22,37.97746056484151,38.6650746610063,37.93968014070398,38.3779411315918,23650600
2022-06-23,38.55929401112445,39.428258306839794,38.55929401112445,39.360252380371094,21736400
2022-06-24,39.31490657943621,39.40558305227568,38.211702102042594,38.50639343261719,28490700
2022-06-27,38.755749409233516,38.90687398150449,38.27215308393557,38.50639343261719,16974900
2022-06-28,38.5895106316139,38.76330287428929,38.10591432461083,38.12858200073242,16615700
2022-06-29,38.14369889359892,38.536621656382934,38.02279980370089,38.49128341674805,13901400
2022-06-30,38.28726629797241,38.702859628707024,38.1285867803074,38.34771728515625,18880500
2022-07-01,38.50639980887708,39.11845313081653,38.2192662447235,39.02022171020508,14189300
2022-07-05,38.853981018066406,38.88420651141431,38.143699219160844,38.853981018066406,19675600
2022-07-06,38.85397970970878,39.20912203843345,38.63485209646956,38.9219856262207,14938900
2022-07-07,38.990849821294,39.06736423053955,38.531775040725776,38.79956817626953,13617100
2022-07-08,38.65419370726448,38.96024257643273,38.570029319657216,38.63124084472656,13959200
2022-07-11,38.5394182428879,38.82251712920762,38.45525386688613,38.638885498046875,12259000
2022-07-12,38.7536621726595,39.29690134015473,38.470563238562335,38.853126525878906,20528700
2022-07-13,38.59298296929407,39.09031640508398,38.40935422779327,38.646541595458984,13362500
2022-07-14,38.19511602542288,38.68479946979916,38.04974303147243,38.63124084472656,10271700
2022-07-15,39.021459354221555,39.0520651208761,38.52412586162811,39.03676223754883,13021300
2022-07-18,39.06735880076787,39.1515202611514,38.38639378739451,38.470558166503906,16173100
2022-07-19,38.623588391367804,38.684799917144986,38.43995965148863,38.60063552856445,14638500
2022-07-20,38.61594005462657,38.67714866428438,37.498853011426746,37.544761657714844,29611400
2022-07-21,36.44297426411677,36.634255879941215,35.716103540238706,36.46592712402344,32321000
2022-07-22,35.157566093767684,35.33354485271107,33.489589955767975,34.0098762512207,58265000
2022-07-25,33.95631291676285,34.277664627126384,33.703819785426525,34.2470588684082,27180700
2022-07-26,34.04813219098488,34.56076558927629,33.87215343103143,34.369483947753906,20571800
2022-07-27,34.28532018104475,34.499554671209644,34.0098741687036,34.36183166503906,21560500
2022-07-28,34.308273772332036,34.98158593696412,34.239412267781866,34.85151290893555,22051900
2022-07-29,34.973929985488155,35.57838059282825,34.8744656466037,35.341190338134766,23129800
2022-08-01,35.41771210057652,35.57838799100932,35.13461314841234,35.39475631713867,18612100
2022-08-02,35.3871067944436,35.52482982195253,34.66788880979536,34.69084167480469,18710300
2022-08-03,34.78264992071316,34.89742006297656,34.56841543512918,34.68318557739258,17314100
2022-08-04,34.59902234008476,34.59902234008476,33.94101306262332,33.994571685791016,29704300
2022-08-05,34.0328303646933,34.41539365960045,33.94101599115894,34.39244079589844,17297500
2022-08-08,34.3924409527654,34.4383466803788,33.933363245547135,34.078739166259766,20597000
2022-08-09,34.13229723831774,34.315925983232894,33.96396845654029,34.185855865478516,14554000
2022-08-10,34.438343422999964,34.476602084027505,34.162900327193604,34.30827331542969,16402700
2022-08-11,34.40009409618344,34.62963151152628,34.23176821491954,34.26237106323242,15407300
2022-08-12,34.392437674193324,34.629625027522096,34.28532042833827,34.54546356201172,15090900
2022-08-15,34.453649922920334,34.92037761671462,34.38478841205354,34.859169006347656,15713600
2022-08-16,34.813259696348425,35.23407873530628,34.721445323183836,35.04279708862305,14112800
2022-08-17,34.75970318855915,34.981590612737584,34.62963014314451,34.69084167480469,11294400
2022-08-18,33.98692237231076,34.07108676580547,33.59670908823918,33.810943603515625,25957400
2022-08-19,33.74207157008165,34.040473304524255,33.63495434584734,33.98691177368164,19485400
2022-08-22,33.97162455140447,34.0251831836017,33.734434238297744,33.7956428527832,15031400
2022-08-23,33.665567860715726,33.76503512845661,33.22179306519957,33.26005172729492,19014200
2022-08-24,33.321258544921875,33.38247006600893,33.06876831725272,33.321258544921875,17384400
2022-08-25,33.39777515130844,33.52784526411711,33.22179347592728,33.466636657714844,14327600
2022-08-26,33.35186754821327,33.43603193852815,33.08407441423526,33.09172439575195,16795700
2022-08-29,32.91574474529235,33.33656376678363,32.91574474529235,33.15293502807617,15039500
2022-08-30,33.1911918638894,33.1911918638894,32.517879656119334,32.54083251953125,20705100
2022-08-31,32.49491821409577,32.586732562230836,31.951676267376662,31.98993492126465,28368200
2022-09-01,31.859861919241595,32.17356361753478,31.859861919241595,31.98993492126465,21641700
2022-09-02,32.135314888486604,32.29599076243477,31.48495849275769,31.5997257232666,21155700
2022-09-06,31.63797885556118,31.898121976127328,31.439047254528667,31.446697235107422,23898600
2022-09-07,31.477307934549128,31.867524135997193,31.370190677281457,31.4314022064209,25548300
2022-09-08,31.370188122184793,31.921080164664296,31.148300725216533,31.615028381347656,28753200
2022-09-09,31.890474918548517,32.38015544479687,31.729799043134435,32.318946838378906,20259500
2022-09-12,32.58674201276964,32.785673644542385,32.449018991262996,32.71681213378906,18553200
2022-09-13,32.441368018748925,32.602043899357554,31.806311559115404,31.944034576416016,21284500
2022-09-14,31.944035406915837,32.081758427797055,31.354887577307593,31.58442497253418,23152200
2022-09-15,31.39314842224121,31.576780119483594,31.14830810506924,31.39314842224121,22763400
2022-09-16,31.354891198603116,31.783363192911246,31.11005089292038,31.56147575378418,45069300
2022-09-19,31.416092848226732,31.56146582187714,31.132993962402505,31.553815841674805,18960900
2022-09-20,31.36253983697594,31.36253983697594,30.964673664639914,31.056488037109375,15561200
2022-09-21,31.132997689770775,31.293676480514474,30.1995453008642,30.207195281982422,25612100
2022-09-22,30.199546613869266,30.91111455657146,30.038867816139632,30.551504135131836,19806400
2022-09-23,30.268408268897634,30.505595638466637,29.924100727412995,30.237802505493164,19439700
2022-09-26,30.015918179460908,30.130688344643502,29.556843356183624,29.786380767822266,21345700
2022-09-27,29.992961922783454,30.375525205169147,29.67160724784184,29.75577163696289,20357700
2022-09-28,29.885845922428583,30.23015055601534,29.847587257606644,30.138336181640625,20567400
2022-09-29,29.92410363747965,29.99296515247324,29.419120167102168,29.56449317932129,17806900
2022-09-30,29.487980844980648,29.679262501340833,29.03655601922155,29.05185890197754,23523600
2022-10-03,29.457375019713975,30.12303436525372,29.373210624089992,29.962358474731445,21495300
2022-10-04,30.222497911786302,30.49029102959018,30.031216279433224,30.459688186645508,25922500
2022-10-05,30.100081723189664,30.314316245470796,29.74047127330937,30.1459903717041,17797900
2022-10-06,30.70849629714301,30.85631924987438,29.385859724573468,29.44032096862793,36663300
2022-10-07,29.27694263778133,29.33140389188338,28.63896540294387,28.67008399963379,31838700
2022-10-10,28.887923237654775,29.035746172902204,28.296625560835345,28.491130828857422,21622200
2022-10-11,28.444453327681142,28.545593936780666,27.954299189134403,27.962078094482422,27708900
2022-10-12,27.930965591379636,28.16437138557544,27.697556829268137,27.75979995727539,23336800
2022-10-13,27.324107513926943,28.467799786754142,27.261867352584954,28.319976806640625,33118100
2022-10-14,28.631180329911267,28.716763139059918,28.273291280667287,28.304412841796875,26019000
2022-10-17,28.5689355780522,29.020186270151058,28.467792004615493,28.92682456970215,21962900
2022-10-18,29.308059122374825,29.33140177810476,28.654524120247533,28.84124755859375,27488600
2022-10-19,28.452239990234375,29.074656464798156,28.444461082765518,28.452239990234375,29563600
2022-10-20,28.45223387868287,29.199133487725067,28.436673099171756,28.78678321838379,35523700
2022-10-21,27.635309255995367,27.77535328852913,26.88062785488731,27.50304412841797,51671100
2022-10-24,27.744234505837444,28.312189597694474,27.674212482572045,27.985422134399414,28844800
2022-10-25,27.93874182753919,28.38221368449097,27.8531590186686,28.343313217163086,25496500
2022-10-26,28.3044127498352,28.561158208531563,28.16436869312249,28.343313217163086,20328200
2022-10-27,28.54559510135412,28.568937754180592,28.109905154128906,28.148805618286133,20268000
2022-10-28,28.631180158063202,29.595927771881886,28.45223563451526,29.30805778503418,31824300
2022-10-31,29.183578041404687,29.206920698894752,28.802349261417493,29.074655532836914,26630600
2022-11-01,29.549249006952852,29.634831825946318,29.02019427855303,29.074655532836914,22968900
2022-11-02,28.981289053609093,29.837111167354927,28.911267028454233,29.33917808532715,30648900
2022-11-03,29.06687189544322,29.206915945930614,28.88014550548827,28.903488159179688,22329800
2022-11-04,29.059094406950756,29.07465518912159,28.63118328495788,28.973514556884766,17599400
2022-11-07,29.035752050333834,29.13689564119501,28.77122471356146,28.934608459472656,19697600
2022-11-08,28.94239217614665,29.55702969893633,28.91127061268285,29.463665008544922,17392700
2022-11-09,29.502563181640582,29.665949893145285,29.245817722845334,29.26915740966797,17574600
2022-11-10,29.79820621153186,29.992711477883784,29.424756456285944,29.969371795654297,23049000
2022-11-11,29.992715436064028,30.101637924729385,29.416981433714223,29.79821014404297,22981000
2022-11-14,29.91491461552746,30.335046760124907,29.79821025272309,29.805992126464844,23028500
2022-11-15,29.94604322161382,30.21057060069285,29.14467920880374,29.331405639648438,25074100
2022-11-16,29.300273774122438,29.619262298424005,29.27693409143924,29.471439361572266,18962200
2022-11-17,29.214693805779582,29.704847964934274,29.01240961116068,29.689287185668945,18780400
2022-11-18,29.790431635057633,30.16388144456264,29.790431635057633,29.99271583557129,17821700
2022-11-21,30.031613675376978,30.443966882086325,29.969373529858494,30.04717445373535,19184200
2022-11-22,30.21834782739249,30.591797700392043,30.21834782739249,30.498435974121094,19809500
2022-11-23,30.366169056786887,30.498434215299213,30.039401549725127,30.28058624267578,14170000
2022-11-25,30.420621411112176,30.6229085431074,30.319480813029294,30.358381271362305,7725700
2022-11-28,30.350603359519834,30.41284647530679,29.66594689335401,29.751529693603516,21560900
2022-11-29,29.58036959277563,29.852675855183772,29.525908340294002,29.829336166381836,14008800
2022-11-30,29.728188129994514,30.45174805398449,29.681508759359822,30.3272647857666,31358800
2022-12-01,30.48287102041648,30.521771487046504,29.416982801593903,29.82155418395996,26276600
2022-12-02,29.51034584070992,29.798212868201688,29.33140131184123,29.704851150512695,21677100
2022-12-05,29.549246778813856,29.650390372535455,28.70898537042481,28.84124755859375,27561000
2022-12-06,28.779008208013604,28.84124836656746,28.498920074732208,28.701204299926758,26293700
2022-12-07,28.58450190379586,29.02797377689094,28.530037686055717,28.919048309326172,23065900
2022-12-08,28.87236965850685,28.973513254111555,28.685643248768596,28.864587783813477,19549100
2022-12-09,28.950162231365546,29.27693261199213,28.755656971061427,29.09798812866211,20671200
2022-12-12,29.323620326121254,29.533686423224538,29.004631727093805,29.525907516479492,19629600
2022-12-13,29.868237179358687,30.04718172189262,29.440326058697917,29.455886840820312,30176800
2022-12-14,29.463663630765534,29.634829253896754,28.97351238475151,29.13689613342285,23329800
2022-12-15,29.37029966330272,29.829332280068304,29.300277638104063,29.385860443115234,33007200
2022-12-16,29.18357189144931,29.230254228676152,28.53003400984924,28.880144119262695,62763800
2022-12-19,29.043530249927922,29.15245273342063,28.460014401575485,28.810121536254883,26127200
2022-12-20,28.779010772705078,28.95017344991835,28.491140739003146,28.779010772705078,24147300
2022-12-21,28.996851004890736,29.448101765740805,28.97351131820128,29.393640518188477,24504300
2022-12-22,29.315837957767823,29.813771032291356,29.07465032633257,29.805992126464844,26865300
2022-12-23,29.8059881429718,29.984932632218527,29.502557433816218,29.8837890625,16918300
2022-12-27,29.94603397942072,30.65403307434194,29.813768846744,30.537328720092773,25315900
2022-12-28,30.490649425382248,30.856320335107515,30.023837897664496,30.195003509521484,21793200
2022-12-29,30.26502934606562,30.755180621508398,30.195007311300124,30.545114517211914,17347000
2022-12-30,30.584013543574084,30.879659454005225,30.397287155167078,30.654035568237305,44007200
2023-01-03,30.941906161174145,31.29979523188449,30.638478341749483,31.21421241760254,31330700
2023-01-04,31.54097883663912,32.225635327007524,31.323130891598975,32.0000114440918,28779500
2023-01-05,32.054478421456146,32.63799440133247,31.75882949396906,32.44348907470703,29987200
2023-01-06,32.614640991598954,33.12813773380025,32.58352240521399,32.82470703125,26010400
2023-01-09,32.700641790693496,32.92981267203238,32.645324369552384,32.6927375793457,23062200
2023-01-10,32.684843440023435,33.17479913931237,32.534693537727954,33.151092529296875,16695300
2023-01-11,33.30123650967105,33.33284732998128,32.41615464300079,32.54259490966797,20674800
2023-01-12,32.70064985718183,33.15109354877249,32.495182515482234,33.04045867919922,16980300
2023-01-13,32.91401900604888,33.12738453584209,32.692746248237825,33.07997131347656,17229800
2023-01-17,33.07205537925364,33.12737279545831,32.23438992554129,32.281803131103516,28697000
2023-01-18,32.28971759824901,32.28971759824901,31.46785427561874,31.586393356323242,22976500
2023-01-19,31.380920621561135,31.831364227453513,31.191261742539886,31.65751075744629,24812600
2023-01-20,31.64170870651469,31.704927334706554,31.183360840184832,31.610097885131836,23377900
2023-01-23,31.602192666828373,31.878779782307955,31.151746055860464,31.31770133972168,34249300
2023-01-24,30.574866844775112,32.18698259999279,30.35359711881054,31.94200325012207,32143900
2023-01-25,32.03683432154876,32.47147255629873,31.538974445233954,31.870882034301758,26527000
2023-01-26,31.910387858233527,32.060534705941336,31.554773729901132,31.82345962524414,19568100
2023-01-27,31.783947843501362,32.147463170830875,31.4283337126037,32.11585235595703,17254000
2023-01-30,32.27390901260062,32.60581358261422,32.16327415592942,32.43986129760742,22272600
2023-01-31,32.46356617470912,32.858692327675456,32.40824573988639,32.85078811645508,18665200
2023-02-01,33.1826957801314,33.190596976808855,32.50307831208406,32.94561767578125,19542000
2023-02-02,32.9851325125961,33.13527936518811,32.55839554471568,33.05625534057617,18443800
2023-02-03,33.01673991077975,33.16688977611272,32.510978924459394,32.80337142944336,18314400
2023-02-06,32.803377880012164,32.86659952302096,32.32132641765244,32.621620178222656,15530700
2023-02-07,32.39244794816634,32.56630143025878,31.704926173844854,32.044734954833984,21668500
2023-02-08,32.02892780866935,32.16327228005878,31.704924455354774,32.021026611328125,14080200
2023-02-09,32.1000520154905,32.131662835354085,31.41253326361282,31.459949493408203,17485700
2023-02-10,31.61009311160607,31.665410533385508,31.388823424488315,31.61799430847168,15398500
2023-02-13,31.617998641136108,31.98151705280886,31.51526799493889,31.862977981567383,14486000
2023-02-14,31.973612679983926,32.06844514233118,31.538974445233954,31.870882034301758,12292400
2023-02-15,31.79185559564518,31.926200079275212,31.689121933407378,31.9103946685791,11265200
2023-02-16,31.65750666965096,31.776042700089818,31.373015373280673,31.48365020751953,16625900
2023-02-17,31.483654065522312,31.91829225953825,31.341408399906406,31.783950805664062,15029200
2023-02-21,31.531065272792716,31.594283883795118,30.946277294512086,30.977888107299805,17805500
2023-02-22,31.120139947486884,31.28609222581032,30.843549802374188,31.041112899780273,15086800
2023-02-23,30.91466853957212,31.072719599458402,30.440518374486494,30.44841957092285,16738200
2023-02-24,30.211340051816027,30.63017273662146,30.100705230514425,30.614370346069336,16431500
2023-02-27,30.81193815255476,30.938378398532045,30.527446845462553,30.72500991821289,14210900
2023-02-28,30.582774267134415,30.796142817238344,30.464235178885264,30.669702529907227,16685300
2023-03-01,30.59066977679041,30.59066977679041,30.148130360724608,30.266666412353516,18411700
2023-03-02,30.108612611041927,30.393103932588204,29.982172358640625,30.353591918945312,18818900
2023-03-03,30.37729776598728,30.432615186621266,30.077004058138016,30.23505210876465,23407500
2023-03-06,30.32198197748339,30.52744927767495,30.069101465381078,30.148128509521484,22925600
2023-03-07,30.10861434986409,30.148129380362448,29.579146704410206,29.958467483520508,23713500
2023-03-08,29.87153728222441,29.87944149363554,29.515923133058074,29.65816879272461,20295600
2023-03-09,29.713482731685733,29.752997754963193,28.860011888292533,28.883718490600586,26506900
2023-03-10,28.95484700569841,29.176116709611502,28.773089318259284,28.98645782470703,23940700
2023-03-13,28.87582397460937,29.50012410610866,28.7572849065011,28.875823974609375,21834500
2023-03-14,28.970653771054618,29.191923485323326,28.84421350367625,29.14451026916504,22433200
2023-03-15,28.994360942171276,29.444804591864685,28.860019474349023,29.28675651550293,21722200
2023-03-16,29.09709143295012,29.144507659436307,28.79679469435123,28.907432556152344,29164400
2023-03-17,28.883721449684813,29.104994147330057,28.575523529813708,29.073383331298828,47352500
2023-03-20,29.207723982348803,29.800413201217438,29.184017378257497,29.579143524169922,19247800
2023-03-21,29.808321787360526,29.847833804836423,29.523830438216145,29.824127197265625,16648100
2023-03-22,29.863642429067152,29.990082707343444,29.468516182631994,29.48432159423828,15321800
2023-03-23,29.47641513009358,29.73719987982071,29.36578027187254,29.5317325592041,15799000
2023-03-24,29.658176361630545,29.792520858744677,29.436906618823922,29.760910034179688,14957700
2023-03-27,30.02169383493851,30.203451548392596,29.792519886184813,30.069107055664062,14472800
2023-03-28,30.045396016126016,30.274569931095787,29.966368968943193,30.029590606689453,13092600
2023-03-29,30.274569295811425,30.432617357713355,30.156030234811432,30.408910751342773,12308900
2023-03-30,30.46422875324312,30.622279832713783,30.377300508805575,30.551156997680664,13918700
2023-03-31,30.65388613544367,30.859350398284022,30.46422426510606,30.73291015625,22801500
2023-04-03,30.859355552170115,31.278191373199157,30.83564894488356,30.99370002746582,19354900
2023-04-04,31.049021873660234,31.3335132598877,30.98580022579898,31.333513259887695,18577100
2023-04-05,31.396730422296468,31.79976087209551,31.27029014707154,31.6970272064209,23561300
2023-04-06,31.7315668617979,31.95649850702526,31.4584342649659,31.715499877929688,21546600
2023-04-10,31.498599092203264,31.611064910888672,31.321868404753506,31.611064910888672,16114300
2023-04-11,31.594997887351116,31.89222938816409,31.546796942166544,31.691396713256836,12539700
2023-04-12,31.62713675812434,31.836004508773573,31.410237046818224,31.490571975708008,13095200
2023-04-13,31.482533604038274,31.58696746826172,31.26563391578829,31.58696746826172,13515800
2023-04-14,31.62713344992787,31.66729937793931,31.241535024983087,31.506635665893555,11008400
2023-04-17,31.50663469872479,31.739598299825328,31.44236676430824,31.699432373046875,11572900
2023-04-18,31.707471407172243,31.723538392808397,31.24957304216647,31.28170394897461,16588500
2023-04-19,31.265635345354298,31.32187132440273,30.944304842652468,31.008569717407227,17701200
2023-04-20,30.25344005031883,30.365905880349928,29.70717482062718,29.875873565673828,31521300
2023-04-21,30.068667768938106,30.068667768938106,29.763401250748455,29.980300903320312,23823800
2023-04-24,29.875875420178414,30.116877144592376,29.707176664660018,29.80357551574707,20362500
2023-04-25,29.490273811773694,30.01244007312747,29.377807986734762,29.9642391204834,24959400
2023-04-26,29.803573492895953,30.07670610615785,29.578641834138164,29.658973693847656,21499300
2023-04-27,29.88390725223603,31.17727036860785,29.82767433973846,31.161203384399414,28841000
2023-04-28,30.97643301454789,31.32989742070283,30.896098105560334,31.19333267211914,19197500
2023-05-01,31.46645899347912,31.474494015798644,31.072828704789945,31.096927642822266,17043500
2023-05-02,30.904135960259705,30.936266862335263,30.116872166829804,30.2614688873291,17268700
2023-05-03,30.49443487865532,30.767567459316137,30.213270338767853,30.510501861572266,16703200
2023-05-04,30.414108357701295,30.494440221898152,29.95620998995799,30.00440788269043,16163100
2023-05-05,30.140965789619095,30.398031347633754,29.851766270736807,30.389999389648438,15817400
2023-05-08,30.269498568626425,30.454264246920513,30.07669786788384,30.389999389648438,10672400
2023-05-09,30.38197553958711,30.38197553958711,30.06867696707617,30.181142807006836,12226800
2023-05-10,30.37394514171142,30.390012128880375,29.95621266871194,30.229345321655273,14427500
2023-05-11,30.052608483683176,30.23737422071733,29.98030858097728,30.20524024963379,11068700
2023-05-12,30.23736860666002,30.317703519453403,30.05260290393061,30.197202682495117,10670700
2023-05-15,30.22934199385867,30.22934199385867,29.49831101270123,29.538476943969727,20408700
2023-05-16,29.41796982454614,29.546502615927608,28.95203960496213,28.960071563720703,20244700
2023-05-17,29.096646224329493,29.19304507443093,28.95204641694524,29.064512252807617,16741100
2023-05-18,28.927935882394078,29.056468666144934,28.694972318664163,29.024337768554688,20365900
2023-05-19,29.096639378324216,29.33763797910653,28.94400458174009,28.960071563720703,16829200
2023-05-22,29.120742093360793,29.185010029612936,28.847609493216925,28.887775421142578,16634300
2023-05-23,28.87170924949562,29.650941143928247,28.75924342235358,29.11271095275879,21539700
2023-05-24,29.10467119447708,29.120738176378975,28.799404667268032,28.815471649169922,16044200
2023-05-25,28.550378317102243,28.566445301372315,27.907714268618978,27.97197914123535,32465900
2023-05-26,27.988048144167575,28.164781919421515,27.851480300253858,28.116580963134766,18216700
2023-05-30,28.092483988830956,28.221016816818935,27.93984914877599,28.036251068115234,19353300
2023-05-31,28.004109908419217,28.903839473441067,28.004109908419217,28.6226749420166,53756700
2023-06-01,28.59857490540248,28.839576594034067,28.453975118009037,28.694976806640625,20565300
2023-06-02,27.63458642987979,28.036251912497434,27.088321128362637,27.779186248779297,61527900
2023-06-05,27.93984300422708,28.237077593458533,27.674745445505454,27.682777404785156,30125600
2023-06-06,27.71491685114447,27.90771762108193,27.578352065139654,27.87558364868164,18406700
2023-06-07,27.891648833638673,28.34151216033344,27.819348932639286,28.3254451751709,25494100
2023-06-08,28.309381481059248,28.47004520504242,28.10051373673856,28.462013244628906,17749700
2023-06-09,28.486109415602307,28.61464222094738,28.325442642805015,28.494144439697266,14953900
2023-06-12,28.646775270278486,28.743174105081785,28.405776651038387,28.606609344482422,14044500
2023-06-13,28.51824517687541,28.75121185886209,28.453977237928466,28.502178192138672,17706700
2023-06-14,28.62268060283999,28.903845189871515,28.614645577802424,28.703012466430664,16538700
2023-06-15,28.727109343916556,29.29747656640801,28.662844470564693,29.273374557495117,18890900
2023-06-16,29.337641106108727,29.474205870804752,29.056473488174408,29.289440155029297,36102100
2023-06-20,28.984178367215225,29.056475201401437,28.74317666207193,28.76727867126465,17687900
2023-06-21,28.67890660504397,28.89580626179585,28.51823985213923,28.783340454101562,17121200
2023-06-22,28.77530520410362,28.85563704769085,28.574472530672153,28.79940414428711,12431200
2023-06-23,28.879739289466606,28.98417313855822,28.502172879686995,28.52627182006836,18991500
2023-06-26,28.646774625414807,29.03237302041155,28.518241827082555,29.00827407836914,15840000
2023-06-27,29.2171384252651,29.466172060169214,29.09664065183171,29.361738204956055,17757800
2023-06-28,29.321578153325966,29.610777770631948,29.112713465529545,29.578643798828125,16756400
2023-06-29,29.554545072533475,29.739310815086547,29.45011119562461,29.715211868286133,16740800
2023-06-30,29.72324180555506,29.924074520457456,29.602740950828004,29.875873565673828,19098300
2023-07-03,29.859810441350138,30.028512272672447,29.691111674492262,29.948177337646484,10367100
2023-07-05,29.94817605104634,30.269509648416552,29.908010117491134,30.108842849731445,19868300
2023-07-06,30.044576480883897,30.05260844141141,29.77144385598626,29.82767677307129,21558200
2023-07-07,29.61752347780026,29.723823769776935,29.331322465735237,29.35585594177246,20482700
2023-07-10,29.372206372247994,29.404915592900565,28.619913013176664,28.734392166137695,30326400
2023-07-11,28.718036582139767,28.79980963099872,28.382774880125222,28.611736297607422,28340300
2023-07-12,28.701683122736338,28.81616539572734,28.38277601771173,28.505434036254883,27299600
2023-07-13,28.47272318665953,28.50543240564302,28.145637235470264,28.32553482055664,25641900
2023-07-14,28.153819632089792,28.21105921283084,27.76131831301267,27.810379028320312,31576000
2023-07-17,27.51599882868217,27.51599882868217,25.553489581122946,25.725208282470703,97510600
2023-07-18,26.183128157691183,27.107143222082456,26.142241638222714,26.387556076049805,79722200
2023-07-19,27.565061206221348,27.933032102399327,27.115320386147214,27.777667999267578,61881000
2023-07-20,27.720426910799137,27.802196830217845,27.401516738692226,27.50782012939453,32839900
2023-07-21,27.40151926734024,27.75313556806876,27.278864376893424,27.70407485961914,25179400
2023-07-24,27.704074875844015,28.292825212843617,27.56506225673556,27.785844802856445,30784200
2023-07-25,28.32553212631684,28.57902387034329,27.573238877189347,27.998449325561523,35719500
2023-07-26,27.679541052475585,28.30100371947816,27.614125735556893,28.08022117614746,27916000
2023-07-27,27.990275088899764,28.301006452407293,27.426055058785042,27.43423080444336,28097500
2023-07-28,27.532353989813565,28.06386789173361,27.524178244558847,27.826730728149414,30642100
2023-07-31,27.802202024923584,27.90032657042462,27.671368257814514,27.86762046813965,24500400
2023-08-01,28.039337984076322,28.047513729461503,27.246156550828083,27.336105346679688,27289500
2023-08-02,27.368814709180864,27.556888047247217,27.164386760936186,27.246156692504883,20481600
2023-08-03,27.025371398528417,27.188914364434655,26.76370390080749,27.033550262451172,20465700
2023-08-04,26.9844889048088,27.009019260175293,26.600163367678192,26.673757553100586,24584000
2023-08-07,26.69828824865216,26.84547660417549,26.31396275152762,26.600160598754883,24314000
2023-08-08,26.534748990876665,26.829125743038436,26.51839438027623,26.63287353515625,22178900
2023-08-09,26.58380771827984,26.845478349024205,26.444798217540846,26.747350692749023,20798500
2023-08-10,26.861830425001724,27.24615595548895,26.837300070059253,27.000843048095703,19031600
2023-08-11,26.951777965992555,27.327924614464624,26.943602221166078,27.27886390686035,15271400
2023-08-14,27.139852012910097,27.466937962487556,27.098967049043612,27.442407608032227,17934000
2023-08-15,27.270682415215564,27.401516155092477,27.156203282738566,27.19708824157715,15528600
2023-08-16,27.229799212884323,27.50782131797238,27.098965464567744,27.20526885986328,17395100
2023-08-17,27.278863151649215,27.37698768346391,26.86182843262218,27.033550262451172,19128000
2023-08-18,26.870008213563736,27.32792479054181,26.870008213563736,27.131675720214844,21722700
2023-08-21,27.107141710777686,27.16438127518102,26.796410418786486,26.98448371887207,27074400
2023-08-22,27.04990669630506,27.24615577317736,26.894539464514757,27.14803123474121,21722000
2023-08-23,27.148029480401217,27.28703897425922,26.992662258650935,27.139850616455078,15766400
2023-08-24,26.99266382428342,27.458762397246346,26.984488079185706,27.29521942138672,18561400
2023-08-25,27.254335612383024,27.409699730406974,27.000843833090624,27.270687103271484,14912100
2023-08-28,27.376991226866057,27.491470382020662,27.1970936291528,27.43423080444336,16050400
2023-08-29,27.79402685971733,28.41548648663509,27.7613176374261,28.366422653198242,28782800
2023-08-30,28.52996276021923,28.579026588694465,28.251940637505196,28.32553482055664,15021400
2023-08-31,28.497252281983748,28.734389430151083,28.423658102184323,28.60355567932129,24333200
2023-09-01,28.611737444370746,28.742571208466046,28.489079425827597,28.505434036254883,14748700
2023-09-05,28.497254825452508,28.677152418645893,28.047513961791992,28.047513961791992,17486000
2023-09-06,27.883968162372327,28.161990269533337,27.794022494183658,27.949386596679688,19187100
2023-09-07,27.949387800545253,28.227409919681527,27.59777149930459,27.646835327148438,26605800
2023-09-08,27.646835686096974,27.663190295590596,27.1725613687504,27.352458953857422,24872400
2023-09-11,27.55688660790869,27.875793691421713,27.458762071286863,27.753135681152344,18883900
2023-09-12,27.908499798481515,27.949384757572012,27.638653453703864,27.83490562438965,15784400
2023-09-13,28.047511379024993,28.047511379024993,27.401518371428875,27.687719345092773,21027900
2023-09-14,28.02297893166388,28.11292771325643,27.753132586886224,27.83490562438965,26570100
2023-09-15,27.769489307974517,27.941208020817893,27.524176415437886,27.63047981262207,38205200
2023-09-18,27.720428969395652,27.777668541104013,27.409697637748323,27.41787338256836,16233700
2023-09-19,27.458757554248447,27.581412425017984,27.188911223775385,27.311569213867188,23379300
2023-09-20,27.45876523784934,27.753138881662178,27.278867633861104,27.475116729736328,23742000
2023-09-21,27.409697698897087,27.67954094907812,27.197090901229398,27.22162437438965,17993800
2023-09-22,27.197091054360804,27.40151898901852,26.927247802660435,27.21344566345215,22740000
2023-09-25,27.123499766142086,27.18891820948509,26.878186842251946,27.115324020385742,17616900
2023-09-26,26.894541490385574,27.123499803757486,26.829126166274914,26.976314544677734,18841600
2023-09-27,26.943601054477885,26.992661759957773,26.42026606720857,26.493860244750977,22083500
2023-09-28,26.493863124276654,26.673757596125974,26.493863124276654,26.616518020629883,18772100
2023-09-29,26.6737557630271,26.78005916135275,26.46932783049769,26.502037048339844,19787600
2023-10-02,26.526568429478065,26.551101903471253,25.94599382724537,25.97052574157715,24722600
2023-10-03,25.921462852933665,26.174951496662104,25.84786867135898,26.150421142578125,21389400
2023-10-04,25.995056363511228,26.14224316319996,25.67614773169897,25.79062843322754,23694100
2023-10-05,25.80698322147682,26.101359960015422,25.65979485220752,26.019588470458984,22774400
2023-10-06,25.840025187769402,25.890134679832833,25.17189172413153,25.764860153198242,31291800
2023-10-09,25.672995973892444,26.3077221600186,25.672995973892444,26.26596450805664,20344300
2023-10-10,26.291017215204512,26.558269998172186,26.157390823720675,26.524864196777344,19151900
2023-10-11,26.583323062733193,26.700245746130314,26.23255341958974,26.274311065673828,15694200
2023-10-12,26.16574158513699,26.199148978096012,25.597828648451,25.814971923828125,21718300
2023-10-13,25.956952218299854,26.21585316247352,25.58947883134374,25.614534378051758,24528400
2023-10-16,25.756512520014308,26.157391708018256,25.57277662375057,26.09893035888672,21087900
2023-10-17,25.982008372185625,26.341129918631434,25.973656523087776,26.31607437133789,21186000
2023-10-18,26.24090438164835,26.291013873848254,25.881782902819626,25.93189239501953,22024300
2023-10-19,26.240906315237456,26.70024681231298,26.224202618955978,26.37453269958496,28806600
2023-10-20,26.366182327270508,26.842226547273707,26.349478630054055,26.366182327270508,27271200
2023-10-23,26.291017783379836,26.441347875285995,26.107281889356905,26.215852737426758,31725800
2023-10-24,27.68574620912771,28.7798113153839,27.535416117505488,28.64618492126465,61617900
2023-10-25,28.81322139138286,28.905090143245086,28.06157086333268,28.136735916137695,30832800
2023-10-26,28.111680603551417,28.98025379717113,28.0949769053005,28.788166046142578,34367000
2023-10-27,28.712996218934745,28.888380242527322,27.84442316985129,27.92793846130371,23924800
2023-10-30,28.26200863502673,29.063766977007976,28.26200863502673,28.913436889648438,31497700
2023-10-31,28.988599491281526,29.406182324123623,28.955192100037156,29.339370727539062,28903400
2023-11-01,29.5732210906203,29.698497235999092,29.35607938265575,29.564870834350586,26071200
2023-11-02,29.489706337251476,30.01585851153669,29.489706337251476,29.982454299926758,24946000
2023-11-03,30.05761625918579,30.37497694521253,30.015855423636182,30.082670211791992,23323200
2023-11-06,30.049259100810726,30.091016745290727,29.748598963108243,29.765302658081055,15544000
2023-11-07,29.815419688696867,30.14948409705899,29.77366203588969,30.015857696533203,17654600
2023-11-08,30.015857039972317,30.049264435849192,29.73190054682814,29.87388038635254,16971500
2023-11-09,29.95739526319869,30.107725356597552,29.614977425102303,29.74860382080078,15685800
2023-11-10,29.990806241473987,29.99915649836946,29.564873049895834,29.823772430419922,12791200
2023-11-13,29.76530597700854,30.216296233849132,29.573218242258896,29.91563606262207,17236700
2023-11-14,30.074315172029955,30.14948021175839,29.90728458232612,29.96574592590332,17667100
2023-11-15,29.965746659010822,30.157834390593052,29.932339265891038,30.06596565246582,22855500
2023-11-16,30.132781848854762,30.383330937169596,30.00750571174509,30.216297149658203,19110800
2023-11-17,30.38332895486399,30.38332895486399,30.13277988289578,30.258052825927734,19355200
2023-11-20,30.29980919905969,30.792557067095192,30.232997602767234,30.675634384155273,18656400
2023-11-21,30.784212069680457,31.276960021868735,30.775858627527175,31.109926223754883,22946400
2023-11-22,31.176740878568417,31.335421233822565,31.084872130719546,31.19344139099121,14613100
2023-11-24,31.276952921446206,31.377171903201152,31.151676804824536,31.243545532226562,6766700
2023-11-27,31.276959882628685,31.352124932150062,31.143333481913427,31.19344139099121,15245300
2023-11-28,31.193437034238034,31.327063416289842,31.068164093135607,31.293659210205078,14521700
2023-11-29,31.343766617551083,31.64442676889806,31.343766617551083,31.53585433959961,16387400
2023-11-30,31.594319017923294,32.10376740356921,31.585965577066023,32.01190185546875,36623500
2023-12-01,32.07036540885269,32.24574944809612,31.96179297155247,32.22069549560547,20762500
2023-12-04,32.07036306288907,32.21233969782301,31.761349470554837,31.769702911376953,22109200
2023-12-05,32.02860911039228,32.19564291776754,31.81146739093786,32.08707046508789,23003300
2023-12-06,31.9450896374591,32.4712449470705,31.80311299052676,32.15388107299805,20218500
2023-12-07,32.19563344443853,32.345963508252254,31.98684204313101,32.279151916503906,15223200
2023-12-08,32.287505236078054,32.304208932076946,31.744646266778837,31.945087432861328,21850400
2023-12-11,31.978496497360997,32.06201179581914,31.302011110594126,31.460691452026367,21914500
2023-12-12,31.37717319297283,31.435634533558293,31.043105658852387,31.15167808532715,17096700
2023-12-13,30.967949167540734,31.026410518242294,30.4501440814631,30.892784118652344,32473200
2023-12-14,31.109918107402418,31.71958860344036,31.051456771200414,31.62771987915039,28551600
2023-12-15,31.36047222043577,31.594320788984785,31.01805440188998,31.210142135620117,51721600
2023-12-18,31.50245228715986,31.56926388874549,31.126627072289374,31.460691452026367,22057200
2023-12-19,31.40223405499459,31.5191599478065,31.310368489499606,31.377180099487305,17642500
2023-12-20,31.31871185238737,31.510799569440184,31.134974390030713,31.15167808532715,18134600
2023-12-21,31.19343721453715,31.36047098954343,31.07651452780403,31.260251998901367,15421000
2023-12-22,31.251903046560525,31.552563247574284,31.235202533975073,31.310367584228516,13171600
2023-12-26,31.26860219040536,31.435635965071953,31.1600329448907,31.30200958251953,11856600
2023-12-27,31.17674360151978,31.2853128712738,31.068171145860784,31.1600399017334,15267600
2023-12-28,31.051465036487837,31.502455338008478,31.026411081704932,31.310367584228516,14931700
2023-12-29,31.218501188881355,31.535861926404703,31.16839008963321,31.485754013061523,16222700
2024-01-02,31.510799236300286,32.546406032401684,31.46904159145273,32.47124099731445,23810900
2024-01-03,33.014099994395956,33.1727835206664,32.68003561690358,32.7050895690918,26263900
2024-01-04,33.13938046005214,33.28135712222107,32.87212764875372,32.88047790527344,24214600
2024-01-05,32.96398747959166,33.71563461325051,32.82200766993915,33.57365798950195,30276700
2024-01-08,33.5319036553988,33.623769204940686,32.9723409876378,33.490142822265625,28483000
2024-01-09,33.333031344616266,33.333031344616266,32.925392114380216,33.15468978881836,17880100
2024-01-10,33.188663482666016,33.205645617425965,32.83197709975779,33.188663482666016,16354700
2024-01-11,33.146195599581326,33.146195599581326,31.897801464960114,32.186546325683594,31289800
2024-01-12,32.43282669364604,32.92539279851723,32.41584132041304,32.74705123901367,18774800
2024-01-16,32.76403819397945,33.41795727706141,32.56870801218434,33.36700439453125,31039400
2024-01-17,32.88293330730356,33.48589952132521,32.84046825140799,33.010318756103516,21377100
2024-01-18,32.72157491042706,33.1292141908803,32.66212771783778,33.069766998291016,17112800
2024-01-19,33.18017144584505,33.48590172650477,32.857455789634336,33.400978088378906,20561700
2024-01-22,33.460423746086086,33.732183263161325,33.38399117943186,33.61328887939453,26039200
2024-01-23,34.87866721186785,35.880781608263014,34.47102795158269,35.86379623413086,49713700
2024-01-24,35.86380204947188,35.9572200025321,34.98058188915816,35.05701446533203,27910400
2024-01-25,35.20138343280807,35.92324402759945,35.09947442593105,35.91475296020508,24613200
2024-01-26,35.914756946389105,36.084607469788494,35.75339749132652,36.008174896240234,20367200
2024-01-29,35.7703808792436,35.9996785871423,35.37972696488098,35.710933685302734,23905700
2024-01-30,35.66846733785696,36.17801557540344,35.5071111518806,36.0676155090332,20044600
2024-01-31,35.829822315479646,36.69605688179802,35.702436880203415,35.965702056884766,23392300
2024-02-01,36.24597004378858,36.27994080235375,35.643003657591244,36.08461380004883,19586500
2024-02-02,35.83832445568359,36.06762217685841,35.52410309242741,35.77887725830078,21548600
2024-02-05,35.668470919479375,35.82133605401889,35.057010381321305,35.141937255859375,20466200
2024-02-06,35.15043119866854,35.303296345711836,34.77676263902341,34.90414810180664,17517600
2024-02-07,34.90414226587922,34.93811301279326,34.27569964611314,34.32665252685547,21815600
2024-02-08,34.22474613732434,34.284193329145765,33.49439122108506,33.89353942871094,19523500
2024-02-09,33.88504667461292,34.04640286729303,33.34152442845235,33.732181549072266,18479400
2024-02-12,33.74067217949862,34.11434068174551,33.57082168224865,34.054893493652344,15060500
2024-02-13,34.13982668518747,34.36063010476766,33.698216606397715,34.080379486083984,14483600
2024-02-14,34.29268564247389,34.42856539296949,33.94449357935214,34.09735870361328,12443200
2024-02-15,34.14831552940343,34.49650763274129,34.122839085626985,34.471031188964844,12081400
2024-02-16,34.216257876602036,34.53897030449724,33.74917137127646,34.3861083984375,12645500
2024-02-20,34.31816734071106,34.74279203101415,34.19927294576687,34.39459991455078,12069500
2024-02-21,34.38610870308133,34.92113347810359,34.28419644529961,34.90414810180664,16268200
2024-02-22,34.606901600384,34.75976670097927,34.06338268254672,34.58991622924805,22068900
2024-02-23,34.50499917472066,34.94660918934777,34.36062511242482,34.53047561645508,15228600
2024-02-26,34.47951991108831,34.504999592760335,33.48589979586095,33.706703186035156,25108400
2024-02-27,33.69821015063342,33.952984275072566,33.48589784032934,33.9105224609375,17074100
2024-02-28,33.935999117466004,34.148311429121264,33.85107548865541,34.054893493652344,12437000
2024-02-29,34.0548919874695,34.16529529174337,33.842579685204406,33.98695373535156,20486500
2024-03-01,33.96147474120261,34.21624883683106,33.77463889258183,34.13981628417969,12130900
2024-03-04,33.90202829349279,34.25022359386434,33.553836232750015,34.233238220214844,18753900
2024-03-05,34.2672119140625,34.78525456519248,33.902034413745604,34.2672119140625,20640100
2024-03-06,34.26720558722654,34.28419096080632,33.77464271192804,33.9105224609375,16331100
2024-03-07,34.05489937919433,34.20776452917536,33.44344201889956,33.57082748413086,17100600
2024-03-08,33.63876751660248,33.868065231526394,33.45193162156169,33.55384063720703,17807900
2024-03-11,33.6047986536267,34.16530313062343,33.596307585024505,34.080379486083984,12344600
2024-03-12,33.99545260191516,34.19077957605939,33.885052511939755,34.080379486083984,12452700
2024-03-13,34.216252690426266,34.39459425348901,34.02092575379154,34.190773010253906,13751800
2024-03-14,33.969973719162894,34.02092984600813,33.49439292082812,33.7746467590332,17475400
2024-03-15,33.63026848505313,33.91052228824913,33.23961461359392,33.5368537902832,54893900
2024-03-18,33.52835965446441,33.93599890149279,33.34152378471562,33.9105224609375,16200800
2024-03-19,33.86807119907098,34.01244206003756,33.808623992834185,33.94450378417969,15226900
2024-03-20,33.936000584826644,34.19926902892901,33.800120829077116,34.07188034057617,15198800
2024-03-21,34.07188715346613,34.471035433130254,33.95299274836522,34.42857360839844,21868300
2024-03-22,34.59841568493984,34.65786287295081,33.97846088489034,34.2841911315918,17816400
2024-03-25,34.4200754318068,34.71731465078716,34.37761361184652,34.70882034301758,14587200
2024-03-26,34.67485136053308,34.81922219020221,34.57293910939468,34.69183349609375,17854100
2024-03-27,34.904145006325685,35.48163479069018,34.904145006325685,35.27781677246094,19260100
2024-03-28,35.3627428745326,35.79586186284517,35.35425180635926,35.63450241088867,19771400
2024-04-01,35.65998159496531,35.95721757130547,35.26932443225216,35.9062614440918,15031600
2024-04-02,35.92324250646833,36.24595812748093,35.88927175907147,36.1270637512207,17260800
2024-04-03,36.16104015354289,36.43279969595842,36.11857509284167,36.38184356689453,18211800
2024-04-04,36.509231727378456,36.87440597487571,36.04214198363813,36.050636291503906,16461400
2024-04-05,35.88078142427142,36.04213761825619,35.337262413344966,35.77037811279297,14338700
2024-04-08,35.77037752678284,35.79585720724742,35.42218546363555,35.439170837402344,14457800
2024-04-09,35.43485657459412,35.5384158731383,34.98609522478167,35.2449951171875,17224100
2024-04-10,35.04650804150922,35.089657478529055,34.48555548397832,34.96883773803711,17900400
2024-04-11,34.908424855985274,34.925685287722224,34.59774366890158,34.65815353393555,14782200
2024-04-12,34.67541481684025,34.744453253391995,34.24391388909669,34.27843475341797,21555000
2024-04-15,34.61500549316406,34.8221240981582,34.39062316364774,34.61500549316406,16442800
2024-04-16,34.61500739213446,34.64089639615627,34.14898556719551,34.32158660888672,14016800
2024-04-17,34.390621503953106,34.502812663296915,34.05405131801239,34.3302116394043,21009200
2024-04-18,34.390628016939395,34.66678839063127,34.269808264960616,34.63227081298828,20173700
2024-04-19,34.52007878871072,35.09828852821782,34.502818354265415,34.94295120239258,24706500
2024-04-22,35.7282866063949,35.93540525725583,33.27736062392995,33.3118782043457,51243200
2024-04-23,33.57940475249321,34.511448411209166,33.38091470489802,34.26117706298828,25972800
2024-04-24,34.08857318060249,34.22665334534661,33.60529095795265,34.0799446105957,15946600
2024-04-25,33.90734514131542,34.364735090802355,33.62255293662969,33.8469352722168,16837700
2024-04-26,33.70886281335578,34.48556271893492,33.570782610668935,34.24392318725586,18246200
2024-04-29,34.43377482315967,35.22773493783875,34.40788252927004,34.59774398803711,19438600
2024-04-30,34.44240380851498,34.45103237852176,34.036791884289386,34.0799446105957,20222200
2024-05-01,33.94186875867566,34.2266576943574,33.76926770779125,33.82967758178711,17754000
2024-05-02,33.93323079205061,34.07131094950398,33.4413200253673,33.59666061401367,17394900
2024-05-03,33.700221582768016,33.82967317709929,33.44132168619627,33.56214141845703,13195600
2024-05-06,33.76063491925771,33.95912497010248,33.70885690987542,33.94186782836914,13348800
2024-05-07,34.114456833041395,34.1576095525807,33.73473726256363,33.924598693847656,11935200
2024-05-08,33.864200937478344,34.1489898940759,33.74337788852176,34.071319580078125,10438000
2024-05-09,34.09720911912086,34.373372800379734,33.98502122433454,34.33885192871094,12881000
2024-05-10,34.356108868387174,34.88253729335394,34.26980669799749,34.86528015136719,16888500
2024-05-13,34.81350199358334,35.08103380781879,34.59775148625873,34.98610305786133,21365700
2024-05-14,35.02925008252785,35.11554896266313,34.88253803578838,34.94295120239258,17664400
2024-05-15,35.16733026599905,35.30541044947024,34.899798470233684,34.94295120239258,14926000
2024-05-16,34.770349267672785,34.89979758459072,34.64089765866368,34.7358283996582,12913200
2024-05-17,34.85665021488878,34.873910649920745,34.37337120235934,34.571861267089844,14670400
2024-05-20,34.563224470434825,34.78760680173361,34.52870360529795,34.623634338378906,8665000
2024-05-21,34.60637538019603,34.62363581349984,33.898714075195066,34.192134857177734,18327000
2024-05-22,34.2611816135019,34.675422197252935,34.1921398701643,34.33885192871094,12374100
2024-05-23,34.17487647837493,34.34747752969828,33.7520073593285,34.028167724609375,14105000
2024-05-24,34.09720672115188,34.29570007324219,34.08857814988726,34.29570007324219,10420000
2024-05-28,34.27843556608918,34.338845434038205,33.80378190064554,33.96775436401367,15071300
2024-05-29,33.8814502165321,34.06268310185422,33.65707119044902,33.743370056152344,17652000
2024-05-30,33.84693790372686,34.830759610783545,33.81241703524633,34.80487060546875,19633200
2024-05-31,34.64089747428996,35.624719162831106,34.60637660645911,35.51253128051758,38917400
2024-06-03,35.53842289813164,35.823211848445965,35.29678338973265,35.365821838378906,20688100
2024-06-04,35.279525667063304,35.86636734008789,35.14144546706291,35.86636734008789,16040200
2024-06-05,35.90087773336207,36.004440331697005,35.49526907886872,35.68512725830078,11964000
2024-06-06,35.65061676078368,36.00444747843452,35.50390469673293,35.667877197265625,10259100
2024-06-07,35.521160311562944,35.63335148742093,35.21911094435821,35.331298828125,10410200
2024-06-10,35.30540997564991,35.32267040986357,34.8048705518186,34.87390899658203,15210700
2024-06-11,34.770346154234595,35.02924605697899,34.70993628666393,34.88253402709961,12083300
2024-06-12,35.18458852525171,35.210477529273525,34.15761742993015,34.32158660888672,15065300
2024-06-13,34.30432263805215,34.34747207100263,33.91597115731644,34.3302116394043,12297400
2024-06-14,34.071309929960975,34.38199109795697,34.04542092999149,34.23527908325195,10480600
2024-06-17,34.174870171558894,34.174870171558894,33.61392097339264,34.05405044555664,22286600
2024-06-18,34.26980587290239,34.67541783374027,34.26117730211676,34.58911895751953,17125700
2024-06-20,34.381997461206076,34.925689605822896,34.35610845644518,34.72719955444336,17704700
2024-06-21,34.839387436468,34.848019299449064,34.43377876281901,34.72719955444336,30375300
2024-06-24,34.85664475588293,35.572937883117305,34.796234888777725,35.52978515625,20773800
2024-06-25,35.56430579119787,35.92676828357881,35.23636745534228,35.452117919921875,17475700
2024-06-26,35.383076786730435,35.529785524910814,35.13280545350297,35.40033721923828,19709900
2024-06-27,35.383078032707715,35.417598898939026,35.003358380436296,35.22773742675781,15560800
2024-06-28,35.26226066447254,35.883623130060464,35.11554861916819,35.59020233154297,27639200
2024-07-01,35.74553816790746,36.228820431257795,35.685128296500054,36.02170181274414,16412100
2024-07-02,35.92677270486793,35.98718257901722,35.14144104883587,35.46937942504883,21659400
2024-07-03,35.49527279365256,35.71965186267882,35.33993217198387,35.48664093017578,6653900
2024-07-05,35.529782896335824,35.71101577821476,35.33992473697741,35.616085052490234,17552200
2024-07-08,35.64197551648659,35.8922468414727,35.45211734933401,35.8404655456543,15380400
2024-07-09,35.78869125820387,36.05621975081867,35.56430891178184,35.6419792175293,20475200
2024-07-10,35.85687715682164,36.0761584448595,35.69022123649403,36.03230285644531,13826800
2024-07-11,36.032304053003166,36.27789803305182,35.74285113711694,36.22526931762695,12487800
2024-07-12,36.23403655112925,36.46208758895268,36.13755226152325,36.339290618896484,11129100
2024-07-15,36.33929070407531,36.365603384587175,35.69898982587682,35.777931213378906,15874900
2024-07-16,35.830557367962584,36.44454557924756,35.80424468686795,36.356834411621094,16016900
2024-07-17,36.444550385489194,37.00590996264944,36.41823770092449,36.865570068359375,20401700
2024-07-18,36.75154417352924,37.29536081560336,36.593661382932424,36.90065383911133,15752800
2024-07-19,37.102388594367554,37.102388594367554,36.33929074496635,36.505943298339844,17608000
2024-07-22,35.04114756099577,35.08500314573461,33.94474121269156,34.28681945800781,54985800
2024-07-23,33.979826223715754,34.44470143380899,33.96228332103741,34.111392974853516,25257700
2024-07-24,34.41839058328835,34.93589452893964,34.25173467196388,34.79555130004883,22889000
2024-07-25,34.962203938828424,35.9358132493425,34.9008054549191,35.04114532470703,19740300
2024-07-26,34.997295481993916,35.234116332499724,34.77801419036731,35.16394805908203,15911500
2024-07-29,35.155179432142205,35.19026189701768,34.79555488995662,35.11132049560547,12937200
2024-07-30,35.093774455854046,35.31305573508473,34.935895013097394,35.12009048461914,16089200
2024-07-31,35.11131820259643,35.77793518120204,35.06746261489085,35.54111099243164,23605400
2024-08-01,35.672675992146466,36.12001166414421,35.330597740599195,35.83055877685547,18166800
2024-08-02,36.13755609729233,36.786626821045886,35.444626440177814,35.93581771850586,26124900
2024-08-05,35.08500592955404,35.32183012109456,34.76924034083335,34.90958023071289,26855000
2024-08-06,35.05869319610702,35.50602554884913,34.87449437230319,35.31305694580078,18104200
2024-08-07,35.400768535839546,35.7165340979577,35.26042865778333,35.330596923828125,12176300
2024-08-08,35.33059948709122,35.77793518120204,35.30428680366124,35.54111099243164,13237100
2024-08-09,35.51480018165022,35.78670684734225,35.11132005397002,35.74285125732422,11818700
2024-08-12,35.91827913570204,35.96213472837246,35.35691951919928,35.54988479614258,11099000
2024-08-13,35.655133565638515,35.78670031166475,35.39199338165318,35.76915740966797,15349400
2024-08-14,35.61127615611284,36.049838686833276,35.51479520996626,35.87441635131836,10931100
2024-08-15,35.821789908963986,35.89195817841508,35.0850046769102,35.12009048461914,17489600
2024-08-16,35.17271664417668,35.628822116788285,35.1376341816426,35.620052337646484,13377500
2024-08-19,35.63759696325604,35.839335352930455,35.576198468397166,35.73408126831055,9401400
2024-08-20,35.66390621342561,35.92704307261838,35.63759353129634,35.83055877685547,8784000
2024-08-21,35.88318827940614,36.02352816380554,35.72530549121098,36.005985260009766,13683400
2024-08-22,36.04984478099628,36.10247349812749,35.62005530197637,35.848106384277344,13529600
2024-08-23,35.95336270749503,36.16387087758039,35.891960866422515,36.14632797241211,11757300
2024-08-26,36.28666457561029,36.6112032728286,36.17264072131203,36.39192199707031,10309500
2024-08-27,36.44454557924756,36.523486968498005,36.12001024386975,36.356834411621094,9778200
2024-08-28,36.39192199707031,36.58488724448022,36.27789479680532,36.39192199707031,12732700
2024-08-29,36.43577883481471,36.46209151810035,36.08492744316093,36.18141174316406,17338100
2024-08-30,36.225270130494245,36.742774132899896,36.11124291749853,36.64628982543945,20009900
2024-09-03,36.80417104156998,37.65498352050781,36.769085232013026,37.65498352050781,23319900
2024-09-04,37.716378726606585,37.95320290152221,36.137554239802434,36.383148193359375,31272700
2024-09-05,36.234039306640625,36.67260185931664,35.87441814728496,36.234039306640625,28199800
2024-09-06,36.27789588305576,36.65505995633058,36.076157504833596,36.09370040893555,18100300
2024-09-09,36.19018568719796,37.52341644456289,36.19018568719796,37.47956085205078,27850300
2024-09-10,37.53218611498864,38.3215967454258,37.172564935952764,38.28651428222656,36980400
2024-09-11,38.163712289782964,38.435622280040555,37.66375124180081,38.4180793762207,22395500
2024-09-12,38.15493758890958,38.48824602655684,38.093539106443814,38.470703125,18397000
2024-09-13,38.53210246721989,39.00575078192388,38.26019250597136,38.970664978027344,20029700
2024-09-16,39.12855994545001,39.514493870703156,38.99698981281254,39.470638275146484,24714500
2024-09-17,39.25135331745376,39.25135331745376,38.523337783937315,38.66368103027344,18769600
2024-09-18,38.681219815030495,39.03207123190638,38.400540019916626,38.48825454711914,16897900
2024-09-19,38.558425017034466,38.56719814323748,38.00583852106625,38.5408821105957,23097200
2024-09-20,38.40053974198883,39.00575826442104,38.28651587640145,38.88296127319336,52671900
2024-09-23,38.90049748544365,39.058380273713766,38.549649447262,38.821556091308594,18083200
2024-09-24,38.77769829474001,39.286432438164475,38.70753002948946,39.17240524291992,15154000
2024-09-25,39.29520520244357,39.365376818992715,38.96189671576879,39.075923919677734,21990100
2024-09-26,39.119782381438945,39.365379711439864,38.909274208257685,39.137325286865234,15779600
2024-09-27,39.22503964597568,39.51448921935182,39.02330125338816,39.374149322509766,15659300
2024-09-30,39.58465789909246,39.786396276688144,39.286435222219104,39.39168930053711,13509700
2024-10-01,39.43554583103123,39.68114314760406,39.17240895595817,39.65482711791992,17536400
2024-10-02,39.584656018373515,39.71622277352841,39.35660162255839,39.51448440551758,12040800
2024-10-03,39.409235147548245,39.435547832600996,38.93558674079636,39.04961395263672,12258400
2024-10-04,38.391771159280026,38.81279086203005,38.198802540781905,38.75139236450195,14531200
2024-10-07,38.6636823068548,38.71630768000126,38.39177227705148,38.45317077636719,12885000
2024-10-08,38.59350606923472,38.72507617831204,38.32159607192613,38.60227584838867,10855100
2024-10-09,38.64613540889963,38.81278798326272,38.4268541208586,38.68999099731445,12614200
2024-10-10,38.697111161890994,38.9019987800879,38.13589858090781,38.26061248779297,12352800
2024-10-11,38.43877687871721,38.51895059046788,38.12698871159837,38.305152893066406,10658700
2024-10-14,38.30516068761356,38.5634986334003,38.20717019795653,38.47441482543945,9923500
2024-10-15,38.72384193972519,39.16925073719817,38.45659394268184,38.96436309814453,15444500
2024-10-16,38.96436539595691,39.28505689456179,38.89309835302273,39.11580276489258,9459000
2024-10-17,39.08908188345481,39.19597905665883,38.77729364749329,39.062355041503906,10539500
2024-10-18,39.04453825469959,39.34741298585743,38.902004171990626,39.187068939208984,13058400
2024-10-21,39.240514813399244,39.37413881340448,38.83964621158301,38.92873001098633,18760000
2024-10-22,37.32526153082544,37.9844647000757,36.30081985657474,36.96893310546875,42576300
2024-10-23,37.28962521168373,38.21607632956145,37.20054141292657,38.180442810058594,27174700
2024-10-24,37.75284879519856,37.815205751966005,37.09364231168649,37.28962326049805,23506400
2024-10-25,37.325255548739946,37.574683367594226,36.853119951081126,36.862030029296875,19717400
2024-10-28,36.92438738821502,37.21835540676856,36.87093711293292,37.07582473754883,13575000
2024-10-29,36.808579545858215,37.12927439582315,36.78185610776085,36.81748962402344,15072300
2024-10-30,36.81750045567699,36.9778445296333,36.63042613936103,36.77295684814453,16372600
2024-10-31,36.75513377080281,37.99337312601159,36.746227089746434,37.530147552490234,31077900
2024-11-01,37.52123913868441,37.72612679407094,36.790768924454255,36.84421920776367,16682400
2024-11-04,37.10255549690232,37.20945266056886,36.43444227713721,36.57697296142578,14760900
2024-11-05,36.53242637941321,36.76404084635023,36.37208234610204,36.755130767822266,12322800
2024-11-06,36.91548162269777,37.12036927125048,36.46116612341994,36.666053771972656,21957100
2024-11-07,36.59478359913569,36.692770667152914,36.08701451072445,36.140464782714844,24225500
2024-11-08,36.29191341716415,36.389900506501,36.00684863605785,36.060298919677734,21305900
2024-11-11,36.051392673752254,36.416627787401595,35.99794238948658,36.02466583251953,17116400
2024-11-12,36.078113146938165,36.16719354851501,35.69506130339867,35.98903274536133,16984600
2024-11-13,35.98903220362047,36.879849798777414,35.908858484128366,36.64823532104492,19953500
2024-11-14,36.64823216682802,36.755129317550654,36.3988043490755,36.407711029052734,13636600
2024-11-15,36.34535732396104,37.209451481568514,36.34535732396104,37.10255432128906,21482500
2024-11-18,37.120363406048945,37.93101058921848,37.120363406048945,37.63703918457031,17405400
2024-11-19,37.6014137966239,37.619230558168695,37.23617868045527,37.351985931396484,10520600
2024-11-20,37.414336286064334,37.663764107214355,37.19163190340919,37.61031723022461,14706500
2024-11-21,37.61031720465433,38.0824494081385,37.4232429407198,37.859745025634766,12534100
2024-11-22,37.94882932775288,38.60803586306407,37.71721824130273,38.43878173828125,17017400
2024-11-25,38.60803132450455,39.24051094603619,38.58130788641704,39.17815399169922,28365900
2024-11-26,39.17815921094921,39.641384789304816,38.97327156251878,39.525577545166016,17247000
2024-11-27,39.62356526135118,39.84626965472536,39.52557478455464,39.53448486328125,12372400
2024-11-29,39.5344852950199,39.65919921295949,39.24051386141995,39.49885177612305,9023100
2024-12-02,39.43650024501776,39.48104045066945,38.7683869656429,39.062355041503906,12783900
2024-12-03,39.11580023069374,39.57011570626662,38.92872935241076,39.04453659057617,15415900
2024-12-04,38.95545192047777,38.99999211932894,37.77957300017032,37.8775634765625,21431600
2024-12-05,37.939922766155966,38.18935061361034,37.877565804292374,37.90428924560547,16176900
2024-12-06,37.886472946479486,38.011186871724675,37.432157447629216,37.74394226074219,15685900
2024-12-09,37.83302542457969,38.39423807870974,37.55687073891285,37.73503494262695,15570300
2024-12-10,37.74393654302006,37.99336775392441,37.4766919725217,37.68157958984375,16337200
2024-12-11,37.583598294500845,37.824119486115606,37.3163536587733,37.40543746948242,13986100
2024-12-12,37.4677865741171,37.55686696793006,37.24508219138549,37.48560333251953,11232300
2024-12-13,37.414340916292474,37.770669331917965,37.245086787880155,37.66376876831055,13360400
2024-12-16,37.55687146526596,37.63704518857789,36.35426901378651,36.4166259765625,30228300
2024-12-17,36.22064038525062,36.63041563067008,36.08701639738815,36.327537536621094,15374000
2024-12-18,36.25627566204287,36.56806045126046,35.819773558938905,35.846500396728516,19199600
2024-12-19,35.67724738142116,36.04248249405834,35.57035021138582,35.60598373413086,17859100
2024-12-20,35.570350646972656,35.980125968959264,35.561440567077405,35.570350646972656,47590900
2024-12-23,35.570347469490805,35.74851167128265,35.48126706769464,35.579254150390625,21292300
2024-12-24,35.543620228459595,35.59706710454324,35.1605684249308,35.45453643798828,11712200
2024-12-26,35.48126495083499,35.78413965815185,35.4010912347219,35.597068786621094,12946400
2024-12-27,35.507985011242376,35.77522957345555,35.32091415751306,35.561431884765625,15168100
2024-12-30,35.454539012575694,35.4901725313518,35.09821401941276,35.27637481689453,15672000
2024-12-31,35.3120101622417,35.659428492781075,35.231836439948026,35.62379837036133,13549900
2025-01-02,35.65942718896101,36.13156282440522,35.61488698891518,35.81977462768555,22470200
2025-01-03,35.91776913262199,36.19392384097859,35.73069823254163,35.86431884765625,15229900
2025-01-06,35.89104607438376,35.92667959807663,35.258566320734566,35.2852897644043,27115000
2025-01-07,35.37436669642214,35.61488786039438,34.590449641475054,34.67061996459961,31517100
2025-01-08,34.661711161424755,34.732978197438044,34.243025820344954,34.68843460083008,22901600
2025-01-10,34.6140981018116,34.65942755395398,34.07920226633429,34.278656005859375,27338400
2025-01-13,34.396511220935125,34.58690044969598,34.21519341589118,34.55970001220703,19734000
2025-01-14,34.75009060188149,34.76821961636351,34.29678915468814,34.70475769042969,15740100
2025-01-15,34.72288131707388,34.98579691948347,34.51436311949842,34.61408996582031,27817100
2025-01-16,34.56876190712987,34.75914764404297,34.39650518080529,34.75914764404297,24678300
2025-01-17,34.8316768009084,35.330311091678,34.7682148836132,35.15805435180664,24082100
2025-01-21,35.23965666892255,35.883347409550886,35.16713022930081,35.375648498535156,25717600
2025-01-22,35.25778215268712,35.66575410221833,34.98580200580472,35.31217956542969,31488900
2025-01-23,35.57509978179981,35.72015610935552,35.43004345424409,35.52070236206055,25153500
2025-01-24,36.36383974794174,36.880603079867846,35.692952137881974,35.847076416015625,37123900
2025-01-27,36.40010025667858,36.99845790804027,36.30943791046324,36.84433364868164,35520300
2025-01-28,36.80807638886575,36.99846562642833,36.581425663667275,36.62675857543945,21031900
2025-01-29,37.00752593563912,37.06192334854559,36.30944136620793,36.51795959472656,24238100
2025-01-30,36.58141921970988,36.58141921970988,35.5025632028394,35.78361129760742,27913500
2025-01-31,35.874271233319384,36.20971328893832,35.61135560072463,35.711082458496094,45178700
2025-02-03,35.63855709680663,36.372903146965534,35.49350078802331,36.24597930908203,27967100
2025-02-04,36.064661286861316,36.155323649476124,35.901472492570186,36.091861724853516,19190200
2025-02-05,36.38197708129883,36.54516588775852,36.09186441612954,36.38197708129883,16830500
2025-02-06,36.47262861254512,36.52702602316374,35.96492982201655,36.209712982177734,15370600
2025-02-07,36.22784945899525,36.363841271374255,35.874274896908396,36.15532302856445,15754800
2025-02-10,36.2822462547221,36.39103762771425,36.10092499412492,36.21878433227539,16737500
2025-02-11,36.24598174230735,36.735548114221785,36.10092542378627,36.708351135253906,15182700
2025-02-12,36.70835216062935,36.808075572435634,36.40010704285991,36.74461364746094,14440300
2025-02-13,36.81713838344924,37.270439760328124,36.64488164684963,37.20697784423828,17056700
2025-02-14,37.29763996110067,37.43363176928857,37.11631870298859,37.161651611328125,12438200
2025-02-18,37.09818439033528,37.370167993213855,36.817139739702995,37.35203552246094,16357700
2025-02-19,37.488026083000086,38.122648763231076,37.42456416081852,38.08638381958008,21039600
2025-02-20,38.0773237040287,38.55782215836268,37.96853231894504,38.52156066894531,19771700
2025-02-21,38.467161190798215,39.19244281660979,38.23144250089971,38.76633834838867,25465100
2025-02-24,38.7572730435631,39.555084544746016,38.594084248811704,39.2740364074707,27560600
2025-02-25,39.509749570595694,39.86332409033596,39.43721969043613,39.62760543823242,24356900
2025-02-26,39.47349139990796,39.5732182730222,38.77540674652385,39.14711380004883,18651400
2025-02-27,39.05644926269998,39.364690886560744,38.88419252181881,39.228702545166016,19212300
2025-02-28,39.37376174444134,39.67293888422706,38.63034768992485,39.074581146240234,25197500
2025-03-03,38.94765472237367,39.77266311645508,38.920457745580215,39.77266311645508,22334000
2025-03-04,39.8905243255696,40.325693266838705,38.82073271471065,38.86606216430664,32627500
2025-03-05,38.78446977013266,39.30123313066817,38.42183069626353,38.8388671875,18038400
2025-03-06,38.98392367707496,40.1806391970003,38.8569998277519,40.09904479980469,22845900
2025-03-07,40.16250614408691,41.885052967361965,40.16250614408691,41.75812911987305,44992100
2025-03-10,41.75812500811451,42.936707922423906,41.75812500811451,42.14796447753906,39837000
2025-03-11,39.20150693491883,39.80892915616662,38.657543175134954,39.37376022338867,64142300
2025-03-12,38.16798001481213,38.88419712284993,37.32483905642141,38.61221694946289,49650800
2025-03-13,38.77540009684782,39.7273322942443,38.77540009684782,39.62760543823242,30708600
2025-03-14,39.128975829508214,39.682004078415005,38.99298402920108,39.50068283081055,17432100
2025-03-17,39.51882187845726,39.7273401374604,39.06552041321155,39.573219299316406,15560900
2025-03-18,39.63667885463988,40.28036606673,39.455357587714566,40.09904479980469,16254400
2025-03-19,40.16250197031422,40.18063444070191,39.636674162731644,39.836124420166016,14373300
2025-03-20,39.85425751958974,39.85425751958974,39.32842970370781,39.66387176513672,18109300
2025-03-21,39.700137032657324,40.10810898013363,39.45535386417155,39.8814582824707,68445500
2025-03-24,39.55508102926881,40.017446934361104,39.464418674455956,39.49161911010742,18050000
2025-03-25,39.437222312811656,39.736402900741275,39.11991271205169,39.428157806396484,21483200
2025-03-26,39.62761030002002,40.189706564973335,39.500686452583935,40.053714752197266,21684400
2025-03-27,40.32569906863145,41.023783759774524,40.18064273400534,40.760868072509766,21905200
2025-03-28,40.91498672415963,41.105372488616325,40.68833601644967,40.733665466308594,19530600
2025-03-31,41.06911103386858,41.52241248779299,40.914990199573786,41.12350845336914,27786900
2025-04-01,41.24136275578833,41.34108615838606,40.90591723085113,41.14163589477539,15710800
2025-04-02,41.132566245217276,41.28669051276454,40.4344817051369,40.56140899658203,21924100
2025-04-03,41.24136272395616,41.875981914611934,40.978447083018644,41.35921859741211,30474800
2025-04-04,40.57954237063249,41.52241017223461,38.80260160036227,39.0111198425293,42663400
2025-04-07,37.6512136942602,39.28310152339828,37.397366013467725,38.6031494140625,38812000
2025-04-08,38.98391965272051,39.18337337159007,37.78720425633347,38.23143768310547,29790200
2025-04-09,37.787201158687424,39.455350280299115,37.061919683729045,38.88418960571289,49426000
2025-04-10,39.14027946800488,39.83115281329543,38.550731261627554,39.536376953125,36501700
2025-04-11,40.39306286757159,40.43912390482375,39.70218947635453,40.28252410888672,30144300
2025-04-14,40.439119197841755,41.1299925086434,40.17198067431391,40.80758285522461,24323000
2025-04-15,40.99182001283858,41.16684000179906,40.733895078799215,40.97339630126953,21795300
2025-04-16,41.21289469963264,41.35106724420566,40.08907306449711,40.17197799682617,17271600
2025-04-17,40.31015627179377,40.97339582471084,40.144349897528144,40.568084716796875,16504800
2025-04-21,40.715476555394986,40.79838151103803,39.31530592340356,39.545597076416016,23802500
2025-04-22,38.67969686938147,40.22724991524519,38.26517216336284,39.785091400146484,37633800
2025-04-23,39.19554509327254,39.60085968416606,38.790234016342396,39.33372116088867,29402100
2025-04-24,39.342936217710125,39.72982714742145,39.13106879756784,39.435054779052734,16597300
2025-04-25,39.177123795262354,39.28766606174613,38.0809393406918,38.60600280761719,23361900
2025-04-28,38.68891075858032,39.13106931700272,38.559948284952604,39.04816436767578,16188500
2025-04-29,38.97446974004062,39.61928205372227,38.900774896212106,39.56401443481445,14712800
2025-04-30,40.116713835177386,40.72468227315064,39.95090394173343,40.586509704589844,29563000
2025-05-01,40.3193696328394,40.37464076655878,39.84957378113369,39.88642120361328,18921900
2025-05-02,40.03380815439766,40.439122781590505,39.904845687186736,40.2917366027832,15366500
2025-05-05,40.356216812940595,40.531236797722045,39.81272963350351,40.10750198364258,9210000
2025-05-06,40.135133653201706,40.81679687277677,40.00617119613806,40.669410705566406,12131500
2025-05-07,40.54044750691757,40.86285718558823,40.33779370937187,40.429908752441406,12826600
2025-05-08,40.34699795887058,40.5865026584715,40.07985945314769,40.17197799682617,14967400
2025-05-09,40.08907306449711,40.42069279381337,39.904839491103274,40.17197799682617,10878400
2025-05-12,39.65613443046256,39.80352062257115,38.965260996085284,39.610076904296875,20160000
2025-05-13,39.80351617860547,39.80351617860547,39.1402801451475,39.28766632080078,20069600
2025-05-14,39.40741540031438,39.55480157681907,38.91919934951077,39.011314392089844,20447500
2025-05-15,39.24160511540623,40.098288355784405,39.24160511540623,40.05223083496094,14608000
2025-05-16,40.061440061577116,40.52202224731445,39.941687709375714,40.52202224731445,13407700
2025-05-19,40.60493175618409,40.87206678339728,40.411484545767046,40.81679916381836,14778600
2025-05-20,40.77073825665808,41.03787679867208,40.71547063690595,40.73389434814453,12189900
2025-05-21,40.568083819774245,40.74310380282911,40.13513539741947,40.30094528198242,16038600
2025-05-22,40.30094504633756,40.38384998813428,39.67455293364311,39.72982406616211,14947700
2025-05-23,40.04302227314314,40.052232372075856,39.481111361226596,39.90484619140625,12393400
2025-05-27,39.86799850791757,40.25488942588115,39.83115459846309,40.070655822753906,12873700
2025-05-28,40.02459641166966,40.09828774106479,39.66534283520505,39.72982406616211,12783000
2025-05-29,39.748248797452476,39.969326305277065,39.59164900827673,39.914058685302734,9960400
2025-05-30,39.950901411557005,40.58650713415915,39.87721008245103,40.494388580322266,26569500
2025-06-02,40.34700341033338,40.641775762006255,39.93247869267977,40.62335205078125,11873300
2025-06-03,40.466756462179696,40.57729521743963,40.17198410551077,40.37464141845703,13140900
2025-06-04,40.448332387753716,40.46675609912569,39.831153869628906,39.831153869628906,14360100
2025-06-05,39.932478724730956,39.987749858450336,39.63770637282149,39.88642120361328,12095900
2025-06-06,39.9785402493507,40.457542691596274,39.960116537885305,40.34700393676758,10135200
2025-06-09,40.20882797241211,40.485176593102786,40.07986200305733,40.20882797241211,13399400
2025-06-10,40.20883100324425,40.85364332880556,40.135136158058025,40.6509895324707,13724100
2025-06-11,40.70625781482871,40.89970502960879,40.24567556681043,40.2917366027832,14602100
2025-06-12,40.420697265154445,40.42990736355954,39.52716661942797,39.7574577331543,22370500
2025-06-13,39.60086538486143,39.86800043263056,39.53638063378461,39.619285583496094,13544100
2025-06-16,39.57322517342263,39.71140125085435,38.99289408172207,39.14949035644531,20449300
2025-06-17,39.42583860811524,39.44426231918849,38.51388775075263,38.55073165893555,23028200
2025-06-18,38.642850470358916,38.652060568974775,38.32044079538604,38.38492202758789,18654200
2025-06-20,38.51388816428642,38.78102319280789,38.366501988081474,38.412559509277344,37068100
2025-06-23,38.51388337323231,39.048156877776265,38.43097843980752,39.02052307128906,16014400
2025-06-24,39.03895022141329,39.36135637206022,38.93762157007754,39.26924133300781,16716300
2025-06-25,39.05737070442633,39.12185192922718,38.633632423496685,38.799442291259766,15599700
2025-06-26,38.84550616822145,38.93762472871004,38.57837112771398,38.78102493286133,15870000
2025-06-27,38.8270896637567,39.103438343584315,38.67048985301045,38.9744758605957,21439600
2025-06-30,38.97447047772259,39.90484505790388,38.946833153782016,39.858787536621094,22796000
2025-07-01,39.99696071739509,40.420699056038,39.803517016645486,40.23646545410156,19233200
2025-07-02,40.36542805145064,40.558871752824125,40.00617445919599,40.153560638427734,18313900
2025-07-03,40.29173415539427,40.31936796412847,39.99695830172117,40.1167106628418,10301300
2025-07-07,40.254891790955696,40.254891790955696,39.306089908993236,39.42584228515625,22039300
2025-07-08,39.42583571119358,39.831150297096315,39.18633451276649,39.665340423583984,16736200
2025-07-09,39.60085980735817,39.66534103538939,39.121853889152405,39.250816345214844,23519800
2025-07-10,39.19278291241439,39.48296244037928,38.94004659530582,39.342552185058594,19359300
2025-07-11,39.295744834778645,39.342547056857946,38.83707805930853,38.958763122558594,20174300
2025-07-14,38.93068470022545,39.16469939460748,38.827717663372425,38.92132568359375,15757300
2025-07-15,38.790278909868974,38.96813238332334,38.472018746129926,38.621788024902344,15653200
2025-07-16,38.63114836291607,38.79963923806719,38.52818132023694,38.6124267578125,17971300
2025-07-17,38.64986794716154,38.70602918875475,38.219281764636236,38.331607818603516,18411200
2025-07-18,38.35969299837377,38.490740672040495,38.088235062474794,38.22864532470703,21079700
2025-07-21,39.26767111121784,40.325418655701185,39.01493478267148,39.77314376831055,47574000
2025-07-22,40.01650988757831,40.70919490472898,39.82929743125808,40.21308135986328,23521000
2025-07-23,39.68889680365098,40.12884203652001,39.36127406256511,40.10076141357422,23357200
2025-07-24,40.156925687979616,40.57814930960299,40.02587445084626,40.325416564941406,20411000
2025-07-25,40.26925174902711,40.44710164325073,40.01651543358442,40.325416564941406,16571500
2025-07-28,40.269249772448646,40.269249772448646,39.539125055305774,39.651451110839844,18243700
2025-07-29,39.70761464769159,40.23180888844232,39.68889661300508,39.97907257080078,13118500
2025-07-30,39.94163009716276,40.14756419032717,39.73569957477955,39.87610626220703,13313300
2025-07-31,39.58592608481431,40.353493987537234,39.45487842885393,40.02587127685547,25538700
2025-08-01,40.5219904866692,40.690481373702525,39.894829169204876,40.138206481933594,20841300
2025-08-04,40.06331366707465,40.27860675044272,39.81057737683021,40.2037239074707,13629900
2025-08-05,40.20372639601883,40.34413307432509,39.941627502441406,39.941627502441406,14863700
2025-08-06,40.06331702951018,40.06331702951018,39.60465020451213,39.64208984375,17812000
2025-08-07,39.78249675706329,40.27860675044272,39.47359565650428,40.2037239074707,15543400
2025-08-08,40.34413581980479,40.587513125347385,40.27861198464668,40.39094161987305,13057000
2025-08-11,40.46582383499494,40.74664077707389,40.24117170964425,40.41902160644531,12914900
2025-08-12,40.56878828098378,40.85896779264921,40.44709963792655,40.48454284667969,12469300
2025-08-13,40.43774218292727,41.03681926299151,40.25052970271194,40.915130615234375,14327700
2025-08-14,40.961929153252576,40.990013343763096,40.5594271775964,40.71855545043945,10582800
2025-08-15,40.78408217750056,41.59845234460756,40.65303451506736,41.4112434387207,21239200
2025-08-18,41.5142039794315,41.74821866605914,41.39251891334725,41.5516471862793,12692100
2025-08-19,41.663976961294544,42.1881711916907,41.62653732187994,42.06648254394531,17944200
2025-08-20,42.19753172381465,42.82468939552289,42.07584308199779,42.178810119628906,20982100
2025-08-21,42.10392409285199,42.3192171868107,42.0009570542672,42.150726318359375,11866800
2025-08-22,42.263058011244894,42.52515334352786,41.420603627790946,41.598453521728516,19123700
2025-08-25,41.59845367155106,41.63589688223523,41.14914585568441,41.40188217163086,16021200
2025-08-26,41.28955346467222,41.57972940192828,40.952571731669536,41.14914321899414,17328200
2025-08-27,41.20530872574023,41.448682442131464,41.074261065315646,41.43932342529297,12046600
2025-08-28,41.28019151391593,41.364436948466,40.89640755002804,41.121063232421875,15842800
2025-08-29,41.15850844374601,41.458046987657106,41.12106523306184,41.40188217163086,14792700
2025-09-02,41.33635997226113,41.63589852801234,40.727920272327026,40.9993782043457,21123700
2025-09-03,40.71855493447294,40.94321060180664,40.13819951913353,40.94321060180664,21828500
2025-09-04,41.25210880241767,41.57972793641143,41.12106114882017,41.35507583618164,14480500
2025-09-05,41.280194637495256,41.62653898950872,41.205311784885055,41.542293548583984,13406700
2025-09-08,40.23181154391431,40.830888675296166,40.19436833050761,40.550071716308594,30273900
2025-09-09,40.58750901978065,40.94321235378778,40.57814643240157,40.784080505371094,15595500
2025-09-10,40.70920181274414,40.87768912416459,40.259890413018915,40.70920181274414,14807800
2025-09-11,40.82152833340266,41.32700098565551,40.72792030292181,41.3176383972168,15510600
2025-09-12,41.19594794055426,41.270834361662466,40.971295818791816,41.15850830078125,13723500
2025-09-15,41.23339031788769,41.42060279609403,40.97129499086741,41.06489944458008,15034700
2025-09-16,41.0648956662809,41.1397820789857,40.53134247349164,40.94321060180664,16173600
2025-09-17,41.064903280701344,41.57037594784344,41.0555442627682,41.38316345214844,14414000
2025-09-18,41.07426060609505,41.139784435574775,40.793443683927556,40.877685546875,16507300
2025-09-19,40.9900162482558,40.9900162482558,40.681115126217016,40.69983673095703,29164200
2025-09-22,40.60623699223005,40.73728466984319,40.23181199552273,40.40030288696289,18507700
2025-09-23,40.400298000189906,40.60623208054753,40.21308552448125,40.578147888183594,16796400
2025-09-24,40.437743212021395,40.61559310882246,40.21308751588955,40.41902160644531,21162400
2025-09-25,40.47518441878576,40.97129444424987,40.47518441878576,40.578147888183594,19012200
2025-09-26,40.858964965195256,40.915126203657664,40.671752505165664,40.8215217590332,12456200
2025-09-29,40.81216199631733,40.85896779264921,40.334773582448065,40.48454284667969,15854500
2025-09-30,40.47518486278727,41.1585073714559,40.428379065260934,41.13978576660156,24399100
2025-10-01,41.111700053475396,41.27083190346148,40.6717548534028,41.02745819091797,19921900
2025-10-02,40.79344509692566,40.92449276042431,40.45646335033997,40.62495422363281,21550100
2025-10-03,40.66239245418722,41.12106283132616,40.62495281647088,40.877685546875,18016000
2025-10-06,40.48454329538857,40.60623193979453,38.70603013849264,38.79027557373047,75944200
2025-10-07,38.94940580383625,39.183420495211585,38.69666950865719,38.75283432006836,34001300
2025-10-08,38.883882069603224,38.883882069603224,38.43457428957368,38.677947998046875,35601000
2025-10-09,38.7060315109383,38.7153940989528,38.12567603137767,38.21928405761719,34868200
2025-10-10,38.32401845968932,38.666792870536845,37.914593872528364,37.94315719604492,38107700
2025-10-13,37.84794235229492,38.23832349919564,37.52421137934101,37.84794235229492,26453700
2025-10-14,37.895552728766084,38.63823187439168,37.85746587367505,38.60966491699219,22346100
2025-10-15,38.485882904012016,38.619186891461844,38.31449932732963,38.44779968261719,18233200
2025-10-16,38.485883362721445,38.628707249181716,38.257369502979785,38.42875671386719,16751200
2025-10-17,38.562058164209596,38.714401952411336,38.285933913043195,38.60966491699219,20523500
2025-10-20,38.75248471615703,38.91434838496135,38.41923021753786,38.84769821166992,28079200
2025-10-21,38.685838916222316,38.82865917563719,38.20976412051451,38.37162780761719,29881700
2025-10-22,37.67655582271434,38.285930928010245,37.05765718830698,37.89554977416992,31009500
2025-10-23,37.88602917498334,37.952679348879556,36.553018432734994,36.56254196166992,52663600
2025-10-24,36.75297024742687,37.05765780514648,36.695843600455824,36.96244430541992,27485700
2025-10-27,36.952927884427844,37.40995926399961,36.91484102808956,37.35282897949219,27487200
2025-10-28,37.2766548505552,37.62894915301712,37.086224221708,37.43851852416992,30719200
2025-10-29,38.971479437811176,39.3428171627347,37.771769030345226,38.28593063354492,53730200
2025-10-30,38.10502490338314,38.2668885812216,36.9148379822336,37.09574508666992,47371000
2025-10-31,37.11478899122851,38.04789511356673,36.924358354959786,37.83842468261719,52181800
2025-11-03,37.61942782676195,37.714644962842236,36.981489359754626,37.58134460449219,39851100
2025-11-04,37.676555902188376,37.77176940053091,37.29569464449399,37.43851852416992,33632800
2025-11-05,37.44804266709633,37.86698715169719,37.3813888585695,37.79081344604492,22947100
2025-11-06,37.62894861977806,37.98124291724762,37.49564827112266,37.91459274291992,30949700
2025-11-07,38.02885031317724,38.39066814580325,37.762249611327626,38.11454391479492,28389500
2025-11-10,37.990767578122124,38.228804959859325,37.676556490791164,37.94315719604492,22414400
2025-11-11,38.13358852590658,38.828657257443055,38.1240686286142,38.75248718261719,25360900
2025-11-12,38.82865478613493,39.00004198378776,38.790571567227,38.84769821166992,17834000
2025-11-13,38.88578723117703,39.73319973784798,38.79057373035463,39.14286804199219,30487400
2025-11-14,39.342817897300954,39.43803139648806,38.7048794619906,39.09526062011719,29368500
2025-11-17,39.095263583606865,39.30473402412915,38.92387636634889,39.04765319824219,21620800
2025-11-18,39.066694939221684,39.51420639075835,39.02861171760165,39.49516296386719,24067500
2025-11-19,39.51420375114689,39.61894077597056,38.980998730300065,39.21903610229492,21895000
2025-11-20,39.180957483797734,39.45707810729035,38.704882683907904,38.80961608886719,32173600
2025-11-21,38.72392079424344,39.61894370366677,38.48588340465848,39.25712585449219,32037600
2025-11-24,39.371380485525094,39.47611751197267,38.228803987964135,38.28593063354492,44805100
2025-11-25,38.64775085449219,38.847701390729206,38.47636364281408,38.64775085449219,24375300
2025-11-26,38.64774966525332,39.00956750456935,38.61918634157334,38.92387390136719,15186100
2025-11-28,38.8667438045801,39.16191146858912,38.76200677437812,39.14286804199219,9926300
2025-12-01,39.00004354506361,39.12382399991525,38.73344284122516,38.79057312011719,19655900
2025-12-02,38.80009417915344,38.80961407650612,38.42875643564002,38.66679382324219,23194100
2025-12-03,38.79057272223303,39.34281755054277,38.71439901782499,38.72391891479492,19910700
2025-12-04,38.904832652636706,39.37138391561622,38.72392190677074,39.28569030761719,28382300
2025-12-05,39.28568953140984,40.04741209064551,39.26664973637506,39.69511413574219,27802700
2025-12-08,39.75224041885192,39.75224041885192,38.96195461439268,39.32377243041992,22932000
2025-12-09,39.25712334032977,39.495160714669986,38.19071692029096,38.21928024291992,31770600
2025-12-10,38.27641192558908,38.333538572944306,37.7812937329246,38.00980758666992,40053400
2025-12-11,38.085981870040044,38.60966339432064,38.05741854592944,38.29545593261719,21895000
2025-12-12,38.2954569164676,39.01908899243783,38.18119635276517,38.93339538574219,20600000
2025-12-15,38.94291533934484,39.333296482406936,38.84769821166992,38.84769821166992,34725800
2025-12-16,38.94291466274485,39.03812815660348,38.704877295936285,38.80009078979492,22709800
2025-12-17,38.82865676883023,38.94291732787458,38.53349273837119,38.92387390136719,22316100
2025-12-18,38.82865846107725,38.95243892268884,38.457320708404836,38.47636413574219,18822600
2025-12-19,38.21928029189286,38.3144974210482,37.90507284608543,37.91459274291992,53345100
2025-12-22,37.81937922159944,38.1431101961952,37.76224894414298,38.06693649291992,21111600
2025-12-23,38.08598129269318,38.27641192558908,37.9622008364865,38.00980758666992,19761800
2025-12-24,38.019329243501,38.40971038723782,37.9812423923652,38.39066696166992,7949500
2025-12-26,38.34306019156615,38.60014098834044,38.34306019156615,38.54301071166992,11875400
2025-12-29,38.571574033924165,38.75248476063313,38.44779721604775,38.54301071166992,16846700
2025-12-30,38.54301312056211,38.81913736015067,38.48588284032101,38.75248718261719,15581300
2025-12-31,38.762004395616664,39.000041765226925,38.723917544760134,38.78104782104492,17454800
2026-01-02,38.81913785298372,38.942918312329766,38.3716263991527,38.58110046386719,30856800
2026-01-05,38.49540422700302,38.58109782651356,37.924115985040785,38.30497360229492,43091700
2026-01-06,38.4097146629928,38.52397159695719,38.07646375886231,38.37162780761719,32758400
2026-01-07,38.609663642005124,38.8477010302199,38.07646221698788,38.20976257324219,26834100
2026-01-08,38.247846603680145,38.78105167213453,38.14311320166733,38.62870788574219,28103000
2026-01-09,38.628704768643466,38.80961186533554,38.362104072010496,38.52396774291992,32108600
2026-01-12,38.57240397573586,38.804886189890155,38.272115218948954,38.59177780151367,31259300
2026-01-13,38.59177790535377,38.669269513494086,37.584361133273546,37.78778076171875,37255500
2026-01-14,37.89433441121248,38.601462415528175,37.87496058566117,38.58209228515625,25714700
2026-01-15,38.58209144853353,38.611150338640684,38.01057654029051,38.12681579589844,26483000
2026-01-16,37.874963784261354,38.117131081335096,37.681232902746125,37.69091796875,38980200
2026-01-20,37.67154132339002,37.991203905299955,37.468121695908835,37.8555908203125,30650900
2026-01-21,37.87496137383621,38.08806976415604,37.73934828733431,38.01057815551758,21158800
2026-01-22,38.088070336192466,38.446476883784534,38.02026379192314,38.24305725097656,18880500
2026-01-23,38.21399658997349,38.32055078180049,37.836216233626374,38.281803131103516,21849400
2026-01-26,38.436791216596106,38.5530304770698,38.2914893696194,38.37866973876953,21081800
2026-01-27,38.41741756794975,38.43679139398135,37.96214189415581,38.088069915771484,26108800
2026-01-28,38.17525100708008,38.611152863083746,38.126818288675125,38.17525100708008,24412500
2026-01-29,38.33992399257685,39.037363218045975,38.24305486738719,38.56271743774414,44347500
2026-01-30,40.693787263018535,43.23170296541655,40.08352839057921,43.12514877319336,123584700
2026-02-02,43.18327097347365,44.05507096093774,42.505201853104175,43.21232986450195,64539400
2026-02-03,43.241391142301666,45.294968747326195,43.105778049778294,44.80094909667969,60299100
2026-02-04,45.31433881606088,46.060214458260916,44.72345008034531,45.537132263183594,46213100
2026-02-05,45.73086754724068,46.089277776518216,45.18841521350929,45.62431335449219,42866500
2026-02-06,45.49839131765557,45.769617498150104,44.616902535868746,44.85906982421875,36094600
2026-02-09,44.71376557575092,45.595254310275585,44.38441793344613,45.54682159423828,26954800
2026-02-10,45.546824916793696,46.2927006227524,45.30465762376216,45.90523147583008,32147000
2026-02-11,45.701807620767696,47.60039813615655,45.692118860639575,47.435726165771484,48933100
2026-02-12,47.367921346598145,48.66593811247946,47.367921346598145,47.91037368774414,56131100
2026-02-13,47.6197700659054,47.881311151265514,47.106376654927665,47.47446823120117,31998500
2026-02-17,47.75538682500433,47.94912138782943,47.25167843973085,47.39698028564453,24327500
2026-02-18,47.116066794823965,47.4163555611428,46.33144714940371,46.544551849365234,29318100
2026-02-19,47.358233261951234,47.61008930551697,46.9707678263432,47.116065979003906,26530600
2026-02-20,47.49384656364127,47.79413532611659,47.00951199555949,47.70695495605469,25456700
2026-02-23,47.8038191700367,48.898416300580806,47.706953736967414,48.12348175048828,30113000
2026-02-24,48.22034862818484,48.51095232645768,47.84256825464557,48.29784393310547,23816700
2026-02-25,48.094423058611746,48.28815392555195,47.62945863145286,47.68758010864258,21693000
2026-02-26,47.71664095828387,47.93943811573328,47.33886057899243,47.35823440551758,23662600
2026-02-27,47.813508180300445,48.57875766915661,47.68758016050881,48.569068908691406,34693500
2026-03-02,48.41408157348633,48.6853077412637,48.075048863764614,48.41408157348633,23725700
2026-03-03,48.171917085026514,49.49899280513138,47.82319559473803,49.27619934082031,31586900
2026-03-04,48.830610038343345,49.79927915530725,48.578757693811674,49.59585952758789,22816000
2026-03-05,49.37306885569341,49.71210158765947,48.76280624297486,49.57648849487305,27534300
2026-03-06,49.48930506174478,49.64429197180079,48.8306097702119,49.51836395263672,23562600
2026-03-09,49.40212534210348,49.498990776467195,48.78217769374501,48.86935806274414,29057400
2026-03-10,48.73374656038847,49.22776620398596,48.45283161835284,49.121212005615234,20031300
2026-03-11,49.28588620624163,49.28588620624163,48.491577817879865,49.0921516418457,21554200
2026-03-12,48.86935570109193,49.35369023986355,48.24940808269295,49.04371643066406,26296100
2026-03-13,49.353693682195065,50.05113295394942,49.353693682195065,49.77022171020508,21780900
2026-03-16,49.75084631191235,49.84771174529051,49.159957560839075,49.37306594848633,20017500
2026-03-17,49.6927250365607,49.6927250365607,48.78217739549858,48.937164306640625,23765200
2026-03-18,48.79186137224297,48.89841556412202,47.83288103569024,48.03630065917969,32972500
2026-03-19,48.03629890845457,48.71436799055259,47.37760365100841,47.929744720458984,31234700
2026-03-20,48.18160305687127,48.87904230189585,47.93943577987593,48.41408157348633,67321800
2026-03-23,48.47220283138831,49.15995700810695,48.06535988637966,48.99528503417969,26390300
2026-03-24,48.96622374319819,50.06082089387069,48.898417199766925,49.314945220947266,20264600
2026-03-25,49.06309235382617,49.237453090854856,48.7143708797688,48.79186248779297,21920200
2026-03-26,48.98559669884938,49.64429199063211,48.84998361439636,49.150272369384766,24423300
2026-03-27,49.40212208168274,49.8380238979099,48.704679175719285,48.733741760253906,26273400
2026-03-30,49.27619734948037,49.324630066689934,48.57875809226778,48.724056243896484,23797600
2026-03-31,48.96622234369693,48.96622234369693,48.18160273636616,48.62718963623047,30514900
2026-04-01,48.50126274379188,48.59812817812154,47.62945905410704,47.842567443847656,28398900
2026-04-02,48.249410972676145,48.33659134268403,47.7360138181055,47.852256774902344,22737800
2026-04-06,47.852255626467596,48.171914512038484,47.49384539438161,47.61008834838867,17542700
2026-04-07,47.56165186134584,47.68757988039779,47.009510763814205,47.0966911315918,21945900
2026-04-08,46.37987561655413,46.65110177083306,45.64368506182672,46.53486251831055,34143200
2026-04-09,46.31207116126183,46.66078893451589,45.77930019827773,46.28300857543945,29376900
2026-04-10,46.30070652771681,46.31053726353288,45.179815106802515,45.268306732177734,25248600
2026-04-13,45.31746703052831,45.31746703052831,44.2850672550881,44.658695220947266,32920900
2026-04-14,44.01959478789915,44.71769332885742,43.52797546315258,44.71769332885742,31187400
2026-04-15,44.570208811443685,44.62920072864384,44.17691185990672,44.27523422241211,26230300
2026-04-16,44.47188385220923,46.074563907788416,44.28506985829816,45.99590301513672,26004100
2026-04-17,45.3371326811685,46.10405759290214,45.30763672325801,45.76975631713867,20004700
2026-04-20,45.80908931956724,46.18272106058055,45.484618761402515,45.66160202026367,16608100
2026-04-21,45.740263096158515,46.23188242812399,45.3568006173467,45.49445343017578,28978400
2026-04-22,45.11099007478545,45.37646495897914,44.412887786383756,45.209312438964844,22129500
2026-04-23,45.700929618641496,46.723498661497196,45.523946370810414,46.42852783203125,22750200
2026-04-24,46.271210281105574,46.54651589133133,45.60260772705078,45.60260772705078,26602300
2026-04-27,46.635009802787685,47.83456216460149,45.956576479712794,46.31053924560547,37920100
2026-04-28,47.185625413474035,47.372439410460984,45.81892051183169,46.44819641113281,28369800
2026-04-29,46.38920015974917,46.73333218956243,45.484618644477756,45.82875442504883,24195700
2026-04-30,46.074561518368036,47.24461410519973,46.04506556053221,47.22494888305664,34708800
2026-05-01,47.48059501132332,47.67724349024332,47.00864091236998,47.303611755371094,24123000
2026-05-04,47.018472783348685,47.077468453675976,46.536687936661615,46.77266311645508,18080100
2026-05-05,46.743164892598536,46.988974547586004,46.40886361178528,46.54651641845703,15148100
2026-05-06,46.379365354689796,46.811992761497095,46.12372495583276,46.644840240478516,19336400
2026-05-07,46.4383615833914,46.85132377206755,46.271212811117174,46.30070877075195,18839600
2026-05-08,46.41869334561975,46.66450299530097,46.163052960284624,46.42852783203125,16349800
2026-05-11,46.70383701364528,47.18562561422477,46.18272171668291,46.43836212158203,18560100
2026-05-12,46.90048443593384,47.37243853865581,46.47769151564499,47.12662887573242,18131900
2026-05-13,47.087296092509526,47.47075854751726,46.37936309818285,46.41869354248047,21212800
2026-05-14,46.664506752193006,46.70383719949026,46.12372622950838,46.27121353149414,16585100
2026-05-15,46.684168898120696,46.694003384675604,45.56327747935057,45.5927734375,23356600
2026-05-18,45.81892021461709,46.23188240364349,45.042164521098904,45.97623825073242,25427400
2026-05-19,46.02540326265545,46.988976704342655,46.005738039262916,46.939815521240234,24593800
2026-05-20,46.92997913784838,47.28394564309549,46.694003968188774,47.018470764160156,16714600
2026-05-21,46.811992514575294,47.47076060672751,46.58584807619061,47.46092987060547,15841900
2026-05-22,47.68707240477103,47.706737626987625,47.24461428179173,47.53958511352539,14717700
2026-05-26,47.480593805128386,47.87388700221941,47.057800898956216,47.677242279052734,23013700
2026-05-27,47.61824862656391,48.13936391636986,47.31344329154577,47.431434631347656,15109800
2026-05-28,47.667407466602,47.677241953147714,46.9693089521623,47.205284118652344,20714100
2026-05-29,47.254449947009185,47.35277230978711,46.546516932583394,47.00864028930664,40404700
2026-06-01,46.70383678786023,47.234786569419896,46.6743408280262,46.92998123168945,14647700
2026-06-02,46.97913914372421,47.33310564011642,46.477689107673655,47.067630767822266,14902900
2026-06-03,46.654674113949035,46.752996477426336,45.36663014815307,45.86808395385742,27861900
2026-06-04,46.349868238732334,46.546516714122966,43.557470390306946,44.117916107177734,33072500
2026-06-05,44.48171689700691,45.33713344769233,44.24573797746041,44.609535217285156,23121400
2026-06-08,44.540710986414695,45.06183003186117,44.34406250232684,44.67836380004883,18994700
2026-06-09,44.5308799504439,45.31747013074518,44.039260618910866,45.012664794921875,24758100
2026-06-10,45.68126683054292,46.241712561616886,45.17981676880856,46.163055419921875,25239500
2026-06-11,46.55634882902131,47.254451124873285,46.11389443473429,46.153221130371094,26889400
2026-06-12,46.615343954529976,47.401934119452214,46.212216260584974,47.303611755371094,21956900
2026-06-15,46.52685367442928,46.9496466035903,46.23188282288291,46.281044006347656,24208500
2026-06-16,46.31053642752694,46.60551100729116,45.53378078631957,45.946739196777344,20698400
2026-06-17,45.7304271719013,45.82875328565895,44.47188292186511,45.071659088134766,33481500
2026-06-18,45.022497388802115,45.2879722667578,44.599704481401325,44.609535217285156,66305300
2026-06-22,44.60953547837301,45.120820014751445,44.39322553084354,44.59970474243164,19293000
2026-06-23,44.94383537754871,46.064726778228476,44.63903381290348,45.946739196777344,23019100
2026-06-24,45.6812659049875,46.015567189623006,44.66853131510245,44.91434097290039,25280100
2026-06-25,44.7766867140289,45.48461595503701,44.57020750834977,45.29780197143555,17584000
2026-06-26,45.42562456461594,45.80908702266876,45.22897609232387,45.759925842285156,38132700
2026-06-29,44.80618271285833,45.081488320682986,42.062946118008,43.36082077026367,55387600
2026-06-30,43.478815061846845,43.61646787512733,41.296024020519724,41.63032531738281,60542600
2026-07-01,41.6794870694313,42.08261477843653,40.794574507369006,41.28619384765625,57139600
2026-07-02,41.5320016621647,42.35792226697575,40.076805179265165,41.84663772583008,59019100
2026-07-06,42.180938958309234,42.436579353175865,40.93222544127966,41.36484909057617,55342900
2026-07-07,41.98428981338137,42.77087995902806,41.70898044933678,41.87613296508789,34682400
2026-07-08,41.76797557222322,42.515239013912996,41.54183114272063,41.73847961425781,23082100
2026-07-09,41.49267104987168,41.63032385832771,40.96172128803464,41.53200149536133,28215800
2026-07-10,41.61000061035156,42.439998626708984,41.34000015258789,42.119998931884766,27705400
2026-07-13,42.65999984741211,42.849998474121094,42.349998474121094,42.68000030517578,24782000
2026-07-14,42.63999938964844,42.810001373291016,42.209999084472656,42.470001220703125,17515400
2026-07-15,42.27000045776367,43.34000015258789,42.209999084472656,42.83000183105469,23029200
2026-07-16,43.0,44.220001220703125,42.88999938964844,43.880001068115234,25260300
2026-07-17,44.63999938964844,45.02000045776367,43.27000045776367,43.59000015258789,31014400
2026-07-20,43.279998779296875,43.65999984741211,43.13999938964844,43.5,21344400
2026-07-21,43.25,43.869998931884766,42.88999938964844,43.779998779296875,20340100
2026-07-22,45.040000915527344,45.119998931884766,44.15999984741211,44.290000915527344,23734300
2026-07-23,44.15999984741211,44.58000183105469,43.779998779296875,43.81999969482422,28013500
2026-07-24,44.08000183105469,46.439998626708984,43.72999954223633,46.380001068115234,40755200
2026-07-27,46.380001068115234,47.560001373291016,46.31999969482422,47.31999969482422,30409500
2026-07-28,47.849998474121094,49.0099983215332,47.79999923706055,48.189998626708984,29692600
2026-07-29,48.47999954223633,48.540000915527344,45.70000076293945,47.220001220703125,41396200
2026-07-30,46.400001525878906,47.09000015258789,45.72999954223633,46.11000061035156,20937900
2026-07-31,45.900001525878906,46.90999984741211,45.470001220703125,46.810001373291016,28291300
2026-08-03,47.31999969482422,47.810001373291016,47.150001525878906,47.36000061035156,23007900
2026-08-04,47.0,47.08000183105469,46.060001373291016,46.880001068115234,23748600
2026-08-05,46.0,46.90999984741211,45.09000015258789,46.470001220703125,39580600
2026-08-06,47.20000076293945,47.47999954223633,46.58000183105469,46.9900016784668,24297000
2026-08-07,46.34000015258789,47.060001373291016,46.09000015258789,47.060001373291016,20545000
2026-08-10,46.7400016784668,47.119998931884766,46.099998474121094,47.029998779296875,15462500
2026-08-11,46.900001525878906,47.45000076293945,46.79999923706055,47.27000045776367,13314600
2026-08-12,46.88999938964844,47.08000183105469,46.61000061035156,46.97999954223633,12120500
2026-08-13,47.029998779296875,48.2400016784668,47.0,48.220001220703125,17937300
2026-08-14,48.459999084472656,48.61000061035156,48.189998626708984,48.47999954223633,15062300
2026-08-17,48.2400016784668,48.68000030517578,48.0,48.060001373291016,14466200
2026-08-18,48.56999969482422,49.0099983215332,48.40999984741211,48.540000915527344,14376300
2026-08-19,48.599998474121094,49.599998474121094,48.59000015258789,49.36000061035156,17796000
2026-08-20,49.279998779296875,49.59000015258789,49.13999938964844,49.189998626708984,12546300
2026-08-21,49.369998931884766,49.720001220703125,49.16999816894531,49.45000076293945,15078100
2026-08-24,49.4900016784668,50.279998779296875,49.36000061035156,50.150001525878906,19498700
2026-08-25,50.0,50.33000183105469,49.790000915527344,50.25,21337600
2026-08-26,50.310001373291016,50.779998779296875,50.08000183105469,50.189998626708984,20720800
2026-08-27,49.560001373291016,49.900001525878906,49.119998931884766,49.43000030517578,16389700
2026-08-28,49.54999923706055,50.33000183105469,49.540000915527344,50.099998474121094,15790100
2026-08-31,50.060001373291016,50.540000915527344,49.90999984741211,50.02000045776367,21403000
2026-09-01,50.5,50.93000030517578,50.2400016784668,50.29999923706055,20187700
2026-09-02,50.5,50.84000015258789,50.150001525878906,50.220001220703125,18674600
2026-09-03,50.61000061035156,50.81999969482422,50.150001525878906,50.59000015258789,17998500
2026-09-04,50.54999923706055,50.709999084472656,50.08000183105469,50.13999938964844,13418500
2026-09-08,49.97999954223633,50.650001525878906,49.77000045776367,50.40999984741211,16036300
2026-09-09,50.189998626708984,50.290000915527344,48.81999969482422,49.7400016784668,22574700
2026-09-10,50.0099983215332,50.61000061035156,49.779998779296875,49.970001220703125,18475800
2026-09-11,50.29999923706055,50.81999969482422,50.220001220703125,50.61000061035156,16456300
2026-09-14,50.939998626708984,51.4900016784668,50.91999816894531,51.290000915527344,18116700
2026-09-15,51.11000061035156,51.66999816894531,51.11000061035156,51.45000076293945,18718100
2026-09-16,51.25,51.560001373291016,49.33000183105469,49.7599983215332,24326800
2026-09-17,49.900001525878906,49.9900016784668,48.31999969482422,48.33000183105469,28685200
2026-09-18,47.5,48.189998626708984,47.20000076293945,48.09000015258789,45527600
2026-09-21,48.18000030517578,48.349998474121094,47.560001373291016,47.68000030517578,19966400
