Date,Open,High,Low,Close,Volume
2021-09-22,171.57780791792143,175.64707726579775,171.2952317463902,173.36753845214844,247000
2021-09-23,173.59353717972581,175.44919669792475,172.41608897645983,172.6044921875,181600
2021-09-24,172.0016448206368,173.32038110149793,169.55254672972623,170.96548461914062,181500
2021-09-27,169.1663276106968,169.55253405448718,164.83332703097,165.313720703125,309800
2021-09-28,163.8819868408968,164.30776267914027,155.2253832303936,155.89418029785156,509100
2021-09-29,157.3918712866079,158.03241065854812,154.14211673805394,155.3289794921875,284800
2021-09-30,155.67745725400445,158.3714586532567,154.22683337656062,154.41522216796875,251900
2021-10-01,156.8361231383539,160.66990193640302,153.66172692709344,159.60548400878906,309100
2021-10-04,158.4374302868301,159.53952010069042,156.90674759427736,159.040283203125,362200
2021-10-05,158.43745555548128,160.66990751994453,156.4310932337644,156.46876525878906,381900
2021-10-06,154.68844188824937,155.8988621344729,150.49672900788028,151.1466827392578,338600
2021-10-07,150.6474259795084,154.8391530805387,150.6474259795084,151.3068084716797,256000
2021-10-08,151.99443632563646,151.99443632563646,147.80272353906943,148.62222290039062,184000
2021-10-11,149.80908383751708,150.78872879397548,147.6991058509551,150.07284545898438,247200
2021-10-12,151.70241645027608,155.73399760470116,151.34446762759254,155.55502319335938,425100
2021-10-13,157.05275242037098,158.95551280554682,153.8029981443093,158.8330535888672,389100
2021-10-14,160.55684445348834,165.36083918117757,159.21926493329144,164.11744689941406,435000
2021-10-15,166.56652758940967,167.49907170287028,161.1220084683935,161.84732055664062,340900
2021-10-18,162.62915123100214,162.9776856967943,159.64314410766275,159.6619873046875,205200
2021-10-19,159.85982292401994,163.95733478925442,159.02618024638235,160.95248413085938,163600
2021-10-20,160.88651786971363,160.88651786971363,155.63038761055336,157.38243103027344,270400
2021-10-21,157.77806105602693,160.44380554372134,157.15636494798218,159.7561798095703,127000
2021-10-22,160.92420123401047,163.14722406984257,159.7966853165134,162.52552795410156,225100
2021-10-25,163.26970138861523,164.76741225548193,161.79081934687278,163.5522918701172,194600
2021-10-26,164.78624640238925,165.62458901513563,161.1220278761408,162.1676025390625,250300
2021-10-27,161.46112747748114,163.76892317859642,160.1329623986195,160.33078002929688,232400
2021-10-28,160.9148036016967,162.9823954376156,158.0041547196966,158.8236541748047,214100
2021-10-29,157.77805951237343,164.01382060832108,157.71211551376516,162.4595947265625,246200
2021-11-01,162.94942892733152,165.1724518738227,161.01841085706258,163.64646911621094,236700
2021-11-02,163.4298023679668,165.01228577420636,155.96949265323832,158.6069793701172,423900
2021-11-03,138.59886525487576,154.01024407918575,136.11302917090117,142.68789672851562,2625700
2021-11-04,142.71613557135163,154.66959194050756,142.71613557135163,154.5188751220703,605100
2021-11-05,154.839155342367,158.58814645085195,154.1986160365674,157.0433349609375,658900
2021-11-08,156.902056444528,162.4596066316196,155.11232641740753,160.4249725341797,479800
2021-11-09,162.10450909206324,163.17550997991847,156.12966256554506,158.00416564941406,406200
2021-11-10,156.05426804501505,163.17547223688902,156.05426804501505,161.1314239501953,426800
2021-11-11,161.56472537833542,164.85686572489257,158.32438584998667,161.77195739746094,321500
2021-11-12,162.77047179328218,164.29644033998667,159.05915208883584,159.95401000976562,331300
2021-11-15,158.54105613316867,161.3480888511859,155.86589704960463,157.4578094482422,375000
2021-11-16,157.3259185299691,160.22715254235837,155.894137532381,158.6634979248047,193300
2021-11-17,157.54258201024663,159.46417130519987,154.55657485626517,156.45933532714844,262500
2021-11-18,157.2419449386625,162.36202791293488,155.85396119094898,162.1262969970703,283100
2021-11-19,162.23947155051547,167.58961755241566,161.74914713132944,166.77493286132812,328600
2021-11-22,167.4821492866206,168.40622512733012,160.54222836071784,161.34371948242188,256100
2021-11-23,161.3437136510736,162.87596503175143,155.4362958266216,158.9392547607422,218900
2021-11-24,157.55311786511007,160.48561115293336,156.5536210433606,158.7412109375,316000
2021-11-26,155.5541081730962,159.75953939162517,155.50695911530045,157.99627685546875,218500
2021-11-29,160.2404111024544,160.72129687544103,153.86623946341467,154.58287048339844,252900
2021-11-30,153.54567232596878,154.9506336399112,149.92484923157843,151.43353271484375,413700
2021-12-01,155.04494072156635,159.1278021648791,148.5859218577874,149.58541870117188,320300
2021-12-02,149.3591186828378,154.49806471452044,148.68021242072604,150.3397674560547,391900
2021-12-03,150.73579944772132,151.33927010502384,144.00332408211563,146.5586395263672,313700
2021-12-06,147.13378353180275,152.84791229645703,144.75762655927443,152.51788330078125,341000
2021-12-07,155.09211791679246,158.4112140492878,153.8474658595297,156.1859130859375,273400
2021-12-08,157.21370639621273,165.01169150328815,155.80875891679787,163.9933319091797,361000
2021-12-09,161.5417121479439,164.67221167887223,157.85015741771537,158.23204040527344,268900
2021-12-10,158.9580801722247,159.71242201501803,152.81965202239334,154.3943328857422,256600
2021-12-13,153.29111269283555,156.3084656528526,152.5905095646136,154.30003356933594,269300
2021-12-14,151.7070392352242,156.52538136977267,151.54674388446318,154.74325561523438,340200
2021-12-15,155.74271092224913,157.84542681376792,150.86779695953896,156.9119415283203,389300
2021-12-16,159.65584732010814,159.7595551144439,149.25538570288606,151.55612182617188,369600
2021-12-17,150.66038445689603,157.13826725499365,147.63360669735027,155.1015625,615800
2021-12-20,152.87619926838417,157.86425850099687,151.10349839603103,156.61016845703125,381000
2021-12-21,157.1570908664629,163.11637553821387,156.55362027584405,160.43846130371094,226500
2021-12-22,159.42011702681353,161.32481254347553,155.76156846298454,160.787353515625,262500
2021-12-23,161.23997310458705,164.13475613609535,160.49506961798554,163.0975341796875,121500
2021-12-27,163.02207774458986,164.56186800134915,161.7868500009597,163.182373046875,173400
2021-12-28,162.93720036884622,165.51609698104298,162.66374446862577,162.8523406982422,166000
2021-12-29,162.08860984939255,163.6585861729302,160.73081154271014,162.3243408203125,221800
2021-12-30,161.90940566949817,168.48156943685953,158.78454707707087,166.32228088378906,335400
2021-12-31,166.08657163030105,166.32230254350335,162.79576290236255,162.9372100830078,189100
2022-01-03,163.11636097593708,164.8136119688667,160.48559603872567,162.48460388183594,206500
2022-01-04,161.96602685038414,162.2583309293845,156.74222088648085,158.816650390625,442800
2022-01-05,160.48562270892182,160.76850271737783,155.44569400936172,156.66677856445312,439900
2022-01-06,157.5814267853541,163.7104317161319,157.37398239051308,161.38140869140625,332900
2022-01-07,160.56106957147708,162.81465696299747,154.40377807617188,154.40377807617188,311700
2022-01-10,152.75366017765066,152.7913708001156,146.14376932120365,150.82066345214844,343700
2022-01-11,151.1317923286979,154.62060674507774,148.8027699030554,154.0642852783203,270700
2022-01-12,152.659320479232,155.14863813261624,151.57496412709517,151.6881103515625,204200
2022-01-13,152.263303875053,153.2439525083071,146.02115404319127,146.28517150878906,240700
2022-01-14,146.5869342442076,147.03009517511893,141.69315762160676,146.15318298339844,421700
2022-01-18,143.99384943617906,144.58788143853474,136.79933875586983,136.90306091308594,425200
2022-01-19,136.93138709943207,140.63707050297012,136.70979944432835,136.94081115722656,238000
2022-01-20,138.647505113154,140.25048703595732,131.7547346414496,131.8773193359375,369200
2022-01-21,130.74580878731706,135.58299777295943,129.6520137996267,133.7065887451172,569900
2022-01-24,131.35871125324812,138.93982660343562,128.6147995635207,138.39292907714844,441200
2022-01-25,136.50707412834063,142.8057978173549,132.94282353538358,139.2886962890625,784100
2022-01-26,141.26884442541407,147.1055304055722,135.53586624634644,136.5259246826172,490600
2022-01-27,136.62962222020093,141.8817135143899,134.621204760424,135.7432861328125,367900
2022-01-28,136.356199393833,142.05145231814828,132.75894310870225,141.95716857910156,351200
2022-01-31,141.64599420198317,145.54969760217685,140.78793021317017,144.5030517578125,362900
2022-02-01,145.7005815194206,148.0956015078515,143.2961230852732,147.61471557617188,443300
2022-02-02,148.8593623784516,149.717426412742,143.71100694845745,144.6539306640625,271600
2022-02-03,143.43757118875874,146.15319647578397,140.91054218168054,141.7780303955078,291200
2022-02-04,141.79688722342513,143.2537027840647,138.88324171427044,140.8162384033203,359900
2022-02-07,140.9765043714246,144.23430718484582,139.51498427979539,139.95814514160156,367200
2022-02-08,139.48669629329774,143.5978442084309,138.9907318932286,140.373046875,680100
2022-02-09,142.5417782122535,145.61099955051887,141.12739262048134,145.23854064941406,448700
2022-02-10,141.9383223491292,147.8410203191053,141.9383223491292,143.44700622558594,646900
2022-02-11,145.49314345113277,147.06782445146942,142.2871939373312,144.92738342285156,588100
2022-02-14,145.86085627211617,148.5859049433106,144.4417516277556,147.69955444335938,541200
2022-02-15,149.92485713754857,152.44246150255893,146.2285982352934,148.68019104003906,555100
2022-02-16,141.43857282202038,155.45042134510356,140.81623964851335,153.37599182128906,919200
2022-02-17,150.98095625147278,151.82959631543739,146.26633718903233,146.39834594726562,615200
2022-02-18,145.4837075803451,146.61050843379124,140.24577274839802,141.72145080566406,614500
2022-02-22,139.91102925705678,142.3720607959372,134.38549556072894,136.84652709960938,470600
2022-02-23,137.25197145917514,137.9308776741518,130.70807867962858,131.39642333984375,649200
2022-02-24,127.00239000649371,131.47183894450933,125.92745761012465,131.17953491210938,620000
2022-02-25,133.9140215071506,133.9140215071506,127.65300901367846,132.08474731445312,437200
2022-02-28,132.08474353020807,137.18596381052353,129.50112760998252,137.053955078125,764100
2022-03-01,137.12938573127337,141.8817291999711,135.57356739337607,138.4400634765625,466700
2022-03-02,138.68521446737026,139.68471125087808,134.34305501574974,136.6673583984375,281000
2022-03-03,138.47778331146085,140.4249231686735,129.64729716136338,130.29319763183594,325100
2022-03-04,128.72790901927576,130.34973844882828,124.63561045147763,129.1522216796875,437400
2022-03-07,129.3691300488615,132.2591935201599,118.81781863281722,119.11012268066406,600500
2022-03-08,119.11954746835974,126.05002772348779,117.0545423548176,121.79744720458984,396700
2022-03-09,123.06096945496797,127.47385994401783,123.06096945496797,126.08776092529297,396300
2022-03-10,123.23652646609419,123.81244278467955,119.41282790849645,119.62052917480469,513200
2022-03-11,119.93206298401934,120.8384211023376,115.09815301965524,116.17445373535156,462200
2022-03-14,115.59852716255548,118.19958579112263,109.04630530095416,110.36808013916016,474200
2022-03-15,108.75363598139684,109.40980181364033,104.36345833975983,106.91259002685547,948500
2022-03-16,111.06675116260644,117.68506268040264,110.72686593295876,116.51435089111328,740100
2022-03-17,116.57098826225696,119.92262404924995,112.07223810085151,114.37117767333984,750400
2022-03-18,110.32088412249979,114.72050526696947,106.38388890816833,114.28620910644531,1288300
2022-03-21,114.28621061716629,116.03283853888917,108.83861122088652,110.64189147949219,603200
2022-03-22,112.22800819769714,113.73860496493013,111.13282103951973,111.45382690429688,524400
2022-03-23,111.63950649675738,112.62651754505852,109.29413717821015,109.70458221435547,537000
2022-03-24,109.70458409487453,110.25183421148436,107.49602726527623,109.45050048828125,349100
2022-03-25,109.93912015080132,111.40692848576823,105.50246498513991,106.33311462402344,399900
2022-03-28,106.51878042892345,109.1475490473585,105.53176945844751,108.2778091430664,401400
2022-03-29,111.30724702537026,118.74401793364073,110.5743195964794,116.95567321777344,1018000
2022-03-30,115.8220826880877,120.2978282653134,114.46372436203158,116.41819763183594,646400
2022-03-31,116.97520762248486,119.20331313490684,114.54677429124955,114.67870330810547,560100
2022-04-01,115.48982826621095,116.12503358354621,112.4603961247551,113.65262603759766,491100
2022-04-04,113.9164590802942,116.58431801924382,111.61018033222521,113.3105697631836,553300
2022-04-05,112.59720297321601,113.05259111620214,108.39508258374646,110.23229217529297,483800
2022-04-06,108.13122389233479,109.1035694712295,104.5936249580051,107.48624420166016,471500
2022-04-07,107.8869151268802,109.45537559284696,106.05948011946096,108.61984252929688,516200
2022-04-08,108.62962017206061,110.75022172928193,107.18330677497072,108.89347076416016,376000
2022-04-11,107.29080460516323,108.50257587215573,103.34276794227964,104.75975799560547,624000
2022-04-12,106.68491708515958,109.28437000169436,104.32000631910252,104.92589569091797,562900
2022-04-13,104.74998347478508,107.32499630024046,104.59362205506197,106.25492858886719,391500
2022-04-14,106.33312043499622,107.95533689750977,99.30679379749269,99.59996032714844,549700
2022-04-18,98.8767801696971,101.38827744282297,96.82458520175788,101.31009674072266,457100
2022-04-19,101.0560286916471,108.55143075698736,101.03647978670388,105.49267578125,717800
2022-04-20,105.98132581961463,107.05629224230519,102.70270059758325,103.15711212158203,338300
2022-04-21,104.45680922156927,106.12788274721022,98.51520949325291,99.14064025878906,442600
2022-04-22,99.16996323754299,99.16996323754299,95.38317180244768,96.93209075927734,395400
2022-04-25,96.15031845889561,100.85082460702307,96.15031845889561,100.65538024902344,423200
2022-04-26,100.49901587393622,100.95831830316831,94.09323663982946,95.12421417236328,498300
2022-04-27,95.03626071698481,96.9711924933349,94.54275891094684,95.3489761352539,409500
2022-04-28,97.25458891593249,102.57368882040016,91.11754389709479,95.55419921875,829000
2022-04-29,94.94830527938862,97.25457664175282,89.31942075255505,89.67122650146484,696800
2022-05-02,90.06211718029752,91.03935365600879,85.8404484477311,88.57671356201172,1532600
2022-05-03,89.14353604026387,89.27057413158293,85.3225368327819,87.14019775390625,1360200
2022-05-04,81.04224236879904,95.66170296423302,80.13341191109062,94.78218841552734,1996500
2022-05-05,93.34563271433316,94.52320455577747,83.67099675733483,85.94795227050781,951300
2022-05-06,85.42026898852278,85.42026898852278,79.51775804836,82.10742950439453,743300
2022-05-09,80.01611572127382,80.68063678789092,76.56647233711526,78.9802474975586,1145800
2022-05-10,81.26699168768467,82.13673158445621,77.58280587262061,79.16593170166016,680000
2022-05-11,78.33529375069381,78.33529375069381,72.90185288544195,73.4002456665039,737400
2022-05-12,72.63799255083082,78.01279342783896,70.54670698787093,76.107177734375,751700
2022-05-13,78.43300779380895,80.6220155838778,77.30918426725268,79.0779800415039,591800
2022-05-16,78.95094796163251,79.71807483657535,76.77170700368752,77.83689880371094,635500
2022-05-17,79.54706404388686,81.07155081754266,74.60224157206741,77.28964233398438,691700
2022-05-18,76.1364871315326,76.2244348237367,70.00921108011275,70.88872528076172,829000
2022-05-19,70.60467744766562,74.40525940682672,70.3401995885879,72.69107818603516,725400
2022-05-20,73.53346943606903,74.12118716136312,69.01782616499388,71.66256713867188,643100
2022-05-23,72.44621157743647,72.44621157743647,67.26448455857305,70.24226379394531,750800
2022-05-24,68.78275440707979,68.95907050746253,66.2849442305307,67.63670349121094,645400
2022-05-25,67.54854068362341,72.23560592191255,67.4799737274684,70.9377212524414,747600
2022-05-26,70.62425768976789,74.83624839741171,70.62425768976789,74.11139678955078,634400
2022-05-27,74.80687037626133,77.07154516047709,74.35628649976822,76.61900329589844,390600
2022-05-31,76.0900564725709,78.46052244341485,74.64034562594043,78.02953338623047,774000
2022-06-01,78.36258140516924,78.72501103453386,72.38743606767271,72.61272430419922,707700
2022-06-02,72.57352549831268,77.65729919429104,72.4951686145112,77.62791442871094,535200
2022-06-03,76.92264993156459,77.0695812322617,74.77747237180158,76.49165344238281,700900
2022-06-06,77.2752874353242,77.74546613558961,74.69912068054725,77.0206069946289,503500
2022-06-07,75.58069507176752,79.8416579104286,74.4444343290652,79.62615966796875,878800
2022-06-08,79.98860598393033,82.70190698959581,79.43516787911949,80.9779281616211,752100
2022-06-09,79.65555290267032,82.59414930705793,79.51841900165788,80.01798248291016,657200
2022-06-10,77.99033954989422,78.96987153757983,74.08200153829867,76.5798110961914,650600
2022-06-13,73.52369614802438,74.57179546856223,70.74672281940175,71.77033233642578,764900
2022-06-14,72.40701778132023,73.37676003135793,69.74759146931508,70.78099822998047,840900
2022-06-15,71.91725772099882,75.09094766761461,71.75073902809439,73.9155044555664,1001600
2022-06-16,71.14341824954579,73.67061302157478,69.8014639702164,70.39897918701172,749000
2022-06-17,71.37849280825681,75.61007035081627,71.06504289670558,75.03214263916016,700200
2022-06-21,75.59049464374759,77.19692678085312,73.79794900566755,73.92529296875,630000
2022-06-22,72.59314173278523,74.83136922564199,71.3687263176097,72.40702819824219,696000
2022-06-23,73.29838499486846,79.33229852853636,71.91724121910315,78.98946380615234,945400
2022-06-24,79.82206727528366,83.10349825556693,79.33230123424923,81.86929321289062,1149900
2022-06-27,81.86930134023686,82.84883351954602,77.07938958127404,77.20672607421875,585800
2022-06-28,77.5299723730511,78.09810282246474,73.12207762949056,73.18084716796875,660100
2022-06-29,73.15145831074427,74.77747772808385,71.52543142016779,74.68932342529297,572800
2022-06-30,74.17016870465868,74.34648477421162,70.62916240381017,73.23960876464844,510300
2022-07-01,73.72937891427354,77.8532156896395,73.72937891427354,77.81403350830078,610400
2022-07-05,76.0704524727849,82.88799373726367,75.51211210423713,82.65290069580078,822800
2022-07-06,82.8488248437498,86.62002184452888,82.70678850761081,84.8862533569336,1016200
2022-07-07,84.49444244179134,90.45978944271023,84.40432267715757,89.29415130615234,1022600
2022-07-08,87.51139648242578,91.96827064159508,87.09020484287706,90.82221984863281,971500
2022-07-11,90.1953229743769,91.92909160719957,87.21754431488607,88.12850952148438,982200
2022-07-12,88.12850149346923,90.07776821937495,85.87557474420095,86.76695251464844,634900
2022-07-13,84.05364241303256,89.38229913072749,83.74019245747618,88.71621704101562,536800
2022-07-14,88.04035674804291,90.77325264742561,87.23714059459711,90.61653137207031,506400
2022-07-15,91.2923718720305,97.8846249758841,91.05728630394933,97.45362854003906,1067500
2022-07-18,97.93362513830381,98.76622594984332,94.49546528730795,94.5738296508789,709800
2022-07-19,95.71990255109964,99.91229981834739,94.57385149381943,99.68700408935547,654000
2022-07-20,99.97105322753217,108.47339296181973,98.97193367888282,105.26052856445312,1279000
2022-07-21,103.36023682685243,105.69152829920418,102.20438850540785,104.55526733398438,716900
2022-07-22,103.18391026887802,104.56994911996954,100.20613919085217,102.3611068725586,755000
2022-07-25,102.71374156754531,103.1937102272337,96.51820372493799,97.22836303710938,1028900
2022-07-26,96.56228403629329,96.60146622025677,91.99766049325518,92.26213836669922,1205400
2022-07-27,94.37791172206173,98.4037890539183,93.46694661470944,97.63975524902344,1281900
2022-07-28,109.74677513409415,127.9464754998568,107.74852879421307,117.34794616699219,3125200
2022-07-29,116.20188130450393,124.12629926391133,113.98814431122743,123.59735107421875,1273100
2022-08-01,122.68639578348052,125.97467978894967,115.83946848256147,115.84925842285156,1372800
2022-08-02,115.10482754217296,122.44152141271645,114.84525211463699,121.41300964355469,933700
2022-08-03,120.94282579176695,127.9954537014077,120.56080888260021,127.25101470947266,741400
2022-08-04,126.49678267264669,128.21096395438266,125.38011660697481,127.10408782958984,449300
2022-08-05,123.78345809438551,131.55114693769957,123.78345809438551,131.38462829589844,539500
2022-08-08,132.3151717099127,137.87890576395137,130.08184015904132,130.42466735839844,934700
2022-08-09,129.67047203291716,131.27690417633386,127.21183674729419,128.2991180419922,584700
2022-08-10,133.11843677744517,137.16391005614148,133.0498772869722,135.4595184326172,649800
2022-08-11,136.16576055989387,137.3231917058064,132.98770416371076,133.0465545654297,556500
2022-08-12,134.841513838635,136.3324549553865,133.43884828988632,135.1455841064453,332000
2022-08-15,133.2525166827393,135.0965603889109,132.3304873461351,133.23289489746094,399000
2022-08-16,131.6536933162149,134.87097799390648,130.99355711289024,131.957763671875,553800
2022-08-17,129.7998223573532,130.47663179649322,126.96508040769207,128.25003051757812,487100
2022-08-18,127.4653197421655,129.073961923679,126.99450165580565,127.84786224365234,316300
2022-08-19,125.44472343750144,126.60216944354318,122.54131997906819,123.80665588378906,511100
2022-08-22,121.44274082692425,122.3059199482973,115.96943654608657,116.45006561279297,674500
2022-08-23,117.54863261893513,120.28038647677613,116.02827340638395,118.08811950683594,559800
2022-08-24,117.89195033173789,121.35445496861767,117.24947523407857,120.89344024658203,475500
2022-08-25,121.72717918919618,123.58104137453039,120.21662343012407,122.65901947021484,460500
2022-08-26,121.58986445245621,122.45303602031586,113.3553814623936,113.52703094482422,648000
2022-08-29,112.39901490191812,113.52702819082116,110.55496353569411,110.58438873291016,470700
2022-08-30,112.24208463357658,112.24208463357658,106.26852229073071,108.47550201416016,640800
2022-08-31,109.9958612984231,113.82129405425574,108.19594774503477,111.68297576904297,912800
2022-09-01,109.38770630981492,113.5417326452867,107.57308027096678,113.45835876464844,816700
2022-09-02,114.50790392596504,118.78454038427553,111.91838189404551,118.66683959960938,1161500
2022-09-06,119.66733873600502,131.25936981095305,119.38288268852828,129.51536560058594,1734300
2022-09-07,129.66250110996782,137.20546904762608,129.66250110996782,137.08775329589844,1216300
2022-09-08,137.08775462703485,144.5816756548265,135.90089845778647,142.56106567382812,1242500
2022-09-09,144.18934317079933,145.46449001537752,141.39089597056736,143.00247192382812,689300
2022-09-12,144.58169223492226,145.99416169504414,141.69791788205296,143.70870971679688,561000
2022-09-13,138.42175431088273,142.81610664589098,137.1564259386171,137.64686584472656,802700
2022-09-14,139.12798801103892,139.12798801103892,133.4683223099371,135.22409057617188,773200
2022-09-15,133.8901075991151,139.37322269917985,133.21329806707456,135.68511962890625,508300
2022-09-16,133.16423853468388,136.06764937777896,132.23240570217317,134.13531494140625,591500
2022-09-19,131.91853248401776,135.88128037444753,130.63356734649176,133.02691650390625,434700
2022-09-20,130.6335624300608,132.6247621609677,129.4761314692862,131.80081176757812,281200
2022-09-21,131.73220649517546,135.8519001116508,129.75573360125807,130.08432006835938,471900
2022-09-22,129.7507945031535,130.02053049409415,123.33583893411975,124.95429229736328,582100
2022-09-23,123.95378985180716,125.55262131986028,120.1283569242638,122.8552017211914,661500
2022-09-26,122.54131142759103,127.15145089171,121.07980264823772,121.38387298583984,422400
2022-09-27,124.86598767449607,128.093075272824,120.53540294012662,123.22791290283203,792200
2022-09-28,123.90473261061368,130.47172239069144,123.10041149619444,129.52517700195312,689200
2022-09-29,126.6119648515695,127.91653676586509,122.19309661646246,123.48295593261719,489600
2022-09-30,123.0121311000653,127.25934214664429,121.23673369176522,123.02193450927734,604800
2022-10-03,124.43441432159541,124.6109729881924,118.5932732088241,120.67764282226562,627300
2022-10-04,123.7477869376578,128.5933350657945,123.7477869376578,126.29806518554688,591200
2022-10-05,123.72818992723398,137.52917729771096,120.91306192153394,135.0181121826172,1860400
2022-10-06,135.01811875218507,139.21628372905306,130.25104160986712,130.4962615966797,902300
2022-10-07,129.51536772570523,131.63407177608136,122.50208284365445,125.86650848388672,986600
2022-10-10,125.12101483618076,129.1622344978997,123.21811326592686,128.42657470703125,603100
2022-10-11,128.98569718031902,130.20199355327105,123.15926861638305,123.90473937988281,622200
2022-10-12,124.90523158675687,125.83706441414321,119.25536926144508,120.9817123413086,874900
2022-10-13,116.02826249302677,121.77621822694138,114.07631395375084,120.41279602050781,960300
2022-10-14,122.60016484944197,124.9346635770387,111.0355910393506,111.19253540039062,797700
2022-10-17,114.11555243690371,120.76592377271216,111.93309637675252,119.99102783203125,688500
2022-10-18,123.63989221978345,125.70954903637569,119.14746128723127,122.35493469238281,910700
2022-10-19,122.4334205068061,123.52219772057194,118.45105077789056,120.71688079833984,924800
2022-10-20,117.35246431144104,119.51039698170992,111.8595386642408,114.9787368774414,1147500
2022-10-21,114.76293474231065,124.23823704902125,113.86052713696265,123.47314453125,688200
2022-10-24,125.06216720081365,127.11220227107533,118.78453535050048,125.60165405273438,815700
2022-10-25,125.19948755694573,133.28194188273466,125.19948755694573,132.27163696289062,1164900
2022-10-26,152.0363902249123,161.56074099804798,142.51203945177662,152.477783203125,4259200
2022-10-27,155.9010132878191,158.73575486531132,151.5557086743553,155.3615264892578,1300700
2022-10-28,153.5861552978488,159.28015514571817,150.30020210046385,157.67642211914062,848300
2022-10-31,158.35321240215615,162.57099787222302,154.7828110903628,155.3615264892578,831900
2022-11-01,156.81325524635696,158.11586654767305,150.55525204414423,151.9971466064453,709400
2022-11-02,150.95742065062754,154.41012231874652,145.74895043037787,145.9745635986328,633700
2022-11-03,143.6988764728977,151.85980278509234,142.5316272317367,149.47625732421875,453800
2022-11-04,151.73229200589645,152.44833003774,145.95000164757897,150.4473419189453,424900
2022-11-07,150.91815734053975,154.21391386443014,145.7587352981377,152.79164123535156,545600
2022-11-08,154.047201425001,157.0781169233514,150.8985701533178,154.49839782714844,326600
2022-11-09,152.78959160675115,156.55090031437933,151.7191449339197,153.20205688476562,392500
2022-11-10,161.54961980768434,165.72339417961538,159.12391915036454,164.23065185546875,610600
2022-11-11,163.67086572210442,166.43537956148307,160.33183758290608,163.9163818359375,561800
2022-11-14,163.44496525365105,166.85272980275374,160.07649167085478,163.3958740234375,450700
2022-11-15,166.95095810725604,167.81026450927868,162.5120225546899,164.0342254638672,567900
2022-11-16,161.75583266631577,163.91734536495355,158.3971592573942,161.1862335205078,482600
2022-11-17,158.9569343654965,159.64437640514927,155.58844589352896,157.012451171875,408600
2022-11-18,160.5969820175704,160.5969820175704,155.93217635330208,157.3267059326172,333900
2022-11-21,156.59019663289797,158.9471606513232,153.56642490060005,154.5082244873047,309700
2022-11-22,154.16446233747143,155.90272048771737,151.74859235181336,155.1956329345703,282600
2022-11-23,154.4885522407841,159.222109960351,152.99581011951597,155.65721130371094,280400
2022-11-25,153.99754639767224,157.01249189039132,149.72557441010866,152.67176818847656,201100
2022-11-28,151.67985147828398,157.0124692401188,148.85347909891343,149.93177795410156,452800
2022-11-29,149.47019095947272,153.0940108058389,147.48641677814757,152.17086791992188,468000
2022-11-30,154.3608751415126,162.8360957055846,153.25115255980413,162.54147338867188,644700
2022-12-01,162.2763110347818,163.7886834699322,157.24813160696365,161.8638458251953,476800
2022-12-02,161.17640749869344,162.74771656165368,156.43303456119338,160.0961456298828,410900
2022-12-05,159.65422407783058,159.65422407783058,154.00735351691154,155.00904846191406,409900
2022-12-06,155.65722769290198,156.22682691737376,142.86092809146822,147.02488708496094,712700
2022-12-07,146.55349225895873,153.18242813693126,142.9100410791752,151.080810546875,570000
2022-12-08,153.47699170538647,155.64736017699138,150.95309450811368,152.07264709472656,475400
2022-12-09,151.0120265313164,154.5670943825947,150.04959276038315,150.28529357910156,327000
2022-12-12,150.98259072557627,156.83568633139114,149.658760802166,156.3348388671875,415200
2022-12-13,163.05211980023722,164.29934554439552,152.24941347614214,153.50645446777344,550300
2022-12-14,153.6243097845007,161.5004695908823,153.6243097845007,157.59185791015625,787700
2022-12-15,154.2724971760237,154.8912025600096,148.63545695789094,152.8190460205078,566300
2022-12-16,150.73708457873727,152.21018131973761,146.56331047923626,151.51290893554688,759700
2022-12-19,150.59960550325283,150.59960550325283,144.03940648359446,146.49456787109375,545500
2022-12-20,144.87416192240383,147.80070999084202,143.03769108346975,143.91172790527344,547300
2022-12-21,143.95099929244395,149.05773109532578,141.6333267453905,148.39974975585938,495200
2022-12-22,146.93644546993255,146.93644546993255,139.62006994486208,142.7430419921875,515800
2022-12-23,142.2422271470105,143.88227316253273,139.13399941083586,143.05734252929688,427300
2022-12-27,143.19483703236006,144.3821527749794,139.26657862950762,141.0441131591797,376900
2022-12-28,141.14230650240034,142.6743246744564,138.69696058308654,139.2960205078125,384700
2022-12-29,141.613703744034,142.87074515707326,139.10943616871896,140.86734008789062,336600
2022-12-30,138.9228103345021,139.8557683409721,133.26611087022616,135.15167236328125,570300
2023-01-03,138.19610430723841,138.25502577393596,128.7977407560292,131.0466766357422,672000
2023-01-04,132.2349782787816,135.701664747875,129.1414811130845,134.0518035888672,605000
2023-01-05,131.11539428392314,134.16961473952063,127.13804600912424,129.93692016601562,544500
2023-01-06,129.93694072719762,135.9078941858971,129.2003924138153,134.75888061523438,448900
2023-01-09,136.42838833967656,142.6153972240353,136.42838833967656,141.2699737548828,499500
2023-01-10,140.13078352778672,145.67454173216746,137.6363313483964,144.84469604492188,339800
2023-01-11,145.7383479496092,149.2492400950351,140.6218009231699,147.7221221923828,525900
2023-01-12,149.3621737843194,152.07268116932744,146.8579065206065,148.5863494873047,594700
2023-01-13,146.90703207966615,148.74350297356452,143.19482928853202,143.3814239501953,582200
2023-01-17,142.3797380997095,147.31952241439555,142.3797380997095,145.4339599609375,575600
2023-01-18,146.21958449744685,147.93819739233228,140.69055650323574,141.9967041015625,604600
2023-01-19,141.4172962796986,141.64316693209068,133.29561819335845,134.18930053710938,672200
2023-01-20,136.38912845033346,139.85089996841432,132.11714169664094,139.1487274169922,602900
2023-01-23,139.12906194014295,147.1721717847657,138.56437790639305,147.07395935058594,440700
2023-01-24,146.7597115660946,147.25074378360154,143.80368802622976,145.50267028808594,392500
2023-01-25,142.16361458786363,147.84977495312836,140.86729757784934,147.53550720214844,304800
2023-01-26,150.75673024444424,153.75203024947493,149.4014912962742,152.67176818847656,422600
2023-01-27,151.84678857071458,156.92405958133534,151.23791345463988,154.9992218017578,380200
2023-01-30,154.57696808140415,155.99506965893573,150.68800050522486,153.8109588623047,326800
2023-01-31,154.8519073147903,156.27591268210543,153.38864095006008,155.62774658203125,300500
2023-02-01,155.19562746173023,163.0128662524708,153.09892547682102,160.0863037109375,601200
2023-02-02,162.21740611291236,165.31091826364457,160.8768976675319,162.62005615234375,846900
2023-02-03,159.60509483511265,165.9099458667305,158.19091984014938,162.9833984375,410600
2023-02-06,161.6379550238498,163.65118977961546,158.97656923688083,161.11746215820312,390300
2023-02-07,160.49877763922092,163.29766717222134,156.12859405787532,162.54147338867188,456400
2023-02-08,160.33183159944184,160.59699318831795,155.8438049983226,156.09913635253906,384700
2023-02-09,157.54281095032792,157.8668940863242,154.57697148145803,156.1188201904297,373300
2023-02-10,154.64569034786888,156.07949605512928,151.23792550298595,152.80923461914062,561500
2023-02-13,154.02695859720268,162.33620305967952,152.79937824307083,160.23361206054688,723000
2023-02-14,158.50519477981973,168.28656320541182,156.66873907042722,167.59912109375,766000
2023-02-15,167.59915977366148,172.5340287344404,165.51717248841217,171.29171752929688,938700
2023-02-16,168.82668103847132,177.72418139011123,168.32581864423327,169.69088745117188,1250600
2023-02-17,169.25878896647163,170.4716389825918,166.24384435716672,170.3783416748047,950900
2023-02-21,168.58117550002277,169.17040513846757,162.04062311600416,163.2289276123047,1193800
2023-02-22,186.0226613804698,190.26223527302955,173.43260190448615,175.78955078125,2779500
2023-02-23,171.99878487697427,176.70286748320274,170.16232896168933,171.1051025390625,1003100
2023-02-24,167.04918504692023,172.61748921713547,165.59375568132504,167.99195861816406,734500
2023-02-27,166.6367029634471,172.4603534432772,165.35020082131575,170.0739288330078,621800
2023-02-28,170.03463083658406,172.24427575243814,167.058976882043,167.294677734375,565500
2023-03-01,167.29470393761449,169.01821705205592,165.97872603736556,167.82501220703125,374200
2023-03-02,167.82500894354254,170.38819799696492,163.69051062924308,169.07223510742188,531100
2023-03-03,169.65166220567264,172.12646923078637,167.23577665982788,170.43731689453125,535800
2023-03-06,170.66314109871462,171.7532331237737,167.99192487487818,169.79891967773438,494500
2023-03-07,170.88901343946122,172.85314215429486,166.2683988396015,166.6366729736328,694000
2023-03-08,166.45990432582872,167.71694547237112,164.3288265229387,167.68748474121094,567000
2023-03-09,168.82796938243777,171.16789128221166,166.4093930068438,166.66502380371094,645000
2023-03-10,167.39257244713744,169.74232082542883,161.3363270674577,162.27032470703125,850600
2023-03-13,160.10736552901818,165.06247770023745,159.08487230203443,162.83070373535156,740500
2023-03-14,167.1369453719562,168.29706520367006,164.19729604976317,167.36306762695312,466500
2023-03-15,165.15097375990243,171.90528339313664,164.4234460132172,171.81678771972656,542900
2023-03-16,171.266216865842,178.89061624198007,170.4698608385102,178.34495544433594,756600
2023-03-17,178.10897634976,180.27192179303154,174.6679220076169,179.13145446777344,697300
2023-03-20,179.96714153191724,184.93209427051585,179.22977275891168,181.17642211914062,573700
2023-03-21,182.32673113349534,185.94476202212778,181.43205334561586,181.44189453125,518500
2023-03-22,180.7634854873673,184.35200727865345,178.9839713661397,179.91796875,530500
2023-03-23,181.5205782018077,184.55853469350245,176.8063344868925,181.15679931640625,423200
2023-03-24,179.19043849525022,181.89412400339094,176.68339666187373,181.18624877929688,309200
2023-03-27,177.755079151447,181.7122865440202,176.10435501014172,179.0430145263672,577300
2023-03-28,178.67924105338903,181.44191419059376,177.51910615841166,180.72421264648438,532100
2023-03-29,182.30707699437434,182.57253399503557,176.2704842872214,176.3884735107422,701400
2023-03-30,177.48957791895165,179.2150256451044,175.94602709131397,176.69322204589844,462100
2023-03-31,177.41094463210325,182.34640439988556,177.04718079525304,180.4882354736328,741500
2023-04-03,178.84635737064184,184.62731885963777,178.84635737064184,184.61749267578125,576800
2023-04-04,184.02758546204345,184.05217342357517,172.95722707711656,173.43898010253906,935200
2023-04-05,172.8195793478746,176.89968063623087,171.88558188447084,176.23114013671875,529300
2023-04-06,175.88706340207168,177.2143334815756,172.51483668426164,177.0963592529297,289100
2023-04-10,176.3295013902731,177.61743675948622,173.72412209210162,175.32667541503906,554200
2023-04-11,175.40531243186555,180.7143623567615,175.3463253218702,178.9840087890625,415800
2023-04-12,180.28177589436825,180.40959130459063,173.43900088677105,173.5373077392578,369000
2023-04-13,175.9755094991508,178.73818192157157,174.21564774132494,177.02748107910156,396100
2023-04-14,175.84773716089322,182.89698209634142,175.84773716089322,182.26776123046875,464900
2023-04-17,182.73963231697869,183.9194343035797,180.3112300640535,182.356201171875,527000
2023-04-18,184.47004763044998,188.92375476063256,182.5086360784464,185.27622985839844,704000
2023-04-19,183.1329240927965,185.27620225921956,181.27475526893346,184.27337646484375,381900
2023-04-20,183.4475426952561,187.56697925053197,182.92646988534278,185.6006622314453,393200
2023-04-21,185.7284607666098,188.65826865839756,184.7059676085558,187.15403747558594,411600
2023-04-24,186.30853682002567,193.7707062774492,186.30853682002567,193.50526428222656,770900
2023-04-25,192.3254401869765,194.83249709142873,190.8605437814286,192.3352813720703,628200
2023-04-26,193.97718465556122,201.66351146835623,191.715916993228,196.031982421875,953900
2023-04-27,197.50670082234117,199.00110586988828,194.35075559062378,195.69769287109375,701900
2023-04-28,195.13729971002437,199.5221933293659,192.75805788134437,196.73985290527344,646400
2023-05-01,196.9364457255096,199.31078153016423,194.85215483427632,195.33389282226562,712500
2023-05-02,195.3142763232525,197.30024574393812,192.3746269306492,195.9533233642578,679000
2023-05-03,208.42958361042906,217.57295985407814,192.70887518180334,214.2793731689453,2316700
2023-05-04,215.41987744105842,220.0014000323146,202.39302623324926,204.07423400878906,1192100
2023-05-05,205.4801114240741,207.0531709093831,201.16404652581295,206.68939208984375,598900
2023-05-08,206.82706157042315,207.5251107491695,200.65282701066917,202.94358825683594,494200
2023-05-09,201.44919324181208,202.84037107634532,197.34942363723974,198.36207580566406,545600
2023-05-10,200.98704830597723,202.55028143731013,197.09374975689727,200.2496795654297,353400
2023-05-11,200.42668713981618,205.8537261176175,199.4238612956794,203.42532348632812,427600
2023-05-12,203.0910815193583,206.89590054417758,202.6289957719429,203.91693115234375,391300
2023-05-15,203.83821264001514,204.84594389926895,201.09519257526512,202.8157196044922,412300
2023-05-16,202.35368566737125,203.07138715766547,197.29041049146147,197.64434814453125,397300
2023-05-17,198.83394759468496,201.57695275576427,196.45470621793584,200.04322814941406,567300
2023-05-18,199.69883586073206,202.8085243021401,198.46873901041218,200.8502197265625,349700
2023-05-19,202.39521105392132,204.22559574514543,200.51070930955257,203.44818115234375,384500
2023-05-22,202.8085256743002,206.13471238513526,199.64472015767117,200.9879913330078,555000
2023-05-23,199.21665083678673,202.149197572554,196.4907519664635,199.2264862060547,452500
2023-05-24,199.17726337732105,202.71011271962496,197.25831541557534,202.64122009277344,397900
2023-05-25,203.76307288604494,203.76307288604494,196.50057655374223,197.89797973632812,531200
2023-05-26,197.2288242913053,199.42331306256264,196.60885061866736,197.57325744628906,446800
2023-05-30,199.31506524884577,202.10493177835178,194.08961573297088,198.1636962890625,484900
2023-05-31,198.14397294475427,199.20676322868246,193.1350080104176,196.18565368652344,494200
2023-06-01,195.5952017407648,197.27305536488555,193.65656822877943,195.57553100585938,475500
2023-06-02,197.90778625542742,198.82297093614466,191.12749426413805,194.6209716796875,523600
2023-06-05,192.87917382449118,201.63745683365914,192.87917382449118,200.4467315673828,504300
2023-06-06,200.49595951862648,200.6042086465613,194.99495476463304,195.3197021484375,525600
2023-06-07,194.89653470643603,197.70114632483177,189.71044253393387,192.95790100097656,625700
2023-06-08,192.52491765388316,195.8314185884725,190.1237661993107,190.33042907714844,394800
2023-06-09,190.33042140556407,192.37730428407642,185.36082732696806,185.86270141601562,645800
2023-06-12,186.8271121914893,189.04619665782513,183.18601356894834,187.56517028808594,542400
2023-06-13,186.73851078580702,187.91941560743805,183.609152049639,185.2919158935547,890500
2023-06-14,185.262404782681,189.80885255357623,183.26965406622793,188.67715454101562,473300
2023-06-15,187.61437426749544,188.84447117461468,184.79500176651018,185.93161010742188,485900
2023-06-16,187.53566907065724,188.564028325833,184.12091871335977,185.1738739013672,545600
2023-06-20,185.11481957664094,187.83086807755907,184.43580369745365,186.80743408203125,479400
2023-06-21,186.90580384349275,190.91100586485317,186.26615957244198,188.68699645996094,448700
2023-06-22,188.40161205582814,188.55906804097705,182.29049991354938,183.4713897705078,726200
2023-06-23,182.19209052949142,188.62795016424084,178.1180106651861,184.33738708496094,4005200
2023-06-26,185.0065555799876,188.55907567872586,184.1602483953183,185.74461364746094,514400
2023-06-27,190.0352030227422,194.33561681114443,188.87890897899825,192.97760009765625,519300
2023-06-28,192.90870657523777,198.94110631306881,192.87918545220032,197.07135009765625,475100
2023-06-29,197.071340450147,198.42937210671096,193.50898496360085,193.68612670898438,330500
2023-06-30,194.62100166008128,197.69131850168407,194.1387983034633,196.9729461669922,415500
2023-07-03,197.32722722328188,197.45023691247675,189.71046186263604,192.53475952148438,352400
2023-07-05,191.89513401915067,192.2297168028714,186.15795974888331,186.45318603515625,616100
2023-07-06,184.87864319451495,186.453173269615,182.76288248344144,182.94985961914062,595800
2023-07-07,182.7727061336318,184.2685081074816,181.0800916669722,183.97328186035156,491800
2023-07-10,184.02246578885143,189.45457700480466,183.89453092735545,189.0511016845703,479400
2023-07-11,189.16922383512662,190.67486129015995,185.89716897411185,186.03001403808594,325600
2023-07-12,188.40159854512171,192.80042533490112,185.12461929137697,192.31822204589844,482200
2023-07-13,193.3712067760602,195.97900584838783,192.24935915417578,192.47569274902344,336700
2023-07-14,191.89506345056654,194.77840258097032,190.00563693541406,190.85194396972656,330200
2023-07-17,191.06847132409493,192.60362966344346,188.82477605645792,190.4878692626953,360800
2023-07-18,191.1275091055741,193.45976768086717,188.65748029831914,189.39553833007812,389300
2023-07-19,189.81870194488465,190.88150741078536,183.54028290247948,184.15042114257812,507400
2023-07-20,183.5304223432895,186.2267996375701,182.1527200853817,182.50698852539062,310800
2023-07-21,183.58947859001628,184.96127973203295,181.76894439713294,182.8218994140625,273200
2023-07-24,182.83176613667132,183.49602150326933,180.017303670239,180.46998596191406,381300
2023-07-25,181.28673019224092,183.1269500273512,180.38138083426793,182.17239379882812,351700
2023-07-26,182.23143860680966,182.23143860680966,178.25084748118306,180.4797821044922,370100
2023-07-27,180.7652044069657,182.00513669262455,175.7070464888838,176.1597137451172,483600
2023-07-28,171.14090405306348,172.41035729072823,160.80020805375503,162.0086669921875,1514600
2023-07-31,162.4613466786349,166.96842331422255,161.49695495795518,165.89578247070312,819900
2023-08-01,164.24250993444622,166.01385223475646,161.6051897440737,165.73831176757812,1086400
2023-08-02,162.54007229896197,169.9009674968086,157.50160050781523,165.01010131835938,1113900
2023-08-03,164.8624568243887,170.04854802097205,161.57564248629203,162.89430236816406,922300
2023-08-04,164.32123636395818,165.4922908462392,161.7036019506684,163.17971801757812,541000
2023-08-07,162.7663675508567,166.42713604131717,162.34322155029403,164.18344116210938,559600
2023-08-08,164.18349145384198,164.18349145384198,158.41188635219595,158.6923370361328,636500
2023-08-09,159.50912113972325,162.0480429356898,158.17077511586098,160.45384216308594,513200
2023-08-10,160.59160672705406,162.94355130894186,158.9481991336357,159.67640686035156,473300
2023-08-11,159.223714668261,160.90844556373736,157.9739322573107,160.00112915039062,393900
2023-08-14,159.8141560174811,161.55597713559635,158.07234991519462,161.4772491455078,489600
2023-08-15,159.73543603910818,162.12673669289913,159.1745047652591,161.62486267089844,489500
2023-08-16,161.26075244840888,161.5264575404863,158.37741298637425,160.3258819580078,536400
2023-08-17,164.2477838768756,166.99708037698008,161.65617128780335,162.17843627929688,752100
2023-08-18,161.0354011237155,163.79454700328714,160.43430153936646,163.6270294189453,704600
2023-08-21,164.09014310095887,164.90803353896882,158.07421648147354,159.34046936035156,481100
2023-08-22,160.18794919955843,163.89309353009205,160.12882711532828,163.3116912841797,320400
2023-08-23,163.03575990590406,163.85365039696055,160.75946970165623,162.88795471191406,288100
2023-08-24,167.09565934446744,167.09565934446744,161.7645978953297,161.79415893554688,429000
2023-08-25,162.1784613661484,163.2821135889107,158.92661173992795,159.93173217773438,326600
2023-08-28,160.6707914610569,163.66642542718574,159.63610996332702,160.51312255859375,451400
2023-08-29,159.74451644059397,162.04051924366695,159.01530899365176,161.33102416992188,399500
2023-08-30,161.46899270118104,162.83377768276574,159.478463872233,160.59197998046875,967900
2023-08-31,161.30144169125506,164.01131375451521,157.48791745379341,158.2959442138672,877300
2023-09-01,159.4094558009687,160.40964431595233,154.85686063265274,156.45323181152344,651100
2023-09-05,155.25107721792565,155.25107721792565,148.92475787702134,148.9937286376953,1023600
2023-09-06,148.36303506861273,152.4721848733908,147.89004341005517,152.1765594482422,1002200
2023-09-07,151.9597986561466,159.91203467215814,150.8856923364987,159.30108642578125,876400
2023-09-08,159.30108460426632,163.50876656466,157.0346428596283,158.10873413085938,851500
2023-09-11,157.3007049732693,164.5335970558011,157.04942108796538,163.2525634765625,860800
2023-09-12,162.1193376308988,163.5875860116449,158.94632248675526,162.88795471191406,524400
2023-09-13,162.87807279924797,166.43539608620767,162.05033373317391,166.2974395751953,590700
2023-09-14,167.2040215143423,170.18488972339435,162.4346504232183,169.66754150390625,720900
2023-09-15,169.35222705634837,169.5788666963685,164.34635238810623,167.87411499023438,728400
2023-09-18,167.874110210877,172.69768665941976,166.91826323244544,171.4215850830078,987200
2023-09-19,170.85988939985012,171.54967198003297,168.2584129287802,171.2047882080078,794600
2023-09-20,175.05773499000549,178.22287119657213,172.82086953074096,172.8997039794922,668500
2023-09-21,171.3723159895719,171.92611182013587,165.6076729362578,165.7554931640625,704800
2023-09-22,166.48468149685868,169.63798414463696,166.3565886791946,166.88870239257812,441500
2023-09-25,165.41060826124826,171.32305700400303,164.21825781556012,170.98802185058594,474000
2023-09-26,174.81138087997337,177.07979212044384,172.24932898888284,174.2102813720703,818000
2023-09-27,174.80154242479006,177.07783273218632,173.2347471529633,176.26980590820312,528700
2023-09-28,177.33404329843654,180.13259861496115,175.19569454985105,178.64462280273438,454200
2023-09-29,180.04392127765783,181.03917804957845,176.8117688636547,177.21578979492188,448100
2023-10-02,176.28949840398047,181.86691171085462,176.28949840398047,181.6205596923828,728800
2023-10-03,182.6158411370406,186.80382567275564,173.786577711728,174.43695068359375,783800
2023-10-04,175.25480916515892,182.23148418923572,175.00845717872275,181.92601013183594,686800
2023-10-05,183.2366206220021,183.2661816600842,178.93039233187224,180.21142578125,663100
2023-10-06,177.76760784453245,179.56105772941186,168.33726053787578,171.5004119873047,1231300
2023-10-09,170.32780621244586,174.80155263616962,169.57888638885373,173.165771484375,475400
2023-10-10,172.40701497600614,178.8614262710505,172.40701497600614,178.69390869140625,436100
2023-10-11,179.35408955927932,182.83060857014914,178.3588329761216,178.97964477539062,469900
2023-10-12,177.92527064755595,178.79243452140776,170.50514941972202,172.29859924316406,561800
2023-10-13,171.45115000836861,174.15115841036703,170.96829465656108,172.7913055419922,346400
2023-10-16,173.63875639607153,178.41797634229255,172.12121960252395,178.18148803710938,333100
2023-10-17,178.23074238946964,183.03953830149683,178.23074238946964,181.817626953125,409600
2023-10-18,180.93078546122197,183.1479537305673,179.19647258354254,179.82713317871094,339900
2023-10-19,179.7187110697004,180.92091000060353,177.00883914180326,178.85154724121094,386300
2023-10-20,178.55593454890464,179.8960900900649,174.21028146659827,176.71322631835938,396100
2023-10-23,175.18583776030434,178.94023993574572,172.81100080760436,175.27452087402344,478900
2023-10-24,176.9201331040921,180.50604001863059,176.4668538766084,177.2847442626953,350600
2023-10-25,178.08293829999508,179.84681203714996,172.8208630900607,173.38253784179688,491200
2023-10-26,173.13620379138862,177.37346171742058,171.20481229514544,171.52999877929688,487700
2023-10-27,173.27413925116426,180.21141999699717,173.26429058416412,175.4617462158203,589400
2023-10-30,175.46175721613355,177.50155912300582,174.23986084166748,175.96432495117188,424300
2023-10-31,175.3533386316011,182.3871809369661,175.2843678950948,180.10301208496094,1047800
2023-11-01,186.95161002438098,197.594019605886,179.4230933825405,193.63267517089844,1715400
2023-11-02,196.95351053253458,199.36777238679363,193.67209978190417,195.82029724121094,631700
2023-11-03,197.24912286979915,204.62983440165246,196.7662675237826,203.82179260253906,788600
2023-11-06,203.2995216539518,205.83202742606028,202.6491487666244,203.60499572753906,461700
2023-11-07,203.09260238610497,205.47235617892798,202.35058424027716,204.15682983398438,405000
2023-11-08,205.10283823737552,206.48240354210296,202.3505941773437,204.5707244873047,291300
2023-11-09,204.57073120273793,204.63970195217135,201.03310463353216,203.23057556152344,251100
2023-11-10,203.60499915395752,208.12310151655,203.04824121995767,207.86196899414062,247700
2023-11-13,207.86198493482402,216.5680569907626,207.86198493482402,211.4685821533203,592300
2023-11-14,214.79923599374013,217.78502109150867,212.542658243794,216.78976440429688,597900
2023-11-15,218.1594677700904,223.01260498270017,216.68135582936452,221.07135009765625,445700
2023-11-16,221.23411073854697,224.81465791525983,220.25760881827455,224.6173858642578,514700
2023-11-17,226.74794449247966,229.82543041827594,226.03775311715873,226.9846649169922,561300
2023-11-20,226.0772320427113,228.67140408495322,224.4349236722465,228.65167236328125,568700
2023-11-21,228.6516593784667,228.83907309647304,226.75584891267167,227.24114990234375,380000
2023-11-22,228.49382513434068,232.55770147884311,227.26085604760047,231.65023803710938,429200
2023-11-24,231.47268538793776,232.80429803765492,230.38175155777918,232.4590606689453,150700
2023-11-27,231.60093342383163,238.36253218226292,226.14627898400403,237.1936798095703,549700
2023-11-28,236.02972640714142,236.5722358035718,232.68591491936925,234.75730895996094,669600
2023-11-29,236.72022568983624,237.80522954441486,229.70709634855942,235.36888122558594,516400
2023-11-30,235.56616317704822,237.59809394561748,234.81650829481586,237.08517456054688,294100
2023-12-01,236.15798647450913,240.1577463788198,236.15798647450913,239.38343811035156,305300
2023-12-04,239.26506986473967,243.1415176684531,237.42053777195795,241.6816864013672,506100
2023-12-05,241.75074211744413,242.28339325961744,238.80148931690331,239.9949951171875,331500
2023-12-06,242.51024506874086,245.58773135607538,240.07389674096987,243.70376586914062,557400
2023-12-07,245.23263999894488,247.28430257737807,240.4487284786249,242.41160583496094,359000
2023-12-08,241.55343265770549,245.00080931572612,241.55343265770549,243.81222534179688,288200
2023-12-11,242.2340473948308,247.0376902779388,240.93202477754824,242.71737670898438,404000
2023-12-12,244.1969287943156,245.60743818274418,242.13539307530866,245.45948791503906,691600
2023-12-13,245.93293209359737,249.02029130686586,244.02922011819535,248.34954833984375,345900
2023-12-14,249.75024519721228,250.29275467071676,237.321924340651,241.81979370117188,656600
2023-12-15,241.2378251945477,244.0983076728343,240.25144985018773,242.3326873779297,591600
2023-12-18,243.52620165404701,249.80940761329387,243.37825137670717,247.8169403076172,408600
2023-12-19,250.7168855515967,254.86954755294678,250.11027432864407,251.02267456054688,435000
2023-12-20,252.31482375471953,253.92260538021185,248.9907285087392,249.35569763183594,328400
2023-12-21,252.16684200471866,253.9225888526114,251.12128658416376,252.56138610839844,249700
2023-12-22,253.21241240305235,255.87070124541998,250.82538581754122,254.6525421142578,215400
2023-12-26,254.04093848750776,256.40826321450976,253.81210472301623,255.4416046142578,234600
2023-12-27,255.61912891259368,258.4007142211848,255.08647787223353,256.8422546386719,180600
2023-12-28,256.9014467029445,257.47353110494055,253.97191099725353,254.366455078125,158000
2023-12-29,253.4392476897701,255.9643658075128,252.4873992287499,253.08413696289062,273300
2024-01-02,250.27301806827333,251.98437993488236,246.75166582872848,248.95127868652344,344000
2024-01-03,249.2274276233183,249.2274276233183,240.68541451706537,241.33642578125,487100
2024-01-04,241.33646288363016,242.11077117063704,238.4858386319718,239.88648986816406,354800
2024-01-05,240.2711391667598,242.84065748293386,239.0480435115685,241.8887939453125,272300
2024-01-08,242.21430874497608,245.65676385349266,242.21430874497608,245.00575256347656,295800
2024-01-09,243.49661137088773,250.46041870117188,243.49661137088773,250.46041870117188,305500
2024-01-10,250.97335309617662,255.9348200337527,249.59241853913804,255.88551330566406,245000
2024-01-11,254.8695725001325,259.3723488333596,253.00136507579802,258.99261474609375,360700
2024-01-12,259.3279053595546,260.9485250980406,257.6708022613033,257.7102355957031,291800
2024-01-16,258.94328019590523,270.7600692839972,258.92356352294814,267.99822998046875,553300
2024-01-17,266.9920815263911,269.9413643916647,261.9714344376241,269.7637939453125,529600
2024-01-18,271.53927085096956,273.2999544131425,269.18181938227974,271.7266845703125,471200
2024-01-19,272.95963955917824,272.99416630587467,268.4716140154077,271.99298095703125,427100
2024-01-22,273.2555096767629,280.998560711791,273.2555096767629,277.9802551269531,417900
2024-01-23,278.45371559968385,281.07747732568976,275.6425702734762,279.33160400390625,366800
2024-01-24,281.8468997268371,281.8468997268371,275.76098031048684,276.6487121582031,215900
2024-01-25,280.1502955193733,280.4758162179947,274.89292853432414,276.9840393066406,204800
2024-01-26,276.7275725978373,277.4377640030841,267.96858540217323,269.4678649902344,413000
2024-01-29,270.74034054332367,276.17524872713733,266.6764484609992,275.1888732910156,368300
2024-01-30,275.21842566220425,279.0159765916021,273.5652657147451,275.39599609375,254900
2024-01-31,276.2343519634164,282.65566389795697,274.78437927180335,277.2799072265625,410800
2024-02-01,278.1775438775164,284.4509062717466,278.1775438775164,283.6716613769531,310200
2024-02-02,283.3461512431736,286.285530091239,280.13055843978043,283.84918212890625,241900
2024-02-05,283.296814091198,283.8442752071182,279.28228988573807,282.04412841796875,194900
2024-02-06,282.4189890805957,283.16370726409787,279.09490906573,282.5768127441406,272300
2024-02-07,284.6482105371596,292.05096301261676,281.9258347986068,288.8008728027344,339300
2024-02-08,290.56153105203026,294.14204829054216,289.609652348774,290.1423034667969,444900
2024-02-09,290.8525166544565,293.6143859045898,289.6096739868071,291.47393798828125,406100
2024-02-12,290.98070383681664,293.43676861968186,287.96239792719444,289.2545471191406,341600
2024-02-13,284.74683957228325,295.907679487371,281.93566369821,295.8830261230469,426500
2024-02-14,300.9628372048499,303.8233196541481,296.8249854527643,303.53729248046875,417800
2024-02-15,304.612428232414,311.1570078972197,304.0008803609691,310.8561706542969,417200
2024-02-16,312.0497045669016,320.4437687854648,310.16181072349985,314.91021728515625,828600
2024-02-20,317.8101332447923,320.6311521498884,312.6760329586578,320.0491943359375,912500
2024-02-21,303.78383518119483,315.4427667935892,296.9087990538119,306.0919494628906,1113200
2024-02-22,314.21971344811715,338.6127854761376,312.9176908264942,329.4986572265625,1060500
2024-02-23,329.2422216280578,337.123350685874,328.2952796615592,334.2135314941406,578500
2024-02-26,335.4169048725446,346.0993661058729,335.3675981488249,344.6986999511719,632200
2024-02-27,347.0856957246557,347.96355396313703,331.49604356290945,334.39105224609375,835900
2024-02-28,332.3986114382087,342.4201883614386,332.3986114382087,341.79876708984375,421400
2024-02-29,343.40654652681997,347.3224575789806,340.4671674677036,346.26702880859375,458900
2024-03-01,349.08809289671007,361.4079110032908,347.9833573552816,361.28955078125,662500
2024-03-04,363.80481697137026,370.2064136358597,358.0641351558947,361.5164489746094,499900
2024-03-05,359.65218712584914,361.8222250079133,351.179226202978,359.96783447265625,421200
2024-03-06,362.6013704744587,365.7577831347265,354.15309463482055,364.3571472167969,345500
2024-03-07,365.9264831542969,367.53029834326946,360.56725012415336,365.9264831542969,278100
2024-03-08,367.4759287265936,369.5485570967266,348.7631182630968,349.3750305175781,676900
2024-03-11,346.42409590237,346.42409590237,327.5138766826198,329.86285400390625,973500
2024-03-12,332.36972991233057,348.4078815765805,330.4155319741391,345.0127258300781,720700
2024-03-13,344.5784478385328,345.98979790799063,339.2685812961097,339.7719421386719,401500
2024-03-14,342.34784839006625,347.07046992355544,340.83189275116166,345.62457275390625,501800
2024-03-15,342.18010945132727,345.43707554428426,336.14974941314125,343.1177062988281,881500
2024-03-18,343.98626135747975,345.4370983754456,329.90230821824457,335.1233215332031,491100
2024-03-19,332.7151460293786,336.8307957782468,320.75315700349734,336.05108642578125,583400
2024-03-20,335.5477098363608,343.81843492570994,334.02777830015725,343.6901550292969,535100
2024-03-21,342.4860898356743,349.1776987393494,339.4462264886772,343.4730529785156,390400
2024-03-22,344.0652488724941,353.3328483753393,338.4790633057758,351.6549987792969,504100
2024-03-25,352.8392775149671,364.9394537052596,352.8392775149671,356.5206604003906,634000
2024-03-26,357.89252669356114,364.12026096107036,356.634154862785,363.202392578125,378300
2024-03-27,366.9824274620826,368.24573885744684,351.9855480410969,361.1100158691406,383100
2024-03-28,362.2055956579538,365.5494272817091,357.59649462878036,361.623291015625,363100
2024-04-01,361.26803110514777,365.9462272024472,360.42910633114525,363.00506591796875,332300
2024-04-02,355.64228806000233,357.24610313457316,348.90134318386947,355.18829345703125,345600
2024-04-03,359.07694062287015,369.09461057592057,356.0617754270011,365.5810241699219,615700
2024-04-04,366.5778824160187,374.0590501666726,346.1082453107083,346.32537841796875,588200
2024-04-05,349.18754162544514,353.9940773454289,343.69017990942467,345.8614807128906,489300
2024-04-08,345.5851179841627,358.95848584982735,343.95663491882163,358.58343505859375,365300
2024-04-09,358.0603851109695,358.26763894791185,338.94291288764344,349.7008056640625,576200
2024-04-10,345.9206838511078,360.2415279284374,339.77192307569186,355.3560485839844,560500
2024-04-11,356.60953037610204,363.74525462974344,354.3296479233131,362.1661376953125,329100
2024-04-12,361.8798807500853,362.76320184948366,355.8396716160674,360.3895568847656,221600
2024-04-15,362.5510296809608,367.3378068473958,353.5992669342093,354.1717224121094,271900
2024-04-16,353.1254972947748,365.99547302256417,351.3884327907727,365.83758544921875,474400
2024-04-17,369.1143150581212,371.24715289005326,349.3849325985645,354.88232421875,455500
2024-04-18,357.4090028338869,361.0903564415705,350.77660865790244,351.7536926269531,299500
2024-04-19,352.40507591333875,355.3166293857871,338.18293266240283,342.8414001464844,626200
2024-04-22,345.43710806741103,354.9612965944674,343.6309787264807,350.12518310546875,539300
2024-04-23,354.7540539110123,361.218650802957,350.3719349071031,359.97509765625,510400
2024-04-24,359.9948224900608,362.6497558729035,355.839715905947,358.0110168457031,271300
2024-04-25,356.0863579989776,373.98984958780494,349.9079605220921,365.07757568359375,619900
2024-04-26,364.1893252133941,378.9740409120393,364.1893252133941,377.5725402832031,510500
2024-04-29,379.98083828887764,387.3633339901633,376.03298542353866,379.8031921386719,718800
2024-04-30,378.944483686306,385.90256129866134,377.1926001370621,379.7735290527344,977300
2024-05-01,385.7841297372844,390.83737583805515,355.6323898678433,378.9740905761719,1173500
2024-05-02,382.9318120332635,385.5768960909845,374.34525094444257,376.56591796875,665600
2024-05-03,381.4908424690202,386.0012710249194,376.1316401120844,383.4844970703125,510600
2024-05-06,386.5835829940947,395.5155870923664,386.1986529236988,390.6794738769531,571700
2024-05-07,389.801073758001,394.27201522835276,386.662508326847,392.65338134765625,416600
2024-05-08,389.80111915447515,395.73274737216417,386.7691470677184,388.8240051269531,257800
2024-05-09,389.2582757901824,392.8014700249854,383.69181906544287,392.6040954589844,208000
2024-05-10,393.60086797135926,395.76231954653935,382.39886100340044,384.9353332519531,321000
2024-05-13,385.8137882402584,385.8137882402584,370.88103020069406,372.4996643066406,538800
2024-05-14,372.08509663427134,385.49792183491707,371.29553818532435,382.19158935546875,448600
2024-05-15,382.67524470273054,386.85007967835935,381.07633905023386,384.1063232421875,320400
2024-05-16,383.4446426710324,389.9030100834947,383.27675079482583,384.11614990234375,300100
2024-05-17,384.46185142584403,385.1610243152328,380.2846249161337,381.45977783203125,269000
2024-05-20,382.2596181318993,385.0839447338055,376.81836610049237,378.0626525878906,279600
2024-05-21,377.351628232843,379.85005587597635,375.2808110480575,375.5938415527344,389100
2024-05-22,377.13443331757156,377.13443331757156,369.1552733127381,373.8163757324219,361400
2024-05-23,376.2752624362363,378.60582851596627,372.1967943992791,376.3641357421875,278400
2024-05-24,378.3983865516377,381.9682963747927,375.8999589866223,379.09954833984375,293100
2024-05-28,381.4695883555325,389.3302489900648,374.07303377265697,384.73828125,564000
2024-05-29,378.803299825171,385.85912881297753,376.36906338583634,382.19049072265625,314900
2024-05-30,382.16082524291306,382.88172657889487,377.28246803122795,381.153564453125,251700
2024-05-31,384.9259919540825,384.9259919540825,357.5123870349181,364.0497741699219,674600
2024-06-03,364.5830116474066,372.68069881719777,358.53938577363783,371.9202880859375,458100
2024-06-04,371.189501650683,373.8557910109977,363.3189558838485,373.8064270019531,284700
2024-06-05,376.6801715877019,405.82193823756427,374.0000490709844,397.4181213378906,1087800
2024-06-06,397.41806681470536,401.5864023398239,377.51951902599524,381.02520751953125,505400
2024-06-07,381.459834617135,384.6100308674523,374.2706787220865,379.00091552734375,305200
2024-06-10,375.3469648587607,391.4929440360744,372.5325231447185,390.69305419921875,419200
2024-06-11,389.92280478322743,394.0111274351449,383.35579393904186,392.194091796875,344700
2024-06-12,395.68004647348295,407.11556055960983,391.2855945570537,405.86138916015625,420800
2024-06-13,407.01679330813107,409.81146540031426,397.9710943462809,401.7236633300781,273300
2024-06-14,399.65980033306676,400.40538385481386,391.4732691548725,393.8136901855469,278100
2024-06-17,397.2008636674021,412.2605652052283,394.1691656987677,412.17169189453125,372600
2024-06-18,411.7964011816497,423.86391323229935,408.6165812428342,423.49853515625,439200
2024-06-20,423.9823969802457,424.831680980687,401.921174460426,403.590087890625,447800
2024-06-21,403.59014910810276,409.6634000779547,396.41087892161767,409.58441162109375,492900
2024-06-24,408.9819405416797,408.9819405416797,401.37804461049916,405.90087890625,326900
2024-06-25,410.245977957605,416.64512701070896,406.47363925274794,413.929443359375,294400
2024-06-26,415.3613609792581,418.01384803655617,411.5199184100073,417.3660583496094,407800
2024-06-27,417.72154711275516,422.17527821627885,414.9367295658475,420.9013671875,339200
2024-06-28,422.382628268842,425.65526940508437,414.49234241499835,417.3857727050781,435300
2024-07-01,421.1878164408538,421.6716923456823,407.8562758163416,419.3411560058594,358800
2024-07-02,417.7511588954832,422.1653805714906,411.9099616242538,415.52923583984375,189400
2024-07-03,414.926881126475,417.3857997759904,411.5841115338158,413.267822265625,127100
2024-07-05,413.5344738941688,414.98613156742056,410.2460107334246,413.4949645996094,299200
2024-07-08,416.72415990892614,418.84735509949513,401.33858924144715,401.4373474121094,408700
2024-07-09,403.26423869839465,408.0537236851104,388.3823135780857,390.1203308105469,420400
2024-07-10,389.51787265224476,391.394156943975,374.43349203540185,377.8354797363281,532900
2024-07-11,376.1074031689154,385.8443802901103,372.5819745133441,378.813232421875,382400
2024-07-12,378.7144292519144,385.13331788330277,372.78930128447894,373.21392822265625,380100
2024-07-15,379.3069669033757,383.6965066566199,373.37195378430664,381.3807678222656,479900
2024-07-16,378.3490638176944,385.1234458877195,374.60140699296187,381.91400146484375,434600
2024-07-17,379.1884971446517,379.613124135244,358.3320188099281,359.06280517578125,631100
2024-07-18,354.4608659050347,362.5091577477367,347.64697557614454,361.6302795410156,683900
2024-07-19,363.36831731171515,370.5870953693922,359.5071055376715,364.70147705078125,420900
2024-07-22,368.49361041886743,378.1811931006169,365.7779265243824,377.88494873046875,392800
2024-07-23,377.6183031223998,385.75546939466915,375.8604861898315,380.3438415527344,296600
2024-07-24,378.71443348929665,379.19830930162163,364.35586478259626,365.9062805175781,484900
2024-07-25,364.9779631889797,365.9358599755025,350.5305229539034,355.8730163574219,697800
2024-07-26,363.36833971400944,369.0564722117708,356.50508456077176,361.7882995605469,558600
2024-07-29,366.6074174915413,370.6365214888899,357.7888590409291,362.9289245605469,475200
2024-07-30,364.1484866905694,374.991481631633,364.0299889540702,371.87091064453125,776200
2024-07-31,390.0709553271898,392.9347613769231,358.1641411137725,369.2145080566406,1404900
2024-08-01,381.18327042904514,383.6520739940001,358.96403834445056,367.022216796875,514400
2024-08-02,356.4952128548415,363.67448233096707,346.36323400362477,358.17401123046875,506800
2024-08-05,341.998372156949,357.05807146710424,336.7052424987905,348.0617370605469,785100
2024-08-06,352.8808357534806,367.1505297046821,349.42451141868844,363.2201843261719,406400
2024-08-07,366.4198372690557,371.2784562661216,353.557375873037,354.23382568359375,413700
2024-08-08,360.6428025576223,370.5377554565796,357.40373379362507,366.3407897949219,396300
2024-08-09,367.0024284102741,371.83139187001024,361.9956882135643,366.84442138671875,302900
2024-08-12,369.25400828680586,372.4436830620089,364.0398965971634,366.0741882324219,344400
2024-08-13,368.9182094193487,375.24822483343576,363.12146396785164,370.0143737792969,348100
2024-08-14,371.61417057645315,374.41378526914053,365.8569341528128,372.2955627441406,254500
2024-08-15,377.1541182307556,389.4388545022014,376.4233320337444,384.0469970703125,547000
2024-08-16,383.05879901634813,387.930653748324,378.77984453588357,383.8789978027344,263000
2024-08-19,383.42451683937026,384.9167198414514,376.50706421597954,380.4006042480469,259200
2024-08-20,381.34921914981567,384.402776312987,368.3938349674957,369.2535705566406,241700
2024-08-21,369.41171307091065,380.81560523386906,367.95904692539506,379.451904296875,314000
2024-08-22,379.30363583074393,382.79200677180194,376.02775602100394,379.0467224121094,173600
2024-08-23,381.44808981985796,400.5896640096796,379.6594366817642,399.12713623046875,586400
2024-08-26,396.56764710869965,403.4949911493805,392.03672428621536,399.50262451171875,395100
2024-08-27,395.8758761891944,403.1144770384234,391.05341942594674,402.66485595703125,342800
2024-08-28,402.664900611576,404.9377657385525,382.8019243538947,383.64190673828125,442900
2024-08-29,383.47389036778895,392.3183591420041,379.74835912389193,381.47772216796875,248600
2024-08-30,384.7487143771765,388.03946232555705,375.7758033146065,381.5567932128906,362300
2024-09-03,378.48343822582467,380.89466672008797,366.50142337337525,368.49267578125,447000
2024-09-04,368.6310108236432,376.5267784192979,365.66638857854264,375.1828308105469,248800
2024-09-05,372.5542168655002,377.9696046676907,364.3026784444991,368.947265625,233100
2024-09-06,369.16462814866526,372.7369880797876,357.73106183504103,358.13623046875,303600
2024-09-09,362.395434061908,368.1122177284693,358.84777296674037,360.6067810058594,376300
2024-09-10,366.5163022302857,383.29110078641446,364.9746707512179,375.4496765136719,458700
2024-09-11,376.1018930314065,386.8140588328288,373.55233092215116,386.5176086425781,308500
2024-09-12,386.17170276223476,398.6478217104994,385.35150385522104,390.8755798339844,329000
2024-09-13,391.63648595644645,395.915441036168,387.09072572617947,390.1541748046875,268100
2024-09-16,392.7531735904123,406.17301756889765,391.54755928819833,404.1768493652344,413000
2024-09-17,404.6215237144488,414.53324252734535,403.18861095068786,411.7464904785156,398400
2024-09-18,410.97577535375655,418.011808535072,407.14152509798976,407.8332824707031,338200
2024-09-19,419.0000170133345,419.0000170133345,407.60598473812433,416.55914306640625,374600
2024-09-20,414.1972251413941,418.82202810041616,412.85324752184187,414.9482421875,614900
2024-09-23,419.35570248304765,424.3857049840241,417.0235473574076,422.8737487792969,277600
2024-09-24,423.9410114054501,428.7436853107114,418.7924588486213,421.82623291015625,305200
2024-09-25,422.745305575092,422.745305575092,416.5690085436786,417.56707763671875,214600
2024-09-26,422.89346597317683,422.89346597317683,411.5883712038457,421.430908203125,255800
2024-09-27,421.9645791676142,421.9645791676142,404.5721220977842,406.58807373046875,395800
2024-09-30,406.58810316492776,411.89477270543534,401.68660232527213,411.1733703613281,281100
2024-10-01,412.3789748206485,416.90498202750194,407.61188696498857,415.9266662597656,257300
2024-10-02,414.05890992758185,418.49100574073015,410.4321754184952,417.96234130859375,297300
2024-10-03,417.8536782719704,419.98821020629595,406.1236594380291,409.24639892578125,367200
2024-10-04,410.7483813623528,413.90076523962983,404.67091215637845,410.0961608886719,227300
2024-10-07,408.6040128356982,408.6040128356982,388.1382155562678,391.4091796875,490500
2024-10-08,394.1959306729206,405.15514725468,394.1761773814486,398.7614440917969,319900
2024-10-09,398.51435928017537,400.2289146804486,393.8154587565096,398.0400390625,259600
2024-10-10,394.4232202901493,397.7337210773007,389.4031098619858,390.3419189453125,223400
2024-10-11,391.5871366709069,400.5501563041135,390.7886512119529,399.0579833984375,216800
2024-10-14,401.16286393294644,402.2894048493695,389.6848128198015,394.3442077636719,321000
2024-10-15,393.8599186182473,396.52809052371623,383.38491468695133,388.4148864746094,364200
2024-10-16,390.7570225920719,390.7570225920719,373.176802737642,373.4337463378906,556800
2024-10-17,376.50702217610996,377.24522227729267,368.50253614555095,369.1498107910156,525400
2024-10-18,370.3801214538975,372.8506399538773,364.95291222813,366.318603515625,297300
2024-10-21,365.2711230819229,367.5637715944384,360.2411508008208,364.09515380859375,348200
2024-10-22,364.09510913824874,364.09510913824874,358.50185206132124,361.65423583984375,314200
2024-10-23,359.59884767045816,367.0272018834792,359.59884767045816,362.2867431640625,405300
2024-10-24,363.86784078896403,365.04381001559193,354.2318535270227,355.03326416015625,278900
2024-10-25,355.75469483607833,361.66418645707154,355.408816184559,356.1302185058594,333100
2024-10-28,361.35784119217675,367.21790428982865,358.5513054202114,364.2137451171875,604300
2024-10-29,362.227403283192,367.74161735505703,361.19968932094497,364.5892333984375,892300
2024-10-30,311.53237979447704,315.13933073756056,283.96139963643367,286.57025146484375,2970700
2024-10-31,293.9817828512241,299.79739251806456,284.1589997822277,284.29736328125,1263800
2024-11-01,289.7226844260863,296.3337953973753,288.5358582477428,293.4383544921875,784800
2024-11-04,290.94804408148224,297.7073792668338,288.6751489035549,293.67547607421875,690400
2024-11-05,293.6755229216974,307.2930222389728,292.8493828280686,305.12884521484375,748000
2024-11-06,312.1253240668463,315.8854461154461,306.99948052602724,311.7893371582031,884800
2024-11-07,315.75201500128736,329.7549270138155,313.76869410504935,327.9761657714844,1021700
2024-11-08,333.5891806969443,339.7555852491201,330.0612730258566,335.97076416015625,686600
2024-11-11,337.7890336604129,339.92356509243297,331.05934421784826,339.4591064453125,586400
2024-11-12,341.8110337959763,345.56620943250607,332.46257112499444,334.38958740234375,589900
2024-11-13,335.6644564248632,342.8783591468246,332.6257062845228,335.7434997558594,465500
2024-11-14,335.1109975323351,335.1109975323351,323.1537120972964,326.73101806640625,582400
2024-11-15,323.40796851103937,324.9903988582664,311.29253238180314,313.2013244628906,613800
2024-11-18,314.9815493772043,323.54642402241575,313.5078963099337,323.0469665527344,504400
2024-11-19,321.32119210887987,332.57616075776997,318.61126968983183,331.89373779296875,381600
2024-11-20,330.83548759246713,332.016371994798,324.6382967960813,329.5447998046875,402400
2024-11-21,328.0464438103506,334.9003116875514,319.27388409075957,334.692626953125,529700
2024-11-22,332.7640487017843,337.63001680931376,330.8651564030037,333.89154052734375,405900
2024-11-25,339.30138106155226,341.19040332100576,332.37827610709826,333.456298828125,559600
2024-11-26,331.64643677940353,336.0673357046665,324.41673845163024,335.0684509277344,429500
2024-11-27,334.2870942616136,334.2870942616136,326.4718891962697,327.6310119628906,340400
2024-11-29,332.7739372231333,332.7739372231333,323.8134621499704,325.15850830078125,215500
2024-12-02,323.86288226183444,324.79750879260564,315.406815071366,321.27166748046875,530600
2024-12-03,325.3662189173667,325.7815883833648,317.9189359534968,323.951904296875,373100
2024-12-04,323.76400472230387,335.0388022644198,323.2883007205979,333.5453796386719,456500
2024-12-05,334.41568704861857,335.8695404809814,326.01895834585656,333.59478759765625,351700
2024-12-06,339.4596785319165,351.52069526699245,334.6530492402133,336.3541564941406,495000
2024-12-09,334.821181299869,334.821181299869,321.0639776002213,324.9310302734375,461800
2024-12-10,323.4079272158528,331.01345550288653,319.46176675312887,324.1991271972656,404900
2024-12-11,328.33329758288863,331.8343898794866,324.1705176156557,326.5431823730469,357600
2024-12-12,327.9475226340657,329.6980685447804,319.18486308851595,319.3431091308594,316400
2024-12-13,319.2145460160777,324.08048375171245,297.79247380605506,298.0199279785156,926000
2024-12-16,296.70454663241657,299.5430152993578,292.8275939428535,297.0111389160156,775500
2024-12-17,296.2396779248781,302.58916785195134,292.3330563885408,292.5902099609375,497100
2024-12-18,292.5901992984651,296.0319824266925,277.89345061874957,278.0022277832031,638300
2024-12-19,285.01436448045297,290.6022937630269,280.32644256141174,287.17041015625,829600
2024-12-20,288.43636607747453,293.6781338132967,286.07260560071603,287.4770202636719,693400
2024-12-23,287.2891291212339,288.49572880095894,282.15613812310676,287.55615234375,374600
2024-12-24,287.61545895366277,290.2264731248718,284.24391009102493,288.5451354980469,188300
2024-12-26,288.12976776546105,289.07924403217066,285.15285271485925,287.6550598144531,240700
2024-12-27,283.5803363633139,285.69681317560753,279.4066910532049,282.2352600097656,380400
2024-12-30,280.33637720583135,287.308922459358,278.9418621186562,284.005615234375,404900
2024-12-31,284.21325534680454,284.21325534680454,278.27421503251696,281.0780944824219,397400
2025-01-02,284.97479323560344,290.37480662103167,282.3143405023087,288.8517150878906,450700
2025-01-03,288.8616671691392,295.23092726140504,286.7056213480986,294.7364196777344,359000
2025-01-06,295.5276120504821,296.34851152013425,282.383592367402,287.4572448730469,780500
2025-01-07,285.75614423492203,287.24461688666855,278.99128413163083,279.1297607421875,679900
2025-01-08,278.8033249790324,279.8912475253167,273.95715747177644,275.4110107421875,609400
2025-01-10,271.97916918952274,276.75609913541854,270.64399268612283,271.6725769042969,628700
2025-01-13,268.3395869007762,273.1461858480618,263.51813823931394,272.9187316894531,506000
2025-01-14,275.3022164697361,276.9143158400102,269.39782556112925,270.436279296875,544800
2025-01-15,277.7945422507479,278.18024241179114,269.0120840881083,269.5560302734375,591600
2025-01-16,271.29676426785574,276.2517402091686,269.712372016849,271.7813720703125,499800
2025-01-17,274.34289549122803,275.52969542574715,268.3890056541694,269.9219970703125,451400
2025-01-21,278.2594251884469,282.6704244125906,271.34618859950524,277.39898681640625,620600
2025-01-22,279.7231434178206,282.45778481292473,277.0508285698986,280.46490478515625,439900
2025-01-23,277.37920497748036,285.8748422432513,277.37920497748036,285.3605651855469,544800
2025-01-24,285.4495238905359,286.4286391487975,276.4989496045472,276.7560729980469,785200
2025-01-27,271.22753448296015,289.31663198865874,267.2319345750645,289.3067321777344,604900
2025-01-28,287.01220484680715,296.5265256361176,286.844058993275,292.5704650878906,637200
2025-01-29,291.75944834028394,302.24301421542077,291.75944834028394,300.3638916015625,542300
2025-01-30,300.13642253729967,305.1507364873044,297.45125008276193,302.4012756347656,501500
2025-01-31,300.72983047742366,303.0045531479241,293.7325365306466,294.6275939941406,517400
2025-02-03,290.2660613596584,303.01448177386857,287.0122230832856,300.3342590332031,514600
2025-02-04,294.47922926931415,304.48805668264276,294.14296777632865,303.5583801269531,557300
2025-02-05,301.89683224876137,304.1320158330151,296.70450343858613,302.0353088378906,537500
2025-02-06,303.5682599964447,309.1166195397873,302.144076012437,304.760009765625,401900
2025-02-07,302.4309339076819,307.5935939033062,300.6704882484569,301.57049560546875,505900
2025-02-10,306.22879214823627,312.52881436819126,302.53975445476334,305.0914306640625,583900
2025-02-11,303.3705187083787,303.6672413835769,293.7523698466084,296.52655029296875,772600
2025-02-12,295.4089813844153,304.26068036277616,294.15294282325925,300.9771423339844,419900
2025-02-13,300.729864400206,311.19363212012087,297.16940358107695,308.5035095214844,606500
2025-02-14,308.5727156487697,310.69118433330084,299.839725470096,301.343017578125,641100
2025-02-18,299.8298175675635,308.9881069367499,298.41553323611083,302.65838623046875,1583500
2025-02-19,269.4571696037339,275.8659679812874,255.66435110395278,262.1087646484375,3651200
2025-02-20,262.0989122958014,262.58352005676426,239.9152948255166,244.37574768066406,1947900
2025-02-21,242.00209926114584,242.011983978998,229.6394109184184,231.44931030273438,1992200
2025-02-24,236.52295605771988,238.16967465674583,231.4493188367854,233.91195678710938,1794600
2025-02-25,234.3965763483404,239.3317670806487,228.73940882580393,236.23614501953125,1269100
2025-02-26,238.98562234960158,240.92409870081042,225.1492948462777,225.3075408935547,1018300
2025-02-27,226.38553506254857,228.34379569392422,216.71296924516608,226.10861206054688,1022700
2025-02-28,224.16027558821276,234.92571505236415,222.57390653046895,232.2009735107422,1226300
2025-03-03,235.3855906112149,239.5246163340556,220.67894110262222,221.82618713378906,1039800
2025-03-04,219.3833472758233,230.87569846131072,215.83277142678617,226.98886108398438,929200
2025-03-05,226.66247976939317,228.69986360946197,222.65698057431845,228.06689453125,710000
2025-03-06,223.51743107645206,227.24404559339519,215.57564037425965,215.88223266601562,962100
2025-03-07,214.98109649916637,225.6063667989647,207.56419392691393,224.90328979492188,1359500
2025-03-10,222.20984020758758,222.6356512460359,205.50152033268054,211.69349670410156,979400
2025-03-11,212.8124781433813,215.24846003741084,206.868061608777,211.27760314941406,893600
2025-03-12,215.72377705234393,219.33814679072927,212.00046520626162,217.20913696289062,719200
2025-03-13,217.78346911598754,217.78346911598754,208.39401904918105,210.1487274169922,558500
2025-03-14,213.3372988277904,214.88207074366917,210.03979795665103,211.11915588378906,433400
2025-03-17,209.48526679823777,213.32738757270113,206.56406193488777,212.06979370117188,615600
2025-03-18,210.46559811865342,211.9311641641006,203.5933453687489,204.97967529296875,736100
2025-03-19,205.4649010854962,215.72378799232456,205.1282080052022,212.5550079345703,596200
2025-03-20,212.0103964344358,218.60044262428616,211.10333620445815,218.04095458984375,510700
2025-03-21,213.26795311103953,216.7783515900012,210.0298796585982,213.35708618164062,1311200
2025-03-24,217.39727889239802,225.6954947726092,215.00189720128495,220.4472198486328,1061000
2025-03-25,220.09072264277106,222.25935051927226,215.43857735947202,217.9320068359375,530900
2025-03-26,222.22469610958424,222.80399314008812,216.97643635906354,218.21917724609375,631200
2025-03-27,216.98137040708707,231.3052025955799,216.86254644966786,227.05210876464844,888700
2025-03-28,224.2596451326847,225.77471106392997,217.85279137747628,221.81375122070312,1059300
2025-03-31,223.26939941873917,224.06159438894403,214.79294799023043,223.37832641601562,805900
2025-04-01,223.2694118199733,234.3600966892734,223.2694118199733,234.0927276611328,1047700
2025-04-02,229.96340724146026,235.2859466922771,228.07898083677554,233.65701293945312,615700
2025-04-03,223.14065957347876,244.0396839292491,222.80398162760838,240.4104461669922,2292700
2025-04-04,235.41962780619235,235.41962780619235,221.82362376189513,230.09213256835938,1556400
2025-04-07,220.38778940227505,235.71669880096795,213.98093604990933,218.843017578125,1404300
2025-04-08,227.21057560758825,230.31003178774594,217.1992481348352,219.54612731933594,972500
2025-04-09,219.45698443510528,247.15399850324465,218.3182144766104,243.81689453125,1462900
2025-04-10,240.30152381112416,240.51541902222547,227.8740095739827,237.9447479248047,729300
2025-04-11,237.38033587585983,240.23717285877896,228.32954280906705,234.9740447998047,465100
2025-04-14,237.96457023778382,239.90544727189413,227.64726857758532,230.77047729492188,663500
2025-04-15,230.33973622580817,230.33973622580817,221.50679688537414,222.4673309326172,577500
2025-04-16,221.24931438716763,222.7396304118152,214.0304714864098,215.7039794921875,682400
2025-04-17,215.4366108368182,217.6577153977612,212.04009490761385,216.70411682128906,506200
2025-04-21,215.52571558919854,215.53562765885033,202.00894653416617,208.76239013671875,921100
2025-04-22,211.06966698294457,215.62477739434846,204.13798642376918,208.18807983398438,883200
2025-04-23,213.76311061417326,222.81390389131332,211.16373053331677,214.2681427001953,654100
2025-04-24,213.644255569679,216.76350516904603,212.35199977018343,215.46629333496094,488500
2025-04-25,215.17914349902816,227.50762781685935,215.17914349902816,225.08154296875,679700
2025-04-28,226.53719312807874,228.17108296943601,219.54610163642445,222.47720336914062,840100
2025-04-29,221.19980747773135,231.567621085427,221.19485144276683,228.2602081298828,1388500
2025-04-30,224.46760025901386,263.38405113838724,221.44738028888975,261.314453125,2479700
2025-05-01,262.4136168775467,263.0077669597057,253.47175031122546,257.1356506347656,1249800
2025-05-02,262.1164924961242,267.75095949066775,259.6903928487338,267.4736633300781,1191100
2025-05-05,266.37455322331573,272.2862870817077,265.26548928668706,266.5924072265625,900000
2025-05-06,263.35433449646087,266.8003502826715,261.423354449568,264.24554443359375,783000
2025-05-07,263.84941208922135,268.29557921007586,263.0423642184589,267.523193359375,629000
2025-05-08,269.2858709651105,275.7224310355634,268.6323089315896,273.45477294921875,786200
2025-05-09,272.54375108380185,272.54375108380185,263.50285554607376,264.7307434082031,794700
2025-05-12,275.09855683594725,284.1295403035599,272.0288069610173,283.16900634765625,826900
2025-05-13,281.6638748479138,285.614922873414,279.4061288019526,283.5057067871094,724500
2025-05-14,287.22902793757163,307.86562705753715,285.13467989154617,303.2610168457031,1634200
2025-05-15,302.12222233153454,307.4358473765553,296.47784238773056,305.46923828125,845200
2025-05-16,304.68623179643987,318.7302058675371,304.4582662195905,318.2247314453125,891900
2025-05-19,315.1325007761061,331.0992567354083,314.8649126664476,330.70281982421875,1134200
2025-05-20,328.0565402890595,329.7017821569108,324.1813068331406,324.86517333984375,718500
2025-05-21,321.49543327454734,324.70661167187797,317.41207549863344,319.6123352050781,648900
2025-05-22,318.61129285198126,321.9711311652902,315.69743471502454,318.28424072265625,686200
2025-05-23,313.4674894582387,321.0048731384825,312.96996968842905,319.6024475097656,479200
2025-05-27,329.3251871206342,337.3432428795386,327.36774382884977,335.6881103515625,683600
2025-05-28,332.6057348766993,338.3640665573082,331.45604664193115,336.3223876953125,463700
2025-05-29,337.36305334259885,342.5861783116746,333.8545247719027,337.5315246582031,747900
2025-05-30,334.74655134410415,341.88253729803205,329.4044675091414,338.66143798828125,621200
2025-06-02,335.98544413827796,346.87770593760484,331.96847646831566,345.9956359863281,706100
2025-06-03,342.318643078983,348.5626083971418,340.16792643825636,343.31964111328125,661100
2025-06-04,345.86675580319826,364.5590271308856,343.2948308515681,362.348876953125,543000
2025-06-05,362.26956900341713,371.1300716535652,358.9691946420119,368.3450622558594,754700
2025-06-06,371.09044053649984,373.7366803175527,368.0080808399938,371.48687744140625,453100
2025-06-09,373.6375550991633,377.0866196110393,366.5313322443123,372.78521728515625,566700
2025-06-10,373.2114201054069,382.9837553206238,371.3283219938286,378.0678405761719,677000
2025-06-11,381.001508472612,384.6884290987523,373.9170628293366,377.6119079589844,998500
2025-06-12,375.6594276700221,377.4434088490775,352.7053772028725,355.262451171875,1131900
2025-06-13,344.4098066616686,358.5231657508345,344.4098066616686,350.9114685058594,1202200
2025-06-16,353.3892493312725,359.03857356510173,342.62583757051647,346.7190856933594,628600
2025-06-17,346.25325686661154,348.29000550260963,342.2293633571161,343.0619201660156,435900
2025-06-18,342.8438459020947,349.4445938144521,341.1192986559329,347.2047119140625,523900
2025-06-20,347.2047653994337,347.4029687395772,340.58417496390643,346.8876037597656,910700
2025-06-23,346.47130398280984,358.62229011902554,340.51476920689817,356.9869689941406,622300
2025-06-24,359.14758363317554,366.5313458603093,357.56180574422496,360.8721008300781,617400
2025-06-25,361.26856903551186,361.7343907246269,342.9628140978683,352.9234313964844,719300
2025-06-26,354.3208983819428,354.33081913480675,339.53356254534003,340.3661193847656,628300
2025-06-27,339.24616095639766,347.82915468364047,338.0270879638208,344.5188293457031,700400
2025-06-30,346.4415979643644,346.62002029294706,326.1932799664535,333.7455139160156,842700
2025-07-01,333.5076306224166,339.48400686473275,330.03875482099477,332.46697998046875,562200
2025-07-02,330.45505920815185,332.43131560646833,314.0135581245042,323.3884582519531,702900
2025-07-03,325.12288020960005,325.3607363069958,319.6519479999166,324.36962890625,279000
2025-07-07,318.46264270053786,327.30826430464464,316.98587208081466,322.50634765625,576700
2025-07-08,322.69466779100765,325.6184468377676,316.5597103171233,323.7452392578125,557300
2025-07-09,327.42221559090734,332.0804323192221,320.4745735082887,331.0893249511719,582200
2025-07-10,329.54318654128235,332.125032019206,324.3002203075254,327.2239990234375,400700
2025-07-11,325.9851385969094,333.3411348168274,322.5063419437701,325.2913513183594,581900
2025-07-14,325.4102653799672,325.4102653799672,306.25217346779976,315.4397277832031,736600
2025-07-15,314.7063562665983,315.2911060490503,305.78638896496375,314.835205078125,583000
2025-07-16,317.45169106088605,325.2616222845918,315.310925673718,323.43798828125,598700
2025-07-17,323.7353614282362,327.03573602466736,318.8392880627415,325.5391540527344,460400
2025-07-18,326.3121686178577,327.0554991175615,319.60238286249506,326.4112854003906,384000
2025-07-21,327.6006656890954,328.49265634675385,318.31399370222454,319.7015380859375,525400
2025-07-22,317.322860330796,321.3715254730262,312.24836518368085,317.9571533203125,584000
2025-07-23,318.0562806399797,322.20902308234145,314.6319876213666,316.42095947265625,595500
2025-07-24,312.8728089624155,316.7976164474763,295.44915238613265,296.9655456542969,987300
2025-07-25,299.36399385871795,300.701994968518,295.3995640496506,299.3243713378906,750800
2025-07-28,299.4135423094232,301.5444171041408,286.47957299257115,286.8661193847656,977800
2025-07-29,287.40131346680334,292.45100650586625,279.0859084781459,287.71844482421875,1424200
2025-07-30,367.70082340941656,371.6652527723213,347.97779337820447,364.9851989746094,2957900
2025-07-31,366.570972235462,378.05793373686885,363.3895259175073,373.9844665527344,1153500
2025-08-01,372.97355333502986,376.6208213989638,355.16335170270986,359.2268981933594,1200000
2025-08-04,360.2378365983863,360.2378365983863,344.8954819349873,345.5694580078125,742200
2025-08-05,343.3097016294038,347.65568694548165,332.615644475662,335.5592346191406,697700
2025-08-06,335.4403235194748,338.4929211113592,330.36582804478354,332.9625549316406,641900
2025-08-07,332.0308811940765,337.4621300849331,321.32690372465174,327.7790222167969,554600
2025-08-08,326.7185675935813,326.7185675935813,306.25220462803503,312.5556335449219,1099000
2025-08-11,314.35944003973293,327.0654442544004,312.02540145421125,325.6283264160156,765800
2025-08-12,329.4639628801178,339.50385627832213,327.8682641041105,339.1173400878906,600600
2025-08-13,338.9587316840444,340.71298089798853,328.2399027053926,339.6822509765625,564600
2025-08-14,339.0875652861577,340.22733269880075,319.2753388753522,322.69464111328125,735300
2025-08-15,328.3293653474456,341.85062357734853,323.8255791471,334.15252685546875,1049000
2025-08-18,335.3627462141582,343.0509119300952,333.4084628792726,336.92022705078125,513300
2025-08-19,335.31321432377786,338.4013536788315,327.5010446053996,328.27978515625,566900
2025-08-20,326.3354014927858,329.35015644453614,322.7542182191776,326.6330261230469,446500
2025-08-21,324.16288790180823,325.1201851145955,311.44519397581877,316.2267150878906,739100
2025-08-22,317.436937872841,330.95323028983057,315.9141812960909,329.53961181640625,980600
2025-08-25,331.23597084804624,331.9799869686726,317.06990512228367,317.5163269042969,1051600
2025-08-26,317.50639052392876,324.53981914119737,312.4867642877732,322.7442626953125,413800
2025-08-27,324.80770044638837,339.33087980349137,323.9992004830537,336.6226501464844,586200
2025-08-28,336.8111177091908,339.3705500485459,327.5059817753212,335.9183044433594,702300
2025-08-29,335.8488517123187,336.0968570762398,318.6273737732017,325.5020751953125,602200
2025-09-02,322.1887487588644,327.7787997239931,313.72780543084446,316.0679626464844,1294100
2025-09-03,316.03815116842577,322.40694161257187,313.78627358260394,320.2542419433594,590300
2025-09-04,316.99051894503907,319.6044746842634,295.2156376334908,306.3560485839844,1449800
2025-09-05,308.4889375188817,311.06223556445,303.4296216426318,307.318359375,353800
2025-09-08,306.55448933267576,306.55448933267576,293.777277163473,302.34832763671875,1109400
2025-09-09,302.3483045703786,304.14386102194754,283.71814244197094,285.1565856933594,1890400
2025-09-10,288.84694484302696,288.84694484302696,275.6907305464343,278.4108581542969,820100
2025-09-11,279.7103558255772,279.7103558255772,271.35755228174423,272.50830078125,827700
2025-09-12,272.5082907343789,273.48541728197586,259.21517975292386,263.89752197265625,801900
2025-09-15,262.88567600510834,272.8058901939803,261.3579545432765,265.38555908203125,965800
2025-09-16,265.3855905268662,266.2585743227791,257.63790474928174,259.0565185546875,759400
2025-09-17,259.1557055748063,267.3299839079497,254.42377357881608,254.98426818847656,1012600
2025-09-18,254.25509896757447,256.93356913381933,250.48542936791267,253.8285369873047,769200
2025-09-19,255.8919419826382,260.3163491183507,250.26716710987688,251.52703857421875,1031000
2025-09-22,252.47938847977292,256.53676795049205,247.8168904209114,253.7888641357422,648000
2025-09-23,252.28097961262904,253.37220929309356,248.29304903325917,252.03297424316406,711300
2025-09-24,248.00535971959573,256.8988282862494,248.00535971959573,251.05087280273438,715100
2025-09-25,248.36248993280878,249.54299787598364,241.98378416102278,247.2415008544922,844400
2025-09-26,242.9163025051783,246.85462911400893,236.51776678794252,245.46580505371094,1148700
2025-09-29,248.03514715022501,251.2691319566871,240.82811118871882,249.83070373535156,1051500
2025-09-30,252.46945904899326,256.1697099565181,248.0252071909438,249.6719512939453,759300
2025-10-01,249.49339413447868,261.76469460053846,246.98854603347377,260.46514892578125,1040700
2025-10-02,259.0168144235266,271.04010991451946,256.91373373026295,263.1336975097656,1155300
2025-10-03,262.74680063428366,262.8460088393576,246.57189730096036,249.96957397460938,1290700
2025-10-06,247.41015495285416,249.62237378676082,237.98595074446243,242.07308959960938,740400
2025-10-07,242.11277136342176,245.0293170735937,238.7994230974232,242.65838623046875,687800
2025-10-08,241.34889052220086,247.39031262211162,240.22791658333892,247.02325439453125,568500
2025-10-09,251.52705472815796,252.71747750252695,246.2296635431356,247.7573699951172,734400
2025-10-10,247.98553907445057,248.74939989475388,237.3213075734791,239.3251953125,648900
2025-10-13,238.19428078271608,253.22340031485797,238.19428078271608,252.86627197265625,608700
2025-10-14,251.5171079571455,256.1101871818686,248.61049241852143,252.95555114746094,839600
2025-10-15,253.46147158856795,256.918651689044,247.85655664739627,248.30296325683594,611500
2025-10-16,246.77526917385418,251.38817834853242,243.332953270245,244.30514526367188,749600
2025-10-17,245.47569976197386,257.3898716838255,244.64737034488584,254.98919677734375,883400
2025-10-20,256.0903363089706,256.4375498781309,251.34352508133915,253.50115966796875,577600
2025-10-21,255.82249713813525,268.1930058677498,252.96547050970034,264.7606201171875,894500
2025-10-22,265.078051290759,266.4470457775133,254.06660680392324,260.79254150390625,875500
2025-10-23,257.3998330392627,259.36104947342005,249.42397129277572,257.0724792480469,711800
2025-10-24,257.2708586080292,258.5852992380233,252.52701397727986,256.92364501953125,426600
2025-10-27,258.31249997805475,259.23010778100195,251.41297330344992,252.93572998046875,409700
2025-10-28,255.31656427484276,255.43560200896604,244.80114563566497,245.3814697265625,388000
2025-10-29,241.9540280683822,246.68597467152622,237.09312896861405,240.6396026611328,453500
2025-10-30,215.81625400936315,225.68488152873488,205.34844165471702,213.9095916748047,2255600
2025-10-31,213.92941940948884,215.72697390022282,204.35641848201854,214.901611328125,1418600
2025-11-03,213.88975170553738,216.2904418684162,208.3840294693469,212.36204528808594,1871700
2025-11-04,218.234824320984,249.62238528238655,216.38966364867514,235.4265594482422,3741800
2025-11-05,242.1524500561362,258.13390161576865,239.82119351625775,250.8227081298828,1811200
2025-11-06,252.77698328796126,253.5805182406464,234.53370942538905,242.64845275878906,1705000
2025-11-07,238.48196732987512,239.37479578001614,228.1649495777022,236.27967834472656,1087300
2025-11-10,236.9046703091032,239.4244135906607,227.8375937035738,236.10113525390625,774500
2025-11-11,236.96417988940448,239.27559188891414,232.6488952822216,237.2022705078125,862500
2025-11-12,238.7795686563607,242.59885743233644,235.1934206721269,239.33509826660156,615100
2025-11-13,238.72004626951815,249.05690818494386,230.37714206224726,233.1250457763672,705600
2025-11-14,231.46838275926703,239.10694542533776,227.25229130507344,231.03189086914062,524800
2025-11-17,229.66287894390052,233.40280402440766,222.67905464170067,225.47654724121094,575800
2025-11-18,224.69285979807688,229.8860927260441,221.83583316076314,229.25616455078125,792100
2025-11-19,229.06768528040328,233.16472373003012,224.6363148820546,229.97042846679688,609900
2025-11-20,229.97042551446282,241.44810610466547,226.2007408834603,226.6669921875,929300
2025-11-21,230.43168409045887,245.1031084425993,227.40203777335552,244.3680419921875,854600
2025-11-24,243.81178665430264,247.44736230357978,236.84857905031592,241.1099395751953,670600
2025-11-25,240.2159404081409,263.7329278752985,240.2159404081409,261.21484375,1241700
2025-11-26,261.06588911359427,265.64510641466387,257.32103151724226,257.350830078125,521100
2025-11-28,257.2713673472187,264.6467988608615,252.66233650758508,262.963134765625,304200
2025-12-01,258.6520798661951,276.00544982420047,258.006393944298,267.4330749511719,1067500
2025-12-02,272.77717938853016,277.9325426400665,269.6184106661718,273.0751953125,954500
2025-12-03,272.8367990003063,279.40266770309324,263.976319910174,266.8470458984375,798200
2025-12-04,266.8470292400608,268.19793763451344,256.64555495210743,261.1354064941406,888400
2025-12-05,261.31419179447647,261.9797030189005,253.09938424352825,255.84095764160156,907400
2025-12-08,256.2084782332207,256.2978739042643,239.51067644246424,244.30844116210938,837400
2025-12-09,247.30831366968692,252.04648175032162,244.36806277492744,245.83819580078125,720600
2025-12-10,248.3413486946825,249.84326573739745,238.9742947738823,245.64944458007812,539500
2025-12-11,237.8319745088211,239.23256743904034,229.7065772358773,233.66995239257812,1042900
2025-12-12,232.95474618256114,241.2887481554449,232.95474618256114,234.3155975341797,812000
2025-12-15,235.4181975162103,239.73917049542618,232.25942897677078,238.1001739501953,915900
2025-12-16,238.63657237250519,250.67567504401848,237.18929609553524,244.9143829345703,836100
2025-12-17,244.91438171896928,255.11582572631,243.72139355401703,245.78851318359375,881900
2025-12-18,250.74520196065384,255.41384492806563,248.33142775817916,252.83119201660156,705600
2025-12-19,254.5993059349855,258.54281014855405,250.31807462348115,257.47003173828125,1210200
2025-12-22,257.2515077524804,257.41044350650554,250.81474612699125,252.65240478515625,500400
2025-12-23,251.39086941078648,251.39086941078648,245.69911740650235,249.85121154785156,655900
2025-12-24,249.85121712359785,252.87093580010182,247.49704001756663,252.6226043701172,229300
2025-12-26,252.6226035577628,258.264686353536,250.81474347795321,254.48011779785156,510800
2025-12-29,251.52995016507202,251.52995016507202,240.32523680459107,241.88475036621094,607500
2025-12-30,241.27879115380196,242.63468610474743,237.09689871010772,238.7259521484375,617700
2025-12-31,237.9213786648308,239.41136723209587,234.62353002728267,236.89825439453125,445200
2026-01-02,240.0768850135877,256.8243413572118,238.97429290715175,255.12576293945312,896300
2026-01-05,254.35094989564257,264.9596599943055,253.87415785311563,256.0992126464844,678400
2026-01-06,256.48663837855753,269.7276878578437,255.6939602920419,267.0655517578125,757900
2026-01-07,267.2046169567732,268.1979426703671,255.76151564917308,256.4171142578125,539200
2026-01-08,256.0297118758571,271.4362039475727,253.3079938663399,266.8966979980469,631200
2026-01-09,266.12188442598307,272.36991139081897,260.2215275091296,272.1712341308594,489200
2026-01-12,271.98251126121687,283.9272469064767,258.0560956672167,282.7601013183594,700600
2026-01-13,280.4853726341663,281.5581813643233,268.59029133189466,273.8301086425781,493100
2026-01-14,270.31373226681416,274.2770921779217,263.2313150530871,272.77716064453125,511400
2026-01-15,274.2075657428461,277.4954716051621,262.54593094347393,268.923095703125,583800
2026-01-16,268.4264432721288,277.5849084093087,265.18819144648904,274.4658508300781,628300
2026-01-20,277.24710334380825,284.42785823706083,264.6120303720638,268.4363098144531,597700
2026-01-21,270.909743484544,271.6646504432515,254.2913927265595,262.4366760253906,546200
2026-01-22,266.02256690893483,271.10838990304256,264.0607424882349,266.5788269042969,380700
2026-01-23,267.33377881370103,274.6943266681762,265.3868687233276,269.5787048339844,363900
2026-01-26,263.89685621396006,272.7573046217469,257.27136035248304,271.8732604980469,548400
2026-01-27,273.94932478357475,274.1082605457114,262.45653825757387,273.1248474121094,406300
2026-01-28,277.13788394010004,280.1178611867678,269.3800122663867,270.87994384765625,497500
2026-01-29,270.4726733642796,273.04538338495377,263.30086033194516,270.5024719238281,425600
2026-01-30,266.16164756333967,271.8533847254559,259.72785653463075,263.658447265625,515400
2026-02-02,259.33747434401573,269.3601578714498,258.9302374613749,264.8802490234375,595200
2026-02-03,262.237991118665,274.0833882510238,261.1950112340921,272.8864440917969,548200
2026-02-04,274.0188266875715,281.77672867941794,269.64422833245385,280.97210693359375,752800
2026-02-05,281.74689344884814,286.07777860201594,260.28111103427153,264.39349365234375,714600
2026-02-06,264.1253253293703,272.270609051077,261.98968091267216,262.2479553222656,578800
2026-02-09,265.4066875413285,282.05483543013406,263.52928747896505,279.8695068359375,726000
2026-02-10,263.44984867168904,270.1249987226634,253.66558426688275,257.9071044921875,1099700
2026-02-11,257.7084150940018,261.2446520656728,241.0205407519535,242.0337371826172,1136600
2026-02-12,241.7258176634641,246.007049049731,221.64077058871044,222.5049591064453,1323100
2026-02-13,218.85945697368857,224.6356484412614,216.65427267011574,220.17063903808594,1009300
2026-02-17,218.97865174193038,251.7087311545458,218.97865174193038,250.09954833984375,2074000
2026-02-18,279.12454503294896,300.77903497756193,266.74771426421904,277.21734619140625,2874400
2026-02-19,274.30687662618635,275.86640519727194,257.599131647327,258.2547302246094,1573100
2026-02-20,260.40034304290094,264.3935320161954,255.44365717959676,259.1487731933594,1338300
2026-02-23,255.4634904687806,257.27135047719815,240.38978543800042,246.6824951171875,1182600
2026-02-24,248.94730015018942,248.94730015018942,238.18958021965474,245.02366638183594,1365200
2026-02-25,252.29479754409243,259.7745236227944,249.8710804345692,252.50338745117188,1437700
2026-02-26,255.35422598943114,274.66147751152954,254.26950397769755,270.1845703125,1138700
2026-02-27,259.6205538169438,265.2775507780875,255.25489841403126,257.7779541015625,665700
2026-03-02,249.43401939847422,250.92897944077362,232.1898844835964,238.59683227539062,1512900
2026-03-03,232.72627691751447,246.4441178807328,227.47159051314551,245.56005859375,954400
2026-03-04,247.33809885201424,247.94402813419464,237.39491406952465,237.74256896972656,467800
2026-03-05,234.7327899430146,245.34151612893749,233.44146352252375,234.76258850097656,810500
2026-03-06,236.02571070230832,236.02571070230832,221.3455951181431,227.9297637939453,905000
2026-03-09,226.75616727177817,226.75616727177817,216.86995821884236,223.0662384033203,1095900
2026-03-10,220.87815117294343,222.81261734691694,212.37243087098372,216.19363403320312,698900
2026-03-11,222.3899270795976,231.8782918082673,207.19262063260666,207.53077697753906,1266100
2026-03-12,204.88516732082735,209.41054662456364,191.82621951821415,192.06492614746094,1164400
2026-03-13,195.93386953105474,205.2531558295199,195.85430065629274,202.33901977539062,1468700
2026-03-16,206.37704998329514,208.8635204650216,195.90901532571138,198.14186096191406,847800
2026-03-17,200.75762776545022,203.84084198028043,196.50079162084288,197.00802612304688,694300
2026-03-18,194.05410163512704,195.9100005197409,188.20591824332297,190.1354217529297,872900
2026-03-19,187.28095673525632,189.46904768907427,183.15141861195417,186.2764129638672,1349700
2026-03-20,183.29263846968237,192.3235004456744,183.0042145916086,186.77369689941406,1162300
2026-03-23,190.24481878440926,193.6463084124217,182.0096301742295,182.2483367919922,1148700
2026-03-24,176.42005470749754,178.8170006667622,168.05556454334513,171.1387939453125,1368500
2026-03-25,173.58547394428953,174.3015786484113,161.72998465280114,165.4099578857422,1410000
2026-03-26,161.37192151942136,166.25633925581093,154.5391060316581,154.82752990722656,1549100
2026-03-27,152.40074532110603,161.22275295666338,152.40074532110603,153.6240997314453,1577000
2026-03-30,158.79097496999609,161.5708471173111,152.27940905681254,153.80311584472656,893700
2026-03-31,155.52374978736685,159.24351506641747,150.0435743459805,154.13133239746094,1508100
2026-04-01,154.51921863911014,155.99120488080766,143.89700909594575,144.0859832763672,1501300
2026-04-02,145.45851507194425,156.64763161593996,141.47022210503135,151.68463134765625,2401300
2026-04-06,151.1973007489084,166.09622757155674,149.68552245221133,163.93797302246094,1314500
2026-04-07,166.2752484007742,169.8159951495089,161.4912815751903,165.14141845703125,1345500
2026-04-08,172.97876455740348,179.02586216731123,167.23998683747908,167.61793518066406,1443400
2026-04-09,166.99633418729016,178.96620708038174,164.68889740406718,178.08102416992188,1292000
2026-04-10,179.29440647573614,181.49243774474195,175.84318444993687,178.9164581298828,894500
2026-04-13,175.88296123276447,185.65976436991173,174.79886381356545,185.3017120361328,905100
2026-04-14,185.3713475936069,198.22142490200807,185.3713475936069,197.00802612304688,1185700
2026-04-15,196.9383945528274,201.58311940243584,188.20591179064635,190.36416625976562,1115600
2026-04-16,192.98988655687336,193.19875675522286,181.28359443608036,185.0431365966797,1296900
2026-04-17,191.4979972670282,198.987260059009,188.6783483377286,195.27743530273438,1131800
2026-04-20,193.06944933696204,198.13191462033708,184.993398310133,197.952880859375,1123000
2026-04-21,197.90316521862977,203.53253834121372,187.90755029700128,188.16615295410156,1335300
2026-04-22,191.428390023301,194.21323998879618,187.60917501838782,188.9717559814453,1017900
2026-04-23,187.97716443922727,189.86687589485146,178.846852308189,185.72940063476562,959000
2026-04-24,185.80896615764343,190.86146062334203,182.04940897456717,188.34515380859375,730200
2026-04-27,181.8206678767836,184.05849134478973,174.06287681912002,176.76815795898438,1682600
2026-04-28,174.0429772424832,178.13073494429065,170.4624540087066,172.03390502929688,2344400
2026-04-29,156.28460663170947,176.18632562646414,146.68185906432146,170.283447265625,3790000
2026-04-30,170.0348019478477,170.0348019478477,160.27291653194837,163.17213439941406,1660500
2026-05-01,164.30596355680925,168.08540165893885,156.9907717753703,159.8601531982422,1273700
2026-05-04,159.86014886779333,160.78014594044822,147.50736588389424,149.68551635742188,1658800
2026-05-05,150.1828173189017,153.0323179586203,145.4684638151239,145.9458770751953,1310300
2026-05-06,149.85459159605563,152.8980288430238,141.7089123902229,144.6429443359375,1469500
2026-05-07,142.67368373943333,143.79757333653507,132.9764481447795,134.1500701904297,2281200
2026-05-08,134.80647417402216,137.5217108108303,128.6101941109429,128.96824645996094,1460900
2026-05-11,128.29192721100264,130.16174255894785,125.9496688469203,126.64090728759766,1335000
2026-05-12,126.75032324567424,127.83442074659636,122.73218598778028,123.0604019165039,910800
2026-05-13,121.80720992601644,122.44374572441939,118.16204350610124,119.957275390625,1332600
2026-05-14,119.52960666819402,123.32893317705987,115.72033215295079,118.31620788574219,1789500
2026-05-15,119.33325238653576,129.35413003662165,116.85844121375413,128.8356475830078,2806600
2026-05-18,127.23030588754757,134.35959187588952,124.23899771962424,128.62625122070312,1572600
2026-05-19,128.98521306615675,133.22289977723193,124.91703199777488,126.43263244628906,941700
2026-05-20,126.66196231191158,129.6233587245544,119.65233113035791,127.75878143310547,1089600
2026-05-21,126.11355637797253,134.85814395486204,123.59088008614238,132.2656707763672,1148200
2026-05-22,132.4351979319009,140.33225008733552,132.39530530071949,140.00320434570312,1194000
2026-05-26,144.36053502676933,144.73943894069475,137.49049768314424,140.22256469726562,1351000
2026-05-27,142.94465031256732,155.9867560594115,142.94465031256732,151.64935302734375,1747100
2026-05-28,151.42002523795904,158.8484377323065,149.5654135019516,157.1533660888672,1307500
2026-05-29,157.15335970311176,159.60623907928917,152.0182868007018,156.5052490234375,1198400
2026-06-01,157.0835529467448,161.9095415865248,155.74246381024074,157.70176696777344,1045000
2026-06-02,153.09514954952147,157.31290513676566,146.8832036767414,150.56251525878906,1385500
2026-06-03,146.26501066857068,146.44448186773388,135.3766500298179,143.63265991210938,1075100
2026-06-04,145.78640008286476,146.57410456262943,139.85362653604625,144.0614013671875,948000
2026-06-05,146.57410114701082,149.54546301902423,141.64841123195532,141.8179168701172,797800
2026-06-08,138.41780293605927,146.2600058673209,137.60017142603678,143.0343780517578,900200
2026-06-09,140.89062610023402,150.28832286088004,140.5715459070841,143.44320678710938,1106100
2026-06-10,144.6796117741461,148.55834077360936,141.58858723460094,145.16818237304688,1263700
2026-06-11,144.75936762610183,154.3415255088871,140.78093745458136,153.43417358398438,1228500
2026-06-12,153.8030945284325,165.73841530154922,153.03034600642314,161.81979370117188,1343900
2026-06-15,167.303861968556,172.23953270081213,164.5020057048559,165.73841857910156,1241400
2026-06-16,167.0346604562923,167.6528593056401,161.65029636419894,162.25852966308594,782600
2026-06-17,157.76159221918934,158.77864124492754,147.94012442579873,149.61526489257812,826100
2026-06-18,149.61526847209095,164.9207863299328,148.57827310723195,161.311279296875,1284700
2026-06-22,158.8883274273127,159.9701753781581,154.06233861106085,156.285888671875,939900
2026-06-23,154.4412439540594,155.3486111057976,148.94721329249913,149.97422790527344,906300
2026-06-24,152.01828444239052,159.82558520000296,152.01828444239052,155.338623046875,1238200
2026-06-25,157.67186251971435,165.03047045916443,154.66060795857467,164.94073486328125,1521900
2026-06-26,162.47788137019757,170.0787963219294,162.14883565456566,166.27684020996094,1435100
2026-06-29,166.76043653747425,167.50328839642373,159.33701483221392,164.99058532714844,1011500
2026-06-30,166.7454898225062,173.23663850905535,161.75997603662478,172.9075927734375,884500
2026-07-01,175.62968215127881,176.48719114622222,171.6562269849685,174.46307373046875,1883900
2026-07-02,176.4971478332413,177.85320814750366,170.84357720957857,177.4743194580078,977800
2026-07-06,179.20926877375175,179.20926877375175,165.52404298128818,170.08578491210938,939000
2026-07-07,171.9005000512562,178.40161394018898,166.09737022665527,169.71685791015625,825700
2026-07-08,165.02051087623212,166.47628763638374,152.92564922854083,158.01087951660156,1840700
2026-07-09,155.54802832492513,161.6602730245639,154.20193353243494,157.26304626464844,873600
2026-07-10,157.26304398249033,161.77991813767312,151.1507993715508,152.8458709716797,1409500
2026-07-13,155.10930158817953,160.084849795387,148.5683099727073,153.6136474609375,1305200
2026-07-14,153.76322537349245,154.48112537289364,144.08135074979967,147.9800262451172,1209700
2026-07-15,147.8204775152784,150.83173197499752,144.63971741973995,145.27786254882812,801700
2026-07-16,142.78511023354116,145.43740719031547,139.853625724957,140.5216827392578,898200
2026-07-17,139.39496437277316,144.18106050855982,139.39496437277316,141.91763305664062,802000
2026-07-20,146.32483248856673,150.0191001021879,138.94627802642367,140.6912078857422,1034100
2026-07-21,139.46474917423527,139.80875082140665,134.1103125671706,134.5590057373047,1286200
2026-07-22,135.09744839709072,139.5544986204693,133.242836792634,137.71981811523438,1199800
2026-07-23,133.99066376978598,136.84735322691637,132.78416282570322,134.46926879882812,611800
2026-07-24,134.46927729117795,142.06719536720573,134.06046151273318,134.80828857421875,971900
2026-07-27,135.31682592080045,139.5844246320764,132.81408818805016,136.84239196777344,1109000
2026-07-28,136.12447677457556,142.1270245992835,131.97652552814282,134.479248046875,2121700
2026-07-29,137.17143191697423,146.68378540877185,132.6146650698463,139.0459747314453,2648500
2026-07-30,138.49756109475396,145.57699646051512,130.5107738209841,133.95077514648438,1929400
2026-07-31,134.37953882991695,139.65420556337452,128.65616369747144,129.11483764648438,1175800
2026-08-03,129.21453707579937,132.1958796683705,126.43262719772314,130.01222229003906,1502800
2026-08-04,129.96236407552146,130.26149793260123,119.31331439428952,121.14797973632812,1863400
2026-08-05,120.90867883971609,124.91702845616418,119.27343097556412,123.50114440917969,1322700
2026-08-06,120.82891356176758,122.444222782296,115.91319661810184,116.2821273803711,1480200
2026-08-07,116.46160656703476,117.349027423661,114.676791696042,116.4765625,1193000
2026-08-10,116.30206434111906,118.70009524161408,115.15539465529065,117.17951202392578,1150400
2026-08-11,116.68095866764307,118.21649779195926,110.12002845484314,111.03736114501953,1274800
2026-08-12,112.78229417009045,114.94600534079088,110.93765557936757,111.75527954101562,1306700
2026-08-13,112.18402754255598,115.35481445080987,111.45613922022498,113.56999969482422,1105100
2026-08-14,114.58999633789062,126.23999786376953,114.58999633789062,126.12000274658203,1581500
2026-08-17,124.12999725341797,125.24700164794922,114.61000061035156,115.72000122070312,1691200
2026-08-18,114.73999786376953,118.5,113.11000061035156,114.55000305175781,758200
2026-08-19,115.0,123.69000244140625,115.0,120.52999877929688,1026000
2026-08-20,120.69999694824219,121.33499908447266,113.44999694824219,113.62999725341797,1005400
2026-08-21,113.16500091552734,116.22000122070312,112.55999755859375,115.43000030517578,1051700
2026-08-24,115.25,118.18000030517578,114.72000122070312,116.83999633789062,774800
2026-08-25,115.9000015258789,116.83999633789062,113.52999877929688,113.8499984741211,877800
2026-08-26,112.55999755859375,115.3499984741211,111.3499984741211,112.23999786376953,867000
2026-08-27,111.51000213623047,112.31999969482422,105.43000030517578,109.94999694824219,1529100
2026-08-28,110.19000244140625,113.7300033569336,109.61499786376953,113.58000183105469,786900
2026-08-31,113.20999908447266,114.27999877929688,108.80999755859375,109.4800033569336,1028400
2026-09-01,107.0,112.5199966430664,106.69999694824219,109.5999984741211,1377300
2026-09-02,110.09500122070312,119.02999877929688,108.75,113.15499877929688,1431100
2026-09-03,113.61000061035156,115.08999633789062,107.6500015258789,110.27999877929688,931900
2026-09-04,110.8499984741211,111.83000183105469,108.7699966430664,109.20500183105469,711600
2026-09-08,108.69999694824219,112.37999725341797,107.69999694824219,109.44999694824219,861700
2026-09-09,108.00199890136719,112.79000091552734,105.87999725341797,110.58000183105469,1538200
2026-09-10,110.41000366210938,114.73999786376953,108.5199966430664,110.5199966430664,947900
2026-09-11,113.75,119.83000183105469,111.01000213623047,117.0999984741211,1385000
2026-09-14,119.62999725341797,119.62999725341797,111.2699966430664,114.70999908447266,1375600
2026-09-15,113.7750015258789,114.5,100.12999725341797,100.83999633789062,2887900
2026-09-16,102.01000213623047,105.23999786376953,100.77999877929688,101.05999755859375,1717400
2026-09-17,102.7699966430664,105.27999877929688,102.61000061035156,103.76000213623047,1066900
2026-09-18,104.5,104.83499908447266,101.5999984741211,104.08000183105469,1741000
2026-09-21,105.56999969482422,107.55999755859375,103.43000030517578,107.33000183105469,945600
