Date,Open,High,Low,Close,Volume
2021-09-22,44.92396855751273,44.9646762679616,44.55448158353533,44.67972946166992,15044400
2021-09-23,44.84568036957916,44.97406013769452,44.60457323180565,44.70477294921875,15585300
2021-09-24,44.62023311033193,44.99285196182254,44.61710119699716,44.83002471923828,13360500
2021-09-27,44.73609733252107,44.94902089527915,44.41357828274044,44.541961669921875,21250800
2021-09-28,44.426091253109455,44.48558685264909,43.83428867140909,43.993980407714844,20580900
2021-09-29,44.04094886685753,44.4104393707109,43.93762081574163,43.97519302368164,21375600
2021-09-30,44.03781865491427,44.3791219255197,43.602575909912055,43.643280029296875,22457700
2021-10-01,43.60570235420319,43.7215580480963,42.559869196249956,42.913700103759766,30014400
2021-10-04,42.92623211943202,43.283195005945785,42.18099437830374,42.50038146972656,29970300
2021-10-05,42.56926518067016,43.12036365031856,42.5536091981101,42.77906036376953,20597400
2021-10-06,42.66008642749625,43.14542920935859,42.625642538132915,43.09219741821289,19376700
2021-10-07,43.45541360982607,44.05661561945759,43.44915336586055,43.59945297241211,21068100
2021-10-08,43.73095703125,43.865600629199385,43.52742567775212,43.73095703125,13847400
2021-10-11,43.68711825250487,44.08165328212078,43.66206653232281,43.69024658203125,13048200
2021-10-12,43.63075596051882,43.965798988447496,43.54621222527399,43.643280029296875,15789300
2021-10-13,43.68085345615793,43.840545178857184,43.2518709770381,43.327022552490234,17937900
2021-10-14,43.367728277170045,43.85933107439424,43.367728277170045,43.79670715332031,19783500
2021-10-15,44.03156336686792,44.181862971622465,43.824900066545965,44.0096435546875,20737200
2021-10-18,43.83742519030534,44.4668036290586,43.78419341146911,44.36347198486328,19887000
2021-10-19,45.287181344173995,45.59404430888515,44.983450292384774,45.30596923828125,33444300
2021-10-20,45.36859675657322,45.86959894445974,45.36859675657322,45.71616744995117,17453700
2021-10-21,45.89777556322588,46.00423551907094,45.65666843511387,45.96979522705078,13954500
2021-10-22,46.060600629932935,46.8715941010719,46.060600629932935,46.448875427246094,21195600
2021-10-25,46.586658345600206,47.13149304699965,46.345551171649674,46.987457275390625,19287900
2021-10-26,46.96866580658384,47.1408852034546,46.48645507877054,46.5772590637207,17418600
2021-10-27,46.64302604962428,46.661813950445286,46.151423047939716,46.19525909423828,14565600
2021-10-28,46.448866829325986,46.64926622524112,46.251599345863994,46.48331069946289,12598500
2021-10-29,46.31422605209751,46.999968000280994,46.20463419360042,46.787044525146484,22022700
2021-11-01,46.962407981061084,47.20351516748989,46.76514041948767,46.902915954589844,12549600
2021-11-02,46.959268750469306,47.02502458906367,46.743209756888454,46.880985260009766,13638900
2021-11-03,46.84341668032711,47.05947210720602,46.66493346167844,47.025028228759766,14209500
2021-11-04,47.025029662726645,47.547948098358866,46.91543419762851,47.36946487426758,15149100
2021-11-05,47.59491798542466,47.59491798542466,46.84968025937522,47.040687561035156,15081900
2021-11-08,47.03755669750698,47.128360688503676,46.571001921666884,46.740089416503906,15373200
2021-11-09,46.818372201997626,46.92796768071082,46.61484081303765,46.902915954589844,15001800
2021-11-10,46.57098637711967,46.849665667519986,46.33614311083521,46.48017883300781,16803600
2021-11-11,46.583513756951135,46.65240150219302,46.40190223923348,46.49897003173828,13603200
2021-11-12,46.65554012914478,46.73068812713525,46.19837756466858,46.26726531982422,18313800
2021-11-15,46.38938130312361,46.48332077997073,45.841414757976516,46.0011100769043,28896000
2021-11-16,45.434358572978624,45.929093377126335,44.557609177336,44.83002471923828,73986600
2021-11-17,44.82689602762144,45.315370584582986,44.40730922976951,44.444881439208984,33116100
2021-11-18,44.507513377942495,44.867604608971575,44.106714436694375,44.826900482177734,24394200
2021-11-19,44.97092394856134,45.0899115496035,44.44487369044992,44.58578109741211,28119300
2021-11-22,44.6703374939207,45.515775008621155,44.46367419401054,45.33415985107422,29126400
2021-11-23,45.168202653155156,45.709909026001334,44.85507938421508,45.65667724609375,29907900
2021-11-24,45.631618902879154,46.048073724988505,45.60343527074366,45.885250091552734,18089400
2021-11-26,45.853945391237254,46.304844194377296,45.22143501809394,45.371734619140625,21039600
2021-11-29,45.40303631352511,45.48131980162639,44.53568278606181,44.66093063354492,33039600
2021-11-30,44.3008423185644,44.62022936684299,43.840547849441734,44.03468704223633,64818900
2021-12-01,43.99710033064353,44.06285615513471,42.9105596869681,42.941871643066406,36621300
2021-12-02,43.095318155735086,43.34894938887939,42.34695210985861,42.418968200683594,39805800
2021-12-03,42.54107336525507,43.17358348599851,42.36259378005385,43.0577278137207,44142600
2021-12-06,43.07340082011735,43.637027009517055,42.929365046767224,43.52429962158203,32589300
2021-12-07,43.71217540786124,43.784195086891124,43.239356790621876,43.38339614868164,37739100
2021-12-08,43.22995812984449,43.36773363998367,42.58805210918666,42.94501495361328,34496400
2021-12-09,42.95443966511558,43.56434760496289,42.665208310205685,43.54234313964844,32351700
2021-12-10,43.4920410354447,44.42261835319053,43.24996313711488,44.33773422241211,38575500
2021-12-13,44.089373111713826,45.19286686778988,44.01706347127414,45.13627624511719,54039300
2021-12-14,45.05139578305659,45.67387829179683,44.6898511492341,45.566986083984375,46721400
2021-12-15,45.651876908597856,46.04800416188362,45.082840420467186,45.82793426513672,33489900
2021-12-16,45.827925909009224,46.066859307379836,44.92249749209685,45.063968658447266,39069600
2021-12-17,44.87848453361044,45.25574819957806,43.50776731615754,43.62094497680664,78581100
2021-12-20,43.422887852588744,43.935333703171935,43.259408592042945,43.76242446899414,31017900
2021-12-21,43.66809986286338,43.96990934147962,43.38829844972523,43.89445877075195,24620400
2021-12-22,43.982480210324965,44.01077732013575,43.551774093393135,43.95104217529297,17028000
2021-12-23,43.951042919370416,44.06422416482471,43.65237798365766,43.85358428955078,17592600
2021-12-27,43.88817163847967,44.28744336857062,43.87874166592217,44.25285720825195,16040700
2021-12-28,44.20255797971484,44.94764811778081,44.20255797971484,44.887916564941406,15783000
2021-12-29,44.850198183704855,45.12371420533886,44.74330595510332,44.86591720581055,13045200
2021-12-30,45.03882186268699,45.1771521103635,44.79359940583263,45.01052474975586,14949000
2021-12-31,45.01995484788542,45.59842478563522,44.93192618816652,45.48838806152344,17947800
2022-01-03,45.271471576483954,45.51983498825988,44.96022848242604,45.47582244873047,20706600
2022-01-04,45.28404246466175,45.62986809716381,44.56724580488489,44.642696380615234,33930000
2022-01-05,44.909922754871474,45.88451628699993,44.87534019482385,45.24631118774414,35418000
2022-01-06,45.1520015469895,45.472674591059906,44.76845242310025,45.12056350708008,21828900
2022-01-07,45.11426674570239,45.69902570115735,44.94449848093836,45.55126190185547,19723500
2022-01-10,45.724179449654116,45.77133650636387,44.99480833769647,45.46324157714844,22731600
2022-01-11,45.337487480008754,45.466387757135465,45.01366992223849,45.33434295654297,21668700
2022-01-12,45.170867385907144,45.25889606083862,44.95708654494774,45.09541320800781,18946800
2022-01-13,45.092262267555334,45.799628837922334,44.99165911793476,45.73360824584961,24252600
2022-01-14,45.34062724746596,46.098295419862815,45.34062724746596,45.60470962524414,26867400
2022-01-18,45.40035674033812,45.491529917890176,44.68356020545318,44.80617141723633,21123900
2022-01-19,44.81246189915431,45.58270821574719,44.61754462588558,45.252601623535156,22674000
2022-01-20,44.752727945811834,45.41607842228569,44.350315327478185,44.3974723815918,22387200
2022-01-21,44.397471697962864,44.72443014639817,44.03278616767655,44.07365417480469,27508200
2022-01-24,43.721538152423946,44.18054133498513,43.16822087384499,44.0767936706543,28699200
2022-01-25,44.01078539656273,44.13025211031917,43.01103914896021,43.1179313659668,29479500
2022-01-26,43.177659060914095,43.63351780745312,42.49230047834726,42.67778778076172,26185500
2022-01-27,43.04561411295039,43.72468718748399,42.55831737086638,42.706077575683594,27759000
2022-01-28,42.75638608158518,43.24997194986036,42.11189905879179,43.2342529296875,25131900
2022-01-31,43.09905872386076,44.02649512313018,42.97644751233635,43.954185485839844,20193600
2022-02-01,43.76556084868301,44.37546888532521,43.69639932090828,44.300018310546875,20323200
2022-02-02,44.32831551015258,44.52952185675287,44.0610885559399,44.281158447265625,18149700
2022-02-03,44.09567255210953,44.63956004946818,43.94162326339877,44.325172424316406,20741100
2022-02-04,44.29372882984602,44.32831139232126,43.49519256515027,43.803287506103516,22036500
2022-02-07,44.03277947852999,44.03592040332997,43.26253333213443,43.3725700378418,20010300
2022-02-08,43.485755277433995,43.774990248542316,43.2311028658447,43.38200759887695,19458900
2022-02-09,43.54234543252812,43.633515017294364,43.21852790538858,43.28769302368164,21473700
2022-02-10,42.92929632218372,43.073912018656245,42.58661522686783,42.78153610229492,27810600
2022-02-11,43.014175227011286,43.12735287124441,42.18105291794603,42.54574203491211,23733300
2022-02-14,42.54575491001541,42.74381674682352,41.722065920787216,42.11190414428711,29363400
2022-02-15,42.36025680424875,42.65263269916801,42.061591862958174,42.243934631347656,21824400
2022-02-16,42.231350753989446,42.404259914407014,41.71890152415539,41.97983932495117,28490700
2022-02-17,42.12761908965508,43.847306561935994,42.058453960093914,43.66181564331055,53831400
2022-02-18,43.41659015839596,43.88502337565114,43.12106973873587,43.38200759887695,31103400
2022-02-22,43.31284095306565,43.46060475553968,42.73751555433139,42.89785385131836,25380900
2022-02-23,43.02675429808813,43.130501982109415,42.391697296194785,42.45771789550781,21030900
2022-02-24,42.09931816998973,42.44514378654431,41.50198824736324,42.29423904418945,31717500
2022-02-25,42.382272202211574,43.00161025640542,42.15591326576061,42.8758544921875,24997800
2022-02-28,42.44199273847143,42.778384733122515,42.055299170768336,42.49229431152344,26286600
2022-03-01,42.715511596138725,43.35056854974753,42.44828469583653,42.753238677978516,24024900
2022-03-02,42.64949240359205,43.017322468988006,42.49858766912569,42.80668258666992,23863800
2022-03-03,43.161946432192856,44.16169273836626,42.929302038351835,43.79071807861328,29885100
2022-03-04,43.32542183507575,44.938216890949434,43.25625671402237,44.900489807128906,35576400
2022-03-07,44.42261826519968,45.155137406814724,44.15539137938828,44.5389404296875,45870000
2022-03-08,44.48549890180473,44.78730835103958,43.567492461992764,43.617794036865234,28305600
2022-03-09,44.0139226283935,44.08937319424579,43.42916365323864,43.844154357910156,22122900
2022-03-10,43.85358367326556,44.95707741489569,43.702678945966426,44.84075164794922,27512700
2022-03-11,44.73700919656358,45.287182026899806,44.604964407258464,44.66469955444336,19162200
2022-03-14,44.64898412703168,45.5386935771415,44.63955415453497,45.28718566894531,22646400
2022-03-15,45.43808729266632,45.94739212097368,45.224306484847645,45.83106994628906,22872600
2022-03-16,45.70847446279119,46.195771394092866,45.177164984619566,45.695899963378906,24615900
2022-03-17,45.58858516394962,45.856845645768225,45.02050095677344,45.76531982421875,19023000
2022-03-18,45.8189719157883,45.94205736715502,45.481278804726195,45.90102767944336,31233300
2022-03-21,45.89786895041693,46.48488962355675,45.32663170397754,45.51914978027344,21350700
2022-03-22,45.639079265131016,45.75269465680038,45.12464789957645,45.38344192504883,20235000
2022-03-23,45.17514958375771,45.36135431521816,44.66387484074389,44.799583435058594,19625400
2022-03-24,44.938443391144055,45.41815844307943,44.77748494144145,45.077308654785156,13440900
2022-03-25,45.27298355102539,45.42447195703774,44.897417415775465,45.27298355102539,14085300
2022-03-28,45.288757432218574,46.096699103500626,45.22563817426105,46.077762603759766,20105700
2022-03-29,46.26712978705974,46.740531504598444,46.15666746002418,46.46595764160156,19934400
2022-03-30,46.434393483026945,47.39698032739494,46.40599053629953,47.29914474487305,24991500
2022-03-31,46.95828728387989,47.510587982869296,46.765769224028915,46.99931335449219,27163800
2022-04-01,47.232861872887774,47.74097986339859,46.97407146135497,47.6589241027832,20939700
2022-04-04,47.62736630832063,48.35009197843199,47.365419201328244,47.66839599609375,25332600
2022-04-05,47.61789932803293,48.3911247923247,47.61789932803293,47.804107666015625,18657900
2022-04-06,47.66208310944668,49.050728572116924,47.49797158022313,48.91501998901367,28018500
2022-04-07,48.94972875154703,49.71979375761161,48.741430880763495,49.40419387817383,27088200
2022-04-08,49.520966410861895,49.99436804038537,49.300045409633086,49.678768157958984,23294400
2022-04-11,49.539914445657246,49.940726859204474,48.4858053197051,48.6941032409668,24712800
2022-04-12,48.67831852983386,49.04441458636496,48.14495064889002,48.359561920166016,26761200
2022-04-13,48.428994751857005,49.798703701630274,48.397435120485646,49.61880874633789,29284500
2022-04-14,49.58409718291629,49.95650664762914,49.369489501956416,49.57463073730469,22360500
2022-04-18,49.47047763079397,49.858666880172535,48.98445280063064,49.19590377807617,14671800
2022-04-19,49.44522643981148,49.84919910606192,49.24639859801507,49.7545166015625,15855000
2022-04-20,49.97544827887043,50.606651866884874,49.95651177393541,50.379417419433594,19821600
2022-04-21,50.47092278727099,50.73918321013575,50.202662364406244,50.455142974853516,18168300
2022-04-22,50.57508840377754,50.60980472490433,49.44208016187662,49.50519943237305,21046200
2022-04-25,49.35055373542284,49.69771694250637,48.71304044284779,49.53044509887695,18057600
2022-04-26,49.350544803531214,49.90600222256464,48.981292085932,49.01285171508789,19601100
2022-04-27,49.08543607045158,49.29688700914189,48.608877772451216,48.67831039428711,17496900
2022-04-28,48.99075868260476,49.54306302985776,48.63413270497125,49.300048828125,14955900
2022-04-29,49.17382257944756,49.30321781402618,48.1954557696345,48.2838249206543,21088800
2022-05-02,48.90554734852633,48.91501740457829,47.441159569650424,47.965057373046875,20016000
2022-05-03,48.10708939828365,48.690949898590794,47.90194814873093,48.1323356628418,17950500
2022-05-04,47.98084010045025,48.861367554787485,47.81672856993607,48.798248291015625,20022600
2022-05-05,48.665214994282,48.72539916077686,47.955699385976025,48.38014221191406,23234400
2022-05-06,48.05389228444838,48.763407917646965,46.964277178159094,47.37288284301758,34258200
2022-05-09,47.02762361622723,48.494166226836306,46.938933266962515,47.927188873291016,28207200
2022-05-10,47.96520535930663,48.237609155388306,47.05613906883252,47.25252151489258,24861300
2022-05-11,47.32220157960722,47.74981256637507,46.5335000928106,46.758392333984375,27878700
2022-05-12,46.83440354045309,47.55975622464099,46.40996077275722,46.71403884887695,25244400
2022-05-13,46.78689260135988,46.99911217539319,46.28959665564196,46.89458465576172,19962300
2022-05-16,47.315865520608504,47.42672937422175,46.39096214495523,46.94527053833008,21449100
2022-05-17,43.213969659216176,43.53388491205899,41.379996703658016,41.604888916015625,132940200
2022-05-18,40.55328799693878,40.62930933551512,38.49442265919073,38.77949905395508,104253000
2022-05-19,38.28537443207518,38.57678354617818,37.56635431493503,37.71522521972656,71008500
2022-05-20,37.89577110009618,38.27586691999377,37.14507669032029,37.75640106201172,49356000
2022-05-23,37.98445807176976,39.203942287906855,37.96545636181583,38.83334732055664,43680900
2022-05-24,38.393063321906354,39.45100399359759,38.351888117558495,39.317970275878906,34584900
2022-05-25,39.27678289396498,39.48900606403481,38.83333847309673,39.077232360839844,27121800
2022-05-26,39.68857327772899,40.03699481732578,39.403500449895674,39.91029739379883,28197600
2022-05-27,39.74874690529385,40.740167030920645,39.69173090489903,40.695823669433594,25299900
2022-05-31,40.37274455870163,41.145608869302926,40.3600719184415,40.74333953857422,36912300
2022-06-01,40.70215850336404,40.83519221971437,39.49218241663716,39.73607635498047,28534800
2022-06-02,39.774084030767256,40.394909201981825,39.3813156061635,40.38857650756836,23214300
2022-06-03,40.12250398832654,40.36006520512971,39.62204352820877,39.69489669799805,18302700
2022-06-06,39.85327045798915,40.00530949949953,39.463670187562734,39.55236053466797,19855500
2022-06-07,38.40255943938087,39.115243021881625,38.28852745625552,39.077232360839844,47707800
2022-06-08,38.75415275509802,39.24828052193629,38.627455372517005,38.73831558227539,22522800
2022-06-09,38.643307881935954,39.387666174706766,38.323392514076396,38.33289337158203,19880100
2022-06-10,37.93061785804571,38.87769479127496,37.80074866033145,38.548274993896484,25238100
2022-06-13,37.92744929208264,38.40257183376167,37.72156237403542,37.82292175292969,24897900
2022-06-14,37.73421761618983,38.00978945974804,37.43013959050353,37.8387451171875,21544200
2022-06-15,38.000293057908806,38.13965945066553,37.34462179300289,37.81340789794922,25914000
2022-06-16,37.48716060553646,38.56727101086343,37.4491499410056,38.206180572509766,30706800
2022-06-17,38.01613824432928,38.28853839321561,37.36680316148756,37.468162536621094,36838800
2022-06-21,37.47132651951345,38.890357613191405,37.44598486610652,38.697139739990234,23916600
2022-06-22,38.67497557101902,39.039234252588486,38.19668486965801,38.22835922241211,20235000
2022-06-23,38.56411040439235,39.264125176203116,38.38990147014943,39.15643310546875,18040800
2022-06-24,39.305303085289864,39.69173524157354,39.01072582174319,39.188106536865234,31845900
2022-06-27,39.20710457942436,39.511186294741435,38.89352563457075,39.31480026245117,19889100
2022-06-28,39.48585087977386,39.77409184174653,38.73515638955454,38.760498046875,15399000
2022-06-29,38.9251966634517,39.070903001581094,38.31704053446763,38.617950439453125,19111500
2022-06-30,38.288537643569036,38.662304410065346,37.97495866878171,38.5102653503418,19166100
2022-07-01,38.62429001601754,38.934700800806084,38.377224302220085,38.84284591674805,17460900
2022-07-05,38.70981680950973,39.43833777355948,38.51976707434519,39.35598373413086,18218100
2022-07-06,39.428821554815116,39.998970590570565,39.37180918866685,39.634708404541016,21300000
2022-07-07,39.65371787379633,39.76141354871121,39.31479730115439,39.69489669799805,17487300
2022-07-08,39.8532714434326,40.10350531733447,39.64105186196913,39.720237731933594,14751000
2022-07-11,39.599874478736666,40.014816427255,39.473177082173265,39.73607635498047,11532900
2022-07-12,39.62838766750849,40.2682182743922,39.504854795421984,39.61571502685547,13732200
2022-07-13,39.41616566928728,40.05599629620132,39.24828942435134,39.71074295043945,12689100
2022-07-14,39.327470605425425,40.6451459999974,39.32113791055485,40.48677062988281,20905500
2022-07-15,40.79719111278622,41.26280918777251,40.5596298347613,40.882713317871094,21184200
2022-07-18,40.749670909838635,41.27230855667533,40.62614167049267,40.787681579589844,14243700
2022-07-19,40.98407024271411,41.16461549822576,40.733839963170595,41.03791809082031,16995300
2022-07-20,41.33883348465701,41.59223195762752,41.018918139087845,41.380008697509766,18564900
2022-07-21,41.39267016898715,41.988157325985206,41.33565416861934,41.984989166259766,18764700
2022-07-22,41.981827800927334,42.251063422815896,41.56688580726086,41.87730026245117,13616400
2022-07-25,41.93430850180974,42.03249970161516,41.63973127749686,41.81711196899414,20535300
2022-07-26,38.367723493189054,38.861851296471805,38.02880289493259,38.636959075927734,95391600
2022-07-27,38.4025650207224,40.15418396859925,38.336048166679944,40.09716796875,42159600
2022-07-28,39.9958072079277,41.33882050545257,39.9958072079277,41.09809112548828,33262200
2022-07-29,40.6451482357419,41.89313505620974,40.54695339842931,41.82661819458008,30141900
2022-08-01,41.51303680337464,42.51712598943841,41.49403146903096,41.9818229675293,24996300
2022-08-02,42.17503206562907,42.35241274788945,41.62072377713413,42.026161193847656,19695000
2022-08-03,41.86146123152616,42.108523345698906,41.132940279604895,41.33565902709961,32003100
2022-08-04,41.38951107661252,41.430686287373526,39.698075902349174,39.77409362792969,53106000
2022-08-05,39.755084946288726,40.166858768647224,39.63155569949894,40.0940055847168,32007000
2022-08-08,40.1161832251044,40.61031113800119,40.10351420808078,40.42026138305664,18175200
2022-08-09,40.50894440308461,40.851033174945215,40.293553028270495,40.819358825683594,19325100
2022-08-10,41.177284298051504,41.22479582557939,40.667319261145,40.90488052368164,25251000
2022-08-11,41.26118215237343,41.474329655271106,40.911243218355374,41.29935836791992,23854500
2022-08-12,41.35661700627736,42.26010009900706,41.29935632647234,42.062862396240234,26625000
2022-08-15,41.8751695620377,42.492338372532615,41.78927489624011,42.183753967285156,26516100
2022-08-16,44.18795193732158,44.833751001184126,43.96208027064873,44.33747482299805,91773300
2022-08-17,44.08298015159865,45.403212586446294,44.02889777955953,44.38520431518555,41792100
2022-08-18,44.38837220145622,44.671508188332815,44.06070336911898,44.242034912109375,19197600
2022-08-19,44.19433044730238,44.242048906269005,43.554891446957384,43.58988571166992,22918800
2022-08-22,43.329009018711744,43.49443441136862,42.76910096845675,42.81045913696289,18667200
2022-08-23,42.82319472863293,42.93454143306687,42.37781519226679,42.6291389465332,16955100
2022-08-24,42.74046848943212,43.039510604989715,42.50187264476414,42.93770980834961,15766500
2022-08-25,43.03634166727859,43.262213390870585,42.956807267871895,43.224037170410156,19414500
2022-08-26,43.30036910478227,43.52942269764176,41.836981870192034,41.86561584472656,21331800
2022-08-29,41.62066771763066,42.587775471398004,41.54431528514895,42.2728271484375,17381700
2022-08-30,42.419170455544574,42.51778931907947,41.91016634631489,42.14558029174805,14468100
2022-08-31,42.24101351103411,42.56232574008953,41.97060532914436,42.1678466796875,22460700
2022-09-01,42.164668612583206,42.99179938406224,42.12012847737418,42.781837463378906,21741900
2022-09-02,42.8995392601799,43.16040156056455,42.13285122668881,42.31100082397461,17234400
2022-09-06,42.32690793599265,42.50824313603125,41.58567190849791,42.10103988647461,21899700
2022-09-07,42.330091658489785,43.25584488262754,42.228290841857174,43.182674407958984,17058900
2022-09-08,43.07450343454231,43.542152916081854,42.90907804165168,43.40217590332031,16956000
2022-09-09,43.3608263337123,43.742577564088506,43.30674396889891,43.532615661621094,16140600
2022-09-12,43.60896373875924,43.981172729584166,43.57396948213918,43.923912048339844,14284500
2022-09-13,43.53897448811946,43.88573509044825,42.886815096063536,43.01724624633789,17687400
2022-09-14,43.14767802393865,43.43399235152645,42.66094403110782,42.92180633544922,19934700
2022-09-15,42.96316952822952,42.994981830491646,42.30146417539734,42.46052932739258,20189400
2022-09-16,41.99287560403907,42.80410015375248,41.763821953388685,42.3714485168457,41874300
2022-09-19,42.2537305552574,42.87089555084689,42.14238389662262,42.73410415649414,16853100
2022-09-20,42.463699479881925,42.59095230514606,42.16466098357129,42.48596954345703,13963500
2022-09-21,43.087231952887116,43.7266671122119,42.82636602863982,42.87408447265625,24903600
2022-09-22,42.81046481382007,42.85818326333525,42.26010256363241,42.43507385253906,16744500
2022-09-23,42.26964659174151,42.368265444569055,40.965320517856135,41.37570571899414,27195300
2022-09-26,40.95896230803646,42.03741310895942,40.80626108414657,41.77336883544922,23011200
2022-09-27,42.06605496344356,42.447806274265176,41.452067994859476,41.658851623535156,17171700
2022-09-28,41.805180485570766,42.51778618598104,41.26754607252865,42.34599685668945,16838400
2022-09-29,42.4700639424045,42.66730527800182,41.875165259188215,42.07240295410156,15241500
2022-09-30,42.069223202526715,42.10739577268049,41.26117706298828,41.26117706298828,19602300
2022-10-03,41.43297190712911,42.24419647205902,41.359801433360985,42.16148376464844,17574900
2022-10-04,42.584585452080944,43.010876744249366,42.428705939859825,42.708656311035156,16134300
2022-10-05,42.55278687578719,42.826377060779336,42.15512579184435,42.285560607910156,14553900
2022-10-06,42.33645460703537,42.7818340797934,41.859262834892384,41.891075134277344,14200500
2022-10-07,41.77337045225725,41.881531547937826,40.74263442059332,40.89851760864258,17080500
2022-10-10,41.207103498917064,41.33435634863975,40.809442439303865,41.140296936035156,11411700
2022-10-11,41.200732666980024,42.56550132081865,41.18482651851999,42.206016540527344,21276000
2022-10-12,42.31418493826805,42.87408942220293,41.665203830808814,41.72882843017578,16947600
2022-10-13,41.12757135768382,42.29191687203082,40.83807504805378,42.08195495605469,20545500
2022-10-14,42.13285085339877,42.380988960496865,41.37252310184603,41.493412017822266,16641000
2022-10-17,41.66202278020174,42.25692517556804,41.54431581253517,41.792457580566406,17812500
2022-10-18,42.44780001539706,42.97907418231225,42.41598771424302,42.67367172241211,16842300
2022-10-19,42.73411918459705,42.861368392719264,42.3014638674754,42.55278396606445,11339400
2022-10-20,42.62277398790875,43.07451378961058,42.51779120309985,42.65776824951172,12754800
2022-10-21,42.88681849628115,43.71394923405183,42.62913449256326,43.51988983154297,18134700
2022-10-24,43.7266717496415,44.69060116814887,43.6248709353364,44.35020446777344,18806700
2022-10-25,44.24839890564641,44.677868541943795,44.003439129709406,44.56016159057617,15051300
2022-10-26,44.652424171107796,45.186880257197664,44.48063484488906,44.90056228637695,20754300
2022-10-27,44.85920295437152,45.20596352772628,44.63014933035986,44.77012634277344,16602900
2022-10-28,44.55380863344655,45.460470139595145,44.55062667519002,45.336402893066406,13648200
2022-10-31,45.28232243080258,45.51455442372162,45.100990850077075,45.27914047241211,22572000
2022-11-01,45.48273808194188,45.66725160467153,45.015092179244164,45.07553482055664,14814300
2022-11-02,44.90693187170237,45.67362002043811,44.76059455048221,44.7765007019043,15522000
2022-11-03,44.38201173749973,45.081893166703225,44.245216681237,44.766944885253906,10976400
2022-11-04,45.183692199419404,45.24095287330602,44.15295638125542,44.84647750854492,14669400
2022-11-07,44.93873743296619,45.482735739498914,44.93873743296619,45.31731033325195,11364000
2022-11-08,45.358673327725505,45.83268317262373,45.018272964523774,45.425479888916016,15068400
2022-11-09,45.41592780760253,45.54318063671329,44.28657305689514,44.36928939819336,15932100
2022-11-10,45.336395659757294,45.39365633650107,44.69695685754174,45.28867721557617,20310600
2022-11-11,45.38730343872845,45.53046243522413,44.5347206576555,45.358673095703125,19270800
2022-11-14,45.059633093772476,45.59408924714519,43.987542469291505,44.025718688964844,37525800
2022-11-15,46.32259536289618,47.80507106111744,45.98538062636313,46.90476989746094,76548600
2022-11-16,47.044740169635396,47.78279783220425,46.802965986315456,47.241981506347656,32593200
2022-11-17,46.76797539954342,47.315155683933085,46.67253486117064,47.08292007446289,24791400
2022-11-18,47.61419751217835,47.795532727323504,47.32788315856728,47.79235076904297,18987000
2022-11-21,47.913236285276305,48.39997028766873,47.77961953180527,48.08502197265625,21157200
2022-11-22,48.355439371630816,48.498594734398495,48.0754852815674,48.25681686401367,16898400
2022-11-23,48.38089088436006,48.79127617071534,48.31726627457365,48.48905563354492,16920600
2022-11-25,48.39360322899815,48.70218394396547,48.31088689392981,48.695823669433594,8777400
2022-11-28,48.58448770414634,49.19529263483997,48.58448770414634,48.83580780029297,17674800
2022-11-29,48.68310119000989,48.89943064291456,48.530399974204094,48.66401672363281,13841700
2022-11-30,48.54949828470503,48.60039870067116,48.10094041688886,48.48905563354492,31338000
2022-12-01,48.371336167133606,48.86761600491147,47.95140511326096,48.791263580322266,22732200
2022-12-02,48.19000137149915,48.74990944788882,48.19000137149915,48.74354553222656,20733000
2022-12-05,48.594025949905124,48.673556691722425,47.88141666862294,48.244083404541016,23608200
2022-12-06,48.10092648155301,48.326794508995484,47.46785160366868,47.68417739868164,20625600
2022-12-07,47.87824028120242,48.10410832520384,47.343784208870844,47.43604278564453,17550300
2022-12-08,47.63083179216304,47.669148267123596,47.305118001341974,47.50948715209961,13512600
2022-12-09,47.09117235786687,47.17100657888598,46.37268629514937,46.40142822265625,27929400
2022-12-12,46.5898243446371,47.29234789891748,46.48125551258282,47.26679992675781,19432200
2022-12-13,47.899071475952624,47.962935930078125,46.85806552518859,47.09756088256836,23408100
2022-12-14,46.969821599705256,47.429652181555085,46.608981638468705,46.8357048034668,20334600
2022-12-15,46.48765272960535,46.755886391754125,45.864963266006185,46.41740036010742,17514000
2022-12-16,46.136379369580226,46.213019627875376,45.52646587401737,45.58394241333008,40343100
2022-12-19,45.666969138139876,45.84260002657618,45.25823081916726,45.599910736083984,15067500
2022-12-20,45.63823302905118,46.18747608479142,45.42428565388276,45.99907302856445,17009400
2022-12-21,46.08529513746722,46.60260600815466,46.06613506954443,46.35991668701172,13726500
2022-12-22,46.228990861186915,46.29604926742052,45.322101745865325,45.81705856323242,13082400
2022-12-23,45.67973546578867,45.91923075322984,45.43385227303671,45.90964889526367,9547500
2022-12-27,45.99588223800904,46.126808758416416,45.72445464494408,45.92243957519531,10044600
2022-12-28,45.81386117082646,45.877725618748656,44.996384543314285,45.11772918701172,15246300
2022-12-29,45.38915894414041,45.67016472125773,45.26462034113136,45.39234924316406,9171900
2022-12-30,45.20394687428612,45.341257627597265,44.96445154429731,45.27738952636719,11505900
2023-01-03,45.52007773584778,45.890495903964656,45.37318878074174,45.85537338256836,17249700
2023-01-04,45.7978909874154,45.99906617313112,45.366798693447116,45.90645980834961,13338300
2023-01-05,45.81066667923413,46.02461403902293,45.55201128289813,45.749996185302734,13274400
2023-01-06,46.174702348679354,47.11671759764896,46.05974560855003,46.87083435058594,21231900
2023-01-09,46.723944937180725,47.21570777217765,46.23856635443539,46.28646469116211,17756700
2023-01-10,46.283269078871335,46.44612780319535,45.89688479116792,46.25772476196289,11970600
2023-01-11,46.538745516565676,46.679246602621674,46.216221942529764,46.66328048706055,14834700
2023-01-12,46.75269086757187,46.75588482142534,46.107651056730795,46.24176788330078,12472800
2023-01-13,46.47167521497414,46.56428159235416,45.938401933511024,46.39503860473633,13699800
2023-01-17,46.395042198286596,46.52915901739757,46.04697433580584,46.11403274536133,15122400
2023-01-18,46.046971496859776,46.06293760984533,44.85907661133512,44.97403335571289,22674300
2023-01-19,45.14965656292716,45.19436094079071,44.31940421145373,44.33218002319336,17342100
2023-01-20,44.5141971402391,44.95486765042006,44.12142496300675,44.878231048583984,29543100
2023-01-23,44.85268471518858,45.666967368256586,44.769660204166094,45.5488166809082,13149900
2023-01-24,46.79738650944111,46.79738650944111,45.025122510677924,45.670162200927734,13669200
2023-01-25,45.42109359066088,45.6126906083313,44.830336424044525,45.453025817871094,12491700
2023-01-26,45.6733598395471,45.90327698524233,45.2678154490777,45.4115104675293,15819000
2023-01-27,45.53604946424982,46.133190872185054,45.26462188377099,45.759578704833984,18412800
2023-01-30,45.38277103727519,45.48814957409755,45.11134346604675,45.39234924316406,15897600
2023-01-31,45.44662519428023,45.944775839072506,45.23587182278175,45.941585540771484,14103600
2023-02-01,45.87452836317495,46.49721764881816,45.567974649925276,46.19704818725586,12849300
2023-02-02,46.114026676845135,46.257725338073136,45.64461787173002,45.861759185791016,17806800
2023-02-03,45.778739180539084,45.97033619623803,44.98042254527079,45.25185012817383,17155500
2023-02-06,45.28697708586924,45.37638951531785,44.71537998253228,44.922943115234375,17454000
2023-02-07,44.63234590906981,45.1209147312455,44.28747207957714,45.01873016357422,16341300
2023-02-08,44.81117292819055,45.057052500608,44.70260044930996,44.77604675292969,11691300
2023-02-09,44.98361788702817,45.32529418696941,44.88781754901775,45.19117736816406,13064400
2023-02-10,45.69252060972378,45.96394819205375,45.39873900686022,45.89369583129883,15002700
2023-02-13,46.209827236920745,46.660079633604745,46.14595913471272,46.593017578125,16015800
2023-02-14,46.53554071201126,46.98259549789394,46.16192857882151,46.458900451660156,13831200
2023-02-15,46.28966270307447,46.81336146288155,46.16193379393754,46.80377960205078,14674200
2023-02-16,46.45570495767491,46.61856367831531,46.04058240923677,46.06932067871094,16312200
2023-02-17,46.33755979323783,46.84209847217382,46.16512284703013,46.762264251708984,24770700
2023-02-21,45.625460849834965,47.3689866939451,45.39234975394783,47.04646682739258,54393900
2023-02-22,46.867644462014525,47.12310593690724,45.58714313391307,46.059749603271484,29844000
2023-02-23,46.101252184625096,46.101252184625096,44.9325138520636,45.37318801879883,22021200
2023-02-24,44.97404011983353,45.58076346776304,44.55571985699667,45.494544982910156,20623500
2023-02-27,45.571178575303584,45.69252323681981,44.91655692474723,45.16563415527344,16647300
2023-02-28,45.02511967260542,45.552008640020155,45.00915356173882,45.38595962524414,18054000
2023-03-01,45.04428407268591,45.114536429025144,44.50462289550946,44.75369644165039,14180100
2023-03-02,44.654706026526185,44.94209970556787,44.54613353813779,44.86545944213867,14785500
2023-03-03,45.03788944545085,45.0857877755142,44.63234513474282,44.91973876953125,16888800
2023-03-06,44.86546606589008,45.018742960968744,44.71218917081142,44.91336441040039,16720800
2023-03-07,45.08261011479111,45.242271259759185,44.31941595508814,44.46630859375,17387400
2023-03-08,44.245971765680785,44.36092851697886,43.8372297471813,44.09907913208008,19090800
2023-03-09,44.33219164384412,44.38008998719801,43.72227437769469,43.80210494995117,15415800
2023-03-10,43.754201586252165,44.156555663959395,43.45722969888692,43.73823547363281,20065200
2023-03-13,43.64562772985335,44.226802932914346,43.61369550828849,43.865962982177734,28142100
2023-03-14,43.9681562668353,44.153365381262546,43.74782097084348,44.09907913208008,25542600
2023-03-15,43.712688467981906,44.64512181262119,43.655208273440465,44.59083557128906,33133500
2023-03-16,44.706269055643226,44.77680935552766,44.209283581410624,44.33753967285156,28905600
2023-03-17,44.30867981053034,44.72550751973901,44.11630117802222,44.696651458740234,43081200
2023-03-20,44.92109616655588,45.50465348260616,44.8281102267818,45.17760467529297,33928500
2023-03-21,45.33471029477086,45.33471029477086,44.738324887148316,45.0236930847168,19013400
2023-03-22,45.094242241184595,45.280210461130004,44.71589171221771,44.735130310058594,18548400
2023-03-23,44.9531586567917,45.405256502615785,44.72550621171693,45.097442626953125,22044300
2023-03-24,45.21286224138247,45.68099151556271,45.08140281392468,45.466163635253906,22752300
2023-03-27,45.78360137502508,46.4857935510568,45.7803943310941,46.226078033447266,26775600
2023-03-28,46.059352371001495,46.303036378538444,45.86697373604973,46.04652786254883,21282900
2023-03-29,46.29021461278717,46.47938988387487,45.99522888457436,46.24532699584961,24216900
2023-03-30,46.652522512068856,47.00522395198415,46.49861742993852,46.70703125,21879000
2023-03-31,46.998813054416964,47.595194829480164,46.96354290803135,47.277767181396484,20868000
2023-04-03,47.36754380959207,47.75872247557993,47.29380013990783,47.67535400390625,19766700
2023-04-04,47.624049788974204,47.7074182562437,47.13989255244808,47.20722579956055,18113700
2023-04-05,47.18798590773226,48.05690767763477,47.178364775902494,47.98957443237305,26540700
2023-04-06,47.71062134355325,48.42884875740534,47.62084612753514,48.35189437866211,17891700
2023-04-10,48.210820289012474,48.45450429533011,48.021645030079995,48.258914947509766,14519100
2023-04-11,48.41602123200834,48.41602123200834,47.97354455644866,48.11783218383789,18370500
2023-04-12,48.02805380322578,48.40640427921493,47.82925743296427,47.883766174316406,11209800
2023-04-13,47.98317135885393,48.09539590630865,47.51825262318795,47.9318733215332,13272600
2023-04-14,47.784367690927155,48.06011476008146,47.5022065338812,47.60801696777344,10464900
2023-04-17,47.65932895535774,47.98958483475385,47.61444133858216,47.941490173339844,16166700
2023-04-18,48.02484516351169,48.20440293266036,47.91582768442952,48.04729080200195,13482300
2023-04-19,48.364728289483814,48.54749313984288,48.02164790121544,48.098602294921875,12433500
2023-04-20,48.162714821564656,48.54106525451806,47.96712918702599,48.40639877319336,13641600
2023-04-21,48.72383675303185,48.832854246537124,48.47374233011568,48.65009307861328,25335000
2023-04-24,48.64366902956954,49.04125805868728,48.64366902956954,48.9803352355957,13579500
2023-04-25,49.15027955014243,49.297770550230744,48.52183102164073,48.598785400390625,17246700
2023-04-26,48.40961452499786,48.5474880748479,48.165930529534485,48.387168884277344,12910200
2023-04-27,48.345471000464066,48.71741097727229,48.345471000464066,48.5378532409668,12861000
2023-04-28,48.50900215604898,48.79115962420873,48.1530973597785,48.40639877319336,14088600
2023-05-01,48.42884323978041,48.90979704396905,48.39357309843931,48.60519027709961,11409600
2023-05-02,48.566725559691285,48.573135978759666,47.922245437245664,48.47373962402344,11329500
2023-05-03,48.59557407065395,48.76871773818466,48.18195349481799,48.2941780090332,12334500
2023-05-04,48.455113383961816,48.596729908408044,48.113948981124004,48.42936325073242,14011200
2023-05-05,48.374640019400985,48.925009897406724,48.223369520278915,48.8477668762207,14556000
2023-05-08,48.686845466988075,49.227561423776,48.619256432805344,49.153533935546875,14926200
2023-05-09,49.15352784446552,49.301582802576874,49.03122301602271,49.23720932006836,15209700
2023-05-10,49.46573427546793,49.67815906603634,48.673973834855424,49.098819732666016,15827700
2023-05-11,49.09881325002568,49.33054968944231,48.9217962979169,49.28227233886719,11926800
2023-05-12,49.43676413495104,49.588034646399734,49.1503118795914,49.26618194580078,16119300
2023-05-15,49.40457914325524,49.517226299095675,48.722246704570864,48.883174896240234,16113900
2023-05-16,48.55167048154441,48.770530049779566,48.13969779624232,48.2072868347168,15512100
2023-05-17,48.64501235258637,48.64822789666598,47.862905842582926,48.126827239990234,26985900
2023-05-18,48.85742941541083,49.65884753988283,48.26200131121227,48.751220703125,46768500
2023-05-19,48.72868427579456,48.74799595311124,47.991639727616274,48.249122619628906,27594000
2023-05-22,48.18153649738158,48.30384133888172,47.72772126137648,47.824275970458984,16117800
2023-05-23,47.63759536722182,47.91117069207909,47.33827359649181,47.734153747558594,16302300
2023-05-24,47.79852614127264,47.808180138167785,47.08722804802124,47.51529312133789,20515200
2023-05-25,47.27390424467108,47.45414411482713,46.69778787219288,47.042171478271484,21299100
2023-05-26,46.89411803492593,47.254594103634794,46.820094231674155,47.1258544921875,15720900
2023-05-30,47.087226084661914,47.405863218802544,46.861928105469474,47.00998306274414,15742500
2023-05-31,46.80400632385628,47.412311408181985,46.67204746226263,47.27069854736328,30130800
2023-06-01,47.05825843597267,47.602189843141474,46.971357737885434,47.444480895996094,20239200
2023-06-02,47.38333439114043,47.95945074578966,47.34471103682713,47.89830017089844,19178100
2023-06-05,48.07532873735873,48.68041454919717,48.07532873735873,48.21372604370117,15553200
2023-06-06,48.18154038354859,48.33924568443814,47.79853337664231,48.2072868347168,15015600
2023-06-07,48.03670097351074,48.39395781876635,47.969111940173896,48.27809143066406,24256500
2023-06-08,48.40361950633935,49.06020189881127,48.21050638796648,48.97651672363281,18873000
2023-06-09,48.9732917487144,49.47538428646321,48.79305189072225,49.272613525390625,15603900
2023-06-12,49.38204659163163,49.66206038346574,49.29836511341902,49.59769058227539,14713500
2023-06-13,49.73286898524073,50.05150245001765,49.58803324822571,49.98391342163086,15738900
2023-06-14,50.18024781426771,50.6372785814881,50.08368942448456,50.489227294921875,21103200
2023-06-15,50.53106225311021,50.9269424120287,50.524627483177184,50.76601791381836,18160500
2023-06-16,50.878671343634764,50.90120224949596,49.97747930910033,50.057945251464844,34675800
2023-06-20,49.7908019967278,50.032192444266336,49.52688064453239,49.617000579833984,19994400
2023-06-21,49.633088451684465,49.996783702865464,49.35951312749069,49.71355438232422,19251000
2023-06-22,49.880924746876154,50.234966054352185,49.71999654499377,50.128753662109375,13307400
2023-06-23,50.17059372145144,50.30255624970439,49.8937991231554,50.03541564941406,18975000
2023-06-26,50.0965555831885,50.13839816008081,49.66849055161329,49.903446197509766,14106300
2023-06-27,49.61378158219143,50.160935966912255,49.58481590701728,49.72321319580078,12093600
2023-06-28,49.80045914248525,50.106219390530256,49.7714897844301,49.99357223510742,18889800
2023-06-29,49.72965187467967,49.80689490326908,49.28870987470237,49.65562438964844,21530400
2023-06-30,49.877710107216686,50.70165550464865,49.816559521206365,50.58900833129883,19073100
2023-07-03,50.46990920611166,50.99452893787836,50.31541948540837,50.91728591918945,8647500
2023-07-05,50.90442100390436,51.21340049573442,50.640499640052234,50.888328552246094,17585400
2023-07-06,50.83039245821194,50.91085471482841,50.48922807016691,50.566471099853516,14427000
2023-07-07,50.14806179471126,50.30255153159599,49.38848633419654,49.40135955810547,19774800
2023-07-10,49.745742652454084,50.04828366951865,49.6684959431371,49.84873580932617,12967800
2023-07-11,49.81333114843467,50.05150236073718,49.520444131505734,49.77470779418945,11460900
2023-07-12,49.9871311105853,50.17380573959296,49.829422154759236,49.900230407714844,16509900
2023-07-13,50.02575666389426,50.08047246934148,49.46572906891503,49.60734558105469,11859600
2023-07-14,49.604129787963146,49.781150440391436,49.43032836254738,49.777931213378906,10427400
2023-07-17,49.694245075151684,49.88091970781441,49.50757044248896,49.839080810546875,10135200
2023-07-18,49.78114730378898,50.0997807747574,49.520445182091606,49.74896240234375,13437300
2023-07-19,49.822984142285904,49.95172742606947,49.485039007758324,49.765052795410156,12372900
2023-07-20,49.86483222561878,50.70808922498877,49.855174544523166,50.6855583190918,14987700
2023-07-21,50.82074116275727,51.10397423495546,50.67268985531597,50.972015380859375,16960500
2023-07-24,50.997756425919626,51.32926682300557,50.711307840083855,51.271331787109375,12529800
2023-07-25,51.644687909725356,51.66078036234322,50.94304371561204,51.229496002197266,15553800
2023-07-26,51.2520278938255,51.718712712035455,51.15546949293701,51.4129524230957,15094200
2023-07-27,51.52237117010679,51.70260733449928,51.21660727427547,51.22626495361328,13400400
2023-07-28,51.26811114278051,51.79916936068602,51.26811114278051,51.46765899658203,11020200
2023-07-31,51.483753504878344,51.70261304414035,51.145808357243936,51.451568603515625,13033200
2023-08-01,51.480534494488175,51.641462685304134,51.161901022997114,51.21017837524414,11782500
2023-08-02,51.02350761140149,51.63502815295581,51.02350761140149,51.24558639526367,12660000
2023-08-03,51.181210345764434,51.33570007584252,51.017062935685765,51.258453369140625,13202700
2023-08-04,51.41939107222339,51.577100058166224,50.84005171467871,50.96235656738281,14262000
2023-08-07,51.335705347120786,51.88607529724518,51.210181277503935,51.65433883666992,14268900
2023-08-08,51.81526504881629,52.01803214196208,51.33891892127625,51.705833435058594,11017500
2023-08-09,51.789512634277344,52.17251958222046,51.72514283294008,51.789512634277344,13209600
2023-08-10,51.93487564593418,52.244953583651444,51.68939635446952,51.7636833190918,15169500
2023-08-11,51.85734201282363,52.27077916504675,51.71199509323127,52.067291259765625,14195100
2023-08-14,52.32569642843476,52.577633340369,51.414843043539946,51.6796989440918,20813700
2023-08-15,51.53112280666147,51.934871707967204,51.33086184347434,51.41484451293945,14559300
2023-08-16,51.64094254981116,51.99301181778504,51.153218345510574,51.4406852722168,26980800
2023-08-17,51.970388159710254,52.04790947178826,50.07116037083438,50.28757095336914,53614200
2023-08-18,50.1648384110858,51.57310794575333,50.1648384110858,51.01109313964844,27954900
2023-08-21,50.91418802323748,51.30501789003667,50.723622792721024,50.875431060791016,15679200
2023-08-22,50.70101686327651,50.81083750890846,50.465229608359955,50.71393585205078,16670700
2023-08-23,50.584735398548204,51.162899846449356,50.55243238400834,51.066001892089844,14210400
2023-08-24,51.07569293273575,51.430992843841544,50.65256740709729,50.675174713134766,14033100
2023-08-25,50.7688482494969,51.046626849806366,50.562129634980124,50.97556686401367,12267000
2023-08-28,50.988475879077704,51.301784410994884,50.988475879077704,51.26625442504883,11871000
2023-08-29,51.35669622753243,51.75398372973768,51.31147792428736,51.69584274291992,12702300
2023-08-30,51.80889303962618,52.09635990440015,51.65385410754251,52.067291259765625,10967700
2023-08-31,52.04145765720367,52.64546377853959,51.9897743124149,52.52272415161133,19582800
2023-09-01,52.6067004180017,52.63576906358585,51.728142744406995,52.18680191040039,12553500
2023-09-05,52.27724558287333,52.584092806005366,51.737838090824134,51.76690673828125,15209400
2023-09-06,51.808898794497146,52.38060561313889,51.65062917400263,52.15450668334961,14594700
2023-09-07,52.325697708388425,52.80373356671506,52.16097043432894,52.800506591796875,19120800
2023-09-08,52.80373273180768,52.92647236578712,52.671304780386286,52.897403717041016,12667200
2023-09-11,52.97169169319612,53.12673063937168,52.86187105349759,53.08150863647461,11912100
2023-09-12,53.13318328116309,53.27207255505781,52.98460569122861,53.139644622802734,11757300
2023-09-13,53.272077774242725,53.56923667964472,53.09120085122851,53.15256881713867,14364300
2023-09-14,53.294686582503246,53.53370448687488,53.104117653922636,53.37543487548828,14923800
2023-09-15,53.3625248232124,53.50787547134369,52.897407924180996,53.17841720581055,63925200
2023-09-18,53.19132706120582,53.359284988463635,52.72944091303687,52.78434753417969,12997800
2023-09-19,52.77143096923828,52.90063193981242,52.438745770439496,52.77143096923828,14019600
2023-09-20,52.842494504935566,53.20102140054637,52.63577589524066,52.942623138427734,10120800
2023-09-21,53.055668530499645,53.133186152265594,52.25786283019977,52.29985046386719,18782400
2023-09-22,52.39998674398266,52.7229836358622,52.29985441768604,52.43874740600586,13215000
2023-09-25,52.44520386727621,52.68422178365264,52.28370727319489,52.671302795410156,10459500
2023-09-26,52.62931797175686,52.823117605041716,52.438752706457755,52.48720169067383,14435700
2023-09-27,52.32569650837018,52.39998716177026,51.77337000760655,52.23525619506836,15711000
2023-09-28,52.32569516133325,52.59378542307277,52.193267214264154,52.50011444091797,11617200
2023-09-29,52.6583789962058,52.690678312071135,51.41806382774208,51.65708541870117,18842400
2023-10-02,51.51496771477863,51.766904607349765,51.1338298567008,51.711997985839844,12992700
2023-10-03,51.57957615667456,51.92195342055808,51.25334855449759,51.38577651977539,11253300
2023-10-04,51.56665258548399,52.01885046593589,51.359933976868305,52.00270080566406,15755700
2023-10-05,51.82504364676095,51.98977089793392,51.356696171099664,51.382537841796875,14269500
2023-10-06,51.24365293033631,51.353473579342236,48.9826671828841,50.520137786865234,42616200
2023-10-09,50.09054978186695,50.33925972406005,49.502693278883505,50.336029052734375,21022500
2023-10-10,50.46199324290175,51.059537991012434,50.27788196385751,50.90449905395508,16014300
2023-10-11,51.11767846289978,51.51496596612771,50.723621630573334,51.10798645019531,12026100
2023-10-12,51.20488705056011,51.45682392943986,50.959407816931815,51.340545654296875,13514100
2023-10-13,51.44067510055542,51.82827428583711,51.32439682353883,51.624786376953125,13809000
2023-10-16,51.85411931586271,52.35153920048917,51.78305933234464,52.07052993774414,14348100
2023-10-17,51.91871767516706,52.232022537918375,51.80566636589741,52.13835525512695,10893000
2023-10-18,52.286933336820645,52.44197228228916,51.91225680937675,52.17711639404297,10559100
2023-10-19,52.14158569499392,52.26755229518381,51.75075581732277,51.92840576171875,11745900
2023-10-20,51.94778707866181,52.03499671698403,51.26302896017102,51.279178619384766,15056700
2023-10-23,51.26949015611637,52.1157448643296,51.04016056023163,52.005924224853516,17097000
2023-10-24,52.131894122567765,52.80372954946743,52.12866345147507,52.72944259643555,17535000
2023-10-25,52.700375722034444,53.0782866542772,52.4775074469705,52.5711784362793,16621800
2023-10-26,52.55502405641165,52.92324294130653,52.199724159648156,52.25140380859375,16220100
2023-10-27,52.15773424751371,52.31600385858014,51.8573446839452,52.05760192871094,13829700
2023-10-30,52.151273878456045,52.73266899045851,51.934866971088674,52.6551513671875,12653700
2023-10-31,52.648696275563026,52.848957244259864,52.3095497027012,52.7811279296875,14168400
2023-11-01,53.039520869046,53.417428068381625,52.64223333943418,53.25270080566406,14899500
2023-11-02,53.094423812788484,53.67905326241414,52.85217524575447,53.462642669677734,15492300
2023-11-03,53.578928560768865,53.71459088257903,53.13319202122498,53.184871673583984,17240100
2023-11-06,53.133188411484234,53.49817662455211,52.994299124178944,53.25592803955078,14529000
2023-11-07,53.54339933312679,53.81471656904915,53.401279372816944,53.504638671875,15023400
2023-11-08,53.56600440072012,53.70812435509273,52.83603169188071,53.06858825683594,15591900
2023-11-09,53.09119717733366,53.13964615176588,52.72943965991868,52.94584655761719,15080100
2023-11-10,53.14933889374126,53.75980637239532,52.93938962396637,53.67905807495117,14319900
2023-11-13,53.74042934600928,54.221699578344094,53.63383936897715,54.16032791137695,15408900
2023-11-14,54.3186002326438,54.63513581162331,54.02144129006627,54.150638580322266,19792500
2023-11-15,54.386421391271014,54.890298879812214,54.10541215212727,54.838619232177734,35769900
2023-11-16,51.27594647289793,51.502045375505624,50.22620024778372,50.40061950683594,97658700
2023-11-17,50.371568362041266,50.88513430521301,50.06794804040984,50.17776870727539,42487800
2023-11-20,50.23912715502188,50.39093542765125,50.06793485595729,50.16160583496094,26663100
2023-11-21,50.21329397478793,50.66226122287898,49.78370705998966,50.34249496459961,29382300
2023-11-22,50.29726497649657,50.403854944489,49.86444745873401,49.9581184387207,26416500
2023-11-24,50.11315718830351,50.4296927235179,49.96780656044159,50.40708541870117,13975200
2023-11-27,50.37155399835067,50.8269825027197,50.37155399835067,50.63641357421875,23393700
2023-11-28,50.60088895118811,51.33086172898964,50.60088895118811,51.24042510986328,23535000
2023-11-29,51.282417296583475,51.282417296583475,50.26174314996596,50.41355514526367,29896500
2023-11-30,50.394160909266596,50.50075086516406,49.90643312729802,50.28757095336914,29925900
2023-12-01,50.1874440323523,50.26173468166881,49.299201697320996,49.85152816772461,39273600
2023-12-04,49.52206477550919,50.04209187355993,49.51883410475988,49.83860397338867,24883200
2023-12-05,49.88706174761293,50.33925962539392,49.657732137403094,50.300498962402344,21883800
2023-12-06,50.242355188532756,50.3327954983699,49.628660742936596,49.75463104248047,26447400
2023-12-07,50.039927524162266,50.10152341973759,49.352626111113636,49.42719268798828,25362600
2023-12-08,49.27806045145812,49.34614168382446,48.707472941547856,48.90847396850586,34069500
2023-12-11,48.9992465233098,49.0997470292852,48.48053064393813,49.03166580200195,31883400
2023-12-12,49.025181939758156,49.180796708259685,48.70422810291384,49.07057189941406,21381900
2023-12-13,49.132164404355954,49.942657470703125,48.837144527509544,49.942657470703125,35348700
2023-12-14,49.770835718724065,49.9069981752498,49.25536250183417,49.333168029785156,30891300
2023-12-15,49.20673387547326,49.7513837048124,49.12892463691127,49.51796340942383,70003500
2023-12-18,49.71572729616877,50.273344115750014,49.64439968476154,50.24092483520508,26316000
2023-12-19,50.19877791845792,50.474345494925096,49.95562962038116,50.4224739074707,24417000
2023-12-20,50.38681344708349,50.62023374244663,49.803258998526935,49.832435607910156,21967800
2023-12-21,49.92644834212694,50.27010084878733,49.897271734166054,50.18580627441406,20087700
2023-12-22,50.39654088470332,50.94767608822786,50.302525710770915,50.785579681396484,19405500
2023-12-26,50.785576725441615,50.895805243790285,50.61050964813429,50.707767486572266,11679900
2023-12-27,50.675349822258774,51.20703641108243,50.62672090148985,51.18434143066406,19896000
2023-12-28,51.148674156082926,51.33022656023467,51.06114062375056,51.08383560180664,16776000
2023-12-29,51.07086711022417,51.24917685226951,50.950914295616016,51.109771728515625,21948300
2024-01-02,50.98009672101192,51.722508618366945,50.96064441106238,51.64146041870117,23539800
2024-01-03,51.797074905427905,51.96889931387074,51.524746277769566,51.64469909667969,18756000
2024-01-04,51.615522307409606,51.722508156101505,51.057901794335734,51.14543533325195,19282500
2024-01-05,51.19731241458608,51.255669350173136,50.44517614337048,50.80503463745117,21709500
2024-01-08,50.8017883146713,51.317261556441224,50.79530297446708,51.30429458618164,20680800
2024-01-09,51.200549594940384,51.65766959931812,51.135711035784276,51.64794158935547,23322300
2024-01-10,51.72899645206905,52.3579371900622,51.72899645206905,52.28985595703125,20121900
2024-01-11,52.30930424567911,52.484371320054045,51.92675081799293,52.23149871826172,14355300
2024-01-12,52.31579307560812,52.37090733753606,51.99483551445952,52.299583435058594,13629000
2024-01-16,52.338481885484654,52.649711421581095,52.27040065634785,52.46492004394531,17032500
2024-01-17,52.3190254336163,52.51678747554417,52.075877145906695,52.21852493286133,14827800
2024-01-18,52.24770838338972,52.97066795041075,52.09209361832987,52.92203903198242,18190500
2024-01-19,52.98363274873254,53.02902270552453,52.33847873560504,52.643226623535156,19175400
2024-01-22,52.77614622626948,52.8280178123226,52.357930868063384,52.64646911621094,13938300
2024-01-23,52.55893511650186,52.795598066347864,52.44546393605898,52.779388427734375,12066600
2024-01-24,52.811814887020205,52.866929149860624,51.97538406428066,52.03374099731445,22932900
2024-01-25,52.32551032059264,52.80208259284762,52.00779547242265,52.792354583740234,16369500
2024-01-26,52.860442059304845,53.29162442702302,52.734007607141216,53.25596618652344,15746400
2024-01-29,53.28190015676366,53.625548983096316,53.01281790185562,53.50559616088867,18240300
2024-01-30,53.395364398055875,53.75522281783326,53.045230277127246,53.68389892578125,15270000
2024-01-31,54.40037967974637,54.40037967974637,53.52828700101855,53.573673248291016,26134800
2024-02-01,53.71956831644778,54.57869409964978,53.55098657195224,54.56572341918945,20792700
2024-02-02,54.513857535209524,55.30165949895539,54.43929095535126,54.974220275878906,21670800
2024-02-05,55.116851721593456,55.116851721593456,54.487911073425224,54.6791877746582,19145100
2024-02-06,54.7213315782821,55.09740335304315,54.57544483207905,55.0520133972168,14181300
2024-02-07,55.201151182372094,55.32758563105635,54.85425969569209,54.91261291503906,17082600
2024-02-08,54.91261319692521,55.29192396522261,54.83480766734694,54.90937423706055,14427900
2024-02-09,54.91585756863095,55.02608609161034,54.76348546461746,54.88019561767578,14329800
2024-02-12,54.86398497198986,55.23032877502186,54.80562804145553,55.21087646484375,14795100
2024-02-13,55.314619633400106,55.4605101046291,54.552755417312675,54.834808349609375,18574200
2024-02-14,54.70837318571949,54.75051676828083,54.3160954211457,54.65974426269531,18484500
2024-02-15,55.048777184137236,55.06499053465432,54.455498410421995,54.88343811035156,16948800
2024-02-16,55.20763262644886,55.73931919966849,54.88343612068843,55.23032760620117,22373400
2024-02-20,57.86281793564071,58.793267684098296,56.80917639561751,57.01342010498047,71788500
2024-02-21,56.73460283658974,56.92264059143179,56.02136756661064,56.313148498535156,40501500
2024-02-22,56.371509948862816,56.88698694976338,56.18671854712062,56.86753463745117,29512800
2024-02-23,57.087977352324295,57.59372624772359,56.83510475969891,56.91615295410156,74365800
2024-02-26,57.499712231607184,58.199980562879226,56.585475907006675,57.966556549072266,32154800
2024-02-27,58.00546180702617,58.16107658122424,57.59697441606207,57.95683288574219,18012700
2024-02-28,57.91792265050438,58.122166326188506,57.684502366907815,57.98600387573242,14803300
2024-02-29,57.82066725964919,57.85957187860809,56.98423650277641,57.00368881225586,29245100
2024-03-01,57.188475080572886,57.237103994854955,56.604920688891376,57.14957046508789,19030900
2024-03-04,56.89670414011737,57.76231152400989,56.79944630086043,57.67477798461914,16033300
2024-03-05,58.22916175139196,58.686281804706326,57.94711250480886,58.39450454711914,19676900
2024-03-06,58.472305437855546,58.95860206523992,58.394499906751435,58.90997314453125,12698700
2024-03-07,59.32818568297869,59.39626691072104,58.69599861377274,58.705726623535156,16195300
2024-03-08,58.355591339317264,58.62791624498654,58.09299073307251,58.4723014831543,12143600
2024-03-11,58.45284786401161,59.04613028962078,58.22915188077591,58.997501373291016,14154000
2024-03-12,59.279559592571594,59.88256637140565,58.987782358306646,59.726951599121094,16613100
2024-03-13,59.58104970758422,59.77556906319546,59.211467013085795,59.600502014160156,15935200
2024-03-14,59.80349655474299,59.959641308562766,59.1398804203128,59.54976272583008,16584700
2024-03-15,59.21795654296875,59.67663340062799,59.00325610359043,59.21795654296875,50946300
2024-03-18,59.227717442022715,59.43266047473796,58.93494646743869,59.39362335205078,16801700
2024-03-19,59.50097415532104,59.598563240200875,59.13988635113875,59.40338134765625,12353600
2024-03-20,59.37410214488556,59.803499306955054,59.27651306530128,59.77422332763672,12007600
2024-03-21,59.80349641861024,60.17434160413226,59.579038568179286,59.96940231323242,14265900
2024-03-22,59.842539675185414,60.047478987104036,59.38386278612329,59.40338134765625,14029400
2024-03-25,59.403381942269085,59.52049331263909,58.90567164794405,59.11061096191406,14186600
2024-03-26,59.00325700434531,59.364344789318494,58.7787991428344,59.05205154418945,13738300
2024-03-27,59.40337595411671,59.579039269179,58.925184269724085,59.25699234008789,14363400
2024-03-28,59.198436956194215,59.30578717402178,58.7104841280941,58.72024154663086,17535100
2024-04-01,58.85687246129116,59.296027035782515,58.48602726328197,58.55434036254883,13837600
2024-04-02,58.45674512398245,58.65192325972786,57.461320995986796,57.73457336425781,19510100
2024-04-03,57.94928285100456,58.066390495338084,57.51988195047352,57.998077392578125,14615100
2024-04-04,58.10542429665528,58.36891927343412,57.861447879947235,58.06638717651367,14436100
2024-04-05,58.115184201659304,58.593379636891115,58.05663224172652,58.407955169677734,10335900
2024-04-08,58.16397824717295,58.59337913787546,57.988314923300976,58.33964157104492,11070100
2024-04-09,58.42746626281338,58.52505905486915,57.871200377840744,58.349395751953125,10013500
2024-04-10,58.18349526553823,59.296027138712304,57.959037407159656,59.159400939941406,15097600
2024-04-11,59.28627138133368,59.42289758393316,58.62265520632066,58.642173767089844,10987600
2024-04-12,58.55434135895579,59.25699464655438,58.50554681904694,58.69096755981445,12280600
2024-04-15,59.05205011340645,59.23747457222021,58.46650820389432,58.486026763916016,10557200
2024-04-16,58.58362174347957,58.837359326540714,58.33964530280503,58.39820098876953,14726300
2024-04-17,58.700725184810345,58.97397757015761,58.134698131980095,58.212772369384766,15329700
2024-04-18,58.38843823801156,58.49578473496765,57.79313518147422,57.83216857910156,12061500
2024-04-19,58.0175906485083,58.23228735635659,57.549156391224,58.09566116333008,14165800
2024-04-22,58.12494419585929,58.94470512379607,57.617472790680836,58.69096755981445,14910000
2024-04-23,58.798317846979444,58.895906926906164,57.14903857039532,57.66626739501953,17963900
2024-04-24,57.558926988063064,58.59338853648699,57.39302477934194,58.42748260498047,18529100
2024-04-25,58.60313259118397,59.07156684888206,58.38843588314602,58.75927734375,19263000
2024-04-26,58.66169282477876,58.93494523229243,58.554342601031294,58.710487365722656,11045200
2024-04-29,58.73000327979637,58.934942576195354,58.49578428192277,58.78855895996094,9785100
2024-04-30,58.749524064859266,58.84711314604485,57.73458124027605,57.92000198364258,14209200
2024-05-01,57.88097209220165,57.978561179300755,57.30518754363287,57.43205261230469,15464300
2024-05-02,57.51988014288229,58.446991294784524,57.16855722092224,58.27132797241211,17574100
2024-05-03,58.18349548798029,58.53482212775415,57.71506120921004,58.37867736816406,14207400
2024-05-06,58.554351408745994,58.554351408745994,57.959048240444744,58.42748260498047,11119400
2024-05-07,58.720242641903035,59.33506425915676,58.60313500335437,59.159400939941406,14520200
2024-05-08,59.169161404093984,59.3838581185113,58.76904023108053,58.847110748291016,11015700
2024-05-09,58.952882165903716,59.32501103480078,58.708061229779254,59.18790817260742,14550500
2024-05-10,59.15852792426646,59.325008095130606,58.913707000273355,59.22707748413086,12356600
2024-05-13,59.36417987990689,60.079056569137144,59.041018184950964,59.158531188964844,19260500
2024-05-14,59.26624972784695,59.295627043311114,58.20862154308695,58.61992263793945,18780100
2024-05-15,58.59054183959961,58.698259901788596,58.23799913230294,58.59054183959961,22240600
2024-05-16,62.88959718674659,63.08545092817372,61.6361115747231,62.6839485168457,60545600
2024-05-17,62.90917814523787,63.53591906919646,62.311818270363354,63.31068801879883,29330400
2024-05-20,63.0854555360597,63.41841588641549,62.54685023645297,62.85042953491211,15001400
2024-05-21,63.19317634310966,63.83950717521495,63.11483185351961,63.80033493041992,17131700
2024-05-22,63.633862508750354,64.32915308721492,63.38904156683992,63.89826583862305,14879400
2024-05-23,63.819907615461304,64.16265536613723,63.22254404799441,63.496742248535156,16222900
2024-05-24,63.780745174220606,64.3291491308851,63.6632359109896,64.02556610107422,11795000
2024-05-28,63.86887923102851,64.11370013732878,63.39881980354189,63.69260787963867,13349600
2024-05-29,63.40860828005567,63.859077805252745,63.310681421767676,63.5750846862793,11538600
2024-05-30,63.584883757470195,63.8199097269466,63.428194796925354,63.545711517333984,13051900
2024-05-31,63.33027434315134,64.53479656741526,62.83084504137459,64.39769744873047,27632200
2024-06-03,64.15286827306699,64.47602617048173,63.810120520450944,64.4564437866211,11578700
2024-06-04,64.62291993984928,65.25945574720554,64.46623845557086,65.22028350830078,14780800
2024-06-05,65.19091008390113,65.75889637487484,64.90691693841427,65.70013427734375,14982700
2024-06-06,65.67075646406866,66.04288901734726,65.38676332074483,65.75889587402344,13256000
2024-06-07,66.00372854861448,66.17020499880446,64.28018699646579,64.51521301269531,20213200
2024-06-10,65.79807637544826,65.93517550028662,64.89712966335654,65.57283782958984,21659500
2024-06-11,65.56303132201428,65.57282624958496,64.97546268056425,65.34759521484375,13367500
2024-06-12,65.46510860787431,65.55324801891324,64.53479215591659,64.93629455566406,11704700
2024-06-13,64.92652211315387,65.37699178668811,64.5837667892679,65.31822967529297,11196600
2024-06-14,65.16153979400987,65.71973121700088,64.92651379257731,65.631591796875,12590100
2024-06-17,65.53365835864673,66.04289002733954,65.03422908951559,66.02330017089844,12103000
2024-06-18,66.22896228022174,66.46399577718088,65.90580429675254,66.1995849609375,12093500
2024-06-20,65.95475106532568,66.71859110222711,65.90579136657168,66.60108184814453,13860800
2024-06-21,66.84590636448128,67.1298995294136,66.42481408149084,66.50315856933594,25883000
2024-06-24,66.64025143217866,67.60974009640022,66.49335739909276,67.47264099121094,12470400
2024-06-25,65.77847926477259,66.18977659394214,65.17132819923879,66.02330017089844,20869200
2024-06-26,66.00372042465153,67.1788578325016,65.81765413772773,66.87528228759766,14177500
2024-06-27,66.87528001630771,67.1592731656835,66.26812147577932,66.47377014160156,12899200
2024-06-28,66.46399337463298,66.68922446189885,65.92538430274959,66.30730438232422,18816700
2024-07-01,66.48357184123064,66.82631965250988,65.85683085165091,66.08206939697266,8666000
2024-07-02,66.04289738236221,66.6696383741356,65.86662601146709,66.65984344482422,9436500
2024-07-03,66.40523212976682,66.8361193928728,66.21917328816033,66.82632446289062,6287500
2024-07-05,66.74796941692642,68.69674156208518,66.68920732424002,68.58901977539062,21586100
2024-07-08,68.4519242976721,68.68695026682423,67.91331533571841,68.23648071289062,12077700
2024-07-09,68.4519271850586,68.79467496105899,68.22668866292052,68.4519271850586,9758400
2024-07-10,68.64777201425639,68.98073229012216,68.27564697307952,68.95135498046875,10803400
2024-07-11,68.72613668618908,68.99054002211818,67.82519739244393,68.35401153564453,15624800
2024-07-12,68.4519261699721,68.57923035021552,67.73704584376567,67.80559539794922,12145300
2024-07-15,67.86437787030418,68.52049629609641,67.86437787030418,68.16795349121094,10171100
2024-07-16,68.37359313081923,68.78489052475612,68.1385671159042,68.54006958007812,9836800
2024-07-17,68.72613537404776,69.62707465059188,68.5008968192406,69.55852508544922,13533800
2024-07-18,69.21577562880452,69.71521243241408,68.97095469172915,69.35287475585938,10682700
2024-07-19,69.72499166279965,69.85230331671467,69.18639014759545,69.28431701660156,11665500
2024-07-22,69.39204125919471,69.78375622036387,68.77509523850878,68.92198181152344,12666100
2024-07-23,69.01012237589848,69.23535343916603,68.6575796521095,69.18639373779297,9263600
2024-07-24,69.05908379393713,69.37245428161246,68.8828124276609,69.1374282836914,22490800
2024-07-25,69.1374137142475,69.30389011638715,68.50087794398038,68.56942749023438,18821200
2024-07-26,68.77510142318545,68.78488888137227,67.40410267147557,68.33441925048828,16789300
2024-07-29,68.40296544367175,68.45193261756131,67.69787997917594,68.177734375,10315300
2024-07-30,68.10918028203011,68.40296089179255,67.55098890500611,67.75663757324219,12522500
2024-07-31,67.74683924415652,67.81538879679424,66.87527744433099,67.21802520751953,22908800
2024-08-01,67.4824483627765,68.3540103227692,67.10052081778989,68.3442153930664,17275500
2024-08-02,68.15814616092977,68.78488715085643,66.33667782416109,67.04176330566406,23578700
2024-08-05,66.68921796410898,67.15927742389314,65.52387545056155,66.18978118896484,20770500
2024-08-06,66.43459678900899,67.20823174064729,66.27791529586281,66.336669921875,14815100
2024-08-07,66.4639683018787,66.60106738275864,65.42592279777963,65.52385711669922,18499200
2024-08-08,65.4553115823811,66.51293965291336,65.28883516516979,66.25833129882812,12489800
2024-08-09,66.44440100004405,66.80673867753703,65.93517673699917,66.54232788085938,13805600
2024-08-12,66.92424407657361,67.7860185091436,66.65984076652525,67.27678680419922,17385300
2024-08-13,67.01238551778304,67.18865688691886,65.7491086175333,66.71859741210938,26557900
2024-08-14,66.51294222850444,67.36492167464803,66.44439267338998,67.23761749267578,22928600
2024-08-15,72.5845153357851,72.89788584166364,71.27227120587096,71.66398620605469,49567500
2024-08-16,71.3968513239869,72.29054319324739,71.22007751977262,72.13340759277344,19872100
2024-08-19,72.0744806648993,72.65390878706803,72.0253739198785,72.39856719970703,13709300
2024-08-20,72.42803251796526,73.410107535158,72.39857146627152,73.20387268066406,14434000
2024-08-21,73.95024886859825,74.2252286637209,73.2529690404319,73.89131927490234,14832000
2024-08-22,74.01900012144492,74.85376242563032,73.80294240897945,74.22523498535156,16511100
2024-08-23,74.24486498706287,74.45109982818414,73.66544436095603,74.34307098388672,12299100
2024-08-26,74.53950821596747,74.84394912639156,74.21542160591913,74.66717529296875,9508200
2024-08-27,75.07962929477692,75.07962929477692,74.4118180080414,74.76536560058594,11557800
2024-08-28,74.91267480723424,75.05998754594138,74.45109838918253,74.71626281738281,9814300
2024-08-29,74.627885928464,75.09928528066214,74.3136221912114,75.05017852783203,11856800
2024-08-30,75.06981718108459,76.08135325629372,74.85375947712967,75.84565734863281,23230000
2024-09-03,75.94386350578989,76.41525532206359,75.42336494119535,75.78672790527344,22666100
2024-09-04,75.94385939366387,76.09117213801206,75.35461590890857,75.85546875,18442800
2024-09-05,75.86530041583967,76.0617124360422,75.02071524221991,75.58049774169922,13082900
2024-09-06,75.52156932119746,75.93403902472673,74.93232581720741,75.26622772216797,14548600
2024-09-09,75.47247484285084,76.08136414178387,75.11892718445606,75.95368957519531,22260200
2024-09-10,75.96351007151091,77.4857295253674,75.89476511187705,77.3973388671875,17686300
2024-09-11,76.9750499052181,77.5053714014946,76.17957140712285,77.42680358886719,19518800
2024-09-12,77.5741130331247,78.47762785426232,77.21075002744506,78.23210906982422,14877700
2024-09-13,78.38922562437179,79.24363356544404,78.26155857265931,79.15524291992188,12994100
2024-09-16,79.39093131123529,79.5677050929223,78.7034818783619,79.11595153808594,15346400
2024-09-17,78.33030404045425,78.8213415400939,76.85719154153533,77.19109344482422,21065900
2024-09-18,77.23038699275853,77.98658903255742,76.8768393494362,77.61339569091797,15684900
2024-09-19,77.6330417748898,77.67231818644201,76.1009994820028,76.64114379882812,21525700
2024-09-20,76.8277286186696,78.18298938730803,76.7098769242777,77.6428451538086,39534300
2024-09-23,77.65268178524562,78.99812743765291,77.65268178524562,78.89009857177734,12147300
2024-09-24,79.03740223210688,79.45969479749579,78.80169882865407,79.22399139404297,14651100
2024-09-25,79.44004996735268,80.1373223517372,79.23381510656047,79.94091033935547,14163800
2024-09-26,79.5873533788702,79.7444814718001,77.83926119894139,78.4874267578125,17061100
2024-09-27,78.46778912900079,78.85079775582116,78.17316365022951,78.34993743896484,11899100
2024-09-30,78.45797377130327,79.48915555280267,78.42851271914122,79.30255889892578,18997000
2024-10-01,79.2338117649389,80.06857402131281,78.99811586149352,79.813232421875,16054200
2024-10-02,79.53825613871032,79.53825613871032,78.68385564117379,78.98829650878906,16618300
2024-10-03,78.86062944973963,79.13560926470026,78.41869118200604,78.98829650878906,11640400
2024-10-04,78.61510487124293,79.65610194875997,78.41868538034706,79.48915100097656,11583400
2024-10-07,79.24363979305953,79.48915856055059,77.56429232253726,77.68213653564453,16791600
2024-10-08,78.19282106233922,78.38923308252829,77.65267676786185,78.28120422363281,15270000
2024-10-09,78.38923406115096,79.05704542782445,78.32048910396273,78.9588394165039,12413000
2024-10-10,78.87044822442786,78.88027107328455,78.03568589492961,78.18299865722656,10812700
2024-10-11,78.27137595269252,78.69366851021975,77.94729689109451,78.6642074584961,9570700
2024-10-14,78.61511127430678,79.06686490120566,78.33030860878918,78.8508071899414,9914500
2024-10-15,79.22397993270809,80.35336755979107,79.06685184577584,80.18641662597656,13276200
2024-10-16,80.06857813786209,80.19625269046394,79.17489373283944,79.7641372680664,11123300
2024-10-17,79.81322636489973,80.03910689584465,79.20434470282032,79.4400405883789,9424700
2024-10-18,79.42041585567716,80.22571713615993,79.21418098425774,79.85252380371094,12324100
2024-10-21,79.77395791956398,80.08822162920596,79.2730975567278,79.36148071289062,9750400
2024-10-22,79.65609751653827,80.7560241264407,79.38111773722191,80.5497817993164,12240100
2024-10-23,80.42212109525468,81.84612684721985,80.33373794178156,81.77738189697266,13058200
2024-10-24,81.4729534910881,81.82650114426576,81.09976763168447,81.55152130126953,11645900
2024-10-25,81.70864017004132,81.80685366795828,80.96226853581042,81.03101348876953,8959400
2024-10-28,81.2667007446289,81.59078727090687,80.9917209620793,81.2667007446289,7990200
2024-10-29,81.18813329752486,81.37472993332278,80.20605835987206,80.23551940917969,9682400
2024-10-30,80.1373261792361,80.36320674763773,79.84270814659205,79.93109130859375,9268800
2024-10-31,79.83288293722165,80.96227076055948,79.76413798237351,80.48104858398438,15539000
2024-11-01,81.05066068153434,81.05066068153434,80.07840838396183,80.71675872802734,12181800
2024-11-04,80.72657289168806,81.42385282926126,80.53016086225023,80.97209167480469,11731000
2024-11-05,81.19796342642613,82.26842160799728,81.03101247028641,82.18003845214844,10612500
2024-11-06,83.61387591924435,84.00670746953931,80.58908272240339,81.94435119628906,19974000
2024-11-07,82.21931781433334,82.87730624701761,81.92469232582289,82.34698486328125,12665800
2024-11-08,82.76928867841143,83.88885369907683,82.72018941872797,83.30943298339844,14396500
2024-11-11,83.42727207057064,83.87903318476431,82.61215547767556,82.7005386352539,10433200
2024-11-12,82.98533807895629,83.99687413719136,82.98533807895629,83.466552734375,12860200
2024-11-13,83.46654691007969,84.25220985779245,83.25048922482682,83.9674072265625,12802600
2024-11-14,83.50584651207048,84.22276464864036,82.82821227953826,82.95588684082031,15740700
2024-11-15,83.01479454621264,83.26031328436784,82.43537392063227,82.73981475830078,17370600
2024-11-18,83.29960175406067,83.3290628054345,82.16039864265895,82.57286834716797,25093800
2024-11-19,84.6843359965137,86.70740822906191,84.37007227599516,85.04769897460938,36340900
2024-11-20,85.04768904314994,85.63693251373343,84.3700624236657,85.61729431152344,18183200
2024-11-21,85.8824652860175,87.05113706338574,85.37178952609236,86.80561828613281,18729200
2024-11-22,87.80733443464011,89.2804470200026,87.33593511056336,88.8188705444336,23990600
2024-11-25,88.87778882074622,89.31971958025836,87.46359840208696,87.89571380615234,25078600
2024-11-26,88.27871888384561,90.23304598572558,88.22961213805148,89.67326354980469,16657000
2024-11-27,90.35090682099279,90.5964255895281,89.67327262219112,90.2330551147461,14358900
2024-11-29,90.60623070099203,90.97941645876053,90.17411535531724,90.84192657470703,11041200
2024-12-02,91.15621260355746,91.3231635762093,90.30180454932501,90.97943878173828,17173000
2024-12-03,91.11692133798132,91.9123997255798,90.60624561211714,91.8338394165039,17775200
2024-12-04,91.77490589448152,92.82572584639661,91.38208188798582,92.7569808959961,17312600
2024-12-05,93.18909674957861,93.88636910494394,92.64895249905169,93.59175109863281,21932300
2024-12-06,93.8274452623331,94.45597265530705,93.62121041394829,93.98457336425781,18803500
2024-12-09,93.94530090867192,94.22028071808128,91.92222125311845,92.14810180664062,20931100
2024-12-10,92.36417177071533,93.53283611581294,92.08918443217117,92.85520935058594,13164500
2024-12-11,92.8453657116833,93.97475339102787,92.8060818149732,93.2578353881836,19682100
2024-12-12,93.96495344326922,94.00423734955294,92.40345001220703,92.40345001220703,14298600
2024-12-13,92.32273039122208,93.18886841392016,91.574697661615,92.76564025878906,11495900
2024-12-16,92.9329676019574,94.20265215622621,92.6180076162717,93.37588500976562,16742000
2024-12-17,93.64163201296424,93.98611833342886,92.834546558202,93.91722106933594,23560800
2024-12-18,93.83848570699179,94.38967136723285,91.66329192194303,92.0766830444336,24665600
2024-12-19,92.99203181545501,93.08061079533483,91.88966806288313,91.92903900146484,16606500
2024-12-20,91.54518519441237,92.27352881258612,90.18691404437814,90.78730773925781,49350600
2024-12-23,90.0589529700807,90.0589529700807,87.509746867493,88.92706298828125,26205400
2024-12-24,88.9467504121406,91.22036743164062,88.92706119032273,91.22036743164062,8992400
2024-12-26,91.08258106874483,91.4172227772236,90.71840552489564,91.32864379882812,10994000
2024-12-27,90.67902989431401,90.8955662870597,89.59635543982382,90.21643829345703,11384400
2024-12-30,89.30108420656227,89.63572589593208,88.71052768069386,89.14360046386719,9790200
2024-12-31,89.14359937722838,89.50777489584294,88.6416293400544,88.92706298828125,11267700
2025-01-02,88.5628988525675,89.17312960166795,88.11013683265386,88.58258056640625,14820400
2025-01-03,88.7302282296729,89.86211836975698,88.72038361718825,89.35030364990234,10834600
2025-01-06,89.3995098685725,91.01368072251604,89.24202612221784,89.99005889892578,14519900
2025-01-07,90.25580447712738,90.49203009965035,89.02549085279774,89.37982177734375,11238000
2025-01-08,89.67509728544312,90.40344082599857,89.38966363229234,90.35423278808594,13453600
2025-01-10,91.03336926286799,92.10620671495674,90.74793558312399,91.53533935546875,18140900
2025-01-13,90.66920534531555,90.97432075411558,89.66526511436184,90.08849334716797,18617100
2025-01-14,90.41327835716763,90.53139115553749,89.14359393433266,89.3601303100586,13549200
2025-01-15,89.63572955891348,90.28533876021989,89.37982222119535,89.90147399902344,17348200
2025-01-16,90.05895349111222,90.27548988131211,88.70069001063756,89.86210632324219,13267700
2025-01-17,90.61998483251833,90.80699491631812,89.61605216574009,90.49203491210938,15868200
2025-01-21,91.0235180942538,92.75579411094533,90.85618974975115,91.61406707763672,23247500
2025-01-22,92.29320765126391,92.5195886722931,91.06289397211108,91.76171875,15567100
2025-01-23,91.49595362799167,92.33256530761719,90.86603371562155,92.33256530761719,14198400
2025-01-24,92.06682145567596,93.51367134450929,91.98807958884093,93.26760864257812,14973800
2025-01-27,94.38966668031252,95.92509574428422,93.32667386252962,95.86604309082031,18880600
2025-01-28,95.6987216998925,96.29910786165367,95.20659623246564,95.75777435302734,14641600
2025-01-29,95.89555739406318,96.62390089600633,95.68886562361597,95.9644546508789,11261400
2025-01-30,96.15146411681427,97.37193301970609,95.88571219270631,97.09634399414062,11012200
2025-01-31,97.4408341875208,97.4408341875208,96.16130507833289,96.61406707763672,16391200
2025-02-03,95.24595660811963,98.21839854125429,94.95068584267318,97.97233581542969,20484200
2025-02-04,98.39556429086443,99.36012597373328,98.11997523861619,99.1829605102539,15201200
2025-02-05,99.06483731982226,100.96444152609031,98.95656913895435,100.84632873535156,15926700
2025-02-06,100.91524173929189,101.39752256892966,100.3345373232927,101.2302017211914,13088500
2025-02-07,101.37784668243535,101.48611488642753,99.51761300909868,99.5569839477539,12451100
2025-02-10,100.34437063278772,101.30893976484413,99.65539804506028,101.2990951538086,15274600
2025-02-11,101.00383268316054,101.23020619086316,100.2459552653142,100.85619354248047,11953600
2025-02-12,100.511701642309,102.26366699107952,100.43295977041774,101.97823333740234,15162100
2025-02-13,102.36208720473954,103.58255614190172,101.89948810916312,103.39555358886719,12604400
2025-02-14,103.64162462840886,103.64162462840886,101.96839356292257,102.4014663696289,14109500
2025-02-18,102.08650093991146,102.35224536945039,100.89555829412933,102.14555358886719,18247300
2025-02-19,102.21445193126252,102.55893823588177,100.9349302984998,102.36209106445312,18508000
2025-02-20,97.22430502159163,98.54320516388218,95.15737958409488,95.67903137207031,55450900
2025-02-21,95.00973143323733,95.32469139851693,92.63769083737117,93.28729248046875,35014800
2025-02-24,92.6967484954846,93.14950300072293,90.66919407871335,92.19477844238281,29755900
2025-02-25,92.86406467949725,96.36800275457169,92.75579648702585,96.1514663696289,29331200
2025-02-26,96.16131291939072,97.17509768570574,94.5569866057808,94.6849365234375,19069700
2025-02-27,94.38965760683324,96.49595381594476,94.30107112591426,95.26564025878906,16431500
2025-02-28,96.24989092672556,97.303039029336,95.63965270017785,97.05697631835938,25451300
2025-03-03,96.43690430158534,97.92311772026811,95.30501429037712,96.05303955078125,18372200
2025-03-04,94.25186326994104,95.52154776446947,92.97233416434983,93.47430419921875,25227700
2025-03-05,93.47431869381609,94.87195331193267,93.25778227228606,94.46841430664062,17639000
2025-03-06,93.30699700772027,94.6751052853102,92.69675868959993,93.1495132446289,19957800
2025-03-07,92.46053572524325,92.47037282799334,89.33061743504112,90.27549743652344,35913200
2025-03-10,88.3463616590463,88.8089607770968,85.24596986527742,86.4369125366211,35148800
2025-03-11,85.91524998285887,87.94280415119866,85.76761086659666,86.0628890991211,28687600
2025-03-12,86.4959700077974,87.69675735751832,83.54321718424973,83.8581771850586,33301600
2025-03-13,83.60226986081665,84.10423238921949,82.54912174842526,83.16919708251953,31507800
2025-03-14,83.62194875025003,84.02549519080773,82.73612151057027,84.00580596923828,35500600
2025-03-17,83.78927422703711,86.60423232831462,83.64164260328059,86.08258056640625,26297800
2025-03-18,86.06291296494861,86.29913111093062,84.15346355272546,84.2420425415039,17850900
2025-03-19,84.59636253947453,85.42313720700412,84.2715654468536,84.97038269042969,24555900
2025-03-20,84.45856475830078,85.70856756847122,84.17313110487004,84.45856475830078,18185500
2025-03-21,84.16741187598663,85.10502242611054,83.67393501692962,84.85828399658203,26797200
2025-03-24,85.34189745948515,86.50650326062815,85.22346029111365,86.34858703613281,17900700
2025-03-25,85.62810509222246,86.17092510912858,83.51602477730523,83.6541976928711,27908600
2025-03-26,84.07859187497363,84.4437599412046,83.46667784284189,84.09832763671875,27228800
2025-03-27,83.67394626261165,84.98659669128824,83.67394626261165,84.51285552978516,16782800
2025-03-28,84.3154541050097,84.71023708729578,83.59497459759821,84.03910827636719,14790600
2025-03-31,83.65419999168381,87.0493156915615,83.26928864062168,86.64466857910156,30269300
2025-04-01,86.39793317538026,87.9474502795631,86.23015284311083,87.67110443115234,22080300
2025-04-02,87.04930597793278,88.97387004834515,86.97035541129203,88.58895874023438,19384100
2025-04-03,85.15437163513813,88.70740376643664,85.15437163513813,86.12158966064453,33012900
2025-04-04,84.52272439458476,86.249893576564,81.57173458630672,82.10469055175781,36209000
2025-04-07,79.19316782991429,85.13463369953219,78.76877741065586,82.73633575439453,36884900
2025-04-08,84.7299838937979,85.83537488233137,79.97286678524401,80.72295379638672,34351700
2025-04-09,82.24286365100548,89.61540989326633,81.93690284641417,88.43106079101562,46632800
2025-04-10,87.5724090057897,90.67144315911969,87.00984567298417,89.4278793334961,34735300
2025-04-11,89.49697251688066,92.13213740375794,88.83571526599117,91.58931732177734,25508100
2025-04-14,92.05318139157302,94.19487694818149,91.6880132896935,93.494140625,27742900
2025-04-15,93.58295828979439,94.77717147495933,92.64535519900221,92.74404907226562,21871200
2025-04-16,92.7736425049379,93.06973160998226,89.4278702552868,90.00030517578125,22229100
2025-04-17,90.63196484331499,92.64535140075573,90.42470545900103,92.00382995605469,21393900
2025-04-21,91.8064416450877,92.85261782167855,90.14835891506273,91.20440673828125,18361200
2025-04-22,91.66826394467752,94.04682615762754,91.66826394467752,93.61256408691406,15407800
2025-04-23,93.78033755432959,95.3397262123756,92.93156429714395,93.72112274169922,18046900
2025-04-24,93.474390340126,94.96469263619657,92.43809340301178,94.58964538574219,13444500
2025-04-25,94.5501700418538,95.21142723166082,93.12895426566968,93.84942626953125,15317200
2025-04-28,93.85930026582314,94.74756014818428,93.10921330628933,93.97773742675781,12950000
2025-04-29,93.60269167183121,94.9252136354757,93.18817289675177,94.78704071044922,12679000
2025-04-30,94.6883400158722,96.50433120241145,93.6915146744245,95.98124694824219,21639900
2025-05-01,95.75424889814083,96.62277301168427,95.3298584871665,96.13916778564453,13171800
2025-05-02,96.67212671712159,97.92556232491957,96.57343283796955,97.4616928100586,16031400
2025-05-05,97.64920728886501,98.43876577785694,97.2445526334922,98.03411865234375,12439100
2025-05-06,97.45182122629832,98.17230085130947,97.12613217787168,97.2643051147461,10626000
2025-05-07,97.26429593699483,97.93542479414086,97.02742161339533,97.54064178466797,11301300
2025-05-08,97.46168368982984,98.03411867714907,96.08981856736935,96.15890502929688,14461100
2025-05-09,95.71864383569856,96.16384381105718,95.26354834700207,95.68896484375,13697800
2025-05-12,96.62882645777246,96.92563144772407,94.60068418665125,95.71863555908203,26783900
2025-05-13,95.47130363264385,96.28256207661522,94.21484523759068,94.85791015625,19746700
2025-05-14,95.00631553690384,96.29246050935247,94.80845056332632,95.79779052734375,25620100
2025-05-15,93.29477151124377,95.6889726663112,90.91045832225747,95.32291412353516,44026100
2025-05-16,95.11515168932605,98.13264185744112,94.97664468633705,97.19276428222656,33746200
2025-05-19,95.61971226988156,97.23233374853503,94.78866274697121,97.07404327392578,20041600
2025-05-20,97.50935456397795,97.76658509479262,95.49109992203016,96.75746154785156,15609600
2025-05-21,96.09458879440777,96.7178778077327,94.95685386468855,95.40205383300781,15742300
2025-05-22,95.51087710748885,95.92639806376692,94.79855115497523,94.90737915039062,13712200
2025-05-23,94.32367872801746,95.51089134182969,93.98730672701338,95.31301879882812,13668600
2025-05-27,96.2627809413004,96.757450920345,95.55045496378584,96.539794921875,17180900
2025-05-28,96.48043654750698,97.19276257785366,96.02534103880005,96.20342254638672,11220100
2025-05-29,96.58926754327672,96.72777454812226,95.81758350254715,96.0649185180664,14338000
2025-05-30,95.92641525420453,97.87541646019486,95.57025221412174,97.66765594482422,29980100
2025-06-02,97.78636488671441,98.84496596435731,97.00479290575488,98.70645141601562,16999200
2025-06-03,98.50858207069692,99.81451054985153,97.51924208503237,98.91421508789062,15598600
2025-06-04,98.72623607250827,99.06260803773945,98.26124508098816,98.29092407226562,11115600
2025-06-05,98.24146816361728,98.52837013050272,96.56948109472154,96.9157485961914,15817100
2025-06-06,97.32139213123924,97.50936162484929,95.93631442787272,96.43098449707031,15599300
2025-06-09,96.36171611842039,96.80691609276688,95.73842709665722,96.41117858886719,13655700
2025-06-10,96.25289089251675,97.04435837508058,95.45152789635209,96.2825698852539,17162500
2025-06-11,96.25290035831509,96.25290035831509,94.33357812652999,94.7787857055664,16389600
2025-06-12,93.87847267010386,94.24453119003525,92.43403716550216,93.8191146850586,17845700
2025-06-13,93.51241478000134,94.30388981024015,93.00785680758776,93.43327331542969,18694700
2025-06-16,93.73996947837647,94.75898851936913,93.09689693804098,93.28487396240234,14881700
2025-06-17,92.94848765178511,93.80921614752151,92.62201119649511,93.24529266357422,14935600
2025-06-18,93.56187864014535,94.47206958135065,93.08699214365379,94.07633209228516,11333700
2025-06-20,94.22473580549673,95.28332926221843,94.18516130127496,95.0953598022461,20604900
2025-06-23,94.89748097789334,96.88605628158022,94.65014600398428,96.82669830322266,20432400
2025-06-24,96.68820378053174,98.0534902951319,96.21331724828603,96.955322265625,22403700
2025-06-25,97.26202340767922,97.50935843418482,96.11439280968757,96.22322082519531,11154700
2025-06-26,95.86703813015173,96.302342554878,94.89748170386274,94.99641418457031,19361400
2025-06-27,95.29323088677975,96.71788293787218,95.13494040780581,96.23310089111328,31431900
2025-06-30,96.19353838843084,97.09383392770928,95.28333978692199,96.7376708984375,17803000
2025-07-01,96.55958725482957,98.13264185744112,96.38150574412006,97.19276428222656,15635800
2025-07-02,97.08393439025473,97.33126939766214,96.02534086047362,96.5694808959961,12502000
2025-07-03,96.65851725211223,97.43020881062064,96.38150325329322,97.31148529052734,7686200
2025-07-07,97.1828681415606,98.29092407226562,96.57937015870236,98.29092407226562,12930900
2025-07-08,97.76658482527586,98.11285233807236,95.48121169275333,96.05502319335938,16875000
2025-07-09,96.11437939201265,96.25288638367478,95.35258338980604,95.77799987792969,13702600
2025-07-10,95.62961582366852,95.74833180259057,93.73007713219184,93.84880065917969,18894800
2025-07-11,93.99719766364633,94.51165115426579,93.22551365368447,93.3936996459961,14595000
2025-07-14,93.50252890236736,94.81834541352832,93.37390986694398,94.75898742675781,13779100
2025-07-15,94.58090656030123,94.75898806988687,93.92794605719756,94.3731460571289,10450800
2025-07-16,94.40282252372278,94.8084555533908,93.60145952607118,94.13570404052734,11181600
2025-07-17,94.06644412740549,94.61057657031387,93.8784671217848,94.07633209228516,11165100
2025-07-18,94.07634827348895,94.4621978640412,93.42338772007622,94.03678131103516,14636300
2025-07-21,94.24453624349606,95.60982280920157,94.0862382108003,94.65016174316406,13450400
2025-07-22,94.8183286700594,95.63948256635375,94.71939619355669,94.8282241821289,9049100
2025-07-23,94.98652578718692,95.26353975113128,94.27419985243604,94.66004180908203,9729700
2025-07-24,94.5512248287979,95.9264068443071,94.33356881804417,95.57024383544922,14991500
2025-07-25,95.80769537911895,96.6090660239041,95.50100235159763,96.43098449707031,12868500
2025-07-28,96.2429968746826,97.08393439025473,96.04513188798283,96.5694808959961,12293100
2025-07-29,96.7376593234421,97.66764129393907,96.30234732907078,97.28179931640625,14034300
2025-07-30,97.55881359853628,97.82593206532574,96.25288515942863,96.5496826171875,13864100
2025-07-31,96.40129472482225,97.57860422522722,96.27267569044558,96.93553924560547,15651300
2025-08-01,96.95532710148613,97.77648117316716,96.62884306603719,97.44010162353516,16750400
2025-08-04,97.15319162801667,98.84496978606587,97.15319162801667,98.52837371826172,19050200
2025-08-05,98.60752105436944,99.3989961142571,97.8556280503483,98.25135803222656,17977000
2025-08-06,98.39975870482596,102.58467036252021,98.39975870482596,102.25818634033203,23738400
2025-08-07,102.35711630331805,102.79242832213986,101.02150880237373,102.02074432373047,12509500
2025-08-08,102.26807407218243,103.6036815045167,102.0504180739525,102.62423706054688,12394700
2025-08-11,102.79243404291347,103.21785057187478,102.01085448746987,102.82211303710938,12856700
2025-08-12,103.13870052241693,103.19805851021431,102.26808399310445,102.51541900634766,17915300
2025-08-13,101.06108254248757,101.71404301770609,99.77493752284313,99.91344451904297,19398500
2025-08-14,100.1409913616483,100.35864735924059,99.64632138459852,99.77493286132812,10858400
2025-08-15,99.78980679478263,99.92863728693919,98.70891116789309,99.16506958007812,13604900
2025-08-18,99.16507752510616,100.03772748367689,99.08574364731928,99.8592300415039,11656100
2025-08-19,100.11705885651001,101.57478667016757,99.95839867060097,100.44430541992188,16999000
2025-08-20,100.30547319188467,101.7929492919155,100.08730882003567,101.71361541748047,18655000
2025-08-21,98.5799954655264,98.61965483400428,96.1405281909605,97.14209747314453,51825100
2025-08-22,97.25119024061061,98.22301131941312,95.95213015921999,96.02154541015625,32695200
2025-08-25,96.19011876268009,96.76527798960507,95.26788330078125,95.26788330078125,18956100
2025-08-26,95.47612993277961,95.66454599024999,94.62330970991675,95.24805450439453,22270400
2025-08-27,95.09931169931751,95.51580321283323,94.80181343783768,95.2778091430664,12925700
2025-08-28,95.19846634167718,95.7637069329531,94.90096810808168,95.30754852294922,19241600
2025-08-29,95.29763818922808,96.21987371478201,95.00014749544312,96.17029571533203,15600300
2025-09-02,96.41820900522224,97.03302764892578,95.70421923061612,97.03302764892578,15351300
2025-09-03,97.03302028019843,98.60974884033203,96.68594404548175,98.60974884033203,18995900
2025-09-04,99.07583035198164,100.50380229145934,98.81799903783775,100.08731079101562,15640900
2025-09-05,100.23606278624915,100.63272461189501,98.71883830142164,99.67082214355469,13748500
2025-09-08,100.00797973024643,101.50537452764463,99.58156959187589,101.42604064941406,13685700
2025-09-09,101.1483792291619,101.63428599137798,100.70213940589949,101.43595886230469,11819700
2025-09-10,101.09878302167938,101.59460835786358,99.55181039380685,99.57164764404297,17934900
2025-09-11,100.14680957440117,101.9218653682149,99.44273843255802,101.79295349121094,15900800
2025-09-12,101.68387318876428,103.11185275123853,101.50537574345499,102.62593841552734,11641900
2025-09-15,102.78459759008946,103.11184414010981,102.54660353811761,102.82426452636719,10756900
2025-09-16,102.9829286790064,103.33992355358478,102.26893892984964,102.5565185546875,14481900
2025-09-17,102.86392934799532,105.22405526529236,102.86392934799532,103.3994140625,25382000
2025-09-18,102.91351330621639,103.76633355383453,101.26737700046856,102.73501586914062,14869400
2025-09-19,102.943255232715,103.07217466386432,101.23761484327676,101.47561645507812,34791600
2025-09-22,101.59460387773832,102.33834184921722,101.06903025507093,101.96151733398438,12861900
2025-09-23,101.55495735990907,101.82269973461295,100.48397272970382,101.66403198242188,13158700
2025-09-24,102.1796932441854,102.606103365375,101.62437125033651,101.87228393554688,11391800
2025-09-25,102.35819215489026,102.64577178176096,101.72353627686351,102.18961334228516,13366700
2025-09-26,102.02102224213012,102.62592978001715,101.61444938550616,102.29869079589844,11859300
2025-09-29,102.18961966697317,102.44744343196348,101.22771716445344,102.21936798095703,15477200
2025-09-30,102.14002730177343,103.07218142826827,101.86236630214387,102.19952392578125,13873400
2025-10-01,101.7036925151355,102.0011907489098,99.71048007220848,101.10870361328125,16142800
2025-10-02,100.60296317287771,101.28720459515596,99.03616077500212,100.85087585449219,15605400
2025-10-03,100.6128887355816,101.96153442180619,100.35505741053113,101.2177963256836,11867500
2025-10-06,101.02937598212222,102.2094427990993,100.73188529566816,101.842529296875,13303600
2025-10-07,101.52520099057331,102.387939866122,100.1071401164341,102.37802124023438,15538900
2025-10-08,102.1598486460141,102.39785025400097,101.29711740556779,102.04085540771484,13584100
2025-10-09,102.26893363886118,102.58626155921415,99.53198316295229,100.9202880859375,19508000
2025-10-10,101.19796126043559,102.76476368306976,100.67238001192419,100.98970794677734,18519400
2025-10-13,100.52363410690805,101.59461111217333,100.22613587085442,101.26737213134766,10871200
2025-10-14,103.18126040188707,107.01894384474026,102.03094193560398,106.31487274169922,30859500
2025-10-15,106.42395289236927,108.64524834345669,106.40412320726159,108.11967468261719,21416300
2025-10-16,108.28825695012095,108.6650890704717,104.77782001529076,105.5810546875,16366200
2025-10-17,106.27520633823076,107.29660537404432,105.33314117615089,106.83053588867188,13735600
2025-10-20,106.94953557042113,107.3461973972683,105.71989071632049,106.15621948242188,10581200
2025-10-21,106.43387809258782,106.58262722001473,105.29347820324139,105.33314514160156,10899700
2025-10-22,105.66039778798736,106.8702054319519,104.7778291643559,106.24546813964844,12296500
2025-10-23,106.45370305908594,106.67186742754667,104.89681173452796,105.9677963256836,11408200
2025-10-24,106.17604892345969,106.27521248851819,104.62907612460074,105.28356170654297,10318000
2025-10-27,105.45213749919137,105.47197475105114,103.28042749362606,103.5977554321289,16375900
2025-10-28,103.1911699012466,103.27050377338249,102.18960813688516,102.30860137939453,13323000
2025-10-29,102.05078535407756,102.80443449922815,101.25746170416691,101.60453796386719,11986400
2025-10-30,101.34670896449828,102.5069461530686,101.108714890351,101.37646484375,14065100
2025-10-31,100.85088305196206,101.24754488399289,99.3435771690791,100.3352279663086,20237000
2025-11-03,99.97822306298148,100.9500440758614,99.56173158561626,100.74179077148438,14811700
2025-11-04,101.27728431295115,101.7631986082678,100.61288015285842,101.4161148071289,12636400
2025-11-05,100.89054510776005,101.82269923305391,100.00797654620536,100.622802734375,13356800
2025-11-06,100.49388187397508,101.0789597419063,99.19482183188099,100.83104705810547,14866000
2025-11-07,101.2772781932102,102.11026867363725,100.88062398563869,101.73343658447266,17248700
2025-11-10,101.29712274632084,101.8127777927579,100.75171182304594,101.56486511230469,14507600
2025-11-11,101.6442008637206,102.87384566309207,101.46570342786872,102.57635498046875,13182100
2025-11-12,102.48710247969544,102.7350151647289,101.8028686136755,102.57635498046875,12084400
2025-11-13,102.72510485966085,103.06227007277798,101.16821337417035,101.68387603759766,18088500
2025-11-14,99.363404275502,101.6342854500628,98.054425559783,101.62437438964844,23424200
2025-11-17,101.7235405195123,102.45735999051881,101.24754480829215,102.09044647216797,15289400
2025-11-18,102.12019322023994,102.47718051461632,100.53354603517187,100.54346466064453,17604500
2025-11-19,100.73189151387763,100.86080339606266,98.84775345391428,99.76998901367188,22157000
2025-11-20,103.07218240777652,107.00903713519567,101.82270033187463,106.21571350097656,50375900
2025-11-21,107.07844542131552,107.24702422377177,103.84566203582295,104.4406509399414,41420800
2025-11-24,104.48032640372462,105.382724676061,102.89368667466971,103.19117736816406,42519200
2025-11-25,103.7365763126644,106.52311225066933,103.35975178491562,106.10662078857422,20212900
2025-11-26,106.30495661869999,108.67500128911136,106.27520830692245,108.18909454345703,17783300
2025-11-28,108.38742955512716,109.77573454685668,108.0899313050738,109.58732604980469,9846500
2025-12-01,109.58732028049906,110.82688364763897,109.4385711633034,110.59880065917969,17236800
2025-12-02,110.53931192483859,111.70946012952888,109.86498910237817,111.47146606445312,18711800
2025-12-03,111.56071626815458,113.93076110184019,111.28305525150952,113.45477294921875,24478300
2025-12-04,112.67136458124708,113.93075774555678,112.21520612938312,113.88117218017578,25905100
2025-12-05,113.7720935914494,115.29922908481308,113.72250802779567,114.14891815185547,23956400
2025-12-08,113.61342390958818,114.02991540070049,111.36238007988572,112.61185455322266,22700700
2025-12-09,112.9985942054707,114.75382018074308,112.0763587521143,114.09932708740234,24326700
2025-12-10,114.38691141934537,115.2595689131506,112.04661506618633,112.23503112792969,22859600
2025-12-11,112.19537005342097,114.90258004573666,111.90779041572479,114.55549621582031,21586600
2025-12-12,114.53064990474235,116.20995062110511,114.29216313914,115.96153259277344,19092400
2025-12-15,116.19008548018503,116.70679166550624,114.90824748947732,116.05097198486328,18713700
2025-12-16,115.84229954829863,116.1403966407218,114.22260911311066,114.68963623046875,19642300
2025-12-17,114.47103521690063,115.6535075692186,114.34186055918953,114.92813110351562,16177800
2025-12-18,114.28223195026295,115.74293117077572,113.88476158845212,114.1033706665039,21476700
2025-12-19,114.41141563622197,114.55052913668048,112.81160279983192,113.6363525390625,50043800
2025-12-22,113.28856304881552,113.5965989869235,111.50988900463958,111.88748168945312,21473900
2025-12-23,111.28134118455755,111.63906376256772,109.99950321020724,110.1982421875,20319900
2025-12-24,110.19824125270196,111.00311325583881,109.85045752178584,110.90374755859375,9009600
2025-12-26,111.01305835867431,111.26147640635087,110.65533576353072,111.03292846679688,9003800
2025-12-29,110.88387782930283,112.06635018040782,110.86400772087431,111.81793212890625,12979600
2025-12-30,111.18197541149836,111.97691615789977,111.13228877192947,111.21178436279297,11730600
2025-12-31,111.02299952366522,111.53970573794,110.61559027802463,110.70502471923828,11487400
2026-01-02,110.72489243926468,112.07628722420678,110.41685648631017,112.04647827148438,14306600
2026-01-05,112.10610020561853,113.01034556998538,111.44034163383571,111.99679565429688,19557600
2026-01-06,111.6887515152225,114.06362735444141,111.28134229354983,113.61647033691406,20120800
2026-01-07,113.46743616962135,114.00402009206742,111.39065723379576,112.0067367553711,23306000
2026-01-08,110.58577977699265,112.75198547093393,109.11514158890155,112.3545150756836,24058300
2026-01-09,111.5496424227033,114.72939040539957,111.5496424227033,113.8052749633789,21902900
2026-01-12,116.75648359482942,118.08800070497459,115.67338453488601,117.2235107421875,49182100
2026-01-13,117.14401708234668,119.74744102068244,116.98503346977147,119.598388671875,31222100
2026-01-14,119.4294631115365,120.4728143638468,118.27679973056455,119.28041076660156,32764000
2026-01-15,119.22078750049863,120.10515510460003,117.97869731708465,118.44571685791016,34559400
2026-01-16,117.91907714432112,119.83686477713616,116.1602807010803,118.94255828857422,415144600
2026-01-20,120.12502982400424,120.8504138546603,116.86578627056709,117.95882415771484,45334000
2026-01-21,117.33280669962144,119.72755258604145,116.80616168473357,118.60470581054688,34811700
2026-01-22,118.5351491309384,118.76368947509202,116.90552744651671,117.08438873291016,24547300
2026-01-23,117.4222340816893,117.85945224596018,116.39875299816131,116.98502349853516,20806900
2026-01-26,117.06452182318199,118.09794184181264,116.64718131021117,116.89559936523438,19552200
2026-01-27,116.75648146215053,116.88565611669372,114.74926698887573,116.20002746582031,22968600
2026-01-28,115.9019236934497,116.71673458641514,115.13679944245614,115.83236694335938,16342000
2026-01-29,115.71312126722275,116.91547126537773,115.33552857148821,116.66705322265625,16381100
2026-01-30,116.17021609330482,118.6543964981968,115.86217256793869,118.38610076904297,22215400
2026-02-02,118.74382819114838,123.41408451015249,118.2966787324989,123.27497100830078,31210100
2026-02-03,122.86757156808676,127.35896666858129,122.86757156808676,126.9018783569336,32018700
2026-02-04,127.31922282526648,128.59112201817152,126.28579525463465,127.1900405883789,27531800
2026-02-05,127.76637104032507,128.77992091186104,125.75914898632793,126.13674926757812,30517800
2026-02-06,126.48453780231957,130.86662835064288,126.24605859221587,130.34991455078125,26593400
2026-02-09,130.58840535909283,130.9560592399128,127.27947494500727,128.20359802246094,27197300
2026-02-10,128.12409316288472,128.5215559695187,125.59022607444933,125.89826202392578,24662000
2026-02-11,125.8982534995816,128.9190252095116,125.82869675501851,127.95516204833984,19232100
2026-02-12,128.56130425130252,133.63896941128445,128.49173992475252,132.79434204101562,33382700
2026-02-13,131.86029804059163,133.79795580009971,130.9163124820861,133.0427703857422,24131200
2026-02-17,132.2677060470971,133.83770992949184,127.34903173050178,128.03466796875,37995900
2026-02-18,127.3192184434441,128.0545261364593,124.97414396319746,125.81877136230469,36485000
2026-02-19,127.68687656798352,129.2767581387821,123.61282210032576,124.07984924316406,42993300
2026-02-20,122.2216774308809,122.69864341020512,120.28401972356986,122.21173858642578,35151000
2026-02-23,122.73838295121597,125.99763403293146,122.18192896266022,125.0138931274414,25662800
2026-02-24,125.10333241055824,127.22978274649306,124.11959904808133,125.94795227050781,20161200
2026-02-25,125.80883572262361,126.59383765709305,124.62636339864703,124.95427703857422,17345700
2026-02-26,125.18281645574825,126.5242722955503,123.15572443024259,123.63268280029297,18638300
2026-02-27,124.7257266802137,127.7862463456887,124.35807283147619,127.14035034179688,29205500
2026-03-02,126.6534531765271,127.93529117845694,126.24605153126585,126.29573059082031,17091500
2026-03-03,125.71939755733719,127.55768952555978,124.87477774286918,127.1006088256836,16480400
2026-03-04,126.30566848445152,127.35895854492821,125.44117097864785,127.00123596191406,16434100
2026-03-05,124.58660988390555,124.88471455763423,120.88021705605856,122.52970886230469,28604900
2026-03-06,121.72483997684311,123.40414835839945,120.85041120253811,123.01661682128906,21553000
2026-03-09,122.90731130268519,123.72212216670478,121.7248390120394,123.55319213867188,19375900
2026-03-10,123.42401703226977,125.30205679217917,122.56945837546142,124.32826232910156,18793600
2026-03-11,124.51706314970588,124.69592445210162,122.27136939654707,122.70858001708984,18176500
2026-03-12,121.52610846065774,124.59655180269601,121.50623077198969,124.53693389892578,21751600
2026-03-13,124.59654412433483,125.88832088794078,124.17920366142822,125.71939086914062,15194100
2026-03-16,125.95788848185292,126.17649757585889,124.0401008586876,125.19275665283203,20463200
2026-03-17,125.84857814131549,126.38516200705068,124.06990409965162,124.28851318359375,19895000
2026-03-18,123.54326565096648,123.82149265219844,121.05908516694213,121.20813751220703,19734900
2026-03-19,121.62547670106409,121.9732604488496,118.51527791672632,120.32376098632812,17927700
2026-03-20,120.11267095203482,120.77980340519143,117.51386342792303,118.50957489013672,57545600
2026-03-23,119.96332476326309,120.6105311603868,118.53945701557436,120.2022933959961,22181500
2026-03-24,120.11267237339288,123.57775164543796,119.97327337476743,121.5265884399414,17269600
2026-03-25,122.28332158646774,122.96040568100192,121.25774000136643,122.5322494506836,16597300
2026-03-26,123.07989646568718,123.26908407753929,121.26770187867585,121.6560287475586,16442500
2026-03-27,121.50667121934119,123.73706281720824,121.2975727192295,122.36298370361328,16543300
2026-03-30,123.17946593024719,124.72282175854535,122.61191069212204,122.97036743164062,20428900
2026-03-31,122.90067127683216,124.46393803468071,122.31319753903699,123.74702453613281,21330400
2026-04-01,123.26908398407669,124.69295170112571,122.60195152051088,124.20504760742188,17039700
2026-04-02,124.61329457014496,125.36007818810826,123.61758307952722,125.25054931640625,11898400
2026-04-06,125.27046098723343,126.43544921201666,124.83235309436085,126.24626159667969,10850400
2026-04-07,125.64883587786862,125.81810500867212,121.26770378426845,121.9646987915039,16076000
2026-04-08,121.75560200398522,126.75407802915461,120.80967910989078,126.71424865722656,20194300
2026-04-09,126.5449729094413,129.13382892812444,126.27613414268549,128.57623291015625,13853100
2026-04-10,128.16798319572484,128.3770740986961,125.67870449039047,126.2263412475586,13894000
2026-04-13,125.7484068642315,125.75836610634965,123.41843799251608,124.03578186035156,14510600
2026-04-14,122.62186441060769,124.6630682888762,122.02443907054557,124.51371765136719,15320800
2026-04-15,124.09551297917481,124.53362843999257,122.6517344420986,124.22496032714844,17001400
2026-04-16,123.79680202016537,125.39989800566107,123.43834530311818,124.28469848632812,18324500
2026-04-17,124.03578154691039,127.02291605403354,122.84093078273148,126.95321655273438,24763700
2026-04-20,127.32162554080053,128.91476233764277,126.77398120594438,127.37140655517578,18933600
2026-04-21,127.28179126346117,129.21347382827898,126.93329378957013,129.04420471191406,17312400
2026-04-22,129.44249538849513,129.89056252616956,128.28746639862413,129.42257690429688,17624500
2026-04-23,130.01006058126703,131.89195474809972,129.93040183639,131.4637908935547,16376000
2026-04-24,131.3741802679442,131.5534010485827,128.72558398059354,129.3628387451172,16016300
2026-04-27,129.0641091249569,129.25329672529196,126.85363615844955,127.04281616210938,17029500
2026-04-28,128.7853111434159,129.2134749536506,126.236292344555,127.04281616210938,16341800
2026-04-29,126.13673092490012,127.53072851993346,125.37003642580345,127.46102142333984,16538800
2026-04-30,127.47097677790696,131.86205247381216,127.40126968759333,131.36419677734375,19867700
2026-05-01,131.35424902710434,132.79802755099445,130.41827785906025,131.03562927246094,10480900
2026-05-04,129.85073112523145,131.184980793923,129.12385084272057,129.7710723876953,10340700
2026-05-05,129.95029746503022,131.16506666440955,129.74120656624018,130.22909545898438,10637300
2026-05-06,130.29880952835424,130.58755918277944,128.9745113895137,129.52215576171875,16371500
2026-05-07,129.34291559643376,130.03992578938778,128.11819472617847,129.64163208007812,14935400
2026-05-08,130.00876182540105,131.09615490642528,129.93892170087017,130.1184844970703,15183700
2026-05-11,129.86908129064437,130.28809159221544,126.078161470576,127.28527069091797,18699200
2026-05-12,127.77411337890135,130.80684636812944,127.41497254390816,130.0386962890625,17935400
2026-05-13,128.88145249754132,132.21347178099205,128.46245742797677,131.156005859375,13786600
2026-05-14,131.04626733311213,132.4628740535408,130.5474615066649,132.14364624023438,14200400
2026-05-15,133.370718441355,133.6300920185431,130.47763520803812,131.1360626220703,25323000
2026-05-18,131.20589996372777,133.15123980716794,130.81683199503976,133.02154541015625,17183200
2026-05-19,132.62250083152645,134.83720000658067,131.7445976710087,133.87948608398438,16957100
2026-05-20,132.59256841371314,133.3307912944098,130.01872852306576,130.53749084472656,28471600
2026-05-21,124.11287667694504,125.49955634698999,120.10247333459152,121.05020141601562,53006600
2026-05-22,121.05020179855521,121.65874555336691,118.62601263875648,119.98275756835938,30330600
2026-05-26,120.40175901085303,120.7608998332451,117.63837032806804,118.28681945800781,28796600
2026-05-27,118.04739180401025,119.14476312868733,117.7580835037564,118.25688934326172,22062200
2026-05-28,118.67588972926788,118.88538727788863,117.04978535977911,118.61603546142578,21613100
2026-05-29,117.82792078519188,118.79560537078089,114.4360394170558,115.47355651855469,42191000
2026-06-01,114.45599596944092,115.70301061927668,113.28878447270287,114.32630157470703,26176200
2026-06-02,113.59804869184103,114.2963738476551,112.46077194598762,112.78997802734375,27366400
2026-06-03,112.82988291877398,117.00987842073164,112.69021788821831,116.61083221435547,32880600
2026-06-04,119.613646228699,119.6535516106658,117.00987904195799,117.45880126953125,22870400
2026-06-05,118.06734397851143,120.60127862714496,117.8179410518094,118.59607696533203,36638100
2026-06-08,117.96758725033519,119.89297819658464,117.86782759941948,119.54381561279297,19514100
2026-06-09,120.09249452554428,120.21221067038364,117.71818140336323,118.59607696533203,23959000
2026-06-10,119.42409874531984,120.53144836950996,117.2493048793001,120.30199432373047,22414900
2026-06-11,120.28204412446155,121.56896414963192,119.17469451236548,120.21221160888672,22438000
2026-06-12,120.30199331731838,121.31956153106478,119.2445273327187,120.75092315673828,14753500
2026-06-15,119.45402587409166,121.19984639362677,118.29680023038142,120.53144836425781,20722500
2026-06-16,120.85068180556274,122.64638592602697,119.59368892123778,120.7409439086914,23060700
2026-06-17,119.29441143534011,120.72099650095431,117.16949359825468,117.84786987304688,21711100
2026-06-18,117.91769943609961,118.19703710439678,116.52104915047984,116.90013885498047,36526800
2026-06-22,116.68066306404786,118.11722634202617,116.67068481595824,116.90013885498047,17053900
2026-06-23,119.42409682225845,119.96280805869026,116.06214262146445,119.1347885131836,23411400
2026-06-24,119.27444989955788,120.11244766768499,118.64595728184237,118.71578979492188,20600100
2026-06-25,117.18944517738683,118.29679475023023,115.10443280997809,115.50347900390625,20384700
2026-06-26,117.00988117029624,117.5984684398727,114.81513078924051,115.41370391845703,36636000
2026-06-29,116.19183823088373,116.521051925122,113.92725536452491,114.32630157470703,20367000
2026-06-30,113.69780533850943,114.33627621015661,112.66028826928947,112.989501953125,23034000
2026-07-01,109.86697325528867,110.4455898652017,106.99385431305828,108.56010437011719,40391400
2026-07-02,109.06889129541543,112.18143499412129,108.89929912950869,111.57289123535156,29512200
2026-07-06,111.13394332246972,112.10162787550183,109.10879281804488,110.38573455810547,29523300
2026-07-07,112.70019805055621,113.22893104823599,111.03418829265145,111.27361297607422,19941400
2026-07-08,112.879763389333,113.58806677051842,111.54295977706508,112.82987976074219,19892000
2026-07-09,110.9743243964893,112.49069845667856,110.77480509912543,111.94200897216797,20464500
2026-07-10,111.68262805970767,113.88735663998979,111.66267917439362,113.62797546386719,12461700
2026-07-13,114.4559909872762,115.26405400962003,113.7377093624492,114.50586700439453,17043400
2026-07-14,114.80515288534225,115.60323765516023,113.22892461903017,113.4284439086914,14682000
2026-07-15,112.9795273843265,114.4559960800755,111.80234524929674,112.26124572753906,16467900
2026-07-16,113.4883080789502,115.31393168866141,113.28878117408205,114.67546081542969,20777600
2026-07-17,116.68066042641807,117.80795887752032,113.32868459435743,113.96715545654297,28289800
2026-07-20,113.68782844769808,114.12678003138565,111.87217545768125,111.9320297241211,17738900
2026-07-21,111.24368590747915,111.53299422190634,109.62755216828454,110.12635803222656,22717000
2026-07-22,109.26840509292803,109.73728379602602,108.4603420750963,109.06888580322266,23494800
2026-07-23,107.25323944858002,108.30072720057487,106.5349577836844,108.14111328125,21516800
2026-07-24,107.86178281776185,109.33824391357957,107.7520449187408,109.20855712890625,18405900
2026-07-27,109.6574762821653,112.24129454403212,109.62754914894079,111.47312927246094,19008700
2026-07-28,113.68782641652693,115.75288229471273,112.57049859218158,112.82987976074219,24867900
2026-07-29,112.95957874459346,114.41609094683764,112.18143520726511,113.94721221923828,23480000
2026-07-30,111.34343984797607,112.76004660224154,110.1762360128914,110.83465576171875,28747000
2026-07-31,110.25604146581917,111.64272872771201,109.62754883637642,110.93441772460938,22799100
2026-08-03,112.82987844246247,113.01942709548517,109.89690530598047,110.44558715820312,23942500
2026-08-04,108.7496500450106,111.41327137152663,108.30072022776788,111.28358459472656,29620000
2026-08-05,112.18143131502696,112.88974231161649,111.09403822804457,112.07169342041016,21446300
2026-08-06,113.79756871801911,114.2863963302149,110.77480642096445,111.8023452758789,23203100
2026-08-07,110.3458340692701,112.02182208019414,110.23609617007118,111.58287048339844,18819300
2026-08-10,110.8147094920761,112.43083557535391,110.49547405243835,112.39093780517578,19144000
2026-08-11,112.17146067312872,113.06930510370103,111.92205775104237,112.989501953125,17005800
2026-08-12,112.10162714074723,115.77283842494558,112.011838131802,115.7329330444336,22054700
2026-08-13,115.89254862146954,116.04219189774759,114.53579610924879,115.4436264038086,16822200
2026-08-14,115.38377313696229,116.17187968391663,114.36620493839823,114.99469757080078,14520000
2026-08-17,114.05694580078125,114.90491421100516,113.64792135646756,114.05694580078125,18131100
2026-08-18,116.02224469044766,116.03221532748336,114.2065916862473,114.92486572265625,20675000
2026-08-19,114.91489714259141,116.59088514655902,113.71775850480114,114.02702331542969,34286600
2026-08-20,106.12592986973321,106.74445186354434,102.60436178772362,103.59199523925781,83633100
2026-08-21,103.69000244140625,104.27999877929688,102.1500015258789,103.69999694824219,44454200
2026-08-24,104.13999938964844,106.5999984741211,104.0,106.48999786376953,35616300
2026-08-25,105.58000183105469,106.06999969482422,104.4000015258789,105.37999725341797,27032500
2026-08-26,105.51000213623047,106.08999633789062,104.08000183105469,104.33999633789062,28409400
2026-08-27,103.61000061035156,103.75,102.2699966430664,102.62999725341797,29816600
2026-08-28,103.08999633789062,103.4000015258789,102.5,103.08999633789062,19420800
2026-08-31,103.08000183105469,104.98999786376953,102.83999633789062,104.87000274658203,34188700
2026-09-01,105.11000061035156,106.63999938964844,104.66000366210938,105.91999816894531,22074600
2026-09-02,105.97000122070312,106.77999877929688,105.45999908447266,106.08999633789062,25181800
2026-09-03,106.41999816894531,109.3499984741211,106.0199966430664,108.41999816894531,25541200
2026-09-04,108.19999694824219,109.2300033569336,106.93000030517578,107.13999938964844,20540500
2026-09-08,106.77999877929688,106.9000015258789,105.66000366210938,106.05000305175781,22664800
2026-09-09,105.69000244140625,106.1500015258789,105.16000366210938,105.83000183105469,15460800
2026-09-10,106.16999816894531,107.16000366210938,105.58999633789062,105.7300033569336,17174900
2026-09-11,106.19999694824219,107.20999908447266,105.72000122070312,107.1500015258789,17068600
2026-09-14,108.08000183105469,109.73999786376953,108.0,109.08000183105469,23877400
2026-09-15,108.61000061035156,109.23999786376953,107.86000061035156,108.08999633789062,19316300
2026-09-16,108.31999969482422,108.68000030517578,107.44999694824219,107.5,15150900
2026-09-17,107.80000305175781,107.80000305175781,106.1500015258789,106.79000091552734,19216200
2026-09-18,106.23999786376953,107.72000122070312,106.16999816894531,106.7300033569336,45337600
2026-09-21,106.16000366210938,107.76000213623047,106.08000183105469,107.44000244140625,23966900
